timestamp,elapsed_s,segment,roots_V,grounded_roots_V
2026-08-16 06:32:11.248,0.004,lower,-0.0462499999999999,0.635
2026-08-16 06:32:11.261,0.016,lower,0.051875000000000115,0.6662500000000005
2026-08-16 06:32:11.271,0.026,lower,-0.004374999999999796,0.6618750000000007
2026-08-16 06:32:11.281,0.036,lower,0.004374999999999796,0.645
2026-08-16 06:32:11.291,0.046,lower,0.06624999999999992,0.673125
2026-08-16 06:32:11.301,0.056,lower,-0.11874999999999969,0.625
2026-08-16 06:32:11.311,0.066,lower,0.06000000000000005,0.6700000000000006
2026-08-16 06:32:11.321,0.076,lower,-0.02874999999999961,0.663125
2026-08-16 06:32:11.331,0.086,lower,-0.016249999999999876,0.6481250000000005
2026-08-16 06:32:11.341,0.096,lower,0.07000000000000006,0.6793749999999998
2026-08-16 06:32:11.351,0.106,lower,-0.1112499999999994,0.6268750000000001
2026-08-16 06:32:11.361,0.116,lower,0.05562500000000026,0.673125
2026-08-16 06:32:11.371,0.126,lower,-0.005625000000000213,0.6612499999999999
2026-08-16 06:32:11.381,0.136,lower,0.008749999999999591,0.6362500000000004
2026-08-16 06:32:11.391,0.146,lower,0.07000000000000006,0.6768750000000001
2026-08-16 06:32:11.401,0.156,lower,-0.11812500000000004,0.6262500000000004
2026-08-16 06:32:11.411,0.166,lower,0.06125000000000047,0.6737499999999996
2026-08-16 06:32:11.421,0.176,lower,-0.0318750000000001,0.6581250000000005
2026-08-16 06:32:11.431,0.186,lower,-0.01187500000000008,0.6393749999999998
2026-08-16 06:32:11.441,0.196,lower,0.06687500000000068,0.675
2026-08-16 06:32:11.451,0.206,lower,-0.11062499999999975,0.6231249999999999
2026-08-16 06:32:11.461,0.216,lower,0.0593750000000004,0.6668750000000001
2026-08-16 06:32:11.471,0.226,lower,-0.006249999999999867,0.6593749999999998
2026-08-16 06:32:11.481,0.236,lower,0.015625000000000222,0.6425000000000003
2026-08-16 06:32:11.491,0.246,lower,0.07187500000000013,0.6800000000000006
2026-08-16 06:32:11.501,0.256,lower,-0.11375000000000024,0.6300000000000006
2026-08-16 06:32:11.511,0.266,lower,0.050000000000000044,0.6656249999999997
2026-08-16 06:32:11.521,0.276,lower,-0.03562500000000024,0.6537499999999996
2026-08-16 06:32:11.531,0.286,lower,-0.008749999999999591,0.6418750000000006
2026-08-16 06:32:11.541,0.296,lower,0.07125000000000048,0.6768750000000001
2026-08-16 06:32:11.551,0.306,lower,-0.11187500000000017,0.6262500000000004
2026-08-16 06:32:11.561,0.316,lower,0.05437499999999984,0.6693749999999998
2026-08-16 06:32:11.571,0.326,lower,-0.01187500000000008,0.6618750000000007
2026-08-16 06:32:11.581,0.336,lower,-0.031249999999999334,0.6468750000000001
2026-08-16 06:32:11.591,0.346,lower,0.06937500000000041,0.6793749999999998
2026-08-16 06:32:11.601,0.356,lower,-0.11187500000000017,0.6306250000000002
2026-08-16 06:32:11.611,0.366,lower,0.055000000000000604,0.6725000000000003
2026-08-16 06:32:11.621,0.376,lower,-0.03687499999999955,0.6581250000000005
2026-08-16 06:32:11.631,0.386,lower,-0.0031249999999993783,0.6506250000000002
2026-08-16 06:32:11.641,0.396,lower,0.0737500000000002,0.6787500000000002
2026-08-16 06:32:11.651,0.406,lower,-0.10499999999999954,0.6300000000000006
2026-08-16 06:32:11.661,0.416,lower,0.06125000000000047,0.6737499999999996
2026-08-16 06:32:11.671,0.426,lower,-0.010624999999999662,0.6606250000000002
2026-08-16 06:32:11.681,0.436,lower,-0.026874999999999538,0.6400000000000006
2026-08-16 06:32:11.691,0.446,lower,0.07062499999999972,0.6806250000000003
2026-08-16 06:32:11.701,0.456,lower,-0.1143749999999999,0.6287500000000001
2026-08-16 06:32:11.711,0.466,lower,0.04874999999999963,0.6656249999999997
2026-08-16 06:32:11.721,0.476,lower,-0.043124999999999414,0.6574999999999998
2026-08-16 06:32:11.731,0.486,lower,-0.0031249999999993783,0.6406250000000002
2026-08-16 06:32:11.741,0.496,lower,0.07000000000000006,0.6793749999999998
2026-08-16 06:32:11.751,0.506,lower,-0.11937499999999934,0.6293749999999998
2026-08-16 06:32:11.761,0.516,lower,0.0593750000000004,0.6625000000000003
2026-08-16 06:32:11.771,0.526,lower,-0.016249999999999876,0.6556249999999997
2026-08-16 06:32:11.781,0.536,lower,-0.024999999999999467,0.643125
2026-08-16 06:32:11.791,0.546,lower,0.07000000000000006,0.6743750000000004
2026-08-16 06:32:11.801,0.556,lower,-0.1112499999999994,0.625
2026-08-16 06:32:11.811,0.566,lower,0.05125000000000046,0.6681250000000005
2026-08-16 06:32:11.821,0.576,lower,0.003750000000000142,0.6700000000000006
2026-08-16 06:32:11.831,0.586,lower,0.001875000000000071,0.6474999999999997
2026-08-16 06:32:11.841,0.596,lower,0.07125000000000048,0.6756249999999997
2026-08-16 06:32:11.851,0.606,lower,-0.11624999999999996,0.6274999999999997
2026-08-16 06:32:11.861,0.616,lower,0.061875000000000124,0.6725000000000003
2026-08-16 06:32:11.871,0.626,lower,-0.0187499999999996,0.6625000000000003
2026-08-16 06:32:11.881,0.636,lower,-0.021249999999999325,0.6487500000000002
2026-08-16 06:32:11.891,0.646,lower,0.06500000000000061,0.6774999999999998
2026-08-16 06:32:11.901,0.656,lower,-0.11375000000000024,0.6274999999999997
2026-08-16 06:32:11.911,0.666,lower,0.053750000000000187,0.6700000000000006
2026-08-16 06:32:11.921,0.676,lower,0.0012500000000004174,0.6625000000000003
2026-08-16 06:32:11.931,0.686,lower,0.003750000000000142,0.6331249999999999
2026-08-16 06:32:11.941,0.696,lower,0.0737500000000002,0.6793749999999998
2026-08-16 06:32:11.951,0.706,lower,-0.1100000000000001,0.6312499999999999
2026-08-16 06:32:11.961,0.716,lower,0.06500000000000061,0.6725000000000003
2026-08-16 06:32:11.971,0.726,lower,-0.022499999999999742,0.6618750000000007
2026-08-16 06:32:11.981,0.736,lower,-0.015625000000000222,0.6374999999999997
2026-08-16 06:32:11.991,0.746,lower,0.06937500000000041,0.6806250000000003
2026-08-16 06:32:12.001,0.756,lower,-0.11249999999999982,0.6287500000000001
2026-08-16 06:32:12.011,0.766,lower,0.053750000000000187,0.6656249999999997
2026-08-16 06:32:12.021,0.776,lower,-0.004374999999999796,0.6556249999999997
2026-08-16 06:32:12.031,0.786,lower,0.005625000000000213,0.6381250000000005
2026-08-16 06:32:12.041,0.796,lower,0.06874999999999964,0.6743750000000004
2026-08-16 06:32:12.051,0.806,lower,-0.11812500000000004,0.6231249999999999
2026-08-16 06:32:12.061,0.816,lower,0.06062499999999971,0.6668750000000001
2026-08-16 06:32:12.071,0.826,lower,-0.02874999999999961,0.6643750000000004
2026-08-16 06:32:12.081,0.836,lower,-0.011249999999999316,0.6468750000000001
2026-08-16 06:32:12.091,0.846,lower,0.07312500000000055,0.6774999999999998
2026-08-16 06:32:12.101,0.856,lower,-0.10750000000000037,0.6256249999999997
2026-08-16 06:32:12.111,0.866,lower,0.056875000000000675,0.6681250000000005
2026-08-16 06:32:12.121,0.876,lower,-0.006249999999999867,0.663125
2026-08-16 06:32:12.131,0.886,lower,0.010624999999999662,0.645
2026-08-16 06:32:12.141,0.896,lower,0.07062499999999972,0.6774999999999998
2026-08-16 06:32:12.151,0.906,lower,-0.11687499999999962,0.6268750000000001
2026-08-16 06:32:12.161,0.916,lower,0.0506249999999997,0.6700000000000006
2026-08-16 06:32:12.171,0.926,lower,-0.030000000000000027,0.6625000000000003
2026-08-16 06:32:12.181,0.936,lower,-0.009375000000000355,0.635
2026-08-16 06:32:12.191,0.946,lower,0.06874999999999964,0.6793749999999998
2026-08-16 06:32:12.201,0.956,lower,-0.1100000000000001,0.6256249999999997
2026-08-16 06:32:12.211,0.966,lower,0.05750000000000033,0.6712499999999999
2026-08-16 06:32:12.221,0.976,lower,-0.007500000000000284,0.6612499999999999
2026-08-16 06:32:12.231,0.986,lower,-0.03750000000000031,0.6374999999999997
2026-08-16 06:32:12.241,0.996,lower,0.07312500000000055,0.6787500000000002
2026-08-16 06:32:12.251,1.006,lower,-0.1100000000000001,0.6300000000000006
2026-08-16 06:32:12.261,1.016,lower,0.0506249999999997,0.6668750000000001
2026-08-16 06:32:12.271,1.026,lower,-0.03375000000000017,0.6562500000000004
2026-08-16 06:32:12.281,1.036,lower,-0.008749999999999591,0.6356249999999997
2026-08-16 06:32:12.291,1.046,lower,0.07000000000000006,0.6774999999999998
2026-08-16 06:32:12.301,1.056,lower,-0.10687499999999961,0.625
2026-08-16 06:32:12.311,1.066,lower,0.06000000000000005,0.665
2026-08-16 06:32:12.321,1.076,lower,-0.012499999999999734,0.6543750000000004
2026-08-16 06:32:12.331,1.086,lower,-0.03562500000000024,0.6412499999999999
2026-08-16 06:32:12.341,1.096,lower,0.06874999999999964,0.6743750000000004
2026-08-16 06:32:12.351,1.106,lower,-0.11499999999999955,0.6274999999999997
2026-08-16 06:32:12.361,1.116,lower,0.05125000000000046,0.6687500000000002
2026-08-16 06:32:12.371,1.126,lower,-0.03750000000000031,0.6668750000000001
2026-08-16 06:32:12.381,1.136,lower,-0.0024999999999997247,0.6412499999999999
2026-08-16 06:32:12.391,1.146,lower,0.0737500000000002,0.6756249999999997
2026-08-16 06:32:12.401,1.156,lower,-0.11562500000000031,0.6281250000000005
2026-08-16 06:32:12.411,1.166,lower,0.06000000000000005,0.6687500000000002
2026-08-16 06:32:12.421,1.176,lower,-0.014374999999999805,0.6618750000000007
2026-08-16 06:32:12.431,1.186,lower,-0.026249999999999885,0.6443750000000004
2026-08-16 06:32:12.441,1.196,lower,0.06750000000000034,0.6787500000000002
2026-08-16 06:32:12.451,1.206,lower,-0.11562500000000031,0.6256249999999997
2026-08-16 06:32:12.461,1.216,lower,0.055000000000000604,0.6693749999999998
2026-08-16 06:32:12.471,1.226,lower,0.010624999999999662,0.6606250000000002
2026-08-16 06:32:12.481,1.236,lower,-0.001875000000000071,0.635
2026-08-16 06:32:12.491,1.246,lower,0.07249999999999979,0.6774999999999998
2026-08-16 06:32:12.501,1.256,lower,-0.11312499999999948,0.6274999999999997
2026-08-16 06:32:12.511,1.266,lower,0.056875000000000675,0.6625000000000003
2026-08-16 06:32:12.521,1.276,lower,-0.017500000000000293,0.6525000000000003
2026-08-16 06:32:12.531,1.286,lower,-0.023124999999999396,0.6362500000000004
2026-08-16 06:32:12.541,1.296,lower,0.06874999999999964,0.6743750000000004
2026-08-16 06:32:12.551,1.306,lower,-0.1112499999999994,0.6237500000000007
2026-08-16 06:32:12.561,1.316,lower,0.05312500000000053,0.6618750000000007
2026-08-16 06:32:12.571,1.326,lower,0.004374999999999796,0.653125
2026-08-16 06:32:12.581,1.336,lower,0.0024999999999997247,0.6387500000000002
2026-08-16 06:32:12.591,1.346,lower,0.07187500000000013,0.6768750000000001
2026-08-16 06:32:12.601,1.356,lower,-0.1143749999999999,0.6274999999999997
2026-08-16 06:32:12.611,1.366,lower,0.061875000000000124,0.6674999999999998
2026-08-16 06:32:12.621,1.376,lower,-0.020000000000000018,0.6637499999999996
2026-08-16 06:32:12.631,1.386,lower,-0.02062499999999967,0.6425000000000003
2026-08-16 06:32:12.641,1.396,lower,0.07000000000000006,0.675
2026-08-16 06:32:12.651,1.406,lower,-0.11187500000000017,0.6262500000000004
2026-08-16 06:32:12.661,1.416,lower,0.053750000000000187,0.6681250000000005
2026-08-16 06:32:12.671,1.426,lower,0.0031250000000004885,0.6625000000000003
2026-08-16 06:32:12.681,1.436,lower,0.006875000000000631,0.6456249999999997
2026-08-16 06:32:12.691,1.446,lower,0.06937500000000041,0.6774999999999998
2026-08-16 06:32:12.701,1.456,lower,-0.11624999999999996,0.6274999999999997
2026-08-16 06:32:12.711,1.466,lower,0.04437499999999983,0.6706250000000002
2026-08-16 06:32:12.721,1.476,lower,-0.024374999999999813,0.6606250000000002
2026-08-16 06:32:12.731,1.486,lower,-0.016249999999999876,0.6318750000000006
2026-08-16 06:32:12.741,1.496,lower,0.07249999999999979,0.6762500000000005
2026-08-16 06:32:12.751,1.506,lower,-0.11062499999999975,0.6274999999999997
2026-08-16 06:32:12.761,1.516,lower,0.05437499999999984,0.6600000000000006
2026-08-16 06:32:12.771,1.526,lower,-0.004999999999999449,0.6587500000000002
2026-08-16 06:32:12.781,1.536,lower,0.005625000000000213,0.635
2026-08-16 06:32:12.791,1.546,lower,0.07062499999999972,0.6743750000000004
2026-08-16 06:32:12.801,1.556,lower,-0.1200000000000001,0.6256249999999997
2026-08-16 06:32:12.811,1.566,lower,0.04750000000000032,0.6625000000000003
2026-08-16 06:32:12.821,1.576,lower,-0.027500000000000302,0.655
2026-08-16 06:32:12.831,1.586,lower,-0.011249999999999316,0.6381250000000005
2026-08-16 06:32:12.841,1.596,lower,0.07000000000000006,0.673125
2026-08-16 06:32:12.851,1.606,lower,-0.10812500000000003,0.6287500000000001
2026-08-16 06:32:12.861,1.616,lower,0.06000000000000005,0.6656249999999997
2026-08-16 06:32:12.871,1.626,lower,-0.00687499999999952,0.6643750000000004
2026-08-16 06:32:12.881,1.636,lower,-0.04124999999999934,0.6425000000000003
2026-08-16 06:32:12.891,1.646,lower,0.07125000000000048,0.6781250000000005
2026-08-16 06:32:12.901,1.656,lower,-0.11312499999999948,0.6256249999999997
2026-08-16 06:32:12.911,1.666,lower,0.04874999999999963,0.6687500000000002
2026-08-16 06:32:12.921,1.676,lower,-0.03062499999999968,0.6656249999999997
2026-08-16 06:32:12.931,1.686,lower,-0.009375000000000355,0.645
2026-08-16 06:32:12.941,1.696,lower,0.07125000000000048,0.675
2026-08-16 06:32:12.951,1.706,lower,-0.10874999999999968,0.6300000000000006
2026-08-16 06:32:12.961,1.716,lower,0.058749999999999636,0.6674999999999998
2026-08-16 06:32:12.971,1.726,lower,-0.009375000000000355,0.6618750000000007
2026-08-16 06:32:12.981,1.736,lower,-0.03624999999999989,0.6337499999999996
2026-08-16 06:32:12.991,1.746,lower,0.07125000000000048,0.6762500000000005
2026-08-16 06:32:13.001,1.756,lower,-0.11499999999999955,0.6262500000000004
2026-08-16 06:32:13.011,1.766,lower,0.05125000000000046,0.6712499999999999
2026-08-16 06:32:13.021,1.776,lower,-0.038124999999999964,0.6587500000000002
2026-08-16 06:32:13.031,1.786,lower,-0.00687499999999952,0.6325000000000003
2026-08-16 06:32:13.041,1.796,lower,0.07249999999999979,0.6768750000000001
2026-08-16 06:32:13.051,1.806,lower,-0.11750000000000038,0.6262500000000004
2026-08-16 06:32:13.061,1.816,lower,0.056875000000000675,0.6600000000000006
2026-08-16 06:32:13.071,1.826,lower,-0.012499999999999734,0.6562500000000004
2026-08-16 06:32:13.081,1.836,lower,-0.029375000000000373,0.6362500000000004
2026-08-16 06:32:13.091,1.846,lower,0.07249999999999979,0.6737499999999996
2026-08-16 06:32:13.101,1.856,lower,-0.11312499999999948,0.6231249999999999
2026-08-16 06:32:13.111,1.866,lower,0.05562500000000026,0.6625000000000003
2026-08-16 06:32:13.121,1.876,lower,0.011250000000000426,0.6568750000000001
2026-08-16 06:32:13.131,1.886,lower,-0.0024999999999997247,0.6418750000000006
2026-08-16 06:32:13.141,1.896,lower,0.07312500000000055,0.6756249999999997
2026-08-16 06:32:13.151,1.906,lower,-0.11562500000000031,0.6262500000000004
2026-08-16 06:32:13.161,1.916,lower,0.0593750000000004,0.6668750000000001
2026-08-16 06:32:13.171,1.926,lower,-0.014999999999999458,0.6643750000000004
2026-08-16 06:32:13.181,1.936,lower,-0.02874999999999961,0.6406250000000002
2026-08-16 06:32:13.191,1.946,lower,0.06812499999999999,0.6700000000000006
2026-08-16 06:32:13.201,1.956,lower,-0.11750000000000038,0.6281250000000005
2026-08-16 06:32:13.211,1.966,lower,0.04937500000000039,0.665
2026-08-16 06:32:13.221,1.976,lower,0.007500000000000284,0.6587500000000002
2026-08-16 06:32:13.231,1.986,lower,-0.003750000000000142,0.643125
2026-08-16 06:32:13.241,1.996,lower,0.07062499999999972,0.6762500000000005
2026-08-16 06:32:13.251,2.006,lower,-0.1143749999999999,0.6268750000000001
2026-08-16 06:32:13.261,2.016,lower,0.0593750000000004,0.6637499999999996
2026-08-16 06:32:13.271,2.026,lower,-0.02062499999999967,0.6618750000000007
2026-08-16 06:32:13.281,2.036,lower,-0.026249999999999885,0.6337499999999996
2026-08-16 06:32:13.291,2.046,lower,0.06874999999999964,0.673125
2026-08-16 06:32:13.301,2.056,lower,-0.11687499999999962,0.6268750000000001
2026-08-16 06:32:13.311,2.066,lower,0.04937500000000039,0.6568750000000001
2026-08-16 06:32:13.321,2.076,lower,0.005625000000000213,0.6574999999999998
2026-08-16 06:32:13.331,2.086,lower,0.0006249999999996536,0.6362500000000004
2026-08-16 06:32:13.341,2.096,lower,0.07312500000000055,0.6762500000000005
2026-08-16 06:32:13.351,2.106,lower,-0.11750000000000038,0.6225000000000003
2026-08-16 06:32:13.361,2.116,lower,0.0462499999999999,0.6643750000000004
2026-08-16 06:32:13.371,2.126,lower,-0.024374999999999813,0.6574999999999998
2026-08-16 06:32:13.381,2.136,lower,-0.018124999999999947,0.6412499999999999
2026-08-16 06:32:13.391,2.146,lower,0.0737500000000002,0.6768750000000001
2026-08-16 06:32:13.401,2.156,lower,-0.11499999999999955,0.6274999999999997
2026-08-16 06:32:13.411,2.166,lower,0.05437499999999984,0.6656249999999997
2026-08-16 06:32:13.421,2.176,lower,0.0012500000000004174,0.6656249999999997
2026-08-16 06:32:13.431,2.186,lower,0.0031250000000004885,0.6412499999999999
2026-08-16 06:32:13.441,2.196,lower,0.07312500000000055,0.6718750000000007
2026-08-16 06:32:13.451,2.206,lower,-0.11562500000000031,0.625
2026-08-16 06:32:13.461,2.216,lower,0.04874999999999963,0.6662500000000005
2026-08-16 06:32:13.471,2.226,lower,-0.024999999999999467,0.6637499999999996
2026-08-16 06:32:13.481,2.236,lower,-0.017500000000000293,0.6412499999999999
2026-08-16 06:32:13.491,2.246,lower,0.07062499999999972,0.6768750000000001
2026-08-16 06:32:13.501,2.256,lower,-0.11249999999999982,0.6300000000000006
2026-08-16 06:32:13.511,2.266,lower,0.055000000000000604,0.6662500000000005
2026-08-16 06:32:13.521,2.276,lower,-0.005625000000000213,0.6593749999999998
2026-08-16 06:32:13.531,2.286,lower,-0.046874999999999556,0.6318750000000006
2026-08-16 06:32:13.541,2.296,lower,0.06812499999999999,0.6756249999999997
2026-08-16 06:32:13.551,2.306,lower,-0.1200000000000001,0.6287500000000001
2026-08-16 06:32:13.561,2.316,lower,0.04562500000000025,0.6681250000000005
2026-08-16 06:32:13.571,2.326,lower,-0.02874999999999961,0.6574999999999998
2026-08-16 06:32:13.581,2.336,lower,-0.014999999999999458,0.6337499999999996
2026-08-16 06:32:13.591,2.346,lower,0.06874999999999964,0.6743750000000004
2026-08-16 06:32:13.601,2.356,lower,-0.11562500000000031,0.6312499999999999
2026-08-16 06:32:13.611,2.366,lower,0.05437499999999984,0.663125
2026-08-16 06:32:13.621,2.376,lower,-0.009375000000000355,0.6574999999999998
2026-08-16 06:32:13.631,2.386,lower,-0.04062499999999969,0.6400000000000006
2026-08-16 06:32:13.641,2.396,lower,0.07000000000000006,0.6781250000000005
2026-08-16 06:32:13.651,2.406,lower,-0.11750000000000038,0.6287500000000001
2026-08-16 06:32:13.661,2.416,lower,0.04750000000000032,0.6662500000000005
2026-08-16 06:32:13.671,2.426,lower,-0.03375000000000017,0.6643750000000004
2026-08-16 06:32:13.681,2.436,lower,-0.012499999999999734,0.6418750000000006
2026-08-16 06:32:13.691,2.446,lower,0.07249999999999979,0.6756249999999997
2026-08-16 06:32:13.701,2.456,lower,-0.1143749999999999,0.6274999999999997
2026-08-16 06:32:13.711,2.466,lower,0.05750000000000033,0.6662500000000005
2026-08-16 06:32:13.721,2.476,lower,-0.01187500000000008,0.665
2026-08-16 06:32:13.731,2.486,lower,-0.03750000000000031,0.6443750000000004
2026-08-16 06:32:13.741,2.496,lower,0.07187500000000013,0.6756249999999997
2026-08-16 06:32:13.751,2.506,lower,-0.11874999999999969,0.6331249999999999
2026-08-16 06:32:13.761,2.516,lower,0.0462499999999999,0.6706250000000002
2026-08-16 06:32:13.771,2.526,lower,0.011250000000000426,0.6612499999999999
2026-08-16 06:32:13.781,2.536,lower,-0.008749999999999591,0.6325000000000003
2026-08-16 06:32:13.791,2.546,lower,0.06812499999999999,0.6774999999999998
2026-08-16 06:32:13.801,2.556,lower,-0.12062499999999976,0.6262500000000004
2026-08-16 06:32:13.811,2.566,lower,0.056875000000000675,0.6681250000000005
2026-08-16 06:32:13.821,2.576,lower,-0.014374999999999805,0.6625000000000003
2026-08-16 06:32:13.831,2.586,lower,-0.033124999999999405,0.6337499999999996
2026-08-16 06:32:13.841,2.596,lower,0.06874999999999964,0.6774999999999998
2026-08-16 06:32:13.851,2.606,lower,-0.11687499999999962,0.6262500000000004
2026-08-16 06:32:13.861,2.616,lower,0.0506249999999997,0.663125
2026-08-16 06:32:13.871,2.626,lower,0.007500000000000284,0.6612499999999999
2026-08-16 06:32:13.881,2.636,lower,-0.00687499999999952,0.6356249999999997
2026-08-16 06:32:13.891,2.646,lower,0.06750000000000034,0.6768750000000001
2026-08-16 06:32:13.901,2.656,lower,-0.12062499999999976,0.6293749999999998
2026-08-16 06:32:13.911,2.666,lower,0.058749999999999636,0.6643750000000004
2026-08-16 06:32:13.921,2.676,lower,-0.014999999999999458,0.6568750000000001
2026-08-16 06:32:13.931,2.686,lower,-0.031249999999999334,0.6374999999999997
2026-08-16 06:32:13.941,2.696,lower,0.06874999999999964,0.6768750000000001
2026-08-16 06:32:13.951,2.706,lower,-0.11687499999999962,0.6268750000000001
2026-08-16 06:32:13.961,2.716,lower,0.05125000000000046,0.6674999999999998
2026-08-16 06:32:13.971,2.726,lower,0.003750000000000142,0.6687500000000002
2026-08-16 06:32:13.981,2.736,lower,-0.003750000000000142,0.6418750000000006
2026-08-16 06:32:13.991,2.746,lower,0.0737500000000002,0.6787500000000002
2026-08-16 06:32:14.001,2.756,lower,-0.12062499999999976,0.6306250000000002
2026-08-16 06:32:14.011,2.766,lower,0.03937500000000038,0.6687500000000002
2026-08-16 06:32:14.021,2.776,lower,-0.02187500000000009,0.6662500000000005
2026-08-16 06:32:14.031,2.786,lower,-0.026249999999999885,0.6418750000000006
2026-08-16 06:32:14.041,2.796,lower,0.06624999999999992,0.675
2026-08-16 06:32:14.051,2.806,lower,-0.11624999999999996,0.6256249999999997
2026-08-16 06:32:14.061,2.816,lower,0.0506249999999997,0.6674999999999998
2026-08-16 06:32:14.071,2.826,lower,0.0006249999999996536,0.6618750000000007
2026-08-16 06:32:14.081,2.836,lower,-0.05249999999999977,0.6331249999999999
2026-08-16 06:32:14.091,2.846,lower,0.07187500000000013,0.6781250000000005
2026-08-16 06:32:14.101,2.856,lower,-0.11874999999999969,0.6325000000000003
2026-08-16 06:32:14.111,2.866,lower,0.04249999999999976,0.6625000000000003
2026-08-16 06:32:14.121,2.876,lower,-0.02562500000000023,0.6637499999999996
2026-08-16 06:32:14.131,2.886,lower,-0.02562500000000023,0.6362500000000004
2026-08-16 06:32:14.141,2.896,lower,0.06874999999999964,0.6806250000000003
2026-08-16 06:32:14.151,2.906,lower,-0.11812500000000004,0.6287500000000001
2026-08-16 06:32:14.161,2.916,lower,0.05125000000000046,0.6643750000000004
2026-08-16 06:32:14.171,2.926,lower,-0.004999999999999449,0.6600000000000006
2026-08-16 06:32:14.181,2.936,lower,-0.04937500000000039,0.6374999999999997
2026-08-16 06:32:14.191,2.946,lower,0.06874999999999964,0.6768750000000001
2026-08-16 06:32:14.201,2.956,lower,-0.11874999999999969,0.6281250000000005
2026-08-16 06:32:14.211,2.966,lower,0.0462499999999999,0.6681250000000005
2026-08-16 06:32:14.221,2.976,lower,-0.03062499999999968,0.6712499999999999
2026-08-16 06:32:14.231,2.986,lower,-0.019375000000000364,0.6437499999999996
2026-08-16 06:32:14.241,2.996,lower,0.06874999999999964,0.6762500000000005
2026-08-16 06:32:14.251,3.006,lower,-0.11812500000000004,0.6306250000000002
2026-08-16 06:32:14.261,3.016,lower,0.053750000000000187,0.6718750000000007
2026-08-16 06:32:14.271,3.026,lower,-0.001875000000000071,0.665
2026-08-16 06:32:14.281,3.036,lower,-0.04812499999999997,0.6418750000000006
2026-08-16 06:32:14.291,3.046,lower,0.06812499999999999,0.6743750000000004
2026-08-16 06:32:14.301,3.056,lower,-0.11874999999999969,0.6306250000000002
2026-08-16 06:32:14.311,3.066,lower,0.045000000000000595,0.6662500000000005
2026-08-16 06:32:14.321,3.076,lower,0.01687500000000064,0.6625000000000003
2026-08-16 06:32:14.331,3.086,lower,-0.0187499999999996,0.6337499999999996
2026-08-16 06:32:14.341,3.096,lower,0.07000000000000006,0.6781250000000005
2026-08-16 06:32:14.351,3.106,lower,-0.11750000000000038,0.6293749999999998
2026-08-16 06:32:14.361,3.116,lower,0.05562500000000026,0.6718750000000007
2026-08-16 06:32:14.371,3.126,lower,-0.00687499999999952,0.6674999999999998
2026-08-16 06:32:14.381,3.136,lower,-0.040000000000000036,0.6362500000000004
2026-08-16 06:32:14.391,3.146,lower,0.06937500000000041,0.6768750000000001
2026-08-16 06:32:14.401,3.156,lower,-0.11624999999999996,0.6318750000000006
2026-08-16 06:32:14.411,3.166,lower,0.04874999999999963,0.663125
2026-08-16 06:32:14.421,3.176,lower,0.012499999999999734,0.6625000000000003
2026-08-16 06:32:14.431,3.186,lower,-0.012499999999999734,0.6387500000000002
2026-08-16 06:32:14.441,3.196,lower,0.07249999999999979,0.6768750000000001
2026-08-16 06:32:14.451,3.206,lower,-0.11937499999999934,0.6293749999999998
2026-08-16 06:32:14.461,3.216,lower,0.053750000000000187,0.665
2026-08-16 06:32:14.471,3.226,lower,-0.010000000000000009,0.6718750000000007
2026-08-16 06:32:14.481,3.236,lower,-0.03375000000000017,0.6406250000000002
2026-08-16 06:32:14.491,3.246,lower,0.06750000000000034,0.6800000000000006
2026-08-16 06:32:14.501,3.256,lower,-0.11812500000000004,0.6300000000000006
2026-08-16 06:32:14.511,3.266,lower,0.04812499999999997,0.6656249999999997
2026-08-16 06:32:14.521,3.276,lower,0.013750000000000151,0.6668750000000001
2026-08-16 06:32:14.531,3.286,lower,-0.011249999999999316,0.6425000000000003
2026-08-16 06:32:14.541,3.296,lower,0.07187500000000013,0.6743750000000004
2026-08-16 06:32:14.551,3.306,lower,-0.11687499999999962,0.6281250000000005
2026-08-16 06:32:14.561,3.316,lower,0.05624999999999991,0.6662500000000005
2026-08-16 06:32:14.571,3.326,lower,-0.013750000000000151,0.663125
2026-08-16 06:32:14.581,3.336,lower,-0.029375000000000373,0.6368750000000001
2026-08-16 06:32:14.591,3.346,lower,0.07125000000000048,0.6781250000000005
2026-08-16 06:32:14.601,3.356,lower,-0.11812500000000004,0.6325000000000003
2026-08-16 06:32:14.611,3.366,lower,0.05312500000000053,0.6700000000000006
2026-08-16 06:32:14.621,3.376,lower,0.011250000000000426,0.6668750000000001
2026-08-16 06:32:14.631,3.386,lower,-0.00687499999999952,0.6337499999999996
2026-08-16 06:32:14.641,3.396,lower,0.07062499999999972,0.6793749999999998
2026-08-16 06:32:14.651,3.406,lower,-0.11687499999999962,0.6306250000000002
2026-08-16 06:32:14.661,3.416,lower,0.04125000000000045,0.6643750000000004
2026-08-16 06:32:14.671,3.426,lower,-0.01687499999999953,0.6668750000000001
2026-08-16 06:32:14.681,3.436,lower,-0.028124999999999956,0.6381250000000005
2026-08-16 06:32:14.691,3.446,lower,0.07125000000000048,0.6800000000000006
2026-08-16 06:32:14.701,3.456,lower,-0.12062499999999976,0.6306250000000002
2026-08-16 06:32:14.711,3.466,lower,0.05249999999999977,0.6637499999999996
2026-08-16 06:32:14.721,3.476,lower,0.009375000000000355,0.6612499999999999
2026-08-16 06:32:14.731,3.486,lower,-0.05562500000000026,0.6387500000000002
2026-08-16 06:32:14.741,3.496,lower,0.07312500000000055,0.6768750000000001
2026-08-16 06:32:14.751,3.506,lower,-0.11375000000000024,0.6262500000000004
2026-08-16 06:32:14.761,3.516,lower,0.04437499999999983,0.6668750000000001
2026-08-16 06:32:14.771,3.526,lower,-0.020000000000000018,0.6687500000000002
2026-08-16 06:32:14.781,3.536,lower,-0.026874999999999538,0.6418750000000006
2026-08-16 06:32:14.791,3.546,lower,0.07125000000000048,0.6725000000000003
2026-08-16 06:32:14.801,3.556,lower,-0.11562500000000031,0.6300000000000006
2026-08-16 06:32:14.811,3.566,lower,0.051875000000000115,0.665
2026-08-16 06:32:14.821,3.576,lower,0.007500000000000284,0.6662500000000005
2026-08-16 06:32:14.831,3.586,lower,-0.0506249999999997,0.6437499999999996
2026-08-16 06:32:14.841,3.596,lower,0.07187500000000013,0.6787500000000002
2026-08-16 06:32:14.851,3.606,lower,-0.11750000000000038,0.6318750000000006
2026-08-16 06:32:14.861,3.616,lower,0.04750000000000032,0.6712499999999999
2026-08-16 06:32:14.871,3.626,lower,-0.022499999999999742,0.6662500000000005
2026-08-16 06:32:14.881,3.636,lower,-0.024374999999999813,0.6325000000000003
2026-08-16 06:32:14.891,3.646,lower,0.07187500000000013,0.6781250000000005
2026-08-16 06:32:14.901,3.656,lower,-0.11624999999999996,0.6312499999999999
2026-08-16 06:32:14.911,3.666,lower,0.05437499999999984,0.6612499999999999
2026-08-16 06:32:14.921,3.676,lower,0.0006249999999996536,0.6643750000000004
2026-08-16 06:32:14.931,3.686,lower,-0.04562500000000025,0.635
2026-08-16 06:32:14.941,3.696,lower,0.06812499999999999,0.6768750000000001
2026-08-16 06:32:14.951,3.706,lower,-0.12062499999999976,0.6337499999999996
2026-08-16 06:32:14.961,3.716,lower,0.04874999999999963,0.6625000000000003
2026-08-16 06:32:14.971,3.726,lower,0.02375000000000016,0.6612499999999999
2026-08-16 06:32:14.981,3.736,lower,-0.019375000000000364,0.635
2026-08-16 06:32:14.991,3.746,lower,0.07125000000000048,0.6762500000000005
2026-08-16 06:32:15.001,3.756,lower,-0.11312499999999948,0.6312499999999999
2026-08-16 06:32:15.011,3.766,lower,0.05249999999999977,0.6637499999999996
2026-08-16 06:32:15.021,3.776,lower,-0.005625000000000213,0.6668750000000001
2026-08-16 06:32:15.031,3.786,lower,-0.043124999999999414,0.6356249999999997
2026-08-16 06:32:15.041,3.796,lower,0.06687500000000068,0.6774999999999998
2026-08-16 06:32:15.051,3.806,lower,-0.12124999999999941,0.6231249999999999
2026-08-16 06:32:15.061,3.816,lower,0.04874999999999963,0.6643750000000004
2026-08-16 06:32:15.071,3.826,lower,0.023125000000000506,0.6662500000000005
2026-08-16 06:32:15.081,3.836,lower,-0.014999999999999458,0.6406250000000002
2026-08-16 06:32:15.091,3.846,lower,0.0737500000000002,0.6787500000000002
2026-08-16 06:32:15.101,3.856,lower,-0.11312499999999948,0.6312499999999999
2026-08-16 06:32:15.111,3.866,lower,0.05437499999999984,0.6693749999999998
2026-08-16 06:32:15.121,3.876,lower,-0.005625000000000213,0.6668750000000001
2026-08-16 06:32:15.131,3.886,lower,-0.04062499999999969,0.6312499999999999
2026-08-16 06:32:15.141,3.896,lower,0.07062499999999972,0.6800000000000006
2026-08-16 06:32:15.151,3.906,lower,-0.11812500000000004,0.6318750000000006
2026-08-16 06:32:15.161,3.916,lower,0.05249999999999977,0.6712499999999999
2026-08-16 06:32:15.171,3.926,lower,0.020000000000000018,0.6643750000000004
2026-08-16 06:32:15.181,3.936,lower,-0.010624999999999662,0.6356249999999997
2026-08-16 06:32:15.191,3.946,lower,0.07312500000000055,0.6762500000000005
2026-08-16 06:32:15.201,3.956,lower,-0.11375000000000024,0.6306250000000002
2026-08-16 06:32:15.211,3.966,lower,0.05750000000000033,0.663125
2026-08-16 06:32:15.221,3.976,lower,-0.009375000000000355,0.6637499999999996
2026-08-16 06:32:15.231,3.986,lower,-0.034999999999999476,0.635
2026-08-16 06:32:15.241,3.996,lower,0.07125000000000048,0.6781250000000005
2026-08-16 06:32:15.251,4.006,lower,-0.11812500000000004,0.6293749999999998
2026-08-16 06:32:15.261,4.016,lower,0.0506249999999997,0.663125
2026-08-16 06:32:15.271,4.026,lower,0.017500000000000293,0.6612499999999999
2026-08-16 06:32:15.281,4.036,lower,-0.01187500000000008,0.6356249999999997
2026-08-16 06:32:15.291,4.046,lower,0.06874999999999964,0.675
2026-08-16 06:32:15.301,4.056,lower,-0.11874999999999969,0.6268750000000001
2026-08-16 06:32:15.311,4.066,lower,0.04187500000000011,0.6637499999999996
2026-08-16 06:32:15.321,4.076,lower,-0.017500000000000293,0.6700000000000006
2026-08-16 06:32:15.331,4.086,lower,-0.031249999999999334,0.6406250000000002
2026-08-16 06:32:15.341,4.096,lower,0.07249999999999979,0.6774999999999998
2026-08-16 06:32:15.351,4.106,lower,-0.11750000000000038,0.6331249999999999
2026-08-16 06:32:15.361,4.116,lower,0.04937500000000039,0.6668750000000001
2026-08-16 06:32:15.371,4.126,lower,0.013750000000000151,0.6662500000000005
2026-08-16 06:32:15.381,4.136,lower,-0.058749999999999636,0.6293749999999998
2026-08-16 06:32:15.391,4.146,lower,0.07062499999999972,0.6800000000000006
2026-08-16 06:32:15.401,4.156,lower,-0.11562500000000031,0.6318750000000006
2026-08-16 06:32:15.411,4.166,lower,0.046875000000000666,0.6674999999999998
2026-08-16 06:32:15.421,4.176,lower,-0.018124999999999947,0.6656249999999997
2026-08-16 06:32:15.431,4.186,lower,-0.029375000000000373,0.6331249999999999
2026-08-16 06:32:15.441,4.196,lower,0.07437499999999986,0.6781250000000005
2026-08-16 06:32:15.451,4.206,lower,-0.11874999999999969,0.6300000000000006
2026-08-16 06:32:15.461,4.216,lower,0.05125000000000046,0.6587500000000002
2026-08-16 06:32:15.471,4.226,lower,0.006875000000000631,0.663125
2026-08-16 06:32:15.481,4.236,lower,-0.054999999999999494,0.6362500000000004
2026-08-16 06:32:15.491,4.246,lower,0.07062499999999972,0.675
2026-08-16 06:32:15.501,4.256,lower,-0.1200000000000001,0.6306250000000002
2026-08-16 06:32:15.511,4.266,lower,0.0462499999999999,0.6618750000000007
2026-08-16 06:32:15.521,4.276,lower,-0.021249999999999325,0.6612499999999999
2026-08-16 06:32:15.531,4.286,lower,-0.028124999999999956,0.6387500000000002
2026-08-16 06:32:15.541,4.296,lower,0.07125000000000048,0.6743750000000004
2026-08-16 06:32:15.551,4.306,lower,-0.1112499999999994,0.6274999999999997
2026-08-16 06:32:15.561,4.316,lower,0.050000000000000044,0.6625000000000003
2026-08-16 06:32:15.571,4.326,lower,0.004374999999999796,0.6718750000000007
2026-08-16 06:32:15.581,4.336,lower,-0.0506249999999997,0.6400000000000006
2026-08-16 06:32:15.591,4.346,lower,0.06874999999999964,0.6787500000000002
2026-08-16 06:32:15.601,4.356,lower,-0.11687499999999962,0.6356249999999997
2026-08-16 06:32:15.611,4.366,lower,0.04812499999999997,0.6674999999999998
2026-08-16 06:32:15.621,4.376,lower,0.02874999999999961,0.6668750000000001
2026-08-16 06:32:15.631,4.386,lower,-0.023124999999999396,0.6443750000000004
2026-08-16 06:32:15.641,4.396,lower,0.07062499999999972,0.6800000000000006
2026-08-16 06:32:15.651,4.406,lower,-0.11312499999999948,0.6331249999999999
2026-08-16 06:32:15.661,4.416,lower,0.05312500000000053,0.6674999999999998
2026-08-16 06:32:15.671,4.426,lower,-0.0012500000000004174,0.6662500000000005
2026-08-16 06:32:15.681,4.436,lower,-0.04812499999999997,0.6337499999999996
2026-08-16 06:32:15.691,4.446,lower,0.07000000000000006,0.6787500000000002
2026-08-16 06:32:15.701,4.456,lower,-0.11937499999999934,0.6318750000000006
2026-08-16 06:32:15.711,4.466,lower,0.046875000000000666,0.6618750000000007
2026-08-16 06:32:15.721,4.476,lower,0.02375000000000016,0.6662500000000005
2026-08-16 06:32:15.731,4.486,lower,-0.023124999999999396,0.6318750000000006
2026-08-16 06:32:15.741,4.496,lower,0.06937500000000041,0.6812499999999999
2026-08-16 06:32:15.751,4.506,lower,-0.1143749999999999,0.6318750000000006
2026-08-16 06:32:15.761,4.516,lower,0.05125000000000046,0.6618750000000007
2026-08-16 06:32:15.771,4.526,lower,-0.008124999999999938,0.6618750000000007
2026-08-16 06:32:15.781,4.536,lower,-0.044999999999999485,0.6337499999999996
2026-08-16 06:32:15.791,4.546,lower,0.06562500000000027,0.6768750000000001
2026-08-16 06:32:15.801,4.556,lower,-0.12249999999999983,0.6274999999999997
2026-08-16 06:32:15.811,4.566,lower,0.04437499999999983,0.663125
2026-08-16 06:32:15.821,4.576,lower,0.022499999999999742,0.6700000000000006
2026-08-16 06:32:15.831,4.586,lower,-0.020000000000000018,0.6368750000000001
2026-08-16 06:32:15.841,4.596,lower,0.07062499999999972,0.6774999999999998
2026-08-16 06:32:15.851,4.606,lower,-0.11812500000000004,0.6281250000000005
2026-08-16 06:32:15.861,4.616,lower,0.03624999999999989,0.6656249999999997
2026-08-16 06:32:15.871,4.626,lower,-0.008749999999999591,0.6712499999999999
2026-08-16 06:32:15.881,4.636,lower,-0.03937500000000038,0.6393749999999998
2026-08-16 06:32:15.891,4.646,lower,0.07125000000000048,0.6787500000000002
2026-08-16 06:32:15.901,4.656,lower,-0.12124999999999941,0.6318750000000006
2026-08-16 06:32:15.911,4.666,lower,0.04874999999999963,0.6674999999999998
2026-08-16 06:32:15.921,4.676,lower,0.0187499999999996,0.6687500000000002
2026-08-16 06:32:15.931,4.686,lower,-0.016249999999999876,0.6306250000000002
2026-08-16 06:32:15.941,4.696,lower,0.06687500000000068,0.6806250000000003
2026-08-16 06:32:15.951,4.706,lower,-0.11687499999999962,0.6343750000000004
2026-08-16 06:32:15.961,4.716,lower,0.038124999999999964,0.6687500000000002
2026-08-16 06:32:15.971,4.726,lower,-0.012499999999999734,0.6687500000000002
2026-08-16 06:32:15.981,4.736,lower,-0.03874999999999962,0.635
2026-08-16 06:32:15.991,4.746,lower,0.07062499999999972,0.6806250000000003
2026-08-16 06:32:16.001,4.756,lower,-0.12124999999999941,0.6337499999999996
2026-08-16 06:32:16.011,4.766,lower,0.04562500000000025,0.6618750000000007
2026-08-16 06:32:16.021,4.776,lower,0.012499999999999734,0.6643750000000004
2026-08-16 06:32:16.031,4.786,lower,-0.07124999999999937,0.6312499999999999
2026-08-16 06:32:16.041,4.796,lower,0.06812499999999999,0.6768750000000001
2026-08-16 06:32:16.051,4.806,lower,-0.12187500000000018,0.6293749999999998
2026-08-16 06:32:16.061,4.816,lower,0.04062499999999969,0.6618750000000007
2026-08-16 06:32:16.071,4.826,lower,-0.018124999999999947,0.6606250000000002
2026-08-16 06:32:16.081,4.836,lower,-0.03562500000000024,0.6412499999999999
2026-08-16 06:32:16.091,4.846,lower,0.07187500000000013,0.6756249999999997
2026-08-16 06:32:16.101,4.856,lower,-0.1100000000000001,0.6300000000000006
2026-08-16 06:32:16.111,4.866,lower,0.04750000000000032,0.6674999999999998
2026-08-16 06:32:16.121,4.876,lower,0.011250000000000426,0.6706250000000002
2026-08-16 06:32:16.131,4.886,lower,-0.06124999999999936,0.6400000000000006
2026-08-16 06:32:16.141,4.896,lower,0.06812499999999999,0.6756249999999997
2026-08-16 06:32:16.151,4.906,lower,-0.11812500000000004,0.635
2026-08-16 06:32:16.161,4.916,lower,0.04375000000000018,0.6681250000000005
2026-08-16 06:32:16.171,4.926,lower,-0.01687499999999953,0.6700000000000006
2026-08-16 06:32:16.181,4.936,lower,-0.0318750000000001,0.6337499999999996
2026-08-16 06:32:16.191,4.946,lower,0.07312500000000055,0.6806250000000003
2026-08-16 06:32:16.201,4.956,lower,-0.11187500000000017,0.6337499999999996
2026-08-16 06:32:16.211,4.966,lower,0.04874999999999963,0.6725000000000003
2026-08-16 06:32:16.221,4.976,lower,0.008749999999999591,0.6687500000000002
2026-08-16 06:32:16.231,4.986,lower,-0.06000000000000005,0.6325000000000003
2026-08-16 06:32:16.241,4.996,lower,0.07000000000000006,0.6806250000000003
2026-08-16 06:32:16.251,5.006,lower,-0.1200000000000001,0.6343750000000004
2026-08-16 06:32:16.261,5.016,lower,0.04125000000000045,0.6643750000000004
2026-08-16 06:32:16.271,5.026,lower,0.031250000000000444,0.6662500000000005
2026-08-16 06:32:16.281,5.036,lower,-0.033124999999999405,0.6325000000000003
2026-08-16 06:32:16.291,5.046,lower,0.06812499999999999,0.6725000000000003
2026-08-16 06:32:16.301,5.056,lower,-0.11375000000000024,0.6337499999999996
2026-08-16 06:32:16.311,5.066,lower,0.04750000000000032,0.663125
2026-08-16 06:32:16.321,5.076,lower,0.001875000000000071,0.6612499999999999
2026-08-16 06:32:16.331,5.086,lower,-0.054999999999999494,0.6387500000000002
2026-08-16 06:32:16.341,5.096,lower,0.061875000000000124,0.6762500000000005
2026-08-16 06:32:16.351,5.106,lower,-0.12187500000000018,0.6300000000000006
2026-08-16 06:32:16.361,5.116,lower,0.04437499999999983,0.663125
2026-08-16 06:32:16.371,5.126,lower,0.027500000000000302,0.6725000000000003
2026-08-16 06:32:16.381,5.136,lower,-0.027500000000000302,0.6412499999999999
2026-08-16 06:32:16.391,5.146,lower,0.07249999999999979,0.6756249999999997
2026-08-16 06:32:16.401,5.156,lower,-0.11624999999999996,0.6374999999999997
2026-08-16 06:32:16.411,5.166,lower,0.0506249999999997,0.665
2026-08-16 06:32:16.421,5.176,lower,0.0006249999999996536,0.6725000000000003
2026-08-16 06:32:16.431,5.186,lower,-0.04874999999999963,0.6400000000000006
2026-08-16 06:32:16.441,5.196,lower,0.06812499999999999,0.6818750000000007
2026-08-16 06:32:16.451,5.206,lower,-0.12062499999999976,0.6374999999999997
2026-08-16 06:32:16.461,5.216,lower,0.04874999999999963,0.6674999999999998
2026-08-16 06:32:16.471,5.226,lower,0.02562500000000023,0.6718750000000007
2026-08-16 06:32:16.481,5.236,lower,-0.022499999999999742,0.6318750000000006
2026-08-16 06:32:16.491,5.246,lower,0.07125000000000048,0.6806250000000003
2026-08-16 06:32:16.501,5.256,lower,-0.11375000000000024,0.6362500000000004
2026-08-16 06:32:16.511,5.266,lower,0.03375000000000017,0.6593749999999998
2026-08-16 06:32:16.521,5.276,lower,-0.003750000000000142,0.6681250000000005
2026-08-16 06:32:16.531,5.286,lower,-0.04812499999999997,0.6306250000000002
2026-08-16 06:32:16.541,5.296,lower,0.06750000000000034,0.6781250000000005
2026-08-16 06:32:16.551,5.306,lower,-0.12249999999999983,0.6337499999999996
2026-08-16 06:32:16.561,5.316,lower,0.04437499999999983,0.6612499999999999
2026-08-16 06:32:16.571,5.326,lower,0.019375000000000364,0.6668750000000001
2026-08-16 06:32:16.581,5.336,lower,-0.018124999999999947,0.6362500000000004
2026-08-16 06:32:16.591,5.346,lower,0.07062499999999972,0.6806250000000003
2026-08-16 06:32:16.601,5.356,lower,-0.11812500000000004,0.6325000000000003
2026-08-16 06:32:16.611,5.366,lower,0.038124999999999964,0.663125
2026-08-16 06:32:16.621,5.376,lower,-0.006249999999999867,0.6756249999999997
2026-08-16 06:32:16.631,5.386,lower,-0.04249999999999976,0.6387500000000002
2026-08-16 06:32:16.641,5.396,lower,0.07000000000000006,0.6812499999999999
2026-08-16 06:32:16.651,5.406,lower,-0.12187500000000018,0.6343750000000004
2026-08-16 06:32:16.661,5.416,lower,0.046875000000000666,0.6662500000000005
2026-08-16 06:32:16.671,5.426,lower,0.02187500000000009,0.6706250000000002
2026-08-16 06:32:16.681,5.436,lower,-0.06937500000000041,0.6393749999999998
2026-08-16 06:32:16.691,5.446,lower,0.07249999999999979,0.6825000000000003
2026-08-16 06:32:16.701,5.456,lower,-0.11499999999999955,0.6412499999999999
2026-08-16 06:32:16.711,5.466,lower,0.03937500000000038,0.6693749999999998
2026-08-16 06:32:16.721,5.476,lower,-0.007500000000000284,0.6712499999999999
2026-08-16 06:32:16.731,5.486,lower,-0.038124999999999964,0.6325000000000003
2026-08-16 06:32:16.741,5.496,lower,0.07062499999999972,0.6812499999999999
2026-08-16 06:32:16.751,5.506,lower,-0.10687499999999961,0.6343750000000004
2026-08-16 06:32:16.761,5.516,lower,0.04937500000000039,0.6687500000000002
2026-08-16 06:32:16.771,5.526,lower,0.016249999999999876,0.6693749999999998
2026-08-16 06:32:16.781,5.536,lower,-0.06750000000000034,0.6337499999999996
2026-08-16 06:32:16.791,5.546,lower,0.07125000000000048,0.675
2026-08-16 06:32:16.801,5.556,lower,-0.11937499999999934,0.6356249999999997
2026-08-16 06:32:16.811,5.566,lower,0.03874999999999962,0.6612499999999999
2026-08-16 06:32:16.821,5.576,lower,-0.011249999999999316,0.6681250000000005
2026-08-16 06:32:16.831,5.586,lower,-0.034999999999999476,0.6374999999999997
2026-08-16 06:32:16.841,5.596,lower,0.07249999999999979,0.6781250000000005
2026-08-16 06:32:16.851,5.606,lower,-0.11187500000000017,0.635
2026-08-16 06:32:16.861,5.616,lower,0.05249999999999977,0.6618750000000007
2026-08-16 06:32:16.871,5.626,lower,0.015000000000000568,0.6662500000000005
2026-08-16 06:32:16.881,5.636,lower,-0.0593750000000004,0.6374999999999997
2026-08-16 06:32:16.891,5.646,lower,0.07249999999999979,0.6800000000000006
2026-08-16 06:32:16.901,5.656,lower,-0.11812500000000004,0.6306250000000002
2026-08-16 06:32:16.911,5.666,lower,0.043125000000000524,0.6668750000000001
2026-08-16 06:32:16.921,5.676,lower,0.04062499999999969,0.6743750000000004
2026-08-16 06:32:16.931,5.686,lower,-0.033124999999999405,0.6406250000000002
2026-08-16 06:32:16.941,5.696,lower,0.07125000000000048,0.6787500000000002
2026-08-16 06:32:16.951,5.706,lower,-0.1100000000000001,0.6412499999999999
2026-08-16 06:32:16.961,5.716,lower,0.051875000000000115,0.6687500000000002
2026-08-16 06:32:16.971,5.726,lower,0.010624999999999662,0.6737499999999996
2026-08-16 06:32:16.981,5.736,lower,-0.05750000000000033,0.6312499999999999
2026-08-16 06:32:16.991,5.746,lower,0.06874999999999964,0.6806250000000003
2026-08-16 06:32:17.001,5.756,lower,-0.11874999999999969,0.6331249999999999
2026-08-16 06:32:17.011,5.766,lower,0.04375000000000018,0.6662500000000005
2026-08-16 06:32:17.021,5.776,lower,0.03375000000000017,0.6662500000000005
2026-08-16 06:32:17.031,5.786,lower,-0.028124999999999956,0.6300000000000006
2026-08-16 06:32:17.041,5.796,lower,0.07062499999999972,0.6762500000000005
2026-08-16 06:32:17.051,5.806,lower,-0.11562500000000031,0.635
2026-08-16 06:32:17.061,5.816,lower,0.055000000000000604,0.6606250000000002
2026-08-16 06:32:17.071,5.826,lower,0.008749999999999591,0.6662500000000005
2026-08-16 06:32:17.081,5.836,lower,-0.05750000000000033,0.6362500000000004
2026-08-16 06:32:17.091,5.846,lower,0.07000000000000006,0.6762500000000005
2026-08-16 06:32:17.101,5.856,lower,-0.11624999999999996,0.6362500000000004
2026-08-16 06:32:17.111,5.866,lower,0.045000000000000595,0.6625000000000003
2026-08-16 06:32:17.121,5.876,lower,0.03375000000000017,0.6662500000000005
2026-08-16 06:32:17.131,5.886,lower,-0.023124999999999396,0.6362500000000004
2026-08-16 06:32:17.141,5.896,lower,0.07187500000000013,0.6781250000000005
2026-08-16 06:32:17.151,5.906,lower,-0.11249999999999982,0.6300000000000006
2026-08-16 06:32:17.161,5.916,lower,0.03437499999999982,0.6668750000000001
2026-08-16 06:32:17.171,5.926,lower,0.004374999999999796,0.6737499999999996
2026-08-16 06:32:17.181,5.936,lower,-0.051875000000000115,0.6387500000000002
2026-08-16 06:32:17.191,5.946,lower,0.07062499999999972,0.6768750000000001
2026-08-16 06:32:17.201,5.956,lower,-0.11874999999999969,0.6381250000000005
2026-08-16 06:32:17.211,5.966,lower,0.045000000000000595,0.6668750000000001
2026-08-16 06:32:17.221,5.976,lower,0.02874999999999961,0.6718750000000007
2026-08-16 06:32:17.231,5.986,lower,-0.07687499999999958,0.6400000000000006
2026-08-16 06:32:17.241,5.996,lower,0.0737500000000002,0.6806250000000003
2026-08-16 06:32:17.251,6.006,lower,-0.11312499999999948,0.6331249999999999
2026-08-16 06:32:17.261,6.016,lower,0.03687500000000066,0.6687500000000002
2026-08-16 06:32:17.271,6.026,lower,0.0031250000000004885,0.6718750000000007
2026-08-16 06:32:17.281,6.036,lower,-0.050000000000000044,0.6256249999999997
2026-08-16 06:32:17.291,6.046,lower,0.07062499999999972,0.6762500000000005
2026-08-16 06:32:17.301,6.056,lower,-0.11812500000000004,0.6343750000000004
2026-08-16 06:32:17.311,6.066,lower,0.04750000000000032,0.6618750000000007
2026-08-16 06:32:17.321,6.076,lower,0.02375000000000016,0.6681250000000005
2026-08-16 06:32:17.331,6.086,lower,-0.0737500000000002,0.6312499999999999
2026-08-16 06:32:17.341,6.096,lower,0.07062499999999972,0.6762500000000005
2026-08-16 06:32:17.351,6.106,lower,-0.11499999999999955,0.6343750000000004
2026-08-16 06:32:17.361,6.116,lower,0.04125000000000045,0.6587500000000002
2026-08-16 06:32:17.371,6.126,lower,-0.0024999999999997247,0.6700000000000006
2026-08-16 06:32:17.381,6.136,lower,-0.04562500000000025,0.6337499999999996
2026-08-16 06:32:17.391,6.146,lower,0.07187500000000013,0.6756249999999997
2026-08-16 06:32:17.401,6.156,lower,-0.10312499999999947,0.6300000000000006
2026-08-16 06:32:17.411,6.166,lower,0.04812499999999997,0.6593749999999998
2026-08-16 06:32:17.421,6.176,lower,0.02062499999999967,0.6762500000000005
2026-08-16 06:32:17.431,6.186,lower,-0.06812499999999999,0.635
2026-08-16 06:32:17.441,6.196,lower,0.07187500000000013,0.6800000000000006
2026-08-16 06:32:17.451,6.206,lower,-0.11750000000000038,0.6325000000000003
2026-08-16 06:32:17.461,6.216,lower,0.043125000000000524,0.6643750000000004
2026-08-16 06:32:17.471,6.226,lower,-0.008749999999999591,0.6725000000000003
2026-08-16 06:32:17.481,6.236,lower,-0.044999999999999485,0.6406250000000002
2026-08-16 06:32:17.491,6.246,lower,0.07125000000000048,0.6800000000000006
2026-08-16 06:32:17.501,6.256,lower,-0.10375000000000023,0.635
2026-08-16 06:32:17.511,6.266,lower,0.0506249999999997,0.6643750000000004
2026-08-16 06:32:17.521,6.276,lower,0.017500000000000293,0.6700000000000006
2026-08-16 06:32:17.531,6.286,lower,-0.06562500000000027,0.6274999999999997
2026-08-16 06:32:17.541,6.296,lower,0.07187500000000013,0.6781250000000005
2026-08-16 06:32:17.551,6.306,lower,-0.12062499999999976,0.6374999999999997
2026-08-16 06:32:17.561,6.316,lower,0.04125000000000045,0.665
2026-08-16 06:32:17.571,6.326,lower,0.04187500000000011,0.6687500000000002
2026-08-16 06:32:17.581,6.336,lower,-0.040000000000000036,0.6306250000000002
2026-08-16 06:32:17.591,6.346,lower,0.07249999999999979,0.6800000000000006
2026-08-16 06:32:17.601,6.356,lower,-0.10312499999999947,0.6306250000000002
2026-08-16 06:32:17.611,6.366,lower,0.04874999999999963,0.6612499999999999
2026-08-16 06:32:17.621,6.376,lower,0.01687500000000064,0.6687500000000002
2026-08-16 06:32:17.631,6.386,lower,-0.06312499999999943,0.635
2026-08-16 06:32:17.641,6.396,lower,0.07062499999999972,0.6743750000000004
2026-08-16 06:32:17.651,6.406,lower,-0.12124999999999941,0.6337499999999996
2026-08-16 06:32:17.661,6.416,lower,0.04375000000000018,0.6625000000000003
2026-08-16 06:32:17.671,6.426,lower,0.04562500000000025,0.6668750000000001
2026-08-16 06:32:17.681,6.436,lower,-0.03687499999999955,0.6331249999999999
2026-08-16 06:32:17.691,6.446,lower,0.07187500000000013,0.6774999999999998
2026-08-16 06:32:17.701,6.456,lower,-0.10750000000000037,0.6343750000000004
2026-08-16 06:32:17.711,6.466,lower,0.04937500000000039,0.6668750000000001
2026-08-16 06:32:17.721,6.476,lower,0.010000000000000009,0.6737499999999996
2026-08-16 06:32:17.731,6.486,lower,-0.06000000000000005,0.6412499999999999
2026-08-16 06:32:17.741,6.496,lower,0.0737500000000002,0.6793749999999998
2026-08-16 06:32:17.751,6.506,lower,-0.1200000000000001,0.6400000000000006
2026-08-16 06:32:17.761,6.516,lower,0.04187500000000011,0.663125
2026-08-16 06:32:17.771,6.526,lower,0.03937500000000038,0.673125
2026-08-16 06:32:17.781,6.536,lower,-0.03437499999999982,0.6381250000000005
2026-08-16 06:32:17.791,6.546,lower,0.06937500000000041,0.6768750000000001
2026-08-16 06:32:17.801,6.556,lower,-0.11249999999999982,0.6356249999999997
2026-08-16 06:32:17.811,6.566,lower,0.03062499999999968,0.6643750000000004
2026-08-16 06:32:17.821,6.576,lower,0.0050000000000005596,0.673125
2026-08-16 06:32:17.831,6.586,lower,-0.058749999999999636,0.6325000000000003
2026-08-16 06:32:17.841,6.596,lower,0.07187500000000013,0.6812499999999999
2026-08-16 06:32:17.851,6.606,lower,-0.1200000000000001,0.6362500000000004
2026-08-16 06:32:17.861,6.616,lower,0.04249999999999976,0.6574999999999998
2026-08-16 06:32:17.871,6.626,lower,0.03750000000000031,0.6706250000000002
2026-08-16 06:32:17.881,6.636,lower,-0.08187500000000014,0.6312499999999999
2026-08-16 06:32:17.891,6.646,lower,0.07187500000000013,0.6781250000000005
2026-08-16 06:32:17.901,6.656,lower,-0.11312499999999948,0.6400000000000006
2026-08-16 06:32:17.911,6.666,lower,0.03562500000000024,0.6637499999999996
2026-08-16 06:32:17.921,6.676,lower,0.005625000000000213,0.6712499999999999
2026-08-16 06:32:17.931,6.686,lower,-0.056874999999999565,0.6356249999999997
2026-08-16 06:32:17.941,6.696,lower,0.07187500000000013,0.6793749999999998
2026-08-16 06:32:17.951,6.706,lower,-0.10000000000000009,0.635
2026-08-16 06:32:17.961,6.716,lower,0.04437499999999983,0.665
2026-08-16 06:32:17.971,6.726,lower,0.0318750000000001,0.6787500000000002
2026-08-16 06:32:17.981,6.736,lower,-0.078125,0.6374999999999997
2026-08-16 06:32:17.991,6.746,lower,0.06874999999999964,0.6768750000000001
2026-08-16 06:32:18.001,6.756,lower,-0.11312499999999948,0.6418750000000006
2026-08-16 06:32:18.011,6.766,lower,0.03562500000000024,0.6662500000000005
2026-08-16 06:32:18.021,6.776,lower,-0.0031249999999993783,0.6743750000000004
2026-08-16 06:32:18.031,6.786,lower,-0.053750000000000187,0.6381250000000005
2026-08-16 06:32:18.041,6.796,lower,0.07249999999999979,0.6787500000000002
2026-08-16 06:32:18.051,6.806,lower,-0.10437499999999988,0.6400000000000006
2026-08-16 06:32:18.061,6.816,lower,0.04437499999999983,0.6662500000000005
2026-08-16 06:32:18.071,6.826,lower,0.029375000000000373,0.675
2026-08-16 06:32:18.081,6.836,lower,-0.07750000000000035,0.6318750000000006
2026-08-16 06:32:18.091,6.846,lower,0.06937500000000041,0.6800000000000006
2026-08-16 06:32:18.101,6.856,lower,-0.1143749999999999,0.6412499999999999
2026-08-16 06:32:18.111,6.866,lower,0.03750000000000031,0.6574999999999998
2026-08-16 06:32:18.121,6.876,lower,0.046875000000000666,0.673125
2026-08-16 06:32:18.131,6.886,lower,-0.04874999999999963,0.6312499999999999
2026-08-16 06:32:18.141,6.896,lower,0.06937500000000041,0.6818750000000007
2026-08-16 06:32:18.151,6.906,lower,-0.10687499999999961,0.635
2026-08-16 06:32:18.161,6.916,lower,0.04750000000000032,0.6612499999999999
2026-08-16 06:32:18.171,6.926,lower,0.025000000000000577,0.6700000000000006
2026-08-16 06:32:18.181,6.936,lower,-0.07562500000000028,0.6300000000000006
2026-08-16 06:32:18.191,6.946,lower,0.07062499999999972,0.675
2026-08-16 06:32:18.201,6.956,lower,-0.1200000000000001,0.6331249999999999
2026-08-16 06:32:18.211,6.966,lower,0.038124999999999964,0.6606250000000002
2026-08-16 06:32:18.221,6.976,lower,0.04437499999999983,0.675
2026-08-16 06:32:18.231,6.986,lower,-0.04937500000000039,0.6362500000000004
2026-08-16 06:32:18.241,6.996,lower,0.07187500000000013,0.6800000000000006
2026-08-16 06:32:18.251,7.006,lower,-0.10312499999999947,0.635
2026-08-16 06:32:18.261,7.016,lower,0.04437499999999983,0.6637499999999996
2026-08-16 06:32:18.271,7.026,lower,0.019375000000000364,0.6725000000000003
2026-08-16 06:32:18.281,7.036,lower,-0.07000000000000006,0.6362500000000004
2026-08-16 06:32:18.291,7.046,lower,0.06437499999999985,0.6743750000000004
2026-08-16 06:32:18.301,7.056,lower,-0.11812500000000004,0.6406250000000002
2026-08-16 06:32:18.311,7.066,lower,0.040000000000000036,0.6668750000000001
2026-08-16 06:32:18.321,7.076,lower,0.04249999999999976,0.673125
2026-08-16 06:32:18.331,7.086,lower,-0.04249999999999976,0.6331249999999999
2026-08-16 06:32:18.341,7.096,lower,0.07062499999999972,0.6806250000000003
2026-08-16 06:32:18.351,7.106,lower,-0.10687499999999961,0.6412499999999999
2026-08-16 06:32:18.361,7.116,lower,0.04750000000000032,0.6643750000000004
2026-08-16 06:32:18.371,7.126,lower,0.017500000000000293,0.6737499999999996
2026-08-16 06:32:18.381,7.136,lower,-0.06812499999999999,0.6325000000000003
2026-08-16 06:32:18.391,7.146,lower,0.06687500000000068,0.6825000000000003
2026-08-16 06:32:18.401,7.156,lower,-0.1200000000000001,0.6381250000000005
2026-08-16 06:32:18.411,7.166,lower,0.03750000000000031,0.6606250000000002
2026-08-16 06:32:18.421,7.176,lower,0.04125000000000045,0.6718750000000007
2026-08-16 06:32:18.431,7.186,lower,-0.03937500000000038,0.6287500000000001
2026-08-16 06:32:18.441,7.196,lower,0.07125000000000048,0.6793749999999998
2026-08-16 06:32:18.451,7.206,lower,-0.10937499999999933,0.6356249999999997
2026-08-16 06:32:18.461,7.216,lower,0.029375000000000373,0.6637499999999996
2026-08-16 06:32:18.471,7.226,lower,0.010624999999999662,0.6706250000000002
2026-08-16 06:32:18.481,7.236,lower,-0.06687499999999957,0.6343750000000004
2026-08-16 06:32:18.491,7.246,lower,0.06874999999999964,0.6812499999999999
2026-08-16 06:32:18.501,7.256,lower,-0.1200000000000001,0.6337499999999996
2026-08-16 06:32:18.511,7.266,lower,0.03937500000000038,0.6643750000000004
2026-08-16 06:32:18.521,7.276,lower,0.038124999999999964,0.6762500000000005
2026-08-16 06:32:18.531,7.286,lower,-0.08812500000000001,0.635
2026-08-16 06:32:18.541,7.296,lower,0.07249999999999979,0.6781250000000005
2026-08-16 06:32:18.551,7.306,lower,-0.11312499999999948,0.643125
2026-08-16 06:32:18.561,7.316,lower,0.028124999999999956,0.6643750000000004
2026-08-16 06:32:18.571,7.326,lower,0.008124999999999938,0.6712499999999999
2026-08-16 06:32:18.581,7.336,lower,-0.06312499999999943,0.6356249999999997
2026-08-16 06:32:18.591,7.346,lower,0.06874999999999964,0.6806250000000003
2026-08-16 06:32:18.601,7.356,lower,-0.12187500000000018,0.6418750000000006
2026-08-16 06:32:18.611,7.366,lower,0.04062499999999969,0.6674999999999998
2026-08-16 06:32:18.621,7.376,lower,0.03562500000000024,0.6756249999999997
2026-08-16 06:32:18.631,7.386,lower,-0.08687499999999959,0.6325000000000003
2026-08-16 06:32:18.641,7.396,lower,0.07062499999999972,0.6818750000000007
2026-08-16 06:32:18.651,7.406,lower,-0.11312499999999948,0.6362500000000004
2026-08-16 06:32:18.661,7.416,lower,0.033125000000000515,0.6593749999999998
2026-08-16 06:32:18.671,7.426,lower,0.008124999999999938,0.6743750000000004
2026-08-16 06:32:18.681,7.436,lower,-0.061875000000000124,0.6343750000000004
2026-08-16 06:32:18.691,7.446,lower,0.07125000000000048,0.6781250000000005
2026-08-16 06:32:18.701,7.456,lower,-0.09874999999999967,0.6374999999999997
2026-08-16 06:32:18.711,7.466,lower,0.04062499999999969,0.6643750000000004
2026-08-16 06:32:18.721,7.476,lower,0.0318750000000001,0.6756249999999997
2026-08-16 06:32:18.731,7.486,lower,-0.08187500000000014,0.6368750000000001
2026-08-16 06:32:18.741,7.496,lower,0.06937500000000041,0.6812499999999999
2026-08-16 06:32:18.751,7.506,lower,-0.11499999999999955,0.6400000000000006
2026-08-16 06:32:18.761,7.516,lower,0.035000000000000586,0.6606250000000002
2026-08-16 06:32:18.771,7.526,lower,0.053750000000000187,0.6737499999999996
2026-08-16 06:32:18.781,7.536,lower,-0.05750000000000033,0.635
2026-08-16 06:32:18.791,7.546,lower,0.07000000000000006,0.6774999999999998
2026-08-16 06:32:18.801,7.556,lower,-0.09937499999999932,0.6456249999999997
2026-08-16 06:32:18.811,7.566,lower,0.04249999999999976,0.665
2026-08-16 06:32:18.821,7.576,lower,0.029375000000000373,0.6762500000000005
2026-08-16 06:32:18.831,7.586,lower,-0.07750000000000035,0.6418750000000006
2026-08-16 06:32:18.841,7.596,lower,0.07000000000000006,0.6812499999999999
2026-08-16 06:32:18.851,7.606,lower,-0.11562500000000031,0.6437499999999996
2026-08-16 06:32:18.861,7.616,lower,0.03687500000000066,0.6687500000000002
2026-08-16 06:32:18.871,7.626,lower,0.05312500000000053,0.6768750000000001
2026-08-16 06:32:18.881,7.636,lower,-0.051875000000000115,0.6300000000000006
2026-08-16 06:32:18.891,7.646,lower,0.07187500000000013,0.6812499999999999
2026-08-16 06:32:18.901,7.656,lower,-0.09937499999999932,0.6425000000000003
2026-08-16 06:32:18.911,7.666,lower,0.043125000000000524,0.6574999999999998
2026-08-16 06:32:18.921,7.676,lower,0.027500000000000302,0.6756249999999997
2026-08-16 06:32:18.931,7.686,lower,-0.07499999999999951,0.6325000000000003
2026-08-16 06:32:18.941,7.696,lower,0.06937500000000041,0.6812499999999999
2026-08-16 06:32:18.951,7.706,lower,-0.1200000000000001,0.6400000000000006
2026-08-16 06:32:18.961,7.716,lower,0.03874999999999962,0.6612499999999999
2026-08-16 06:32:18.971,7.726,lower,0.05312500000000053,0.673125
2026-08-16 06:32:18.981,7.736,lower,-0.0506249999999997,0.6331249999999999
2026-08-16 06:32:18.991,7.746,lower,0.07000000000000006,0.6787500000000002
2026-08-16 06:32:19.001,7.756,lower,-0.10312499999999947,0.6406250000000002
2026-08-16 06:32:19.011,7.766,lower,0.025000000000000577,0.6600000000000006
2026-08-16 06:32:19.021,7.776,lower,0.024374999999999813,0.6762500000000005
2026-08-16 06:32:19.031,7.786,lower,-0.07062499999999972,0.6331249999999999
2026-08-16 06:32:19.041,7.796,lower,0.06874999999999964,0.6768750000000001
2026-08-16 06:32:19.051,7.806,lower,-0.11812500000000004,0.6337499999999996
2026-08-16 06:32:19.061,7.816,lower,0.04125000000000045,0.6625000000000003
2026-08-16 06:32:19.071,7.826,lower,0.0506249999999997,0.675
2026-08-16 06:32:19.081,7.836,lower,-0.04562500000000025,0.6368750000000001
2026-08-16 06:32:19.091,7.846,lower,0.0737500000000002,0.6787500000000002
2026-08-16 06:32:19.101,7.856,lower,-0.10312499999999947,0.643125
2026-08-16 06:32:19.111,7.866,lower,0.02687500000000065,0.6681250000000005
2026-08-16 06:32:19.121,7.876,lower,0.022499999999999742,0.6774999999999998
2026-08-16 06:32:19.131,7.886,lower,-0.06874999999999964,0.6281250000000005
2026-08-16 06:32:19.141,7.896,lower,0.06812499999999999,0.6825000000000003
2026-08-16 06:32:19.151,7.906,lower,-0.11750000000000038,0.643125
2026-08-16 06:32:19.161,7.916,lower,0.04249999999999976,0.6693749999999998
2026-08-16 06:32:19.171,7.926,lower,0.04750000000000032,0.675
2026-08-16 06:32:19.181,7.936,lower,-0.09437499999999988,0.6306250000000002
2026-08-16 06:32:19.191,7.946,lower,0.07249999999999979,0.6800000000000006
2026-08-16 06:32:19.201,7.956,lower,-0.10687499999999961,0.6437499999999996
2026-08-16 06:32:19.211,7.966,lower,0.030000000000000027,0.6600000000000006
2026-08-16 06:32:19.221,7.976,lower,0.01687500000000064,0.6737499999999996
2026-08-16 06:32:19.231,7.986,lower,-0.06562500000000027,0.6331249999999999
2026-08-16 06:32:19.241,7.996,lower,0.07249999999999979,0.6762500000000005
2026-08-16 06:32:19.251,8.006,lower,-0.09000000000000008,0.6393749999999998
2026-08-16 06:32:19.261,8.016,lower,0.043125000000000524,0.6574999999999998
2026-08-16 06:32:19.271,8.026,lower,0.04562500000000025,0.6706250000000002
2026-08-16 06:32:19.281,8.036,lower,-0.09000000000000008,0.6337499999999996
2026-08-16 06:32:19.291,8.046,lower,0.07437499999999986,0.6718750000000007
2026-08-16 06:32:19.301,8.056,lower,-0.10874999999999968,0.6374999999999997
2026-08-16 06:32:19.311,8.066,lower,0.03249999999999975,0.6618750000000007
2026-08-16 06:32:19.321,8.076,lower,0.012499999999999734,0.6743750000000004
2026-08-16 06:32:19.331,8.086,lower,-0.061875000000000124,0.6325000000000003
2026-08-16 06:32:19.341,8.096,lower,0.06812499999999999,0.6781250000000005
2026-08-16 06:32:19.351,8.106,lower,-0.09375000000000022,0.6437499999999996
2026-08-16 06:32:19.361,8.116,lower,0.04187500000000011,0.6643750000000004
2026-08-16 06:32:19.371,8.126,lower,0.04062499999999969,0.6762500000000005
2026-08-16 06:32:19.381,8.136,lower,-0.08624999999999994,0.6374999999999997
2026-08-16 06:32:19.391,8.146,lower,0.0737500000000002,0.6787500000000002
2026-08-16 06:32:19.401,8.156,lower,-0.11249999999999982,0.6406250000000002
2026-08-16 06:32:19.411,8.166,lower,0.03375000000000017,0.6662500000000005
2026-08-16 06:32:19.421,8.176,lower,0.0593750000000004,0.675
2026-08-16 06:32:19.431,8.186,lower,-0.06124999999999936,0.6287500000000001
2026-08-16 06:32:19.441,8.196,lower,0.07187500000000013,0.6787500000000002
2026-08-16 06:32:19.451,8.206,lower,-0.08937500000000043,0.6374999999999997
2026-08-16 06:32:19.461,8.216,lower,0.0462499999999999,0.6574999999999998
2026-08-16 06:32:19.471,8.226,lower,0.03687500000000066,0.6737499999999996
2026-08-16 06:32:19.481,8.236,lower,-0.08312499999999945,0.6331249999999999
2026-08-16 06:32:19.491,8.246,lower,0.07249999999999979,0.6781250000000005
2026-08-16 06:32:19.501,8.256,lower,-0.11249999999999982,0.6418750000000006
2026-08-16 06:32:19.511,8.266,lower,0.035000000000000586,0.6581250000000005
2026-08-16 06:32:19.521,8.276,lower,0.05750000000000033,0.673125
2026-08-16 06:32:19.531,8.286,lower,-0.0593750000000004,0.6300000000000006
2026-08-16 06:32:19.541,8.296,lower,0.07125000000000048,0.6718750000000007
2026-08-16 06:32:19.551,8.306,lower,-0.0956250000000003,0.6343750000000004
2026-08-16 06:32:19.561,8.316,lower,0.04437499999999983,0.6568750000000001
2026-08-16 06:32:19.571,8.326,lower,0.03562500000000024,0.6756249999999997
2026-08-16 06:32:19.581,8.336,lower,-0.07874999999999965,0.6343750000000004
2026-08-16 06:32:19.591,8.346,lower,0.06874999999999964,0.6756249999999997
2026-08-16 06:32:19.601,8.356,lower,-0.11187500000000017,0.6462500000000004
2026-08-16 06:32:19.611,8.366,lower,0.03624999999999989,0.6612499999999999
2026-08-16 06:32:19.621,8.376,lower,0.05562500000000026,0.6768750000000001
2026-08-16 06:32:19.631,8.386,lower,-0.05562500000000026,0.6356249999999997
2026-08-16 06:32:19.641,8.396,lower,0.06937500000000041,0.6787500000000002
2026-08-16 06:32:19.651,8.406,lower,-0.09874999999999967,0.6412499999999999
2026-08-16 06:32:19.661,8.416,lower,0.026249999999999885,0.6656249999999997
2026-08-16 06:32:19.671,8.426,lower,0.029375000000000373,0.6737499999999996
2026-08-16 06:32:19.681,8.436,lower,-0.07562500000000028,0.6306250000000002
2026-08-16 06:32:19.691,8.446,lower,0.07062499999999972,0.6793749999999998
2026-08-16 06:32:19.701,8.456,lower,-0.11687499999999962,0.6425000000000003
2026-08-16 06:32:19.711,8.466,lower,0.038124999999999964,0.6556249999999997
2026-08-16 06:32:19.721,8.476,lower,0.05562500000000026,0.673125
2026-08-16 06:32:19.731,8.486,lower,-0.053750000000000187,0.6281250000000005
2026-08-16 06:32:19.741,8.496,lower,0.0737500000000002,0.6781250000000005
2026-08-16 06:32:19.751,8.506,lower,-0.1012499999999994,0.6425000000000003
2026-08-16 06:32:19.761,8.516,lower,0.028124999999999956,0.655
2026-08-16 06:32:19.771,8.526,lower,0.025000000000000577,0.6712499999999999
2026-08-16 06:32:19.781,8.536,lower,-0.07499999999999951,0.6281250000000005
2026-08-16 06:32:19.791,8.546,lower,0.07062499999999972,0.673125
2026-08-16 06:32:19.801,8.556,lower,-0.11750000000000038,0.6362500000000004
2026-08-16 06:32:19.811,8.566,lower,0.04062499999999969,0.6581250000000005
2026-08-16 06:32:19.821,8.576,lower,0.050000000000000044,0.6687500000000002
2026-08-16 06:32:19.831,8.586,lower,-0.0956250000000003,0.6300000000000006
2026-08-16 06:32:19.841,8.596,lower,0.07312500000000055,0.6743750000000004
2026-08-16 06:32:19.851,8.606,lower,-0.10062499999999974,0.6306250000000002
2026-08-16 06:32:19.861,8.616,lower,0.028124999999999956,0.6593749999999998
2026-08-16 06:32:19.871,8.626,lower,0.022499999999999742,0.673125
2026-08-16 06:32:19.881,8.636,lower,-0.07000000000000006,0.6306250000000002
2026-08-16 06:32:19.891,8.646,lower,0.07062499999999972,0.6762500000000005
2026-08-16 06:32:19.901,8.656,lower,-0.08687499999999959,0.643125
2026-08-16 06:32:19.911,8.666,lower,0.040000000000000036,0.663125
2026-08-16 06:32:19.921,8.676,lower,0.04937500000000039,0.673125
2026-08-16 06:32:19.931,8.686,lower,-0.09437499999999988,0.6256249999999997
2026-08-16 06:32:19.941,8.696,lower,0.07249999999999979,0.6762500000000005
2026-08-16 06:32:19.951,8.706,lower,-0.10687499999999961,0.6400000000000006
2026-08-16 06:32:19.961,8.716,lower,0.02874999999999961,0.6656249999999997
2026-08-16 06:32:19.971,8.726,lower,0.020000000000000018,0.6743750000000004
2026-08-16 06:32:19.981,8.736,lower,-0.06937500000000041,0.6293749999999998
2026-08-16 06:32:19.991,8.746,lower,0.06874999999999964,0.6781250000000005
2026-08-16 06:32:20.001,8.756,lower,-0.08812500000000001,0.6412499999999999
2026-08-16 06:32:20.011,8.766,lower,0.038124999999999964,0.6493749999999998
2026-08-16 06:32:20.021,8.776,lower,0.04437499999999983,0.6687500000000002
2026-08-16 06:32:20.031,8.786,lower,-0.0924999999999998,0.6256249999999997
2026-08-16 06:32:20.041,8.796,lower,0.07062499999999972,0.6706250000000002
2026-08-16 06:32:20.051,8.806,lower,-0.11062499999999975,0.6356249999999997
2026-08-16 06:32:20.061,8.816,lower,0.030000000000000027,0.6512499999999999
2026-08-16 06:32:20.071,8.826,lower,0.05624999999999991,0.6706250000000002
2026-08-16 06:32:20.081,8.836,lower,-0.06812499999999999,0.6300000000000006
2026-08-16 06:32:20.091,8.846,lower,0.06750000000000034,0.6712499999999999
2026-08-16 06:32:20.101,8.856,lower,-0.09124999999999939,0.6343750000000004
2026-08-16 06:32:20.111,8.866,lower,0.04125000000000045,0.6543750000000004
2026-08-16 06:32:20.121,8.876,lower,0.04062499999999969,0.6743750000000004
2026-08-16 06:32:20.131,8.886,lower,-0.09187500000000015,0.6268750000000001
2026-08-16 06:32:20.141,8.896,lower,0.06687500000000068,0.673125
2026-08-16 06:32:20.151,8.906,lower,-0.11062499999999975,0.645
2026-08-16 06:32:20.161,8.916,lower,0.03062499999999968,0.6593749999999998
2026-08-16 06:32:20.171,8.926,lower,0.05812499999999998,0.6737499999999996
2026-08-16 06:32:20.181,8.936,lower,-0.06874999999999964,0.6231249999999999
2026-08-16 06:32:20.191,8.946,lower,0.06812499999999999,0.675
2026-08-16 06:32:20.201,8.956,lower,-0.09375000000000022,0.6362500000000004
2026-08-16 06:32:20.211,8.966,lower,0.04062499999999969,0.6606250000000002
2026-08-16 06:32:20.221,8.976,lower,0.03687500000000066,0.6718750000000007
2026-08-16 06:32:20.231,8.986,lower,-0.08624999999999994,0.625
2026-08-16 06:32:20.241,8.996,lower,0.06562500000000027,0.675
2026-08-16 06:32:20.251,9.006,lower,-0.11249999999999982,0.6387500000000002
2026-08-16 06:32:20.261,9.016,lower,0.03375000000000017,0.6506250000000002
2026-08-16 06:32:20.271,9.026,lower,0.0593750000000004,0.6718750000000007
2026-08-16 06:32:20.281,9.036,lower,-0.0649999999999995,0.6237500000000007
2026-08-16 06:32:20.291,9.046,lower,0.06937500000000041,0.6706250000000002
2026-08-16 06:32:20.301,9.056,lower,-0.09874999999999967,0.6362500000000004
2026-08-16 06:32:20.311,9.066,lower,0.0187499999999996,0.6487500000000002
2026-08-16 06:32:20.321,9.076,lower,0.035000000000000586,0.6693749999999998
2026-08-16 06:32:20.331,9.086,lower,-0.08562500000000028,0.6262500000000004
2026-08-16 06:32:20.341,9.096,lower,0.06500000000000061,0.6706250000000002
2026-08-16 06:32:20.351,9.106,lower,-0.11750000000000038,0.6362500000000004
2026-08-16 06:32:20.361,9.116,lower,0.03375000000000017,0.655
2026-08-16 06:32:20.371,9.126,lower,0.05562500000000026,0.6725000000000003
2026-08-16 06:32:20.381,9.136,lower,-0.058749999999999636,0.6281250000000005
2026-08-16 06:32:20.391,9.146,lower,0.06937500000000041,0.6718750000000007
2026-08-16 06:32:20.401,9.156,lower,-0.0968749999999996,0.6425000000000003
2026-08-16 06:32:20.411,9.166,lower,0.022499999999999742,0.6568750000000001
2026-08-16 06:32:20.421,9.176,lower,0.02874999999999961,0.6718750000000007
2026-08-16 06:32:20.431,9.186,lower,-0.08000000000000007,0.6287500000000001
2026-08-16 06:32:20.441,9.196,lower,0.06750000000000034,0.673125
2026-08-16 06:32:20.451,9.206,lower,-0.11687499999999962,0.6393749999999998
2026-08-16 06:32:20.461,9.216,lower,0.03562500000000024,0.6587500000000002
2026-08-16 06:32:20.471,9.226,lower,0.05312500000000053,0.673125
2026-08-16 06:32:20.481,9.236,lower,-0.10312499999999947,0.6237500000000007
2026-08-16 06:32:20.491,9.246,lower,0.07125000000000048,0.6737499999999996
2026-08-16 06:32:20.501,9.256,lower,-0.1012499999999994,0.6374999999999997
2026-08-16 06:32:20.511,9.266,lower,0.021250000000000435,0.6462500000000004
2026-08-16 06:32:20.521,9.276,lower,0.025000000000000577,0.6674999999999998
2026-08-16 06:32:20.531,9.286,lower,-0.08187500000000014,0.6231249999999999
2026-08-16 06:32:20.541,9.296,lower,0.06500000000000061,0.6743750000000004
2026-08-16 06:32:20.551,9.306,lower,-0.08687499999999959,0.6381250000000005
2026-08-16 06:32:20.561,9.316,lower,0.03687500000000066,0.6512499999999999
2026-08-16 06:32:20.571,9.326,lower,0.0506249999999997,0.6687500000000002
2026-08-16 06:32:20.581,9.336,lower,-0.10062499999999974,0.6243750000000003
2026-08-16 06:32:20.591,9.346,lower,0.07187500000000013,0.6718750000000007
2026-08-16 06:32:20.601,9.356,lower,-0.10312499999999947,0.6356249999999997
2026-08-16 06:32:20.611,9.366,lower,0.02562500000000023,0.6543750000000004
2026-08-16 06:32:20.621,9.376,lower,0.02375000000000016,0.6725000000000003
2026-08-16 06:32:20.631,9.386,lower,-0.07624999999999993,0.6256249999999997
2026-08-16 06:32:20.641,9.396,lower,0.06624999999999992,0.673125
2026-08-16 06:32:20.651,9.406,lower,-0.08375000000000021,0.6356249999999997
2026-08-16 06:32:20.661,9.416,lower,0.03687500000000066,0.6556249999999997
2026-08-16 06:32:20.671,9.426,lower,0.050000000000000044,0.6712499999999999
2026-08-16 06:32:20.681,9.436,lower,-0.09812500000000002,0.625
2026-08-16 06:32:20.691,9.446,lower,0.06874999999999964,0.675
2026-08-16 06:32:20.701,9.456,lower,-0.10687499999999961,0.6468750000000001
2026-08-16 06:32:20.711,9.466,lower,0.02687500000000065,0.6562500000000004
2026-08-16 06:32:20.721,9.476,lower,0.06000000000000005,0.675
2026-08-16 06:32:20.731,9.486,lower,-0.07437499999999986,0.6225000000000003
2026-08-16 06:32:20.741,9.496,lower,0.06937500000000041,0.6774999999999998
2026-08-16 06:32:20.751,9.506,lower,-0.08437499999999987,0.6406250000000002
2026-08-16 06:32:20.761,9.516,lower,0.03750000000000031,0.6568750000000001
2026-08-16 06:32:20.771,9.526,lower,0.043125000000000524,0.6725000000000003
2026-08-16 06:32:20.781,9.536,lower,-0.0968749999999996,0.6212499999999999
2026-08-16 06:32:20.791,9.546,lower,0.06249999999999978,0.675
2026-08-16 06:32:20.801,9.556,lower,-0.11062499999999975,0.6356249999999997
2026-08-16 06:32:20.811,9.566,lower,0.02687500000000065,0.6481250000000005
2026-08-16 06:32:20.821,9.576,lower,0.06125000000000047,0.6687500000000002
2026-08-16 06:32:20.831,9.586,lower,-0.07187500000000013,0.6256249999999997
2026-08-16 06:32:20.841,9.596,lower,0.06750000000000034,0.673125
2026-08-16 06:32:20.851,9.606,lower,-0.08874999999999966,0.635
2026-08-16 06:32:20.861,9.616,lower,0.040000000000000036,0.6506250000000002
2026-08-16 06:32:20.871,9.626,lower,0.04437499999999983,0.6687500000000002
2026-08-16 06:32:20.881,9.636,lower,-0.09124999999999939,0.6281250000000005
2026-08-16 06:32:20.891,9.646,lower,0.06562500000000027,0.6712499999999999
2026-08-16 06:32:20.901,9.656,lower,-0.11062499999999975,0.6368750000000001
2026-08-16 06:32:20.911,9.666,lower,0.031250000000000444,0.6556249999999997
2026-08-16 06:32:20.921,9.676,lower,0.06249999999999978,0.6718750000000007
2026-08-16 06:32:20.931,9.686,lower,-0.06937500000000041,0.6293749999999998
2026-08-16 06:32:20.941,9.696,lower,0.06937500000000041,0.6725000000000003
2026-08-16 06:32:20.951,9.706,lower,-0.09124999999999939,0.643125
2026-08-16 06:32:20.961,9.716,lower,0.016249999999999876,0.6562500000000004
2026-08-16 06:32:20.971,9.726,lower,0.04249999999999976,0.6743750000000004
2026-08-16 06:32:20.981,9.736,lower,-0.08750000000000036,0.6281250000000005
2026-08-16 06:32:20.991,9.746,lower,0.06687500000000068,0.6756249999999997
2026-08-16 06:32:21.001,9.756,lower,-0.11249999999999982,0.6462500000000004
2026-08-16 06:32:21.011,9.766,lower,0.031250000000000444,0.6581250000000005
2026-08-16 06:32:21.021,9.776,lower,0.05624999999999991,0.673125
2026-08-16 06:32:21.031,9.786,lower,-0.1112499999999994,0.6256249999999997
2026-08-16 06:32:21.041,9.796,lower,0.06937500000000041,0.6743750000000004
2026-08-16 06:32:21.051,9.806,lower,-0.09750000000000036,0.6387500000000002
2026-08-16 06:32:21.061,9.816,lower,0.0187499999999996,0.6474999999999997
2026-08-16 06:32:21.071,9.826,lower,0.03687500000000066,0.6706250000000002
2026-08-16 06:32:21.081,9.836,lower,-0.08499999999999952,0.6243750000000003
2026-08-16 06:32:21.091,9.846,lower,0.06562500000000027,0.6700000000000006
2026-08-16 06:32:21.101,9.856,lower,-0.11499999999999955,0.6418750000000006
2026-08-16 06:32:21.111,9.866,lower,0.03375000000000017,0.653125
2026-08-16 06:32:21.121,9.876,lower,0.05750000000000033,0.6700000000000006
2026-08-16 06:32:21.131,9.886,lower,-0.10499999999999954,0.6274999999999997
2026-08-16 06:32:21.141,9.896,lower,0.07125000000000048,0.673125
2026-08-16 06:32:21.151,9.906,lower,-0.09750000000000036,0.6374999999999997
2026-08-16 06:32:21.161,9.916,lower,0.022499999999999742,0.655
2026-08-16 06:32:21.171,9.926,lower,0.03437499999999982,0.6712499999999999
2026-08-16 06:32:21.181,9.936,lower,-0.0824999999999998,0.6281250000000005
2026-08-16 06:32:21.191,9.946,lower,0.06812499999999999,0.6737499999999996
2026-08-16 06:32:21.201,9.956,lower,-0.07624999999999993,0.6474999999999997
2026-08-16 06:32:21.211,9.966,lower,0.03562500000000024,0.6593749999999998
2026-08-16 06:32:21.221,9.976,lower,0.05562500000000026,0.6718750000000007
2026-08-16 06:32:21.231,9.986,lower,-0.09937499999999932,0.6287500000000001
2026-08-16 06:32:21.241,9.996,lower,0.07187500000000013,0.6737499999999996
2026-08-16 06:32:21.251,10.006,lower,-0.09937499999999932,0.643125
2026-08-16 06:32:21.261,10.016,lower,0.025000000000000577,0.6600000000000006
2026-08-16 06:32:21.271,10.026,lower,0.06562500000000027,0.6756249999999997
2026-08-16 06:32:21.281,10.036,lower,-0.08312499999999945,0.6243750000000003
2026-08-16 06:32:21.291,10.046,lower,0.06624999999999992,0.675
2026-08-16 06:32:21.301,10.056,lower,-0.07874999999999965,0.6393749999999998
2026-08-16 06:32:21.311,10.066,lower,0.03375000000000017,0.6437499999999996
2026-08-16 06:32:21.321,10.076,lower,0.05125000000000046,0.6725000000000003
2026-08-16 06:32:21.331,10.086,lower,-0.10000000000000009,0.6237500000000007
2026-08-16 06:32:21.341,10.096,lower,0.06937500000000041,0.6737499999999996
2026-08-16 06:32:21.351,10.106,lower,-0.10437499999999988,0.6356249999999997
2026-08-16 06:32:21.361,10.116,lower,0.027500000000000302,0.6487500000000002
2026-08-16 06:32:21.371,10.126,lower,0.06687500000000068,0.6706250000000002
2026-08-16 06:32:21.381,10.136,lower,-0.078125,0.6293749999999998
2026-08-16 06:32:21.391,10.146,lower,0.06937500000000041,0.6706250000000002
2026-08-16 06:32:21.401,10.156,lower,-0.07750000000000035,0.6400000000000006
2026-08-16 06:32:21.411,10.166,lower,0.03874999999999962,0.6537499999999996
2026-08-16 06:32:21.421,10.176,lower,0.05437499999999984,0.6718750000000007
2026-08-16 06:32:21.431,10.186,lower,-0.09624999999999995,0.625
2026-08-16 06:32:21.441,10.196,lower,0.06562500000000027,0.6725000000000003
2026-08-16 06:32:21.451,10.206,lower,-0.10437499999999988,0.6368750000000001
2026-08-16 06:32:21.461,10.216,lower,0.02874999999999961,0.6543750000000004
2026-08-16 06:32:21.471,10.226,lower,0.0637500000000002,0.6756249999999997
2026-08-16 06:32:21.481,10.236,lower,-0.07249999999999979,0.6268750000000001
2026-08-16 06:32:21.491,10.246,lower,0.07249999999999979,0.673125
2026-08-16 06:32:21.501,10.256,lower,-0.0824999999999998,0.6474999999999997
2026-08-16 06:32:21.511,10.266,lower,0.01187500000000008,0.655
2026-08-16 06:32:21.521,10.276,lower,0.04874999999999963,0.6743750000000004
2026-08-16 06:32:21.531,10.286,lower,-0.09499999999999953,0.6206250000000002
2026-08-16 06:32:21.541,10.296,lower,0.06687500000000068,0.6718750000000007
2026-08-16 06:32:21.551,10.306,lower,-0.10624999999999996,0.6425000000000003
2026-08-16 06:32:21.561,10.316,lower,0.028124999999999956,0.6574999999999998
2026-08-16 06:32:21.571,10.326,lower,0.06249999999999978,0.675
2026-08-16 06:32:21.581,10.336,lower,-0.07124999999999937,0.6231249999999999
2026-08-16 06:32:21.591,10.346,lower,0.07249999999999979,0.6774999999999998
2026-08-16 06:32:21.601,10.356,lower,-0.08687499999999959,0.6400000000000006
2026-08-16 06:32:21.611,10.366,lower,0.018124999999999947,0.6487500000000002
2026-08-16 06:32:21.621,10.376,lower,0.050000000000000044,0.6712499999999999
2026-08-16 06:32:21.631,10.386,lower,-0.09000000000000008,0.6237500000000007
2026-08-16 06:32:21.641,10.396,lower,0.06812499999999999,0.6718750000000007
2026-08-16 06:32:21.651,10.406,lower,-0.10499999999999954,0.6381250000000005
2026-08-16 06:32:21.661,10.416,lower,0.03375000000000017,0.653125
2026-08-16 06:32:21.671,10.426,lower,0.06312500000000054,0.6706250000000002
2026-08-16 06:32:21.681,10.436,lower,-0.1100000000000001,0.6274999999999997
2026-08-16 06:32:21.691,10.446,lower,0.07187500000000013,0.6718750000000007
2026-08-16 06:32:21.701,10.456,lower,-0.09187500000000015,0.6374999999999997
2026-08-16 06:32:21.711,10.466,lower,0.019375000000000364,0.6562500000000004
2026-08-16 06:32:21.721,10.476,lower,0.04750000000000032,0.6706250000000002
2026-08-16 06:32:21.731,10.486,lower,-0.08812500000000001,0.6274999999999997
2026-08-16 06:32:21.741,10.496,lower,0.0637500000000002,0.6725000000000003
2026-08-16 06:32:21.751,10.506,lower,-0.10812500000000003,0.6474999999999997
2026-08-16 06:32:21.761,10.516,lower,0.029375000000000373,0.6525000000000003
2026-08-16 06:32:21.771,10.526,lower,0.058749999999999636,0.6700000000000006
2026-08-16 06:32:21.781,10.536,lower,-0.1056250000000003,0.6206250000000002
2026-08-16 06:32:21.791,10.546,lower,0.07062499999999972,0.6743750000000004
2026-08-16 06:32:21.801,10.556,lower,-0.09375000000000022,0.6443750000000004
2026-08-16 06:32:21.811,10.566,lower,0.022499999999999742,0.6543750000000004
2026-08-16 06:32:21.821,10.576,lower,0.03750000000000031,0.6737499999999996
2026-08-16 06:32:21.831,10.586,lower,-0.08874999999999966,0.6243750000000003
2026-08-16 06:32:21.841,10.596,lower,0.07062499999999972,0.6756249999999997
2026-08-16 06:32:21.851,10.606,lower,-0.07000000000000006,0.6412499999999999
2026-08-16 06:32:21.861,10.616,lower,0.033125000000000515,0.6456249999999997
2026-08-16 06:32:21.871,10.626,lower,0.06000000000000005,0.6737499999999996
2026-08-16 06:32:21.881,10.636,lower,-0.10000000000000009,0.6212499999999999
2026-08-16 06:32:21.891,10.646,lower,0.07062499999999972,0.675
2026-08-16 06:32:21.901,10.656,lower,-0.09624999999999995,0.6393749999999998
2026-08-16 06:32:21.911,10.666,lower,0.02375000000000016,0.6487500000000002
2026-08-16 06:32:21.921,10.676,lower,0.06750000000000034,0.6725000000000003
2026-08-16 06:32:21.931,10.686,lower,-0.08499999999999952,0.6256249999999997
2026-08-16 06:32:21.941,10.696,lower,0.06812499999999999,0.6718750000000007
2026-08-16 06:32:21.951,10.706,lower,-0.07187500000000013,0.6374999999999997
2026-08-16 06:32:21.961,10.716,lower,0.03375000000000017,0.6525000000000003
2026-08-16 06:32:21.971,10.726,lower,0.056875000000000675,0.675
2026-08-16 06:32:21.981,10.736,lower,-0.1012499999999994,0.625
2026-08-16 06:32:21.991,10.746,lower,0.07062499999999972,0.6706250000000002
2026-08-16 06:32:22.001,10.756,lower,-0.0968749999999996,0.6443750000000004
2026-08-16 06:32:22.011,10.766,lower,0.025000000000000577,0.653125
2026-08-16 06:32:22.021,10.776,lower,0.06750000000000034,0.6718750000000007
2026-08-16 06:32:22.031,10.786,lower,-0.0824999999999998,0.6281250000000005
2026-08-16 06:32:22.041,10.796,lower,0.06874999999999964,0.6700000000000006
2026-08-16 06:32:22.051,10.806,lower,-0.07750000000000035,0.6443750000000004
2026-08-16 06:32:22.061,10.816,lower,0.033125000000000515,0.6543750000000004
2026-08-16 06:32:22.071,10.826,lower,0.056875000000000675,0.673125
2026-08-16 06:32:22.081,10.836,lower,-0.09874999999999967,0.625
2026-08-16 06:32:22.091,10.846,lower,0.06249999999999978,0.6768750000000001
2026-08-16 06:32:22.101,10.856,lower,-0.09937499999999932,0.643125
2026-08-16 06:32:22.111,10.866,lower,0.02874999999999961,0.6481250000000005
2026-08-16 06:32:22.121,10.876,lower,0.06437499999999985,0.6756249999999997
2026-08-16 06:32:22.131,10.886,lower,-0.07750000000000035,0.6274999999999997
2026-08-16 06:32:22.141,10.896,lower,0.07249999999999979,0.6800000000000006
2026-08-16 06:32:22.151,10.906,lower,-0.08062499999999972,0.643125
2026-08-16 06:32:22.161,10.916,lower,0.010624999999999662,0.6481250000000005
2026-08-16 06:32:22.171,10.926,lower,0.05437499999999984,0.6743750000000004
2026-08-16 06:32:22.181,10.936,lower,-0.10249999999999981,0.6256249999999997
2026-08-16 06:32:22.191,10.946,lower,0.06312500000000054,0.6706250000000002
2026-08-16 06:32:22.201,10.956,lower,-0.10312499999999947,0.6387500000000002
2026-08-16 06:32:22.211,10.966,lower,0.02562500000000023,0.6537499999999996
2026-08-16 06:32:22.221,10.976,lower,0.06249999999999978,0.6712499999999999
2026-08-16 06:32:22.231,10.986,lower,-0.07624999999999993,0.6300000000000006
2026-08-16 06:32:22.241,10.996,lower,0.07000000000000006,0.6687500000000002
2026-08-16 06:32:22.251,11.006,lower,-0.08812500000000001,0.6393749999999998
2026-08-16 06:32:22.261,11.016,lower,0.015000000000000568,0.6543750000000004
2026-08-16 06:32:22.271,11.026,lower,0.04812499999999997,0.6756249999999997
2026-08-16 06:32:22.281,11.036,lower,-0.09937499999999932,0.6287500000000001
2026-08-16 06:32:22.291,11.046,lower,0.06562500000000027,0.673125
2026-08-16 06:32:22.301,11.056,lower,-0.10624999999999996,0.6456249999999997
2026-08-16 06:32:22.311,11.066,lower,0.028124999999999956,0.6556249999999997
2026-08-16 06:32:22.321,11.076,lower,0.06125000000000047,0.6768750000000001
2026-08-16 06:32:22.331,11.086,lower,-0.1112499999999994,0.6268750000000001
2026-08-16 06:32:22.341,11.096,lower,0.06937500000000041,0.6756249999999997
2026-08-16 06:32:22.351,11.106,lower,-0.08750000000000036,0.6500000000000006
2026-08-16 06:32:22.361,11.116,lower,0.01687500000000064,0.655
2026-08-16 06:32:22.371,11.126,lower,0.046875000000000666,0.6743750000000004
2026-08-16 06:32:22.381,11.136,lower,-0.09812500000000002,0.625
2026-08-16 06:32:22.391,11.146,lower,0.06624999999999992,0.6774999999999998
2026-08-16 06:32:22.401,11.156,lower,-0.0637500000000002,0.6443750000000004
2026-08-16 06:32:22.411,11.166,lower,0.028124999999999956,0.6506250000000002
2026-08-16 06:32:22.421,11.176,lower,0.06437499999999985,0.6762500000000005
2026-08-16 06:32:22.431,11.186,lower,-0.10687499999999961,0.6281250000000005
2026-08-16 06:32:22.441,11.196,lower,0.06687500000000068,0.6718750000000007
2026-08-16 06:32:22.451,11.206,lower,-0.09062499999999973,0.6437499999999996
2026-08-16 06:32:22.461,11.216,lower,0.02062499999999967,0.6518750000000006
2026-08-16 06:32:22.471,11.226,lower,0.04062499999999969,0.673125
2026-08-16 06:32:22.481,11.236,lower,-0.0924999999999998,0.6300000000000006
2026-08-16 06:32:22.491,11.246,lower,0.06812499999999999,0.6737499999999996
2026-08-16 06:32:22.501,11.256,lower,-0.07062499999999972,0.6412499999999999
2026-08-16 06:32:22.511,11.266,lower,0.027500000000000302,0.6562500000000004
2026-08-16 06:32:22.521,11.276,lower,0.06125000000000047,0.675
2026-08-16 06:32:22.531,11.286,lower,-0.10750000000000037,0.6300000000000006
2026-08-16 06:32:22.541,11.296,lower,0.06750000000000034,0.673125
2026-08-16 06:32:22.551,11.306,lower,-0.09375000000000022,0.6493749999999998
2026-08-16 06:32:22.561,11.316,lower,0.018124999999999947,0.6537499999999996
2026-08-16 06:32:22.571,11.326,lower,0.06125000000000047,0.6743750000000004
2026-08-16 06:32:22.581,11.336,lower,-0.08874999999999966,0.6293749999999998
2026-08-16 06:32:22.591,11.346,lower,0.06624999999999992,0.6774999999999998
2026-08-16 06:32:22.601,11.356,lower,-0.07187500000000013,0.6500000000000006
2026-08-16 06:32:22.611,11.366,lower,0.031250000000000444,0.6574999999999998
2026-08-16 06:32:22.621,11.376,lower,0.05812499999999998,0.6762500000000005
2026-08-16 06:32:22.631,11.386,lower,-0.10812500000000003,0.6268750000000001
2026-08-16 06:32:22.641,11.396,lower,0.07125000000000048,0.6787500000000002
2026-08-16 06:32:22.651,11.406,lower,-0.09937499999999932,0.6474999999999997
2026-08-16 06:32:22.661,11.416,lower,0.019375000000000364,0.6481250000000005
2026-08-16 06:32:22.671,11.426,lower,0.0637500000000002,0.6774999999999998
2026-08-16 06:32:22.681,11.436,lower,-0.08874999999999966,0.6274999999999997
2026-08-16 06:32:22.691,11.446,lower,0.06562500000000027,0.6812499999999999
2026-08-16 06:32:22.701,11.456,lower,-0.07499999999999951,0.6456249999999997
2026-08-16 06:32:22.711,11.466,lower,0.03249999999999975,0.6525000000000003
2026-08-16 06:32:22.721,11.476,lower,0.05437499999999984,0.6756249999999997
2026-08-16 06:32:22.731,11.486,lower,-0.10437499999999988,0.625
2026-08-16 06:32:22.741,11.496,lower,0.061875000000000124,0.6725000000000003
2026-08-16 06:32:22.751,11.506,lower,-0.10187500000000016,0.6456249999999997
2026-08-16 06:32:22.761,11.516,lower,0.019375000000000364,0.6518750000000006
2026-08-16 06:32:22.771,11.526,lower,0.06125000000000047,0.6725000000000003
2026-08-16 06:32:22.781,11.536,lower,-0.08562500000000028,0.6281250000000005
2026-08-16 06:32:22.791,11.546,lower,0.06312500000000054,0.6743750000000004
2026-08-16 06:32:22.801,11.556,lower,-0.08187500000000014,0.6512499999999999
2026-08-16 06:32:22.811,11.566,lower,0.006249999999999867,0.6562500000000004
2026-08-16 06:32:22.821,11.576,lower,0.051875000000000115,0.6781250000000005
2026-08-16 06:32:22.831,11.586,lower,-0.10437499999999988,0.6306250000000002
2026-08-16 06:32:22.841,11.596,lower,0.0637500000000002,0.6774999999999998
2026-08-16 06:32:22.851,11.606,lower,-0.1012499999999994,0.6506250000000002
2026-08-16 06:32:22.861,11.616,lower,0.02062499999999967,0.6537499999999996
2026-08-16 06:32:22.871,11.626,lower,0.0637500000000002,0.6774999999999998
2026-08-16 06:32:22.881,11.636,lower,-0.0824999999999998,0.6293749999999998
2026-08-16 06:32:22.891,11.646,lower,0.06937500000000041,0.6793749999999998
2026-08-16 06:32:22.901,11.656,lower,-0.08000000000000007,0.6500000000000006
2026-08-16 06:32:22.911,11.666,lower,0.011250000000000426,0.6462500000000004
2026-08-16 06:32:22.921,11.676,lower,0.050000000000000044,0.6806250000000003
2026-08-16 06:32:22.931,11.686,lower,-0.10187500000000016,0.6256249999999997
2026-08-16 06:32:22.941,11.696,lower,0.06624999999999992,0.6825000000000003
2026-08-16 06:32:22.951,11.706,lower,-0.10874999999999968,0.6481250000000005
2026-08-16 06:32:22.961,11.716,lower,0.023125000000000506,0.653125
2026-08-16 06:32:22.971,11.726,lower,0.06500000000000061,0.6774999999999998
2026-08-16 06:32:22.981,11.736,lower,-0.11874999999999969,0.6306250000000002
2026-08-16 06:32:22.991,11.746,lower,0.06750000000000034,0.6737499999999996
2026-08-16 06:32:23.001,11.756,lower,-0.08375000000000021,0.6468750000000001
2026-08-16 06:32:23.011,11.766,lower,0.011250000000000426,0.655
2026-08-16 06:32:23.021,11.776,lower,0.050000000000000044,0.6800000000000006
2026-08-16 06:32:23.031,11.786,lower,-0.10062499999999974,0.6300000000000006
2026-08-16 06:32:23.041,11.796,lower,0.06249999999999978,0.6718750000000007
2026-08-16 06:32:23.051,11.806,lower,-0.06249999999999978,0.6437499999999996
2026-08-16 06:32:23.061,11.816,lower,0.027500000000000302,0.6543750000000004
2026-08-16 06:32:23.071,11.826,lower,0.06062499999999971,0.6737499999999996
2026-08-16 06:32:23.081,11.836,lower,-0.11375000000000024,0.6300000000000006
2026-08-16 06:32:23.091,11.846,lower,0.07062499999999972,0.6768750000000001
2026-08-16 06:32:23.101,11.856,lower,-0.08562500000000028,0.6512499999999999
2026-08-16 06:32:23.111,11.866,lower,0.014374999999999805,0.6568750000000001
2026-08-16 06:32:23.121,11.876,lower,0.04750000000000032,0.6793749999999998
2026-08-16 06:32:23.131,11.886,lower,-0.0968749999999996,0.6274999999999997
2026-08-16 06:32:23.141,11.896,lower,0.06500000000000061,0.6787500000000002
2026-08-16 06:32:23.151,11.906,lower,-0.06437499999999985,0.6518750000000006
2026-08-16 06:32:23.161,11.916,lower,0.028124999999999956,0.6587500000000002
2026-08-16 06:32:23.171,11.926,lower,0.06249999999999978,0.6806250000000003
2026-08-16 06:32:23.181,11.936,lower,-0.11375000000000024,0.6262500000000004
2026-08-16 06:32:23.191,11.946,lower,0.06812499999999999,0.6768750000000001
2026-08-16 06:32:23.201,11.956,lower,-0.08874999999999966,0.6481250000000005
2026-08-16 06:32:23.211,11.966,lower,0.013750000000000151,0.6462500000000004
2026-08-16 06:32:23.221,11.976,lower,0.06437499999999985,0.6774999999999998
2026-08-16 06:32:23.231,11.986,lower,-0.0968749999999996,0.625
2026-08-16 06:32:23.241,11.996,lower,0.06562500000000027,0.6693749999999998
2026-08-16 06:32:23.251,12.006,lower,-0.06874999999999964,0.6468750000000001
2026-08-16 06:32:23.261,12.016,lower,0.027500000000000302,0.6518750000000006
2026-08-16 06:32:23.271,12.026,lower,0.05812499999999998,0.6774999999999998
2026-08-16 06:32:23.281,12.036,lower,-0.10937499999999933,0.6268750000000001
2026-08-16 06:32:23.291,12.046,lower,0.06249999999999978,0.6706250000000002
2026-08-16 06:32:23.301,12.056,lower,-0.0968749999999996,0.6418750000000006
2026-08-16 06:32:23.311,12.066,lower,0.018124999999999947,0.655
2026-08-16 06:32:23.321,12.076,lower,0.07000000000000006,0.6800000000000006
2026-08-16 06:32:23.331,12.086,lower,-0.09312499999999946,0.6287500000000001
2026-08-16 06:32:23.341,12.096,lower,0.06937500000000041,0.6768750000000001
2026-08-16 06:32:23.351,12.106,lower,-0.06562500000000027,0.6518750000000006
2026-08-16 06:32:23.361,12.116,lower,0.0318750000000001,0.6593749999999998
2026-08-16 06:32:23.371,12.126,lower,0.06249999999999978,0.6793749999999998
2026-08-16 06:32:23.381,12.136,lower,-0.10437499999999988,0.6325000000000003
2026-08-16 06:32:23.391,12.146,lower,0.06437499999999985,0.6756249999999997
2026-08-16 06:32:23.401,12.156,lower,-0.09624999999999995,0.6512499999999999
2026-08-16 06:32:23.411,12.166,lower,0.024374999999999813,0.6568750000000001
2026-08-16 06:32:23.421,12.176,lower,0.06874999999999964,0.6787500000000002
2026-08-16 06:32:23.431,12.186,lower,-0.08687499999999959,0.6287500000000001
2026-08-16 06:32:23.441,12.196,lower,0.07000000000000006,0.6806250000000003
2026-08-16 06:32:23.451,12.206,lower,-0.07062499999999972,0.6525000000000003
2026-08-16 06:32:23.461,12.216,lower,0.0050000000000005596,0.6493749999999998
2026-08-16 06:32:23.471,12.226,lower,0.06062499999999971,0.6787500000000002
2026-08-16 06:32:23.481,12.236,lower,-0.10437499999999988,0.6300000000000006
2026-08-16 06:32:23.491,12.246,lower,0.06312500000000054,0.6800000000000006
2026-08-16 06:32:23.501,12.256,lower,-0.0956250000000003,0.6493749999999998
2026-08-16 06:32:23.511,12.266,lower,0.022499999999999742,0.6481250000000005
2026-08-16 06:32:23.521,12.276,lower,0.06500000000000061,0.6774999999999998
2026-08-16 06:32:23.531,12.286,lower,-0.08624999999999994,0.6274999999999997
2026-08-16 06:32:23.541,12.296,lower,0.06874999999999964,0.6687500000000002
2026-08-16 06:32:23.551,12.306,lower,-0.07499999999999951,0.6468750000000001
2026-08-16 06:32:23.561,12.316,lower,0.008749999999999591,0.6512499999999999
2026-08-16 06:32:23.571,12.326,lower,0.05750000000000033,0.6787500000000002
2026-08-16 06:32:23.581,12.336,lower,-0.10000000000000009,0.6293749999999998
2026-08-16 06:32:23.591,12.346,lower,0.06437499999999985,0.6743750000000004
2026-08-16 06:32:23.601,12.356,lower,-0.09750000000000036,0.6581250000000005
2026-08-16 06:32:23.611,12.366,lower,0.02375000000000016,0.6537499999999996
2026-08-16 06:32:23.621,12.376,lower,0.06624999999999992,0.6806250000000003
2026-08-16 06:32:23.631,12.386,lower,-0.11499999999999955,0.6318750000000006
2026-08-16 06:32:23.641,12.396,lower,0.07125000000000048,0.6806250000000003
2026-08-16 06:32:23.651,12.406,lower,-0.07624999999999993,0.6506250000000002
2026-08-16 06:32:23.661,12.416,lower,0.011250000000000426,0.6574999999999998
2026-08-16 06:32:23.671,12.426,lower,0.05750000000000033,0.6818750000000007
2026-08-16 06:32:23.681,12.436,lower,-0.10000000000000009,0.6231249999999999
2026-08-16 06:32:23.691,12.446,lower,0.06500000000000061,0.6787500000000002
2026-08-16 06:32:23.701,12.456,lower,-0.05562500000000026,0.6506250000000002
2026-08-16 06:32:23.711,12.466,lower,0.02687500000000065,0.6462500000000004
2026-08-16 06:32:23.721,12.476,lower,0.06687500000000068,0.6800000000000006
2026-08-16 06:32:23.731,12.486,lower,-0.1143749999999999,0.6312499999999999
2026-08-16 06:32:23.741,12.496,lower,0.06937500000000041,0.6793749999999998
2026-08-16 06:32:23.751,12.506,lower,-0.08000000000000007,0.6518750000000006
2026-08-16 06:32:23.761,12.516,lower,0.01187500000000008,0.6474999999999997
2026-08-16 06:32:23.771,12.526,lower,0.05249999999999977,0.6812499999999999
2026-08-16 06:32:23.781,12.536,lower,-0.10187500000000016,0.6300000000000006
2026-08-16 06:32:23.791,12.546,lower,0.06562500000000027,0.6693749999999998
2026-08-16 06:32:23.801,12.556,lower,-0.053750000000000187,0.6474999999999997
2026-08-16 06:32:23.811,12.566,lower,0.026249999999999885,0.6481250000000005
2026-08-16 06:32:23.821,12.576,lower,0.06562500000000027,0.6781250000000005
2026-08-16 06:32:23.831,12.586,lower,-0.11249999999999982,0.6306250000000002
2026-08-16 06:32:23.841,12.596,lower,0.07187500000000013,0.6756249999999997
2026-08-16 06:32:23.851,12.606,lower,-0.08000000000000007,0.6456249999999997
2026-08-16 06:32:23.861,12.616,lower,0.018124999999999947,0.655
2026-08-16 06:32:23.871,12.626,lower,0.06937500000000041,0.6806250000000003
2026-08-16 06:32:23.881,12.636,lower,-0.09750000000000036,0.6300000000000006
2026-08-16 06:32:23.891,12.646,lower,0.07062499999999972,0.6787500000000002
2026-08-16 06:32:23.901,12.656,lower,-0.056874999999999565,0.6562500000000004
2026-08-16 06:32:23.911,12.666,lower,0.02874999999999961,0.6562500000000004
2026-08-16 06:32:23.921,12.676,lower,0.06624999999999992,0.6800000000000006
2026-08-16 06:32:23.931,12.686,lower,-0.11187500000000017,0.6281250000000005
2026-08-16 06:32:23.941,12.696,lower,0.06125000000000047,0.6781250000000005
2026-08-16 06:32:23.951,12.706,lower,-0.08437499999999987,0.6543750000000004
2026-08-16 06:32:23.961,12.716,lower,0.019375000000000364,0.6581250000000005
2026-08-16 06:32:23.971,12.726,lower,0.06937500000000041,0.6800000000000006
2026-08-16 06:32:23.981,12.736,lower,-0.09499999999999953,0.6287500000000001
2026-08-16 06:32:23.991,12.746,lower,0.06750000000000034,0.6800000000000006
2026-08-16 06:32:24.001,12.756,lower,-0.0637500000000002,0.6525000000000003
2026-08-16 06:32:24.011,12.766,lower,0.0,0.6487500000000002
2026-08-16 06:32:24.021,12.776,lower,0.06312500000000054,0.6781250000000005
2026-08-16 06:32:24.031,12.786,lower,-0.1100000000000001,0.6300000000000006
2026-08-16 06:32:24.041,12.796,lower,0.06062499999999971,0.6712499999999999
2026-08-16 06:32:24.051,12.806,lower,-0.08937500000000043,0.6506250000000002
2026-08-16 06:32:24.061,12.816,lower,0.018124999999999947,0.6493749999999998
2026-08-16 06:32:24.071,12.826,lower,0.06562500000000027,0.6781250000000005
2026-08-16 06:32:24.081,12.836,lower,-0.09312499999999946,0.6325000000000003
2026-08-16 06:32:24.091,12.846,lower,0.06874999999999964,0.6737499999999996
2026-08-16 06:32:24.101,12.856,lower,-0.06750000000000034,0.6512499999999999
2026-08-16 06:32:24.111,12.866,lower,0.003750000000000142,0.653125
2026-08-16 06:32:24.121,12.876,lower,0.0637500000000002,0.6768750000000001
2026-08-16 06:32:24.131,12.886,lower,-0.11062499999999975,0.6274999999999997
2026-08-16 06:32:24.141,12.896,lower,0.058749999999999636,0.6768750000000001
2026-08-16 06:32:24.151,12.906,lower,-0.09062499999999973,0.6593749999999998
2026-08-16 06:32:24.161,12.916,lower,0.02062499999999967,0.6587500000000002
2026-08-16 06:32:24.171,12.926,lower,0.06500000000000061,0.6812499999999999
2026-08-16 06:32:24.181,12.936,lower,-0.11937499999999934,0.6300000000000006
2026-08-16 06:32:24.191,12.946,lower,0.06874999999999964,0.6768750000000001
2026-08-16 06:32:24.201,12.956,lower,-0.06937500000000041,0.6518750000000006
2026-08-16 06:32:24.211,12.966,lower,0.008124999999999938,0.6574999999999998
2026-08-16 06:32:24.221,12.976,lower,0.06062499999999971,0.6800000000000006
2026-08-16 06:32:24.231,12.986,lower,-0.10874999999999968,0.6274999999999997
2026-08-16 06:32:24.241,12.996,lower,0.06562500000000027,0.6762500000000005
2026-08-16 06:32:24.251,13.006,lower,-0.09812500000000002,0.653125
2026-08-16 06:32:24.261,13.016,lower,0.02062499999999967,0.6474999999999997
2026-08-16 06:32:24.271,13.026,lower,0.06874999999999964,0.6825000000000003
2026-08-16 06:32:24.281,13.036,lower,-0.1200000000000001,0.6281250000000005
2026-08-16 06:32:24.291,13.046,lower,0.06624999999999992,0.6768750000000001
2026-08-16 06:32:24.301,13.056,lower,-0.07062499999999972,0.6525000000000003
2026-08-16 06:32:24.311,13.066,lower,0.005625000000000213,0.6443750000000004
2026-08-16 06:32:24.321,13.076,lower,0.056875000000000675,0.6774999999999998
2026-08-16 06:32:24.331,13.086,lower,-0.10437499999999988,0.6281250000000005
2026-08-16 06:32:24.341,13.096,lower,0.0637500000000002,0.6693749999999998
2026-08-16 06:32:24.351,13.106,lower,-0.05249999999999977,0.6481250000000005
2026-08-16 06:32:24.361,13.116,lower,0.023125000000000506,0.6474999999999997
2026-08-16 06:32:24.371,13.126,lower,0.06812499999999999,0.6806250000000003
2026-08-16 06:32:24.381,13.136,lower,-0.11812500000000004,0.6274999999999997
2026-08-16 06:32:24.391,13.146,lower,0.06812499999999999,0.675
2026-08-16 06:32:24.401,13.156,lower,-0.07624999999999993,0.6587500000000002
2026-08-16 06:32:24.411,13.166,lower,0.010624999999999662,0.6562500000000004
2026-08-16 06:32:24.421,13.176,lower,0.06687500000000068,0.6787500000000002
2026-08-16 06:32:24.431,13.186,lower,-0.1012499999999994,0.6293749999999998
2026-08-16 06:32:24.441,13.196,lower,0.0637500000000002,0.6781250000000005
2026-08-16 06:32:24.451,13.206,lower,-0.05312499999999942,0.6574999999999998
2026-08-16 06:32:24.461,13.216,lower,0.024374999999999813,0.6581250000000005
2026-08-16 06:32:24.471,13.226,lower,0.06562500000000027,0.6806250000000003
2026-08-16 06:32:24.481,13.236,lower,-0.11750000000000038,0.6281250000000005
2026-08-16 06:32:24.491,13.246,lower,0.06874999999999964,0.6768750000000001
2026-08-16 06:32:24.501,13.256,lower,-0.07562500000000028,0.655
2026-08-16 06:32:24.511,13.266,lower,0.009375000000000355,0.6406250000000002
2026-08-16 06:32:24.521,13.276,lower,0.06687500000000068,0.6787500000000002
2026-08-16 06:32:24.531,13.286,lower,-0.10312499999999947,0.6262500000000004
2026-08-16 06:32:24.541,13.296,lower,0.06437499999999985,0.6774999999999998
2026-08-16 06:32:24.551,13.306,lower,-0.054999999999999494,0.6525000000000003
2026-08-16 06:32:24.561,13.316,lower,0.024374999999999813,0.6456249999999997
2026-08-16 06:32:24.571,13.326,lower,0.0637500000000002,0.6800000000000006
2026-08-16 06:32:24.581,13.336,lower,-0.11562500000000031,0.6281250000000005
2026-08-16 06:32:24.591,13.346,lower,0.056875000000000675,0.6725000000000003
2026-08-16 06:32:24.601,13.356,lower,-0.08187500000000014,0.6518750000000006
2026-08-16 06:32:24.611,13.366,lower,0.01187500000000008,0.6493749999999998
2026-08-16 06:32:24.621,13.376,lower,0.06937500000000041,0.6800000000000006
2026-08-16 06:32:24.631,13.386,lower,-0.09937499999999932,0.6318750000000006
2026-08-16 06:32:24.641,13.396,lower,0.06312500000000054,0.6700000000000006
2026-08-16 06:32:24.651,13.406,lower,-0.05750000000000033,0.6493749999999998
2026-08-16 06:32:24.661,13.416,lower,0.023125000000000506,0.6506250000000002
2026-08-16 06:32:24.671,13.426,lower,0.06312500000000054,0.6800000000000006
2026-08-16 06:32:24.681,13.436,lower,-0.11624999999999996,0.6312499999999999
2026-08-16 06:32:24.691,13.446,lower,0.0593750000000004,0.6768750000000001
2026-08-16 06:32:24.701,13.456,lower,-0.08874999999999966,0.6606250000000002
2026-08-16 06:32:24.711,13.466,lower,0.014374999999999805,0.6574999999999998
2026-08-16 06:32:24.721,13.476,lower,0.06750000000000034,0.6806250000000003
2026-08-16 06:32:24.731,13.486,lower,-0.10187500000000016,0.6262500000000004
2026-08-16 06:32:24.741,13.496,lower,0.06624999999999992,0.6781250000000005
2026-08-16 06:32:24.751,13.506,lower,-0.06000000000000005,0.6525000000000003
2026-08-16 06:32:24.761,13.516,lower,-0.001875000000000071,0.6568750000000001
2026-08-16 06:32:24.771,13.526,lower,0.06249999999999978,0.6781250000000005
2026-08-16 06:32:24.781,13.536,lower,-0.1143749999999999,0.6243750000000003
2026-08-16 06:32:24.791,13.546,lower,0.0593750000000004,0.6743750000000004
2026-08-16 06:32:24.801,13.556,lower,-0.08874999999999966,0.6525000000000003
2026-08-16 06:32:24.811,13.566,lower,0.015625000000000222,0.6462500000000004
2026-08-16 06:32:24.821,13.576,lower,0.06437499999999985,0.6781250000000005
2026-08-16 06:32:24.831,13.586,lower,-0.12562500000000032,0.6274999999999997
2026-08-16 06:32:24.841,13.596,lower,0.06874999999999964,0.6700000000000006
2026-08-16 06:32:24.851,13.606,lower,-0.0649999999999995,0.6525000000000003
2026-08-16 06:32:24.861,13.616,lower,-0.001875000000000071,0.6481250000000005
2026-08-16 06:32:24.871,13.626,lower,0.06125000000000047,0.6806250000000003
2026-08-16 06:32:24.881,13.636,lower,-0.11312499999999948,0.6331249999999999
2026-08-16 06:32:24.891,13.646,lower,0.0593750000000004,0.6737499999999996
2026-08-16 06:32:24.901,13.656,lower,-0.09375000000000022,0.6481250000000005
2026-08-16 06:32:24.911,13.666,lower,0.01687500000000064,0.6506250000000002
2026-08-16 06:32:24.921,13.676,lower,0.06562500000000027,0.6806250000000003
2026-08-16 06:32:24.931,13.686,lower,-0.1243749999999999,0.6306250000000002
2026-08-16 06:32:24.941,13.696,lower,0.0637500000000002,0.6762500000000005
2026-08-16 06:32:24.951,13.706,lower,-0.07000000000000006,0.6600000000000006
2026-08-16 06:32:24.961,13.716,lower,0.001875000000000071,0.655
2026-08-16 06:32:24.971,13.726,lower,0.0593750000000004,0.6793749999999998
2026-08-16 06:32:24.981,13.736,lower,-0.11062499999999975,0.6331249999999999
2026-08-16 06:32:24.991,13.746,lower,0.06249999999999978,0.6737499999999996
2026-08-16 06:32:25.001,13.756,lower,-0.04562500000000025,0.6562500000000004
2026-08-16 06:32:25.011,13.766,lower,0.01687500000000064,0.6543750000000004
2026-08-16 06:32:25.021,13.776,lower,0.06437499999999985,0.6762500000000005
2026-08-16 06:32:25.031,13.786,lower,-0.12375000000000025,0.6287500000000001
2026-08-16 06:32:25.041,13.796,lower,0.06562500000000027,0.6762500000000005
2026-08-16 06:32:25.051,13.806,lower,-0.07624999999999993,0.6543750000000004
2026-08-16 06:32:25.061,13.816,lower,0.0031250000000004885,0.6468750000000001
2026-08-16 06:32:25.071,13.826,lower,0.0637500000000002,0.6768750000000001
2026-08-16 06:32:25.081,13.836,lower,-0.1112499999999994,0.6268750000000001
2026-08-16 06:32:25.091,13.846,lower,0.06062499999999971,0.6787500000000002
2026-08-16 06:32:25.101,13.856,lower,-0.046874999999999556,0.653125
2026-08-16 06:32:25.111,13.866,lower,0.016249999999999876,0.6481250000000005
2026-08-16 06:32:25.121,13.876,lower,0.06624999999999992,0.6818750000000007
2026-08-16 06:32:25.131,13.886,lower,-0.11937499999999934,0.6312499999999999
2026-08-16 06:32:25.141,13.896,lower,0.06500000000000061,0.6706250000000002
2026-08-16 06:32:25.151,13.906,lower,-0.07499999999999951,0.653125
2026-08-16 06:32:25.161,13.916,lower,0.010000000000000009,0.6500000000000006
2026-08-16 06:32:25.171,13.926,lower,0.06750000000000034,0.6787500000000002
2026-08-16 06:32:25.181,13.936,lower,-0.11187500000000017,0.6268750000000001
2026-08-16 06:32:25.191,13.946,lower,0.0637500000000002,0.6718750000000007
2026-08-16 06:32:25.201,13.956,lower,-0.04937500000000039,0.6468750000000001
2026-08-16 06:32:25.211,13.966,lower,0.019375000000000364,0.6518750000000006
2026-08-16 06:32:25.221,13.976,lower,0.0637500000000002,0.6800000000000006
2026-08-16 06:32:25.231,13.986,lower,-0.12062499999999976,0.6262500000000004
2026-08-16 06:32:25.241,13.996,lower,0.05437499999999984,0.6774999999999998
2026-08-16 06:32:25.251,14.006,lower,-0.08000000000000007,0.6574999999999998
2026-08-16 06:32:25.261,14.016,lower,0.003750000000000142,0.6506250000000002
2026-08-16 06:32:25.271,14.026,lower,0.06500000000000061,0.6781250000000005
2026-08-16 06:32:25.281,14.036,lower,-0.1056250000000003,0.6256249999999997
2026-08-16 06:32:25.291,14.046,lower,0.06312500000000054,0.6781250000000005
2026-08-16 06:32:25.301,14.056,lower,-0.054999999999999494,0.653125
2026-08-16 06:32:25.311,14.066,lower,-0.010624999999999662,0.6543750000000004
2026-08-16 06:32:25.321,14.076,lower,0.06249999999999978,0.6774999999999998
2026-08-16 06:32:25.331,14.086,lower,-0.1200000000000001,0.6225000000000003
2026-08-16 06:32:25.341,14.096,lower,0.0593750000000004,0.6743750000000004
2026-08-16 06:32:25.351,14.106,lower,-0.08187500000000014,0.6518750000000006
2026-08-16 06:32:25.361,14.116,lower,0.010624999999999662,0.6468750000000001
2026-08-16 06:32:25.371,14.126,lower,0.07000000000000006,0.6787500000000002
2026-08-16 06:32:25.381,14.136,lower,-0.10187500000000016,0.6325000000000003
2026-08-16 06:32:25.391,14.146,lower,0.0637500000000002,0.6700000000000006
2026-08-16 06:32:25.401,14.156,lower,-0.05562500000000026,0.6556249999999997
2026-08-16 06:32:25.411,14.166,lower,-0.004374999999999796,0.6481250000000005
2026-08-16 06:32:25.421,14.176,lower,0.0637500000000002,0.6800000000000006
2026-08-16 06:32:25.431,14.186,lower,-0.11624999999999996,0.6325000000000003
2026-08-16 06:32:25.441,14.196,lower,0.06000000000000005,0.6712499999999999
2026-08-16 06:32:25.451,14.206,lower,-0.08375000000000021,0.6512499999999999
2026-08-16 06:32:25.461,14.216,lower,0.01187500000000008,0.6481250000000005
2026-08-16 06:32:25.471,14.226,lower,0.06750000000000034,0.6806250000000003
2026-08-16 06:32:25.481,14.236,lower,-0.12499999999999956,0.6287500000000001
2026-08-16 06:32:25.491,14.246,lower,0.06312500000000054,0.6762500000000005
2026-08-16 06:32:25.501,14.256,lower,-0.05812499999999998,0.6612499999999999
2026-08-16 06:32:25.511,14.266,lower,-0.0031249999999993783,0.6500000000000006
2026-08-16 06:32:25.521,14.276,lower,0.0593750000000004,0.6812499999999999
2026-08-16 06:32:25.531,14.286,lower,-0.11687499999999962,0.6281250000000005
2026-08-16 06:32:25.541,14.296,lower,0.06249999999999978,0.6762500000000005
2026-08-16 06:32:25.551,14.306,lower,-0.034999999999999476,0.6556249999999997
2026-08-16 06:32:25.561,14.316,lower,0.013125000000000497,0.6568750000000001
2026-08-16 06:32:25.571,14.326,lower,0.06937500000000041,0.6800000000000006
2026-08-16 06:32:25.581,14.336,lower,-0.12499999999999956,0.6262500000000004
2026-08-16 06:32:25.591,14.346,lower,0.06874999999999964,0.6762500000000005
2026-08-16 06:32:25.601,14.356,lower,-0.06062499999999971,0.6574999999999998
2026-08-16 06:32:25.611,14.366,lower,-0.0012500000000004174,0.6437499999999996
2026-08-16 06:32:25.621,14.376,lower,0.06562500000000027,0.6806250000000003
2026-08-16 06:32:25.631,14.386,lower,-0.10937499999999933,0.6300000000000006
2026-08-16 06:32:25.641,14.396,lower,0.06249999999999978,0.6718750000000007
2026-08-16 06:32:25.651,14.406,lower,-0.03687499999999955,0.653125
2026-08-16 06:32:25.661,14.416,lower,0.020000000000000018,0.6481250000000005
2026-08-16 06:32:25.671,14.426,lower,0.06812499999999999,0.6825000000000003
2026-08-16 06:32:25.681,14.436,lower,-0.12312499999999948,0.6287500000000001
2026-08-16 06:32:25.691,14.446,lower,0.07062499999999972,0.6706250000000002
2026-08-16 06:32:25.701,14.456,lower,-0.06624999999999992,0.6525000000000003
2026-08-16 06:32:25.711,14.466,lower,0.001875000000000071,0.6487500000000002
2026-08-16 06:32:25.721,14.476,lower,0.07000000000000006,0.6787500000000002
2026-08-16 06:32:25.731,14.486,lower,-0.11249999999999982,0.6287500000000001
2026-08-16 06:32:25.741,14.496,lower,0.06000000000000005,0.6725000000000003
2026-08-16 06:32:25.751,14.506,lower,-0.03687499999999955,0.6643750000000004
2026-08-16 06:32:25.761,14.516,lower,0.020000000000000018,0.6512499999999999
2026-08-16 06:32:25.771,14.526,lower,0.06937500000000041,0.6793749999999998
2026-08-16 06:32:25.781,14.536,lower,-0.1200000000000001,0.6306250000000002
2026-08-16 06:32:25.791,14.546,lower,0.06500000000000061,0.6768750000000001
2026-08-16 06:32:25.801,14.556,lower,-0.06937500000000041,0.6568750000000001
2026-08-16 06:32:25.811,14.566,lower,0.0050000000000005596,0.6518750000000006
2026-08-16 06:32:25.821,14.576,lower,0.07125000000000048,0.6806250000000003
2026-08-16 06:32:25.831,14.586,lower,-0.1100000000000001,0.6262500000000004
2026-08-16 06:32:25.841,14.596,lower,0.06312500000000054,0.6762500000000005
2026-08-16 06:32:25.851,14.606,lower,-0.03874999999999962,0.6543750000000004
2026-08-16 06:32:25.861,14.616,lower,0.020000000000000018,0.6425000000000003
2026-08-16 06:32:25.871,14.626,lower,0.06937500000000041,0.6800000000000006
2026-08-16 06:32:25.881,14.636,lower,-0.11750000000000038,0.6262500000000004
2026-08-16 06:32:25.891,14.646,lower,0.055000000000000604,0.6781250000000005
2026-08-16 06:32:25.901,14.656,lower,-0.06812499999999999,0.6562500000000004
2026-08-16 06:32:25.911,14.666,lower,0.008749999999999591,0.645
2026-08-16 06:32:25.921,14.676,lower,0.0737500000000002,0.6787500000000002
2026-08-16 06:32:25.931,14.686,lower,-0.10812500000000003,0.6293749999999998
2026-08-16 06:32:25.941,14.696,lower,0.06562500000000027,0.6687500000000002
2026-08-16 06:32:25.951,14.706,lower,-0.04124999999999934,0.6562500000000004
2026-08-16 06:32:25.961,14.716,lower,-0.014374999999999805,0.6487500000000002
2026-08-16 06:32:25.971,14.726,lower,0.07000000000000006,0.683125
2026-08-16 06:32:25.981,14.736,lower,-0.11562500000000031,0.6325000000000003
2026-08-16 06:32:25.991,14.746,lower,0.058749999999999636,0.673125
2026-08-16 06:32:26.001,14.756,lower,-0.07062499999999972,0.6543750000000004
2026-08-16 06:32:26.011,14.766,lower,0.010000000000000009,0.6487500000000002
2026-08-16 06:32:26.021,14.776,lower,0.07000000000000006,0.6774999999999998
2026-08-16 06:32:26.031,14.786,lower,-0.10437499999999988,0.6325000000000003
2026-08-16 06:32:26.041,14.796,lower,0.06624999999999992,0.6737499999999996
2026-08-16 06:32:26.051,14.806,lower,-0.050000000000000044,0.6606250000000002
2026-08-16 06:32:26.061,14.816,lower,-0.011249999999999316,0.6493749999999998
2026-08-16 06:32:26.071,14.826,lower,0.06937500000000041,0.6800000000000006
2026-08-16 06:32:26.081,14.836,lower,-0.11874999999999969,0.6293749999999998
2026-08-16 06:32:26.091,14.846,lower,0.06125000000000047,0.6756249999999997
2026-08-16 06:32:26.101,14.856,lower,-0.07562500000000028,0.6593749999999998
2026-08-16 06:32:26.111,14.866,lower,0.011250000000000426,0.6543750000000004
2026-08-16 06:32:26.121,14.876,lower,0.07187500000000013,0.6812499999999999
2026-08-16 06:32:26.131,14.886,lower,-0.12375000000000025,0.6268750000000001
2026-08-16 06:32:26.141,14.896,lower,0.06500000000000061,0.6768750000000001
2026-08-16 06:32:26.151,14.906,lower,-0.05437499999999984,0.6600000000000006
2026-08-16 06:32:26.161,14.916,lower,-0.004374999999999796,0.643125
2026-08-16 06:32:26.171,14.926,lower,0.06500000000000061,0.6787500000000002
2026-08-16 06:32:26.181,14.936,lower,-0.11687499999999962,0.6287500000000001
2026-08-16 06:32:26.191,14.946,lower,0.06062499999999971,0.6718750000000007
2026-08-16 06:32:26.201,14.956,lower,-0.026249999999999885,0.6556249999999997
2026-08-16 06:32:26.211,14.966,lower,0.012499999999999734,0.6468750000000001
2026-08-16 06:32:26.221,14.976,lower,0.07249999999999979,0.6812499999999999
2026-08-16 06:32:26.231,14.986,lower,-0.12249999999999983,0.6312499999999999
2026-08-16 06:32:26.241,14.996,lower,0.06812499999999999,0.6725000000000003
2026-08-16 06:32:26.251,15.006,lower,-0.05124999999999935,0.6537499999999996
2026-08-16 06:32:26.261,15.016,lower,-0.004374999999999796,0.6468750000000001
2026-08-16 06:32:26.271,15.026,lower,0.06562500000000027,0.6806250000000003
2026-08-16 06:32:26.281,15.036,lower,-0.11750000000000038,0.6262500000000004
2026-08-16 06:32:26.291,15.046,lower,0.06062499999999971,0.673125
2026-08-16 06:32:26.301,15.056,lower,-0.031249999999999334,0.6643750000000004
2026-08-16 06:32:26.311,15.066,lower,0.013750000000000151,0.6456249999999997
2026-08-16 06:32:26.321,15.076,lower,0.07000000000000006,0.6781250000000005
2026-08-16 06:32:26.331,15.086,lower,-0.1243749999999999,0.6312499999999999
2026-08-16 06:32:26.341,15.096,lower,0.06750000000000034,0.6756249999999997
2026-08-16 06:32:26.351,15.106,lower,-0.05750000000000033,0.665
2026-08-16 06:32:26.361,15.116,lower,-0.001875000000000071,0.6525000000000003
2026-08-16 06:32:26.371,15.126,lower,0.07312500000000055,0.6806250000000003
2026-08-16 06:32:26.381,15.136,lower,-0.1143749999999999,0.6287500000000001
2026-08-16 06:32:26.391,15.146,lower,0.06437499999999985,0.6787500000000002
2026-08-16 06:32:26.401,15.156,lower,-0.03249999999999975,0.6612499999999999
2026-08-16 06:32:26.411,15.166,lower,0.016249999999999876,0.6412499999999999
2026-08-16 06:32:26.421,15.176,lower,0.07062499999999972,0.6825000000000003
2026-08-16 06:32:26.431,15.186,lower,-0.12187500000000018,0.6306250000000002
2026-08-16 06:32:26.441,15.196,lower,0.06750000000000034,0.6718750000000007
2026-08-16 06:32:26.451,15.206,lower,-0.0593750000000004,0.6568750000000001
2026-08-16 06:32:26.461,15.216,lower,0.0,0.645
2026-08-16 06:32:26.471,15.226,lower,0.06937500000000041,0.6800000000000006
2026-08-16 06:32:26.481,15.236,lower,-0.11312499999999948,0.6268750000000001
2026-08-16 06:32:26.491,15.246,lower,0.06062499999999971,0.673125
2026-08-16 06:32:26.501,15.256,lower,-0.03750000000000031,0.655
2026-08-16 06:32:26.511,15.266,lower,0.013125000000000497,0.6474999999999997
2026-08-16 06:32:26.521,15.276,lower,0.06687500000000068,0.6787500000000002
2026-08-16 06:32:26.531,15.286,lower,-0.12562500000000032,0.6306250000000002
2026-08-16 06:32:26.541,15.296,lower,0.05437499999999984,0.6737499999999996
2026-08-16 06:32:26.551,15.306,lower,-0.06562500000000027,0.6612499999999999
2026-08-16 06:32:26.561,15.316,lower,0.0024999999999997247,0.6487500000000002
2026-08-16 06:32:26.571,15.326,lower,0.07187500000000013,0.6781250000000005
2026-08-16 06:32:26.581,15.336,lower,-0.1143749999999999,0.6312499999999999
2026-08-16 06:32:26.591,15.346,lower,0.06249999999999978,0.673125
2026-08-16 06:32:26.601,15.356,lower,-0.038124999999999964,0.6600000000000006
2026-08-16 06:32:26.611,15.366,lower,-0.022499999999999742,0.6506250000000002
2026-08-16 06:32:26.621,15.376,lower,0.07000000000000006,0.6806250000000003
2026-08-16 06:32:26.631,15.386,lower,-0.12187500000000018,0.6331249999999999
2026-08-16 06:32:26.641,15.396,lower,0.053750000000000187,0.6793749999999998
2026-08-16 06:32:26.651,15.406,lower,-0.07000000000000006,0.6618750000000007
2026-08-16 06:32:26.661,15.416,lower,0.0031250000000004885,0.6356249999999997
2026-08-16 06:32:26.671,15.426,lower,0.06812499999999999,0.683125
2026-08-16 06:32:26.681,15.436,lower,-0.10937499999999933,0.6293749999999998
2026-08-16 06:32:26.691,15.446,lower,0.06312500000000054,0.6787500000000002
2026-08-16 06:32:26.701,15.456,lower,-0.04187500000000011,0.6606250000000002
2026-08-16 06:32:26.711,15.466,lower,-0.019375000000000364,0.6418750000000006
2026-08-16 06:32:26.721,15.476,lower,0.06812499999999999,0.6837499999999996
2026-08-16 06:32:26.731,15.486,lower,-0.12312499999999948,0.6287500000000001
2026-08-16 06:32:26.741,15.496,lower,0.055000000000000604,0.6725000000000003
2026-08-16 06:32:26.751,15.506,lower,-0.07187500000000013,0.6556249999999997
2026-08-16 06:32:26.761,15.516,lower,0.003750000000000142,0.6468750000000001
2026-08-16 06:32:26.771,15.526,lower,0.06624999999999992,0.6818750000000007
2026-08-16 06:32:26.781,15.536,lower,-0.13249999999999984,0.6300000000000006
2026-08-16 06:32:26.791,15.546,lower,0.05812499999999998,0.6693749999999998
2026-08-16 06:32:26.801,15.556,lower,-0.04874999999999963,0.6543750000000004
2026-08-16 06:32:26.811,15.566,lower,-0.017500000000000293,0.6481250000000005
2026-08-16 06:32:26.821,15.576,lower,0.06437499999999985,0.6800000000000006
2026-08-16 06:32:26.831,15.586,lower,-0.12375000000000025,0.6318750000000006
2026-08-16 06:32:26.841,15.596,lower,0.05624999999999991,0.6756249999999997
2026-08-16 06:32:26.851,15.606,lower,-0.020000000000000018,0.6668750000000001
2026-08-16 06:32:26.861,15.616,lower,0.0050000000000005596,0.6518750000000006
2026-08-16 06:32:26.871,15.626,lower,0.06874999999999964,0.6818750000000007
2026-08-16 06:32:26.881,15.636,lower,-0.1275000000000004,0.6281250000000005
2026-08-16 06:32:26.891,15.646,lower,0.06312500000000054,0.6743750000000004
2026-08-16 06:32:26.901,15.656,lower,-0.04812499999999997,0.665
2026-08-16 06:32:26.911,15.666,lower,-0.013750000000000151,0.6537499999999996
2026-08-16 06:32:26.921,15.676,lower,0.0637500000000002,0.683125
2026-08-16 06:32:26.931,15.686,lower,-0.12249999999999983,0.6300000000000006
2026-08-16 06:32:26.941,15.696,lower,0.05562500000000026,0.6768750000000001
2026-08-16 06:32:26.951,15.706,lower,-0.023124999999999396,0.6574999999999998
2026-08-16 06:32:26.961,15.716,lower,0.0050000000000005596,0.6412499999999999
2026-08-16 06:32:26.971,15.726,lower,0.06874999999999964,0.683125
2026-08-16 06:32:26.981,15.736,lower,-0.12812500000000004,0.6306250000000002
2026-08-16 06:32:26.991,15.746,lower,0.06312500000000054,0.6706250000000002
2026-08-16 06:32:27.001,15.756,lower,-0.05312499999999942,0.6593749999999998
2026-08-16 06:32:27.011,15.766,lower,-0.01187500000000008,0.6425000000000003
2026-08-16 06:32:27.021,15.776,lower,0.06687500000000068,0.6812499999999999
2026-08-16 06:32:27.031,15.786,lower,-0.11874999999999969,0.6287500000000001
2026-08-16 06:32:27.041,15.796,lower,0.05750000000000033,0.6700000000000006
2026-08-16 06:32:27.051,15.806,lower,-0.029375000000000373,0.6518750000000006
2026-08-16 06:32:27.061,15.816,lower,0.008749999999999591,0.6468750000000001
2026-08-16 06:32:27.071,15.826,lower,0.06687500000000068,0.6768750000000001
2026-08-16 06:32:27.081,15.836,lower,-0.12937499999999935,0.6318750000000006
2026-08-16 06:32:27.091,15.846,lower,0.046875000000000666,0.6712499999999999
2026-08-16 06:32:27.101,15.856,lower,-0.05437499999999984,0.6637499999999996
2026-08-16 06:32:27.111,15.866,lower,-0.009375000000000355,0.653125
2026-08-16 06:32:27.121,15.876,lower,0.06937500000000041,0.6800000000000006
2026-08-16 06:32:27.131,15.886,lower,-0.11687499999999962,0.6331249999999999
2026-08-16 06:32:27.141,15.896,lower,0.05750000000000033,0.675
2026-08-16 06:32:27.151,15.906,lower,-0.03249999999999975,0.6662500000000005
2026-08-16 06:32:27.161,15.916,lower,0.011250000000000426,0.6518750000000006
2026-08-16 06:32:27.171,15.926,lower,0.06750000000000034,0.6812499999999999
2026-08-16 06:32:27.181,15.936,lower,-0.13000000000000012,0.6312499999999999
2026-08-16 06:32:27.191,15.946,lower,0.050000000000000044,0.6762500000000005
2026-08-16 06:32:27.201,15.956,lower,-0.058749999999999636,0.6662500000000005
2026-08-16 06:32:27.211,15.966,lower,-0.00687499999999952,0.6412499999999999
2026-08-16 06:32:27.221,15.976,lower,0.07187500000000013,0.683125
2026-08-16 06:32:27.231,15.986,lower,-0.11874999999999969,0.6318750000000006
2026-08-16 06:32:27.241,15.996,lower,0.056875000000000675,0.6800000000000006
2026-08-16 06:32:27.251,16.006,lower,-0.031249999999999334,0.6618750000000007
2026-08-16 06:32:27.261,16.016,lower,-0.028124999999999956,0.6387500000000002
2026-08-16 06:32:27.271,16.026,lower,0.06624999999999992,0.6837499999999996
2026-08-16 06:32:27.281,16.036,lower,-0.1287499999999997,0.6262500000000004
2026-08-16 06:32:27.291,16.046,lower,0.051875000000000115,0.6712499999999999
2026-08-16 06:32:27.301,16.056,lower,-0.06624999999999992,0.6568750000000001
2026-08-16 06:32:27.311,16.066,lower,-0.004999999999999449,0.6462500000000004
2026-08-16 06:32:27.321,16.076,lower,0.07000000000000006,0.6800000000000006
2026-08-16 06:32:27.331,16.086,lower,-0.12124999999999941,0.6331249999999999
2026-08-16 06:32:27.341,16.096,lower,0.06000000000000005,0.673125
2026-08-16 06:32:27.351,16.106,lower,-0.03624999999999989,0.6562500000000004
2026-08-16 06:32:27.361,16.116,lower,-0.02874999999999961,0.6506250000000002
2026-08-16 06:32:27.371,16.126,lower,0.06874999999999964,0.6793749999999998
2026-08-16 06:32:27.381,16.136,lower,-0.12812500000000004,0.6325000000000003
2026-08-16 06:32:27.391,16.146,lower,0.051875000000000115,0.6756249999999997
2026-08-16 06:32:27.401,16.156,lower,-0.06812499999999999,0.6668750000000001
2026-08-16 06:32:27.411,16.166,lower,-0.001875000000000071,0.6500000000000006
2026-08-16 06:32:27.421,16.176,lower,0.06812499999999999,0.6787500000000002
2026-08-16 06:32:27.431,16.186,lower,-0.13499999999999956,0.6337499999999996
2026-08-16 06:32:27.441,16.196,lower,0.0593750000000004,0.675
2026-08-16 06:32:27.451,16.206,lower,-0.04062499999999969,0.6612499999999999
2026-08-16 06:32:27.461,16.216,lower,-0.02375000000000016,0.6412499999999999
2026-08-16 06:32:27.471,16.226,lower,0.06687500000000068,0.6818750000000007
2026-08-16 06:32:27.481,16.236,lower,-0.12687499999999963,0.6268750000000001
2026-08-16 06:32:27.491,16.246,lower,0.05437499999999984,0.6756249999999997
2026-08-16 06:32:27.501,16.256,lower,-0.017500000000000293,0.6625000000000003
2026-08-16 06:32:27.511,16.266,lower,-0.0012500000000004174,0.6393749999999998
2026-08-16 06:32:27.521,16.276,lower,0.07000000000000006,0.6806250000000003
2026-08-16 06:32:27.531,16.286,lower,-0.1343749999999999,0.6306250000000002
2026-08-16 06:32:27.541,16.296,lower,0.06062499999999971,0.6674999999999998
2026-08-16 06:32:27.551,16.306,lower,-0.04187500000000011,0.6581250000000005
2026-08-16 06:32:27.561,16.316,lower,-0.021249999999999325,0.6406250000000002
2026-08-16 06:32:27.571,16.326,lower,0.06562500000000027,0.6793749999999998
2026-08-16 06:32:27.581,16.336,lower,-0.12375000000000025,0.6293749999999998
2026-08-16 06:32:27.591,16.346,lower,0.055000000000000604,0.6706250000000002
2026-08-16 06:32:27.601,16.356,lower,-0.014374999999999805,0.6574999999999998
2026-08-16 06:32:27.611,16.366,lower,0.0012500000000004174,0.6468750000000001
2026-08-16 06:32:27.621,16.376,lower,0.07062499999999972,0.6800000000000006
2026-08-16 06:32:27.631,16.386,lower,-0.1287499999999997,0.6287500000000001
2026-08-16 06:32:27.641,16.396,lower,0.061875000000000124,0.673125
2026-08-16 06:32:27.651,16.406,lower,-0.046874999999999556,0.6656249999999997
2026-08-16 06:32:27.661,16.416,lower,-0.014999999999999458,0.6481250000000005
2026-08-16 06:32:27.671,16.426,lower,0.07187500000000013,0.6818750000000007
2026-08-16 06:32:27.681,16.436,lower,-0.12312499999999948,0.6325000000000003
2026-08-16 06:32:27.691,16.446,lower,0.05812499999999998,0.6756249999999997
2026-08-16 06:32:27.701,16.456,lower,-0.01687499999999953,0.6606250000000002
2026-08-16 06:32:27.711,16.466,lower,0.0031250000000004885,0.6500000000000006
2026-08-16 06:32:27.721,16.476,lower,0.07125000000000048,0.683125
2026-08-16 06:32:27.731,16.486,lower,-0.13124999999999942,0.6331249999999999
2026-08-16 06:32:27.741,16.496,lower,0.0462499999999999,0.6762500000000005
2026-08-16 06:32:27.751,16.506,lower,-0.04437499999999983,0.6606250000000002
2026-08-16 06:32:27.761,16.516,lower,-0.013750000000000151,0.6368750000000001
2026-08-16 06:32:27.771,16.526,lower,0.07062499999999972,0.6825000000000003
2026-08-16 06:32:27.781,16.536,lower,-0.1200000000000001,0.6306250000000002
2026-08-16 06:32:27.791,16.546,lower,0.056875000000000675,0.6662500000000005
2026-08-16 06:32:27.801,16.556,lower,-0.02375000000000016,0.6637499999999996
2026-08-16 06:32:27.811,16.566,lower,0.007500000000000284,0.6400000000000006
2026-08-16 06:32:27.821,16.576,lower,0.07000000000000006,0.685
2026-08-16 06:32:27.831,16.586,lower,-0.1275000000000004,0.6287500000000001
2026-08-16 06:32:27.841,16.596,lower,0.0506249999999997,0.6674999999999998
2026-08-16 06:32:27.851,16.606,lower,-0.051875000000000115,0.6587500000000002
2026-08-16 06:32:27.861,16.616,lower,-0.009375000000000355,0.6412499999999999
2026-08-16 06:32:27.871,16.626,lower,0.07249999999999979,0.6825000000000003
2026-08-16 06:32:27.881,16.636,lower,-0.12249999999999983,0.6268750000000001
2026-08-16 06:32:27.891,16.646,lower,0.05812499999999998,0.6718750000000007
2026-08-16 06:32:27.901,16.656,lower,-0.02062499999999967,0.6687500000000002
2026-08-16 06:32:27.911,16.666,lower,-0.03375000000000017,0.6481250000000005
2026-08-16 06:32:27.921,16.676,lower,0.06874999999999964,0.683125
2026-08-16 06:32:27.931,16.686,lower,-0.12562500000000032,0.6293749999999998
2026-08-16 06:32:27.941,16.696,lower,0.05437499999999984,0.6756249999999997
2026-08-16 06:32:27.951,16.706,lower,-0.054999999999999494,0.6643750000000004
2026-08-16 06:32:27.961,16.716,lower,-0.007500000000000284,0.6474999999999997
2026-08-16 06:32:27.971,16.726,lower,0.07500000000000062,0.6800000000000006
2026-08-16 06:32:27.981,16.736,lower,-0.11812500000000004,0.6331249999999999
2026-08-16 06:32:27.991,16.746,lower,0.061875000000000124,0.675
2026-08-16 06:32:28.001,16.756,lower,-0.024999999999999467,0.6656249999999997
2026-08-16 06:32:28.011,16.766,lower,-0.03624999999999989,0.6318750000000006
2026-08-16 06:32:28.021,16.776,lower,0.06812499999999999,0.6812499999999999
2026-08-16 06:32:28.031,16.786,lower,-0.12624999999999997,0.6274999999999997
2026-08-16 06:32:28.041,16.796,lower,0.055000000000000604,0.6718750000000007
2026-08-16 06:32:28.051,16.806,lower,-0.06062499999999971,0.6612499999999999
2026-08-16 06:32:28.061,16.816,lower,-0.007500000000000284,0.6374999999999997
2026-08-16 06:32:28.071,16.826,lower,0.07125000000000048,0.6793749999999998
2026-08-16 06:32:28.081,16.836,lower,-0.13124999999999942,0.6306250000000002
2026-08-16 06:32:28.091,16.846,lower,0.05812499999999998,0.6681250000000005
2026-08-16 06:32:28.101,16.856,lower,-0.029375000000000373,0.6562500000000004
2026-08-16 06:32:28.111,16.866,lower,-0.027500000000000302,0.6425000000000003
2026-08-16 06:32:28.121,16.876,lower,0.07312500000000055,0.6787500000000002
2026-08-16 06:32:28.131,16.886,lower,-0.12499999999999956,0.6300000000000006
2026-08-16 06:32:28.141,16.896,lower,0.05312500000000053,0.6681250000000005
2026-08-16 06:32:28.151,16.906,lower,-0.003750000000000142,0.6568750000000001
2026-08-16 06:32:28.161,16.916,lower,-0.0012500000000004174,0.6443750000000004
2026-08-16 06:32:28.171,16.926,lower,0.07062499999999972,0.6800000000000006
2026-08-16 06:32:28.181,16.936,lower,-0.13562500000000033,0.6262500000000004
2026-08-16 06:32:28.191,16.946,lower,0.0637500000000002,0.6706250000000002
2026-08-16 06:32:28.201,16.956,lower,-0.03624999999999989,0.6662500000000005
2026-08-16 06:32:28.211,16.966,lower,-0.028124999999999956,0.6462500000000004
2026-08-16 06:32:28.221,16.976,lower,0.07062499999999972,0.6806250000000003
2026-08-16 06:32:28.231,16.986,lower,-0.12687499999999963,0.6318750000000006
2026-08-16 06:32:28.241,16.996,lower,0.05312500000000053,0.6725000000000003
2026-08-16 06:32:28.251,17.006,lower,-0.005625000000000213,0.6606250000000002
2026-08-16 06:32:28.261,17.016,lower,-0.001875000000000071,0.6306250000000002
2026-08-16 06:32:28.271,17.026,lower,0.07187500000000013,0.6781250000000005
2026-08-16 06:32:28.281,17.036,lower,-0.1275000000000004,0.6256249999999997
2026-08-16 06:32:28.291,17.046,lower,0.06125000000000047,0.6706250000000002
2026-08-16 06:32:28.301,17.056,lower,-0.03750000000000031,0.6606250000000002
2026-08-16 06:32:28.311,17.066,lower,-0.020000000000000018,0.6387500000000002
2026-08-16 06:32:28.321,17.076,lower,0.07000000000000006,0.6774999999999998
2026-08-16 06:32:28.331,17.086,lower,-0.12375000000000025,0.6281250000000005
2026-08-16 06:32:28.341,17.096,lower,0.058749999999999636,0.6656249999999997
2026-08-16 06:32:28.351,17.106,lower,-0.010000000000000009,0.6637499999999996
2026-08-16 06:32:28.361,17.116,lower,0.0031250000000004885,0.6400000000000006
2026-08-16 06:32:28.371,17.126,lower,0.07437499999999986,0.6774999999999998
2026-08-16 06:32:28.381,17.136,lower,-0.12687499999999963,0.6300000000000006
2026-08-16 06:32:28.391,17.146,lower,0.04562500000000025,0.6674999999999998
2026-08-16 06:32:28.401,17.156,lower,-0.03750000000000031,0.655
2026-08-16 06:32:28.411,17.166,lower,-0.0187499999999996,0.6412499999999999
2026-08-16 06:32:28.421,17.176,lower,0.07062499999999972,0.6806250000000003
2026-08-16 06:32:28.431,17.186,lower,-0.12187500000000018,0.6243750000000003
2026-08-16 06:32:28.441,17.196,lower,0.05624999999999991,0.6668750000000001
2026-08-16 06:32:28.451,17.206,lower,-0.014999999999999458,0.6662500000000005
2026-08-16 06:32:28.461,17.216,lower,0.006875000000000631,0.6418750000000006
2026-08-16 06:32:28.471,17.226,lower,0.07249999999999979,0.6825000000000003
2026-08-16 06:32:28.481,17.236,lower,-0.12937499999999935,0.6331249999999999
2026-08-16 06:32:28.491,17.246,lower,0.046875000000000666,0.6737499999999996
2026-08-16 06:32:28.501,17.256,lower,-0.04062499999999969,0.6668750000000001
2026-08-16 06:32:28.511,17.266,lower,-0.017500000000000293,0.645
2026-08-16 06:32:28.521,17.276,lower,0.07312500000000055,0.6825000000000003
2026-08-16 06:32:28.531,17.286,lower,-0.12312499999999948,0.6287500000000001
2026-08-16 06:32:28.541,17.296,lower,0.055000000000000604,0.6706250000000002
2026-08-16 06:32:28.551,17.306,lower,-0.01687499999999953,0.6612499999999999
2026-08-16 06:32:28.561,17.316,lower,-0.044999999999999485,0.6300000000000006
2026-08-16 06:32:28.571,17.326,lower,0.06874999999999964,0.6781250000000005
2026-08-16 06:32:28.581,17.336,lower,-0.13124999999999942,0.6281250000000005
2026-08-16 06:32:28.591,17.346,lower,0.05125000000000046,0.6674999999999998
2026-08-16 06:32:28.601,17.356,lower,-0.04437499999999983,0.6612499999999999
2026-08-16 06:32:28.611,17.366,lower,-0.013750000000000151,0.6356249999999997
2026-08-16 06:32:28.621,17.376,lower,0.07187500000000013,0.6800000000000006
2026-08-16 06:32:28.631,17.386,lower,-0.1318750000000002,0.6306250000000002
2026-08-16 06:32:28.641,17.396,lower,0.05624999999999991,0.6643750000000004
2026-08-16 06:32:28.651,17.406,lower,-0.018124999999999947,0.6625000000000003
2026-08-16 06:32:28.661,17.416,lower,-0.03874999999999962,0.6393749999999998
2026-08-16 06:32:28.671,17.426,lower,0.06937500000000041,0.675
2026-08-16 06:32:28.681,17.436,lower,-0.1287499999999997,0.6325000000000003
2026-08-16 06:32:28.691,17.446,lower,0.05437499999999984,0.6687500000000002
2026-08-16 06:32:28.701,17.456,lower,-0.0506249999999997,0.6687500000000002
2026-08-16 06:32:28.711,17.466,lower,-0.012499999999999734,0.6437499999999996
2026-08-16 06:32:28.721,17.476,lower,0.07312500000000055,0.6787500000000002
2026-08-16 06:32:28.731,17.486,lower,-0.13375000000000026,0.6274999999999997
2026-08-16 06:32:28.741,17.496,lower,0.0593750000000004,0.6687500000000002
2026-08-16 06:32:28.751,17.506,lower,-0.0187499999999996,0.6656249999999997
2026-08-16 06:32:28.761,17.516,lower,-0.038124999999999964,0.645
2026-08-16 06:32:28.771,17.526,lower,0.07187500000000013,0.6818750000000007
2026-08-16 06:32:28.781,17.536,lower,-0.1318750000000002,0.6331249999999999
2026-08-16 06:32:28.791,17.546,lower,0.04937500000000039,0.6706250000000002
2026-08-16 06:32:28.801,17.556,lower,-0.003750000000000142,0.6625000000000003
2026-08-16 06:32:28.811,17.566,lower,-0.008749999999999591,0.6331249999999999
2026-08-16 06:32:28.821,17.576,lower,0.07187500000000013,0.6825000000000003
2026-08-16 06:32:28.831,17.586,lower,-0.13249999999999984,0.6300000000000006
2026-08-16 06:32:28.841,17.596,lower,0.0593750000000004,0.6756249999999997
2026-08-16 06:32:28.851,17.606,lower,-0.028124999999999956,0.6643750000000004
2026-08-16 06:32:28.861,17.616,lower,-0.03562500000000024,0.635
2026-08-16 06:32:28.871,17.626,lower,0.07000000000000006,0.6787500000000002
2026-08-16 06:32:28.881,17.636,lower,-0.13124999999999942,0.6281250000000005
2026-08-16 06:32:28.891,17.646,lower,0.04937500000000039,0.6674999999999998
2026-08-16 06:32:28.901,17.656,lower,-0.0012500000000004174,0.6606250000000002
2026-08-16 06:32:28.911,17.666,lower,-0.010000000000000009,0.6393749999999998
2026-08-16 06:32:28.921,17.676,lower,0.07062499999999972,0.6793749999999998
2026-08-16 06:32:28.931,17.686,lower,-0.13124999999999942,0.6312499999999999
2026-08-16 06:32:28.941,17.696,lower,0.05750000000000033,0.6681250000000005
2026-08-16 06:32:28.951,17.706,lower,-0.030000000000000027,0.6587500000000002
2026-08-16 06:32:28.961,17.716,lower,-0.02874999999999961,0.6406250000000002
2026-08-16 06:32:28.971,17.726,lower,0.06937500000000041,0.6787500000000002
2026-08-16 06:32:28.981,17.736,lower,-0.12937499999999935,0.6306250000000002
2026-08-16 06:32:28.991,17.746,lower,0.053750000000000187,0.6693749999999998
2026-08-16 06:32:29.001,17.756,lower,-0.004374999999999796,0.6687500000000002
2026-08-16 06:32:29.011,17.766,lower,-0.01187500000000008,0.6406250000000002
2026-08-16 06:32:29.021,17.776,lower,0.07000000000000006,0.6800000000000006
2026-08-16 06:32:29.031,17.786,lower,-0.13624999999999998,0.6337499999999996
2026-08-16 06:32:29.041,17.796,lower,0.03750000000000031,0.6693749999999998
2026-08-16 06:32:29.051,17.806,lower,-0.03249999999999975,0.665
2026-08-16 06:32:29.061,17.816,lower,-0.030000000000000027,0.6400000000000006
2026-08-16 06:32:29.071,17.826,lower,0.06687500000000068,0.6806250000000003
2026-08-16 06:32:29.081,17.836,lower,-0.13000000000000012,0.6337499999999996
2026-08-16 06:32:29.091,17.846,lower,0.05249999999999977,0.6725000000000003
2026-08-16 06:32:29.101,17.856,lower,-0.010624999999999662,0.6618750000000007
2026-08-16 06:32:29.111,17.866,lower,-0.004374999999999796,0.6337499999999996
2026-08-16 06:32:29.121,17.876,lower,0.06874999999999964,0.6800000000000006
2026-08-16 06:32:29.131,17.886,lower,-0.13375000000000026,0.6318750000000006
2026-08-16 06:32:29.141,17.896,lower,0.04249999999999976,0.6662500000000005
2026-08-16 06:32:29.151,17.906,lower,-0.03687499999999955,0.663125
2026-08-16 06:32:29.161,17.916,lower,-0.026249999999999885,0.6368750000000001
2026-08-16 06:32:29.171,17.926,lower,0.07187500000000013,0.6793749999999998
2026-08-16 06:32:29.181,17.936,lower,-0.1287499999999997,0.6325000000000003
2026-08-16 06:32:29.191,17.946,lower,0.04937500000000039,0.6674999999999998
2026-08-16 06:32:29.201,17.956,lower,-0.01187500000000008,0.6618750000000007
2026-08-16 06:32:29.211,17.966,lower,-0.054999999999999494,0.6418750000000006
2026-08-16 06:32:29.221,17.976,lower,0.06937500000000041,0.6800000000000006
2026-08-16 06:32:29.231,17.986,lower,-0.13499999999999956,0.6281250000000005
2026-08-16 06:32:29.241,17.996,lower,0.045000000000000595,0.6693749999999998
2026-08-16 06:32:29.251,18.006,lower,-0.03937500000000038,0.6712499999999999
2026-08-16 06:32:29.261,18.016,lower,-0.02562500000000023,0.6443750000000004
2026-08-16 06:32:29.271,18.026,lower,0.06812499999999999,0.6787500000000002
2026-08-16 06:32:29.281,18.036,lower,-0.1343749999999999,0.6306250000000002
2026-08-16 06:32:29.291,18.046,lower,0.04937500000000039,0.6668750000000001
2026-08-16 06:32:29.301,18.056,lower,-0.014374999999999805,0.6687500000000002
2026-08-16 06:32:29.311,18.066,lower,-0.051875000000000115,0.643125
2026-08-16 06:32:29.321,18.076,lower,0.06562500000000027,0.6762500000000005
2026-08-16 06:32:29.331,18.086,lower,-0.13499999999999956,0.635
2026-08-16 06:32:29.341,18.096,lower,0.046875000000000666,0.6681250000000005
2026-08-16 06:32:29.351,18.106,lower,-0.0462499999999999,0.6674999999999998
2026-08-16 06:32:29.361,18.116,lower,-0.02187500000000009,0.6343750000000004
2026-08-16 06:32:29.371,18.126,lower,0.07062499999999972,0.6843750000000004
2026-08-16 06:32:29.381,18.136,lower,-0.1343749999999999,0.6331249999999999
2026-08-16 06:32:29.391,18.146,lower,0.05624999999999991,0.6612499999999999
2026-08-16 06:32:29.401,18.156,lower,-0.014374999999999805,0.6625000000000003
2026-08-16 06:32:29.411,18.166,lower,-0.04874999999999963,0.6362500000000004
2026-08-16 06:32:29.421,18.176,lower,0.07187500000000013,0.683125
2026-08-16 06:32:29.431,18.186,lower,-0.1331249999999995,0.6306250000000002
2026-08-16 06:32:29.441,18.196,lower,0.046875000000000666,0.665
2026-08-16 06:32:29.451,18.206,lower,0.006249999999999867,0.6625000000000003
2026-08-16 06:32:29.461,18.216,lower,-0.019375000000000364,0.6400000000000006
2026-08-16 06:32:29.471,18.226,lower,0.06937500000000041,0.6793749999999998
2026-08-16 06:32:29.481,18.236,lower,-0.1318750000000002,0.6300000000000006
2026-08-16 06:32:29.491,18.246,lower,0.05312500000000053,0.6656249999999997
2026-08-16 06:32:29.501,18.256,lower,-0.02187500000000009,0.6687500000000002
2026-08-16 06:32:29.511,18.266,lower,-0.046874999999999556,0.6393749999999998
2026-08-16 06:32:29.521,18.276,lower,0.06750000000000034,0.6787500000000002
2026-08-16 06:32:29.531,18.286,lower,-0.13624999999999998,0.6281250000000005
2026-08-16 06:32:29.541,18.296,lower,0.0462499999999999,0.6643750000000004
2026-08-16 06:32:29.551,18.306,lower,0.0050000000000005596,0.6687500000000002
2026-08-16 06:32:29.561,18.316,lower,-0.020000000000000018,0.6381250000000005
2026-08-16 06:32:29.571,18.326,lower,0.06874999999999964,0.6768750000000001
2026-08-16 06:32:29.581,18.336,lower,-0.13062499999999977,0.6331249999999999
2026-08-16 06:32:29.591,18.346,lower,0.05750000000000033,0.6712499999999999
2026-08-16 06:32:29.601,18.356,lower,-0.021249999999999325,0.6700000000000006
2026-08-16 06:32:29.611,18.366,lower,-0.03874999999999962,0.6318750000000006
2026-08-16 06:32:29.621,18.376,lower,0.07000000000000006,0.6825000000000003
2026-08-16 06:32:29.631,18.386,lower,-0.13562500000000033,0.6293749999999998
2026-08-16 06:32:29.641,18.396,lower,0.04937500000000039,0.6743750000000004
2026-08-16 06:32:29.651,18.406,lower,0.0031250000000004885,0.6674999999999998
2026-08-16 06:32:29.661,18.416,lower,-0.013750000000000151,0.6312499999999999
2026-08-16 06:32:29.671,18.426,lower,0.07062499999999972,0.6787500000000002
2026-08-16 06:32:29.681,18.436,lower,-0.1331249999999995,0.6306250000000002
2026-08-16 06:32:29.691,18.446,lower,0.03874999999999962,0.6643750000000004
2026-08-16 06:32:29.701,18.456,lower,-0.026249999999999885,0.6637499999999996
2026-08-16 06:32:29.711,18.466,lower,-0.03874999999999962,0.6331249999999999
2026-08-16 06:32:29.721,18.476,lower,0.06937500000000041,0.6800000000000006
2026-08-16 06:32:29.731,18.486,lower,-0.13124999999999942,0.6312499999999999
2026-08-16 06:32:29.741,18.496,lower,0.05249999999999977,0.6656249999999997
2026-08-16 06:32:29.751,18.506,lower,0.0012500000000004174,0.6637499999999996
2026-08-16 06:32:29.761,18.516,lower,-0.07187500000000013,0.6387500000000002
2026-08-16 06:32:29.771,18.526,lower,0.07249999999999979,0.6781250000000005
2026-08-16 06:32:29.781,18.536,lower,-0.13499999999999956,0.6293749999999998
2026-08-16 06:32:29.791,18.546,lower,0.03937500000000038,0.6637499999999996
2026-08-16 06:32:29.801,18.556,lower,-0.026249999999999885,0.6668750000000001
2026-08-16 06:32:29.811,18.566,lower,-0.03562500000000024,0.6406250000000002
2026-08-16 06:32:29.821,18.576,lower,0.06812499999999999,0.6781250000000005
2026-08-16 06:32:29.831,18.586,lower,-0.13062499999999977,0.6331249999999999
2026-08-16 06:32:29.841,18.596,lower,0.0506249999999997,0.6693749999999998
2026-08-16 06:32:29.851,18.606,lower,-0.0024999999999997247,0.6668750000000001
2026-08-16 06:32:29.861,18.616,lower,-0.06437499999999985,0.6412499999999999
2026-08-16 06:32:29.871,18.626,lower,0.07125000000000048,0.6793749999999998
2026-08-16 06:32:29.881,18.636,lower,-0.1343749999999999,0.635
2026-08-16 06:32:29.891,18.646,lower,0.04375000000000018,0.6712499999999999
2026-08-16 06:32:29.901,18.656,lower,-0.030000000000000027,0.6687500000000002
2026-08-16 06:32:29.911,18.666,lower,-0.0318750000000001,0.6312499999999999
2026-08-16 06:32:29.921,18.676,lower,0.07187500000000013,0.6812499999999999
2026-08-16 06:32:29.931,18.686,lower,-0.12687499999999963,0.6300000000000006
2026-08-16 06:32:29.941,18.696,lower,0.051875000000000115,0.6618750000000007
2026-08-16 06:32:29.951,18.706,lower,-0.0031249999999993783,0.6643750000000004
2026-08-16 06:32:29.961,18.716,lower,-0.054999999999999494,0.6343750000000004
2026-08-16 06:32:29.971,18.726,lower,0.06874999999999964,0.6825000000000003
2026-08-16 06:32:29.981,18.736,lower,-0.13124999999999942,0.6318750000000006
2026-08-16 06:32:29.991,18.746,lower,0.04812499999999997,0.6656249999999997
2026-08-16 06:32:30.001,18.756,lower,-0.03249999999999975,0.6600000000000006
2026-08-16 06:32:30.011,18.766,lower,-0.029375000000000373,0.6374999999999997
2026-08-16 06:32:30.021,18.776,lower,0.07000000000000006,0.6800000000000006
2026-08-16 06:32:30.031,18.786,lower,-0.1287499999999997,0.6293749999999998
2026-08-16 06:32:30.041,18.796,lower,0.05312500000000053,0.663125
2026-08-16 06:32:30.051,18.806,lower,-0.007500000000000284,0.6700000000000006
2026-08-16 06:32:30.061,18.816,lower,-0.0593750000000004,0.6381250000000005
2026-08-16 06:32:30.071,18.826,lower,0.07187500000000013,0.6774999999999998
2026-08-16 06:32:30.081,18.836,lower,-0.13249999999999984,0.6318750000000006
2026-08-16 06:32:30.091,18.846,lower,0.04437499999999983,0.6662500000000005
2026-08-16 06:32:30.101,18.856,lower,0.019375000000000364,0.6668750000000001
2026-08-16 06:32:30.111,18.866,lower,-0.024374999999999813,0.6393749999999998
2026-08-16 06:32:30.121,18.876,lower,0.07312500000000055,0.6818750000000007
2026-08-16 06:32:30.131,18.886,lower,-0.12937499999999935,0.6368750000000001
2026-08-16 06:32:30.141,18.896,lower,0.05750000000000033,0.6656249999999997
2026-08-16 06:32:30.151,18.906,lower,-0.013124999999999387,0.6674999999999998
2026-08-16 06:32:30.161,18.916,lower,-0.04874999999999963,0.6312499999999999
2026-08-16 06:32:30.171,18.926,lower,0.07437499999999986,0.6806250000000003
2026-08-16 06:32:30.181,18.936,lower,-0.13375000000000026,0.6318750000000006
2026-08-16 06:32:30.191,18.946,lower,0.04562500000000025,0.655
2026-08-16 06:32:30.201,18.956,lower,0.018124999999999947,0.6668750000000001
2026-08-16 06:32:30.211,18.966,lower,-0.023124999999999396,0.6293749999999998
2026-08-16 06:32:30.221,18.976,lower,0.07312500000000055,0.6800000000000006
2026-08-16 06:32:30.231,18.986,lower,-0.1287499999999997,0.6281250000000005
2026-08-16 06:32:30.241,18.996,lower,0.05562500000000026,0.6612499999999999
2026-08-16 06:32:30.251,19.006,lower,-0.010624999999999662,0.6637499999999996
2026-08-16 06:32:30.261,19.016,lower,-0.04562500000000025,0.6325000000000003
2026-08-16 06:32:30.271,19.026,lower,0.07000000000000006,0.6781250000000005
2026-08-16 06:32:30.281,19.036,lower,-0.13249999999999984,0.6281250000000005
2026-08-16 06:32:30.291,19.046,lower,0.050000000000000044,0.6643750000000004
2026-08-16 06:32:30.301,19.056,lower,0.013125000000000497,0.6606250000000002
2026-08-16 06:32:30.311,19.066,lower,-0.020000000000000018,0.6343750000000004
2026-08-16 06:32:30.321,19.076,lower,0.07500000000000062,0.6806250000000003
2026-08-16 06:32:30.331,19.086,lower,-0.12687499999999963,0.6274999999999997
2026-08-16 06:32:30.341,19.096,lower,0.03874999999999962,0.6656249999999997
2026-08-16 06:32:30.351,19.106,lower,-0.014999999999999458,0.6712499999999999
2026-08-16 06:32:30.361,19.116,lower,-0.04249999999999976,0.6356249999999997
2026-08-16 06:32:30.371,19.126,lower,0.07437499999999986,0.6787500000000002
2026-08-16 06:32:30.381,19.136,lower,-0.13062499999999977,0.635
2026-08-16 06:32:30.391,19.146,lower,0.053750000000000187,0.6674999999999998
2026-08-16 06:32:30.401,19.156,lower,0.010624999999999662,0.6662500000000005
2026-08-16 06:32:30.411,19.166,lower,-0.07562500000000028,0.6281250000000005
2026-08-16 06:32:30.421,19.176,lower,0.07687499999999958,0.6768750000000001
2026-08-16 06:32:30.431,19.186,lower,-0.1318750000000002,0.6325000000000003
2026-08-16 06:32:30.441,19.196,lower,0.043125000000000524,0.6662500000000005
2026-08-16 06:32:30.451,19.206,lower,-0.01687499999999953,0.6656249999999997
2026-08-16 06:32:30.461,19.216,lower,-0.04124999999999934,0.6312499999999999
2026-08-16 06:32:30.471,19.226,lower,0.07437499999999986,0.6787500000000002
2026-08-16 06:32:30.481,19.236,lower,-0.13000000000000012,0.6293749999999998
2026-08-16 06:32:30.491,19.246,lower,0.050000000000000044,0.6581250000000005
2026-08-16 06:32:30.501,19.256,lower,0.009375000000000355,0.6625000000000003
2026-08-16 06:32:30.511,19.266,lower,-0.07124999999999937,0.6318750000000006
2026-08-16 06:32:30.521,19.276,lower,0.07125000000000048,0.675
2026-08-16 06:32:30.531,19.286,lower,-0.13375000000000026,0.6300000000000006
2026-08-16 06:32:30.541,19.296,lower,0.040000000000000036,0.6568750000000001
2026-08-16 06:32:30.551,19.306,lower,-0.022499999999999742,0.6643750000000004
2026-08-16 06:32:30.561,19.316,lower,-0.04062499999999969,0.6300000000000006
2026-08-16 06:32:30.571,19.326,lower,0.07500000000000062,0.6743750000000004
2026-08-16 06:32:30.581,19.336,lower,-0.12375000000000025,0.6287500000000001
2026-08-16 06:32:30.591,19.346,lower,0.0506249999999997,0.6612499999999999
2026-08-16 06:32:30.601,19.356,lower,0.007500000000000284,0.6743750000000004
2026-08-16 06:32:30.611,19.366,lower,-0.0649999999999995,0.6356249999999997
2026-08-16 06:32:30.621,19.376,lower,0.07187500000000013,0.6781250000000005
2026-08-16 06:32:30.631,19.386,lower,-0.12812500000000004,0.6318750000000006
2026-08-16 06:32:30.641,19.396,lower,0.04375000000000018,0.6656249999999997
2026-08-16 06:32:30.651,19.406,lower,-0.02375000000000016,0.6700000000000006
2026-08-16 06:32:30.661,19.416,lower,-0.03562500000000024,0.6387500000000002
2026-08-16 06:32:30.671,19.426,lower,0.07249999999999979,0.6793749999999998
2026-08-16 06:32:30.681,19.436,lower,-0.12687499999999963,0.6362500000000004
2026-08-16 06:32:30.691,19.446,lower,0.05249999999999977,0.6693749999999998
2026-08-16 06:32:30.701,19.456,lower,0.0024999999999997247,0.6681250000000005
2026-08-16 06:32:30.711,19.466,lower,-0.0649999999999995,0.6293749999999998
2026-08-16 06:32:30.721,19.476,lower,0.07624999999999993,0.6793749999999998
2026-08-16 06:32:30.731,19.486,lower,-0.13124999999999942,0.6325000000000003
2026-08-16 06:32:30.741,19.496,lower,0.04125000000000045,0.6587500000000002
2026-08-16 06:32:30.751,19.506,lower,0.02375000000000016,0.6668750000000001
2026-08-16 06:32:30.761,19.516,lower,-0.03562500000000024,0.6281250000000005
2026-08-16 06:32:30.771,19.526,lower,0.07062499999999972,0.6774999999999998
2026-08-16 06:32:30.781,19.536,lower,-0.12687499999999963,0.6318750000000006
2026-08-16 06:32:30.791,19.546,lower,0.051875000000000115,0.6637499999999996
2026-08-16 06:32:30.801,19.556,lower,-0.006249999999999867,0.6643750000000004
2026-08-16 06:32:30.811,19.566,lower,-0.06249999999999978,0.6318750000000006
2026-08-16 06:32:30.821,19.576,lower,0.07187500000000013,0.6743750000000004
2026-08-16 06:32:30.831,19.586,lower,-0.1331249999999995,0.6306250000000002
2026-08-16 06:32:30.841,19.596,lower,0.04437499999999983,0.6656249999999997
2026-08-16 06:32:30.851,19.606,lower,0.024374999999999813,0.6681250000000005
2026-08-16 06:32:30.861,19.616,lower,-0.031249999999999334,0.635
2026-08-16 06:32:30.871,19.626,lower,0.07562500000000028,0.6768750000000001
2026-08-16 06:32:30.881,19.636,lower,-0.12687499999999963,0.6293749999999998
2026-08-16 06:32:30.891,19.646,lower,0.051875000000000115,0.665
2026-08-16 06:32:30.901,19.656,lower,-0.005625000000000213,0.6681250000000005
2026-08-16 06:32:30.911,19.666,lower,-0.05750000000000033,0.6356249999999997
2026-08-16 06:32:30.921,19.676,lower,0.06812499999999999,0.6800000000000006
2026-08-16 06:32:30.931,19.686,lower,-0.13687499999999964,0.6368750000000001
2026-08-16 06:32:30.941,19.696,lower,0.046875000000000666,0.6637499999999996
2026-08-16 06:32:30.951,19.706,lower,0.021250000000000435,0.6700000000000006
2026-08-16 06:32:30.961,19.716,lower,-0.0318750000000001,0.6281250000000005
2026-08-16 06:32:30.971,19.726,lower,0.07187500000000013,0.6818750000000007
2026-08-16 06:32:30.981,19.736,lower,-0.13062499999999977,0.6343750000000004
2026-08-16 06:32:30.991,19.746,lower,0.035000000000000586,0.6693749999999998
2026-08-16 06:32:31.001,19.756,lower,-0.009375000000000355,0.6693749999999998
2026-08-16 06:32:31.011,19.766,lower,-0.05562500000000026,0.6293749999999998
2026-08-16 06:32:31.021,19.776,lower,0.06812499999999999,0.6806250000000003
2026-08-16 06:32:31.031,19.786,lower,-0.1343749999999999,0.6331249999999999
2026-08-16 06:32:31.041,19.796,lower,0.043125000000000524,0.6574999999999998
2026-08-16 06:32:31.051,19.806,lower,0.014374999999999805,0.6606250000000002
2026-08-16 06:32:31.061,19.816,lower,-0.02874999999999961,0.6293749999999998
2026-08-16 06:32:31.071,19.826,lower,0.07187500000000013,0.675
2026-08-16 06:32:31.081,19.836,lower,-0.13499999999999956,0.6306250000000002
2026-08-16 06:32:31.091,19.846,lower,0.0318750000000001,0.6612499999999999
2026-08-16 06:32:31.101,19.856,lower,-0.01187500000000008,0.6625000000000003
2026-08-16 06:32:31.111,19.866,lower,-0.054999999999999494,0.6362500000000004
2026-08-16 06:32:31.121,19.876,lower,0.06937500000000041,0.6774999999999998
2026-08-16 06:32:31.131,19.886,lower,-0.1343749999999999,0.6300000000000006
2026-08-16 06:32:31.141,19.896,lower,0.04375000000000018,0.6618750000000007
2026-08-16 06:32:31.151,19.906,lower,0.012499999999999734,0.6712499999999999
2026-08-16 06:32:31.161,19.916,lower,-0.08000000000000007,0.6362500000000004
2026-08-16 06:32:31.171,19.926,lower,0.06937500000000041,0.6793749999999998
2026-08-16 06:32:31.181,19.936,lower,-0.1375000000000004,0.6362500000000004
2026-08-16 06:32:31.191,19.946,lower,0.03624999999999989,0.663125
2026-08-16 06:32:31.201,19.956,lower,-0.019375000000000364,0.6712499999999999
2026-08-16 06:32:31.211,19.966,lower,-0.051875000000000115,0.6268750000000001
2026-08-16 06:32:31.221,19.976,lower,0.07125000000000048,0.6737499999999996
2026-08-16 06:32:31.231,19.986,lower,-0.1275000000000004,0.6356249999999997
2026-08-16 06:32:31.241,19.996,lower,0.043125000000000524,0.6625000000000003
2026-08-16 06:32:31.251,20.006,lower,0.009375000000000355,0.6693749999999998
2026-08-16 06:32:31.261,20.016,lower,-0.08000000000000007,0.625
2026-08-16 06:32:31.271,20.026,lower,0.06874999999999964,0.6793749999999998
2026-08-16 06:32:31.281,20.036,lower,-0.1343749999999999,0.6318750000000006
2026-08-16 06:32:31.291,20.046,lower,0.03562500000000024,0.6568750000000001
2026-08-16 06:32:31.301,20.056,lower,-0.017500000000000293,0.6643750000000004
2026-08-16 06:32:31.311,20.066,lower,-0.04874999999999963,0.6281250000000005
2026-08-16 06:32:31.321,20.076,lower,0.07187500000000013,0.6756249999999997
2026-08-16 06:32:31.331,20.086,lower,-0.12499999999999956,0.6318750000000006
2026-08-16 06:32:31.341,20.096,lower,0.04874999999999963,0.6587500000000002
2026-08-16 06:32:31.351,20.106,lower,0.004374999999999796,0.6643750000000004
2026-08-16 06:32:31.361,20.116,lower,-0.07687499999999958,0.6325000000000003
2026-08-16 06:32:31.371,20.126,lower,0.07062499999999972,0.6787500000000002
2026-08-16 06:32:31.381,20.136,lower,-0.1387499999999997,0.6268750000000001
2026-08-16 06:32:31.391,20.146,lower,0.03624999999999989,0.6625000000000003
2026-08-16 06:32:31.401,20.156,lower,0.0318750000000001,0.6687500000000002
2026-08-16 06:32:31.411,20.166,lower,-0.04812499999999997,0.6337499999999996
2026-08-16 06:32:31.421,20.176,lower,0.06437499999999985,0.673125
2026-08-16 06:32:31.431,20.186,lower,-0.12249999999999983,0.635
2026-08-16 06:32:31.441,20.196,lower,0.04562500000000025,0.6643750000000004
2026-08-16 06:32:31.451,20.206,lower,0.001875000000000071,0.6674999999999998
2026-08-16 06:32:31.461,20.216,lower,-0.07124999999999937,0.6337499999999996
2026-08-16 06:32:31.471,20.226,lower,0.06624999999999992,0.6781250000000005
2026-08-16 06:32:31.481,20.236,lower,-0.13687499999999964,0.6368750000000001
2026-08-16 06:32:31.491,20.246,lower,0.04062499999999969,0.6637499999999996
2026-08-16 06:32:31.501,20.256,lower,0.027500000000000302,0.6718750000000007
2026-08-16 06:32:31.511,20.266,lower,-0.046874999999999556,0.6300000000000006
2026-08-16 06:32:31.521,20.276,lower,0.07000000000000006,0.6781250000000005
2026-08-16 06:32:31.531,20.286,lower,-0.12812500000000004,0.6343750000000004
2026-08-16 06:32:31.541,20.296,lower,0.04562500000000025,0.653125
2026-08-16 06:32:31.551,20.306,lower,-0.0031249999999993783,0.6656249999999997
2026-08-16 06:32:31.561,20.316,lower,-0.07000000000000006,0.6300000000000006
2026-08-16 06:32:31.571,20.326,lower,0.06624999999999992,0.6781250000000005
2026-08-16 06:32:31.581,20.336,lower,-0.13687499999999964,0.6337499999999996
2026-08-16 06:32:31.591,20.346,lower,0.03874999999999962,0.6574999999999998
2026-08-16 06:32:31.601,20.356,lower,0.024374999999999813,0.6662500000000005
2026-08-16 06:32:31.611,20.366,lower,-0.03937500000000038,0.6318750000000006
2026-08-16 06:32:31.621,20.376,lower,0.07000000000000006,0.6781250000000005
2026-08-16 06:32:31.631,20.386,lower,-0.13062499999999977,0.6331249999999999
2026-08-16 06:32:31.641,20.396,lower,0.031250000000000444,0.665
2026-08-16 06:32:31.651,20.406,lower,-0.004374999999999796,0.6725000000000003
2026-08-16 06:32:31.661,20.416,lower,-0.06812499999999999,0.635
2026-08-16 06:32:31.671,20.426,lower,0.07000000000000006,0.6787500000000002
2026-08-16 06:32:31.681,20.436,lower,-0.1387499999999997,0.6325000000000003
2026-08-16 06:32:31.691,20.446,lower,0.04062499999999969,0.6656249999999997
2026-08-16 06:32:31.701,20.456,lower,0.022499999999999742,0.6712499999999999
2026-08-16 06:32:31.711,20.466,lower,-0.03437499999999982,0.6337499999999996
2026-08-16 06:32:31.721,20.476,lower,0.07187500000000013,0.6793749999999998
2026-08-16 06:32:31.731,20.486,lower,-0.1343749999999999,0.6400000000000006
2026-08-16 06:32:31.741,20.496,lower,0.03375000000000017,0.6668750000000001
2026-08-16 06:32:31.751,20.506,lower,-0.008749999999999591,0.6706250000000002
2026-08-16 06:32:31.761,20.516,lower,-0.06874999999999964,0.6243750000000003
2026-08-16 06:32:31.771,20.526,lower,0.06687500000000068,0.6793749999999998
2026-08-16 06:32:31.781,20.536,lower,-0.14062499999999978,0.6343750000000004
2026-08-16 06:32:31.791,20.546,lower,0.04062499999999969,0.6612499999999999
2026-08-16 06:32:31.801,20.556,lower,0.01687500000000064,0.6668750000000001
2026-08-16 06:32:31.811,20.566,lower,-0.09000000000000008,0.6268750000000001
2026-08-16 06:32:31.821,20.576,lower,0.07125000000000048,0.6768750000000001
2026-08-16 06:32:31.831,20.586,lower,-0.13124999999999942,0.6356249999999997
2026-08-16 06:32:31.841,20.596,lower,0.03375000000000017,0.6568750000000001
2026-08-16 06:32:31.851,20.606,lower,-0.014999999999999458,0.6674999999999998
2026-08-16 06:32:31.861,20.616,lower,-0.056874999999999565,0.6312499999999999
2026-08-16 06:32:31.871,20.626,lower,0.07125000000000048,0.6743750000000004
2026-08-16 06:32:31.881,20.636,lower,-0.12062499999999976,0.6356249999999997
2026-08-16 06:32:31.891,20.646,lower,0.043125000000000524,0.6581250000000005
2026-08-16 06:32:31.901,20.656,lower,0.01687500000000064,0.6687500000000002
2026-08-16 06:32:31.911,20.666,lower,-0.08750000000000036,0.6306250000000002
2026-08-16 06:32:31.921,20.676,lower,0.0737500000000002,0.6781250000000005
2026-08-16 06:32:31.931,20.686,lower,-0.13249999999999984,0.6325000000000003
2026-08-16 06:32:31.941,20.696,lower,0.03249999999999975,0.6606250000000002
2026-08-16 06:32:31.951,20.706,lower,0.045000000000000595,0.673125
2026-08-16 06:32:31.961,20.716,lower,-0.05562500000000026,0.6325000000000003
2026-08-16 06:32:31.971,20.726,lower,0.07000000000000006,0.6800000000000006
2026-08-16 06:32:31.981,20.736,lower,-0.11937499999999934,0.6400000000000006
2026-08-16 06:32:31.991,20.746,lower,0.04187500000000011,0.6643750000000004
2026-08-16 06:32:32.001,20.756,lower,0.011250000000000426,0.673125
2026-08-16 06:32:32.011,20.766,lower,-0.08499999999999952,0.6237500000000007
2026-08-16 06:32:32.021,20.776,lower,0.07000000000000006,0.6781250000000005
2026-08-16 06:32:32.031,20.786,lower,-0.13937499999999936,0.6343750000000004
2026-08-16 06:32:32.041,20.796,lower,0.035000000000000586,0.663125
2026-08-16 06:32:32.051,20.806,lower,0.04062499999999969,0.6706250000000002
2026-08-16 06:32:32.061,20.816,lower,-0.05624999999999991,0.6300000000000006
2026-08-16 06:32:32.071,20.826,lower,0.07249999999999979,0.6756249999999997
2026-08-16 06:32:32.081,20.836,lower,-0.12062499999999976,0.6343750000000004
2026-08-16 06:32:32.091,20.846,lower,0.045000000000000595,0.6562500000000004
2026-08-16 06:32:32.101,20.856,lower,0.015625000000000222,0.6687500000000002
2026-08-16 06:32:32.111,20.866,lower,-0.07750000000000035,0.6318750000000006
2026-08-16 06:32:32.121,20.876,lower,0.06687500000000068,0.6787500000000002
2026-08-16 06:32:32.131,20.886,lower,-0.1331249999999995,0.6337499999999996
2026-08-16 06:32:32.141,20.896,lower,0.038124999999999964,0.6581250000000005
2026-08-16 06:32:32.151,20.906,lower,0.04062499999999969,0.6681250000000005
2026-08-16 06:32:32.161,20.916,lower,-0.046874999999999556,0.6325000000000003
2026-08-16 06:32:32.171,20.926,lower,0.07125000000000048,0.6762500000000005
2026-08-16 06:32:32.181,20.936,lower,-0.12499999999999956,0.6281250000000005
2026-08-16 06:32:32.191,20.946,lower,0.04812499999999997,0.6581250000000005
2026-08-16 06:32:32.201,20.956,lower,0.0050000000000005596,0.6718750000000007
2026-08-16 06:32:32.211,20.966,lower,-0.07750000000000035,0.6300000000000006
2026-08-16 06:32:32.221,20.976,lower,0.07125000000000048,0.6774999999999998
2026-08-16 06:32:32.231,20.986,lower,-0.1343749999999999,0.6412499999999999
2026-08-16 06:32:32.241,20.996,lower,0.03874999999999962,0.6606250000000002
2026-08-16 06:32:32.251,21.006,lower,0.03874999999999962,0.6718750000000007
2026-08-16 06:32:32.261,21.016,lower,-0.04750000000000032,0.6325000000000003
2026-08-16 06:32:32.271,21.026,lower,0.07000000000000006,0.6787500000000002
2026-08-16 06:32:32.281,21.036,lower,-0.12312499999999948,0.6374999999999997
2026-08-16 06:32:32.291,21.046,lower,0.02562500000000023,0.6643750000000004
2026-08-16 06:32:32.301,21.056,lower,0.005625000000000213,0.6712499999999999
2026-08-16 06:32:32.311,21.066,lower,-0.0737500000000002,0.6243750000000003
2026-08-16 06:32:32.321,21.076,lower,0.0737500000000002,0.6812499999999999
2026-08-16 06:32:32.331,21.086,lower,-0.1331249999999995,0.635
2026-08-16 06:32:32.341,21.096,lower,0.040000000000000036,0.6493749999999998
2026-08-16 06:32:32.351,21.106,lower,0.03375000000000017,0.6706250000000002
2026-08-16 06:32:32.361,21.116,lower,-0.10062499999999974,0.6281250000000005
2026-08-16 06:32:32.371,21.126,lower,0.07062499999999972,0.6787500000000002
2026-08-16 06:32:32.381,21.136,lower,-0.12375000000000025,0.6331249999999999
2026-08-16 06:32:32.391,21.146,lower,0.03375000000000017,0.6562500000000004
2026-08-16 06:32:32.401,21.156,lower,0.003750000000000142,0.6674999999999998
2026-08-16 06:32:32.411,21.166,lower,-0.07187500000000013,0.6300000000000006
2026-08-16 06:32:32.421,21.176,lower,0.07312500000000055,0.6762500000000005
2026-08-16 06:32:32.431,21.186,lower,-0.13562500000000033,0.6318750000000006
2026-08-16 06:32:32.441,21.196,lower,0.04437499999999983,0.6587500000000002
2026-08-16 06:32:32.451,21.206,lower,0.0318750000000001,0.6718750000000007
2026-08-16 06:32:32.461,21.216,lower,-0.09812500000000002,0.6312499999999999
2026-08-16 06:32:32.471,21.226,lower,0.07562500000000028,0.675
2026-08-16 06:32:32.481,21.236,lower,-0.12624999999999997,0.6343750000000004
2026-08-16 06:32:32.491,21.246,lower,0.030000000000000027,0.6618750000000007
2026-08-16 06:32:32.501,21.256,lower,0.0031250000000004885,0.6700000000000006
2026-08-16 06:32:32.511,21.266,lower,-0.06562500000000027,0.6312499999999999
2026-08-16 06:32:32.521,21.276,lower,0.07312500000000055,0.6787500000000002
2026-08-16 06:32:32.531,21.286,lower,-0.11187500000000017,0.6393749999999998
2026-08-16 06:32:32.541,21.296,lower,0.04187500000000011,0.6587500000000002
2026-08-16 06:32:32.551,21.306,lower,0.02562500000000023,0.6718750000000007
2026-08-16 06:32:32.561,21.316,lower,-0.09312499999999946,0.6218750000000006
2026-08-16 06:32:32.571,21.326,lower,0.07437499999999986,0.6800000000000006
2026-08-16 06:32:32.581,21.336,lower,-0.13000000000000012,0.6387500000000002
2026-08-16 06:32:32.591,21.346,lower,0.03562500000000024,0.6656249999999997
2026-08-16 06:32:32.601,21.356,lower,-0.006249999999999867,0.6706250000000002
2026-08-16 06:32:32.611,21.366,lower,-0.0637500000000002,0.6256249999999997
2026-08-16 06:32:32.621,21.376,lower,0.0737500000000002,0.6812499999999999
2026-08-16 06:32:32.631,21.386,lower,-0.10874999999999968,0.6343750000000004
2026-08-16 06:32:32.641,21.396,lower,0.04375000000000018,0.6568750000000001
2026-08-16 06:32:32.651,21.406,lower,0.028124999999999956,0.6687500000000002
2026-08-16 06:32:32.661,21.416,lower,-0.08562500000000028,0.6268750000000001
2026-08-16 06:32:32.671,21.426,lower,0.07000000000000006,0.6781250000000005
2026-08-16 06:32:32.681,21.436,lower,-0.12624999999999997,0.6356249999999997
2026-08-16 06:32:32.691,21.446,lower,0.03750000000000031,0.6593749999999998
2026-08-16 06:32:32.701,21.456,lower,0.05125000000000046,0.6693749999999998
2026-08-16 06:32:32.711,21.466,lower,-0.06000000000000005,0.6331249999999999
2026-08-16 06:32:32.721,21.476,lower,0.07562500000000028,0.6800000000000006
2026-08-16 06:32:32.731,21.486,lower,-0.11499999999999955,0.6362500000000004
2026-08-16 06:32:32.741,21.496,lower,0.04750000000000032,0.6606250000000002
2026-08-16 06:32:32.751,21.506,lower,0.024374999999999813,0.6762500000000005
2026-08-16 06:32:32.761,21.516,lower,-0.09187500000000015,0.6337499999999996
2026-08-16 06:32:32.771,21.526,lower,0.06687500000000068,0.675
2026-08-16 06:32:32.781,21.536,lower,-0.1331249999999995,0.6393749999999998
2026-08-16 06:32:32.791,21.546,lower,0.03375000000000017,0.6606250000000002
2026-08-16 06:32:32.801,21.556,lower,0.04750000000000032,0.6737499999999996
2026-08-16 06:32:32.811,21.566,lower,-0.0593750000000004,0.6312499999999999
2026-08-16 06:32:32.821,21.576,lower,0.07500000000000062,0.6787500000000002
2026-08-16 06:32:32.831,21.586,lower,-0.11375000000000024,0.6406250000000002
2026-08-16 06:32:32.841,21.596,lower,0.043125000000000524,0.663125
2026-08-16 06:32:32.851,21.606,lower,0.015000000000000568,0.6743750000000004
2026-08-16 06:32:32.861,21.616,lower,-0.08187500000000014,0.625
2026-08-16 06:32:32.871,21.626,lower,0.07187500000000013,0.6800000000000006
2026-08-16 06:32:32.881,21.636,lower,-0.13499999999999956,0.6437499999999996
2026-08-16 06:32:32.891,21.646,lower,0.03687500000000066,0.6500000000000006
2026-08-16 06:32:32.901,21.656,lower,0.0462499999999999,0.6712499999999999
2026-08-16 06:32:32.911,21.666,lower,-0.05624999999999991,0.6300000000000006
2026-08-16 06:32:32.921,21.676,lower,0.07062499999999972,0.6825000000000003
2026-08-16 06:32:32.931,21.686,lower,-0.11812500000000004,0.6368750000000001
2026-08-16 06:32:32.941,21.696,lower,0.02187500000000009,0.6581250000000005
2026-08-16 06:32:32.951,21.706,lower,0.015000000000000568,0.6712499999999999
2026-08-16 06:32:32.961,21.716,lower,-0.08124999999999938,0.6281250000000005
2026-08-16 06:32:32.971,21.726,lower,0.06750000000000034,0.6787500000000002
2026-08-16 06:32:32.981,21.736,lower,-0.13499999999999956,0.6325000000000003
2026-08-16 06:32:32.991,21.746,lower,0.03687500000000066,0.6593749999999998
2026-08-16 06:32:33.001,21.756,lower,0.04249999999999976,0.6762500000000005
2026-08-16 06:32:33.011,21.766,lower,-0.10812500000000003,0.6325000000000003
2026-08-16 06:32:33.021,21.776,lower,0.06937500000000041,0.6737499999999996
2026-08-16 06:32:33.031,21.786,lower,-0.12312499999999948,0.6337499999999996
2026-08-16 06:32:33.041,21.796,lower,0.024374999999999813,0.6593749999999998
2026-08-16 06:32:33.051,21.806,lower,0.011250000000000426,0.6706250000000002
2026-08-16 06:32:33.061,21.816,lower,-0.0824999999999998,0.6293749999999998
2026-08-16 06:32:33.071,21.826,lower,0.06874999999999964,0.6781250000000005
2026-08-16 06:32:33.081,21.836,lower,-0.1343749999999999,0.6406250000000002
2026-08-16 06:32:33.091,21.846,lower,0.03624999999999989,0.6637499999999996
2026-08-16 06:32:33.101,21.856,lower,0.038124999999999964,0.6743750000000004
2026-08-16 06:32:33.111,21.866,lower,-0.1056250000000003,0.6287500000000001
2026-08-16 06:32:33.121,21.876,lower,0.07062499999999972,0.6800000000000006
2026-08-16 06:32:33.131,21.886,lower,-0.12562500000000032,0.6387500000000002
2026-08-16 06:32:33.141,21.896,lower,0.027500000000000302,0.6618750000000007
2026-08-16 06:32:33.151,21.906,lower,0.008124999999999938,0.6743750000000004
2026-08-16 06:32:33.161,21.916,lower,-0.0824999999999998,0.6281250000000005
2026-08-16 06:32:33.171,21.926,lower,0.07187500000000013,0.6812499999999999
2026-08-16 06:32:33.181,21.936,lower,-0.10750000000000037,0.6368750000000001
2026-08-16 06:32:33.191,21.946,lower,0.033125000000000515,0.6537499999999996
2026-08-16 06:32:33.201,21.956,lower,0.03687500000000066,0.6706250000000002
2026-08-16 06:32:33.211,21.966,lower,-0.1012499999999994,0.6281250000000005
2026-08-16 06:32:33.221,21.976,lower,0.06874999999999964,0.675
2026-08-16 06:32:33.231,21.986,lower,-0.12687499999999963,0.6356249999999997
2026-08-16 06:32:33.241,21.996,lower,0.02562500000000023,0.6543750000000004
2026-08-16 06:32:33.251,22.006,lower,0.0024999999999997247,0.6668750000000001
2026-08-16 06:32:33.261,22.016,lower,-0.07437499999999986,0.6287500000000001
2026-08-16 06:32:33.271,22.026,lower,0.06750000000000034,0.6756249999999997
2026-08-16 06:32:33.281,22.036,lower,-0.11312499999999948,0.6312499999999999
2026-08-16 06:32:33.291,22.046,lower,0.03874999999999962,0.6568750000000001
2026-08-16 06:32:33.301,22.056,lower,0.028124999999999956,0.673125
2026-08-16 06:32:33.311,22.066,lower,-0.10437499999999988,0.6293749999999998
2026-08-16 06:32:33.321,22.076,lower,0.07125000000000048,0.6800000000000006
2026-08-16 06:32:33.331,22.086,lower,-0.13062499999999977,0.6443750000000004
2026-08-16 06:32:33.341,22.096,lower,0.02687500000000065,0.6618750000000007
2026-08-16 06:32:33.351,22.106,lower,0.05437499999999984,0.6781250000000005
2026-08-16 06:32:33.361,22.116,lower,-0.07874999999999965,0.6231249999999999
2026-08-16 06:32:33.371,22.126,lower,0.06687500000000068,0.6800000000000006
2026-08-16 06:32:33.381,22.136,lower,-0.1100000000000001,0.6381250000000005
2026-08-16 06:32:33.391,22.146,lower,0.03687500000000066,0.665
2026-08-16 06:32:33.401,22.156,lower,0.025000000000000577,0.6737499999999996
2026-08-16 06:32:33.411,22.166,lower,-0.09812500000000002,0.6231249999999999
2026-08-16 06:32:33.421,22.176,lower,0.06249999999999978,0.6812499999999999
2026-08-16 06:32:33.431,22.186,lower,-0.13499999999999956,0.6381250000000005
2026-08-16 06:32:33.441,22.196,lower,0.028124999999999956,0.6543750000000004
2026-08-16 06:32:33.451,22.206,lower,0.051875000000000115,0.6706250000000002
2026-08-16 06:32:33.461,22.216,lower,-0.07249999999999979,0.6268750000000001
2026-08-16 06:32:33.471,22.226,lower,0.07062499999999972,0.6768750000000001
2026-08-16 06:32:33.481,22.236,lower,-0.11499999999999955,0.6381250000000005
2026-08-16 06:32:33.491,22.246,lower,0.03562500000000024,0.6581250000000005
2026-08-16 06:32:33.501,22.256,lower,0.023125000000000506,0.6725000000000003
2026-08-16 06:32:33.511,22.266,lower,-0.09874999999999967,0.6268750000000001
2026-08-16 06:32:33.521,22.276,lower,0.06249999999999978,0.6762500000000005
2026-08-16 06:32:33.531,22.286,lower,-0.13499999999999956,0.6368750000000001
2026-08-16 06:32:33.541,22.296,lower,0.02687500000000065,0.6587500000000002
2026-08-16 06:32:33.551,22.306,lower,0.04375000000000018,0.6706250000000002
2026-08-16 06:32:33.561,22.316,lower,-0.07124999999999937,0.6300000000000006
2026-08-16 06:32:33.571,22.326,lower,0.06750000000000034,0.675
2026-08-16 06:32:33.581,22.336,lower,-0.12124999999999941,0.6456249999999997
2026-08-16 06:32:33.591,22.346,lower,0.014374999999999805,0.6606250000000002
2026-08-16 06:32:33.601,22.356,lower,0.021250000000000435,0.6737499999999996
2026-08-16 06:32:33.611,22.366,lower,-0.09437499999999988,0.6331249999999999
2026-08-16 06:32:33.621,22.376,lower,0.06624999999999992,0.6781250000000005
2026-08-16 06:32:33.631,22.386,lower,-0.13687499999999964,0.645
2026-08-16 06:32:33.641,22.396,lower,0.030000000000000027,0.663125
2026-08-16 06:32:33.651,22.406,lower,0.04437499999999983,0.6756249999999997
2026-08-16 06:32:33.661,22.416,lower,-0.06624999999999992,0.6256249999999997
2026-08-16 06:32:33.671,22.426,lower,0.06500000000000061,0.6787500000000002
2026-08-16 06:32:33.681,22.436,lower,-0.12062499999999976,0.6456249999999997
2026-08-16 06:32:33.691,22.446,lower,0.019375000000000364,0.6562500000000004
2026-08-16 06:32:33.701,22.456,lower,0.013750000000000151,0.6737499999999996
2026-08-16 06:32:33.711,22.466,lower,-0.09499999999999953,0.6262500000000004
2026-08-16 06:32:33.721,22.476,lower,0.06437499999999985,0.6825000000000003
2026-08-16 06:32:33.731,22.486,lower,-0.14124999999999943,0.6374999999999997
2026-08-16 06:32:33.741,22.496,lower,0.027500000000000302,0.6568750000000001
2026-08-16 06:32:33.751,22.506,lower,0.04249999999999976,0.6718750000000007
2026-08-16 06:32:33.761,22.516,lower,-0.11624999999999996,0.6256249999999997
2026-08-16 06:32:33.771,22.526,lower,0.06500000000000061,0.6756249999999997
2026-08-16 06:32:33.781,22.536,lower,-0.12375000000000025,0.635
2026-08-16 06:32:33.791,22.546,lower,0.0187499999999996,0.6568750000000001
2026-08-16 06:32:33.801,22.556,lower,0.009375000000000355,0.6762500000000005
2026-08-16 06:32:33.811,22.566,lower,-0.09062499999999973,0.6293749999999998
2026-08-16 06:32:33.821,22.576,lower,0.06624999999999992,0.6806250000000003
2026-08-16 06:32:33.831,22.586,lower,-0.10499999999999954,0.6362500000000004
2026-08-16 06:32:33.841,22.596,lower,0.03249999999999975,0.6600000000000006
2026-08-16 06:32:33.851,22.606,lower,0.04062499999999969,0.6768750000000001
2026-08-16 06:32:33.861,22.616,lower,-0.11312499999999948,0.6331249999999999
2026-08-16 06:32:33.871,22.626,lower,0.07062499999999972,0.6825000000000003
2026-08-16 06:32:33.881,22.636,lower,-0.12499999999999956,0.645
2026-08-16 06:32:33.891,22.646,lower,0.02062499999999967,0.6643750000000004
2026-08-16 06:32:33.901,22.656,lower,0.011250000000000426,0.6774999999999998
2026-08-16 06:32:33.911,22.666,lower,-0.08687499999999959,0.6281250000000005
2026-08-16 06:32:33.921,22.676,lower,0.06500000000000061,0.6787500000000002
2026-08-16 06:32:33.931,22.686,lower,-0.10750000000000037,0.645
2026-08-16 06:32:33.941,22.696,lower,0.03249999999999975,0.663125
2026-08-16 06:32:33.951,22.706,lower,0.03750000000000031,0.6756249999999997
2026-08-16 06:32:33.961,22.716,lower,-0.1112499999999994,0.6268750000000001
2026-08-16 06:32:33.971,22.726,lower,0.06750000000000034,0.6818750000000007
2026-08-16 06:32:33.981,22.736,lower,-0.1287499999999997,0.6462500000000004
2026-08-16 06:32:33.991,22.746,lower,0.02375000000000016,0.6556249999999997
2026-08-16 06:32:34.001,22.756,lower,0.056875000000000675,0.6774999999999998
2026-08-16 06:32:34.011,22.766,lower,-0.09000000000000008,0.6287500000000001
2026-08-16 06:32:34.021,22.776,lower,0.06562500000000027,0.6768750000000001
2026-08-16 06:32:34.031,22.786,lower,-0.1056250000000003,0.6418750000000006
2026-08-16 06:32:34.041,22.796,lower,0.030000000000000027,0.6543750000000004
2026-08-16 06:32:34.051,22.806,lower,0.03437499999999982,0.673125
2026-08-16 06:32:34.061,22.816,lower,-0.10812500000000003,0.6306250000000002
2026-08-16 06:32:34.071,22.826,lower,0.06000000000000005,0.6774999999999998
2026-08-16 06:32:34.081,22.836,lower,-0.12687499999999963,0.6406250000000002
2026-08-16 06:32:34.091,22.846,lower,0.026249999999999885,0.6600000000000006
2026-08-16 06:32:34.101,22.856,lower,0.05312500000000053,0.6768750000000001
2026-08-16 06:32:34.111,22.866,lower,-0.08000000000000007,0.6318750000000006
2026-08-16 06:32:34.121,22.876,lower,0.06874999999999964,0.6781250000000005
2026-08-16 06:32:34.131,22.886,lower,-0.11187500000000017,0.6506250000000002
2026-08-16 06:32:34.141,22.896,lower,0.03562500000000024,0.6593749999999998
2026-08-16 06:32:34.151,22.906,lower,0.03437499999999982,0.6768750000000001
2026-08-16 06:32:34.161,22.916,lower,-0.1056250000000003,0.6318750000000006
2026-08-16 06:32:34.171,22.926,lower,0.06750000000000034,0.6812499999999999
2026-08-16 06:32:34.181,22.936,lower,-0.1331249999999995,0.6474999999999997
2026-08-16 06:32:34.191,22.946,lower,0.02375000000000016,0.6625000000000003
2026-08-16 06:32:34.201,22.956,lower,0.053750000000000187,0.6737499999999996
2026-08-16 06:32:34.211,22.966,lower,-0.078125,0.6256249999999997
2026-08-16 06:32:34.221,22.976,lower,0.06624999999999992,0.6787500000000002
2026-08-16 06:32:34.231,22.986,lower,-0.11249999999999982,0.6400000000000006
2026-08-16 06:32:34.241,22.996,lower,0.011250000000000426,0.653125
2026-08-16 06:32:34.251,23.006,lower,0.02874999999999961,0.6743750000000004
2026-08-16 06:32:34.261,23.016,lower,-0.1012499999999994,0.6274999999999997
2026-08-16 06:32:34.271,23.026,lower,0.06562500000000027,0.6737499999999996
2026-08-16 06:32:34.281,23.036,lower,-0.1331249999999995,0.6412499999999999
2026-08-16 06:32:34.291,23.046,lower,0.028124999999999956,0.6537499999999996
2026-08-16 06:32:34.301,23.056,lower,0.053750000000000187,0.6725000000000003
2026-08-16 06:32:34.311,23.066,lower,-0.12312499999999948,0.6262500000000004
2026-08-16 06:32:34.321,23.076,lower,0.06874999999999964,0.6725000000000003
2026-08-16 06:32:34.331,23.086,lower,-0.11499999999999955,0.6387500000000002
2026-08-16 06:32:34.341,23.096,lower,0.017500000000000293,0.6568750000000001
2026-08-16 06:32:34.351,23.106,lower,0.02874999999999961,0.6756249999999997
2026-08-16 06:32:34.361,23.116,lower,-0.09874999999999967,0.6306250000000002
2026-08-16 06:32:34.371,23.126,lower,0.06874999999999964,0.6768750000000001
2026-08-16 06:32:34.381,23.136,lower,-0.13062499999999977,0.6474999999999997
2026-08-16 06:32:34.391,23.146,lower,0.033125000000000515,0.6593749999999998
2026-08-16 06:32:34.401,23.156,lower,0.050000000000000044,0.6768750000000001
2026-08-16 06:32:34.411,23.166,lower,-0.11874999999999969,0.6312499999999999
2026-08-16 06:32:34.421,23.176,lower,0.07062499999999972,0.6793749999999998
2026-08-16 06:32:34.431,23.186,lower,-0.11499999999999955,0.6493749999999998
2026-08-16 06:32:34.441,23.196,lower,0.020000000000000018,0.655
2026-08-16 06:32:34.451,23.206,lower,0.02562500000000023,0.6787500000000002
2026-08-16 06:32:34.461,23.216,lower,-0.0956250000000003,0.6281250000000005
2026-08-16 06:32:34.471,23.226,lower,0.07125000000000048,0.6806250000000003
2026-08-16 06:32:34.481,23.236,lower,-0.09187500000000015,0.6474999999999997
2026-08-16 06:32:34.491,23.246,lower,0.03062499999999968,0.6512499999999999
2026-08-16 06:32:34.501,23.256,lower,0.05125000000000046,0.6774999999999998
2026-08-16 06:32:34.511,23.266,lower,-0.11624999999999996,0.6256249999999997
2026-08-16 06:32:34.521,23.276,lower,0.06812499999999999,0.6793749999999998
2026-08-16 06:32:34.531,23.286,lower,-0.11937499999999934,0.6412499999999999
2026-08-16 06:32:34.541,23.296,lower,0.0187499999999996,0.6500000000000006
2026-08-16 06:32:34.551,23.306,lower,0.018124999999999947,0.6725000000000003
2026-08-16 06:32:34.561,23.316,lower,-0.09437499999999988,0.6256249999999997
2026-08-16 06:32:34.571,23.326,lower,0.07000000000000006,0.6762500000000005
2026-08-16 06:32:34.581,23.336,lower,-0.09499999999999953,0.6412499999999999
2026-08-16 06:32:34.591,23.346,lower,0.031250000000000444,0.6568750000000001
2026-08-16 06:32:34.601,23.356,lower,0.051875000000000115,0.6762500000000005
2026-08-16 06:32:34.611,23.366,lower,-0.11249999999999982,0.6287500000000001
2026-08-16 06:32:34.621,23.376,lower,0.07062499999999972,0.6774999999999998
2026-08-16 06:32:34.631,23.386,lower,-0.1143749999999999,0.6406250000000002
2026-08-16 06:32:34.641,23.396,lower,0.022499999999999742,0.6587500000000002
2026-08-16 06:32:34.651,23.406,lower,0.06062499999999971,0.6743750000000004
2026-08-16 06:32:34.661,23.416,lower,-0.09000000000000008,0.6318750000000006
2026-08-16 06:32:34.671,23.426,lower,0.07000000000000006,0.6781250000000005
2026-08-16 06:32:34.681,23.436,lower,-0.09624999999999995,0.645
2026-08-16 06:32:34.691,23.446,lower,0.03687500000000066,0.6612499999999999
2026-08-16 06:32:34.701,23.456,lower,0.04750000000000032,0.675
2026-08-16 06:32:34.711,23.466,lower,-0.11249999999999982,0.6262500000000004
2026-08-16 06:32:34.721,23.476,lower,0.06500000000000061,0.6774999999999998
2026-08-16 06:32:34.731,23.486,lower,-0.11937499999999934,0.6481250000000005
2026-08-16 06:32:34.741,23.496,lower,0.02187500000000009,0.6593749999999998
2026-08-16 06:32:34.751,23.506,lower,0.06249999999999978,0.6762500000000005
2026-08-16 06:32:34.761,23.516,lower,-0.08937500000000043,0.6256249999999997
2026-08-16 06:32:34.771,23.526,lower,0.07125000000000048,0.6774999999999998
2026-08-16 06:32:34.781,23.536,lower,-0.09812500000000002,0.6462500000000004
2026-08-16 06:32:34.791,23.546,lower,0.03375000000000017,0.6493749999999998
2026-08-16 06:32:34.801,23.556,lower,0.04125000000000045,0.675
2026-08-16 06:32:34.811,23.566,lower,-0.10874999999999968,0.6218750000000006
2026-08-16 06:32:34.821,23.576,lower,0.06750000000000034,0.6700000000000006
2026-08-16 06:32:34.831,23.586,lower,-0.12249999999999983,0.6406250000000002
2026-08-16 06:32:34.841,23.596,lower,0.027500000000000302,0.653125
2026-08-16 06:32:34.851,23.606,lower,0.06249999999999978,0.6693749999999998
2026-08-16 06:32:34.861,23.616,lower,-0.08437499999999987,0.6256249999999997
2026-08-16 06:32:34.871,23.626,lower,0.07500000000000062,0.673125
2026-08-16 06:32:34.881,23.636,lower,-0.10062499999999974,0.6406250000000002
2026-08-16 06:32:34.891,23.646,lower,0.008124999999999938,0.6600000000000006
2026-08-16 06:32:34.901,23.656,lower,0.04249999999999976,0.6762500000000005
2026-08-16 06:32:34.911,23.666,lower,-0.10624999999999996,0.6300000000000006
2026-08-16 06:32:34.921,23.676,lower,0.06500000000000061,0.6781250000000005
2026-08-16 06:32:34.931,23.686,lower,-0.12249999999999983,0.6481250000000005
2026-08-16 06:32:34.941,23.696,lower,0.026249999999999885,0.6612499999999999
2026-08-16 06:32:34.951,23.706,lower,0.05812499999999998,0.6768750000000001
2026-08-16 06:32:34.961,23.716,lower,-0.08124999999999938,0.6325000000000003
2026-08-16 06:32:34.971,23.726,lower,0.06874999999999964,0.6774999999999998
2026-08-16 06:32:34.981,23.736,lower,-0.10624999999999996,0.6487500000000002
2026-08-16 06:32:34.991,23.746,lower,0.014374999999999805,0.6581250000000005
2026-08-16 06:32:35.001,23.756,lower,0.040000000000000036,0.6762500000000005
2026-08-16 06:32:35.011,23.766,lower,-0.10874999999999968,0.625
2026-08-16 06:32:35.021,23.776,lower,0.06750000000000034,0.6756249999999997
2026-08-16 06:32:35.031,23.786,lower,-0.12624999999999997,0.6437499999999996
2026-08-16 06:32:35.041,23.796,lower,0.025000000000000577,0.6506250000000002
2026-08-16 06:32:35.051,23.806,lower,0.05562500000000026,0.6712499999999999
2026-08-16 06:32:35.061,23.816,lower,-0.12562500000000032,0.6274999999999997
2026-08-16 06:32:35.071,23.826,lower,0.06937500000000041,0.6756249999999997
2026-08-16 06:32:35.081,23.836,lower,-0.10750000000000037,0.6437499999999996
2026-08-16 06:32:35.091,23.846,lower,0.017500000000000293,0.6506250000000002
2026-08-16 06:32:35.101,23.856,lower,0.03375000000000017,0.6756249999999997
2026-08-16 06:32:35.111,23.866,lower,-0.10624999999999996,0.6268750000000001
2026-08-16 06:32:35.121,23.876,lower,0.06687500000000068,0.673125
2026-08-16 06:32:35.131,23.886,lower,-0.08562500000000028,0.6406250000000002
2026-08-16 06:32:35.141,23.896,lower,0.02687500000000065,0.6506250000000002
2026-08-16 06:32:35.151,23.906,lower,0.05750000000000033,0.6774999999999998
2026-08-16 06:32:35.161,23.916,lower,-0.12249999999999983,0.625
2026-08-16 06:32:35.171,23.926,lower,0.07000000000000006,0.673125
2026-08-16 06:32:35.181,23.936,lower,-0.11375000000000024,0.6525000000000003
2026-08-16 06:32:35.191,23.946,lower,0.012499999999999734,0.653125
2026-08-16 06:32:35.201,23.956,lower,0.029375000000000373,0.6737499999999996
2026-08-16 06:32:35.211,23.966,lower,-0.1012499999999994,0.6256249999999997
2026-08-16 06:32:35.221,23.976,lower,0.06624999999999992,0.675
2026-08-16 06:32:35.231,23.986,lower,-0.09062499999999973,0.6437499999999996
2026-08-16 06:32:35.241,23.996,lower,0.029375000000000373,0.6568750000000001
2026-08-16 06:32:35.251,24.006,lower,0.05312500000000053,0.6756249999999997
2026-08-16 06:32:35.261,24.016,lower,-0.12187500000000018,0.625
2026-08-16 06:32:35.271,24.026,lower,0.07062499999999972,0.6756249999999997
2026-08-16 06:32:35.281,24.036,lower,-0.1143749999999999,0.645
2026-08-16 06:32:35.291,24.046,lower,0.016249999999999876,0.6443750000000004
2026-08-16 06:32:35.301,24.056,lower,0.06062499999999971,0.673125
2026-08-16 06:32:35.311,24.066,lower,-0.10000000000000009,0.6225000000000003
2026-08-16 06:32:35.321,24.076,lower,0.06624999999999992,0.6756249999999997
2026-08-16 06:32:35.331,24.086,lower,-0.08812500000000001,0.6412499999999999
2026-08-16 06:32:35.341,24.096,lower,0.028124999999999956,0.6500000000000006
2026-08-16 06:32:35.351,24.106,lower,0.05125000000000046,0.6737499999999996
2026-08-16 06:32:35.361,24.116,lower,-0.11750000000000038,0.625
2026-08-16 06:32:35.371,24.126,lower,0.06125000000000047,0.6743750000000004
2026-08-16 06:32:35.381,24.136,lower,-0.11812500000000004,0.6437499999999996
2026-08-16 06:32:35.391,24.146,lower,0.019375000000000364,0.6556249999999997
2026-08-16 06:32:35.401,24.156,lower,0.058749999999999636,0.6756249999999997
2026-08-16 06:32:35.411,24.166,lower,-0.09874999999999967,0.6268750000000001
2026-08-16 06:32:35.421,24.176,lower,0.06812499999999999,0.675
2026-08-16 06:32:35.431,24.186,lower,-0.09187500000000015,0.6400000000000006
2026-08-16 06:32:35.441,24.196,lower,0.02874999999999961,0.6556249999999997
2026-08-16 06:32:35.451,24.206,lower,0.04937500000000039,0.675
2026-08-16 06:32:35.461,24.216,lower,-0.12187500000000018,0.6293749999999998
2026-08-16 06:32:35.471,24.226,lower,0.05812499999999998,0.6756249999999997
2026-08-16 06:32:35.481,24.236,lower,-0.11874999999999969,0.6462500000000004
2026-08-16 06:32:35.491,24.246,lower,0.016249999999999876,0.6581250000000005
2026-08-16 06:32:35.501,24.256,lower,0.05750000000000033,0.6787500000000002
2026-08-16 06:32:35.511,24.266,lower,-0.09812500000000002,0.6243750000000003
2026-08-16 06:32:35.521,24.276,lower,0.06500000000000061,0.6781250000000005
2026-08-16 06:32:35.531,24.286,lower,-0.10187500000000016,0.6487500000000002
2026-08-16 06:32:35.541,24.296,lower,0.0006249999999996536,0.6587500000000002
2026-08-16 06:32:35.551,24.306,lower,0.04249999999999976,0.6756249999999997
2026-08-16 06:32:35.561,24.316,lower,-0.12375000000000025,0.6212499999999999
2026-08-16 06:32:35.571,24.326,lower,0.06125000000000047,0.6781250000000005
2026-08-16 06:32:35.581,24.336,lower,-0.1243749999999999,0.6468750000000001
2026-08-16 06:32:35.591,24.346,lower,0.013750000000000151,0.6462500000000004
2026-08-16 06:32:35.601,24.356,lower,0.06125000000000047,0.6737499999999996
2026-08-16 06:32:35.611,24.366,lower,-0.09624999999999995,0.6231249999999999
2026-08-16 06:32:35.621,24.376,lower,0.06500000000000061,0.673125
2026-08-16 06:32:35.631,24.386,lower,-0.09874999999999967,0.6412499999999999
2026-08-16 06:32:35.641,24.396,lower,0.004374999999999796,0.6512499999999999
2026-08-16 06:32:35.651,24.406,lower,0.04187500000000011,0.673125
2026-08-16 06:32:35.661,24.416,lower,-0.1143749999999999,0.6243750000000003
2026-08-16 06:32:35.671,24.426,lower,0.06062499999999971,0.6756249999999997
2026-08-16 06:32:35.681,24.436,lower,-0.12687499999999963,0.6425000000000003
2026-08-16 06:32:35.691,24.446,lower,0.020000000000000018,0.6568750000000001
2026-08-16 06:32:35.701,24.456,lower,0.05562500000000026,0.7087500000000002
2026-08-16 06:32:35.711,24.466,lower,-0.13687499999999964,0.5574999999999997
2026-08-16 06:32:35.721,24.476,lower,0.06500000000000061,0.7087500000000002
2026-08-16 06:32:35.731,24.486,lower,-0.10687499999999961,0.625
2026-08-16 06:32:35.741,24.496,lower,0.003750000000000142,0.6437499999999996
2026-08-16 06:32:35.751,24.506,lower,0.03937500000000038,0.7068750000000001
2026-08-16 06:32:35.761,24.516,lower,-0.11874999999999969,0.5562500000000004
2026-08-16 06:32:35.771,24.526,lower,0.0593750000000004,0.7093749999999999
2026-08-16 06:32:35.781,24.536,lower,-0.08187500000000014,0.6168750000000001
2026-08-16 06:32:35.791,24.546,lower,0.016249999999999876,0.6493749999999998
2026-08-16 06:32:35.801,24.556,lower,0.05125000000000046,0.7043750000000004
2026-08-16 06:32:35.811,24.566,lower,-0.1318750000000002,0.5481250000000004
2026-08-16 06:32:35.821,24.576,lower,0.0637500000000002,0.7118749999999996
2026-08-16 06:32:35.831,24.586,lower,-0.10687499999999961,0.615
2026-08-16 06:32:35.841,24.596,lower,0.007500000000000284,0.6187500000000001
2026-08-16 06:32:35.851,24.606,lower,0.03437499999999982,0.6981250000000006
2026-08-16 06:32:35.861,24.616,lower,-0.11812500000000004,0.546875
2026-08-16 06:32:35.871,24.626,lower,0.06312500000000054,0.7162500000000005
2026-08-16 06:32:35.881,24.636,lower,-0.08624999999999994,0.6037500000000007
2026-08-16 06:32:35.891,24.646,lower,0.019375000000000364,0.625
2026-08-16 06:32:35.901,24.656,lower,0.05562500000000026,0.6981250000000006
2026-08-16 06:32:35.911,24.666,lower,-0.12937499999999935,0.5487500000000001
2026-08-16 06:32:35.921,24.676,lower,0.06562500000000027,0.7037499999999997
2026-08-16 06:32:35.931,24.686,lower,-0.11187500000000017,0.5956249999999996
2026-08-16 06:32:35.941,24.696,lower,0.005625000000000213,0.6306250000000002
2026-08-16 06:32:35.951,24.706,lower,0.056875000000000675,0.7100000000000006
2026-08-16 06:32:35.961,24.716,lower,-0.11312499999999948,0.5518750000000006
2026-08-16 06:32:35.971,24.726,lower,0.06125000000000047,0.7025000000000003
2026-08-16 06:32:35.981,24.736,lower,-0.08812500000000001,0.5906250000000002
2026-08-16 06:32:35.991,24.746,lower,0.021250000000000435,0.6400000000000006
2026-08-16 06:32:36.001,24.756,lower,0.05312500000000053,0.7062500000000005
2026-08-16 06:32:36.011,24.766,lower,-0.1318750000000002,0.5549999999999999
2026-08-16 06:32:36.021,24.776,lower,0.05312500000000053,0.7062500000000005
2026-08-16 06:32:36.031,24.786,lower,-0.11499999999999955,0.6200000000000006
2026-08-16 06:32:36.041,24.796,lower,0.0050000000000005596,0.6481250000000005
2026-08-16 06:32:36.051,24.806,lower,0.0593750000000004,0.7018750000000007
2026-08-16 06:32:36.061,24.816,lower,-0.1112499999999994,0.5449999999999999
2026-08-16 06:32:36.071,24.826,lower,0.061875000000000124,0.7112499999999999
2026-08-16 06:32:36.081,24.836,lower,-0.08937500000000043,0.6156249999999996
2026-08-16 06:32:36.091,24.846,lower,0.025000000000000577,0.653125
2026-08-16 06:32:36.101,24.856,lower,0.04937500000000039,0.6993749999999999
2026-08-16 06:32:36.111,24.866,lower,-0.12812500000000004,0.5481250000000004
2026-08-16 06:32:36.121,24.876,lower,0.0593750000000004,0.7118749999999996
2026-08-16 06:32:36.131,24.886,lower,-0.11624999999999996,0.6118750000000006
2026-08-16 06:32:36.141,24.896,lower,0.009375000000000355,0.6200000000000006
2026-08-16 06:32:36.151,24.906,lower,0.06125000000000047,0.6981250000000006
2026-08-16 06:32:36.161,24.916,lower,-0.11062499999999975,0.5481250000000004
2026-08-16 06:32:36.171,24.926,lower,0.0637500000000002,0.7006250000000003
2026-08-16 06:32:36.181,24.936,lower,-0.09312499999999946,0.5974999999999997
2026-08-16 06:32:36.191,24.946,lower,-0.008749999999999591,0.6274999999999997
2026-08-16 06:32:36.201,24.956,lower,0.04874999999999963,0.7087500000000002
2026-08-16 06:32:36.211,24.966,lower,-0.1243749999999999,0.5481250000000004
2026-08-16 06:32:36.221,24.976,lower,0.058749999999999636,0.6974999999999998
2026-08-16 06:32:36.231,24.986,lower,-0.12312499999999948,0.5937500000000007
2026-08-16 06:32:36.241,24.996,lower,0.01187500000000008,0.6318750000000006
2026-08-16 06:32:36.251,25.006,lower,0.058749999999999636,0.7056249999999997
2026-08-16 06:32:36.261,25.016,lower,-0.10624999999999996,0.5512499999999998
2026-08-16 06:32:36.271,25.026,lower,0.06562500000000027,0.7012499999999999
2026-08-16 06:32:36.281,25.036,lower,-0.0968749999999996,0.6281250000000005
2026-08-16 06:32:36.291,25.046,lower,-0.005625000000000213,0.6393749999999998
2026-08-16 06:32:36.301,25.056,lower,0.04874999999999963,0.7074999999999998
2026-08-16 06:32:36.311,25.066,lower,-0.12624999999999997,0.5449999999999999
2026-08-16 06:32:36.321,25.076,lower,0.05812499999999998,0.7062500000000005
2026-08-16 06:32:36.331,25.086,lower,-0.12062499999999976,0.6181250000000005
2026-08-16 06:32:36.341,25.096,lower,0.011250000000000426,0.645
2026-08-16 06:32:36.351,25.106,lower,0.058749999999999636,0.7018750000000007
2026-08-16 06:32:36.361,25.116,lower,-0.1343749999999999,0.5425000000000002
2026-08-16 06:32:36.371,25.126,lower,0.06249999999999978,0.7112499999999999
2026-08-16 06:32:36.381,25.136,lower,-0.09624999999999995,0.6106250000000002
2026-08-16 06:32:36.391,25.146,lower,0.001875000000000071,0.6118750000000006
2026-08-16 06:32:36.401,25.156,lower,0.045000000000000595,0.7012499999999999
2026-08-16 06:32:36.411,25.166,lower,-0.12124999999999941,0.5462500000000003
2026-08-16 06:32:36.421,25.176,lower,0.06312500000000054,0.693125
2026-08-16 06:32:36.431,25.186,lower,-0.06937500000000041,0.6018750000000006
2026-08-16 06:32:36.441,25.196,lower,0.0187499999999996,0.6218750000000006
2026-08-16 06:32:36.451,25.206,lower,0.06125000000000047,0.6987500000000002
2026-08-16 06:32:36.461,25.216,lower,-0.1387499999999997,0.5487500000000001
2026-08-16 06:32:36.471,25.226,lower,0.06937500000000041,0.6981250000000006
2026-08-16 06:32:36.481,25.236,lower,-0.0968749999999996,0.5943750000000003
2026-08-16 06:32:36.491,25.246,lower,0.0012500000000004174,0.6274999999999997
2026-08-16 06:32:36.501,25.256,lower,0.04750000000000032,0.7081250000000006
2026-08-16 06:32:36.511,25.266,lower,-0.12124999999999941,0.5481250000000004
2026-08-16 06:32:36.521,25.276,lower,0.06125000000000047,0.6962500000000005
2026-08-16 06:32:36.531,25.286,lower,-0.0737500000000002,0.6287500000000001
2026-08-16 06:32:36.541,25.296,lower,0.016249999999999876,0.6337499999999996
2026-08-16 06:32:36.551,25.306,lower,0.05562500000000026,0.7043750000000004
2026-08-16 06:32:36.561,25.316,lower,-0.13249999999999984,0.5481250000000004
2026-08-16 06:32:36.571,25.326,lower,0.06812499999999999,0.7050000000000001
2026-08-16 06:32:36.581,25.336,lower,-0.10249999999999981,0.6218750000000006
2026-08-16 06:32:36.591,25.346,lower,0.005625000000000213,0.6393749999999998
2026-08-16 06:32:36.601,25.356,lower,0.06624999999999992,0.7000000000000006
2026-08-16 06:32:36.611,25.366,lower,-0.11562500000000031,0.5462500000000003
2026-08-16 06:32:36.621,25.376,lower,0.06500000000000061,0.7062500000000005
2026-08-16 06:32:36.631,25.386,lower,-0.07312499999999944,0.6187500000000001
2026-08-16 06:32:36.641,25.396,lower,0.020000000000000018,0.6087500000000001
2026-08-16 06:32:36.651,25.406,lower,0.0637500000000002,0.7037499999999997
2026-08-16 06:32:36.661,25.416,lower,-0.13249999999999984,0.5431249999999999
2026-08-16 06:32:36.671,25.426,lower,0.06937500000000041,0.7074999999999998
2026-08-16 06:32:36.681,25.436,lower,-0.10312499999999947,0.6074999999999997
2026-08-16 06:32:36.691,25.446,lower,0.007500000000000284,0.6125000000000003
2026-08-16 06:32:36.701,25.456,lower,0.06312500000000054,0.6987500000000002
2026-08-16 06:32:36.711,25.466,lower,-0.1143749999999999,0.5456250000000007
2026-08-16 06:32:36.721,25.476,lower,0.06874999999999964,0.6912499999999999
2026-08-16 06:32:36.731,25.486,lower,-0.07750000000000035,0.5974999999999997
2026-08-16 06:32:36.741,25.496,lower,0.025000000000000577,0.6212499999999999
2026-08-16 06:32:36.751,25.506,lower,0.06062499999999971,0.7068750000000001
2026-08-16 06:32:36.761,25.516,lower,-0.13000000000000012,0.5425000000000002
2026-08-16 06:32:36.771,25.526,lower,0.0593750000000004,0.6943750000000004
2026-08-16 06:32:36.781,25.536,lower,-0.10874999999999968,0.5912499999999998
2026-08-16 06:32:36.791,25.546,lower,0.008749999999999591,0.6274999999999997
2026-08-16 06:32:36.801,25.556,lower,0.06500000000000061,0.703125
2026-08-16 06:32:36.811,25.566,lower,-0.11499999999999955,0.5474999999999997
2026-08-16 06:32:36.821,25.576,lower,0.06562500000000027,0.6981250000000006
2026-08-16 06:32:36.831,25.586,lower,-0.07937500000000042,0.6274999999999997
2026-08-16 06:32:36.841,25.596,lower,-0.005625000000000213,0.6300000000000006
2026-08-16 06:32:36.851,25.606,lower,0.05812499999999998,0.7025000000000003
2026-08-16 06:32:36.861,25.616,lower,-0.12499999999999956,0.5406250000000001
2026-08-16 06:32:36.871,25.626,lower,0.06249999999999978,0.7043750000000004
2026-08-16 06:32:36.881,25.636,lower,-0.10812500000000003,0.6156249999999996
2026-08-16 06:32:36.891,25.646,lower,0.013125000000000497,0.6387500000000002
2026-08-16 06:32:36.901,25.656,lower,0.06562500000000027,0.7006250000000003
2026-08-16 06:32:36.911,25.666,lower,-0.11187500000000017,0.5418750000000006
2026-08-16 06:32:36.921,25.676,lower,0.06812499999999999,0.7043750000000004
2026-08-16 06:32:36.931,25.686,lower,-0.0824999999999998,0.6125000000000003
2026-08-16 06:32:36.941,25.696,lower,-0.006249999999999867,0.6074999999999997
2026-08-16 06:32:36.951,25.706,lower,0.05812499999999998,0.6974999999999998
2026-08-16 06:32:36.961,25.716,lower,-0.12499999999999956,0.5449999999999999
2026-08-16 06:32:36.971,25.726,lower,0.061875000000000124,0.6906250000000003
2026-08-16 06:32:36.981,25.736,lower,-0.10750000000000037,0.6031249999999999
2026-08-16 06:32:36.991,25.746,lower,0.011250000000000426,0.615
2026-08-16 06:32:37.001,25.756,lower,0.06562500000000027,0.6937499999999996
2026-08-16 06:32:37.011,25.766,lower,-0.1387499999999997,0.5400000000000005
2026-08-16 06:32:37.021,25.776,lower,0.06624999999999992,0.6925000000000003
2026-08-16 06:32:37.031,25.786,lower,-0.09000000000000008,0.5974999999999997
2026-08-16 06:32:37.041,25.796,lower,-0.004374999999999796,0.6187500000000001
2026-08-16 06:32:37.051,25.806,lower,0.05624999999999991,0.7012499999999999
2026-08-16 06:32:37.061,25.816,lower,-0.1275000000000004,0.5393749999999997
2026-08-16 06:32:37.071,25.826,lower,0.06125000000000047,0.6974999999999998
2026-08-16 06:32:37.081,25.836,lower,-0.06000000000000005,0.6281250000000005
2026-08-16 06:32:37.091,25.846,lower,0.011250000000000426,0.6231249999999999
2026-08-16 06:32:37.101,25.856,lower,0.06312500000000054,0.7025000000000003
2026-08-16 06:32:37.111,25.866,lower,-0.13624999999999998,0.5393749999999997
2026-08-16 06:32:37.121,25.876,lower,0.06500000000000061,0.6981250000000006
2026-08-16 06:32:37.131,25.886,lower,-0.08750000000000036,0.6237500000000007
2026-08-16 06:32:37.141,25.896,lower,0.0012500000000004174,0.6343750000000004
2026-08-16 06:32:37.151,25.906,lower,0.05125000000000046,0.7050000000000001
2026-08-16 06:32:37.161,25.916,lower,-0.12312499999999948,0.5381250000000004
2026-08-16 06:32:37.171,25.926,lower,0.061875000000000124,0.7012499999999999
2026-08-16 06:32:37.181,25.936,lower,-0.061875000000000124,0.615
2026-08-16 06:32:37.191,25.946,lower,0.017500000000000293,0.6000000000000005
2026-08-16 06:32:37.201,25.956,lower,0.061875000000000124,0.7012499999999999
2026-08-16 06:32:37.211,25.966,lower,-0.13937499999999936,0.5400000000000005
2026-08-16 06:32:37.221,25.976,lower,0.07249999999999979,0.6868750000000001
2026-08-16 06:32:37.231,25.986,lower,-0.09000000000000008,0.6100000000000005
2026-08-16 06:32:37.241,25.996,lower,-0.003750000000000142,0.6056249999999996
2026-08-16 06:32:37.251,26.006,lower,0.06562500000000027,0.6943750000000004
2026-08-16 06:32:37.261,26.016,lower,-0.12375000000000025,0.5412499999999998
2026-08-16 06:32:37.271,26.026,lower,0.06062499999999971,0.6912499999999999
2026-08-16 06:32:37.281,26.036,lower,-0.06562500000000027,0.6012499999999998
2026-08-16 06:32:37.291,26.046,lower,0.010000000000000009,0.6137500000000007
2026-08-16 06:32:37.301,26.056,lower,0.06000000000000005,0.7050000000000001
2026-08-16 06:32:37.311,26.066,lower,-0.1375000000000004,0.5400000000000005
2026-08-16 06:32:37.321,26.076,lower,0.06562500000000027,0.6906250000000003
2026-08-16 06:32:37.331,26.086,lower,-0.09624999999999995,0.6312499999999999
2026-08-16 06:32:37.341,26.096,lower,0.001875000000000071,0.625
2026-08-16 06:32:37.351,26.106,lower,0.06249999999999978,0.7056249999999997
2026-08-16 06:32:37.361,26.116,lower,-0.12312499999999948,0.5425000000000002
2026-08-16 06:32:37.371,26.126,lower,0.06687500000000068,0.6968750000000001
2026-08-16 06:32:37.381,26.136,lower,-0.07062499999999972,0.6262500000000004
2026-08-16 06:32:37.391,26.146,lower,0.016249999999999876,0.6293749999999998
2026-08-16 06:32:37.401,26.156,lower,0.06062499999999971,0.7000000000000006
2026-08-16 06:32:37.411,26.166,lower,-0.1375000000000004,0.5431249999999999
2026-08-16 06:32:37.421,26.176,lower,0.051875000000000115,0.6950000000000001
2026-08-16 06:32:37.431,26.186,lower,-0.09750000000000036,0.6200000000000006
2026-08-16 06:32:37.441,26.196,lower,0.0,0.5962500000000004
2026-08-16 06:32:37.451,26.206,lower,0.06312500000000054,0.6974999999999998
2026-08-16 06:32:37.461,26.216,lower,-0.12249999999999983,0.5412499999999998
2026-08-16 06:32:37.471,26.226,lower,0.05812499999999998,0.7043750000000004
2026-08-16 06:32:37.481,26.236,lower,-0.07187500000000013,0.6143750000000003
2026-08-16 06:32:37.491,26.246,lower,-0.013750000000000151,0.6062500000000004
2026-08-16 06:32:37.501,26.256,lower,0.058749999999999636,0.6987500000000002
2026-08-16 06:32:37.511,26.266,lower,-0.13812500000000005,0.5418750000000006
2026-08-16 06:32:37.521,26.276,lower,0.056875000000000675,0.6862500000000005
2026-08-16 06:32:37.531,26.286,lower,-0.1056250000000003,0.6093749999999998
2026-08-16 06:32:37.541,26.296,lower,0.0012500000000004174,0.6087500000000001
2026-08-16 06:32:37.551,26.306,lower,0.06500000000000061,0.7043750000000004
2026-08-16 06:32:37.561,26.316,lower,-0.12249999999999983,0.5400000000000005
2026-08-16 06:32:37.571,26.326,lower,0.06312500000000054,0.6881250000000005
2026-08-16 06:32:37.581,26.336,lower,-0.07687499999999958,0.6000000000000005
2026-08-16 06:32:37.591,26.346,lower,-0.0187499999999996,0.6168750000000001
2026-08-16 06:32:37.601,26.356,lower,0.056875000000000675,0.7056249999999997
2026-08-16 06:32:37.611,26.366,lower,-0.13624999999999998,0.5431249999999999
2026-08-16 06:32:37.621,26.376,lower,0.05437499999999984,0.6962500000000005
2026-08-16 06:32:37.631,26.386,lower,-0.10812500000000003,0.6312499999999999
2026-08-16 06:32:37.641,26.396,lower,0.0006249999999996536,0.6237500000000007
2026-08-16 06:32:37.651,26.406,lower,0.06000000000000005,0.7081250000000006
2026-08-16 06:32:37.661,26.416,lower,-0.14937499999999937,0.5400000000000005
2026-08-16 06:32:37.671,26.426,lower,0.06000000000000005,0.7000000000000006
2026-08-16 06:32:37.681,26.436,lower,-0.0824999999999998,0.625
2026-08-16 06:32:37.691,26.446,lower,-0.013750000000000151,0.6287500000000001
2026-08-16 06:32:37.701,26.456,lower,0.05562500000000026,0.703125
2026-08-16 06:32:37.711,26.466,lower,-0.13624999999999998,0.5425000000000002
2026-08-16 06:32:37.721,26.476,lower,0.05312500000000053,0.703125
2026-08-16 06:32:37.731,26.486,lower,-0.053750000000000187,0.6206250000000002
2026-08-16 06:32:37.741,26.496,lower,0.0031250000000004885,0.5943750000000003
2026-08-16 06:32:37.751,26.506,lower,0.06000000000000005,0.703125
2026-08-16 06:32:37.761,26.516,lower,-0.1475000000000004,0.5393749999999997
2026-08-16 06:32:37.771,26.526,lower,0.05750000000000033,0.685
2026-08-16 06:32:37.781,26.536,lower,-0.08624999999999994,0.615
2026-08-16 06:32:37.791,26.546,lower,-0.016249999999999876,0.6037500000000007
2026-08-16 06:32:37.801,26.556,lower,0.0506249999999997,0.6968750000000001
2026-08-16 06:32:37.811,26.566,lower,-0.13624999999999998,0.5400000000000005
2026-08-16 06:32:37.821,26.576,lower,0.05312500000000053,0.6887500000000002
2026-08-16 06:32:37.831,26.586,lower,-0.05750000000000033,0.6062500000000004
2026-08-16 06:32:37.841,26.596,lower,0.003750000000000142,0.6112499999999998
2026-08-16 06:32:37.851,26.606,lower,0.06062499999999971,0.7043750000000004
2026-08-16 06:32:37.861,26.616,lower,-0.1475000000000004,0.5456250000000007
2026-08-16 06:32:37.871,26.626,lower,0.06125000000000047,0.6937499999999996
2026-08-16 06:32:37.881,26.636,lower,-0.08812500000000001,0.6412499999999999
2026-08-16 06:32:37.891,26.646,lower,-0.013750000000000151,0.6162500000000004
2026-08-16 06:32:37.901,26.656,lower,0.05812499999999998,0.7081250000000006
2026-08-16 06:32:37.911,26.666,lower,-0.13562500000000033,0.5418750000000006
2026-08-16 06:32:37.921,26.676,lower,0.051875000000000115,0.6968750000000001
2026-08-16 06:32:37.931,26.686,lower,-0.06312499999999943,0.6293749999999998
2026-08-16 06:32:37.941,26.696,lower,0.005625000000000213,0.6218750000000006
2026-08-16 06:32:37.951,26.706,lower,0.05562500000000026,0.7025000000000003
2026-08-16 06:32:37.961,26.716,lower,-0.14874999999999972,0.5406250000000001
2026-08-16 06:32:37.971,26.726,lower,0.06000000000000005,0.7006250000000003
2026-08-16 06:32:37.981,26.736,lower,-0.0956250000000003,0.6256249999999997
2026-08-16 06:32:37.991,26.746,lower,-0.014999999999999458,0.5887500000000001
2026-08-16 06:32:38.001,26.756,lower,0.0637500000000002,0.703125
2026-08-16 06:32:38.011,26.766,lower,-0.13499999999999956,0.5362500000000003
2026-08-16 06:32:38.021,26.776,lower,0.05125000000000046,0.6793749999999998
2026-08-16 06:32:38.031,26.786,lower,-0.06562500000000027,0.6162500000000004
2026-08-16 06:32:38.041,26.796,lower,0.001875000000000071,0.5956249999999996
2026-08-16 06:32:38.051,26.806,lower,0.05750000000000033,0.6968750000000001
2026-08-16 06:32:38.061,26.816,lower,-0.14499999999999957,0.5381250000000004
2026-08-16 06:32:38.071,26.826,lower,0.04437499999999983,0.6837499999999996
2026-08-16 06:32:38.081,26.836,lower,-0.09375000000000022,0.6093749999999998
2026-08-16 06:32:38.091,26.846,lower,-0.008749999999999591,0.6056249999999996
2026-08-16 06:32:38.101,26.856,lower,0.061875000000000124,0.7062500000000005
2026-08-16 06:32:38.111,26.866,lower,-0.13249999999999984,0.5400000000000005
2026-08-16 06:32:38.121,26.876,lower,0.0593750000000004,0.6893749999999998
2026-08-16 06:32:38.131,26.886,lower,-0.07187500000000013,0.6056249999999996
2026-08-16 06:32:38.141,26.896,lower,-0.033124999999999405,0.6156249999999996
2026-08-16 06:32:38.151,26.906,lower,0.0593750000000004,0.7062500000000005
2026-08-16 06:32:38.161,26.916,lower,-0.15000000000000013,0.5431249999999999
2026-08-16 06:32:38.171,26.926,lower,0.04750000000000032,0.6962500000000005
2026-08-16 06:32:38.181,26.936,lower,-0.09937499999999932,0.6374999999999997
2026-08-16 06:32:38.191,26.946,lower,-0.010624999999999662,0.6174999999999997
2026-08-16 06:32:38.201,26.956,lower,0.06062499999999971,0.7025000000000003
2026-08-16 06:32:38.211,26.966,lower,-0.13249999999999984,0.5418750000000006
2026-08-16 06:32:38.221,26.976,lower,0.053750000000000187,0.6962500000000005
2026-08-16 06:32:38.231,26.986,lower,-0.07562500000000028,0.6300000000000006
2026-08-16 06:32:38.241,26.996,lower,-0.024374999999999813,0.585
2026-08-16 06:32:38.251,27.006,lower,0.053750000000000187,0.7043750000000004
2026-08-16 06:32:38.261,27.016,lower,-0.14437499999999992,0.5425000000000002
2026-08-16 06:32:38.271,27.026,lower,0.053750000000000187,0.7006250000000003
2026-08-16 06:32:38.281,27.036,lower,-0.10312499999999947,0.6243750000000003
2026-08-16 06:32:38.291,27.046,lower,-0.007500000000000284,0.5906250000000002
2026-08-16 06:32:38.301,27.056,lower,0.06125000000000047,0.6993749999999999
2026-08-16 06:32:38.311,27.066,lower,-0.15750000000000042,0.5356250000000007
2026-08-16 06:32:38.321,27.076,lower,0.05750000000000033,0.6793749999999998
2026-08-16 06:32:38.331,27.086,lower,-0.07562500000000028,0.6174999999999997
2026-08-16 06:32:38.341,27.096,lower,-0.029375000000000373,0.5962500000000004
2026-08-16 06:32:38.351,27.106,lower,0.05812499999999998,0.7068750000000001
2026-08-16 06:32:38.361,27.116,lower,-0.1418750000000002,0.5400000000000005
2026-08-16 06:32:38.371,27.126,lower,0.04937500000000039,0.6912499999999999
2026-08-16 06:32:38.381,27.136,lower,-0.04812499999999997,0.6043750000000003
2026-08-16 06:32:38.391,27.146,lower,-0.005625000000000213,0.605
2026-08-16 06:32:38.401,27.156,lower,0.06000000000000005,0.7093749999999999
2026-08-16 06:32:38.411,27.166,lower,-0.1506249999999998,0.5381250000000004
2026-08-16 06:32:38.421,27.176,lower,0.05750000000000033,0.6912499999999999
2026-08-16 06:32:38.431,27.186,lower,-0.078125,0.6425000000000003
2026-08-16 06:32:38.441,27.196,lower,-0.017500000000000293,0.6162500000000004
2026-08-16 06:32:38.451,27.206,lower,0.05437499999999984,0.7050000000000001
2026-08-16 06:32:38.461,27.216,lower,-0.14562500000000034,0.5400000000000005
2026-08-16 06:32:38.471,27.226,lower,0.05249999999999977,0.693125
2026-08-16 06:32:38.481,27.236,lower,-0.050000000000000044,0.6325000000000003
2026-08-16 06:32:38.491,27.246,lower,-0.0006249999999996536,0.6200000000000006
2026-08-16 06:32:38.501,27.256,lower,0.06312500000000054,0.7025000000000003
2026-08-16 06:32:38.511,27.266,lower,-0.15000000000000013,0.5362500000000003
2026-08-16 06:32:38.521,27.276,lower,0.056875000000000675,0.6943750000000004
2026-08-16 06:32:38.531,27.286,lower,-0.078125,0.6218750000000006
2026-08-16 06:32:38.541,27.296,lower,-0.020000000000000018,0.5831249999999999
2026-08-16 06:32:38.551,27.306,lower,0.05812499999999998,0.6993749999999999
2026-08-16 06:32:38.561,27.316,lower,-0.13937499999999936,0.5362500000000003
2026-08-16 06:32:38.571,27.326,lower,0.050000000000000044,0.6774999999999998
2026-08-16 06:32:38.581,27.336,lower,-0.05124999999999935,0.6206250000000002
2026-08-16 06:32:38.591,27.346,lower,0.0006249999999996536,0.5925000000000002
2026-08-16 06:32:38.601,27.356,lower,0.06000000000000005,0.6987500000000002
2026-08-16 06:32:38.611,27.366,lower,-0.15124999999999944,0.5412499999999998
2026-08-16 06:32:38.621,27.376,lower,0.06249999999999978,0.6818750000000007
2026-08-16 06:32:38.631,27.386,lower,-0.08062499999999972,0.6125000000000003
2026-08-16 06:32:38.641,27.396,lower,-0.0187499999999996,0.596875
2026-08-16 06:32:38.651,27.406,lower,0.06562500000000027,0.7056249999999997
2026-08-16 06:32:38.661,27.416,lower,-0.13937499999999936,0.5387500000000001
2026-08-16 06:32:38.671,27.426,lower,0.05437499999999984,0.685
2026-08-16 06:32:38.681,27.436,lower,-0.051875000000000115,0.643125
2026-08-16 06:32:38.691,27.446,lower,0.004374999999999796,0.6031249999999999
2026-08-16 06:32:38.701,27.456,lower,0.06437499999999985,0.7093749999999999
2026-08-16 06:32:38.711,27.466,lower,-0.14625,0.5374999999999996
2026-08-16 06:32:38.721,27.476,lower,0.04874999999999963,0.6881250000000005
2026-08-16 06:32:38.731,27.486,lower,-0.08937500000000043,0.6368750000000001
2026-08-16 06:32:38.741,27.496,lower,-0.013750000000000151,0.6143750000000003
2026-08-16 06:32:38.751,27.506,lower,0.06750000000000034,0.7050000000000001
2026-08-16 06:32:38.761,27.516,lower,-0.14062499999999978,0.5400000000000005
2026-08-16 06:32:38.771,27.526,lower,0.05437499999999984,0.6925000000000003
2026-08-16 06:32:38.781,27.536,lower,-0.058749999999999636,0.6318750000000006
2026-08-16 06:32:38.791,27.546,lower,-0.038124999999999964,0.5743750000000003
2026-08-16 06:32:38.801,27.556,lower,0.06312500000000054,0.7018750000000007
2026-08-16 06:32:38.811,27.566,lower,-0.14687499999999964,0.5349999999999999
2026-08-16 06:32:38.821,27.576,lower,0.0462499999999999,0.6937499999999996
2026-08-16 06:32:38.831,27.586,lower,-0.0824999999999998,0.6274999999999997
2026-08-16 06:32:38.841,27.596,lower,-0.009375000000000355,0.5837500000000007
2026-08-16 06:32:38.851,27.606,lower,0.06624999999999992,0.6987500000000002
2026-08-16 06:32:38.861,27.616,lower,-0.13062499999999977,0.5343750000000003
2026-08-16 06:32:38.871,27.626,lower,0.06062499999999971,0.6768750000000001
2026-08-16 06:32:38.881,27.636,lower,-0.061875000000000124,0.6143750000000003
2026-08-16 06:32:38.891,27.646,lower,-0.03062499999999968,0.5900000000000005
2026-08-16 06:32:38.901,27.656,lower,0.06312500000000054,0.7037499999999997
2026-08-16 06:32:38.911,27.666,lower,-0.14562500000000034,0.5337500000000006
2026-08-16 06:32:38.921,27.676,lower,0.053750000000000187,0.6800000000000006
2026-08-16 06:32:38.931,27.686,lower,-0.09124999999999939,0.6037500000000007
2026-08-16 06:32:38.941,27.696,lower,-0.010624999999999662,0.5987500000000001
2026-08-16 06:32:38.951,27.706,lower,0.06874999999999964,0.7018750000000007
2026-08-16 06:32:38.961,27.716,lower,-0.15249999999999986,0.5387500000000001
2026-08-16 06:32:38.971,27.726,lower,0.05750000000000033,0.6856249999999997
2026-08-16 06:32:38.981,27.736,lower,-0.0593750000000004,0.6387500000000002
2026-08-16 06:32:38.991,27.746,lower,-0.02562500000000023,0.605
2026-08-16 06:32:39.001,27.756,lower,0.061875000000000124,0.7037499999999997
2026-08-16 06:32:39.011,27.766,lower,-0.1418750000000002,0.5387500000000001
2026-08-16 06:32:39.021,27.776,lower,0.051875000000000115,0.6868750000000001
2026-08-16 06:32:39.031,27.786,lower,-0.09499999999999953,0.6337499999999996
2026-08-16 06:32:39.041,27.796,lower,-0.005625000000000213,0.6131249999999999
2026-08-16 06:32:39.051,27.806,lower,0.06624999999999992,0.6974999999999998
2026-08-16 06:32:39.061,27.816,lower,-0.15124999999999944,0.5349999999999999
2026-08-16 06:32:39.071,27.826,lower,0.06312500000000054,0.6887500000000002
2026-08-16 06:32:39.081,27.836,lower,-0.06624999999999992,0.6293749999999998
2026-08-16 06:32:39.091,27.846,lower,-0.02562500000000023,0.575
2026-08-16 06:32:39.101,27.856,lower,0.06312500000000054,0.7006250000000003
2026-08-16 06:32:39.111,27.866,lower,-0.14375000000000027,0.5349999999999999
2026-08-16 06:32:39.121,27.876,lower,0.05249999999999977,0.6674999999999998
2026-08-16 06:32:39.131,27.886,lower,-0.03249999999999975,0.6231249999999999
2026-08-16 06:32:39.141,27.896,lower,-0.005625000000000213,0.5825000000000002
2026-08-16 06:32:39.151,27.906,lower,0.06687500000000068,0.6956249999999997
2026-08-16 06:32:39.161,27.916,lower,-0.14874999999999972,0.5325000000000002
2026-08-16 06:32:39.171,27.926,lower,0.058749999999999636,0.6725000000000003
2026-08-16 06:32:39.181,27.936,lower,-0.06562500000000027,0.6087500000000001
2026-08-16 06:32:39.191,27.946,lower,-0.017500000000000293,0.5881250000000005
2026-08-16 06:32:39.201,27.956,lower,0.06687500000000068,0.703125
2026-08-16 06:32:39.211,27.966,lower,-0.1387499999999997,0.5337500000000006
2026-08-16 06:32:39.221,27.976,lower,0.05812499999999998,0.6818750000000007
2026-08-16 06:32:39.231,27.986,lower,-0.038124999999999964,0.645
2026-08-16 06:32:39.241,27.996,lower,-0.0012500000000004174,0.6012499999999998
2026-08-16 06:32:39.251,28.006,lower,0.06874999999999964,0.7050000000000001
2026-08-16 06:32:39.261,28.016,lower,-0.15124999999999944,0.5418750000000006
2026-08-16 06:32:39.271,28.026,lower,0.06500000000000061,0.6881250000000005
2026-08-16 06:32:39.281,28.036,lower,-0.07000000000000006,0.6374999999999997
2026-08-16 06:32:39.291,28.046,lower,-0.026249999999999885,0.6043750000000003
2026-08-16 06:32:39.301,28.056,lower,0.06500000000000061,0.7000000000000006
2026-08-16 06:32:39.311,28.066,lower,-0.1431249999999995,0.5362500000000003
2026-08-16 06:32:39.321,28.076,lower,0.05249999999999977,0.6862500000000005
2026-08-16 06:32:39.331,28.086,lower,-0.04437499999999983,0.6312499999999999
2026-08-16 06:32:39.341,28.096,lower,-0.003750000000000142,0.5687500000000001
2026-08-16 06:32:39.351,28.106,lower,0.06624999999999992,0.6981250000000006
2026-08-16 06:32:39.361,28.116,lower,-0.1475000000000004,0.5349999999999999
2026-08-16 06:32:39.371,28.126,lower,0.045000000000000595,0.6662500000000005
2026-08-16 06:32:39.381,28.136,lower,-0.07562500000000028,0.6237500000000007
2026-08-16 06:32:39.391,28.146,lower,-0.017500000000000293,0.5787500000000001
2026-08-16 06:32:39.401,28.156,lower,0.06687500000000068,0.7000000000000006
2026-08-16 06:32:39.411,28.166,lower,-0.14000000000000012,0.5374999999999996
2026-08-16 06:32:39.421,28.176,lower,0.05750000000000033,0.6718750000000007
2026-08-16 06:32:39.431,28.186,lower,-0.046874999999999556,0.6162500000000004
2026-08-16 06:32:39.441,28.196,lower,-0.0462499999999999,0.586875
2026-08-16 06:32:39.451,28.206,lower,0.06624999999999992,0.7006250000000003
2026-08-16 06:32:39.461,28.216,lower,-0.1506249999999998,0.5331249999999998
2026-08-16 06:32:39.471,28.226,lower,0.045000000000000595,0.6756249999999997
2026-08-16 06:32:39.481,28.236,lower,-0.07937500000000042,0.6481250000000005
2026-08-16 06:32:39.491,28.246,lower,-0.018124999999999947,0.5925000000000002
2026-08-16 06:32:39.501,28.256,lower,0.06750000000000034,0.7043750000000004
2026-08-16 06:32:39.511,28.266,lower,-0.13937499999999936,0.5331249999999998
2026-08-16 06:32:39.521,28.276,lower,0.05249999999999977,0.6818750000000007
2026-08-16 06:32:39.531,28.286,lower,-0.050000000000000044,0.6443750000000004
2026-08-16 06:32:39.541,28.296,lower,-0.04062499999999969,0.5993749999999998
2026-08-16 06:32:39.551,28.306,lower,0.058749999999999636,0.7025000000000003
2026-08-16 06:32:39.561,28.316,lower,-0.15249999999999986,0.5418750000000006
2026-08-16 06:32:39.571,28.326,lower,0.04437499999999983,0.683125
2026-08-16 06:32:39.581,28.336,lower,-0.08124999999999938,0.6374999999999997
2026-08-16 06:32:39.591,28.346,lower,-0.015625000000000222,0.5637500000000006
2026-08-16 06:32:39.601,28.356,lower,0.06687500000000068,0.7050000000000001
2026-08-16 06:32:39.611,28.366,lower,-0.15750000000000042,0.5362500000000003
2026-08-16 06:32:39.621,28.376,lower,0.05437499999999984,0.6925000000000003
2026-08-16 06:32:39.631,28.386,lower,-0.050000000000000044,0.6331249999999999
2026-08-16 06:32:39.641,28.396,lower,-0.043124999999999414,0.5700000000000005
2026-08-16 06:32:39.651,28.406,lower,0.0593750000000004,0.7006250000000003
2026-08-16 06:32:39.661,28.416,lower,-0.14874999999999972,0.5349999999999999
2026-08-16 06:32:39.671,28.426,lower,0.04750000000000032,0.6693749999999998
2026-08-16 06:32:39.681,28.436,lower,-0.08624999999999994,0.6231249999999999
2026-08-16 06:32:39.691,28.446,lower,-0.014999999999999458,0.5812499999999998
2026-08-16 06:32:39.701,28.456,lower,0.06624999999999992,0.7000000000000006
2026-08-16 06:32:39.711,28.466,lower,-0.15625,0.5349999999999999
2026-08-16 06:32:39.721,28.476,lower,0.055000000000000604,0.6768750000000001
2026-08-16 06:32:39.731,28.486,lower,-0.05812499999999998,0.6162500000000004
2026-08-16 06:32:39.741,28.496,lower,-0.03937500000000038,0.5893749999999998
2026-08-16 06:32:39.751,28.506,lower,0.061875000000000124,0.7025000000000003
2026-08-16 06:32:39.761,28.516,lower,-0.1518750000000002,0.5362500000000003
2026-08-16 06:32:39.771,28.526,lower,0.04375000000000018,0.6806250000000003
2026-08-16 06:32:39.781,28.536,lower,-0.03249999999999975,0.6456249999999997
2026-08-16 06:32:39.791,28.546,lower,-0.014999999999999458,0.5956249999999996
2026-08-16 06:32:39.801,28.556,lower,0.058749999999999636,0.703125
2026-08-16 06:32:39.811,28.566,lower,-0.15874999999999972,0.5412499999999998
2026-08-16 06:32:39.821,28.576,lower,0.050000000000000044,0.6818750000000007
2026-08-16 06:32:39.831,28.586,lower,-0.06312499999999943,0.6406250000000002
2026-08-16 06:32:39.841,28.596,lower,-0.034999999999999476,0.605
2026-08-16 06:32:39.851,28.606,lower,0.06125000000000047,0.7043750000000004
2026-08-16 06:32:39.861,28.616,lower,-0.15375000000000028,0.5400000000000005
2026-08-16 06:32:39.871,28.626,lower,0.04874999999999963,0.6843750000000004
2026-08-16 06:32:39.881,28.636,lower,-0.031249999999999334,0.6374999999999997
2026-08-16 06:32:39.891,28.646,lower,-0.015625000000000222,0.5687500000000001
2026-08-16 06:32:39.901,28.656,lower,0.061875000000000124,0.7025000000000003
2026-08-16 06:32:39.911,28.666,lower,-0.1618750000000002,0.5393749999999997
2026-08-16 06:32:39.921,28.676,lower,0.053750000000000187,0.6668750000000001
2026-08-16 06:32:39.931,28.686,lower,-0.0649999999999995,0.6325000000000003
2026-08-16 06:32:39.941,28.696,lower,-0.040000000000000036,0.575
2026-08-16 06:32:39.951,28.706,lower,0.05812499999999998,0.703125
2026-08-16 06:32:39.961,28.716,lower,-0.15124999999999944,0.5349999999999999
2026-08-16 06:32:39.971,28.726,lower,0.04874999999999963,0.6712499999999999
2026-08-16 06:32:39.981,28.736,lower,0.005625000000000213,0.625
2026-08-16 06:32:39.991,28.746,lower,0.0031250000000004885,0.5812499999999998
2026-08-16 06:32:40.001,28.756,lower,0.05562500000000026,0.7043750000000004
2026-08-16 06:32:40.011,28.766,lower,-0.0737500000000002,0.5325000000000002
2026-08-16 06:32:40.021,28.776,lower,0.03562500000000024,0.6762500000000005
2026-08-16 06:32:40.031,28.786,lower,-0.019375000000000364,0.6525000000000003
2026-08-16 06:32:40.041,28.796,lower,-0.018124999999999947,0.5881250000000005
2026-08-16 06:32:40.051,28.806,lower,0.05437499999999984,0.7056249999999997
2026-08-16 06:32:40.061,28.816,lower,-0.08000000000000007,0.5431249999999999
2026-08-16 06:32:40.071,28.826,lower,0.03874999999999962,0.6800000000000006
2026-08-16 06:32:40.081,28.836,lower,-0.0024999999999997247,0.6468750000000001
2026-08-16 06:32:40.091,28.846,lower,-0.03750000000000031,0.5987500000000001
2026-08-16 06:32:40.101,28.856,lower,0.04937500000000039,0.7068750000000001
2026-08-16 06:32:40.111,28.866,lower,-0.0824999999999998,0.5393749999999997
2026-08-16 06:32:40.121,28.876,lower,0.02687500000000065,0.6862500000000005
2026-08-16 06:32:40.131,28.886,lower,-0.024999999999999467,0.6412499999999999
2026-08-16 06:32:40.141,28.896,lower,-0.02187500000000009,0.5600000000000005
2026-08-16 06:32:40.151,28.906,lower,0.04437499999999983,0.7037499999999997
2026-08-16 06:32:40.161,28.916,lower,-0.08124999999999938,0.536875
2026-08-16 06:32:40.171,28.926,lower,0.033125000000000515,0.6893749999999998
2026-08-16 06:32:40.181,28.936,lower,-0.016249999999999876,0.6331249999999999
2026-08-16 06:32:40.191,28.946,lower,-0.04562500000000025,0.5687500000000001
2026-08-16 06:32:40.201,28.956,lower,0.03624999999999989,0.6987500000000002
2026-08-16 06:32:40.211,28.966,lower,-0.09375000000000022,0.5306250000000001
2026-08-16 06:32:40.221,28.976,lower,0.02187500000000009,0.6693749999999998
2026-08-16 06:32:40.231,28.986,lower,-0.03437499999999982,0.6268750000000001
2026-08-16 06:32:40.241,28.996,lower,-0.03062499999999968,0.5737500000000006
2026-08-16 06:32:40.251,29.006,lower,0.03750000000000031,0.703125
2026-08-16 06:32:40.261,29.016,lower,-0.09124999999999939,0.5331249999999998
2026-08-16 06:32:40.271,29.026,lower,0.028124999999999956,0.6725000000000003
2026-08-16 06:32:40.281,29.036,lower,-0.018124999999999947,0.6518750000000006
2026-08-16 06:32:40.291,29.046,lower,-0.04750000000000032,0.5825000000000002
2026-08-16 06:32:40.301,29.056,lower,0.033125000000000515,0.7018750000000007
2026-08-16 06:32:40.311,29.066,lower,-0.09124999999999939,0.5306250000000001
2026-08-16 06:32:40.321,29.076,lower,0.019375000000000364,0.6762500000000005
2026-08-16 06:32:40.331,29.086,lower,-0.03750000000000031,0.6487500000000002
2026-08-16 06:32:40.341,29.096,lower,-0.030000000000000027,0.5893749999999998
2026-08-16 06:32:40.351,29.106,lower,0.033125000000000515,0.7043750000000004
2026-08-16 06:32:40.361,29.116,lower,-0.09124999999999939,0.5425000000000002
2026-08-16 06:32:40.371,29.126,lower,0.02687500000000065,0.6793749999999998
2026-08-16 06:32:40.381,29.136,lower,-0.024999999999999467,0.6481250000000005
2026-08-16 06:32:40.391,29.146,lower,-0.04812499999999997,0.5556249999999996
2026-08-16 06:32:40.401,29.156,lower,0.03375000000000017,0.7043750000000004
2026-08-16 06:32:40.411,29.166,lower,-0.0956250000000003,0.5400000000000005
2026-08-16 06:32:40.421,29.176,lower,0.017500000000000293,0.6862500000000005
2026-08-16 06:32:40.431,29.186,lower,-0.008749999999999591,0.6393749999999998
2026-08-16 06:32:40.441,29.196,lower,-0.03062499999999968,0.5593749999999997
2026-08-16 06:32:40.451,29.206,lower,0.035000000000000586,0.6987500000000002
2026-08-16 06:32:40.461,29.216,lower,-0.09312499999999946,0.5356250000000007
2026-08-16 06:32:40.471,29.226,lower,0.024374999999999813,0.6612499999999999
2026-08-16 06:32:40.481,29.236,lower,-0.027500000000000302,0.6325000000000003
2026-08-16 06:32:40.491,29.246,lower,-0.04562500000000025,0.5681250000000004
2026-08-16 06:32:40.501,29.256,lower,0.029375000000000373,0.7062500000000005
2026-08-16 06:32:40.511,29.266,lower,-0.09874999999999967,0.5281250000000004
2026-08-16 06:32:40.521,29.276,lower,0.014374999999999805,0.6668750000000001
2026-08-16 06:32:40.531,29.286,lower,-0.015625000000000222,0.6243750000000003
2026-08-16 06:32:40.541,29.296,lower,-0.033124999999999405,0.575
2026-08-16 06:32:40.551,29.306,lower,0.02874999999999961,0.7018750000000007
2026-08-16 06:32:40.561,29.316,lower,-0.10000000000000009,0.5281250000000004
2026-08-16 06:32:40.571,29.326,lower,0.021250000000000435,0.6712499999999999
2026-08-16 06:32:40.581,29.336,lower,-0.02874999999999961,0.6500000000000006
2026-08-16 06:32:40.591,29.346,lower,-0.04812499999999997,0.5837500000000007
2026-08-16 06:32:40.601,29.356,lower,0.030000000000000027,0.703125
2026-08-16 06:32:40.611,29.366,lower,-0.0956250000000003,0.5400000000000005
2026-08-16 06:32:40.621,29.376,lower,0.01687500000000064,0.6762500000000005
2026-08-16 06:32:40.631,29.386,lower,-0.015625000000000222,0.6468750000000001
2026-08-16 06:32:40.641,29.396,lower,-0.03249999999999975,0.5887500000000001
2026-08-16 06:32:40.651,29.406,lower,0.029375000000000373,0.7018750000000007
2026-08-16 06:32:40.661,29.416,lower,-0.09624999999999995,0.5400000000000005
2026-08-16 06:32:40.671,29.426,lower,0.007500000000000284,0.6825000000000003
2026-08-16 06:32:40.681,29.436,lower,-0.03437499999999982,0.6406250000000002
2026-08-16 06:32:40.691,29.446,lower,-0.04812499999999997,0.5549999999999999
2026-08-16 06:32:40.701,29.456,lower,0.03062499999999968,0.7000000000000006
2026-08-16 06:32:40.711,29.466,lower,-0.10000000000000009,0.536875
2026-08-16 06:32:40.721,29.476,lower,0.012499999999999734,0.6593749999999998
2026-08-16 06:32:40.731,29.486,lower,-0.017500000000000293,0.6368750000000001
2026-08-16 06:32:40.741,29.496,lower,-0.06812499999999999,0.5631249999999999
2026-08-16 06:32:40.751,29.506,lower,0.029375000000000373,0.7018750000000007
2026-08-16 06:32:40.761,29.516,lower,-0.10000000000000009,0.5306250000000001
2026-08-16 06:32:40.771,29.526,lower,0.0031250000000004885,0.6593749999999998
2026-08-16 06:32:40.781,29.536,lower,-0.038124999999999964,0.6293749999999998
2026-08-16 06:32:40.791,29.546,lower,-0.044999999999999485,0.5662500000000004
2026-08-16 06:32:40.801,29.556,lower,0.02874999999999961,0.6981250000000006
2026-08-16 06:32:40.811,29.566,lower,-0.09937499999999932,0.5312499999999998
2026-08-16 06:32:40.821,29.576,lower,0.014374999999999805,0.6637499999999996
2026-08-16 06:32:40.831,29.586,lower,-0.02187500000000009,0.6506250000000002
2026-08-16 06:32:40.841,29.596,lower,-0.06062499999999971,0.5725000000000002
2026-08-16 06:32:40.851,29.606,lower,0.028124999999999956,0.7006250000000003
2026-08-16 06:32:40.861,29.616,lower,-0.10437499999999988,0.5262500000000003
2026-08-16 06:32:40.871,29.626,lower,0.009375000000000355,0.6681250000000005
2026-08-16 06:32:40.881,29.636,lower,-0.03624999999999989,0.6512499999999999
2026-08-16 06:32:40.891,29.646,lower,-0.04375000000000018,0.5781250000000004
2026-08-16 06:32:40.901,29.656,lower,0.030000000000000027,0.7037499999999997
2026-08-16 06:32:40.911,29.666,lower,-0.09750000000000036,0.5381250000000004
2026-08-16 06:32:40.921,29.676,lower,0.014374999999999805,0.6756249999999997
2026-08-16 06:32:40.931,29.686,lower,-0.01687499999999953,0.6462500000000004
2026-08-16 06:32:40.941,29.696,lower,-0.058749999999999636,0.5474999999999997
2026-08-16 06:32:40.951,29.706,lower,0.02562500000000023,0.6974999999999998
2026-08-16 06:32:40.961,29.716,lower,-0.0968749999999996,0.5331249999999998
2026-08-16 06:32:40.971,29.726,lower,0.013750000000000151,0.6800000000000006
2026-08-16 06:32:40.981,29.736,lower,-0.03874999999999962,0.6381250000000005
2026-08-16 06:32:40.991,29.746,lower,-0.04124999999999934,0.5525000000000002
2026-08-16 06:32:41.001,29.756,lower,0.02874999999999961,0.7000000000000006
2026-08-16 06:32:41.011,29.766,lower,-0.09812500000000002,0.5306250000000001
2026-08-16 06:32:41.021,29.776,lower,0.018124999999999947,0.6562500000000004
2026-08-16 06:32:41.031,29.786,lower,-0.02562500000000023,0.6293749999999998
2026-08-16 06:32:41.041,29.796,lower,-0.06312499999999943,0.5612499999999998
2026-08-16 06:32:41.051,29.806,lower,0.028124999999999956,0.6987500000000002
2026-08-16 06:32:41.061,29.816,lower,-0.1012499999999994,0.5300000000000005
2026-08-16 06:32:41.071,29.826,lower,0.007500000000000284,0.6625000000000003
2026-08-16 06:32:41.081,29.836,lower,-0.006249999999999867,0.6237500000000007
2026-08-16 06:32:41.091,29.846,lower,-0.04187500000000011,0.5706250000000002
2026-08-16 06:32:41.101,29.856,lower,0.02874999999999961,0.6993749999999999
2026-08-16 06:32:41.111,29.866,lower,-0.09375000000000022,0.5281250000000004
2026-08-16 06:32:41.121,29.876,lower,0.016249999999999876,0.6637499999999996
2026-08-16 06:32:41.131,29.886,lower,-0.023124999999999396,0.6506250000000002
2026-08-16 06:32:41.141,29.896,lower,-0.05624999999999991,0.5743750000000003
2026-08-16 06:32:41.151,29.906,lower,0.028124999999999956,0.6943750000000004
2026-08-16 06:32:41.161,29.916,lower,-0.09937499999999932,0.5412499999999998
2026-08-16 06:32:41.171,29.926,lower,0.013125000000000497,0.6668750000000001
2026-08-16 06:32:41.181,29.936,lower,-0.013750000000000151,0.6481250000000005
2026-08-16 06:32:41.191,29.946,lower,-0.03874999999999962,0.576875
2026-08-16 06:32:41.201,29.956,lower,0.027500000000000302,0.6987500000000002
2026-08-16 06:32:41.211,29.966,lower,-0.10187500000000016,0.5362500000000003
2026-08-16 06:32:41.221,29.976,lower,0.020000000000000018,0.6718750000000007
2026-08-16 06:32:41.231,29.986,lower,-0.024999999999999467,0.6425000000000003
2026-08-16 06:32:41.241,29.996,lower,-0.056874999999999565,0.546875
2026-08-16 06:32:41.251,30.006,lower,0.030000000000000027,0.7006250000000003
2026-08-16 06:32:41.261,30.016,lower,-0.10000000000000009,0.5331249999999998
2026-08-16 06:32:41.271,30.026,lower,0.014374999999999805,0.6493749999999998
2026-08-16 06:32:41.281,30.036,lower,-0.01187500000000008,0.6325000000000003
2026-08-16 06:32:41.291,30.046,lower,-0.03937500000000038,0.5525000000000002
2026-08-16 06:32:41.301,30.056,lower,0.026249999999999885,0.693125
2026-08-16 06:32:41.311,30.066,lower,-0.09812500000000002,0.52875
2026-08-16 06:32:41.321,30.076,lower,0.004374999999999796,0.6543750000000004
2026-08-16 06:32:41.331,30.086,lower,-0.029375000000000373,0.6281250000000005
2026-08-16 06:32:41.341,30.096,lower,-0.054999999999999494,0.5581250000000004
2026-08-16 06:32:41.351,30.106,lower,0.027500000000000302,0.6981250000000006
2026-08-16 06:32:41.361,30.116,lower,-0.10062499999999974,0.5237500000000006
2026-08-16 06:32:41.371,30.126,lower,0.014374999999999805,0.6618750000000007
2026-08-16 06:32:41.381,30.136,lower,-0.014999999999999458,0.6593749999999998
2026-08-16 06:32:41.391,30.146,lower,-0.07437499999999986,0.5656249999999996
2026-08-16 06:32:41.401,30.156,lower,0.030000000000000027,0.7006250000000003
2026-08-16 06:32:41.411,30.166,lower,-0.09874999999999967,0.5449999999999999
2026-08-16 06:32:41.421,30.176,lower,0.001875000000000071,0.6668750000000001
2026-08-16 06:32:41.431,30.186,lower,-0.029375000000000373,0.6512499999999999
2026-08-16 06:32:41.441,30.196,lower,-0.0506249999999997,0.5725000000000002
2026-08-16 06:32:41.451,30.206,lower,0.02874999999999961,0.7000000000000006
2026-08-16 06:32:41.461,30.216,lower,-0.09812500000000002,0.5349999999999999
2026-08-16 06:32:41.471,30.226,lower,0.010624999999999662,0.6687500000000002
2026-08-16 06:32:41.481,30.236,lower,-0.013750000000000151,0.645
2026-08-16 06:32:41.491,30.246,lower,-0.06812499999999999,0.5412499999999998
2026-08-16 06:32:41.501,30.256,lower,0.02687500000000065,0.6950000000000001
2026-08-16 06:32:41.511,30.266,lower,-0.10187500000000016,0.5325000000000002
2026-08-16 06:32:41.521,30.276,lower,0.0031250000000004885,0.6462500000000004
2026-08-16 06:32:41.531,30.286,lower,-0.03437499999999982,0.6374999999999997
2026-08-16 06:32:41.541,30.296,lower,-0.05562500000000026,0.546875
2026-08-16 06:32:41.551,30.306,lower,0.02687500000000065,0.6937499999999996
2026-08-16 06:32:41.561,30.316,lower,-0.09812500000000002,0.5293749999999997
2026-08-16 06:32:41.571,30.326,lower,0.008124999999999938,0.6493749999999998
2026-08-16 06:32:41.581,30.336,lower,-0.016249999999999876,0.6337499999999996
2026-08-16 06:32:41.591,30.346,lower,-0.07187500000000013,0.5556249999999996
2026-08-16 06:32:41.601,30.356,lower,0.026249999999999885,0.6968750000000001
2026-08-16 06:32:41.611,30.366,lower,-0.10187500000000016,0.5281250000000004
2026-08-16 06:32:41.621,30.376,lower,0.0050000000000005596,0.6568750000000001
2026-08-16 06:32:41.631,30.386,lower,-0.008124999999999938,0.6606250000000002
2026-08-16 06:32:41.641,30.396,lower,-0.05249999999999977,0.5625000000000002
2026-08-16 06:32:41.651,30.406,lower,0.02687500000000065,0.6993749999999999
2026-08-16 06:32:41.661,30.416,lower,-0.09624999999999995,0.5262500000000003
2026-08-16 06:32:41.671,30.426,lower,0.01187500000000008,0.6600000000000006
2026-08-16 06:32:41.681,30.436,lower,-0.0187499999999996,0.653125
2026-08-16 06:32:41.691,30.446,lower,-0.07000000000000006,0.566875
2026-08-16 06:32:41.701,30.456,lower,0.028124999999999956,0.6962500000000005
2026-08-16 06:32:41.711,30.466,lower,-0.10187500000000016,0.546875
2026-08-16 06:32:41.721,30.476,lower,0.0024999999999997247,0.6668750000000001
2026-08-16 06:32:41.731,30.486,lower,-0.008749999999999591,0.6506250000000002
2026-08-16 06:32:41.741,30.496,lower,-0.05249999999999977,0.5374999999999996
2026-08-16 06:32:41.751,30.506,lower,0.02687500000000065,0.6993749999999999
2026-08-16 06:32:41.761,30.516,lower,-0.09874999999999967,0.5393749999999997
2026-08-16 06:32:41.771,30.526,lower,0.008749999999999591,0.6674999999999998
2026-08-16 06:32:41.781,30.536,lower,-0.02562500000000023,0.6425000000000003
2026-08-16 06:32:41.791,30.546,lower,-0.06624999999999992,0.5406250000000001
2026-08-16 06:32:41.801,30.556,lower,0.023125000000000506,0.6981250000000006
2026-08-16 06:32:41.811,30.566,lower,-0.10437499999999988,0.5356250000000007
2026-08-16 06:32:41.821,30.576,lower,0.0012500000000004174,0.643125
2026-08-16 06:32:41.831,30.586,lower,-0.008124999999999938,0.6400000000000006
2026-08-16 06:32:41.841,30.596,lower,-0.04812499999999997,0.5474999999999997
2026-08-16 06:32:41.851,30.606,lower,0.025000000000000577,0.6981250000000006
2026-08-16 06:32:41.861,30.616,lower,-0.10062499999999974,0.52875
2026-08-16 06:32:41.871,30.626,lower,0.011250000000000426,0.6518750000000006
2026-08-16 06:32:41.881,30.636,lower,-0.024999999999999467,0.6287500000000001
2026-08-16 06:32:41.891,30.646,lower,-0.07249999999999979,0.5556249999999996
2026-08-16 06:32:41.901,30.656,lower,0.022499999999999742,0.6974999999999998
2026-08-16 06:32:41.911,30.666,lower,-0.1056250000000003,0.5262500000000003
2026-08-16 06:32:41.921,30.676,lower,0.0012500000000004174,0.6574999999999998
2026-08-16 06:32:41.931,30.686,lower,-0.010624999999999662,0.6606250000000002
2026-08-16 06:32:41.941,30.696,lower,-0.04937500000000039,0.5618750000000006
2026-08-16 06:32:41.951,30.706,lower,0.021250000000000435,0.6987500000000002
2026-08-16 06:32:41.961,30.716,lower,-0.09937499999999932,0.5462500000000003
2026-08-16 06:32:41.971,30.726,lower,-0.001875000000000071,0.665
2026-08-16 06:32:41.981,30.736,lower,-0.02874999999999961,0.6518750000000006
2026-08-16 06:32:41.991,30.746,lower,-0.06624999999999992,0.5700000000000005
2026-08-16 06:32:42.001,30.756,lower,0.02375000000000016,0.6974999999999998
2026-08-16 06:32:42.011,30.766,lower,-0.10874999999999968,0.5393749999999997
2026-08-16 06:32:42.021,30.776,lower,0.004374999999999796,0.6643750000000004
2026-08-16 06:32:42.031,30.786,lower,-0.016249999999999876,0.6456249999999997
2026-08-16 06:32:42.041,30.796,lower,-0.08750000000000036,0.5306250000000001
2026-08-16 06:32:42.051,30.806,lower,0.02562500000000023,0.6968750000000001
2026-08-16 06:32:42.061,30.816,lower,-0.1012499999999994,0.5381250000000004
2026-08-16 06:32:42.071,30.826,lower,-0.005625000000000213,0.6437499999999996
2026-08-16 06:32:42.081,30.836,lower,-0.027500000000000302,0.6406250000000002
2026-08-16 06:32:42.091,30.846,lower,-0.06562500000000027,0.5431249999999999
2026-08-16 06:32:42.101,30.856,lower,0.021250000000000435,0.6981250000000006
2026-08-16 06:32:42.111,30.866,lower,-0.1056250000000003,0.5325000000000002
2026-08-16 06:32:42.121,30.876,lower,0.0012500000000004174,0.6500000000000006
2026-08-16 06:32:42.131,30.886,lower,-0.019375000000000364,0.6368750000000001
2026-08-16 06:32:42.141,30.896,lower,-0.08187500000000014,0.5512499999999998
2026-08-16 06:32:42.151,30.906,lower,0.02062499999999967,0.6956249999999997
2026-08-16 06:32:42.161,30.916,lower,-0.10375000000000023,0.5306250000000001
2026-08-16 06:32:42.171,30.926,lower,-0.0024999999999997247,0.6525000000000003
2026-08-16 06:32:42.181,30.936,lower,-0.03750000000000031,0.6600000000000006
2026-08-16 06:32:42.191,30.946,lower,-0.06750000000000034,0.5543750000000003
2026-08-16 06:32:42.201,30.956,lower,0.02062499999999967,0.693125
2026-08-16 06:32:42.211,30.966,lower,-0.10187500000000016,0.5237500000000006
2026-08-16 06:32:42.221,30.976,lower,0.0024999999999997247,0.6562500000000004
2026-08-16 06:32:42.231,30.986,lower,-0.0187499999999996,0.6537499999999996
2026-08-16 06:32:42.241,30.996,lower,-0.08375000000000021,0.5606250000000002
2026-08-16 06:32:42.251,31.006,lower,0.021250000000000435,0.6943750000000004
2026-08-16 06:32:42.261,31.016,lower,-0.1100000000000001,0.5487500000000001
2026-08-16 06:32:42.271,31.026,lower,-0.008124999999999938,0.6625000000000003
2026-08-16 06:32:42.281,31.036,lower,-0.034999999999999476,0.653125
2026-08-16 06:32:42.291,31.046,lower,-0.06624999999999992,0.5343750000000003
2026-08-16 06:32:42.301,31.056,lower,0.014374999999999805,0.6981250000000006
2026-08-16 06:32:42.311,31.066,lower,-0.10249999999999981,0.5387500000000001
2026-08-16 06:32:42.321,31.076,lower,0.0006249999999996536,0.6674999999999998
2026-08-16 06:32:42.331,31.086,lower,-0.021249999999999325,0.6481250000000005
2026-08-16 06:32:42.341,31.096,lower,-0.08062499999999972,0.5387500000000001
2026-08-16 06:32:42.351,31.106,lower,0.0187499999999996,0.6962500000000005
2026-08-16 06:32:42.361,31.116,lower,-0.10624999999999996,0.5337500000000006
2026-08-16 06:32:42.371,31.126,lower,-0.003750000000000142,0.6412499999999999
2026-08-16 06:32:42.381,31.136,lower,-0.009375000000000355,0.6412499999999999
2026-08-16 06:32:42.391,31.146,lower,-0.06562500000000027,0.5412499999999998
2026-08-16 06:32:42.401,31.156,lower,0.02375000000000016,0.6987500000000002
2026-08-16 06:32:42.411,31.166,lower,-0.10062499999999974,0.5293749999999997
2026-08-16 06:32:42.421,31.176,lower,0.003750000000000142,0.6500000000000006
2026-08-16 06:32:42.431,31.186,lower,-0.022499999999999742,0.6643750000000004
2026-08-16 06:32:42.441,31.196,lower,-0.08124999999999938,0.5506250000000001
2026-08-16 06:32:42.451,31.206,lower,0.018124999999999947,0.6943750000000004
2026-08-16 06:32:42.461,31.216,lower,-0.10750000000000037,0.5243750000000003
2026-08-16 06:32:42.471,31.226,lower,-0.005625000000000213,0.6543750000000004
2026-08-16 06:32:42.481,31.236,lower,-0.01187500000000008,0.6593749999999998
2026-08-16 06:32:42.491,31.246,lower,-0.061875000000000124,0.556875
2026-08-16 06:32:42.501,31.256,lower,0.020000000000000018,0.6981250000000006
2026-08-16 06:32:42.511,31.266,lower,-0.10437499999999988,0.5474999999999997
2026-08-16 06:32:42.521,31.276,lower,-0.0006249999999996536,0.6568750000000001
2026-08-16 06:32:42.531,31.286,lower,-0.02562500000000023,0.6543750000000004
2026-08-16 06:32:42.541,31.296,lower,-0.07874999999999965,0.5243750000000003
2026-08-16 06:32:42.551,31.306,lower,0.01687500000000064,0.6950000000000001
2026-08-16 06:32:42.561,31.316,lower,-0.11312499999999948,0.5400000000000005
2026-08-16 06:32:42.571,31.326,lower,-0.007500000000000284,0.6600000000000006
2026-08-16 06:32:42.581,31.336,lower,-0.00687499999999952,0.6493749999999998
2026-08-16 06:32:42.591,31.346,lower,-0.06312499999999943,0.5331249999999998
2026-08-16 06:32:42.601,31.356,lower,0.0187499999999996,0.6962500000000005
2026-08-16 06:32:42.611,31.366,lower,-0.10249999999999981,0.5387500000000001
2026-08-16 06:32:42.621,31.376,lower,-0.013750000000000151,0.6381250000000005
2026-08-16 06:32:42.631,31.386,lower,-0.02375000000000016,0.6443750000000004
2026-08-16 06:32:42.641,31.396,lower,-0.07687499999999958,0.5387500000000001
2026-08-16 06:32:42.651,31.406,lower,0.01687500000000064,0.6937499999999996
2026-08-16 06:32:42.661,31.416,lower,-0.10937499999999933,0.5318750000000005
2026-08-16 06:32:42.671,31.426,lower,-0.001875000000000071,0.6437499999999996
2026-08-16 06:32:42.681,31.436,lower,-0.011249999999999316,0.6400000000000006
2026-08-16 06:32:42.691,31.446,lower,-0.0593750000000004,0.5449999999999999
2026-08-16 06:32:42.701,31.456,lower,0.016249999999999876,0.6937499999999996
2026-08-16 06:32:42.711,31.466,lower,-0.1056250000000003,0.5306250000000001
2026-08-16 06:32:42.721,31.476,lower,-0.013124999999999387,0.6493749999999998
2026-08-16 06:32:42.731,31.486,lower,-0.026249999999999885,0.6643750000000004
2026-08-16 06:32:42.741,31.496,lower,-0.08124999999999938,0.5506250000000001
2026-08-16 06:32:42.751,31.506,lower,0.0187499999999996,0.6987500000000002
2026-08-16 06:32:42.761,31.516,lower,-0.1112499999999994,0.5506250000000001
2026-08-16 06:32:42.771,31.526,lower,-0.006249999999999867,0.6506250000000002
2026-08-16 06:32:42.781,31.536,lower,-0.014999999999999458,0.6556249999999997
2026-08-16 06:32:42.791,31.546,lower,-0.09375000000000022,0.5556249999999996
2026-08-16 06:32:42.801,31.556,lower,0.017500000000000293,0.6950000000000001
2026-08-16 06:32:42.811,31.566,lower,-0.10312499999999947,0.5462500000000003
2026-08-16 06:32:42.821,31.576,lower,-0.010624999999999662,0.6562500000000004
2026-08-16 06:32:42.831,31.586,lower,-0.027500000000000302,0.6562500000000004
2026-08-16 06:32:42.841,31.596,lower,-0.07187500000000013,0.5274999999999996
2026-08-16 06:32:42.851,31.606,lower,0.02062499999999967,0.6950000000000001
2026-08-16 06:32:42.861,31.616,lower,-0.09874999999999967,0.5406250000000001
2026-08-16 06:32:42.871,31.626,lower,-0.0012500000000004174,0.6318750000000006
2026-08-16 06:32:42.881,31.636,lower,-0.011249999999999316,0.6493749999999998
2026-08-16 06:32:42.891,31.646,lower,-0.08687499999999959,0.5312499999999998
2026-08-16 06:32:42.901,31.656,lower,0.021250000000000435,0.6956249999999997
2026-08-16 06:32:42.911,31.666,lower,-0.10624999999999996,0.5331249999999998
2026-08-16 06:32:42.921,31.676,lower,-0.011249999999999316,0.635
2026-08-16 06:32:42.931,31.686,lower,-0.026874999999999538,0.6406250000000002
2026-08-16 06:32:42.941,31.696,lower,-0.07249999999999979,0.5362500000000003
2026-08-16 06:32:42.951,31.706,lower,0.019375000000000364,0.6943750000000004
2026-08-16 06:32:42.961,31.716,lower,-0.09375000000000022,0.52875
2026-08-16 06:32:42.971,31.726,lower,-0.0012500000000004174,0.6443750000000004
2026-08-16 06:32:42.981,31.736,lower,-0.012499999999999734,0.6687500000000002
2026-08-16 06:32:42.991,31.746,lower,-0.08562500000000028,0.5443750000000003
2026-08-16 06:32:43.001,31.756,lower,0.020000000000000018,0.6950000000000001
2026-08-16 06:32:43.011,31.766,lower,-0.10375000000000023,0.5562500000000004
2026-08-16 06:32:43.021,31.776,lower,-0.003750000000000142,0.6474999999999997
2026-08-16 06:32:43.031,31.786,lower,-0.00687499999999952,0.6600000000000006
2026-08-16 06:32:43.041,31.796,lower,-0.06812499999999999,0.5493749999999997
2026-08-16 06:32:43.051,31.806,lower,0.02187500000000009,0.6918750000000007
2026-08-16 06:32:43.061,31.816,lower,-0.09624999999999995,0.5493749999999997
2026-08-16 06:32:43.071,31.826,lower,0.004374999999999796,0.6512499999999999
2026-08-16 06:32:43.081,31.836,lower,-0.013124999999999387,0.6562500000000004
2026-08-16 06:32:43.091,31.846,lower,-0.08562500000000028,0.5200000000000005
2026-08-16 06:32:43.101,31.856,lower,0.0187499999999996,0.6937499999999996
2026-08-16 06:32:43.111,31.866,lower,-0.10249999999999981,0.5406250000000001
2026-08-16 06:32:43.121,31.876,lower,-0.008124999999999938,0.6518750000000006
2026-08-16 06:32:43.131,31.886,lower,-0.0031249999999993783,0.6474999999999997
2026-08-16 06:32:43.141,31.896,lower,-0.07000000000000006,0.5249999999999999
2026-08-16 06:32:43.151,31.906,lower,0.021250000000000435,0.6925000000000003
2026-08-16 06:32:43.161,31.916,lower,-0.09375000000000022,0.5381250000000004
2026-08-16 06:32:43.171,31.926,lower,0.0006249999999996536,0.6306250000000002
2026-08-16 06:32:43.181,31.936,lower,-0.01687499999999953,0.6468750000000001
2026-08-16 06:32:43.191,31.946,lower,-0.078125,0.5349999999999999
2026-08-16 06:32:43.201,31.956,lower,0.0187499999999996,0.6887500000000002
2026-08-16 06:32:43.211,31.966,lower,-0.1056250000000003,0.5349999999999999
2026-08-16 06:32:43.221,31.976,lower,-0.0024999999999997247,0.6362500000000004
2026-08-16 06:32:43.231,31.986,lower,-0.0006249999999996536,0.6412499999999999
2026-08-16 06:32:43.241,31.996,lower,-0.06249999999999978,0.5374999999999996
2026-08-16 06:32:43.251,32.006,lower,0.02062499999999967,0.6906250000000003
2026-08-16 06:32:43.261,32.016,lower,-0.09874999999999967,0.5243750000000003
2026-08-16 06:32:43.271,32.026,lower,-0.01187500000000008,0.6393749999999998
2026-08-16 06:32:43.281,32.036,lower,-0.018124999999999947,0.6612499999999999
2026-08-16 06:32:43.291,32.046,lower,-0.0824999999999998,0.5381250000000004
2026-08-16 06:32:43.301,32.056,lower,0.019375000000000364,0.6900000000000006
2026-08-16 06:32:43.311,32.066,lower,-0.10375000000000023,0.5525000000000002
2026-08-16 06:32:43.321,32.076,lower,-0.0031249999999993783,0.6456249999999997
2026-08-16 06:32:43.331,32.086,lower,-0.003750000000000142,0.6600000000000006
2026-08-16 06:32:43.341,32.096,lower,-0.06687499999999957,0.5456250000000007
2026-08-16 06:32:43.351,32.106,lower,0.021250000000000435,0.6925000000000003
2026-08-16 06:32:43.361,32.116,lower,-0.09499999999999953,0.546875
2026-08-16 06:32:43.371,32.126,lower,-0.010000000000000009,0.6543750000000004
2026-08-16 06:32:43.381,32.136,lower,-0.018124999999999947,0.655
2026-08-16 06:32:43.391,32.146,lower,-0.07624999999999993,0.5212499999999998
2026-08-16 06:32:43.401,32.156,lower,0.025000000000000577,0.6956249999999997
2026-08-16 06:32:43.411,32.166,lower,-0.10437499999999988,0.5406250000000001
2026-08-16 06:32:43.421,32.176,lower,-0.0024999999999997247,0.6206250000000002
2026-08-16 06:32:43.431,32.186,lower,-0.007500000000000284,0.6474999999999997
2026-08-16 06:32:43.441,32.196,lower,-0.0956250000000003,0.526875
2026-08-16 06:32:43.451,32.206,lower,0.026249999999999885,0.6893749999999998
2026-08-16 06:32:43.461,32.216,lower,-0.0956250000000003,0.5306250000000001
2026-08-16 06:32:43.471,32.226,lower,-0.010624999999999662,0.6306250000000002
2026-08-16 06:32:43.481,32.236,lower,-0.019375000000000364,0.6412499999999999
2026-08-16 06:32:43.491,32.246,lower,-0.07874999999999965,0.5325000000000002
2026-08-16 06:32:43.501,32.256,lower,0.02187500000000009,0.6893749999999998
2026-08-16 06:32:43.511,32.266,lower,-0.08937500000000043,0.5281250000000004
2026-08-16 06:32:43.521,32.276,lower,-0.006249999999999867,0.6368750000000001
2026-08-16 06:32:43.531,32.286,lower,-0.008749999999999591,0.665
2026-08-16 06:32:43.541,32.296,lower,-0.08937500000000043,0.5374999999999996
2026-08-16 06:32:43.551,32.306,lower,0.02187500000000009,0.6893749999999998
2026-08-16 06:32:43.561,32.316,lower,-0.09937499999999932,0.5562500000000004
2026-08-16 06:32:43.571,32.326,lower,-0.009375000000000355,0.6406250000000002
2026-08-16 06:32:43.581,32.336,lower,-0.0187499999999996,0.6606250000000002
2026-08-16 06:32:43.591,32.346,lower,-0.0737500000000002,0.5431249999999999
2026-08-16 06:32:43.601,32.356,lower,0.023125000000000506,0.6906250000000003
2026-08-16 06:32:43.611,32.366,lower,-0.09000000000000008,0.5487500000000001
2026-08-16 06:32:43.621,32.376,lower,0.0,0.6474999999999997
2026-08-16 06:32:43.631,32.386,lower,-0.005625000000000213,0.6562500000000004
2026-08-16 06:32:43.641,32.396,lower,-0.09124999999999939,0.5200000000000005
2026-08-16 06:32:43.651,32.406,lower,0.02375000000000016,0.6925000000000003
2026-08-16 06:32:43.661,32.416,lower,-0.0968749999999996,0.5425000000000002
2026-08-16 06:32:43.671,32.426,lower,-0.010624999999999662,0.6174999999999997
2026-08-16 06:32:43.681,32.436,lower,0.0050000000000005596,0.6537499999999996
2026-08-16 06:32:43.691,32.446,lower,-0.07687499999999958,0.5225000000000002
2026-08-16 06:32:43.701,32.456,lower,0.019375000000000364,0.6912499999999999
2026-08-16 06:32:43.711,32.466,lower,-0.08499999999999952,0.5412499999999998
2026-08-16 06:32:43.721,32.476,lower,0.0006249999999996536,0.6243750000000003
2026-08-16 06:32:43.731,32.486,lower,-0.010000000000000009,0.6500000000000006
2026-08-16 06:32:43.741,32.496,lower,-0.08937500000000043,0.5262500000000003
2026-08-16 06:32:43.751,32.506,lower,0.02062499999999967,0.6881250000000005
2026-08-16 06:32:43.761,32.516,lower,-0.1012499999999994,0.5337500000000006
2026-08-16 06:32:43.771,32.526,lower,-0.012499999999999734,0.6300000000000006
2026-08-16 06:32:43.781,32.536,lower,0.0,0.6687500000000002
2026-08-16 06:32:43.791,32.546,lower,-0.07624999999999993,0.526875
2026-08-16 06:32:43.801,32.556,lower,0.020000000000000018,0.6881250000000005
2026-08-16 06:32:43.811,32.566,lower,-0.0924999999999998,0.5281250000000004
2026-08-16 06:32:43.821,32.576,lower,-0.004374999999999796,0.635
2026-08-16 06:32:43.831,32.586,lower,-0.010624999999999662,0.6674999999999998
2026-08-16 06:32:43.841,32.596,lower,-0.08874999999999966,0.5331249999999998
2026-08-16 06:32:43.851,32.606,lower,0.017500000000000293,0.6925000000000003
2026-08-16 06:32:43.861,32.616,lower,-0.10375000000000023,0.5574999999999997
2026-08-16 06:32:43.871,32.626,lower,-0.011249999999999316,0.643125
2026-08-16 06:32:43.881,32.636,lower,-0.0012500000000004174,0.6637499999999996
2026-08-16 06:32:43.891,32.646,lower,-0.07187500000000013,0.5162500000000003
2026-08-16 06:32:43.901,32.656,lower,0.0187499999999996,0.6956249999999997
2026-08-16 06:32:43.911,32.666,lower,-0.09499999999999953,0.5481250000000004
2026-08-16 06:32:43.921,32.676,lower,-0.0187499999999996,0.6474999999999997
2026-08-16 06:32:43.931,32.686,lower,-0.013750000000000151,0.6581250000000005
2026-08-16 06:32:43.941,32.696,lower,-0.08937500000000043,0.51875
2026-08-16 06:32:43.951,32.706,lower,0.021250000000000435,0.6974999999999998
2026-08-16 06:32:43.961,32.716,lower,-0.10000000000000009,0.5487500000000001
2026-08-16 06:32:43.971,32.726,lower,-0.003750000000000142,0.6243750000000003
2026-08-16 06:32:43.981,32.736,lower,0.008124999999999938,0.6562500000000004
2026-08-16 06:32:43.991,32.746,lower,-0.06750000000000034,0.5256250000000007
2026-08-16 06:32:44.001,32.756,lower,0.030000000000000027,0.6943750000000004
2026-08-16 06:32:44.011,32.766,lower,-0.08375000000000021,0.5425000000000002
2026-08-16 06:32:44.021,32.776,lower,-0.008124999999999938,0.6343750000000004
2026-08-16 06:32:44.031,32.786,lower,-0.0006249999999996536,0.6543750000000004
