timestamp,elapsed_s,segment,roots_V,grounded_roots_V
2026-08-16 18:14:37.194,0.001,lower,0.05437499999999984,0.0006249999999996536
2026-08-16 18:14:37.204,0.011,lower,-0.06249999999999978,-0.04437499999999983
2026-08-16 18:14:37.214,0.021,lower,0.07624999999999993,0.003750000000000142
2026-08-16 18:14:37.224,0.031,lower,-0.09937499999999932,-0.026874999999999538
2026-08-16 18:14:37.234,0.041,lower,0.02687500000000065,-0.010000000000000009
2026-08-16 18:14:37.244,0.051,lower,0.03687500000000066,0.001875000000000071
2026-08-16 18:14:37.254,0.061,lower,-0.08750000000000036,-0.05249999999999977
2026-08-16 18:14:37.264,0.071,lower,0.07500000000000062,0.007500000000000284
2026-08-16 18:14:37.274,0.081,lower,-0.11624999999999996,-0.030000000000000027
2026-08-16 18:14:37.284,0.091,lower,0.038124999999999964,-0.004999999999999449
2026-08-16 18:14:37.294,0.101,lower,0.05750000000000033,0.003750000000000142
2026-08-16 18:14:37.304,0.111,lower,-0.10812500000000003,-0.04750000000000032
2026-08-16 18:14:37.314,0.121,lower,0.08000000000000007,0.008124999999999938
2026-08-16 18:14:37.324,0.131,lower,-0.10687499999999961,-0.03624999999999989
2026-08-16 18:14:37.334,0.141,lower,0.024374999999999813,-0.019375000000000364
2026-08-16 18:14:37.344,0.151,lower,0.027500000000000302,0.0031250000000004885
2026-08-16 18:14:37.354,0.161,lower,-0.078125,-0.04375000000000018
2026-08-16 18:14:37.364,0.171,lower,0.0737500000000002,0.0050000000000005596
2026-08-16 18:14:37.374,0.181,lower,-0.09000000000000008,-0.03437499999999982
2026-08-16 18:14:37.384,0.191,lower,0.03937500000000038,-0.014999999999999458
2026-08-16 18:14:37.394,0.201,lower,0.05125000000000046,-0.0024999999999997247
2026-08-16 18:14:37.404,0.211,lower,-0.10249999999999981,-0.04437499999999983
2026-08-16 18:14:37.414,0.221,lower,0.07562500000000028,0.003750000000000142
2026-08-16 18:14:37.424,0.231,lower,-0.11062499999999975,-0.03624999999999989
2026-08-16 18:14:37.434,0.241,lower,0.035000000000000586,-0.009375000000000355
2026-08-16 18:14:37.444,0.251,lower,0.018124999999999947,0.0012500000000004174
2026-08-16 18:14:37.454,0.261,lower,-0.07624999999999993,-0.04187500000000011
2026-08-16 18:14:37.464,0.271,lower,0.07500000000000062,0.008124999999999938
2026-08-16 18:14:37.474,0.281,lower,-0.09187500000000015,-0.026249999999999885
2026-08-16 18:14:37.484,0.291,lower,0.04125000000000045,-0.012499999999999734
2026-08-16 18:14:37.494,0.301,lower,0.0462499999999999,0.003750000000000142
2026-08-16 18:14:37.504,0.311,lower,-0.09499999999999953,-0.04062499999999969
2026-08-16 18:14:37.514,0.321,lower,0.07500000000000062,0.007500000000000284
2026-08-16 18:14:37.524,0.331,lower,-0.1112499999999994,-0.033124999999999405
2026-08-16 18:14:37.534,0.341,lower,0.038124999999999964,-0.005625000000000213
2026-08-16 18:14:37.544,0.351,lower,0.0637500000000002,0.005625000000000213
2026-08-16 18:14:37.554,0.361,lower,-0.06874999999999964,-0.0462499999999999
2026-08-16 18:14:37.564,0.371,lower,0.07562500000000028,0.007500000000000284
2026-08-16 18:14:37.574,0.381,lower,-0.0968749999999996,-0.03437499999999982
2026-08-16 18:14:37.584,0.391,lower,0.04437499999999983,-0.014999999999999458
2026-08-16 18:14:37.594,0.401,lower,0.04062499999999969,0.001875000000000071
2026-08-16 18:14:37.604,0.411,lower,-0.09000000000000008,-0.04750000000000032
2026-08-16 18:14:37.614,0.421,lower,0.0737500000000002,0.009375000000000355
2026-08-16 18:14:37.624,0.431,lower,-0.11937499999999934,-0.03375000000000017
2026-08-16 18:14:37.634,0.441,lower,0.03624999999999989,-0.010624999999999662
2026-08-16 18:14:37.644,0.451,lower,0.06125000000000047,-0.001875000000000071
2026-08-16 18:14:37.654,0.461,lower,-0.06000000000000005,-0.04375000000000018
2026-08-16 18:14:37.664,0.471,lower,0.07562500000000028,0.005625000000000213
2026-08-16 18:14:37.674,0.481,lower,-0.10062499999999974,-0.03687499999999955
2026-08-16 18:14:37.684,0.491,lower,0.030000000000000027,-0.010000000000000009
2026-08-16 18:14:37.694,0.501,lower,0.029375000000000373,0.005625000000000213
2026-08-16 18:14:37.704,0.511,lower,-0.07937500000000042,-0.03937500000000038
2026-08-16 18:14:37.714,0.521,lower,0.078125,0.006875000000000631
2026-08-16 18:14:37.724,0.531,lower,-0.11874999999999969,-0.03375000000000017
2026-08-16 18:14:37.734,0.541,lower,0.04562500000000025,-0.005625000000000213
2026-08-16 18:14:37.744,0.551,lower,0.055000000000000604,0.0031250000000004885
2026-08-16 18:14:37.754,0.561,lower,-0.0506249999999997,-0.04124999999999934
2026-08-16 18:14:37.764,0.571,lower,0.07937500000000042,0.010000000000000009
2026-08-16 18:14:37.774,0.581,lower,-0.10687499999999961,-0.034999999999999476
2026-08-16 18:14:37.784,0.591,lower,0.03249999999999975,-0.004999999999999449
2026-08-16 18:14:37.794,0.601,lower,0.02562500000000023,0.0031250000000004885
2026-08-16 18:14:37.804,0.611,lower,-0.07437499999999986,-0.0462499999999999
2026-08-16 18:14:37.814,0.621,lower,0.07687499999999958,0.007500000000000284
2026-08-16 18:14:37.824,0.631,lower,-0.12249999999999983,-0.03375000000000017
2026-08-16 18:14:37.834,0.641,lower,0.046875000000000666,-0.013750000000000151
2026-08-16 18:14:37.844,0.651,lower,0.04937500000000039,0.0006249999999996536
2026-08-16 18:14:37.854,0.661,lower,-0.09499999999999953,-0.0462499999999999
2026-08-16 18:14:37.864,0.671,lower,0.07937500000000042,0.011250000000000426
2026-08-16 18:14:37.874,0.681,lower,-0.10874999999999968,-0.03874999999999962
2026-08-16 18:14:37.884,0.691,lower,0.035000000000000586,-0.011249999999999316
2026-08-16 18:14:37.894,0.701,lower,0.016249999999999876,-0.0012500000000004174
2026-08-16 18:14:37.904,0.711,lower,-0.06562500000000027,-0.03937500000000038
2026-08-16 18:14:37.914,0.721,lower,0.07937500000000042,0.004374999999999796
2026-08-16 18:14:37.924,0.731,lower,-0.09624999999999995,-0.040000000000000036
2026-08-16 18:14:37.934,0.741,lower,0.04812499999999997,-0.008749999999999591
2026-08-16 18:14:37.944,0.751,lower,0.04375000000000018,0.004374999999999796
2026-08-16 18:14:37.954,0.761,lower,-0.09062499999999973,-0.04062499999999969
2026-08-16 18:14:37.964,0.771,lower,0.08312500000000056,0.007500000000000284
2026-08-16 18:14:37.974,0.781,lower,-0.1112499999999994,-0.03249999999999975
2026-08-16 18:14:37.984,0.791,lower,0.040000000000000036,-0.008749999999999591
2026-08-16 18:14:37.994,0.801,lower,0.06125000000000047,0.001875000000000071
2026-08-16 18:14:38.004,0.811,lower,-0.0593750000000004,-0.03874999999999962
2026-08-16 18:14:38.014,0.821,lower,0.08125000000000049,0.0024999999999997247
2026-08-16 18:14:38.024,0.831,lower,-0.10062499999999974,-0.03375000000000017
2026-08-16 18:14:38.034,0.841,lower,0.05125000000000046,-0.0031249999999993783
2026-08-16 18:14:38.044,0.851,lower,0.03437499999999982,0.0
2026-08-16 18:14:38.054,0.861,lower,-0.08000000000000007,-0.04750000000000032
2026-08-16 18:14:38.064,0.871,lower,0.07874999999999965,0.009375000000000355
2026-08-16 18:14:38.074,0.881,lower,-0.12062499999999976,-0.034999999999999476
2026-08-16 18:14:38.084,0.891,lower,0.043125000000000524,-0.013750000000000151
2026-08-16 18:14:38.094,0.901,lower,0.0593750000000004,0.0
2026-08-16 18:14:38.104,0.911,lower,-0.05124999999999935,-0.04124999999999934
2026-08-16 18:14:38.114,0.921,lower,0.08000000000000007,0.008124999999999938
2026-08-16 18:14:38.124,0.931,lower,-0.10375000000000023,-0.03937500000000038
2026-08-16 18:14:38.134,0.941,lower,0.05437499999999984,-0.009375000000000355
2026-08-16 18:14:38.144,0.951,lower,0.029375000000000373,-0.0012500000000004174
2026-08-16 18:14:38.154,0.961,lower,-0.07187500000000013,-0.04187500000000011
2026-08-16 18:14:38.164,0.971,lower,0.07687499999999958,0.0031250000000004885
2026-08-16 18:14:38.174,0.981,lower,-0.12124999999999941,-0.03750000000000031
2026-08-16 18:14:38.184,0.991,lower,0.0462499999999999,-0.01687499999999953
2026-08-16 18:14:38.194,1.001,lower,0.05125000000000046,0.003750000000000142
2026-08-16 18:14:38.204,1.011,lower,-0.043124999999999414,-0.04124999999999934
2026-08-16 18:14:38.214,1.021,lower,0.0824999999999998,0.003750000000000142
2026-08-16 18:14:38.224,1.031,lower,-0.1100000000000001,-0.04437499999999983
2026-08-16 18:14:38.234,1.041,lower,0.03562500000000024,-0.004999999999999449
2026-08-16 18:14:38.244,1.051,lower,0.01687500000000064,0.0031250000000004885
2026-08-16 18:14:38.254,1.061,lower,-0.06562500000000027,-0.03687499999999955
2026-08-16 18:14:38.264,1.071,lower,0.08000000000000007,0.007500000000000284
2026-08-16 18:14:38.274,1.081,lower,-0.12312499999999948,-0.03562500000000024
2026-08-16 18:14:38.284,1.091,lower,0.04937500000000039,-0.0031249999999993783
2026-08-16 18:14:38.294,1.101,lower,0.046875000000000666,0.0031250000000004885
2026-08-16 18:14:38.304,1.111,lower,-0.08874999999999966,-0.04249999999999976
2026-08-16 18:14:38.314,1.121,lower,0.08000000000000007,0.008749999999999591
2026-08-16 18:14:38.324,1.131,lower,-0.11312499999999948,-0.03750000000000031
2026-08-16 18:14:38.334,1.141,lower,0.040000000000000036,-0.010624999999999662
2026-08-16 18:14:38.344,1.151,lower,0.011250000000000426,0.001875000000000071
2026-08-16 18:14:38.354,1.161,lower,-0.05812499999999998,-0.04437499999999983
2026-08-16 18:14:38.364,1.171,lower,0.08125000000000049,0.008124999999999938
2026-08-16 18:14:38.374,1.181,lower,-0.12499999999999956,-0.04124999999999934
2026-08-16 18:14:38.384,1.191,lower,0.0506249999999997,-0.010000000000000009
2026-08-16 18:14:38.394,1.201,lower,0.03624999999999989,-0.0024999999999997247
2026-08-16 18:14:38.404,1.211,lower,-0.08499999999999952,-0.04062499999999969
2026-08-16 18:14:38.414,1.221,lower,0.08000000000000007,0.0050000000000005596
2026-08-16 18:14:38.424,1.231,lower,-0.11812500000000004,-0.04437499999999983
2026-08-16 18:14:38.434,1.241,lower,0.04187500000000011,-0.010000000000000009
2026-08-16 18:14:38.444,1.251,lower,0.004374999999999796,0.0024999999999997247
2026-08-16 18:14:38.454,1.261,lower,-0.056874999999999565,-0.03562500000000024
2026-08-16 18:14:38.464,1.271,lower,0.07750000000000035,0.0050000000000005596
2026-08-16 18:14:38.474,1.281,lower,-0.10437499999999988,-0.04187500000000011
2026-08-16 18:14:38.484,1.291,lower,0.050000000000000044,-0.008749999999999591
2026-08-16 18:14:38.494,1.301,lower,0.031250000000000444,-0.0006249999999996536
2026-08-16 18:14:38.504,1.311,lower,-0.07499999999999951,-0.03624999999999989
2026-08-16 18:14:38.514,1.321,lower,0.0737500000000002,0.008124999999999938
2026-08-16 18:14:38.524,1.331,lower,-0.12124999999999941,-0.03624999999999989
2026-08-16 18:14:38.534,1.341,lower,0.04125000000000045,-0.007500000000000284
2026-08-16 18:14:38.544,1.351,lower,0.05249999999999977,0.0006249999999996536
2026-08-16 18:14:38.554,1.361,lower,-0.04874999999999963,-0.04375000000000018
2026-08-16 18:14:38.564,1.371,lower,0.08062499999999972,0.006875000000000631
2026-08-16 18:14:38.574,1.381,lower,-0.1100000000000001,-0.04124999999999934
2026-08-16 18:14:38.584,1.391,lower,0.056875000000000675,-0.003750000000000142
2026-08-16 18:14:38.594,1.401,lower,0.018124999999999947,-0.001875000000000071
2026-08-16 18:14:38.604,1.411,lower,-0.06937500000000041,-0.0506249999999997
2026-08-16 18:14:38.614,1.421,lower,0.08000000000000007,0.008124999999999938
2026-08-16 18:14:38.624,1.431,lower,-0.12562500000000032,-0.04062499999999969
2026-08-16 18:14:38.634,1.441,lower,0.04812499999999997,-0.013750000000000151
2026-08-16 18:14:38.644,1.451,lower,0.04249999999999976,-0.005625000000000213
2026-08-16 18:14:38.654,1.461,lower,-0.04187500000000011,-0.04062499999999969
2026-08-16 18:14:38.664,1.471,lower,0.07624999999999993,0.0050000000000005596
2026-08-16 18:14:38.674,1.481,lower,-0.11562500000000031,-0.04124999999999934
2026-08-16 18:14:38.684,1.491,lower,0.05562500000000026,-0.00687499999999952
2026-08-16 18:14:38.694,1.501,lower,0.008124999999999938,0.0012500000000004174
2026-08-16 18:14:38.704,1.511,lower,-0.0593750000000004,-0.03687499999999955
2026-08-16 18:14:38.714,1.521,lower,0.08125000000000049,0.006249999999999867
2026-08-16 18:14:38.724,1.531,lower,-0.12687499999999963,-0.04437499999999983
2026-08-16 18:14:38.734,1.541,lower,0.0506249999999997,-0.007500000000000284
2026-08-16 18:14:38.744,1.551,lower,0.03937500000000038,-0.0006249999999996536
2026-08-16 18:14:38.754,1.561,lower,-0.033124999999999405,-0.034999999999999476
2026-08-16 18:14:38.764,1.571,lower,0.07874999999999965,0.0050000000000005596
2026-08-16 18:14:38.774,1.581,lower,-0.11812500000000004,-0.03687499999999955
2026-08-16 18:14:38.784,1.591,lower,0.043125000000000524,-0.004999999999999449
2026-08-16 18:14:38.794,1.601,lower,0.0006249999999996536,0.0006249999999996536
2026-08-16 18:14:38.804,1.611,lower,-0.054999999999999494,-0.0462499999999999
2026-08-16 18:14:38.814,1.621,lower,0.07750000000000035,0.0050000000000005596
2026-08-16 18:14:38.824,1.631,lower,-0.1275000000000004,-0.04062499999999969
2026-08-16 18:14:38.834,1.641,lower,0.05249999999999977,-0.0006249999999996536
2026-08-16 18:14:38.844,1.651,lower,0.025000000000000577,-0.003750000000000142
2026-08-16 18:14:38.854,1.661,lower,-0.0824999999999998,-0.044999999999999485
2026-08-16 18:14:38.864,1.671,lower,0.078125,0.010000000000000009
2026-08-16 18:14:38.874,1.681,lower,-0.12312499999999948,-0.040000000000000036
2026-08-16 18:14:38.884,1.691,lower,0.046875000000000666,-0.008749999999999591
2026-08-16 18:14:38.894,1.701,lower,-0.00687499999999952,-0.004999999999999449
2026-08-16 18:14:38.904,1.711,lower,-0.04750000000000032,-0.04124999999999934
2026-08-16 18:14:38.914,1.721,lower,0.08000000000000007,0.006249999999999867
2026-08-16 18:14:38.924,1.731,lower,-0.1112499999999994,-0.043124999999999414
2026-08-16 18:14:38.934,1.741,lower,0.050000000000000044,-0.005625000000000213
2026-08-16 18:14:38.944,1.751,lower,0.02062499999999967,-0.007500000000000284
2026-08-16 18:14:38.954,1.761,lower,-0.07249999999999979,-0.03624999999999989
2026-08-16 18:14:38.964,1.771,lower,0.07687499999999958,0.006875000000000631
2026-08-16 18:14:38.974,1.781,lower,-0.12499999999999956,-0.046874999999999556
2026-08-16 18:14:38.984,1.791,lower,0.04437499999999983,-0.007500000000000284
2026-08-16 18:14:38.994,1.801,lower,-0.011249999999999316,0.0
2026-08-16 18:14:39.004,1.811,lower,-0.044999999999999485,-0.038124999999999964
2026-08-16 18:14:39.014,1.821,lower,0.07874999999999965,0.007500000000000284
2026-08-16 18:14:39.024,1.831,lower,-0.11937499999999934,-0.04249999999999976
2026-08-16 18:14:39.034,1.841,lower,0.051875000000000115,-0.004999999999999449
2026-08-16 18:14:39.044,1.851,lower,0.011250000000000426,-0.003750000000000142
2026-08-16 18:14:39.054,1.861,lower,-0.06437499999999985,-0.04249999999999976
2026-08-16 18:14:39.064,1.871,lower,0.07624999999999993,0.006249999999999867
2026-08-16 18:14:39.074,1.881,lower,-0.13062499999999977,-0.040000000000000036
2026-08-16 18:14:39.084,1.891,lower,0.04874999999999963,-0.004999999999999449
2026-08-16 18:14:39.094,1.901,lower,0.035000000000000586,-0.004999999999999449
2026-08-16 18:14:39.104,1.911,lower,-0.03937500000000038,-0.03937500000000038
2026-08-16 18:14:39.114,1.921,lower,0.07687499999999958,0.009375000000000355
2026-08-16 18:14:39.124,1.931,lower,-0.12187500000000018,-0.04249999999999976
2026-08-16 18:14:39.134,1.941,lower,0.05312500000000053,-0.007500000000000284
2026-08-16 18:14:39.144,1.951,lower,-0.0006249999999996536,-0.003750000000000142
2026-08-16 18:14:39.154,1.961,lower,-0.0593750000000004,-0.04187500000000011
2026-08-16 18:14:39.164,1.971,lower,0.07437499999999986,0.006875000000000631
2026-08-16 18:14:39.174,1.981,lower,-0.13000000000000012,-0.04812499999999997
2026-08-16 18:14:39.184,1.991,lower,0.050000000000000044,-0.010000000000000009
2026-08-16 18:14:39.194,2.001,lower,0.026249999999999885,-0.010000000000000009
2026-08-16 18:14:39.204,2.011,lower,-0.029375000000000373,-0.040000000000000036
2026-08-16 18:14:39.214,2.021,lower,0.07187500000000013,0.0031250000000004885
2026-08-16 18:14:39.224,2.031,lower,-0.12375000000000025,-0.04437499999999983
2026-08-16 18:14:39.234,2.041,lower,0.04062499999999969,-0.005625000000000213
2026-08-16 18:14:39.244,2.051,lower,-0.008124999999999938,-0.001875000000000071
2026-08-16 18:14:39.254,2.061,lower,-0.0506249999999997,-0.03375000000000017
2026-08-16 18:14:39.264,2.071,lower,0.078125,0.004374999999999796
2026-08-16 18:14:39.274,2.081,lower,-0.13624999999999998,-0.04249999999999976
2026-08-16 18:14:39.284,2.091,lower,0.0506249999999997,0.0006249999999996536
2026-08-16 18:14:39.294,2.101,lower,0.020000000000000018,-0.003750000000000142
2026-08-16 18:14:39.304,2.111,lower,-0.078125,-0.044999999999999485
2026-08-16 18:14:39.314,2.121,lower,0.07750000000000035,0.009375000000000355
2026-08-16 18:14:39.324,2.131,lower,-0.13000000000000012,-0.04249999999999976
2026-08-16 18:14:39.334,2.141,lower,0.04062499999999969,-0.0012500000000004174
2026-08-16 18:14:39.344,2.151,lower,-0.014999999999999458,-0.004999999999999449
2026-08-16 18:14:39.354,2.161,lower,-0.04437499999999983,-0.040000000000000036
2026-08-16 18:14:39.364,2.171,lower,0.07687499999999958,0.008749999999999591
2026-08-16 18:14:39.374,2.181,lower,-0.1243749999999999,-0.04874999999999963
2026-08-16 18:14:39.384,2.191,lower,0.05125000000000046,-0.008124999999999938
2026-08-16 18:14:39.394,2.201,lower,0.010000000000000009,-0.008124999999999938
2026-08-16 18:14:39.404,2.211,lower,-0.07187500000000013,-0.040000000000000036
2026-08-16 18:14:39.414,2.221,lower,0.07437499999999986,0.006875000000000631
2026-08-16 18:14:39.424,2.231,lower,-0.1331249999999995,-0.044999999999999485
2026-08-16 18:14:39.434,2.241,lower,0.04437499999999983,-0.00687499999999952
2026-08-16 18:14:39.444,2.251,lower,-0.021249999999999325,0.0024999999999997247
2026-08-16 18:14:39.454,2.261,lower,-0.03624999999999989,-0.03375000000000017
2026-08-16 18:14:39.464,2.271,lower,0.07874999999999965,0.005625000000000213
2026-08-16 18:14:39.474,2.281,lower,-0.1243749999999999,-0.043124999999999414
2026-08-16 18:14:39.484,2.291,lower,0.05249999999999977,-0.004374999999999796
2026-08-16 18:14:39.494,2.301,lower,0.005625000000000213,-0.0031249999999993783
2026-08-16 18:14:39.504,2.311,lower,-0.06312499999999943,-0.0318750000000001
2026-08-16 18:14:39.514,2.321,lower,0.07437499999999986,0.007500000000000284
2026-08-16 18:14:39.524,2.331,lower,-0.13562500000000033,-0.04062499999999969
2026-08-16 18:14:39.534,2.341,lower,0.04812499999999997,-0.0006249999999996536
2026-08-16 18:14:39.544,2.351,lower,0.023125000000000506,-0.003750000000000142
2026-08-16 18:14:39.554,2.361,lower,-0.02874999999999961,-0.029375000000000373
2026-08-16 18:14:39.564,2.371,lower,0.07874999999999965,0.009375000000000355
2026-08-16 18:14:39.574,2.381,lower,-0.12812500000000004,-0.04562500000000025
2026-08-16 18:14:39.584,2.391,lower,0.058749999999999636,-0.001875000000000071
2026-08-16 18:14:39.594,2.401,lower,-0.0024999999999997247,-0.004999999999999449
2026-08-16 18:14:39.604,2.411,lower,-0.05249999999999977,-0.03937500000000038
2026-08-16 18:14:39.614,2.421,lower,0.07687499999999958,0.008124999999999938
2026-08-16 18:14:39.624,2.431,lower,-0.12937499999999935,-0.04187500000000011
2026-08-16 18:14:39.634,2.441,lower,0.05312500000000053,-0.010624999999999662
2026-08-16 18:14:39.644,2.451,lower,0.017500000000000293,-0.008124999999999938
2026-08-16 18:14:39.654,2.461,lower,-0.02375000000000016,-0.038124999999999964
2026-08-16 18:14:39.664,2.471,lower,0.07874999999999965,0.0050000000000005596
2026-08-16 18:14:39.674,2.481,lower,-0.12624999999999997,-0.044999999999999485
2026-08-16 18:14:39.684,2.491,lower,0.06000000000000005,-0.003750000000000142
2026-08-16 18:14:39.694,2.501,lower,-0.012499999999999734,-0.012499999999999734
2026-08-16 18:14:39.704,2.511,lower,-0.04375000000000018,-0.031249999999999334
2026-08-16 18:14:39.714,2.521,lower,0.07624999999999993,0.006249999999999867
2026-08-16 18:14:39.724,2.531,lower,-0.13062499999999977,-0.04874999999999963
2026-08-16 18:14:39.734,2.541,lower,0.055000000000000604,-0.0031249999999993783
2026-08-16 18:14:39.744,2.551,lower,0.011250000000000426,-0.001875000000000071
2026-08-16 18:14:39.754,2.561,lower,-0.010000000000000009,-0.028124999999999956
2026-08-16 18:14:39.764,2.571,lower,0.07687499999999958,0.010000000000000009
2026-08-16 18:14:39.774,2.581,lower,-0.13062499999999977,-0.04124999999999934
2026-08-16 18:14:39.784,2.591,lower,0.04437499999999983,-0.0012500000000004174
2026-08-16 18:14:39.794,2.601,lower,-0.016249999999999876,-0.0024999999999997247
2026-08-16 18:14:39.804,2.611,lower,-0.03750000000000031,-0.028124999999999956
2026-08-16 18:14:39.814,2.621,lower,0.0737500000000002,0.008124999999999938
2026-08-16 18:14:39.824,2.631,lower,-0.13062499999999977,-0.04249999999999976
2026-08-16 18:14:39.834,2.641,lower,0.06000000000000005,0.0006249999999996536
2026-08-16 18:14:39.844,2.651,lower,0.0024999999999997247,-0.005625000000000213
2026-08-16 18:14:39.854,2.661,lower,-0.007500000000000284,-0.03874999999999962
2026-08-16 18:14:39.864,2.671,lower,0.078125,0.0050000000000005596
2026-08-16 18:14:39.874,2.681,lower,-0.13000000000000012,-0.040000000000000036
2026-08-16 18:14:39.884,2.691,lower,0.04812499999999997,-0.010000000000000009
2026-08-16 18:14:39.894,2.701,lower,-0.026249999999999885,-0.009375000000000355
2026-08-16 18:14:39.904,2.711,lower,-0.03062499999999968,-0.03375000000000017
2026-08-16 18:14:39.914,2.721,lower,0.078125,0.011250000000000426
2026-08-16 18:14:39.924,2.731,lower,-0.12562500000000032,-0.04187500000000011
2026-08-16 18:14:39.934,2.741,lower,0.0593750000000004,-0.003750000000000142
2026-08-16 18:14:39.944,2.751,lower,-0.003750000000000142,-0.010624999999999662
2026-08-16 18:14:39.954,2.761,lower,-0.05750000000000033,-0.03375000000000017
2026-08-16 18:14:39.964,2.771,lower,0.07750000000000035,0.0050000000000005596
2026-08-16 18:14:39.974,2.781,lower,-0.13124999999999942,-0.04249999999999976
2026-08-16 18:14:39.984,2.791,lower,0.04937500000000039,-0.0024999999999997247
2026-08-16 18:14:39.994,2.801,lower,-0.030000000000000027,0.0012500000000004174
2026-08-16 18:14:40.004,2.811,lower,-0.02375000000000016,-0.033124999999999405
2026-08-16 18:14:40.014,2.821,lower,0.08000000000000007,0.009375000000000355
2026-08-16 18:14:40.024,2.831,lower,-0.1275000000000004,-0.04187500000000011
2026-08-16 18:14:40.034,2.841,lower,0.06125000000000047,0.0
2026-08-16 18:14:40.044,2.851,lower,-0.010000000000000009,-0.0031249999999993783
2026-08-16 18:14:40.054,2.861,lower,-0.043124999999999414,-0.026874999999999538
2026-08-16 18:14:40.064,2.871,lower,0.08187500000000014,0.008749999999999591
2026-08-16 18:14:40.074,2.881,lower,-0.1287499999999997,-0.043124999999999414
2026-08-16 18:14:40.084,2.891,lower,0.053750000000000187,0.0024999999999997247
2026-08-16 18:14:40.094,2.901,lower,0.013125000000000497,-0.010624999999999662
2026-08-16 18:14:40.104,2.911,lower,-0.014374999999999805,-0.03624999999999989
2026-08-16 18:14:40.114,2.921,lower,0.07874999999999965,0.010624999999999662
2026-08-16 18:14:40.124,2.931,lower,-0.12937499999999935,-0.044999999999999485
2026-08-16 18:14:40.134,2.941,lower,0.06249999999999978,-0.003750000000000142
2026-08-16 18:14:40.144,2.951,lower,-0.016249999999999876,-0.01187500000000008
2026-08-16 18:14:40.154,2.961,lower,-0.03624999999999989,-0.03687499999999955
2026-08-16 18:14:40.164,2.971,lower,0.078125,0.003750000000000142
2026-08-16 18:14:40.174,2.981,lower,-0.12937499999999935,-0.04750000000000032
2026-08-16 18:14:40.184,2.991,lower,0.058749999999999636,-0.00687499999999952
2026-08-16 18:14:40.194,3.001,lower,0.007500000000000284,-0.013124999999999387
2026-08-16 18:14:40.204,3.011,lower,-0.013750000000000151,-0.031249999999999334
2026-08-16 18:14:40.214,3.021,lower,0.07874999999999965,0.003750000000000142
2026-08-16 18:14:40.224,3.031,lower,-0.13000000000000012,-0.046874999999999556
2026-08-16 18:14:40.234,3.041,lower,0.06624999999999992,-0.0006249999999996536
2026-08-16 18:14:40.244,3.051,lower,-0.02187500000000009,-0.00687499999999952
2026-08-16 18:14:40.254,3.061,lower,-0.030000000000000027,-0.02874999999999961
2026-08-16 18:14:40.264,3.071,lower,0.07874999999999965,0.009375000000000355
2026-08-16 18:14:40.274,3.081,lower,-0.12562500000000032,-0.04375000000000018
2026-08-16 18:14:40.284,3.091,lower,0.06125000000000047,-0.0024999999999997247
2026-08-16 18:14:40.294,3.101,lower,-0.004999999999999449,-0.006249999999999867
2026-08-16 18:14:40.304,3.111,lower,-0.0012500000000004174,-0.03062499999999968
2026-08-16 18:14:40.314,3.121,lower,0.07750000000000035,0.009375000000000355
2026-08-16 18:14:40.324,3.131,lower,-0.13124999999999942,-0.043124999999999414
2026-08-16 18:14:40.334,3.141,lower,0.04937500000000039,0.0
2026-08-16 18:14:40.344,3.151,lower,-0.03062499999999968,-0.007500000000000284
2026-08-16 18:14:40.354,3.161,lower,-0.02562500000000023,-0.040000000000000036
2026-08-16 18:14:40.364,3.171,lower,0.07750000000000035,0.009375000000000355
2026-08-16 18:14:40.374,3.181,lower,-0.1243749999999999,-0.04874999999999963
2026-08-16 18:14:40.384,3.191,lower,0.058749999999999636,-0.011249999999999316
2026-08-16 18:14:40.394,3.201,lower,-0.00687499999999952,-0.011249999999999316
2026-08-16 18:14:40.404,3.211,lower,-0.04750000000000032,-0.03750000000000031
2026-08-16 18:14:40.414,3.221,lower,0.0737500000000002,0.006875000000000631
2026-08-16 18:14:40.424,3.231,lower,-0.1318750000000002,-0.0462499999999999
2026-08-16 18:14:40.434,3.241,lower,0.05437499999999984,-0.003750000000000142
2026-08-16 18:14:40.444,3.251,lower,-0.03687499999999955,-0.01687499999999953
2026-08-16 18:14:40.454,3.261,lower,-0.016249999999999876,-0.030000000000000027
2026-08-16 18:14:40.464,3.271,lower,0.07937500000000042,0.0050000000000005596
2026-08-16 18:14:40.474,3.281,lower,-0.12249999999999983,-0.044999999999999485
2026-08-16 18:14:40.484,3.291,lower,0.06062499999999971,-0.001875000000000071
2026-08-16 18:14:40.494,3.301,lower,-0.01187500000000008,-0.005625000000000213
2026-08-16 18:14:40.504,3.311,lower,-0.04249999999999976,-0.029375000000000373
2026-08-16 18:14:40.514,3.321,lower,0.07249999999999979,0.007500000000000284
2026-08-16 18:14:40.524,3.331,lower,-0.13124999999999942,-0.043124999999999414
2026-08-16 18:14:40.534,3.341,lower,0.05437499999999984,0.0
2026-08-16 18:14:40.544,3.351,lower,-0.04750000000000032,-0.008749999999999591
2026-08-16 18:14:40.554,3.361,lower,-0.012499999999999734,-0.024374999999999813
2026-08-16 18:14:40.564,3.371,lower,0.07874999999999965,0.0024999999999997247
2026-08-16 18:14:40.574,3.381,lower,-0.1287499999999997,-0.043124999999999414
2026-08-16 18:14:40.584,3.391,lower,0.06500000000000061,0.001875000000000071
2026-08-16 18:14:40.594,3.401,lower,-0.02187500000000009,-0.013124999999999387
2026-08-16 18:14:40.604,3.411,lower,-0.03437499999999982,-0.034999999999999476
2026-08-16 18:14:40.614,3.421,lower,0.07312500000000055,0.010624999999999662
2026-08-16 18:14:40.624,3.431,lower,-0.1287499999999997,-0.044999999999999485
2026-08-16 18:14:40.634,3.441,lower,0.05750000000000033,0.003750000000000142
2026-08-16 18:14:40.644,3.451,lower,-0.0006249999999996536,-0.011249999999999316
2026-08-16 18:14:40.654,3.461,lower,-0.0031249999999993783,-0.03375000000000017
2026-08-16 18:14:40.664,3.471,lower,0.07937500000000042,0.005625000000000213
2026-08-16 18:14:40.674,3.481,lower,-0.13000000000000012,-0.046874999999999556
2026-08-16 18:14:40.684,3.491,lower,0.06500000000000061,-0.005625000000000213
2026-08-16 18:14:40.694,3.501,lower,-0.029375000000000373,-0.015625000000000222
2026-08-16 18:14:40.704,3.511,lower,-0.026874999999999538,-0.03249999999999975
2026-08-16 18:14:40.714,3.521,lower,0.07750000000000035,0.006875000000000631
2026-08-16 18:14:40.724,3.531,lower,-0.12812500000000004,-0.04874999999999963
2026-08-16 18:14:40.734,3.541,lower,0.06062499999999971,-0.008124999999999938
2026-08-16 18:14:40.744,3.551,lower,-0.004374999999999796,-0.007500000000000284
2026-08-16 18:14:40.754,3.561,lower,0.0012500000000004174,-0.026874999999999538
2026-08-16 18:14:40.764,3.571,lower,0.07937500000000042,0.0050000000000005596
2026-08-16 18:14:40.774,3.581,lower,-0.13124999999999942,-0.04812499999999997
2026-08-16 18:14:40.784,3.591,lower,0.06624999999999992,0.0
2026-08-16 18:14:40.794,3.601,lower,-0.034999999999999476,-0.009375000000000355
2026-08-16 18:14:40.804,3.611,lower,-0.01687499999999953,-0.022499999999999742
2026-08-16 18:14:40.814,3.621,lower,0.07624999999999993,0.007500000000000284
2026-08-16 18:14:40.824,3.631,lower,-0.12562500000000032,-0.050000000000000044
2026-08-16 18:14:40.834,3.641,lower,0.0637500000000002,0.001875000000000071
2026-08-16 18:14:40.844,3.651,lower,-0.01187500000000008,-0.014999999999999458
2026-08-16 18:14:40.854,3.661,lower,0.005625000000000213,-0.03874999999999962
2026-08-16 18:14:40.864,3.671,lower,0.07624999999999993,0.006875000000000631
2026-08-16 18:14:40.874,3.681,lower,-0.12624999999999997,-0.04249999999999976
2026-08-16 18:14:40.884,3.691,lower,0.053750000000000187,0.003750000000000142
2026-08-16 18:14:40.894,3.701,lower,-0.04187500000000011,-0.013750000000000151
2026-08-16 18:14:40.904,3.711,lower,-0.008749999999999591,-0.03062499999999968
2026-08-16 18:14:40.914,3.721,lower,0.08062499999999972,0.008124999999999938
2026-08-16 18:14:40.924,3.731,lower,-0.12124999999999941,-0.04375000000000018
2026-08-16 18:14:40.934,3.741,lower,0.06812499999999999,-0.001875000000000071
2026-08-16 18:14:40.944,3.751,lower,-0.020000000000000018,-0.013124999999999387
2026-08-16 18:14:40.954,3.761,lower,-0.038124999999999964,-0.033124999999999405
2026-08-16 18:14:40.964,3.771,lower,0.07562500000000028,0.004374999999999796
2026-08-16 18:14:40.974,3.781,lower,-0.12937499999999935,-0.0462499999999999
2026-08-16 18:14:40.984,3.791,lower,0.056875000000000675,-0.004999999999999449
2026-08-16 18:14:40.994,3.801,lower,-0.05124999999999935,-0.009375000000000355
2026-08-16 18:14:41.004,3.811,lower,-0.004999999999999449,-0.02874999999999961
2026-08-16 18:14:41.014,3.821,lower,0.07750000000000035,0.004374999999999796
2026-08-16 18:14:41.024,3.831,lower,-0.13562500000000033,-0.044999999999999485
2026-08-16 18:14:41.034,3.841,lower,0.06437499999999985,0.0006249999999996536
2026-08-16 18:14:41.044,3.851,lower,-0.024999999999999467,-0.008749999999999591
2026-08-16 18:14:41.054,3.861,lower,-0.033124999999999405,-0.02375000000000016
2026-08-16 18:14:41.064,3.871,lower,0.07687499999999958,0.009375000000000355
2026-08-16 18:14:41.074,3.881,lower,-0.12562500000000032,-0.04437499999999983
2026-08-16 18:14:41.084,3.891,lower,0.06000000000000005,0.0050000000000005596
2026-08-16 18:14:41.094,3.901,lower,-0.056874999999999565,-0.012499999999999734
2026-08-16 18:14:41.104,3.911,lower,0.001875000000000071,-0.034999999999999476
2026-08-16 18:14:41.114,3.921,lower,0.07624999999999993,0.010000000000000009
2026-08-16 18:14:41.124,3.931,lower,-0.13124999999999942,-0.046874999999999556
2026-08-16 18:14:41.134,3.941,lower,0.06874999999999964,0.0024999999999997247
2026-08-16 18:14:41.144,3.951,lower,-0.03437499999999982,-0.012499999999999734
2026-08-16 18:14:41.154,3.961,lower,-0.021249999999999325,-0.029375000000000373
2026-08-16 18:14:41.164,3.971,lower,0.07125000000000048,0.007500000000000284
2026-08-16 18:14:41.174,3.981,lower,-0.12562500000000032,-0.04562500000000025
2026-08-16 18:14:41.184,3.991,lower,0.06249999999999978,-0.001875000000000071
2026-08-16 18:14:41.194,4.001,lower,-0.013124999999999387,-0.016249999999999876
2026-08-16 18:14:41.204,4.011,lower,0.004374999999999796,-0.027500000000000302
2026-08-16 18:14:41.214,4.021,lower,0.07437499999999986,0.0050000000000005596
2026-08-16 18:14:41.224,4.031,lower,-0.13249999999999984,-0.044999999999999485
2026-08-16 18:14:41.234,4.041,lower,0.06812499999999999,-0.004999999999999449
2026-08-16 18:14:41.244,4.051,lower,-0.043124999999999414,-0.019375000000000364
2026-08-16 18:14:41.254,4.061,lower,-0.013124999999999387,-0.024999999999999467
2026-08-16 18:14:41.264,4.071,lower,0.0737500000000002,0.006249999999999867
2026-08-16 18:14:41.274,4.081,lower,-0.12124999999999941,-0.04937500000000039
2026-08-16 18:14:41.284,4.091,lower,0.06500000000000061,0.004374999999999796
2026-08-16 18:14:41.294,4.101,lower,-0.0187499999999996,-0.008749999999999591
2026-08-16 18:14:41.304,4.111,lower,0.008749999999999591,-0.023124999999999396
2026-08-16 18:14:41.314,4.121,lower,0.07562500000000028,0.011250000000000426
2026-08-16 18:14:41.324,4.131,lower,-0.13062499999999977,-0.04937500000000039
2026-08-16 18:14:41.334,4.141,lower,0.07187500000000013,0.0050000000000005596
2026-08-16 18:14:41.344,4.151,lower,-0.04937500000000039,-0.014374999999999805
2026-08-16 18:14:41.354,4.161,lower,-0.010000000000000009,-0.021249999999999325
2026-08-16 18:14:41.364,4.171,lower,0.07437499999999986,0.008749999999999591
2026-08-16 18:14:41.374,4.181,lower,-0.12062499999999976,-0.04750000000000032
2026-08-16 18:14:41.384,4.191,lower,0.06249999999999978,0.003750000000000142
2026-08-16 18:14:41.394,4.201,lower,-0.02375000000000016,-0.014999999999999458
2026-08-16 18:14:41.404,4.211,lower,0.013125000000000497,-0.03062499999999968
2026-08-16 18:14:41.414,4.221,lower,0.07500000000000062,0.007500000000000284
2026-08-16 18:14:41.424,4.231,lower,-0.12812500000000004,-0.044999999999999485
2026-08-16 18:14:41.434,4.241,lower,0.05437499999999984,-0.003750000000000142
2026-08-16 18:14:41.444,4.251,lower,-0.05750000000000033,-0.013750000000000151
2026-08-16 18:14:41.454,4.261,lower,-0.003750000000000142,-0.030000000000000027
2026-08-16 18:14:41.464,4.271,lower,0.0737500000000002,0.001875000000000071
2026-08-16 18:14:41.474,4.281,lower,-0.12312499999999948,-0.04937500000000039
2026-08-16 18:14:41.484,4.291,lower,0.06624999999999992,-0.005625000000000213
2026-08-16 18:14:41.494,4.301,lower,-0.03375000000000017,-0.020000000000000018
2026-08-16 18:14:41.504,4.311,lower,-0.029375000000000373,-0.02375000000000016
2026-08-16 18:14:41.514,4.321,lower,0.07249999999999979,0.006875000000000631
2026-08-16 18:14:41.524,4.331,lower,-0.1275000000000004,-0.04437499999999983
2026-08-16 18:14:41.534,4.341,lower,0.06000000000000005,0.001875000000000071
2026-08-16 18:14:41.544,4.351,lower,-0.06437499999999985,-0.009375000000000355
2026-08-16 18:14:41.554,4.361,lower,0.0031250000000004885,-0.02187500000000009
2026-08-16 18:14:41.564,4.371,lower,0.07624999999999993,0.011250000000000426
2026-08-16 18:14:41.574,4.381,lower,-0.11812500000000004,-0.0462499999999999
2026-08-16 18:14:41.584,4.391,lower,0.06937500000000041,-0.0024999999999997247
2026-08-16 18:14:41.594,4.401,lower,-0.040000000000000036,-0.013124999999999387
2026-08-16 18:14:41.604,4.411,lower,-0.019375000000000364,-0.014999999999999458
2026-08-16 18:14:41.614,4.421,lower,0.07125000000000048,0.005625000000000213
2026-08-16 18:14:41.624,4.431,lower,-0.12687499999999963,-0.04937500000000039
2026-08-16 18:14:41.634,4.441,lower,0.058749999999999636,0.0024999999999997247
2026-08-16 18:14:41.644,4.451,lower,-0.02187500000000009,-0.016249999999999876
2026-08-16 18:14:41.654,4.461,lower,0.005625000000000213,-0.03562500000000024
2026-08-16 18:14:41.664,4.471,lower,0.07500000000000062,0.006875000000000631
2026-08-16 18:14:41.674,4.481,lower,-0.1387499999999997,-0.05249999999999977
2026-08-16 18:14:41.684,4.491,lower,0.06687500000000068,-0.003750000000000142
2026-08-16 18:14:41.694,4.501,lower,-0.05437499999999984,-0.02562500000000023
2026-08-16 18:14:41.704,4.511,lower,-0.014374999999999805,-0.028124999999999956
2026-08-16 18:14:41.714,4.521,lower,0.07187500000000013,0.0031250000000004885
2026-08-16 18:14:41.724,4.531,lower,-0.12375000000000025,-0.04874999999999963
2026-08-16 18:14:41.734,4.541,lower,0.0637500000000002,0.0
2026-08-16 18:14:41.744,4.551,lower,-0.024374999999999813,-0.02375000000000016
2026-08-16 18:14:41.754,4.561,lower,0.014374999999999805,-0.02375000000000016
2026-08-16 18:14:41.764,4.571,lower,0.07312500000000055,0.006249999999999867
2026-08-16 18:14:41.774,4.581,lower,-0.13499999999999956,-0.0506249999999997
2026-08-16 18:14:41.784,4.591,lower,0.0737500000000002,-0.001875000000000071
2026-08-16 18:14:41.794,4.601,lower,-0.054999999999999494,-0.011249999999999316
2026-08-16 18:14:41.804,4.611,lower,-0.008749999999999591,-0.0187499999999996
2026-08-16 18:14:41.814,4.621,lower,0.07562500000000028,0.008749999999999591
2026-08-16 18:14:41.824,4.631,lower,-0.12187500000000018,-0.0462499999999999
2026-08-16 18:14:41.834,4.641,lower,0.06500000000000061,0.005625000000000213
2026-08-16 18:14:41.844,4.651,lower,-0.03062499999999968,-0.015625000000000222
2026-08-16 18:14:41.854,4.661,lower,0.015625000000000222,-0.020000000000000018
2026-08-16 18:14:41.864,4.671,lower,0.06812499999999999,0.006875000000000631
2026-08-16 18:14:41.874,4.681,lower,-0.13249999999999984,-0.04812499999999997
2026-08-16 18:14:41.884,4.691,lower,0.05750000000000033,0.0024999999999997247
2026-08-16 18:14:41.894,4.701,lower,-0.06312499999999943,-0.017500000000000293
2026-08-16 18:14:41.904,4.711,lower,-0.0006249999999996536,-0.03437499999999982
2026-08-16 18:14:41.914,4.721,lower,0.0737500000000002,0.007500000000000284
2026-08-16 18:14:41.924,4.731,lower,-0.11687499999999962,-0.0506249999999997
2026-08-16 18:14:41.934,4.741,lower,0.06562500000000027,-0.001875000000000071
2026-08-16 18:14:41.944,4.751,lower,-0.03937500000000038,-0.0187499999999996
2026-08-16 18:14:41.954,4.761,lower,0.02187500000000009,-0.026874999999999538
2026-08-16 18:14:41.964,4.771,lower,0.07249999999999979,0.005625000000000213
2026-08-16 18:14:41.974,4.781,lower,-0.12624999999999997,-0.046874999999999556
2026-08-16 18:14:41.984,4.791,lower,0.0593750000000004,-0.004374999999999796
2026-08-16 18:14:41.994,4.801,lower,-0.07124999999999937,-0.020000000000000018
2026-08-16 18:14:42.004,4.811,lower,0.0024999999999997247,-0.024999999999999467
2026-08-16 18:14:42.014,4.821,lower,0.07562500000000028,0.004374999999999796
2026-08-16 18:14:42.024,4.831,lower,-0.11375000000000024,-0.04249999999999976
2026-08-16 18:14:42.034,4.841,lower,0.06562500000000027,0.0006249999999996536
2026-08-16 18:14:42.044,4.851,lower,-0.0462499999999999,-0.009375000000000355
2026-08-16 18:14:42.054,4.861,lower,-0.013124999999999387,-0.018124999999999947
2026-08-16 18:14:42.064,4.871,lower,0.07249999999999979,0.006249999999999867
2026-08-16 18:14:42.074,4.881,lower,-0.12562500000000032,-0.043124999999999414
2026-08-16 18:14:42.084,4.891,lower,0.06500000000000061,0.0031250000000004885
2026-08-16 18:14:42.094,4.901,lower,-0.07562500000000028,-0.016249999999999876
2026-08-16 18:14:42.104,4.911,lower,0.010000000000000009,-0.01687499999999953
2026-08-16 18:14:42.114,4.921,lower,0.07500000000000062,0.011250000000000426
2026-08-16 18:14:42.124,4.931,lower,-0.13249999999999984,-0.04562500000000025
2026-08-16 18:14:42.134,4.941,lower,0.06937500000000041,0.003750000000000142
2026-08-16 18:14:42.144,4.951,lower,-0.051875000000000115,-0.015625000000000222
2026-08-16 18:14:42.154,4.961,lower,-0.004374999999999796,-0.026874999999999538
2026-08-16 18:14:42.164,4.971,lower,0.0737500000000002,0.008749999999999591
2026-08-16 18:14:42.174,4.981,lower,-0.12312499999999948,-0.04375000000000018
2026-08-16 18:14:42.184,4.991,lower,0.06874999999999964,0.005625000000000213
2026-08-16 18:14:42.194,5.001,lower,-0.08000000000000007,-0.015625000000000222
2026-08-16 18:14:42.204,5.011,lower,0.015625000000000222,-0.027500000000000302
2026-08-16 18:14:42.214,5.021,lower,0.07312500000000055,0.004374999999999796
2026-08-16 18:14:42.224,5.031,lower,-0.13000000000000012,-0.04750000000000032
2026-08-16 18:14:42.234,5.041,lower,0.07437499999999986,-0.005625000000000213
2026-08-16 18:14:42.244,5.051,lower,-0.0637500000000002,-0.02375000000000016
2026-08-16 18:14:42.254,5.061,lower,-0.0006249999999996536,-0.02187500000000009
2026-08-16 18:14:42.264,5.071,lower,0.07062499999999972,0.007500000000000284
2026-08-16 18:14:42.274,5.081,lower,-0.11562500000000031,-0.04187500000000011
2026-08-16 18:14:42.284,5.091,lower,0.07000000000000006,0.0050000000000005596
2026-08-16 18:14:42.294,5.101,lower,-0.03062499999999968,-0.014374999999999805
2026-08-16 18:14:42.304,5.111,lower,0.0187499999999996,-0.017500000000000293
2026-08-16 18:14:42.314,5.121,lower,0.07437499999999986,0.010624999999999662
2026-08-16 18:14:42.324,5.131,lower,-0.12375000000000025,-0.044999999999999485
2026-08-16 18:14:42.334,5.141,lower,0.07624999999999993,0.0024999999999997247
2026-08-16 18:14:42.344,5.151,lower,-0.06750000000000034,-0.012499999999999734
2026-08-16 18:14:42.354,5.161,lower,0.004374999999999796,-0.0187499999999996
2026-08-16 18:14:42.364,5.171,lower,0.078125,0.008124999999999938
2026-08-16 18:14:42.374,5.181,lower,-0.11375000000000024,-0.04874999999999963
2026-08-16 18:14:42.384,5.191,lower,0.06812499999999999,0.003750000000000142
2026-08-16 18:14:42.394,5.201,lower,-0.040000000000000036,-0.01687499999999953
2026-08-16 18:14:42.404,5.211,lower,0.02375000000000016,-0.03062499999999968
2026-08-16 18:14:42.414,5.221,lower,0.07062499999999972,0.007500000000000284
2026-08-16 18:14:42.424,5.231,lower,-0.12499999999999956,-0.044999999999999485
2026-08-16 18:14:42.434,5.241,lower,0.0737500000000002,0.006875000000000631
2026-08-16 18:14:42.444,5.251,lower,-0.07562500000000028,-0.018124999999999947
2026-08-16 18:14:42.454,5.261,lower,0.006875000000000631,-0.026249999999999885
2026-08-16 18:14:42.464,5.271,lower,0.07562500000000028,0.004374999999999796
2026-08-16 18:14:42.474,5.281,lower,-0.11499999999999955,-0.04750000000000032
2026-08-16 18:14:42.484,5.291,lower,0.06500000000000061,-0.004374999999999796
2026-08-16 18:14:42.494,5.301,lower,-0.0506249999999997,-0.02375000000000016
2026-08-16 18:14:42.504,5.311,lower,0.025000000000000577,-0.02062499999999967
2026-08-16 18:14:42.514,5.321,lower,0.07000000000000006,0.006875000000000631
2026-08-16 18:14:42.524,5.331,lower,-0.12187500000000018,-0.04062499999999969
2026-08-16 18:14:42.534,5.341,lower,0.06687500000000068,0.0012500000000004174
2026-08-16 18:14:42.544,5.351,lower,-0.07937500000000042,-0.02562500000000023
2026-08-16 18:14:42.554,5.361,lower,0.011250000000000426,-0.019375000000000364
2026-08-16 18:14:42.564,5.371,lower,0.07687499999999958,0.008749999999999591
2026-08-16 18:14:42.574,5.381,lower,-0.10812500000000003,-0.044999999999999485
2026-08-16 18:14:42.584,5.391,lower,0.07312500000000055,0.0012500000000004174
2026-08-16 18:14:42.594,5.401,lower,-0.051875000000000115,-0.014999999999999458
2026-08-16 18:14:42.604,5.411,lower,-0.0024999999999997247,-0.01687499999999953
2026-08-16 18:14:42.614,5.421,lower,0.07062499999999972,0.008749999999999591
2026-08-16 18:14:42.624,5.431,lower,-0.11624999999999996,-0.04437499999999983
2026-08-16 18:14:42.634,5.441,lower,0.07062499999999972,0.004374999999999796
2026-08-16 18:14:42.644,5.451,lower,-0.08937500000000043,-0.017500000000000293
2026-08-16 18:14:42.654,5.461,lower,0.019375000000000364,-0.013750000000000151
2026-08-16 18:14:42.664,5.471,lower,0.0737500000000002,0.0050000000000005596
2026-08-16 18:14:42.674,5.481,lower,-0.09874999999999967,-0.04750000000000032
2026-08-16 18:14:42.684,5.491,lower,0.07687499999999958,0.007500000000000284
2026-08-16 18:14:42.694,5.501,lower,-0.06312499999999943,-0.02187500000000009
2026-08-16 18:14:42.704,5.511,lower,0.0006249999999996536,-0.02562500000000023
2026-08-16 18:14:42.714,5.521,lower,0.06687500000000068,0.006249999999999867
2026-08-16 18:14:42.724,5.531,lower,-0.11812500000000004,-0.04562500000000025
2026-08-16 18:14:42.734,5.541,lower,0.06687500000000068,-0.0006249999999996536
2026-08-16 18:14:42.744,5.551,lower,-0.09437499999999988,-0.026249999999999885
2026-08-16 18:14:42.754,5.561,lower,0.016249999999999876,-0.02187500000000009
2026-08-16 18:14:42.764,5.571,lower,0.07187500000000013,0.006875000000000631
2026-08-16 18:14:42.774,5.581,lower,-0.12937499999999935,-0.04562500000000025
2026-08-16 18:14:42.784,5.591,lower,0.07000000000000006,0.004374999999999796
2026-08-16 18:14:42.794,5.601,lower,-0.07437499999999986,-0.02874999999999961
2026-08-16 18:14:42.804,5.611,lower,0.005625000000000213,-0.021249999999999325
2026-08-16 18:14:42.814,5.621,lower,0.0637500000000002,0.006249999999999867
2026-08-16 18:14:42.824,5.631,lower,-0.11750000000000038,-0.04249999999999976
2026-08-16 18:14:42.834,5.641,lower,0.06624999999999992,-0.0024999999999997247
2026-08-16 18:14:42.844,5.651,lower,-0.04937500000000039,-0.016249999999999876
2026-08-16 18:14:42.854,5.661,lower,0.021250000000000435,-0.015625000000000222
2026-08-16 18:14:42.864,5.671,lower,0.06937500000000041,0.006875000000000631
2026-08-16 18:14:42.874,5.681,lower,-0.12375000000000025,-0.04812499999999997
2026-08-16 18:14:42.884,5.691,lower,0.0737500000000002,0.0050000000000005596
2026-08-16 18:14:42.894,5.701,lower,-0.07874999999999965,-0.02187500000000009
2026-08-16 18:14:42.904,5.711,lower,0.006875000000000631,-0.016249999999999876
2026-08-16 18:14:42.914,5.721,lower,0.058749999999999636,0.007500000000000284
2026-08-16 18:14:42.924,5.731,lower,-0.11562500000000031,-0.046874999999999556
2026-08-16 18:14:42.934,5.741,lower,0.06812499999999999,0.004374999999999796
2026-08-16 18:14:42.944,5.751,lower,-0.053750000000000187,-0.02062499999999967
2026-08-16 18:14:42.954,5.761,lower,0.02375000000000016,-0.026249999999999885
2026-08-16 18:14:42.964,5.771,lower,0.06500000000000061,0.0
2026-08-16 18:14:42.974,5.781,lower,-0.1243749999999999,-0.046874999999999556
2026-08-16 18:14:42.984,5.791,lower,0.07624999999999993,-0.003750000000000142
2026-08-16 18:14:42.994,5.801,lower,-0.08687499999999959,-0.026249999999999885
2026-08-16 18:14:43.004,5.811,lower,0.008749999999999591,-0.022499999999999742
2026-08-16 18:14:43.014,5.821,lower,0.07500000000000062,0.0031250000000004885
2026-08-16 18:14:43.024,5.831,lower,-0.1100000000000001,-0.046874999999999556
2026-08-16 18:14:43.034,5.841,lower,0.07187500000000013,-0.0012500000000004174
2026-08-16 18:14:43.044,5.851,lower,-0.06124999999999936,-0.029375000000000373
2026-08-16 18:14:43.054,5.861,lower,0.028124999999999956,-0.02375000000000016
2026-08-16 18:14:43.064,5.871,lower,0.06624999999999992,0.005625000000000213
2026-08-16 18:14:43.074,5.881,lower,-0.12124999999999941,-0.046874999999999556
2026-08-16 18:14:43.084,5.891,lower,0.0637500000000002,0.0012500000000004174
2026-08-16 18:14:43.094,5.901,lower,-0.09437499999999988,-0.0187499999999996
2026-08-16 18:14:43.104,5.911,lower,0.015000000000000568,-0.0187499999999996
2026-08-16 18:14:43.114,5.921,lower,0.07062499999999972,0.008749999999999591
2026-08-16 18:14:43.124,5.931,lower,-0.10687499999999961,-0.043124999999999414
2026-08-16 18:14:43.134,5.941,lower,0.07125000000000048,0.0024999999999997247
2026-08-16 18:14:43.144,5.951,lower,-0.06750000000000034,-0.018124999999999947
2026-08-16 18:14:43.154,5.961,lower,-0.0006249999999996536,-0.01187500000000008
2026-08-16 18:14:43.164,5.971,lower,0.06500000000000061,0.008124999999999938
2026-08-16 18:14:43.174,5.981,lower,-0.11687499999999962,-0.04750000000000032
2026-08-16 18:14:43.184,5.991,lower,0.06937500000000041,0.008124999999999938
2026-08-16 18:14:43.194,6.001,lower,-0.09750000000000036,-0.023124999999999396
2026-08-16 18:14:43.204,6.011,lower,0.017500000000000293,-0.024999999999999467
2026-08-16 18:14:43.214,6.021,lower,0.07249999999999979,0.0050000000000005596
2026-08-16 18:14:43.224,6.031,lower,-0.10000000000000009,-0.04750000000000032
2026-08-16 18:14:43.234,6.041,lower,0.07125000000000048,0.005625000000000213
2026-08-16 18:14:43.244,6.051,lower,-0.07937500000000042,-0.030000000000000027
2026-08-16 18:14:43.254,6.061,lower,0.0031250000000004885,-0.021249999999999325
2026-08-16 18:14:43.264,6.071,lower,0.05812499999999998,0.004374999999999796
2026-08-16 18:14:43.274,6.081,lower,-0.11750000000000038,-0.05124999999999935
2026-08-16 18:14:43.284,6.091,lower,0.06812499999999999,0.0024999999999997247
2026-08-16 18:14:43.294,6.101,lower,-0.1112499999999994,-0.027500000000000302
2026-08-16 18:14:43.304,6.111,lower,0.01687500000000064,-0.017500000000000293
2026-08-16 18:14:43.314,6.121,lower,0.06624999999999992,0.0012500000000004174
2026-08-16 18:14:43.324,6.131,lower,-0.13124999999999942,-0.04562500000000025
2026-08-16 18:14:43.334,6.141,lower,0.06750000000000034,0.0031250000000004885
2026-08-16 18:14:43.344,6.151,lower,-0.09000000000000008,-0.0187499999999996
2026-08-16 18:14:43.354,6.161,lower,0.001875000000000071,-0.016249999999999876
2026-08-16 18:14:43.364,6.171,lower,0.04812499999999997,0.005625000000000213
2026-08-16 18:14:43.374,6.181,lower,-0.11874999999999969,-0.04437499999999983
2026-08-16 18:14:43.384,6.191,lower,0.061875000000000124,0.004374999999999796
2026-08-16 18:14:43.394,6.201,lower,-0.07000000000000006,-0.02562500000000023
2026-08-16 18:14:43.404,6.211,lower,0.015625000000000222,-0.01687499999999953
2026-08-16 18:14:43.414,6.221,lower,0.05812499999999998,0.006249999999999867
2026-08-16 18:14:43.424,6.231,lower,-0.13499999999999956,-0.0506249999999997
2026-08-16 18:14:43.434,6.241,lower,0.05624999999999991,0.0024999999999997247
2026-08-16 18:14:43.444,6.251,lower,-0.10750000000000037,-0.030000000000000027
2026-08-16 18:14:43.454,6.261,lower,-0.006249999999999867,-0.030000000000000027
2026-08-16 18:14:43.464,6.271,lower,0.027500000000000302,-0.005625000000000213
2026-08-16 18:14:43.474,6.281,lower,-0.13937499999999936,-0.05312499999999942
2026-08-16 18:14:43.484,6.291,lower,0.03937500000000038,-0.010624999999999662
2026-08-16 18:14:43.494,6.301,lower,-0.09624999999999995,-0.033124999999999405
2026-08-16 18:14:43.504,6.311,lower,-0.004374999999999796,-0.028124999999999956
2026-08-16 18:14:43.514,6.321,lower,0.03249999999999975,-0.0012500000000004174
2026-08-16 18:14:43.524,6.331,lower,-0.15000000000000013,-0.046874999999999556
2026-08-16 18:14:43.534,6.341,lower,0.043125000000000524,-0.010000000000000009
2026-08-16 18:14:43.544,6.351,lower,-0.1287499999999997,-0.03375000000000017
2026-08-16 18:14:43.554,6.361,lower,-0.010000000000000009,-0.02375000000000016
2026-08-16 18:14:43.564,6.371,lower,0.03874999999999962,-0.004374999999999796
2026-08-16 18:14:43.574,6.381,lower,-0.1318750000000002,-0.04750000000000032
2026-08-16 18:14:43.584,6.391,lower,0.0462499999999999,-0.0012500000000004174
2026-08-16 18:14:43.594,6.401,lower,-0.09937499999999932,-0.038124999999999964
2026-08-16 18:14:43.604,6.411,lower,0.006875000000000631,-0.02062499999999967
2026-08-16 18:14:43.614,6.421,lower,0.03750000000000031,0.0006249999999996536
2026-08-16 18:14:43.624,6.431,lower,-0.13937499999999936,-0.051875000000000115
2026-08-16 18:14:43.634,6.441,lower,0.043125000000000524,-0.0006249999999996536
2026-08-16 18:14:43.644,6.451,lower,-0.12249999999999983,-0.02562500000000023
2026-08-16 18:14:43.654,6.461,lower,-0.0012500000000004174,-0.018124999999999947
2026-08-16 18:14:43.664,6.471,lower,0.051875000000000115,0.0012500000000004174
2026-08-16 18:14:43.674,6.481,lower,-0.1143749999999999,-0.05124999999999935
2026-08-16 18:14:43.684,6.491,lower,0.05624999999999991,0.001875000000000071
2026-08-16 18:14:43.694,6.501,lower,-0.09750000000000036,-0.030000000000000027
2026-08-16 18:14:43.704,6.511,lower,-0.009375000000000355,-0.026874999999999538
2026-08-16 18:14:43.714,6.521,lower,0.04562500000000025,0.001875000000000071
2026-08-16 18:14:43.724,6.531,lower,-0.12624999999999997,-0.050000000000000044
2026-08-16 18:14:43.734,6.541,lower,0.05812499999999998,0.003750000000000142
2026-08-16 18:14:43.744,6.551,lower,-0.12249999999999983,-0.030000000000000027
2026-08-16 18:14:43.754,6.561,lower,0.014374999999999805,-0.024374999999999813
2026-08-16 18:14:43.764,6.571,lower,0.06125000000000047,0.0031250000000004885
2026-08-16 18:14:43.774,6.581,lower,-0.09812500000000002,-0.046874999999999556
2026-08-16 18:14:43.784,6.591,lower,0.06562500000000027,0.0024999999999997247
2026-08-16 18:14:43.794,6.601,lower,-0.08937500000000043,-0.030000000000000027
2026-08-16 18:14:43.804,6.611,lower,0.006875000000000631,-0.02062499999999967
2026-08-16 18:14:43.814,6.621,lower,0.050000000000000044,0.0050000000000005596
2026-08-16 18:14:43.824,6.631,lower,-0.11499999999999955,-0.04562500000000025
2026-08-16 18:14:43.834,6.641,lower,0.07000000000000006,0.0012500000000004174
2026-08-16 18:14:43.844,6.651,lower,-0.11687499999999962,-0.0318750000000001
2026-08-16 18:14:43.854,6.661,lower,0.027500000000000302,-0.014999999999999458
2026-08-16 18:14:43.864,6.671,lower,0.06812499999999999,0.005625000000000213
2026-08-16 18:14:43.874,6.681,lower,-0.12375000000000025,-0.04562500000000025
2026-08-16 18:14:43.884,6.691,lower,0.07687499999999958,0.006249999999999867
2026-08-16 18:14:43.894,6.701,lower,-0.08937500000000043,-0.021249999999999325
2026-08-16 18:14:43.904,6.711,lower,0.015625000000000222,-0.01187500000000008
2026-08-16 18:14:43.914,6.721,lower,0.04937500000000039,0.0050000000000005596
2026-08-16 18:14:43.924,6.731,lower,-0.10375000000000023,-0.0506249999999997
2026-08-16 18:14:43.934,6.741,lower,0.07750000000000035,0.006249999999999867
2026-08-16 18:14:43.944,6.751,lower,-0.06937500000000041,-0.024374999999999813
2026-08-16 18:14:43.954,6.761,lower,0.03437499999999982,-0.014374999999999805
2026-08-16 18:14:43.964,6.771,lower,0.07000000000000006,0.003750000000000142
2026-08-16 18:14:43.974,6.781,lower,-0.11562500000000031,-0.046874999999999556
2026-08-16 18:14:43.984,6.791,lower,0.08062499999999972,0.0024999999999997247
2026-08-16 18:14:43.994,6.801,lower,-0.09499999999999953,-0.03375000000000017
2026-08-16 18:14:44.004,6.811,lower,0.020000000000000018,-0.021249999999999325
2026-08-16 18:14:44.014,6.821,lower,0.045000000000000595,0.004374999999999796
2026-08-16 18:14:44.024,6.831,lower,-0.09750000000000036,-0.044999999999999485
2026-08-16 18:14:44.034,6.841,lower,0.07750000000000035,0.0031250000000004885
2026-08-16 18:14:44.044,6.851,lower,-0.07000000000000006,-0.02874999999999961
2026-08-16 18:14:44.054,6.861,lower,0.040000000000000036,-0.019375000000000364
2026-08-16 18:14:44.064,6.871,lower,0.06750000000000034,0.0024999999999997247
2026-08-16 18:14:44.074,6.881,lower,-0.11062499999999975,-0.04375000000000018
2026-08-16 18:14:44.084,6.891,lower,0.08187500000000014,0.003750000000000142
2026-08-16 18:14:44.094,6.901,lower,-0.0968749999999996,-0.03375000000000017
2026-08-16 18:14:44.104,6.911,lower,0.03062499999999968,-0.013124999999999387
2026-08-16 18:14:44.114,6.921,lower,0.07562500000000028,0.006249999999999867
2026-08-16 18:14:44.124,6.931,lower,-0.08874999999999966,-0.040000000000000036
2026-08-16 18:14:44.134,6.941,lower,0.08562500000000028,0.008749999999999591
2026-08-16 18:14:44.144,6.951,lower,-0.07499999999999951,-0.0187499999999996
2026-08-16 18:14:44.154,6.961,lower,0.0462499999999999,-0.009375000000000355
2026-08-16 18:14:44.164,6.971,lower,0.06812499999999999,0.004374999999999796
2026-08-16 18:14:44.174,6.981,lower,-0.10874999999999968,-0.038124999999999964
2026-08-16 18:14:44.184,6.991,lower,0.07750000000000035,0.008749999999999591
2026-08-16 18:14:44.194,7.001,lower,-0.09874999999999967,-0.026874999999999538
2026-08-16 18:14:44.204,7.011,lower,0.0318750000000001,-0.01187500000000008
2026-08-16 18:14:44.214,7.021,lower,0.07312500000000055,0.0050000000000005596
2026-08-16 18:14:44.224,7.031,lower,-0.08499999999999952,-0.04562500000000025
2026-08-16 18:14:44.234,7.041,lower,0.08187500000000014,0.006249999999999867
2026-08-16 18:14:44.244,7.051,lower,-0.08124999999999938,-0.03062499999999968
2026-08-16 18:14:44.254,7.061,lower,0.04375000000000018,-0.018124999999999947
2026-08-16 18:14:44.264,7.071,lower,0.05624999999999991,0.0050000000000005596
2026-08-16 18:14:44.274,7.081,lower,-0.10249999999999981,-0.04062499999999969
2026-08-16 18:14:44.284,7.091,lower,0.07687499999999958,0.008749999999999591
2026-08-16 18:14:44.294,7.101,lower,-0.10812500000000003,-0.02874999999999961
2026-08-16 18:14:44.304,7.111,lower,0.03687500000000066,-0.018124999999999947
2026-08-16 18:14:44.314,7.121,lower,0.07437499999999986,0.0012500000000004174
2026-08-16 18:14:44.324,7.131,lower,-0.07750000000000035,-0.04124999999999934
2026-08-16 18:14:44.334,7.141,lower,0.08687499999999959,0.0012500000000004174
2026-08-16 18:14:44.344,7.151,lower,-0.08624999999999994,-0.031249999999999334
2026-08-16 18:14:44.354,7.161,lower,0.022499999999999742,-0.013124999999999387
2026-08-16 18:14:44.364,7.171,lower,0.05437499999999984,0.006249999999999867
2026-08-16 18:14:44.374,7.181,lower,-0.09624999999999995,-0.043124999999999414
2026-08-16 18:14:44.384,7.191,lower,0.07750000000000035,0.006875000000000631
2026-08-16 18:14:44.394,7.201,lower,-0.11249999999999982,-0.02062499999999967
2026-08-16 18:14:44.404,7.211,lower,0.04187500000000011,-0.008124999999999938
2026-08-16 18:14:44.414,7.221,lower,0.07500000000000062,0.007500000000000284
2026-08-16 18:14:44.424,7.231,lower,-0.11750000000000038,-0.03874999999999962
2026-08-16 18:14:44.434,7.241,lower,0.08687499999999959,0.008749999999999591
2026-08-16 18:14:44.444,7.251,lower,-0.09187500000000015,-0.02375000000000016
2026-08-16 18:14:44.454,7.261,lower,0.02687500000000065,-0.009375000000000355
2026-08-16 18:14:44.464,7.271,lower,0.04937500000000039,0.006249999999999867
2026-08-16 18:14:44.474,7.281,lower,-0.0924999999999998,-0.0462499999999999
2026-08-16 18:14:44.484,7.291,lower,0.078125,0.0024999999999997247
2026-08-16 18:14:44.494,7.301,lower,-0.11375000000000024,-0.031249999999999334
2026-08-16 18:14:44.504,7.311,lower,0.043125000000000524,-0.018124999999999947
2026-08-16 18:14:44.514,7.321,lower,0.06500000000000061,0.005625000000000213
2026-08-16 18:14:44.524,7.331,lower,-0.1100000000000001,-0.04124999999999934
2026-08-16 18:14:44.534,7.341,lower,0.08812500000000001,0.01187500000000008
2026-08-16 18:14:44.544,7.351,lower,-0.09750000000000036,-0.030000000000000027
2026-08-16 18:14:44.554,7.361,lower,0.033125000000000515,-0.017500000000000293
2026-08-16 18:14:44.564,7.371,lower,0.04187500000000011,0.004374999999999796
2026-08-16 18:14:44.574,7.381,lower,-0.08624999999999994,-0.043124999999999414
2026-08-16 18:14:44.584,7.391,lower,0.08500000000000063,0.004374999999999796
2026-08-16 18:14:44.594,7.401,lower,-0.07499999999999951,-0.033124999999999405
2026-08-16 18:14:44.604,7.411,lower,0.04437499999999983,-0.011249999999999316
2026-08-16 18:14:44.614,7.421,lower,0.06562500000000027,0.006249999999999867
2026-08-16 18:14:44.624,7.431,lower,-0.10375000000000023,-0.03937500000000038
2026-08-16 18:14:44.634,7.441,lower,0.08874999999999966,0.010624999999999662
2026-08-16 18:14:44.644,7.451,lower,-0.1012499999999994,-0.03750000000000031
2026-08-16 18:14:44.654,7.461,lower,0.03437499999999982,-0.007500000000000284
2026-08-16 18:14:44.664,7.471,lower,0.07437499999999986,0.008124999999999938
2026-08-16 18:14:44.674,7.481,lower,-0.07937500000000042,-0.04062499999999969
2026-08-16 18:14:44.684,7.491,lower,0.08937500000000043,0.008749999999999591
2026-08-16 18:14:44.694,7.501,lower,-0.08312499999999945,-0.02874999999999961
2026-08-16 18:14:44.704,7.511,lower,0.04437499999999983,-0.011249999999999316
2026-08-16 18:14:44.714,7.521,lower,0.06000000000000005,0.004374999999999796
2026-08-16 18:14:44.724,7.531,lower,-0.10062499999999974,-0.04437499999999983
2026-08-16 18:14:44.734,7.541,lower,0.08687499999999959,0.008124999999999938
2026-08-16 18:14:44.744,7.551,lower,-0.1100000000000001,-0.028124999999999956
2026-08-16 18:14:44.754,7.561,lower,0.03687500000000066,-0.007500000000000284
2026-08-16 18:14:44.764,7.571,lower,0.07500000000000062,0.003750000000000142
2026-08-16 18:14:44.774,7.581,lower,-0.07499999999999951,-0.04437499999999983
2026-08-16 18:14:44.784,7.591,lower,0.08687499999999959,0.013125000000000497
2026-08-16 18:14:44.794,7.601,lower,-0.08874999999999966,-0.0318750000000001
2026-08-16 18:14:44.804,7.611,lower,0.05437499999999984,-0.013750000000000151
2026-08-16 18:14:44.814,7.621,lower,0.05562500000000026,0.005625000000000213
2026-08-16 18:14:44.824,7.631,lower,-0.09437499999999988,-0.0462499999999999
2026-08-16 18:14:44.834,7.641,lower,0.078125,0.005625000000000213
2026-08-16 18:14:44.844,7.651,lower,-0.11312499999999948,-0.03562500000000024
2026-08-16 18:14:44.854,7.661,lower,0.04249999999999976,-0.009375000000000355
2026-08-16 18:14:44.864,7.671,lower,0.06812499999999999,0.003750000000000142
2026-08-16 18:14:44.874,7.681,lower,-0.06687499999999957,-0.04249999999999976
2026-08-16 18:14:44.884,7.691,lower,0.08624999999999994,0.008749999999999591
2026-08-16 18:14:44.894,7.701,lower,-0.0956250000000003,-0.03437499999999982
2026-08-16 18:14:44.904,7.711,lower,0.026249999999999885,-0.010624999999999662
2026-08-16 18:14:44.914,7.721,lower,0.04375000000000018,0.0031250000000004885
2026-08-16 18:14:44.924,7.731,lower,-0.09000000000000008,-0.04375000000000018
2026-08-16 18:14:44.934,7.741,lower,0.08062499999999972,0.006875000000000631
2026-08-16 18:14:44.944,7.751,lower,-0.11499999999999955,-0.02375000000000016
2026-08-16 18:14:44.954,7.761,lower,0.045000000000000595,-0.009375000000000355
2026-08-16 18:14:44.964,7.771,lower,0.06687500000000068,0.003750000000000142
2026-08-16 18:14:44.974,7.781,lower,-0.0637500000000002,-0.05124999999999935
2026-08-16 18:14:44.984,7.791,lower,0.08624999999999994,0.006875000000000631
2026-08-16 18:14:44.994,7.801,lower,-0.10312499999999947,-0.029375000000000373
2026-08-16 18:14:45.004,7.811,lower,0.02687500000000065,-0.008749999999999591
2026-08-16 18:14:45.014,7.821,lower,0.038124999999999964,-0.0006249999999996536
2026-08-16 18:14:45.024,7.831,lower,-0.08750000000000036,-0.04812499999999997
2026-08-16 18:14:45.034,7.841,lower,0.08125000000000049,0.006875000000000631
2026-08-16 18:14:45.044,7.851,lower,-0.12312499999999948,-0.03249999999999975
2026-08-16 18:14:45.054,7.861,lower,0.04375000000000018,-0.01687499999999953
2026-08-16 18:14:45.064,7.871,lower,0.06000000000000005,0.0050000000000005596
2026-08-16 18:14:45.074,7.881,lower,-0.10687499999999961,-0.043124999999999414
2026-08-16 18:14:45.084,7.891,lower,0.08500000000000063,0.006875000000000631
2026-08-16 18:14:45.094,7.901,lower,-0.11062499999999975,-0.03375000000000017
2026-08-16 18:14:45.104,7.911,lower,0.03249999999999975,-0.012499999999999734
2026-08-16 18:14:45.114,7.921,lower,0.031250000000000444,0.0012500000000004174
2026-08-16 18:14:45.124,7.931,lower,-0.08124999999999938,-0.043124999999999414
2026-08-16 18:14:45.134,7.941,lower,0.08125000000000049,0.003750000000000142
2026-08-16 18:14:45.144,7.951,lower,-0.08937500000000043,-0.03437499999999982
2026-08-16 18:14:45.154,7.961,lower,0.050000000000000044,-0.012499999999999734
2026-08-16 18:14:45.164,7.971,lower,0.056875000000000675,0.006875000000000631
2026-08-16 18:14:45.174,7.981,lower,-0.10187500000000016,-0.043124999999999414
2026-08-16 18:14:45.184,7.991,lower,0.08437499999999987,0.0050000000000005596
2026-08-16 18:14:45.194,8.001,lower,-0.1100000000000001,-0.029375000000000373
2026-08-16 18:14:45.204,8.011,lower,0.03249999999999975,-0.008749999999999591
2026-08-16 18:14:45.214,8.021,lower,0.020000000000000018,0.004374999999999796
2026-08-16 18:14:45.224,8.031,lower,-0.07437499999999986,-0.03937500000000038
2026-08-16 18:14:45.234,8.041,lower,0.08125000000000049,0.008124999999999938
2026-08-16 18:14:45.244,8.051,lower,-0.0956250000000003,-0.029375000000000373
2026-08-16 18:14:45.254,8.061,lower,0.04750000000000032,-0.007500000000000284
2026-08-16 18:14:45.264,8.071,lower,0.0462499999999999,0.0024999999999997247
2026-08-16 18:14:45.274,8.081,lower,-0.1012499999999994,-0.04375000000000018
2026-08-16 18:14:45.284,8.091,lower,0.08562500000000028,0.010624999999999662
2026-08-16 18:14:45.294,8.101,lower,-0.1200000000000001,-0.030000000000000027
2026-08-16 18:14:45.304,8.111,lower,0.03375000000000017,-0.013750000000000151
2026-08-16 18:14:45.314,8.121,lower,0.06562500000000027,0.0050000000000005596
2026-08-16 18:14:45.324,8.131,lower,-0.07000000000000006,-0.044999999999999485
2026-08-16 18:14:45.334,8.141,lower,0.08125000000000049,0.009375000000000355
2026-08-16 18:14:45.344,8.151,lower,-0.1012499999999994,-0.03687499999999955
2026-08-16 18:14:45.354,8.161,lower,0.05125000000000046,-0.016249999999999876
2026-08-16 18:14:45.364,8.171,lower,0.03750000000000031,0.0012500000000004174
2026-08-16 18:14:45.374,8.181,lower,-0.09499999999999953,-0.04062499999999969
2026-08-16 18:14:45.384,8.191,lower,0.0737500000000002,0.0050000000000005596
2026-08-16 18:14:45.394,8.201,lower,-0.12687499999999963,-0.03562500000000024
2026-08-16 18:14:45.404,8.211,lower,0.038124999999999964,-0.01187500000000008
2026-08-16 18:14:45.414,8.221,lower,0.06312500000000054,0.006249999999999867
2026-08-16 18:14:45.424,8.231,lower,-0.0649999999999995,-0.044999999999999485
2026-08-16 18:14:45.434,8.241,lower,0.08062499999999972,0.006249999999999867
2026-08-16 18:14:45.444,8.251,lower,-0.10750000000000037,-0.028124999999999956
2026-08-16 18:14:45.454,8.261,lower,0.02687500000000065,-0.008749999999999591
2026-08-16 18:14:45.464,8.271,lower,0.03062499999999968,0.001875000000000071
2026-08-16 18:14:45.474,8.281,lower,-0.09000000000000008,-0.03937500000000038
2026-08-16 18:14:45.484,8.291,lower,0.07750000000000035,0.003750000000000142
2026-08-16 18:14:45.494,8.301,lower,-0.1287499999999997,-0.030000000000000027
2026-08-16 18:14:45.504,8.311,lower,0.040000000000000036,-0.009375000000000355
2026-08-16 18:14:45.514,8.321,lower,0.056875000000000675,0.0050000000000005596
2026-08-16 18:14:45.524,8.331,lower,-0.058749999999999636,-0.04562500000000025
2026-08-16 18:14:45.534,8.341,lower,0.08187500000000014,0.009375000000000355
2026-08-16 18:14:45.544,8.351,lower,-0.11312499999999948,-0.030000000000000027
2026-08-16 18:14:45.554,8.361,lower,0.03062499999999968,-0.016249999999999876
2026-08-16 18:14:45.564,8.371,lower,0.02187500000000009,0.0024999999999997247
2026-08-16 18:14:45.574,8.381,lower,-0.08624999999999994,-0.04249999999999976
2026-08-16 18:14:45.584,8.391,lower,0.08062499999999972,0.008749999999999591
2026-08-16 18:14:45.594,8.401,lower,-0.1287499999999997,-0.03562500000000024
2026-08-16 18:14:45.604,8.411,lower,0.04375000000000018,-0.014374999999999805
2026-08-16 18:14:45.614,8.421,lower,0.04750000000000032,-0.0006249999999996536
2026-08-16 18:14:45.624,8.431,lower,-0.10499999999999954,-0.044999999999999485
2026-08-16 18:14:45.634,8.441,lower,0.08000000000000007,0.003750000000000142
2026-08-16 18:14:45.644,8.451,lower,-0.11937499999999934,-0.03562500000000024
2026-08-16 18:14:45.654,8.461,lower,0.03249999999999975,-0.010624999999999662
2026-08-16 18:14:45.664,8.471,lower,0.015000000000000568,0.001875000000000071
2026-08-16 18:14:45.674,8.481,lower,-0.0824999999999998,-0.04187500000000011
2026-08-16 18:14:45.684,8.491,lower,0.07750000000000035,0.006875000000000631
2026-08-16 18:14:45.694,8.501,lower,-0.10312499999999947,-0.03062499999999968
2026-08-16 18:14:45.704,8.511,lower,0.04437499999999983,-0.012499999999999734
2026-08-16 18:14:45.714,8.521,lower,0.03937500000000038,0.004374999999999796
2026-08-16 18:14:45.724,8.531,lower,-0.10062499999999974,-0.043124999999999414
2026-08-16 18:14:45.734,8.541,lower,0.07937500000000042,0.006875000000000631
2026-08-16 18:14:45.744,8.551,lower,-0.12624999999999997,-0.03062499999999968
2026-08-16 18:14:45.754,8.561,lower,0.03562500000000024,-0.007500000000000284
2026-08-16 18:14:45.764,8.571,lower,0.009375000000000355,0.0012500000000004174
2026-08-16 18:14:45.774,8.581,lower,-0.07062499999999972,-0.04874999999999963
2026-08-16 18:14:45.784,8.591,lower,0.07937500000000042,0.01187500000000008
2026-08-16 18:14:45.794,8.601,lower,-0.10499999999999954,-0.03687499999999955
2026-08-16 18:14:45.804,8.611,lower,0.04937500000000039,-0.0031249999999993783
2026-08-16 18:14:45.814,8.621,lower,0.03687500000000066,0.0024999999999997247
2026-08-16 18:14:45.824,8.631,lower,-0.09499999999999953,-0.044999999999999485
2026-08-16 18:14:45.834,8.641,lower,0.07874999999999965,0.008749999999999591
2026-08-16 18:14:45.844,8.651,lower,-0.12812500000000004,-0.03624999999999989
2026-08-16 18:14:45.854,8.661,lower,0.040000000000000036,-0.010624999999999662
2026-08-16 18:14:45.864,8.671,lower,0.05812499999999998,0.0
2026-08-16 18:14:45.874,8.681,lower,-0.06937500000000041,-0.04437499999999983
2026-08-16 18:14:45.884,8.691,lower,0.078125,0.006875000000000631
2026-08-16 18:14:45.894,8.701,lower,-0.10750000000000037,-0.03624999999999989
2026-08-16 18:14:45.904,8.711,lower,0.04874999999999963,-0.01187500000000008
2026-08-16 18:14:45.914,8.721,lower,0.023125000000000506,-0.0012500000000004174
2026-08-16 18:14:45.924,8.731,lower,-0.09375000000000022,-0.03750000000000031
2026-08-16 18:14:45.934,8.741,lower,0.08062499999999972,0.005625000000000213
2026-08-16 18:14:45.944,8.751,lower,-0.13249999999999984,-0.04124999999999934
2026-08-16 18:14:45.954,8.761,lower,0.03750000000000031,-0.011249999999999316
2026-08-16 18:14:45.964,8.771,lower,0.05312500000000053,0.0006249999999996536
2026-08-16 18:14:45.974,8.781,lower,-0.06249999999999978,-0.03874999999999962
2026-08-16 18:14:45.984,8.791,lower,0.07750000000000035,0.008749999999999591
2026-08-16 18:14:45.994,8.801,lower,-0.11375000000000024,-0.03062499999999968
2026-08-16 18:14:46.004,8.811,lower,0.04750000000000032,-0.008124999999999938
2026-08-16 18:14:46.014,8.821,lower,0.019375000000000364,-0.0006249999999996536
2026-08-16 18:14:46.024,8.831,lower,-0.08562500000000028,-0.04812499999999997
2026-08-16 18:14:46.034,8.841,lower,0.07624999999999993,0.007500000000000284
2026-08-16 18:14:46.044,8.851,lower,-0.1343749999999999,-0.038124999999999964
2026-08-16 18:14:46.054,8.861,lower,0.04062499999999969,-0.010000000000000009
2026-08-16 18:14:46.064,8.871,lower,0.04562500000000025,0.001875000000000071
2026-08-16 18:14:46.074,8.881,lower,-0.053750000000000187,-0.04375000000000018
2026-08-16 18:14:46.084,8.891,lower,0.08000000000000007,0.008124999999999938
2026-08-16 18:14:46.094,8.901,lower,-0.12187500000000018,-0.03687499999999955
2026-08-16 18:14:46.104,8.911,lower,0.03249999999999975,-0.014374999999999805
2026-08-16 18:14:46.114,8.921,lower,0.01687500000000064,-0.0012500000000004174
2026-08-16 18:14:46.124,8.931,lower,-0.07937500000000042,-0.04124999999999934
2026-08-16 18:14:46.134,8.941,lower,0.07750000000000035,0.005625000000000213
2026-08-16 18:14:46.144,8.951,lower,-0.13562500000000033,-0.03750000000000031
2026-08-16 18:14:46.154,8.961,lower,0.04750000000000032,-0.014999999999999458
2026-08-16 18:14:46.164,8.971,lower,0.04125000000000045,-0.0024999999999997247
2026-08-16 18:14:46.174,8.981,lower,-0.04874999999999963,-0.04187500000000011
2026-08-16 18:14:46.184,8.991,lower,0.08000000000000007,0.0031250000000004885
2026-08-16 18:14:46.194,9.001,lower,-0.12499999999999956,-0.038124999999999964
2026-08-16 18:14:46.204,9.011,lower,0.03562500000000024,-0.008749999999999591
2026-08-16 18:14:46.214,9.021,lower,0.0050000000000005596,0.0006249999999996536
2026-08-16 18:14:46.224,9.031,lower,-0.07312499999999944,-0.04062499999999969
2026-08-16 18:14:46.234,9.041,lower,0.08000000000000007,0.006249999999999867
2026-08-16 18:14:46.244,9.051,lower,-0.13687499999999964,-0.03249999999999975
2026-08-16 18:14:46.254,9.061,lower,0.04562500000000025,-0.00687499999999952
2026-08-16 18:14:46.264,9.071,lower,0.031250000000000444,0.0031250000000004885
2026-08-16 18:14:46.274,9.081,lower,-0.09874999999999967,-0.040000000000000036
2026-08-16 18:14:46.284,9.091,lower,0.08125000000000049,0.012499999999999734
2026-08-16 18:14:46.294,9.101,lower,-0.12687499999999963,-0.034999999999999476
2026-08-16 18:14:46.304,9.111,lower,0.03750000000000031,-0.00687499999999952
2026-08-16 18:14:46.314,9.121,lower,-0.0012500000000004174,0.0006249999999996536
2026-08-16 18:14:46.324,9.131,lower,-0.06687499999999957,-0.04750000000000032
2026-08-16 18:14:46.334,9.141,lower,0.07562500000000028,0.011250000000000426
2026-08-16 18:14:46.344,9.151,lower,-0.11750000000000038,-0.03437499999999982
2026-08-16 18:14:46.354,9.161,lower,0.04874999999999963,-0.012499999999999734
2026-08-16 18:14:46.364,9.171,lower,0.028124999999999956,0.0006249999999996536
2026-08-16 18:14:46.374,9.181,lower,-0.08937500000000043,-0.04124999999999934
2026-08-16 18:14:46.384,9.191,lower,0.07874999999999965,0.010624999999999662
2026-08-16 18:14:46.394,9.201,lower,-0.13062499999999977,-0.03562500000000024
2026-08-16 18:14:46.404,9.211,lower,0.03874999999999962,-0.010624999999999662
2026-08-16 18:14:46.414,9.221,lower,-0.004999999999999449,-0.0031249999999993783
2026-08-16 18:14:46.424,9.231,lower,-0.06000000000000005,-0.03874999999999962
2026-08-16 18:14:46.434,9.241,lower,0.07624999999999993,0.008749999999999591
2026-08-16 18:14:46.444,9.251,lower,-0.11750000000000038,-0.038124999999999964
2026-08-16 18:14:46.454,9.261,lower,0.04874999999999963,-0.01187500000000008
2026-08-16 18:14:46.464,9.271,lower,0.022499999999999742,0.001875000000000071
2026-08-16 18:14:46.474,9.281,lower,-0.08812500000000001,-0.043124999999999414
2026-08-16 18:14:46.484,9.291,lower,0.07500000000000062,0.005625000000000213
2026-08-16 18:14:46.494,9.301,lower,-0.13624999999999998,-0.0318750000000001
2026-08-16 18:14:46.504,9.311,lower,0.04062499999999969,-0.00687499999999952
2026-08-16 18:14:46.514,9.321,lower,0.04562500000000025,0.004374999999999796
2026-08-16 18:14:46.524,9.331,lower,-0.051875000000000115,-0.03750000000000031
2026-08-16 18:14:46.534,9.341,lower,0.08000000000000007,0.007500000000000284
2026-08-16 18:14:46.544,9.351,lower,-0.12187500000000018,-0.03624999999999989
2026-08-16 18:14:46.554,9.361,lower,0.056875000000000675,0.0006249999999996536
2026-08-16 18:14:46.564,9.371,lower,0.015000000000000568,0.0
2026-08-16 18:14:46.574,9.381,lower,-0.07750000000000035,-0.044999999999999485
2026-08-16 18:14:46.584,9.391,lower,0.07624999999999993,0.006875000000000631
2026-08-16 18:14:46.594,9.401,lower,-0.13499999999999956,-0.03624999999999989
2026-08-16 18:14:46.604,9.411,lower,0.04562500000000025,-0.012499999999999734
2026-08-16 18:14:46.614,9.421,lower,0.038124999999999964,-0.001875000000000071
2026-08-16 18:14:46.624,9.431,lower,-0.04437499999999983,-0.03937500000000038
2026-08-16 18:14:46.634,9.441,lower,0.08375000000000021,0.010624999999999662
2026-08-16 18:14:46.644,9.451,lower,-0.12562500000000032,-0.03624999999999989
2026-08-16 18:14:46.654,9.461,lower,0.05624999999999991,-0.008124999999999938
2026-08-16 18:14:46.664,9.471,lower,0.008749999999999591,-0.001875000000000071
2026-08-16 18:14:46.674,9.481,lower,-0.07000000000000006,-0.04187500000000011
2026-08-16 18:14:46.684,9.491,lower,0.08125000000000049,0.006875000000000631
2026-08-16 18:14:46.694,9.501,lower,-0.1387499999999997,-0.04437499999999983
2026-08-16 18:14:46.704,9.511,lower,0.04812499999999997,-0.008749999999999591
2026-08-16 18:14:46.714,9.521,lower,0.0318750000000001,0.0024999999999997247
2026-08-16 18:14:46.724,9.531,lower,-0.038124999999999964,-0.04062499999999969
2026-08-16 18:14:46.734,9.541,lower,0.08187500000000014,0.006875000000000631
2026-08-16 18:14:46.744,9.551,lower,-0.1287499999999997,-0.04187500000000011
2026-08-16 18:14:46.754,9.561,lower,0.03750000000000031,-0.007500000000000284
2026-08-16 18:14:46.764,9.571,lower,0.0024999999999997247,0.001875000000000071
2026-08-16 18:14:46.774,9.581,lower,-0.06312499999999943,-0.03687499999999955
2026-08-16 18:14:46.784,9.591,lower,0.08062499999999972,0.008124999999999938
2026-08-16 18:14:46.794,9.601,lower,-0.13499999999999956,-0.03375000000000017
2026-08-16 18:14:46.804,9.611,lower,0.055000000000000604,0.0012500000000004174
2026-08-16 18:14:46.814,9.621,lower,0.027500000000000302,-0.0012500000000004174
2026-08-16 18:14:46.824,9.631,lower,-0.09187500000000015,-0.044999999999999485
2026-08-16 18:14:46.834,9.641,lower,0.0824999999999998,0.011250000000000426
2026-08-16 18:14:46.844,9.651,lower,-0.13124999999999942,-0.03687499999999955
2026-08-16 18:14:46.854,9.661,lower,0.043125000000000524,-0.003750000000000142
2026-08-16 18:14:46.864,9.671,lower,-0.004374999999999796,-0.0024999999999997247
2026-08-16 18:14:46.874,9.681,lower,-0.05624999999999991,-0.04375000000000018
2026-08-16 18:14:46.884,9.691,lower,0.07750000000000035,0.007500000000000284
2026-08-16 18:14:46.894,9.701,lower,-0.1200000000000001,-0.03624999999999989
2026-08-16 18:14:46.904,9.711,lower,0.05249999999999977,-0.011249999999999316
2026-08-16 18:14:46.914,9.721,lower,0.019375000000000364,0.0012500000000004174
2026-08-16 18:14:46.924,9.731,lower,-0.0824999999999998,-0.03874999999999962
2026-08-16 18:14:46.934,9.741,lower,0.07937500000000042,0.005625000000000213
2026-08-16 18:14:46.944,9.751,lower,-0.13375000000000026,-0.03937500000000038
2026-08-16 18:14:46.954,9.761,lower,0.045000000000000595,-0.014999999999999458
2026-08-16 18:14:46.964,9.771,lower,-0.010624999999999662,-0.006249999999999867
2026-08-16 18:14:46.974,9.781,lower,-0.053750000000000187,-0.04062499999999969
2026-08-16 18:14:46.984,9.791,lower,0.08187500000000014,0.004374999999999796
2026-08-16 18:14:46.994,9.801,lower,-0.12375000000000025,-0.04375000000000018
2026-08-16 18:14:47.004,9.811,lower,0.053750000000000187,-0.009375000000000355
2026-08-16 18:14:47.014,9.821,lower,0.011250000000000426,-0.0006249999999996536
2026-08-16 18:14:47.024,9.831,lower,-0.07624999999999993,-0.03874999999999962
2026-08-16 18:14:47.034,9.841,lower,0.07937500000000042,0.007500000000000284
2026-08-16 18:14:47.044,9.851,lower,-0.1375000000000004,-0.038124999999999964
2026-08-16 18:14:47.054,9.861,lower,0.046875000000000666,-0.007500000000000284
2026-08-16 18:14:47.064,9.871,lower,0.03937500000000038,0.0
2026-08-16 18:14:47.074,9.881,lower,-0.04375000000000018,-0.03437499999999982
2026-08-16 18:14:47.084,9.891,lower,0.08000000000000007,0.006249999999999867
2026-08-16 18:14:47.094,9.901,lower,-0.12624999999999997,-0.038124999999999964
2026-08-16 18:14:47.104,9.911,lower,0.058749999999999636,-0.0024999999999997247
2026-08-16 18:14:47.114,9.921,lower,0.008124999999999938,-0.003750000000000142
2026-08-16 18:14:47.124,9.931,lower,-0.07000000000000006,-0.04375000000000018
2026-08-16 18:14:47.134,9.941,lower,0.07937500000000042,0.011250000000000426
2026-08-16 18:14:47.144,9.951,lower,-0.1375000000000004,-0.04187500000000011
2026-08-16 18:14:47.154,9.961,lower,0.050000000000000044,-0.00687499999999952
2026-08-16 18:14:47.164,9.971,lower,0.03562500000000024,-0.003750000000000142
2026-08-16 18:14:47.174,9.981,lower,-0.03375000000000017,-0.040000000000000036
2026-08-16 18:14:47.184,9.991,lower,0.08125000000000049,0.006875000000000631
2026-08-16 18:14:47.194,10.001,lower,-0.12375000000000025,-0.04187500000000011
2026-08-16 18:14:47.204,10.011,lower,0.05812499999999998,-0.013750000000000151
2026-08-16 18:14:47.214,10.021,lower,0.0024999999999997247,-0.009375000000000355
2026-08-16 18:14:47.224,10.031,lower,-0.06562500000000027,-0.040000000000000036
2026-08-16 18:14:47.234,10.041,lower,0.07687499999999958,0.007500000000000284
2026-08-16 18:14:47.244,10.051,lower,-0.13624999999999998,-0.043124999999999414
2026-08-16 18:14:47.254,10.061,lower,0.051875000000000115,-0.010000000000000009
2026-08-16 18:14:47.264,10.071,lower,0.022499999999999742,0.0006249999999996536
2026-08-16 18:14:47.274,10.081,lower,-0.029375000000000373,-0.03375000000000017
2026-08-16 18:14:47.284,10.091,lower,0.0824999999999998,0.006875000000000631
2026-08-16 18:14:47.294,10.101,lower,-0.1318750000000002,-0.03562500000000024
2026-08-16 18:14:47.304,10.111,lower,0.03937500000000038,-0.0024999999999997247
2026-08-16 18:14:47.314,10.121,lower,-0.004374999999999796,-0.0012500000000004174
2026-08-16 18:14:47.324,10.131,lower,-0.058749999999999636,-0.03437499999999982
2026-08-16 18:14:47.334,10.141,lower,0.08125000000000049,0.008749999999999591
2026-08-16 18:14:47.344,10.151,lower,-0.13687499999999964,-0.03937500000000038
2026-08-16 18:14:47.354,10.161,lower,0.053750000000000187,-0.003750000000000142
2026-08-16 18:14:47.364,10.171,lower,0.02062499999999967,-0.0012500000000004174
2026-08-16 18:14:47.374,10.181,lower,-0.08375000000000021,-0.04124999999999934
2026-08-16 18:14:47.384,10.191,lower,0.08187500000000014,0.01187500000000008
2026-08-16 18:14:47.394,10.201,lower,-0.13812500000000005,-0.04062499999999969
2026-08-16 18:14:47.404,10.211,lower,0.043125000000000524,-0.012499999999999734
2026-08-16 18:14:47.414,10.221,lower,-0.012499999999999734,-0.0031249999999993783
2026-08-16 18:14:47.424,10.231,lower,-0.05124999999999935,-0.04062499999999969
2026-08-16 18:14:47.434,10.241,lower,0.08187500000000014,0.01187500000000008
2026-08-16 18:14:47.444,10.251,lower,-0.1387499999999997,-0.040000000000000036
2026-08-16 18:14:47.454,10.261,lower,0.05562500000000026,-0.009375000000000355
2026-08-16 18:14:47.464,10.271,lower,0.012499999999999734,-0.009375000000000355
2026-08-16 18:14:47.474,10.281,lower,-0.07687499999999958,-0.03937500000000038
2026-08-16 18:14:47.484,10.291,lower,0.07750000000000035,0.0006249999999996536
2026-08-16 18:14:47.494,10.301,lower,-0.13624999999999998,-0.04187500000000011
2026-08-16 18:14:47.504,10.311,lower,0.04437499999999983,-0.008749999999999591
2026-08-16 18:14:47.514,10.321,lower,-0.020000000000000018,-0.001875000000000071
2026-08-16 18:14:47.524,10.331,lower,-0.04124999999999934,-0.03874999999999962
2026-08-16 18:14:47.534,10.341,lower,0.07937500000000042,0.007500000000000284
2026-08-16 18:14:47.544,10.351,lower,-0.12937499999999935,-0.0462499999999999
2026-08-16 18:14:47.554,10.361,lower,0.06062499999999971,-0.0012500000000004174
2026-08-16 18:14:47.564,10.371,lower,0.004374999999999796,0.0
2026-08-16 18:14:47.574,10.381,lower,-0.07062499999999972,-0.03249999999999975
2026-08-16 18:14:47.584,10.391,lower,0.08000000000000007,0.009375000000000355
2026-08-16 18:14:47.594,10.401,lower,-0.13812500000000005,-0.03937500000000038
2026-08-16 18:14:47.604,10.411,lower,0.04562500000000025,-0.0012500000000004174
2026-08-16 18:14:47.614,10.421,lower,0.02874999999999961,-0.0006249999999996536
2026-08-16 18:14:47.624,10.431,lower,-0.03375000000000017,-0.04124999999999934
2026-08-16 18:14:47.634,10.441,lower,0.08187500000000014,0.006249999999999867
2026-08-16 18:14:47.644,10.451,lower,-0.13249999999999984,-0.040000000000000036
2026-08-16 18:14:47.654,10.461,lower,0.05812499999999998,-0.0006249999999996536
2026-08-16 18:14:47.664,10.471,lower,-0.001875000000000071,-0.005625000000000213
2026-08-16 18:14:47.674,10.481,lower,-0.06437499999999985,-0.03937500000000038
2026-08-16 18:14:47.684,10.491,lower,0.08125000000000049,0.010000000000000009
2026-08-16 18:14:47.694,10.501,lower,-0.1431249999999995,-0.04437499999999983
2026-08-16 18:14:47.704,10.511,lower,0.04812499999999997,-0.01187500000000008
2026-08-16 18:14:47.714,10.521,lower,0.023125000000000506,-0.009375000000000355
2026-08-16 18:14:47.724,10.531,lower,-0.03062499999999968,-0.04187500000000011
2026-08-16 18:14:47.734,10.541,lower,0.07750000000000035,0.004374999999999796
2026-08-16 18:14:47.744,10.551,lower,-0.14062499999999978,-0.04562500000000025
2026-08-16 18:14:47.754,10.561,lower,0.06000000000000005,-0.010000000000000009
2026-08-16 18:14:47.764,10.571,lower,-0.006249999999999867,0.0012500000000004174
2026-08-16 18:14:47.774,10.581,lower,-0.05562500000000026,-0.03562500000000024
2026-08-16 18:14:47.784,10.591,lower,0.07937500000000042,0.010624999999999662
2026-08-16 18:14:47.794,10.601,lower,-0.13937499999999936,-0.04375000000000018
2026-08-16 18:14:47.804,10.611,lower,0.04937500000000039,-0.004999999999999449
2026-08-16 18:14:47.814,10.621,lower,0.01687500000000064,-0.0012500000000004174
2026-08-16 18:14:47.824,10.631,lower,-0.02874999999999961,-0.0318750000000001
2026-08-16 18:14:47.834,10.641,lower,0.07687499999999958,0.006249999999999867
2026-08-16 18:14:47.844,10.651,lower,-0.1375000000000004,-0.03937500000000038
2026-08-16 18:14:47.854,10.661,lower,0.04249999999999976,-0.0031249999999993783
2026-08-16 18:14:47.864,10.671,lower,-0.018124999999999947,-0.003750000000000142
2026-08-16 18:14:47.874,10.681,lower,-0.05312499999999942,-0.044999999999999485
2026-08-16 18:14:47.884,10.691,lower,0.07937500000000042,0.006875000000000631
2026-08-16 18:14:47.894,10.701,lower,-0.14249999999999985,-0.04124999999999934
2026-08-16 18:14:47.904,10.711,lower,0.05562500000000026,0.0
2026-08-16 18:14:47.914,10.721,lower,0.010000000000000009,-0.006249999999999867
2026-08-16 18:14:47.924,10.731,lower,-0.02187500000000009,-0.03937500000000038
2026-08-16 18:14:47.934,10.741,lower,0.08000000000000007,0.011250000000000426
2026-08-16 18:14:47.944,10.751,lower,-0.13624999999999998,-0.043124999999999414
2026-08-16 18:14:47.954,10.761,lower,0.043125000000000524,-0.007500000000000284
2026-08-16 18:14:47.964,10.771,lower,-0.023124999999999396,-0.010624999999999662
2026-08-16 18:14:47.974,10.781,lower,-0.04375000000000018,-0.040000000000000036
2026-08-16 18:14:47.984,10.791,lower,0.08062499999999972,0.008749999999999591
2026-08-16 18:14:47.994,10.801,lower,-0.13937499999999936,-0.04437499999999983
2026-08-16 18:14:48.004,10.811,lower,0.053750000000000187,-0.010000000000000009
2026-08-16 18:14:48.014,10.821,lower,0.0024999999999997247,-0.010624999999999662
2026-08-16 18:14:48.024,10.831,lower,-0.07624999999999993,-0.038124999999999964
2026-08-16 18:14:48.034,10.841,lower,0.07437499999999986,0.008124999999999938
2026-08-16 18:14:48.044,10.851,lower,-0.14437499999999992,-0.04874999999999963
2026-08-16 18:14:48.054,10.861,lower,0.0462499999999999,-0.00687499999999952
2026-08-16 18:14:48.064,10.871,lower,-0.031249999999999334,-0.0024999999999997247
2026-08-16 18:14:48.074,10.881,lower,-0.034999999999999476,-0.031249999999999334
2026-08-16 18:14:48.084,10.891,lower,0.07874999999999965,0.006249999999999867
2026-08-16 18:14:48.094,10.901,lower,-0.13624999999999998,-0.03750000000000031
2026-08-16 18:14:48.104,10.911,lower,0.058749999999999636,0.0
2026-08-16 18:14:48.114,10.921,lower,-0.0024999999999997247,-0.004374999999999796
2026-08-16 18:14:48.124,10.931,lower,-0.06437499999999985,-0.027500000000000302
2026-08-16 18:14:48.134,10.941,lower,0.07562500000000028,0.011250000000000426
2026-08-16 18:14:48.144,10.951,lower,-0.1387499999999997,-0.04062499999999969
2026-08-16 18:14:48.154,10.961,lower,0.051875000000000115,-0.0031249999999993783
2026-08-16 18:14:48.164,10.971,lower,-0.03687499999999955,-0.0024999999999997247
2026-08-16 18:14:48.174,10.981,lower,-0.028124999999999956,-0.038124999999999964
2026-08-16 18:14:48.184,10.991,lower,0.078125,0.010000000000000009
2026-08-16 18:14:48.194,11.001,lower,-0.14000000000000012,-0.04124999999999934
2026-08-16 18:14:48.204,11.011,lower,0.05750000000000033,-0.010000000000000009
2026-08-16 18:14:48.214,11.021,lower,-0.008749999999999591,-0.005625000000000213
2026-08-16 18:14:48.224,11.031,lower,-0.06062499999999971,-0.03937500000000038
2026-08-16 18:14:48.234,11.041,lower,0.07562500000000028,0.006875000000000631
2026-08-16 18:14:48.244,11.051,lower,-0.14124999999999943,-0.044999999999999485
2026-08-16 18:14:48.254,11.061,lower,0.04937500000000039,-0.010624999999999662
2026-08-16 18:14:48.264,11.071,lower,0.009375000000000355,-0.010000000000000009
2026-08-16 18:14:48.274,11.081,lower,-0.024999999999999467,-0.03562500000000024
2026-08-16 18:14:48.284,11.091,lower,0.08125000000000049,0.008749999999999591
2026-08-16 18:14:48.294,11.101,lower,-0.1375000000000004,-0.04874999999999963
2026-08-16 18:14:48.304,11.111,lower,0.0637500000000002,-0.0006249999999996536
2026-08-16 18:14:48.314,11.121,lower,-0.012499999999999734,-0.0006249999999996536
2026-08-16 18:14:48.324,11.131,lower,-0.05312499999999942,-0.03437499999999982
2026-08-16 18:14:48.334,11.141,lower,0.07937500000000042,0.010624999999999662
2026-08-16 18:14:48.344,11.151,lower,-0.14062499999999978,-0.040000000000000036
2026-08-16 18:14:48.354,11.161,lower,0.05249999999999977,0.0006249999999996536
2026-08-16 18:14:48.364,11.171,lower,0.006249999999999867,-0.003750000000000142
2026-08-16 18:14:48.374,11.181,lower,-0.01687499999999953,-0.031249999999999334
2026-08-16 18:14:48.384,11.191,lower,0.08000000000000007,0.0050000000000005596
2026-08-16 18:14:48.394,11.201,lower,-0.14124999999999943,-0.04062499999999969
2026-08-16 18:14:48.404,11.211,lower,0.0637500000000002,0.0006249999999996536
2026-08-16 18:14:48.414,11.221,lower,-0.019375000000000364,-0.0031249999999993783
2026-08-16 18:14:48.424,11.231,lower,-0.04375000000000018,-0.04249999999999976
2026-08-16 18:14:48.434,11.241,lower,0.07687499999999958,0.010624999999999662
2026-08-16 18:14:48.444,11.251,lower,-0.1387499999999997,-0.04124999999999934
2026-08-16 18:14:48.454,11.261,lower,0.051875000000000115,-0.01187500000000008
2026-08-16 18:14:48.464,11.271,lower,-0.003750000000000142,-0.010000000000000009
2026-08-16 18:14:48.474,11.281,lower,-0.013124999999999387,-0.03874999999999962
2026-08-16 18:14:48.484,11.291,lower,0.07312500000000055,0.007500000000000284
2026-08-16 18:14:48.494,11.301,lower,-0.14375000000000027,-0.04187500000000011
2026-08-16 18:14:48.504,11.311,lower,0.045000000000000595,-0.00687499999999952
2026-08-16 18:14:48.514,11.321,lower,-0.024999999999999467,-0.010000000000000009
2026-08-16 18:14:48.524,11.331,lower,-0.03937500000000038,-0.03624999999999989
2026-08-16 18:14:48.534,11.341,lower,0.08062499999999972,0.010000000000000009
2026-08-16 18:14:48.544,11.351,lower,-0.13812500000000005,-0.04437499999999983
2026-08-16 18:14:48.554,11.361,lower,0.0593750000000004,-0.0006249999999996536
2026-08-16 18:14:48.564,11.371,lower,-0.006249999999999867,0.001875000000000071
2026-08-16 18:14:48.574,11.381,lower,-0.0649999999999995,-0.031249999999999334
2026-08-16 18:14:48.584,11.391,lower,0.07687499999999958,0.008749999999999591
2026-08-16 18:14:48.594,11.401,lower,-0.14000000000000012,-0.04124999999999934
2026-08-16 18:14:48.604,11.411,lower,0.05249999999999977,-0.0012500000000004174
2026-08-16 18:14:48.614,11.421,lower,-0.03874999999999962,-0.006249999999999867
2026-08-16 18:14:48.624,11.431,lower,-0.029375000000000373,-0.026874999999999538
2026-08-16 18:14:48.634,11.441,lower,0.08312500000000056,0.007500000000000284
2026-08-16 18:14:48.644,11.451,lower,-0.13499999999999956,-0.038124999999999964
2026-08-16 18:14:48.654,11.461,lower,0.06000000000000005,0.0012500000000004174
2026-08-16 18:14:48.664,11.471,lower,-0.009375000000000355,-0.008124999999999938
2026-08-16 18:14:48.674,11.481,lower,-0.05562500000000026,-0.038124999999999964
2026-08-16 18:14:48.684,11.491,lower,0.07874999999999965,0.012499999999999734
2026-08-16 18:14:48.694,11.501,lower,-0.14124999999999943,-0.03937500000000038
2026-08-16 18:14:48.704,11.511,lower,0.053750000000000187,-0.008749999999999591
2026-08-16 18:14:48.714,11.521,lower,-0.04249999999999976,-0.00687499999999952
2026-08-16 18:14:48.724,11.531,lower,-0.02375000000000016,-0.03937500000000038
2026-08-16 18:14:48.734,11.541,lower,0.08000000000000007,0.008749999999999591
2026-08-16 18:14:48.744,11.551,lower,-0.1418750000000002,-0.04812499999999997
2026-08-16 18:14:48.754,11.561,lower,0.06125000000000047,-0.007500000000000284
2026-08-16 18:14:48.764,11.571,lower,-0.017500000000000293,-0.010624999999999662
2026-08-16 18:14:48.774,11.581,lower,-0.051875000000000115,-0.03437499999999982
2026-08-16 18:14:48.784,11.591,lower,0.07687499999999958,0.008749999999999591
2026-08-16 18:14:48.794,11.601,lower,-0.14062499999999978,-0.04187500000000011
2026-08-16 18:14:48.804,11.611,lower,0.05624999999999991,-0.003750000000000142
2026-08-16 18:14:48.814,11.621,lower,0.010624999999999662,-0.012499999999999734
2026-08-16 18:14:48.824,11.631,lower,-0.017500000000000293,-0.03062499999999968
2026-08-16 18:14:48.834,11.641,lower,0.08062499999999972,0.010000000000000009
2026-08-16 18:14:48.844,11.651,lower,-0.13562500000000033,-0.046874999999999556
2026-08-16 18:14:48.854,11.661,lower,0.06249999999999978,0.0006249999999996536
2026-08-16 18:14:48.864,11.671,lower,-0.01687499999999953,-0.004999999999999449
2026-08-16 18:14:48.874,11.681,lower,-0.04249999999999976,-0.027500000000000302
2026-08-16 18:14:48.884,11.691,lower,0.07437499999999986,0.010624999999999662
2026-08-16 18:14:48.894,11.701,lower,-0.13812500000000005,-0.04124999999999934
2026-08-16 18:14:48.904,11.711,lower,0.06125000000000047,-0.0031249999999993783
2026-08-16 18:14:48.914,11.721,lower,0.0031250000000004885,-0.00687499999999952
2026-08-16 18:14:48.924,11.731,lower,-0.012499999999999734,-0.038124999999999964
2026-08-16 18:14:48.934,11.741,lower,0.08437499999999987,0.011250000000000426
2026-08-16 18:14:48.944,11.751,lower,-0.13687499999999964,-0.04562500000000025
2026-08-16 18:14:48.954,11.761,lower,0.06562500000000027,-0.0012500000000004174
2026-08-16 18:14:48.964,11.771,lower,-0.026874999999999538,-0.006249999999999867
2026-08-16 18:14:48.974,11.781,lower,-0.034999999999999476,-0.03874999999999962
2026-08-16 18:14:48.984,11.791,lower,0.07874999999999965,0.008124999999999938
2026-08-16 18:14:48.994,11.801,lower,-0.1375000000000004,-0.04437499999999983
2026-08-16 18:14:49.004,11.811,lower,0.06000000000000005,-0.007500000000000284
2026-08-16 18:14:49.014,11.821,lower,-0.003750000000000142,-0.010624999999999662
2026-08-16 18:14:49.024,11.831,lower,-0.005625000000000213,-0.038124999999999964
2026-08-16 18:14:49.034,11.841,lower,0.0824999999999998,0.0050000000000005596
2026-08-16 18:14:49.044,11.851,lower,-0.14062499999999978,-0.046874999999999556
2026-08-16 18:14:49.054,11.861,lower,0.0462499999999999,-0.006249999999999867
2026-08-16 18:14:49.064,11.871,lower,-0.03562500000000024,-0.014999999999999458
2026-08-16 18:14:49.074,11.881,lower,-0.026249999999999885,-0.031249999999999334
2026-08-16 18:14:49.084,11.891,lower,0.08187500000000014,0.011250000000000426
2026-08-16 18:14:49.094,11.901,lower,-0.1331249999999995,-0.04562500000000025
2026-08-16 18:14:49.104,11.911,lower,0.06312500000000054,-0.0012500000000004174
2026-08-16 18:14:49.114,11.921,lower,-0.007500000000000284,-0.008124999999999938
2026-08-16 18:14:49.124,11.931,lower,0.0024999999999997247,-0.02874999999999961
2026-08-16 18:14:49.134,11.941,lower,0.08000000000000007,0.01187500000000008
2026-08-16 18:14:49.144,11.951,lower,-0.1387499999999997,-0.04437499999999983
2026-08-16 18:14:49.154,11.961,lower,0.05312500000000053,-0.001875000000000071
2026-08-16 18:14:49.164,11.971,lower,-0.03687499999999955,-0.007500000000000284
2026-08-16 18:14:49.174,11.981,lower,-0.020000000000000018,-0.027500000000000302
2026-08-16 18:14:49.184,11.991,lower,0.08125000000000049,0.005625000000000213
2026-08-16 18:14:49.194,12.001,lower,-0.1287499999999997,-0.04187500000000011
2026-08-16 18:14:49.204,12.011,lower,0.06500000000000061,0.0012500000000004174
2026-08-16 18:14:49.214,12.021,lower,-0.015625000000000222,-0.011249999999999316
2026-08-16 18:14:49.224,12.031,lower,-0.0506249999999997,-0.038124999999999964
2026-08-16 18:14:49.234,12.041,lower,0.08125000000000049,0.010000000000000009
2026-08-16 18:14:49.244,12.051,lower,-0.14062499999999978,-0.04187500000000011
2026-08-16 18:14:49.254,12.061,lower,0.05624999999999991,-0.004999999999999449
2026-08-16 18:14:49.264,12.071,lower,-0.050000000000000044,-0.013124999999999387
2026-08-16 18:14:49.274,12.081,lower,-0.014374999999999805,-0.03624999999999989
2026-08-16 18:14:49.284,12.091,lower,0.08125000000000049,0.010000000000000009
2026-08-16 18:14:49.294,12.101,lower,-0.1375000000000004,-0.04750000000000032
2026-08-16 18:14:49.304,12.111,lower,0.0637500000000002,-0.0031249999999993783
2026-08-16 18:14:49.314,12.121,lower,-0.02187500000000009,-0.012499999999999734
2026-08-16 18:14:49.324,12.131,lower,-0.04249999999999976,-0.03249999999999975
2026-08-16 18:14:49.334,12.141,lower,0.08000000000000007,0.008124999999999938
2026-08-16 18:14:49.344,12.151,lower,-0.14249999999999985,-0.046874999999999556
2026-08-16 18:14:49.354,12.161,lower,0.06125000000000047,-0.0024999999999997247
2026-08-16 18:14:49.364,12.171,lower,-0.054999999999999494,-0.005625000000000213
2026-08-16 18:14:49.374,12.181,lower,-0.010000000000000009,-0.028124999999999956
2026-08-16 18:14:49.384,12.191,lower,0.08000000000000007,0.010000000000000009
2026-08-16 18:14:49.394,12.201,lower,-0.13937499999999936,-0.043124999999999414
2026-08-16 18:14:49.404,12.211,lower,0.06687500000000068,-0.001875000000000071
2026-08-16 18:14:49.414,12.221,lower,-0.02562500000000023,-0.005625000000000213
2026-08-16 18:14:49.424,12.231,lower,-0.03437499999999982,-0.026249999999999885
2026-08-16 18:14:49.434,12.241,lower,0.078125,0.010000000000000009
2026-08-16 18:14:49.444,12.251,lower,-0.1387499999999997,-0.04124999999999934
2026-08-16 18:14:49.454,12.261,lower,0.05750000000000033,0.0
2026-08-16 18:14:49.464,12.271,lower,-0.004374999999999796,-0.008749999999999591
2026-08-16 18:14:49.474,12.281,lower,-0.004999999999999449,-0.03874999999999962
2026-08-16 18:14:49.484,12.291,lower,0.07437499999999986,0.005625000000000213
2026-08-16 18:14:49.494,12.301,lower,-0.13937499999999936,-0.04750000000000032
2026-08-16 18:14:49.504,12.311,lower,0.06624999999999992,-0.00687499999999952
2026-08-16 18:14:49.514,12.321,lower,-0.03750000000000031,-0.011249999999999316
2026-08-16 18:14:49.524,12.331,lower,-0.028124999999999956,-0.03750000000000031
2026-08-16 18:14:49.534,12.341,lower,0.08187500000000014,0.006875000000000631
2026-08-16 18:14:49.544,12.351,lower,-0.13624999999999998,-0.046874999999999556
2026-08-16 18:14:49.554,12.361,lower,0.06500000000000061,-0.005625000000000213
2026-08-16 18:14:49.564,12.371,lower,-0.008124999999999938,-0.015625000000000222
2026-08-16 18:14:49.574,12.381,lower,-0.001875000000000071,-0.033124999999999405
2026-08-16 18:14:49.584,12.391,lower,0.08062499999999972,0.008749999999999591
2026-08-16 18:14:49.594,12.401,lower,-0.1375000000000004,-0.044999999999999485
2026-08-16 18:14:49.604,12.411,lower,0.06874999999999964,-0.0006249999999996536
2026-08-16 18:14:49.614,12.421,lower,-0.04437499999999983,-0.004374999999999796
2026-08-16 18:14:49.624,12.431,lower,-0.02062499999999967,-0.027500000000000302
2026-08-16 18:14:49.634,12.441,lower,0.07874999999999965,0.009375000000000355
2026-08-16 18:14:49.644,12.451,lower,-0.13249999999999984,-0.046874999999999556
2026-08-16 18:14:49.654,12.461,lower,0.06437499999999985,0.0006249999999996536
2026-08-16 18:14:49.664,12.471,lower,-0.014999999999999458,-0.011249999999999316
2026-08-16 18:14:49.674,12.481,lower,0.003750000000000142,-0.024374999999999813
2026-08-16 18:14:49.684,12.491,lower,0.07937500000000042,0.004374999999999796
2026-08-16 18:14:49.694,12.501,lower,-0.14062499999999978,-0.043124999999999414
2026-08-16 18:14:49.704,12.511,lower,0.0462499999999999,0.0012500000000004174
2026-08-16 18:14:49.714,12.521,lower,-0.051875000000000115,-0.012499999999999734
2026-08-16 18:14:49.724,12.531,lower,-0.01687499999999953,-0.03750000000000031
2026-08-16 18:14:49.734,12.541,lower,0.07750000000000035,0.008749999999999591
2026-08-16 18:14:49.744,12.551,lower,-0.13687499999999964,-0.044999999999999485
2026-08-16 18:14:49.754,12.561,lower,0.06312500000000054,-0.0024999999999997247
2026-08-16 18:14:49.764,12.571,lower,-0.023124999999999396,-0.01187500000000008
2026-08-16 18:14:49.774,12.581,lower,-0.04437499999999983,-0.03687499999999955
2026-08-16 18:14:49.784,12.591,lower,0.07687499999999958,0.008124999999999938
2026-08-16 18:14:49.794,12.601,lower,-0.1418750000000002,-0.04812499999999997
2026-08-16 18:14:49.804,12.611,lower,0.05750000000000033,-0.005625000000000213
2026-08-16 18:14:49.814,12.621,lower,-0.05750000000000033,-0.011249999999999316
2026-08-16 18:14:49.824,12.631,lower,-0.011249999999999316,-0.034999999999999476
2026-08-16 18:14:49.834,12.641,lower,0.08000000000000007,0.006875000000000631
2026-08-16 18:14:49.844,12.651,lower,-0.13062499999999977,-0.05124999999999935
2026-08-16 18:14:49.854,12.661,lower,0.06937500000000041,-0.0024999999999997247
2026-08-16 18:14:49.864,12.671,lower,-0.029375000000000373,-0.018124999999999947
2026-08-16 18:14:49.874,12.681,lower,-0.04062499999999969,-0.026874999999999538
2026-08-16 18:14:49.884,12.691,lower,0.07624999999999993,0.008749999999999591
2026-08-16 18:14:49.894,12.701,lower,-0.1375000000000004,-0.044999999999999485
2026-08-16 18:14:49.904,12.711,lower,0.06062499999999971,-0.001875000000000071
2026-08-16 18:14:49.914,12.721,lower,-0.06312499999999943,-0.008749999999999591
2026-08-16 18:14:49.924,12.731,lower,-0.004999999999999449,-0.026249999999999885
2026-08-16 18:14:49.934,12.741,lower,0.08000000000000007,0.006875000000000631
2026-08-16 18:14:49.944,12.751,lower,-0.14249999999999985,-0.04562500000000025
2026-08-16 18:14:49.954,12.761,lower,0.06812499999999999,-0.006249999999999867
2026-08-16 18:14:49.964,12.771,lower,-0.040000000000000036,-0.011249999999999316
2026-08-16 18:14:49.974,12.781,lower,-0.033124999999999405,-0.024999999999999467
2026-08-16 18:14:49.984,12.791,lower,0.07624999999999993,0.005625000000000213
2026-08-16 18:14:49.994,12.801,lower,-0.13937499999999936,-0.044999999999999485
2026-08-16 18:14:50.004,12.811,lower,0.05812499999999998,0.0012500000000004174
2026-08-16 18:14:50.014,12.821,lower,-0.015625000000000222,-0.014374999999999805
2026-08-16 18:14:50.024,12.831,lower,-0.006249999999999867,-0.03750000000000031
2026-08-16 18:14:50.034,12.841,lower,0.078125,0.006875000000000631
2026-08-16 18:14:50.044,12.851,lower,-0.14249999999999985,-0.04874999999999963
2026-08-16 18:14:50.054,12.861,lower,0.06687500000000068,-0.006249999999999867
2026-08-16 18:14:50.064,12.871,lower,-0.04812499999999997,-0.016249999999999876
2026-08-16 18:14:50.074,12.881,lower,-0.023124999999999396,-0.03375000000000017
2026-08-16 18:14:50.084,12.891,lower,0.07437499999999986,0.008124999999999938
2026-08-16 18:14:50.094,12.901,lower,-0.13687499999999964,-0.04874999999999963
2026-08-16 18:14:50.104,12.911,lower,0.061875000000000124,0.0
2026-08-16 18:14:50.114,12.921,lower,-0.01687499999999953,-0.0187499999999996
2026-08-16 18:14:50.124,12.931,lower,0.0031250000000004885,-0.030000000000000027
2026-08-16 18:14:50.134,12.941,lower,0.07562500000000028,0.006249999999999867
2026-08-16 18:14:50.144,12.951,lower,-0.14375000000000027,-0.04375000000000018
2026-08-16 18:14:50.154,12.961,lower,0.06937500000000041,0.0
2026-08-16 18:14:50.164,12.971,lower,-0.05124999999999935,-0.008124999999999938
2026-08-16 18:14:50.174,12.981,lower,-0.017500000000000293,-0.022499999999999742
2026-08-16 18:14:50.184,12.991,lower,0.07562500000000028,0.009375000000000355
2026-08-16 18:14:50.194,13.001,lower,-0.1343749999999999,-0.04750000000000032
2026-08-16 18:14:50.204,13.011,lower,0.06249999999999978,0.0012500000000004174
2026-08-16 18:14:50.214,13.021,lower,-0.02562500000000023,-0.013124999999999387
2026-08-16 18:14:50.224,13.031,lower,0.0031250000000004885,-0.024374999999999813
2026-08-16 18:14:50.234,13.041,lower,0.07249999999999979,0.008124999999999938
2026-08-16 18:14:50.244,13.051,lower,-0.14437499999999992,-0.04562500000000025
2026-08-16 18:14:50.254,13.061,lower,0.05437499999999984,-0.001875000000000071
2026-08-16 18:14:50.264,13.071,lower,-0.06124999999999936,-0.018124999999999947
2026-08-16 18:14:50.274,13.081,lower,-0.010624999999999662,-0.03375000000000017
2026-08-16 18:14:50.284,13.091,lower,0.07937500000000042,0.010624999999999662
2026-08-16 18:14:50.294,13.101,lower,-0.13000000000000012,-0.04750000000000032
2026-08-16 18:14:50.304,13.111,lower,0.06562500000000027,-0.004374999999999796
2026-08-16 18:14:50.314,13.121,lower,-0.02874999999999961,-0.013124999999999387
2026-08-16 18:14:50.324,13.131,lower,0.010000000000000009,-0.0318750000000001
2026-08-16 18:14:50.334,13.141,lower,0.07500000000000062,0.006249999999999867
2026-08-16 18:14:50.344,13.151,lower,-0.13812500000000005,-0.0462499999999999
2026-08-16 18:14:50.354,13.161,lower,0.053750000000000187,-0.001875000000000071
2026-08-16 18:14:50.364,13.171,lower,-0.06312499999999943,-0.017500000000000293
2026-08-16 18:14:50.374,13.181,lower,-0.005625000000000213,-0.03062499999999968
2026-08-16 18:14:50.384,13.191,lower,0.07937500000000042,0.010624999999999662
2026-08-16 18:14:50.394,13.201,lower,-0.13000000000000012,-0.04750000000000032
2026-08-16 18:14:50.404,13.211,lower,0.06812499999999999,0.0
2026-08-16 18:14:50.414,13.221,lower,-0.03874999999999962,-0.007500000000000284
2026-08-16 18:14:50.424,13.231,lower,-0.03249999999999975,-0.022499999999999742
2026-08-16 18:14:50.434,13.241,lower,0.07437499999999986,0.008749999999999591
2026-08-16 18:14:50.444,13.251,lower,-0.13812500000000005,-0.04375000000000018
2026-08-16 18:14:50.454,13.261,lower,0.058749999999999636,-0.0012500000000004174
2026-08-16 18:14:50.464,13.271,lower,-0.07562500000000028,-0.012499999999999734
2026-08-16 18:14:50.474,13.281,lower,-0.0006249999999996536,-0.02375000000000016
2026-08-16 18:14:50.484,13.291,lower,0.07500000000000062,0.003750000000000142
2026-08-16 18:14:50.494,13.301,lower,-0.14937499999999937,-0.046874999999999556
2026-08-16 18:14:50.504,13.311,lower,0.06937500000000041,0.001875000000000071
2026-08-16 18:14:50.514,13.321,lower,-0.04187500000000011,-0.01687499999999953
2026-08-16 18:14:50.524,13.331,lower,-0.027500000000000302,-0.03375000000000017
2026-08-16 18:14:50.534,13.341,lower,0.0737500000000002,0.012499999999999734
2026-08-16 18:14:50.544,13.351,lower,-0.1343749999999999,-0.04375000000000018
2026-08-16 18:14:50.554,13.361,lower,0.061875000000000124,0.0024999999999997247
2026-08-16 18:14:50.564,13.371,lower,-0.08000000000000007,-0.012499999999999734
2026-08-16 18:14:50.574,13.381,lower,0.004374999999999796,-0.03375000000000017
2026-08-16 18:14:50.584,13.391,lower,0.07562500000000028,0.006875000000000631
2026-08-16 18:14:50.594,13.401,lower,-0.14562500000000034,-0.04750000000000032
2026-08-16 18:14:50.604,13.411,lower,0.07624999999999993,-0.005625000000000213
2026-08-16 18:14:50.614,13.421,lower,-0.0506249999999997,-0.018124999999999947
2026-08-16 18:14:50.624,13.431,lower,-0.022499999999999742,-0.028124999999999956
2026-08-16 18:14:50.634,13.441,lower,0.07437499999999986,0.006875000000000631
2026-08-16 18:14:50.644,13.451,lower,-0.13124999999999942,-0.044999999999999485
2026-08-16 18:14:50.654,13.461,lower,0.061875000000000124,0.0031250000000004885
2026-08-16 18:14:50.664,13.471,lower,-0.026249999999999885,-0.022499999999999742
2026-08-16 18:14:50.674,13.481,lower,0.005625000000000213,-0.023124999999999396
2026-08-16 18:14:50.684,13.491,lower,0.0737500000000002,0.008749999999999591
2026-08-16 18:14:50.694,13.501,lower,-0.14437499999999992,-0.04562500000000025
2026-08-16 18:14:50.704,13.511,lower,0.07187500000000013,0.0012500000000004174
2026-08-16 18:14:50.714,13.521,lower,-0.05812499999999998,-0.013124999999999387
2026-08-16 18:14:50.724,13.531,lower,-0.013750000000000151,-0.024999999999999467
2026-08-16 18:14:50.734,13.541,lower,0.078125,0.008124999999999938
2026-08-16 18:14:50.744,13.551,lower,-0.1343749999999999,-0.04437499999999983
2026-08-16 18:14:50.754,13.561,lower,0.0637500000000002,0.0
2026-08-16 18:14:50.764,13.571,lower,-0.029375000000000373,-0.014999999999999458
2026-08-16 18:14:50.774,13.581,lower,0.006875000000000631,-0.031249999999999334
2026-08-16 18:14:50.784,13.591,lower,0.07562500000000028,0.010000000000000009
2026-08-16 18:14:50.794,13.601,lower,-0.1375000000000004,-0.04375000000000018
2026-08-16 18:14:50.804,13.611,lower,0.05624999999999991,0.003750000000000142
2026-08-16 18:14:50.814,13.621,lower,-0.06249999999999978,-0.013750000000000151
2026-08-16 18:14:50.824,13.631,lower,-0.008124999999999938,-0.03249999999999975
2026-08-16 18:14:50.834,13.641,lower,0.078125,0.006249999999999867
2026-08-16 18:14:50.844,13.651,lower,-0.13124999999999942,-0.0462499999999999
2026-08-16 18:14:50.854,13.661,lower,0.06937500000000041,-0.0031249999999993783
2026-08-16 18:14:50.864,13.671,lower,-0.03249999999999975,-0.02062499999999967
2026-08-16 18:14:50.874,13.681,lower,0.013750000000000151,-0.03062499999999968
2026-08-16 18:14:50.884,13.691,lower,0.0737500000000002,0.006249999999999867
2026-08-16 18:14:50.894,13.701,lower,-0.13687499999999964,-0.04750000000000032
2026-08-16 18:14:50.904,13.711,lower,0.06249999999999978,0.001875000000000071
2026-08-16 18:14:50.914,13.721,lower,-0.07062499999999972,-0.02062499999999967
2026-08-16 18:14:50.924,13.731,lower,-0.0024999999999997247,-0.023124999999999396
2026-08-16 18:14:50.934,13.741,lower,0.078125,0.009375000000000355
2026-08-16 18:14:50.944,13.751,lower,-0.12562500000000032,-0.04375000000000018
2026-08-16 18:14:50.954,13.761,lower,0.06874999999999964,-0.0006249999999996536
2026-08-16 18:14:50.964,13.771,lower,-0.04249999999999976,-0.013124999999999387
2026-08-16 18:14:50.974,13.781,lower,-0.02874999999999961,-0.027500000000000302
2026-08-16 18:14:50.984,13.791,lower,0.06874999999999964,0.007500000000000284
2026-08-16 18:14:50.994,13.801,lower,-0.1343749999999999,-0.050000000000000044
2026-08-16 18:14:51.004,13.811,lower,0.06249999999999978,0.0012500000000004174
2026-08-16 18:14:51.014,13.821,lower,-0.08062499999999972,-0.014999999999999458
2026-08-16 18:14:51.024,13.831,lower,0.0050000000000005596,-0.02062499999999967
2026-08-16 18:14:51.034,13.841,lower,0.07874999999999965,0.004374999999999796
2026-08-16 18:14:51.044,13.851,lower,-0.1243749999999999,-0.046874999999999556
2026-08-16 18:14:51.054,13.861,lower,0.07125000000000048,0.003750000000000142
2026-08-16 18:14:51.064,13.871,lower,-0.04874999999999963,-0.018124999999999947
2026-08-16 18:14:51.074,13.881,lower,-0.022499999999999742,-0.03249999999999975
2026-08-16 18:14:51.084,13.891,lower,0.0737500000000002,0.007500000000000284
2026-08-16 18:14:51.094,13.901,lower,-0.13375000000000026,-0.044999999999999485
2026-08-16 18:14:51.104,13.911,lower,0.06500000000000061,-0.001875000000000071
2026-08-16 18:14:51.114,13.921,lower,-0.07937500000000042,-0.0187499999999996
2026-08-16 18:14:51.124,13.931,lower,0.010000000000000009,-0.030000000000000027
2026-08-16 18:14:51.134,13.941,lower,0.07624999999999993,0.008124999999999938
2026-08-16 18:14:51.144,13.951,lower,-0.14812500000000006,-0.044999999999999485
2026-08-16 18:14:51.154,13.961,lower,0.07562500000000028,-0.001875000000000071
2026-08-16 18:14:51.164,13.971,lower,-0.05249999999999977,-0.020000000000000018
2026-08-16 18:14:51.174,13.981,lower,-0.014999999999999458,-0.024999999999999467
2026-08-16 18:14:51.184,13.991,lower,0.07500000000000062,0.005625000000000213
2026-08-16 18:14:51.194,14.001,lower,-0.1318750000000002,-0.044999999999999485
2026-08-16 18:14:51.204,14.011,lower,0.0637500000000002,0.0006249999999996536
2026-08-16 18:14:51.214,14.021,lower,-0.030000000000000027,-0.011249999999999316
2026-08-16 18:14:51.224,14.031,lower,0.008124999999999938,-0.022499999999999742
2026-08-16 18:14:51.234,14.041,lower,0.07437499999999986,0.0050000000000005596
2026-08-16 18:14:51.244,14.051,lower,-0.14249999999999985,-0.044999999999999485
2026-08-16 18:14:51.254,14.061,lower,0.07500000000000062,0.0006249999999996536
2026-08-16 18:14:51.264,14.071,lower,-0.06312499999999943,-0.016249999999999876
2026-08-16 18:14:51.274,14.081,lower,-0.010000000000000009,-0.023124999999999396
2026-08-16 18:14:51.284,14.091,lower,0.08000000000000007,0.011250000000000426
2026-08-16 18:14:51.294,14.101,lower,-0.12812500000000004,-0.04562500000000025
2026-08-16 18:14:51.304,14.111,lower,0.06874999999999964,0.0024999999999997247
2026-08-16 18:14:51.314,14.121,lower,-0.03437499999999982,-0.014999999999999458
2026-08-16 18:14:51.324,14.131,lower,0.012499999999999734,-0.03437499999999982
2026-08-16 18:14:51.334,14.141,lower,0.07874999999999965,0.009375000000000355
2026-08-16 18:14:51.344,14.151,lower,-0.13812500000000005,-0.04437499999999983
2026-08-16 18:14:51.354,14.161,lower,0.07937500000000042,-0.004374999999999796
2026-08-16 18:14:51.364,14.171,lower,-0.07062499999999972,-0.015625000000000222
2026-08-16 18:14:51.374,14.181,lower,-0.0031249999999993783,-0.03437499999999982
2026-08-16 18:14:51.384,14.191,lower,0.07750000000000035,0.006249999999999867
2026-08-16 18:14:51.394,14.201,lower,-0.12562500000000032,-0.050000000000000044
2026-08-16 18:14:51.404,14.211,lower,0.07062499999999972,-0.001875000000000071
2026-08-16 18:14:51.414,14.221,lower,-0.040000000000000036,-0.02562500000000023
2026-08-16 18:14:51.424,14.231,lower,0.019375000000000364,-0.02375000000000016
2026-08-16 18:14:51.434,14.241,lower,0.07874999999999965,0.008749999999999591
2026-08-16 18:14:51.444,14.251,lower,-0.13562500000000033,-0.04437499999999983
2026-08-16 18:14:51.454,14.261,lower,0.0637500000000002,0.0024999999999997247
2026-08-16 18:14:51.464,14.271,lower,-0.07874999999999965,-0.01687499999999953
2026-08-16 18:14:51.474,14.281,lower,0.001875000000000071,-0.02375000000000016
2026-08-16 18:14:51.484,14.291,lower,0.07687499999999958,0.001875000000000071
2026-08-16 18:14:51.494,14.301,lower,-0.1243749999999999,-0.05249999999999977
2026-08-16 18:14:51.504,14.311,lower,0.07187500000000013,0.0012500000000004174
2026-08-16 18:14:51.514,14.321,lower,-0.046874999999999556,-0.0187499999999996
2026-08-16 18:14:51.524,14.331,lower,-0.0187499999999996,-0.0187499999999996
2026-08-16 18:14:51.534,14.341,lower,0.07750000000000035,0.006875000000000631
2026-08-16 18:14:51.544,14.351,lower,-0.13499999999999956,-0.044999999999999485
2026-08-16 18:14:51.554,14.361,lower,0.06812499999999999,0.0031250000000004885
2026-08-16 18:14:51.564,14.371,lower,-0.08062499999999972,-0.013750000000000151
2026-08-16 18:14:51.574,14.381,lower,0.0050000000000005596,-0.03624999999999989
2026-08-16 18:14:51.584,14.391,lower,0.08000000000000007,0.005625000000000213
2026-08-16 18:14:51.594,14.401,lower,-0.11874999999999969,-0.04937500000000039
2026-08-16 18:14:51.604,14.411,lower,0.07500000000000062,0.005625000000000213
2026-08-16 18:14:51.614,14.421,lower,-0.05437499999999984,-0.020000000000000018
2026-08-16 18:14:51.624,14.431,lower,-0.018124999999999947,-0.02874999999999961
2026-08-16 18:14:51.634,14.441,lower,0.07312500000000055,0.009375000000000355
2026-08-16 18:14:51.644,14.451,lower,-0.13124999999999942,-0.046874999999999556
2026-08-16 18:14:51.654,14.461,lower,0.06687500000000068,-0.0006249999999996536
2026-08-16 18:14:51.664,14.471,lower,-0.08874999999999966,-0.022499999999999742
2026-08-16 18:14:51.674,14.481,lower,0.010624999999999662,-0.02562500000000023
2026-08-16 18:14:51.684,14.491,lower,0.07874999999999965,0.007500000000000284
2026-08-16 18:14:51.694,14.501,lower,-0.1418750000000002,-0.04812499999999997
2026-08-16 18:14:51.704,14.511,lower,0.07249999999999979,0.0
2026-08-16 18:14:51.714,14.521,lower,-0.06000000000000005,-0.026249999999999885
2026-08-16 18:14:51.724,14.531,lower,-0.008749999999999591,-0.028124999999999956
2026-08-16 18:14:51.734,14.541,lower,0.07187500000000013,0.006875000000000631
2026-08-16 18:14:51.744,14.551,lower,-0.1318750000000002,-0.05124999999999935
2026-08-16 18:14:51.754,14.561,lower,0.06249999999999978,-0.003750000000000142
2026-08-16 18:14:51.764,14.571,lower,-0.03937500000000038,-0.014374999999999805
2026-08-16 18:14:51.774,14.581,lower,0.013125000000000497,-0.019375000000000364
2026-08-16 18:14:51.784,14.591,lower,0.07624999999999993,0.006249999999999867
2026-08-16 18:14:51.794,14.601,lower,-0.14124999999999943,-0.050000000000000044
2026-08-16 18:14:51.804,14.611,lower,0.07874999999999965,0.005625000000000213
2026-08-16 18:14:51.814,14.621,lower,-0.06874999999999964,-0.014374999999999805
2026-08-16 18:14:51.824,14.631,lower,-0.003750000000000142,-0.020000000000000018
2026-08-16 18:14:51.834,14.641,lower,0.07062499999999972,0.006249999999999867
2026-08-16 18:14:51.844,14.651,lower,-0.13000000000000012,-0.04562500000000025
2026-08-16 18:14:51.854,14.661,lower,0.06874999999999964,0.007500000000000284
2026-08-16 18:14:51.864,14.671,lower,-0.03874999999999962,-0.017500000000000293
2026-08-16 18:14:51.874,14.681,lower,0.013750000000000151,-0.02874999999999961
2026-08-16 18:14:51.884,14.691,lower,0.07437499999999986,0.006875000000000631
2026-08-16 18:14:51.894,14.701,lower,-0.13812500000000005,-0.0462499999999999
2026-08-16 18:14:51.904,14.711,lower,0.07687499999999958,-0.0006249999999996536
2026-08-16 18:14:51.914,14.721,lower,-0.07624999999999993,-0.02062499999999967
2026-08-16 18:14:51.924,14.731,lower,-0.0006249999999996536,-0.03062499999999968
2026-08-16 18:14:51.934,14.741,lower,0.07687499999999958,0.010000000000000009
2026-08-16 18:14:51.944,14.751,lower,-0.12624999999999997,-0.0506249999999997
2026-08-16 18:14:51.954,14.761,lower,0.07000000000000006,-0.001875000000000071
2026-08-16 18:14:51.964,14.771,lower,-0.04750000000000032,-0.028124999999999956
2026-08-16 18:14:51.974,14.781,lower,0.01187500000000008,-0.023124999999999396
2026-08-16 18:14:51.984,14.791,lower,0.0737500000000002,0.001875000000000071
2026-08-16 18:14:51.994,14.801,lower,-0.13375000000000026,-0.046874999999999556
2026-08-16 18:14:52.004,14.811,lower,0.06000000000000005,-0.0012500000000004174
2026-08-16 18:14:52.014,14.821,lower,-0.08499999999999952,-0.014374999999999805
2026-08-16 18:14:52.024,14.831,lower,0.003750000000000142,-0.02062499999999967
2026-08-16 18:14:52.034,14.841,lower,0.07687499999999958,0.004374999999999796
2026-08-16 18:14:52.044,14.851,lower,-0.12499999999999956,-0.04750000000000032
2026-08-16 18:14:52.054,14.861,lower,0.06937500000000041,0.004374999999999796
2026-08-16 18:14:52.064,14.871,lower,-0.05437499999999984,-0.020000000000000018
2026-08-16 18:14:52.074,14.881,lower,0.02187500000000009,-0.02062499999999967
2026-08-16 18:14:52.084,14.891,lower,0.07125000000000048,0.009375000000000355
2026-08-16 18:14:52.094,14.901,lower,-0.13124999999999942,-0.04562500000000025
2026-08-16 18:14:52.104,14.911,lower,0.06437499999999985,0.005625000000000213
2026-08-16 18:14:52.114,14.921,lower,-0.08812500000000001,-0.017500000000000293
2026-08-16 18:14:52.124,14.931,lower,0.009375000000000355,-0.03062499999999968
2026-08-16 18:14:52.134,14.941,lower,0.07437499999999986,0.007500000000000284
2026-08-16 18:14:52.144,14.951,lower,-0.12062499999999976,-0.04812499999999997
2026-08-16 18:14:52.154,14.961,lower,0.0737500000000002,-0.0012500000000004174
2026-08-16 18:14:52.164,14.971,lower,-0.054999999999999494,-0.018124999999999947
2026-08-16 18:14:52.174,14.981,lower,-0.014999999999999458,-0.026249999999999885
2026-08-16 18:14:52.184,14.991,lower,0.06874999999999964,0.008749999999999591
2026-08-16 18:14:52.194,15.001,lower,-0.13124999999999942,-0.0462499999999999
2026-08-16 18:14:52.204,15.011,lower,0.06500000000000061,-0.003750000000000142
2026-08-16 18:14:52.214,15.021,lower,-0.09375000000000022,-0.024374999999999813
2026-08-16 18:14:52.224,15.031,lower,0.010000000000000009,-0.024374999999999813
2026-08-16 18:14:52.234,15.041,lower,0.07437499999999986,0.005625000000000213
2026-08-16 18:14:52.244,15.051,lower,-0.14812500000000006,-0.0462499999999999
2026-08-16 18:14:52.254,15.061,lower,0.07562500000000028,0.003750000000000142
2026-08-16 18:14:52.264,15.071,lower,-0.06750000000000034,-0.013750000000000151
2026-08-16 18:14:52.274,15.081,lower,-0.011249999999999316,-0.019375000000000364
2026-08-16 18:14:52.284,15.091,lower,0.07000000000000006,0.008749999999999591
2026-08-16 18:14:52.294,15.101,lower,-0.1331249999999995,-0.0462499999999999
2026-08-16 18:14:52.304,15.111,lower,0.06687500000000068,0.0031250000000004885
2026-08-16 18:14:52.314,15.121,lower,-0.09874999999999967,-0.015625000000000222
2026-08-16 18:14:52.324,15.131,lower,0.01187500000000008,-0.017500000000000293
2026-08-16 18:14:52.334,15.141,lower,0.0737500000000002,0.0050000000000005596
2026-08-16 18:14:52.344,15.151,lower,-0.1418750000000002,-0.04812499999999997
2026-08-16 18:14:52.354,15.161,lower,0.0737500000000002,0.003750000000000142
2026-08-16 18:14:52.364,15.171,lower,-0.078125,-0.01687499999999953
2026-08-16 18:14:52.374,15.181,lower,-0.004374999999999796,-0.031249999999999334
2026-08-16 18:14:52.384,15.191,lower,0.06624999999999992,0.006875000000000631
2026-08-16 18:14:52.394,15.201,lower,-0.12812500000000004,-0.04750000000000032
2026-08-16 18:14:52.404,15.211,lower,0.06812499999999999,-0.003750000000000142
2026-08-16 18:14:52.414,15.221,lower,-0.04937500000000039,-0.02187500000000009
2026-08-16 18:14:52.424,15.231,lower,0.014374999999999805,-0.02375000000000016
2026-08-16 18:14:52.434,15.241,lower,0.07500000000000062,0.008124999999999938
2026-08-16 18:14:52.444,15.251,lower,-0.1375000000000004,-0.0462499999999999
2026-08-16 18:14:52.454,15.261,lower,0.07500000000000062,0.001875000000000071
2026-08-16 18:14:52.464,15.271,lower,-0.08562500000000028,-0.02375000000000016
2026-08-16 18:14:52.474,15.281,lower,-0.001875000000000071,-0.02562500000000023
2026-08-16 18:14:52.484,15.291,lower,0.06874999999999964,0.006249999999999867
2026-08-16 18:14:52.494,15.301,lower,-0.13124999999999942,-0.04874999999999963
2026-08-16 18:14:52.504,15.311,lower,0.06937500000000041,0.0
2026-08-16 18:14:52.514,15.321,lower,-0.050000000000000044,-0.013124999999999387
2026-08-16 18:14:52.524,15.331,lower,0.018124999999999947,-0.02187500000000009
2026-08-16 18:14:52.534,15.341,lower,0.06874999999999964,0.010000000000000009
2026-08-16 18:14:52.544,15.351,lower,-0.13624999999999998,-0.04375000000000018
2026-08-16 18:14:52.554,15.361,lower,0.0737500000000002,0.0031250000000004885
2026-08-16 18:14:52.564,15.371,lower,-0.08687499999999959,-0.01687499999999953
2026-08-16 18:14:52.574,15.381,lower,0.006249999999999867,-0.014999999999999458
2026-08-16 18:14:52.584,15.391,lower,0.07249999999999979,0.010624999999999662
2026-08-16 18:14:52.594,15.401,lower,-0.12187500000000018,-0.04562500000000025
2026-08-16 18:14:52.604,15.411,lower,0.07687499999999958,0.009375000000000355
2026-08-16 18:14:52.614,15.421,lower,-0.056874999999999565,-0.01687499999999953
2026-08-16 18:14:52.624,15.431,lower,0.020000000000000018,-0.028124999999999956
2026-08-16 18:14:52.634,15.441,lower,0.07000000000000006,0.009375000000000355
2026-08-16 18:14:52.644,15.451,lower,-0.1318750000000002,-0.04124999999999934
2026-08-16 18:14:52.654,15.461,lower,0.061875000000000124,0.006249999999999867
2026-08-16 18:14:52.664,15.471,lower,-0.09000000000000008,-0.0187499999999996
2026-08-16 18:14:52.674,15.481,lower,0.009375000000000355,-0.023124999999999396
2026-08-16 18:14:52.684,15.491,lower,0.0737500000000002,0.009375000000000355
2026-08-16 18:14:52.694,15.501,lower,-0.11750000000000038,-0.04750000000000032
2026-08-16 18:14:52.704,15.511,lower,0.07125000000000048,0.0006249999999996536
2026-08-16 18:14:52.714,15.521,lower,-0.06687499999999957,-0.02187500000000009
2026-08-16 18:14:52.724,15.531,lower,-0.015625000000000222,-0.027500000000000302
2026-08-16 18:14:52.734,15.541,lower,0.07000000000000006,0.0050000000000005596
2026-08-16 18:14:52.744,15.551,lower,-0.13562500000000033,-0.04812499999999997
2026-08-16 18:14:52.754,15.561,lower,0.06500000000000061,0.0012500000000004174
2026-08-16 18:14:52.764,15.571,lower,-0.10000000000000009,-0.030000000000000027
2026-08-16 18:14:52.774,15.581,lower,0.013125000000000497,-0.01687499999999953
2026-08-16 18:14:52.784,15.591,lower,0.07500000000000062,0.010000000000000009
2026-08-16 18:14:52.794,15.601,lower,-0.11812500000000004,-0.043124999999999414
2026-08-16 18:14:52.804,15.611,lower,0.07562500000000028,0.007500000000000284
2026-08-16 18:14:52.814,15.621,lower,-0.07499999999999951,-0.015625000000000222
2026-08-16 18:14:52.824,15.631,lower,-0.005625000000000213,-0.017500000000000293
2026-08-16 18:14:52.834,15.641,lower,0.06562500000000027,0.008749999999999591
2026-08-16 18:14:52.844,15.651,lower,-0.13124999999999942,-0.04874999999999963
2026-08-16 18:14:52.854,15.661,lower,0.06874999999999964,0.0050000000000005596
2026-08-16 18:14:52.864,15.671,lower,-0.10000000000000009,-0.019375000000000364
2026-08-16 18:14:52.874,15.681,lower,0.016249999999999876,-0.014374999999999805
2026-08-16 18:14:52.884,15.691,lower,0.0737500000000002,0.006249999999999867
2026-08-16 18:14:52.894,15.701,lower,-0.14000000000000012,-0.044999999999999485
2026-08-16 18:14:52.904,15.711,lower,0.07562500000000028,0.005625000000000213
2026-08-16 18:14:52.914,15.721,lower,-0.078125,-0.014999999999999458
2026-08-16 18:14:52.924,15.731,lower,-0.003750000000000142,-0.03062499999999968
2026-08-16 18:14:52.934,15.741,lower,0.06437499999999985,0.006249999999999867
2026-08-16 18:14:52.944,15.751,lower,-0.12687499999999963,-0.04562500000000025
2026-08-16 18:14:52.954,15.761,lower,0.07000000000000006,-0.004374999999999796
2026-08-16 18:14:52.964,15.771,lower,-0.05249999999999977,-0.02187500000000009
2026-08-16 18:14:52.974,15.781,lower,0.015625000000000222,-0.026249999999999885
2026-08-16 18:14:52.984,15.791,lower,0.07312500000000055,0.006875000000000631
2026-08-16 18:14:52.994,15.801,lower,-0.13499999999999956,-0.04375000000000018
2026-08-16 18:14:53.004,15.811,lower,0.07249999999999979,0.0012500000000004174
2026-08-16 18:14:53.014,15.821,lower,-0.08874999999999966,-0.029375000000000373
2026-08-16 18:14:53.024,15.831,lower,0.0050000000000005596,-0.02062499999999967
2026-08-16 18:14:53.034,15.841,lower,0.058749999999999636,0.0050000000000005596
2026-08-16 18:14:53.044,15.851,lower,-0.12687499999999963,-0.04874999999999963
2026-08-16 18:14:53.054,15.861,lower,0.07500000000000062,0.0050000000000005596
2026-08-16 18:14:53.064,15.871,lower,-0.056874999999999565,-0.018124999999999947
2026-08-16 18:14:53.074,15.881,lower,0.02187500000000009,-0.01687499999999953
2026-08-16 18:14:53.084,15.891,lower,0.07562500000000028,0.009375000000000355
2026-08-16 18:14:53.094,15.901,lower,-0.13499999999999956,-0.04937500000000039
2026-08-16 18:14:53.104,15.911,lower,0.08062499999999972,0.005625000000000213
2026-08-16 18:14:53.114,15.921,lower,-0.08812500000000001,-0.018124999999999947
2026-08-16 18:14:53.124,15.931,lower,0.010000000000000009,-0.012499999999999734
2026-08-16 18:14:53.134,15.941,lower,0.07187500000000013,0.006249999999999867
2026-08-16 18:14:53.144,15.951,lower,-0.11750000000000038,-0.05124999999999935
2026-08-16 18:14:53.154,15.961,lower,0.07624999999999993,0.008124999999999938
2026-08-16 18:14:53.164,15.971,lower,-0.06062499999999971,-0.017500000000000293
2026-08-16 18:14:53.174,15.981,lower,0.027500000000000302,-0.024999999999999467
2026-08-16 18:14:53.184,15.991,lower,0.07249999999999979,0.009375000000000355
2026-08-16 18:14:53.194,16.001,lower,-0.13562500000000033,-0.04437499999999983
2026-08-16 18:14:53.204,16.011,lower,0.06312500000000054,-0.0024999999999997247
2026-08-16 18:14:53.214,16.021,lower,-0.09499999999999953,-0.02375000000000016
2026-08-16 18:14:53.224,16.031,lower,0.010000000000000009,-0.024999999999999467
2026-08-16 18:14:53.234,16.041,lower,0.07500000000000062,0.006875000000000631
2026-08-16 18:14:53.244,16.051,lower,-0.11750000000000038,-0.044999999999999485
2026-08-16 18:14:53.254,16.061,lower,0.07562500000000028,0.0
2026-08-16 18:14:53.264,16.071,lower,-0.06687499999999957,-0.028124999999999956
2026-08-16 18:14:53.274,16.081,lower,0.029375000000000373,-0.02375000000000016
2026-08-16 18:14:53.284,16.091,lower,0.06874999999999964,0.009375000000000355
2026-08-16 18:14:53.294,16.101,lower,-0.1331249999999995,-0.046874999999999556
2026-08-16 18:14:53.304,16.111,lower,0.06874999999999964,0.0024999999999997247
2026-08-16 18:14:53.314,16.121,lower,-0.10000000000000009,-0.016249999999999876
2026-08-16 18:14:53.324,16.131,lower,0.01187500000000008,-0.016249999999999876
2026-08-16 18:14:53.334,16.141,lower,0.07437499999999986,0.009375000000000355
2026-08-16 18:14:53.344,16.151,lower,-0.1112499999999994,-0.043124999999999414
2026-08-16 18:14:53.354,16.161,lower,0.07750000000000035,0.0031250000000004885
2026-08-16 18:14:53.364,16.171,lower,-0.07312499999999944,-0.017500000000000293
2026-08-16 18:14:53.374,16.181,lower,-0.0012500000000004174,-0.013124999999999387
2026-08-16 18:14:53.384,16.191,lower,0.07000000000000006,0.0050000000000005596
2026-08-16 18:14:53.394,16.201,lower,-0.12687499999999963,-0.04562500000000025
2026-08-16 18:14:53.404,16.211,lower,0.07187500000000013,0.009375000000000355
2026-08-16 18:14:53.414,16.221,lower,-0.10687499999999961,-0.020000000000000018
2026-08-16 18:14:53.424,16.231,lower,0.01687500000000064,-0.03249999999999975
2026-08-16 18:14:53.434,16.241,lower,0.07750000000000035,0.007500000000000284
2026-08-16 18:14:53.444,16.251,lower,-0.14000000000000012,-0.04937500000000039
2026-08-16 18:14:53.454,16.261,lower,0.07562500000000028,-0.0006249999999996536
2026-08-16 18:14:53.464,16.271,lower,-0.08187500000000014,-0.02562500000000023
2026-08-16 18:14:53.474,16.281,lower,0.004374999999999796,-0.02375000000000016
2026-08-16 18:14:53.484,16.291,lower,0.06437499999999985,0.005625000000000213
2026-08-16 18:14:53.494,16.301,lower,-0.12562500000000032,-0.04562500000000025
2026-08-16 18:14:53.504,16.311,lower,0.0737500000000002,0.001875000000000071
2026-08-16 18:14:53.514,16.321,lower,-0.11375000000000024,-0.026249999999999885
2026-08-16 18:14:53.524,16.331,lower,0.02687500000000065,-0.02062499999999967
2026-08-16 18:14:53.534,16.341,lower,0.07937500000000042,0.008124999999999938
2026-08-16 18:14:53.544,16.351,lower,-0.1387499999999997,-0.0462499999999999
2026-08-16 18:14:53.554,16.361,lower,0.08125000000000049,-0.0012500000000004174
2026-08-16 18:14:53.564,16.371,lower,-0.08000000000000007,-0.027500000000000302
2026-08-16 18:14:53.574,16.381,lower,0.007500000000000284,-0.02375000000000016
2026-08-16 18:14:53.584,16.391,lower,0.06312500000000054,0.008124999999999938
2026-08-16 18:14:53.594,16.401,lower,-0.11812500000000004,-0.04750000000000032
2026-08-16 18:14:53.604,16.411,lower,0.0737500000000002,0.003750000000000142
2026-08-16 18:14:53.614,16.421,lower,-0.05812499999999998,-0.015625000000000222
2026-08-16 18:14:53.624,16.431,lower,0.026249999999999885,-0.013750000000000151
2026-08-16 18:14:53.634,16.441,lower,0.0737500000000002,0.006875000000000631
2026-08-16 18:14:53.644,16.451,lower,-0.13624999999999998,-0.05124999999999935
2026-08-16 18:14:53.654,16.461,lower,0.08187500000000014,0.008749999999999591
2026-08-16 18:14:53.664,16.471,lower,-0.09000000000000008,-0.017500000000000293
2026-08-16 18:14:53.674,16.481,lower,0.007500000000000284,-0.03249999999999975
2026-08-16 18:14:53.684,16.491,lower,0.07624999999999993,0.008749999999999591
2026-08-16 18:14:53.694,16.501,lower,-0.11812500000000004,-0.04937500000000039
2026-08-16 18:14:53.704,16.511,lower,0.07249999999999979,0.001875000000000071
2026-08-16 18:14:53.714,16.521,lower,-0.06687499999999957,-0.026874999999999538
2026-08-16 18:14:53.724,16.531,lower,0.026249999999999885,-0.024999999999999467
2026-08-16 18:14:53.734,16.541,lower,0.07312500000000055,0.0031250000000004885
2026-08-16 18:14:53.744,16.551,lower,-0.13124999999999942,-0.044999999999999485
2026-08-16 18:14:53.754,16.561,lower,0.08000000000000007,-0.0012500000000004174
2026-08-16 18:14:53.764,16.571,lower,-0.09937499999999932,-0.026249999999999885
2026-08-16 18:14:53.774,16.581,lower,0.013750000000000151,-0.023124999999999396
2026-08-16 18:14:53.784,16.591,lower,0.07750000000000035,0.005625000000000213
2026-08-16 18:14:53.794,16.601,lower,-0.11624999999999996,-0.0462499999999999
2026-08-16 18:14:53.804,16.611,lower,0.07750000000000035,0.0012500000000004174
2026-08-16 18:14:53.814,16.621,lower,-0.07062499999999972,-0.031249999999999334
2026-08-16 18:14:53.824,16.631,lower,0.03249999999999975,-0.019375000000000364
2026-08-16 18:14:53.834,16.641,lower,0.06874999999999964,0.008749999999999591
2026-08-16 18:14:53.844,16.651,lower,-0.1275000000000004,-0.044999999999999485
2026-08-16 18:14:53.854,16.661,lower,0.06812499999999999,0.001875000000000071
2026-08-16 18:14:53.864,16.671,lower,-0.10187500000000016,-0.01687499999999953
2026-08-16 18:14:53.874,16.681,lower,0.018124999999999947,-0.01687499999999953
2026-08-16 18:14:53.884,16.691,lower,0.07624999999999993,0.008124999999999938
2026-08-16 18:14:53.894,16.701,lower,-0.11375000000000024,-0.04750000000000032
2026-08-16 18:14:53.904,16.711,lower,0.07750000000000035,0.0050000000000005596
2026-08-16 18:14:53.914,16.721,lower,-0.0737500000000002,-0.01687499999999953
2026-08-16 18:14:53.924,16.731,lower,-0.0006249999999996536,-0.011249999999999316
2026-08-16 18:14:53.934,16.741,lower,0.06500000000000061,0.004374999999999796
2026-08-16 18:14:53.944,16.751,lower,-0.12375000000000025,-0.04937500000000039
2026-08-16 18:14:53.954,16.761,lower,0.07000000000000006,0.008124999999999938
2026-08-16 18:14:53.964,16.771,lower,-0.10812500000000003,-0.02562500000000023
2026-08-16 18:14:53.974,16.781,lower,0.017500000000000293,-0.029375000000000373
2026-08-16 18:14:53.984,16.791,lower,0.07437499999999986,0.0050000000000005596
2026-08-16 18:14:53.994,16.801,lower,-0.11187500000000017,-0.04812499999999997
2026-08-16 18:14:54.004,16.811,lower,0.07874999999999965,0.0006249999999996536
2026-08-16 18:14:54.014,16.821,lower,-0.08437499999999987,-0.027500000000000302
2026-08-16 18:14:54.024,16.831,lower,-0.004374999999999796,-0.024999999999999467
2026-08-16 18:14:54.034,16.841,lower,0.06500000000000061,0.003750000000000142
2026-08-16 18:14:54.044,16.851,lower,-0.12499999999999956,-0.04562500000000025
2026-08-16 18:14:54.054,16.861,lower,0.06937500000000041,0.0
2026-08-16 18:14:54.064,16.871,lower,-0.11562500000000031,-0.026874999999999538
2026-08-16 18:14:54.074,16.881,lower,0.019375000000000364,-0.023124999999999396
2026-08-16 18:14:54.084,16.891,lower,0.07312500000000055,0.006249999999999867
2026-08-16 18:14:54.094,16.901,lower,-0.1387499999999997,-0.04562500000000025
2026-08-16 18:14:54.104,16.911,lower,0.07874999999999965,0.0031250000000004885
2026-08-16 18:14:54.114,16.921,lower,-0.09062499999999973,-0.01687499999999953
2026-08-16 18:14:54.124,16.931,lower,0.008749999999999591,-0.01687499999999953
2026-08-16 18:14:54.134,16.941,lower,0.06000000000000005,0.0050000000000005596
2026-08-16 18:14:54.144,16.951,lower,-0.12375000000000025,-0.04124999999999934
2026-08-16 18:14:54.154,16.961,lower,0.07500000000000062,0.008749999999999591
2026-08-16 18:14:54.164,16.971,lower,-0.06312499999999943,-0.018124999999999947
2026-08-16 18:14:54.174,16.981,lower,0.025000000000000577,-0.026874999999999538
2026-08-16 18:14:54.184,16.991,lower,0.07187500000000013,0.008749999999999591
2026-08-16 18:14:54.194,17.001,lower,-0.13499999999999956,-0.04812499999999997
2026-08-16 18:14:54.204,17.011,lower,0.078125,0.006875000000000631
2026-08-16 18:14:54.214,17.021,lower,-0.09750000000000036,-0.026874999999999538
2026-08-16 18:14:54.224,17.031,lower,0.009375000000000355,-0.027500000000000302
2026-08-16 18:14:54.234,17.041,lower,0.051875000000000115,0.005625000000000213
2026-08-16 18:14:54.244,17.051,lower,-0.12187500000000018,-0.05249999999999977
2026-08-16 18:14:54.254,17.061,lower,0.07562500000000028,-0.0024999999999997247
2026-08-16 18:14:54.264,17.071,lower,-0.06750000000000034,-0.02562500000000023
2026-08-16 18:14:54.274,17.081,lower,0.026249999999999885,-0.024374999999999813
2026-08-16 18:14:54.284,17.091,lower,0.06750000000000034,0.0024999999999997247
2026-08-16 18:14:54.294,17.101,lower,-0.1343749999999999,-0.050000000000000044
2026-08-16 18:14:54.304,17.111,lower,0.078125,-0.0012500000000004174
2026-08-16 18:14:54.314,17.121,lower,-0.10375000000000023,-0.029375000000000373
2026-08-16 18:14:54.324,17.131,lower,0.01187500000000008,-0.017500000000000293
2026-08-16 18:14:54.334,17.141,lower,0.07125000000000048,0.0050000000000005596
2026-08-16 18:14:54.344,17.151,lower,-0.11562500000000031,-0.04437499999999983
2026-08-16 18:14:54.354,17.161,lower,0.07874999999999965,0.005625000000000213
2026-08-16 18:14:54.364,17.171,lower,-0.07499999999999951,-0.0187499999999996
2026-08-16 18:14:54.374,17.181,lower,0.028124999999999956,-0.016249999999999876
2026-08-16 18:14:54.384,17.191,lower,0.06812499999999999,0.008124999999999938
2026-08-16 18:14:54.394,17.201,lower,-0.1275000000000004,-0.0462499999999999
2026-08-16 18:14:54.404,17.211,lower,0.06437499999999985,0.0050000000000005596
2026-08-16 18:14:54.414,17.221,lower,-0.10687499999999961,-0.021249999999999325
2026-08-16 18:14:54.424,17.231,lower,0.015000000000000568,-0.014999999999999458
2026-08-16 18:14:54.434,17.241,lower,0.07062499999999972,0.0024999999999997247
2026-08-16 18:14:54.444,17.251,lower,-0.11062499999999975,-0.044999999999999485
2026-08-16 18:14:54.454,17.261,lower,0.07624999999999993,0.0050000000000005596
2026-08-16 18:14:54.464,17.271,lower,-0.08499999999999952,-0.022499999999999742
2026-08-16 18:14:54.474,17.281,lower,0.0318750000000001,-0.029375000000000373
2026-08-16 18:14:54.484,17.291,lower,0.06312500000000054,0.006875000000000631
2026-08-16 18:14:54.494,17.301,lower,-0.13375000000000026,-0.050000000000000044
2026-08-16 18:14:54.504,17.311,lower,0.06874999999999964,0.007500000000000284
2026-08-16 18:14:54.514,17.321,lower,-0.11249999999999982,-0.02062499999999967
2026-08-16 18:14:54.524,17.331,lower,0.016249999999999876,-0.022499999999999742
2026-08-16 18:14:54.534,17.341,lower,0.07500000000000062,0.008124999999999938
2026-08-16 18:14:54.544,17.351,lower,-0.10812500000000003,-0.046874999999999556
2026-08-16 18:14:54.554,17.361,lower,0.07437499999999986,0.0024999999999997247
2026-08-16 18:14:54.564,17.371,lower,-0.08687499999999959,-0.029375000000000373
2026-08-16 18:14:54.574,17.381,lower,0.0024999999999997247,-0.0187499999999996
2026-08-16 18:14:54.584,17.391,lower,0.05750000000000033,0.010000000000000009
2026-08-16 18:14:54.594,17.401,lower,-0.12624999999999997,-0.04187500000000011
2026-08-16 18:14:54.604,17.411,lower,0.07562500000000028,0.006249999999999867
2026-08-16 18:14:54.614,17.421,lower,-0.11687499999999962,-0.02562500000000023
2026-08-16 18:14:54.624,17.431,lower,0.018124999999999947,-0.019375000000000364
2026-08-16 18:14:54.634,17.441,lower,0.07062499999999972,0.008124999999999938
2026-08-16 18:14:54.644,17.451,lower,-0.1375000000000004,-0.0462499999999999
2026-08-16 18:14:54.654,17.461,lower,0.078125,0.005625000000000213
2026-08-16 18:14:54.664,17.471,lower,-0.0924999999999998,-0.0187499999999996
2026-08-16 18:14:54.674,17.481,lower,0.006875000000000631,-0.014374999999999805
2026-08-16 18:14:54.684,17.491,lower,0.055000000000000604,0.006875000000000631
2026-08-16 18:14:54.694,17.501,lower,-0.12499999999999956,-0.0462499999999999
2026-08-16 18:14:54.704,17.511,lower,0.07437499999999986,0.004374999999999796
2026-08-16 18:14:54.714,17.521,lower,-0.12687499999999963,-0.021249999999999325
2026-08-16 18:14:54.724,17.531,lower,0.019375000000000364,-0.016249999999999876
2026-08-16 18:14:54.734,17.541,lower,0.06687500000000068,0.006249999999999867
2026-08-16 18:14:54.744,17.551,lower,-0.13812500000000005,-0.05124999999999935
2026-08-16 18:14:54.754,17.561,lower,0.07687499999999958,0.006875000000000631
2026-08-16 18:14:54.764,17.571,lower,-0.1012499999999994,-0.02562500000000023
2026-08-16 18:14:54.774,17.581,lower,0.010000000000000009,-0.023124999999999396
2026-08-16 18:14:54.784,17.591,lower,0.04937500000000039,0.007500000000000284
2026-08-16 18:14:54.794,17.601,lower,-0.12249999999999983,-0.044999999999999485
2026-08-16 18:14:54.804,17.611,lower,0.07312500000000055,0.0050000000000005596
2026-08-16 18:14:54.814,17.621,lower,-0.07437499999999986,-0.024999999999999467
2026-08-16 18:14:54.824,17.631,lower,0.026249999999999885,-0.02062499999999967
2026-08-16 18:14:54.834,17.641,lower,0.06937500000000041,0.007500000000000284
2026-08-16 18:14:54.844,17.651,lower,-0.13937499999999936,-0.046874999999999556
2026-08-16 18:14:54.854,17.661,lower,0.07687499999999958,0.004374999999999796
2026-08-16 18:14:54.864,17.671,lower,-0.1012499999999994,-0.029375000000000373
2026-08-16 18:14:54.874,17.681,lower,0.011250000000000426,-0.015625000000000222
2026-08-16 18:14:54.884,17.691,lower,0.06812499999999999,0.008124999999999938
2026-08-16 18:14:54.894,17.701,lower,-0.11750000000000038,-0.04187500000000011
2026-08-16 18:14:54.904,17.711,lower,0.07500000000000062,0.003750000000000142
2026-08-16 18:14:54.914,17.721,lower,-0.08000000000000007,-0.018124999999999947
2026-08-16 18:14:54.924,17.731,lower,0.03062499999999968,-0.014374999999999805
2026-08-16 18:14:54.934,17.741,lower,0.06500000000000061,0.006249999999999867
2026-08-16 18:14:54.944,17.751,lower,-0.13249999999999984,-0.046874999999999556
2026-08-16 18:14:54.954,17.761,lower,0.06687500000000068,0.006249999999999867
2026-08-16 18:14:54.964,17.771,lower,-0.11062499999999975,-0.022499999999999742
2026-08-16 18:14:54.974,17.781,lower,0.008124999999999938,-0.015625000000000222
2026-08-16 18:14:54.984,17.791,lower,0.07125000000000048,0.005625000000000213
2026-08-16 18:14:54.994,17.801,lower,-0.11812500000000004,-0.04562500000000025
2026-08-16 18:14:55.004,17.811,lower,0.07312500000000055,0.003750000000000142
2026-08-16 18:14:55.014,17.821,lower,-0.08312499999999945,-0.026874999999999538
2026-08-16 18:14:55.024,17.831,lower,0.03062499999999968,-0.026249999999999885
2026-08-16 18:14:55.034,17.841,lower,0.061875000000000124,0.006875000000000631
2026-08-16 18:14:55.044,17.851,lower,-0.12937499999999935,-0.0506249999999997
2026-08-16 18:14:55.054,17.861,lower,0.07000000000000006,0.0012500000000004174
2026-08-16 18:14:55.064,17.871,lower,-0.11562500000000031,-0.026874999999999538
2026-08-16 18:14:55.074,17.881,lower,0.01687500000000064,-0.022499999999999742
2026-08-16 18:14:55.084,17.891,lower,0.07750000000000035,0.0
2026-08-16 18:14:55.094,17.901,lower,-0.10750000000000037,-0.04562500000000025
2026-08-16 18:14:55.104,17.911,lower,0.0737500000000002,0.0031250000000004885
2026-08-16 18:14:55.114,17.921,lower,-0.08812500000000001,-0.030000000000000027
2026-08-16 18:14:55.124,17.931,lower,0.003750000000000142,-0.01687499999999953
2026-08-16 18:14:55.134,17.941,lower,0.0637500000000002,0.006249999999999867
2026-08-16 18:14:55.144,17.951,lower,-0.12624999999999997,-0.0462499999999999
2026-08-16 18:14:55.154,17.961,lower,0.0737500000000002,0.004374999999999796
2026-08-16 18:14:55.164,17.971,lower,-0.11750000000000038,-0.0187499999999996
2026-08-16 18:14:55.174,17.981,lower,0.023125000000000506,-0.014374999999999805
2026-08-16 18:14:55.184,17.991,lower,0.07125000000000048,0.006249999999999867
2026-08-16 18:14:55.194,18.001,lower,-0.10874999999999968,-0.04437499999999983
2026-08-16 18:14:55.204,18.011,lower,0.07687499999999958,0.005625000000000213
2026-08-16 18:14:55.214,18.021,lower,-0.09312499999999946,-0.021249999999999325
2026-08-16 18:14:55.224,18.031,lower,0.008124999999999938,-0.017500000000000293
2026-08-16 18:14:55.234,18.041,lower,0.055000000000000604,0.0050000000000005596
2026-08-16 18:14:55.244,18.051,lower,-0.12624999999999997,-0.04874999999999963
2026-08-16 18:14:55.254,18.061,lower,0.0737500000000002,0.0050000000000005596
2026-08-16 18:14:55.264,18.071,lower,-0.1275000000000004,-0.023124999999999396
2026-08-16 18:14:55.274,18.081,lower,0.02562500000000023,-0.02562500000000023
2026-08-16 18:14:55.284,18.091,lower,0.07187500000000013,0.006875000000000631
2026-08-16 18:14:55.294,18.101,lower,-0.13937499999999936,-0.04812499999999997
2026-08-16 18:14:55.304,18.111,lower,0.0824999999999998,0.012499999999999734
2026-08-16 18:14:55.314,18.121,lower,-0.09375000000000022,-0.02562500000000023
2026-08-16 18:14:55.324,18.131,lower,0.007500000000000284,-0.02062499999999967
2026-08-16 18:14:55.334,18.141,lower,0.051875000000000115,0.0031250000000004885
2026-08-16 18:14:55.344,18.151,lower,-0.12062499999999976,-0.0462499999999999
2026-08-16 18:14:55.354,18.161,lower,0.07624999999999993,0.0012500000000004174
2026-08-16 18:14:55.364,18.171,lower,-0.07249999999999979,-0.028124999999999956
2026-08-16 18:14:55.374,18.181,lower,0.024374999999999813,-0.016249999999999876
2026-08-16 18:14:55.384,18.191,lower,0.07187500000000013,0.006875000000000631
2026-08-16 18:14:55.394,18.201,lower,-0.1331249999999995,-0.04437499999999983
2026-08-16 18:14:55.404,18.211,lower,0.08187500000000014,0.005625000000000213
2026-08-16 18:14:55.414,18.221,lower,-0.1056250000000003,-0.03375000000000017
2026-08-16 18:14:55.424,18.231,lower,0.013125000000000497,-0.01687499999999953
2026-08-16 18:14:55.434,18.241,lower,0.05437499999999984,0.0050000000000005596
2026-08-16 18:14:55.444,18.251,lower,-0.11624999999999996,-0.04124999999999934
2026-08-16 18:14:55.454,18.261,lower,0.07249999999999979,0.004374999999999796
2026-08-16 18:14:55.464,18.271,lower,-0.07750000000000035,-0.026874999999999538
2026-08-16 18:14:55.474,18.281,lower,0.029375000000000373,-0.01687499999999953
2026-08-16 18:14:55.484,18.291,lower,0.0637500000000002,0.004374999999999796
2026-08-16 18:14:55.494,18.301,lower,-0.1331249999999995,-0.04562500000000025
2026-08-16 18:14:55.504,18.311,lower,0.08000000000000007,0.005625000000000213
2026-08-16 18:14:55.514,18.321,lower,-0.10750000000000037,-0.02187500000000009
2026-08-16 18:14:55.524,18.331,lower,0.021250000000000435,-0.024374999999999813
2026-08-16 18:14:55.534,18.341,lower,0.07437499999999986,0.008749999999999591
2026-08-16 18:14:55.544,18.351,lower,-0.11375000000000024,-0.04562500000000025
2026-08-16 18:14:55.554,18.361,lower,0.07937500000000042,0.005625000000000213
2026-08-16 18:14:55.564,18.371,lower,-0.07750000000000035,-0.02562500000000023
2026-08-16 18:14:55.574,18.381,lower,0.035000000000000586,-0.024999999999999467
2026-08-16 18:14:55.584,18.391,lower,0.0637500000000002,0.006249999999999867
2026-08-16 18:14:55.594,18.401,lower,-0.12687499999999963,-0.04812499999999997
2026-08-16 18:14:55.604,18.411,lower,0.0824999999999998,0.0024999999999997247
2026-08-16 18:14:55.614,18.421,lower,-0.11187500000000017,-0.029375000000000373
2026-08-16 18:14:55.624,18.431,lower,0.018124999999999947,-0.021249999999999325
2026-08-16 18:14:55.634,18.441,lower,0.07249999999999979,0.005625000000000213
2026-08-16 18:14:55.644,18.451,lower,-0.11062499999999975,-0.04562500000000025
2026-08-16 18:14:55.654,18.461,lower,0.078125,0.0050000000000005596
2026-08-16 18:14:55.664,18.471,lower,-0.0824999999999998,-0.031249999999999334
2026-08-16 18:14:55.674,18.481,lower,0.03562500000000024,-0.017500000000000293
2026-08-16 18:14:55.684,18.491,lower,0.06000000000000005,0.005625000000000213
2026-08-16 18:14:55.694,18.501,lower,-0.12624999999999997,-0.04874999999999963
2026-08-16 18:14:55.704,18.511,lower,0.07437499999999986,0.0024999999999997247
2026-08-16 18:14:55.714,18.521,lower,-0.11937499999999934,-0.022499999999999742
2026-08-16 18:14:55.724,18.531,lower,0.02375000000000016,-0.02062499999999967
2026-08-16 18:14:55.734,18.541,lower,0.07500000000000062,0.0050000000000005596
2026-08-16 18:14:55.744,18.551,lower,-0.1056250000000003,-0.051875000000000115
2026-08-16 18:14:55.754,18.561,lower,0.07874999999999965,0.003750000000000142
2026-08-16 18:14:55.764,18.571,lower,-0.09437499999999988,-0.026874999999999538
2026-08-16 18:14:55.774,18.581,lower,0.003750000000000142,-0.014374999999999805
2026-08-16 18:14:55.784,18.591,lower,0.06062499999999971,0.0024999999999997247
2026-08-16 18:14:55.794,18.601,lower,-0.11874999999999969,-0.04812499999999997
2026-08-16 18:14:55.804,18.611,lower,0.07312500000000055,0.007500000000000284
2026-08-16 18:14:55.814,18.621,lower,-0.11937499999999934,-0.024374999999999813
2026-08-16 18:14:55.824,18.631,lower,0.02874999999999961,-0.02375000000000016
2026-08-16 18:14:55.834,18.641,lower,0.07125000000000048,0.007500000000000284
2026-08-16 18:14:55.844,18.651,lower,-0.10000000000000009,-0.04874999999999963
2026-08-16 18:14:55.854,18.661,lower,0.08125000000000049,-0.0006249999999996536
2026-08-16 18:14:55.864,18.671,lower,-0.10000000000000009,-0.026874999999999538
2026-08-16 18:14:55.874,18.681,lower,0.010000000000000009,-0.021249999999999325
2026-08-16 18:14:55.884,18.691,lower,0.053750000000000187,0.006249999999999867
2026-08-16 18:14:55.894,18.701,lower,-0.1243749999999999,-0.04750000000000032
2026-08-16 18:14:55.904,18.711,lower,0.07500000000000062,0.003750000000000142
2026-08-16 18:14:55.914,18.721,lower,-0.12562500000000032,-0.03249999999999975
2026-08-16 18:14:55.924,18.731,lower,0.02874999999999961,-0.018124999999999947
2026-08-16 18:14:55.934,18.741,lower,0.0637500000000002,0.008749999999999591
2026-08-16 18:14:55.944,18.751,lower,-0.13562500000000033,-0.044999999999999485
2026-08-16 18:14:55.954,18.761,lower,0.08187500000000014,0.0031250000000004885
2026-08-16 18:14:55.964,18.771,lower,-0.10249999999999981,-0.02187500000000009
2026-08-16 18:14:55.974,18.781,lower,0.013750000000000151,-0.0187499999999996
2026-08-16 18:14:55.984,18.791,lower,0.045000000000000595,0.0006249999999996536
2026-08-16 18:14:55.994,18.801,lower,-0.11750000000000038,-0.04750000000000032
2026-08-16 18:14:56.004,18.811,lower,0.07500000000000062,-0.0012500000000004174
2026-08-16 18:14:56.014,18.821,lower,-0.07874999999999965,-0.028124999999999956
2026-08-16 18:14:56.024,18.831,lower,0.027500000000000302,-0.014999999999999458
2026-08-16 18:14:56.034,18.841,lower,0.06624999999999992,0.0006249999999996536
2026-08-16 18:14:56.044,18.851,lower,-0.13124999999999942,-0.050000000000000044
2026-08-16 18:14:56.054,18.861,lower,0.0824999999999998,0.0050000000000005596
2026-08-16 18:14:56.064,18.871,lower,-0.10937499999999933,-0.02562500000000023
2026-08-16 18:14:56.074,18.881,lower,0.01687500000000064,-0.024374999999999813
2026-08-16 18:14:56.084,18.891,lower,0.04437499999999983,0.005625000000000213
2026-08-16 18:14:56.094,18.901,lower,-0.11249999999999982,-0.04562500000000025
2026-08-16 18:14:56.104,18.911,lower,0.07624999999999993,0.009375000000000355
2026-08-16 18:14:56.114,18.921,lower,-0.08437499999999987,-0.03062499999999968
2026-08-16 18:14:56.124,18.931,lower,0.03062499999999968,-0.022499999999999742
2026-08-16 18:14:56.134,18.941,lower,0.06624999999999992,0.003750000000000142
2026-08-16 18:14:56.144,18.951,lower,-0.1287499999999997,-0.04562500000000025
2026-08-16 18:14:56.154,18.961,lower,0.08062499999999972,0.003750000000000142
2026-08-16 18:14:56.164,18.971,lower,-0.11249999999999982,-0.02874999999999961
2026-08-16 18:14:56.174,18.981,lower,0.021250000000000435,-0.023124999999999396
2026-08-16 18:14:56.184,18.991,lower,0.07562500000000028,0.004374999999999796
2026-08-16 18:14:56.194,19.001,lower,-0.1100000000000001,-0.05249999999999977
2026-08-16 18:14:56.204,19.011,lower,0.07937500000000042,-0.0024999999999997247
2026-08-16 18:14:56.214,19.021,lower,-0.08812500000000001,-0.026249999999999885
2026-08-16 18:14:56.224,19.031,lower,0.03562500000000024,-0.016249999999999876
2026-08-16 18:14:56.234,19.041,lower,0.06062499999999971,0.0031250000000004885
2026-08-16 18:14:56.244,19.051,lower,-0.13124999999999942,-0.046874999999999556
2026-08-16 18:14:56.254,19.061,lower,0.07249999999999979,0.005625000000000213
2026-08-16 18:14:56.264,19.071,lower,-0.1200000000000001,-0.022499999999999742
2026-08-16 18:14:56.274,19.081,lower,0.019375000000000364,-0.01187500000000008
2026-08-16 18:14:56.284,19.091,lower,0.07062499999999972,0.004374999999999796
2026-08-16 18:14:56.294,19.101,lower,-0.10499999999999954,-0.05124999999999935
2026-08-16 18:14:56.304,19.111,lower,0.08062499999999972,0.008124999999999938
2026-08-16 18:14:56.314,19.121,lower,-0.09624999999999995,-0.028124999999999956
2026-08-16 18:14:56.324,19.131,lower,0.03750000000000031,-0.023124999999999396
2026-08-16 18:14:56.334,19.141,lower,0.05437499999999984,0.006875000000000631
2026-08-16 18:14:56.344,19.151,lower,-0.12687499999999963,-0.046874999999999556
2026-08-16 18:14:56.354,19.161,lower,0.07687499999999958,0.0050000000000005596
2026-08-16 18:14:56.364,19.171,lower,-0.12624999999999997,-0.028124999999999956
2026-08-16 18:14:56.374,19.181,lower,0.02375000000000016,-0.022499999999999742
2026-08-16 18:14:56.384,19.191,lower,0.07062499999999972,0.004374999999999796
2026-08-16 18:14:56.394,19.201,lower,-0.09874999999999967,-0.04750000000000032
2026-08-16 18:14:56.404,19.211,lower,0.07750000000000035,0.0031250000000004885
2026-08-16 18:14:56.414,19.221,lower,-0.10062499999999974,-0.027500000000000302
2026-08-16 18:14:56.424,19.231,lower,0.008749999999999591,-0.02062499999999967
2026-08-16 18:14:56.434,19.241,lower,0.04937500000000039,0.005625000000000213
2026-08-16 18:14:56.444,19.251,lower,-0.1243749999999999,-0.04562500000000025
2026-08-16 18:14:56.454,19.261,lower,0.0737500000000002,-0.0006249999999996536
2026-08-16 18:14:56.464,19.271,lower,-0.13249999999999984,-0.034999999999999476
2026-08-16 18:14:56.474,19.281,lower,0.02687500000000065,-0.01687499999999953
2026-08-16 18:14:56.484,19.291,lower,0.06624999999999992,0.004374999999999796
2026-08-16 18:14:56.494,19.301,lower,-0.14124999999999943,-0.046874999999999556
2026-08-16 18:14:56.504,19.311,lower,0.07687499999999958,0.0031250000000004885
2026-08-16 18:14:56.514,19.321,lower,-0.10437499999999988,-0.023124999999999396
2026-08-16 18:14:56.524,19.331,lower,0.008749999999999591,-0.01187500000000008
2026-08-16 18:14:56.534,19.341,lower,0.0462499999999999,0.006249999999999867
2026-08-16 18:14:56.544,19.351,lower,-0.11937499999999934,-0.046874999999999556
2026-08-16 18:14:56.554,19.361,lower,0.07187500000000013,0.007500000000000284
2026-08-16 18:14:56.564,19.371,lower,-0.13249999999999984,-0.02874999999999961
2026-08-16 18:14:56.574,19.381,lower,0.027500000000000302,-0.01187500000000008
2026-08-16 18:14:56.584,19.391,lower,0.06500000000000061,0.0050000000000005596
2026-08-16 18:14:56.594,19.401,lower,-0.13937499999999936,-0.05124999999999935
2026-08-16 18:14:56.604,19.411,lower,0.07874999999999965,0.006249999999999867
2026-08-16 18:14:56.614,19.421,lower,-0.1112499999999994,-0.02874999999999961
2026-08-16 18:14:56.624,19.431,lower,0.012499999999999734,-0.024374999999999813
2026-08-16 18:14:56.634,19.441,lower,0.03874999999999962,0.003750000000000142
2026-08-16 18:14:56.644,19.451,lower,-0.1143749999999999,-0.046874999999999556
2026-08-16 18:14:56.654,19.461,lower,0.07562500000000028,0.0
2026-08-16 18:14:56.664,19.471,lower,-0.08687499999999959,-0.030000000000000027
2026-08-16 18:14:56.674,19.481,lower,0.02874999999999961,-0.015625000000000222
2026-08-16 18:14:56.684,19.491,lower,0.06249999999999978,0.003750000000000142
2026-08-16 18:14:56.694,19.501,lower,-0.13375000000000026,-0.0462499999999999
2026-08-16 18:14:56.704,19.511,lower,0.08000000000000007,0.0024999999999997247
2026-08-16 18:14:56.714,19.521,lower,-0.12124999999999941,-0.03375000000000017
2026-08-16 18:14:56.724,19.531,lower,0.013750000000000151,-0.021249999999999325
2026-08-16 18:14:56.734,19.541,lower,0.06750000000000034,0.0031250000000004885
2026-08-16 18:14:56.744,19.551,lower,-0.11375000000000024,-0.04937500000000039
2026-08-16 18:14:56.754,19.561,lower,0.07249999999999979,0.003750000000000142
2026-08-16 18:14:56.764,19.571,lower,-0.0956250000000003,-0.02375000000000016
2026-08-16 18:14:56.774,19.581,lower,0.031250000000000444,-0.016249999999999876
2026-08-16 18:14:56.784,19.591,lower,0.05750000000000033,0.005625000000000213
2026-08-16 18:14:56.794,19.601,lower,-0.13000000000000012,-0.044999999999999485
2026-08-16 18:14:56.804,19.611,lower,0.07937500000000042,0.006875000000000631
2026-08-16 18:14:56.814,19.621,lower,-0.12937499999999935,-0.02375000000000016
2026-08-16 18:14:56.824,19.631,lower,0.022499999999999742,-0.008749999999999591
2026-08-16 18:14:56.834,19.641,lower,0.07187500000000013,0.003750000000000142
2026-08-16 18:14:56.844,19.651,lower,-0.10874999999999968,-0.04937500000000039
2026-08-16 18:14:56.854,19.661,lower,0.07624999999999993,0.008124999999999938
2026-08-16 18:14:56.864,19.671,lower,-0.09312499999999946,-0.030000000000000027
2026-08-16 18:14:56.874,19.681,lower,0.03375000000000017,-0.022499999999999742
2026-08-16 18:14:56.884,19.691,lower,0.05437499999999984,0.004374999999999796
2026-08-16 18:14:56.894,19.701,lower,-0.12687499999999963,-0.0462499999999999
2026-08-16 18:14:56.904,19.711,lower,0.07062499999999972,0.0050000000000005596
2026-08-16 18:14:56.914,19.721,lower,-0.12624999999999997,-0.03062499999999968
2026-08-16 18:14:56.924,19.731,lower,0.025000000000000577,-0.0187499999999996
2026-08-16 18:14:56.934,19.741,lower,0.06500000000000061,0.0050000000000005596
2026-08-16 18:14:56.944,19.751,lower,-0.10249999999999981,-0.044999999999999485
2026-08-16 18:14:56.954,19.761,lower,0.078125,0.0006249999999996536
2026-08-16 18:14:56.964,19.771,lower,-0.10437499999999988,-0.033124999999999405
2026-08-16 18:14:56.974,19.781,lower,-0.001875000000000071,-0.022499999999999742
2026-08-16 18:14:56.984,19.791,lower,0.04750000000000032,0.0050000000000005596
2026-08-16 18:14:56.994,19.801,lower,-0.13062499999999977,-0.050000000000000044
2026-08-16 18:14:57.004,19.811,lower,0.06937500000000041,0.0006249999999996536
2026-08-16 18:14:57.014,19.821,lower,-0.13375000000000026,-0.02187500000000009
2026-08-16 18:14:57.024,19.831,lower,0.02187500000000009,-0.015625000000000222
2026-08-16 18:14:57.034,19.841,lower,0.06062499999999971,0.004374999999999796
2026-08-16 18:14:57.044,19.851,lower,-0.0968749999999996,-0.044999999999999485
2026-08-16 18:14:57.054,19.861,lower,0.07624999999999993,0.0050000000000005596
2026-08-16 18:14:57.064,19.871,lower,-0.11375000000000024,-0.023124999999999396
2026-08-16 18:14:57.074,19.881,lower,0.008124999999999938,-0.011249999999999316
2026-08-16 18:14:57.084,19.891,lower,0.04562500000000025,0.005625000000000213
2026-08-16 18:14:57.094,19.901,lower,-0.12249999999999983,-0.04750000000000032
2026-08-16 18:14:57.104,19.911,lower,0.07437499999999986,0.008124999999999938
2026-08-16 18:14:57.114,19.921,lower,-0.13624999999999998,-0.028124999999999956
2026-08-16 18:14:57.124,19.931,lower,0.024374999999999813,-0.02062499999999967
2026-08-16 18:14:57.134,19.941,lower,0.06687500000000068,0.0031250000000004885
2026-08-16 18:14:57.144,19.951,lower,-0.13562500000000033,-0.04562500000000025
2026-08-16 18:14:57.154,19.961,lower,0.0737500000000002,0.006875000000000631
2026-08-16 18:14:57.164,19.971,lower,-0.11562500000000031,-0.02874999999999961
2026-08-16 18:14:57.174,19.981,lower,0.01687500000000064,-0.024374999999999813
2026-08-16 18:14:57.184,19.991,lower,0.040000000000000036,0.0006249999999996536
2026-08-16 18:14:57.194,20.001,lower,-0.12062499999999976,-0.050000000000000044
2026-08-16 18:14:57.204,20.011,lower,0.07500000000000062,0.0024999999999997247
2026-08-16 18:14:57.214,20.021,lower,-0.09062499999999973,-0.034999999999999476
2026-08-16 18:14:57.224,20.031,lower,0.02687500000000065,-0.01687499999999953
2026-08-16 18:14:57.234,20.041,lower,0.061875000000000124,0.0012500000000004174
2026-08-16 18:14:57.244,20.051,lower,-0.13499999999999956,-0.046874999999999556
2026-08-16 18:14:57.254,20.061,lower,0.07624999999999993,0.003750000000000142
2026-08-16 18:14:57.264,20.071,lower,-0.11812500000000004,-0.03562500000000024
2026-08-16 18:14:57.274,20.081,lower,0.015625000000000222,-0.0187499999999996
2026-08-16 18:14:57.284,20.091,lower,0.03062499999999968,0.0050000000000005596
2026-08-16 18:14:57.294,20.101,lower,-0.11375000000000024,-0.043124999999999414
2026-08-16 18:14:57.304,20.111,lower,0.078125,0.006249999999999867
2026-08-16 18:14:57.314,20.121,lower,-0.09375000000000022,-0.02187500000000009
2026-08-16 18:14:57.324,20.131,lower,0.03375000000000017,-0.013124999999999387
2026-08-16 18:14:57.334,20.141,lower,0.058749999999999636,0.0012500000000004174
2026-08-16 18:14:57.344,20.151,lower,-0.13124999999999942,-0.04750000000000032
2026-08-16 18:14:57.354,20.161,lower,0.08500000000000063,0.009375000000000355
2026-08-16 18:14:57.364,20.171,lower,-0.12187500000000018,-0.02874999999999961
2026-08-16 18:14:57.374,20.181,lower,0.017500000000000293,-0.026249999999999885
2026-08-16 18:14:57.384,20.191,lower,0.06687500000000068,0.0050000000000005596
2026-08-16 18:14:57.394,20.201,lower,-0.10750000000000037,-0.04874999999999963
2026-08-16 18:14:57.404,20.211,lower,0.078125,0.010624999999999662
2026-08-16 18:14:57.414,20.221,lower,-0.09937499999999932,-0.029375000000000373
2026-08-16 18:14:57.424,20.231,lower,0.03249999999999975,-0.02187500000000009
2026-08-16 18:14:57.434,20.241,lower,0.056875000000000675,0.003750000000000142
2026-08-16 18:14:57.444,20.251,lower,-0.1275000000000004,-0.046874999999999556
2026-08-16 18:14:57.454,20.261,lower,0.07062499999999972,0.0
2026-08-16 18:14:57.464,20.271,lower,-0.13062499999999977,-0.03750000000000031
2026-08-16 18:14:57.474,20.281,lower,0.023125000000000506,-0.017500000000000293
2026-08-16 18:14:57.484,20.291,lower,0.07062499999999972,0.0031250000000004885
2026-08-16 18:14:57.494,20.301,lower,-0.10375000000000023,-0.04437499999999983
2026-08-16 18:14:57.504,20.311,lower,0.07750000000000035,0.0050000000000005596
2026-08-16 18:14:57.514,20.321,lower,-0.09812500000000002,-0.031249999999999334
2026-08-16 18:14:57.524,20.331,lower,0.007500000000000284,-0.0187499999999996
2026-08-16 18:14:57.534,20.341,lower,0.0506249999999997,0.005625000000000213
2026-08-16 18:14:57.544,20.351,lower,-0.12624999999999997,-0.04874999999999963
2026-08-16 18:14:57.554,20.361,lower,0.07312500000000055,0.004374999999999796
2026-08-16 18:14:57.564,20.371,lower,-0.12937499999999935,-0.02062499999999967
2026-08-16 18:14:57.574,20.381,lower,0.02874999999999961,-0.013750000000000151
2026-08-16 18:14:57.584,20.391,lower,0.07125000000000048,0.005625000000000213
2026-08-16 18:14:57.594,20.401,lower,-0.1012499999999994,-0.04937500000000039
2026-08-16 18:14:57.604,20.411,lower,0.08125000000000049,0.006249999999999867
2026-08-16 18:14:57.614,20.421,lower,-0.10624999999999996,-0.022499999999999742
2026-08-16 18:14:57.624,20.431,lower,0.011250000000000426,-0.012499999999999734
2026-08-16 18:14:57.634,20.441,lower,0.04750000000000032,0.004374999999999796
2026-08-16 18:14:57.644,20.451,lower,-0.11812500000000004,-0.046874999999999556
2026-08-16 18:14:57.654,20.461,lower,0.07687499999999958,0.011250000000000426
2026-08-16 18:14:57.664,20.471,lower,-0.13499999999999956,-0.028124999999999956
2026-08-16 18:14:57.674,20.481,lower,0.028124999999999956,-0.023124999999999396
2026-08-16 18:14:57.684,20.491,lower,0.06687500000000068,0.0050000000000005596
2026-08-16 18:14:57.694,20.501,lower,-0.13562500000000033,-0.04937500000000039
2026-08-16 18:14:57.704,20.511,lower,0.08062499999999972,0.001875000000000071
2026-08-16 18:14:57.714,20.521,lower,-0.11499999999999955,-0.03249999999999975
2026-08-16 18:14:57.724,20.531,lower,0.013125000000000497,-0.0187499999999996
2026-08-16 18:14:57.734,20.541,lower,0.04187500000000011,0.0006249999999996536
2026-08-16 18:14:57.744,20.551,lower,-0.11624999999999996,-0.04874999999999963
2026-08-16 18:14:57.754,20.561,lower,0.07500000000000062,0.006249999999999867
2026-08-16 18:14:57.764,20.571,lower,-0.08874999999999966,-0.03624999999999989
2026-08-16 18:14:57.774,20.581,lower,0.03062499999999968,-0.014374999999999805
2026-08-16 18:14:57.784,20.591,lower,0.06562500000000027,0.006875000000000631
2026-08-16 18:14:57.794,20.601,lower,-0.1318750000000002,-0.04249999999999976
2026-08-16 18:14:57.804,20.611,lower,0.08562500000000028,0.003750000000000142
2026-08-16 18:14:57.814,20.621,lower,-0.12187500000000018,-0.021249999999999325
2026-08-16 18:14:57.824,20.631,lower,0.02187500000000009,-0.013124999999999387
2026-08-16 18:14:57.834,20.641,lower,0.03750000000000031,0.0006249999999996536
2026-08-16 18:14:57.844,20.651,lower,-0.1112499999999994,-0.04437499999999983
2026-08-16 18:14:57.854,20.661,lower,0.08062499999999972,0.008124999999999938
2026-08-16 18:14:57.864,20.671,lower,-0.08812500000000001,-0.028124999999999956
2026-08-16 18:14:57.874,20.681,lower,0.03562500000000024,-0.012499999999999734
2026-08-16 18:14:57.884,20.691,lower,0.061875000000000124,0.007500000000000284
2026-08-16 18:14:57.894,20.701,lower,-0.12562500000000032,-0.04437499999999983
2026-08-16 18:14:57.904,20.711,lower,0.08000000000000007,0.009375000000000355
2026-08-16 18:14:57.914,20.721,lower,-0.11937499999999934,-0.026249999999999885
2026-08-16 18:14:57.924,20.731,lower,0.026249999999999885,-0.021249999999999325
2026-08-16 18:14:57.934,20.741,lower,0.07125000000000048,0.008124999999999938
2026-08-16 18:14:57.944,20.751,lower,-0.1056250000000003,-0.04874999999999963
2026-08-16 18:14:57.954,20.761,lower,0.0824999999999998,-0.004999999999999449
2026-08-16 18:14:57.964,20.771,lower,-0.09437499999999988,-0.03249999999999975
2026-08-16 18:14:57.974,20.781,lower,0.03750000000000031,-0.021249999999999325
2026-08-16 18:14:57.984,20.791,lower,0.05750000000000033,-0.0012500000000004174
2026-08-16 18:14:57.994,20.801,lower,-0.12937499999999935,-0.04937500000000039
2026-08-16 18:14:58.004,20.811,lower,0.06687500000000068,0.0006249999999996536
2026-08-16 18:14:58.014,20.821,lower,-0.12499999999999956,-0.03375000000000017
2026-08-16 18:14:58.024,20.831,lower,0.023125000000000506,-0.017500000000000293
2026-08-16 18:14:58.034,20.841,lower,0.06750000000000034,0.006249999999999867
2026-08-16 18:14:58.044,20.851,lower,-0.10437499999999988,-0.04437499999999983
2026-08-16 18:14:58.054,20.861,lower,0.08062499999999972,0.0050000000000005596
2026-08-16 18:14:58.064,20.871,lower,-0.10499999999999954,-0.023124999999999396
2026-08-16 18:14:58.074,20.881,lower,0.03874999999999962,-0.013750000000000151
2026-08-16 18:14:58.084,20.891,lower,0.05312500000000053,0.003750000000000142
2026-08-16 18:14:58.094,20.901,lower,-0.12375000000000025,-0.043124999999999414
2026-08-16 18:14:58.104,20.911,lower,0.07687499999999958,0.005625000000000213
2026-08-16 18:14:58.114,20.921,lower,-0.1287499999999997,-0.02562500000000023
2026-08-16 18:14:58.124,20.931,lower,0.024374999999999813,-0.013750000000000151
2026-08-16 18:14:58.134,20.941,lower,0.07125000000000048,0.006249999999999867
2026-08-16 18:14:58.144,20.951,lower,-0.0968749999999996,-0.04750000000000032
2026-08-16 18:14:58.154,20.961,lower,0.08125000000000049,0.0050000000000005596
2026-08-16 18:14:58.164,20.971,lower,-0.10750000000000037,-0.030000000000000027
2026-08-16 18:14:58.174,20.981,lower,0.01187500000000008,-0.02187500000000009
2026-08-16 18:14:58.184,20.991,lower,0.04937500000000039,0.0050000000000005596
2026-08-16 18:14:58.194,21.001,lower,-0.12062499999999976,-0.046874999999999556
2026-08-16 18:14:58.204,21.011,lower,0.078125,0.004374999999999796
2026-08-16 18:14:58.214,21.021,lower,-0.13249999999999984,-0.0318750000000001
2026-08-16 18:14:58.224,21.031,lower,0.02687500000000065,-0.029375000000000373
2026-08-16 18:14:58.234,21.041,lower,0.06687500000000068,0.0012500000000004174
2026-08-16 18:14:58.244,21.051,lower,-0.09499999999999953,-0.04874999999999963
2026-08-16 18:14:58.254,21.061,lower,0.08187500000000014,0.0006249999999996536
2026-08-16 18:14:58.264,21.071,lower,-0.1100000000000001,-0.03249999999999975
2026-08-16 18:14:58.274,21.081,lower,0.017500000000000293,-0.017500000000000293
2026-08-16 18:14:58.284,21.091,lower,0.040000000000000036,0.003750000000000142
2026-08-16 18:14:58.294,21.101,lower,-0.11750000000000038,-0.04750000000000032
2026-08-16 18:14:58.304,21.111,lower,0.08062499999999972,0.004374999999999796
2026-08-16 18:14:58.314,21.121,lower,-0.13812500000000005,-0.038124999999999964
2026-08-16 18:14:58.324,21.131,lower,0.03249999999999975,-0.013750000000000151
2026-08-16 18:14:58.334,21.141,lower,0.06624999999999992,0.008124999999999938
2026-08-16 18:14:58.344,21.151,lower,-0.1375000000000004,-0.043124999999999414
2026-08-16 18:14:58.354,21.161,lower,0.08437499999999987,0.008749999999999591
2026-08-16 18:14:58.364,21.171,lower,-0.1112499999999994,-0.026874999999999538
2026-08-16 18:14:58.374,21.181,lower,0.014374999999999805,-0.012499999999999734
2026-08-16 18:14:58.384,21.191,lower,0.03562500000000024,0.004374999999999796
2026-08-16 18:14:58.394,21.201,lower,-0.11249999999999982,-0.04874999999999963
2026-08-16 18:14:58.404,21.211,lower,0.07937500000000042,0.004374999999999796
2026-08-16 18:14:58.414,21.221,lower,-0.0956250000000003,-0.030000000000000027
2026-08-16 18:14:58.424,21.231,lower,0.035000000000000586,-0.011249999999999316
2026-08-16 18:14:58.434,21.241,lower,0.06062499999999971,0.0012500000000004174
2026-08-16 18:14:58.444,21.251,lower,-0.1343749999999999,-0.04750000000000032
2026-08-16 18:14:58.454,21.261,lower,0.08312500000000056,0.006249999999999867
2026-08-16 18:14:58.464,21.271,lower,-0.12624999999999997,-0.02874999999999961
2026-08-16 18:14:58.474,21.281,lower,0.014374999999999805,-0.024374999999999813
2026-08-16 18:14:58.484,21.291,lower,0.06937500000000041,0.001875000000000071
2026-08-16 18:14:58.494,21.301,lower,-0.11687499999999962,-0.051875000000000115
2026-08-16 18:14:58.504,21.311,lower,0.07187500000000013,0.001875000000000071
2026-08-16 18:14:58.514,21.321,lower,-0.0956250000000003,-0.033124999999999405
2026-08-16 18:14:58.524,21.331,lower,0.033125000000000515,-0.020000000000000018
2026-08-16 18:14:58.534,21.341,lower,0.05624999999999991,0.0031250000000004885
2026-08-16 18:14:58.544,21.351,lower,-0.13000000000000012,-0.0462499999999999
2026-08-16 18:14:58.554,21.361,lower,0.07874999999999965,0.004374999999999796
2026-08-16 18:14:58.564,21.371,lower,-0.12624999999999997,-0.03562500000000024
2026-08-16 18:14:58.574,21.381,lower,0.02062499999999967,-0.019375000000000364
2026-08-16 18:14:58.584,21.391,lower,0.07000000000000006,0.007500000000000284
2026-08-16 18:14:58.594,21.401,lower,-0.1100000000000001,-0.04874999999999963
2026-08-16 18:14:58.604,21.411,lower,0.08000000000000007,0.006875000000000631
2026-08-16 18:14:58.614,21.421,lower,-0.09812500000000002,-0.02375000000000016
2026-08-16 18:14:58.624,21.431,lower,0.03437499999999982,-0.01187500000000008
2026-08-16 18:14:58.634,21.441,lower,0.05249999999999977,0.0024999999999997247
2026-08-16 18:14:58.644,21.451,lower,-0.12937499999999935,-0.0462499999999999
2026-08-16 18:14:58.654,21.461,lower,0.07062499999999972,0.008124999999999938
2026-08-16 18:14:58.664,21.471,lower,-0.13124999999999942,-0.024999999999999467
2026-08-16 18:14:58.674,21.481,lower,0.023125000000000506,-0.012499999999999734
2026-08-16 18:14:58.684,21.491,lower,0.06562500000000027,0.0024999999999997247
2026-08-16 18:14:58.694,21.501,lower,-0.10312499999999947,-0.05312499999999942
2026-08-16 18:14:58.704,21.511,lower,0.08062499999999972,0.006249999999999867
2026-08-16 18:14:58.714,21.521,lower,-0.11187500000000017,-0.03249999999999975
2026-08-16 18:14:58.724,21.531,lower,0.03562500000000024,-0.023124999999999396
2026-08-16 18:14:58.734,21.541,lower,0.04375000000000018,0.001875000000000071
2026-08-16 18:14:58.744,21.551,lower,-0.12499999999999956,-0.04812499999999997
2026-08-16 18:14:58.754,21.561,lower,0.07249999999999979,0.0006249999999996536
2026-08-16 18:14:58.764,21.571,lower,-0.13687499999999964,-0.034999999999999476
2026-08-16 18:14:58.774,21.581,lower,0.026249999999999885,-0.022499999999999742
2026-08-16 18:14:58.784,21.591,lower,0.06000000000000005,0.0
2026-08-16 18:14:58.794,21.601,lower,-0.09624999999999995,-0.044999999999999485
2026-08-16 18:14:58.804,21.611,lower,0.08000000000000007,0.0012500000000004174
2026-08-16 18:14:58.814,21.621,lower,-0.11249999999999982,-0.03562500000000024
2026-08-16 18:14:58.824,21.631,lower,0.006875000000000631,-0.0187499999999996
2026-08-16 18:14:58.834,21.641,lower,0.04125000000000045,0.004374999999999796
2026-08-16 18:14:58.844,21.651,lower,-0.1243749999999999,-0.04750000000000032
2026-08-16 18:14:58.854,21.661,lower,0.07312500000000055,0.0024999999999997247
2026-08-16 18:14:58.864,21.671,lower,-0.14062499999999978,-0.023124999999999396
2026-08-16 18:14:58.874,21.681,lower,0.026249999999999885,-0.013124999999999387
2026-08-16 18:14:58.884,21.691,lower,0.06062499999999971,0.0031250000000004885
2026-08-16 18:14:58.894,21.701,lower,-0.14375000000000027,-0.04437499999999983
2026-08-16 18:14:58.904,21.711,lower,0.078125,0.008749999999999591
2026-08-16 18:14:58.914,21.721,lower,-0.11874999999999969,-0.027500000000000302
2026-08-16 18:14:58.924,21.731,lower,0.011250000000000426,-0.009375000000000355
2026-08-16 18:14:58.934,21.741,lower,0.035000000000000586,0.004374999999999796
2026-08-16 18:14:58.944,21.751,lower,-0.12312499999999948,-0.05124999999999935
2026-08-16 18:14:58.954,21.761,lower,0.07187500000000013,0.006875000000000631
2026-08-16 18:14:58.964,21.771,lower,-0.14499999999999957,-0.033124999999999405
2026-08-16 18:14:58.974,21.781,lower,0.02375000000000016,-0.02375000000000016
2026-08-16 18:14:58.984,21.791,lower,0.06062499999999971,0.001875000000000071
2026-08-16 18:14:58.994,21.801,lower,-0.13687499999999964,-0.050000000000000044
2026-08-16 18:14:59.004,21.811,lower,0.07500000000000062,0.0006249999999996536
2026-08-16 18:14:59.014,21.821,lower,-0.12499999999999956,-0.028124999999999956
2026-08-16 18:14:59.024,21.831,lower,0.01187500000000008,-0.024999999999999467
2026-08-16 18:14:59.034,21.841,lower,0.02687500000000065,0.0024999999999997247
2026-08-16 18:14:59.044,21.851,lower,-0.11562500000000031,-0.0506249999999997
2026-08-16 18:14:59.054,21.861,lower,0.07687499999999958,-0.003750000000000142
2026-08-16 18:14:59.064,21.871,lower,-0.1056250000000003,-0.03437499999999982
2026-08-16 18:14:59.074,21.881,lower,0.028124999999999956,-0.02187500000000009
2026-08-16 18:14:59.084,21.891,lower,0.058749999999999636,0.005625000000000213
2026-08-16 18:14:59.094,21.901,lower,-0.13375000000000026,-0.04437499999999983
2026-08-16 18:14:59.104,21.911,lower,0.07874999999999965,0.004374999999999796
2026-08-16 18:14:59.114,21.921,lower,-0.1287499999999997,-0.034999999999999476
2026-08-16 18:14:59.124,21.931,lower,0.01687500000000064,-0.014999999999999458
2026-08-16 18:14:59.134,21.941,lower,0.06437499999999985,0.005625000000000213
2026-08-16 18:14:59.144,21.951,lower,-0.1100000000000001,-0.04562500000000025
2026-08-16 18:14:59.154,21.961,lower,0.07500000000000062,0.009375000000000355
2026-08-16 18:14:59.164,21.971,lower,-0.10249999999999981,-0.024374999999999813
2026-08-16 18:14:59.174,21.981,lower,0.033125000000000515,-0.015625000000000222
2026-08-16 18:14:59.184,21.991,lower,0.04874999999999963,0.003750000000000142
2026-08-16 18:14:59.194,22.001,lower,-0.13562500000000033,-0.050000000000000044
2026-08-16 18:14:59.204,22.011,lower,0.07750000000000035,0.008124999999999938
2026-08-16 18:14:59.214,22.021,lower,-0.13624999999999998,-0.029375000000000373
2026-08-16 18:14:59.224,22.031,lower,0.02062499999999967,-0.015625000000000222
2026-08-16 18:14:59.234,22.041,lower,0.0637500000000002,0.0024999999999997247
2026-08-16 18:14:59.244,22.051,lower,-0.11062499999999975,-0.04874999999999963
2026-08-16 18:14:59.254,22.061,lower,0.07562500000000028,0.004374999999999796
2026-08-16 18:14:59.264,22.071,lower,-0.10624999999999996,-0.03249999999999975
2026-08-16 18:14:59.274,22.081,lower,0.03624999999999989,-0.022499999999999742
2026-08-16 18:14:59.284,22.091,lower,0.0462499999999999,0.0012500000000004174
2026-08-16 18:14:59.294,22.101,lower,-0.1318750000000002,-0.04750000000000032
2026-08-16 18:14:59.304,22.111,lower,0.07249999999999979,0.0012500000000004174
2026-08-16 18:14:59.314,22.121,lower,-0.1375000000000004,-0.02874999999999961
2026-08-16 18:14:59.324,22.131,lower,0.020000000000000018,-0.019375000000000364
2026-08-16 18:14:59.334,22.141,lower,0.06624999999999992,-0.0006249999999996536
2026-08-16 18:14:59.344,22.151,lower,-0.10624999999999996,-0.04812499999999997
2026-08-16 18:14:59.354,22.161,lower,0.07312500000000055,0.003750000000000142
2026-08-16 18:14:59.364,22.171,lower,-0.11249999999999982,-0.03375000000000017
2026-08-16 18:14:59.374,22.181,lower,0.006249999999999867,-0.01687499999999953
2026-08-16 18:14:59.384,22.191,lower,0.04249999999999976,0.007500000000000284
2026-08-16 18:14:59.394,22.201,lower,-0.12499999999999956,-0.0462499999999999
2026-08-16 18:14:59.404,22.211,lower,0.07437499999999986,0.007500000000000284
2026-08-16 18:14:59.414,22.221,lower,-0.14124999999999943,-0.024999999999999467
2026-08-16 18:14:59.424,22.231,lower,0.025000000000000577,-0.013124999999999387
2026-08-16 18:14:59.434,22.241,lower,0.06500000000000061,0.006875000000000631
2026-08-16 18:14:59.444,22.251,lower,-0.09874999999999967,-0.04812499999999997
2026-08-16 18:14:59.454,22.261,lower,0.07562500000000028,0.008124999999999938
2026-08-16 18:14:59.464,22.271,lower,-0.11874999999999969,-0.031249999999999334
2026-08-16 18:14:59.474,22.281,lower,0.008124999999999938,-0.012499999999999734
2026-08-16 18:14:59.484,22.291,lower,0.04187500000000011,0.001875000000000071
2026-08-16 18:14:59.494,22.301,lower,-0.12562500000000032,-0.04750000000000032
2026-08-16 18:14:59.504,22.311,lower,0.07062499999999972,0.006249999999999867
2026-08-16 18:14:59.514,22.321,lower,-0.14499999999999957,-0.0318750000000001
2026-08-16 18:14:59.524,22.331,lower,0.030000000000000027,-0.02562500000000023
2026-08-16 18:14:59.534,22.341,lower,0.058749999999999636,0.001875000000000071
2026-08-16 18:14:59.544,22.351,lower,-0.1418750000000002,-0.04874999999999963
2026-08-16 18:14:59.554,22.361,lower,0.07500000000000062,0.0031250000000004885
2026-08-16 18:14:59.564,22.371,lower,-0.12375000000000025,-0.031249999999999334
2026-08-16 18:14:59.574,22.381,lower,0.015000000000000568,-0.01687499999999953
2026-08-16 18:14:59.584,22.391,lower,0.03562500000000024,0.003750000000000142
2026-08-16 18:14:59.594,22.401,lower,-0.11937499999999934,-0.04375000000000018
2026-08-16 18:14:59.604,22.411,lower,0.0737500000000002,0.006875000000000631
2026-08-16 18:14:59.614,22.421,lower,-0.14375000000000027,-0.03375000000000017
2026-08-16 18:14:59.624,22.431,lower,0.02874999999999961,-0.019375000000000364
2026-08-16 18:14:59.634,22.441,lower,0.058749999999999636,0.0050000000000005596
2026-08-16 18:14:59.644,22.451,lower,-0.13249999999999984,-0.0462499999999999
2026-08-16 18:14:59.654,22.461,lower,0.08000000000000007,0.003750000000000142
2026-08-16 18:14:59.664,22.471,lower,-0.12562500000000032,-0.022499999999999742
2026-08-16 18:14:59.674,22.481,lower,0.020000000000000018,-0.014374999999999805
2026-08-16 18:14:59.684,22.491,lower,0.027500000000000302,0.004374999999999796
2026-08-16 18:14:59.694,22.501,lower,-0.11375000000000024,-0.04812499999999997
2026-08-16 18:14:59.704,22.511,lower,0.08000000000000007,0.007500000000000284
2026-08-16 18:14:59.714,22.521,lower,-0.10312499999999947,-0.030000000000000027
2026-08-16 18:14:59.724,22.531,lower,0.031250000000000444,-0.013124999999999387
2026-08-16 18:14:59.734,22.541,lower,0.053750000000000187,0.001875000000000071
2026-08-16 18:14:59.744,22.551,lower,-0.13624999999999998,-0.04937500000000039
2026-08-16 18:14:59.754,22.561,lower,0.08187500000000014,0.004374999999999796
2026-08-16 18:14:59.764,22.571,lower,-0.13000000000000012,-0.031249999999999334
2026-08-16 18:14:59.774,22.581,lower,0.02062499999999967,-0.024999999999999467
2026-08-16 18:14:59.784,22.591,lower,0.06437499999999985,0.0024999999999997247
2026-08-16 18:14:59.794,22.601,lower,-0.1056250000000003,-0.04874999999999963
2026-08-16 18:14:59.804,22.611,lower,0.08125000000000049,0.006875000000000631
2026-08-16 18:14:59.814,22.621,lower,-0.10499999999999954,-0.03062499999999968
2026-08-16 18:14:59.824,22.631,lower,0.03687500000000066,-0.02062499999999967
2026-08-16 18:14:59.834,22.641,lower,0.05249999999999977,0.0012500000000004174
2026-08-16 18:14:59.844,22.651,lower,-0.12937499999999935,-0.04750000000000032
2026-08-16 18:14:59.854,22.661,lower,0.08125000000000049,0.0012500000000004174
2026-08-16 18:14:59.864,22.671,lower,-0.13124999999999942,-0.034999999999999476
2026-08-16 18:14:59.874,22.681,lower,0.024374999999999813,-0.0187499999999996
2026-08-16 18:14:59.884,22.691,lower,0.06812499999999999,0.0031250000000004885
2026-08-16 18:14:59.894,22.701,lower,-0.10312499999999947,-0.04249999999999976
2026-08-16 18:14:59.904,22.711,lower,0.07750000000000035,0.005625000000000213
2026-08-16 18:14:59.914,22.721,lower,-0.10874999999999968,-0.03375000000000017
2026-08-16 18:14:59.924,22.731,lower,0.04187500000000011,-0.014999999999999458
2026-08-16 18:14:59.934,22.741,lower,0.04812499999999997,0.006249999999999867
2026-08-16 18:14:59.944,22.751,lower,-0.13062499999999977,-0.04750000000000032
2026-08-16 18:14:59.954,22.761,lower,0.07187500000000013,0.004374999999999796
2026-08-16 18:14:59.964,22.771,lower,-0.13562500000000033,-0.026874999999999538
2026-08-16 18:14:59.974,22.781,lower,0.02562500000000023,-0.01687499999999953
2026-08-16 18:14:59.984,22.791,lower,0.061875000000000124,0.0006249999999996536
2026-08-16 18:14:59.994,22.801,lower,-0.10312499999999947,-0.04937500000000039
2026-08-16 18:15:00.004,22.811,lower,0.07874999999999965,0.0031250000000004885
2026-08-16 18:15:00.014,22.821,lower,-0.1112499999999994,-0.026249999999999885
2026-08-16 18:15:00.024,22.831,lower,0.009375000000000355,-0.028124999999999956
2026-08-16 18:15:00.034,22.841,lower,0.03937500000000038,0.001875000000000071
2026-08-16 18:15:00.044,22.851,lower,-0.12312499999999948,-0.051875000000000115
2026-08-16 18:15:00.054,22.861,lower,0.07937500000000042,0.010000000000000009
2026-08-16 18:15:00.064,22.871,lower,-0.14249999999999985,-0.03562500000000024
2026-08-16 18:15:00.074,22.881,lower,0.02687500000000065,-0.022499999999999742
2026-08-16 18:15:00.084,22.891,lower,0.06687500000000068,0.0031250000000004885
2026-08-16 18:15:00.094,22.901,lower,-0.0956250000000003,-0.0462499999999999
2026-08-16 18:15:00.104,22.911,lower,0.08062499999999972,0.0050000000000005596
2026-08-16 18:15:00.114,22.921,lower,-0.11812500000000004,-0.0318750000000001
2026-08-16 18:15:00.124,22.931,lower,0.013750000000000151,-0.016249999999999876
2026-08-16 18:15:00.134,22.941,lower,0.03750000000000031,0.001875000000000071
2026-08-16 18:15:00.144,22.951,lower,-0.1143749999999999,-0.04750000000000032
2026-08-16 18:15:00.154,22.961,lower,0.07750000000000035,0.006249999999999867
2026-08-16 18:15:00.164,22.971,lower,-0.14124999999999943,-0.03562500000000024
2026-08-16 18:15:00.174,22.981,lower,0.035000000000000586,-0.014999999999999458
2026-08-16 18:15:00.184,22.991,lower,0.0593750000000004,0.006249999999999867
2026-08-16 18:15:00.194,23.001,lower,-0.13937499999999936,-0.04375000000000018
2026-08-16 18:15:00.204,23.011,lower,0.08375000000000021,-0.0012500000000004174
2026-08-16 18:15:00.214,23.021,lower,-0.12937499999999935,-0.02874999999999961
2026-08-16 18:15:00.224,23.031,lower,0.01687500000000064,-0.01687499999999953
2026-08-16 18:15:00.234,23.041,lower,0.031250000000000444,0.0031250000000004885
2026-08-16 18:15:00.244,23.051,lower,-0.11624999999999996,-0.051875000000000115
2026-08-16 18:15:00.254,23.061,lower,0.08000000000000007,0.004374999999999796
2026-08-16 18:15:00.264,23.071,lower,-0.09750000000000036,-0.02874999999999961
2026-08-16 18:15:00.274,23.081,lower,0.03375000000000017,-0.010624999999999662
2026-08-16 18:15:00.284,23.091,lower,0.05750000000000033,0.0031250000000004885
2026-08-16 18:15:00.294,23.101,lower,-0.13499999999999956,-0.04874999999999963
2026-08-16 18:15:00.304,23.111,lower,0.08062499999999972,0.01187500000000008
2026-08-16 18:15:00.314,23.121,lower,-0.12562500000000032,-0.026249999999999885
2026-08-16 18:15:00.324,23.131,lower,0.02187500000000009,-0.02062499999999967
2026-08-16 18:15:00.334,23.141,lower,0.023125000000000506,0.003750000000000142
2026-08-16 18:15:00.344,23.151,lower,-0.11249999999999982,-0.050000000000000044
2026-08-16 18:15:00.354,23.161,lower,0.07750000000000035,0.0024999999999997247
2026-08-16 18:15:00.364,23.171,lower,-0.10062499999999974,-0.03687499999999955
2026-08-16 18:15:00.374,23.181,lower,0.03375000000000017,-0.01687499999999953
2026-08-16 18:15:00.384,23.191,lower,0.0506249999999997,0.003750000000000142
2026-08-16 18:15:00.394,23.201,lower,-0.12937499999999935,-0.04750000000000032
2026-08-16 18:15:00.404,23.211,lower,0.0824999999999998,0.003750000000000142
2026-08-16 18:15:00.414,23.221,lower,-0.13375000000000026,-0.03624999999999989
2026-08-16 18:15:00.424,23.231,lower,0.022499999999999742,-0.020000000000000018
2026-08-16 18:15:00.434,23.241,lower,0.06812499999999999,0.0050000000000005596
2026-08-16 18:15:00.444,23.251,lower,-0.1056250000000003,-0.04437499999999983
2026-08-16 18:15:00.454,23.261,lower,0.08000000000000007,0.003750000000000142
2026-08-16 18:15:00.464,23.271,lower,-0.1112499999999994,-0.03062499999999968
2026-08-16 18:15:00.474,23.281,lower,0.03562500000000024,-0.014374999999999805
2026-08-16 18:15:00.484,23.291,lower,0.04874999999999963,0.0
2026-08-16 18:15:00.494,23.301,lower,-0.13062499999999977,-0.04562500000000025
2026-08-16 18:15:00.504,23.311,lower,0.07125000000000048,0.004374999999999796
2026-08-16 18:15:00.514,23.321,lower,-0.13562500000000033,-0.033124999999999405
2026-08-16 18:15:00.524,23.331,lower,0.02062499999999967,-0.013750000000000151
2026-08-16 18:15:00.534,23.341,lower,0.06624999999999992,0.003750000000000142
2026-08-16 18:15:00.544,23.351,lower,-0.10062499999999974,-0.04937500000000039
2026-08-16 18:15:00.554,23.361,lower,0.07624999999999993,0.005625000000000213
2026-08-16 18:15:00.564,23.371,lower,-0.11562500000000031,-0.027500000000000302
2026-08-16 18:15:00.574,23.381,lower,0.04187500000000011,-0.026874999999999538
2026-08-16 18:15:00.584,23.391,lower,0.04375000000000018,0.0024999999999997247
2026-08-16 18:15:00.594,23.401,lower,-0.12812500000000004,-0.051875000000000115
2026-08-16 18:15:00.604,23.411,lower,0.07687499999999958,0.010624999999999662
2026-08-16 18:15:00.614,23.421,lower,-0.13937499999999936,-0.03437499999999982
2026-08-16 18:15:00.624,23.431,lower,0.028124999999999956,-0.02375000000000016
2026-08-16 18:15:00.634,23.441,lower,0.06624999999999992,-0.001875000000000071
2026-08-16 18:15:00.644,23.451,lower,-0.09937499999999932,-0.04812499999999997
2026-08-16 18:15:00.654,23.461,lower,0.08000000000000007,0.0006249999999996536
2026-08-16 18:15:00.664,23.471,lower,-0.11874999999999969,-0.03437499999999982
2026-08-16 18:15:00.674,23.481,lower,0.014374999999999805,-0.015625000000000222
2026-08-16 18:15:00.684,23.491,lower,0.038124999999999964,0.003750000000000142
2026-08-16 18:15:00.694,23.501,lower,-0.11874999999999969,-0.04874999999999963
2026-08-16 18:15:00.704,23.511,lower,0.07937500000000042,0.006249999999999867
2026-08-16 18:15:00.714,23.521,lower,-0.14562500000000034,-0.03937500000000038
2026-08-16 18:15:00.724,23.531,lower,0.027500000000000302,-0.016249999999999876
2026-08-16 18:15:00.734,23.541,lower,0.058749999999999636,0.001875000000000071
2026-08-16 18:15:00.744,23.551,lower,-0.14375000000000027,-0.04750000000000032
2026-08-16 18:15:00.754,23.561,lower,0.08062499999999972,0.005625000000000213
2026-08-16 18:15:00.764,23.571,lower,-0.12687499999999963,-0.031249999999999334
2026-08-16 18:15:00.774,23.581,lower,0.013125000000000497,-0.01187500000000008
2026-08-16 18:15:00.784,23.591,lower,0.03437499999999982,0.001875000000000071
2026-08-16 18:15:00.794,23.601,lower,-0.11562500000000031,-0.05249999999999977
2026-08-16 18:15:00.804,23.611,lower,0.07750000000000035,0.005625000000000213
2026-08-16 18:15:00.814,23.621,lower,-0.14937499999999937,-0.02874999999999961
2026-08-16 18:15:00.824,23.631,lower,0.031250000000000444,-0.024999999999999467
2026-08-16 18:15:00.834,23.641,lower,0.056875000000000675,0.0024999999999997247
2026-08-16 18:15:00.844,23.651,lower,-0.1387499999999997,-0.04812499999999997
2026-08-16 18:15:00.854,23.661,lower,0.07750000000000035,0.009375000000000355
2026-08-16 18:15:00.864,23.671,lower,-0.13375000000000026,-0.028124999999999956
2026-08-16 18:15:00.874,23.681,lower,0.015625000000000222,-0.02187500000000009
2026-08-16 18:15:00.884,23.691,lower,0.026249999999999885,0.001875000000000071
2026-08-16 18:15:00.894,23.701,lower,-0.1200000000000001,-0.09187500000000015
2026-08-16 18:15:00.904,23.711,lower,0.07624999999999993,0.06125000000000047
2026-08-16 18:15:00.914,23.721,lower,-0.10187500000000016,-0.0593750000000004
2026-08-16 18:15:00.924,23.731,lower,0.0318750000000001,-0.0006249999999996536
2026-08-16 18:15:00.934,23.741,lower,0.055000000000000604,0.0637500000000002
2026-08-16 18:15:00.944,23.751,lower,-0.14124999999999943,-0.09750000000000036
2026-08-16 18:15:00.954,23.761,lower,0.07687499999999958,0.06687500000000068
2026-08-16 18:15:00.964,23.771,lower,-0.13687499999999964,-0.07312499999999944
2026-08-16 18:15:00.974,23.781,lower,0.016249999999999876,0.0012500000000004174
2026-08-16 18:15:00.984,23.791,lower,0.061875000000000124,0.06062499999999971
2026-08-16 18:15:00.994,23.801,lower,-0.1143749999999999,-0.09437499999999988
2026-08-16 18:15:01.004,23.811,lower,0.07562500000000028,0.06437499999999985
2026-08-16 18:15:01.014,23.821,lower,-0.11249999999999982,-0.040000000000000036
2026-08-16 18:15:01.024,23.831,lower,0.030000000000000027,0.010000000000000009
2026-08-16 18:15:01.034,23.841,lower,0.04437499999999983,0.05125000000000046
2026-08-16 18:15:01.044,23.851,lower,-0.13624999999999998,-0.10812500000000003
2026-08-16 18:15:01.054,23.861,lower,0.078125,0.06562500000000027
2026-08-16 18:15:01.064,23.871,lower,-0.14249999999999985,-0.04812499999999997
2026-08-16 18:15:01.074,23.881,lower,0.018124999999999947,0.015000000000000568
2026-08-16 18:15:01.084,23.891,lower,0.06062499999999971,0.04750000000000032
2026-08-16 18:15:01.094,23.901,lower,-0.10687499999999961,-0.11062499999999975
2026-08-16 18:15:01.104,23.911,lower,0.078125,0.06750000000000034
2026-08-16 18:15:01.114,23.921,lower,-0.11937499999999934,-0.06062499999999971
2026-08-16 18:15:01.124,23.931,lower,0.03437499999999982,-0.01687499999999953
2026-08-16 18:15:01.134,23.941,lower,0.043125000000000524,0.03624999999999989
2026-08-16 18:15:01.144,23.951,lower,-0.1318750000000002,-0.10812500000000003
2026-08-16 18:15:01.154,23.961,lower,0.06937500000000041,0.0506249999999997
2026-08-16 18:15:01.164,23.971,lower,-0.14437499999999992,-0.07187500000000013
2026-08-16 18:15:01.174,23.981,lower,0.021250000000000435,-0.008749999999999591
2026-08-16 18:15:01.184,23.991,lower,0.06312500000000054,0.03874999999999962
2026-08-16 18:15:01.194,24.001,lower,-0.10249999999999981,-0.10312499999999947
2026-08-16 18:15:01.204,24.011,lower,0.07249999999999979,0.05624999999999991
2026-08-16 18:15:01.214,24.021,lower,-0.12375000000000025,-0.07750000000000035
2026-08-16 18:15:01.224,24.031,lower,0.003750000000000142,-0.010000000000000009
2026-08-16 18:15:01.234,24.041,lower,0.03062499999999968,0.04750000000000032
2026-08-16 18:15:01.244,24.051,lower,-0.13249999999999984,-0.10624999999999996
2026-08-16 18:15:01.254,24.061,lower,0.07249999999999979,0.051875000000000115
2026-08-16 18:15:01.264,24.071,lower,-0.15375000000000028,-0.046874999999999556
2026-08-16 18:15:01.274,24.081,lower,0.026249999999999885,-0.005625000000000213
2026-08-16 18:15:01.284,24.091,lower,0.06000000000000005,0.043125000000000524
2026-08-16 18:15:01.294,24.101,lower,-0.1012499999999994,-0.10499999999999954
2026-08-16 18:15:01.304,24.111,lower,0.07750000000000035,0.055000000000000604
2026-08-16 18:15:01.314,24.121,lower,-0.12562500000000032,-0.054999999999999494
2026-08-16 18:15:01.324,24.131,lower,0.006249999999999867,0.0031250000000004885
2026-08-16 18:15:01.334,24.141,lower,0.02874999999999961,0.038124999999999964
2026-08-16 18:15:01.344,24.151,lower,-0.12249999999999983,-0.12249999999999983
2026-08-16 18:15:01.354,24.161,lower,0.07312500000000055,0.0593750000000004
2026-08-16 18:15:01.364,24.171,lower,-0.1475000000000004,-0.06750000000000034
2026-08-16 18:15:01.374,24.181,lower,0.02687500000000065,-0.02874999999999961
2026-08-16 18:15:01.384,24.191,lower,0.051875000000000115,0.03375000000000017
2026-08-16 18:15:01.394,24.201,lower,-0.1431249999999995,-0.11499999999999955
2026-08-16 18:15:01.404,24.211,lower,0.07687499999999958,0.05437499999999984
2026-08-16 18:15:01.414,24.221,lower,-0.13499999999999956,-0.07687499999999958
2026-08-16 18:15:01.424,24.231,lower,0.008749999999999591,-0.02062499999999967
2026-08-16 18:15:01.434,24.241,lower,0.025000000000000577,0.025000000000000577
2026-08-16 18:15:01.444,24.251,lower,-0.12187500000000018,-0.11249999999999982
2026-08-16 18:15:01.454,24.261,lower,0.07249999999999979,0.04562500000000025
2026-08-16 18:15:01.464,24.271,lower,-0.10937499999999933,-0.08437499999999987
2026-08-16 18:15:01.474,24.281,lower,0.026249999999999885,-0.017500000000000293
2026-08-16 18:15:01.484,24.291,lower,0.04874999999999963,0.040000000000000036
2026-08-16 18:15:01.494,24.301,lower,-0.1418750000000002,-0.11375000000000024
2026-08-16 18:15:01.504,24.311,lower,0.07562500000000028,0.0462499999999999
2026-08-16 18:15:01.514,24.321,lower,-0.14000000000000012,-0.051875000000000115
2026-08-16 18:15:01.524,24.331,lower,0.01687500000000064,-0.009375000000000355
2026-08-16 18:15:01.534,24.341,lower,0.01687500000000064,0.03624999999999989
2026-08-16 18:15:01.544,24.351,lower,-0.11562500000000031,-0.11062499999999975
2026-08-16 18:15:01.554,24.361,lower,0.07187500000000013,0.051875000000000115
2026-08-16 18:15:01.564,24.371,lower,-0.11562500000000031,-0.06249999999999978
2026-08-16 18:15:01.574,24.381,lower,0.033125000000000515,-0.006249999999999867
2026-08-16 18:15:01.584,24.391,lower,0.0462499999999999,0.03750000000000031
2026-08-16 18:15:01.594,24.401,lower,-0.13687499999999964,-0.12375000000000025
2026-08-16 18:15:01.604,24.411,lower,0.07562500000000028,0.051875000000000115
2026-08-16 18:15:01.614,24.421,lower,-0.13937499999999936,-0.07000000000000006
2026-08-16 18:15:01.624,24.431,lower,0.02062499999999967,-0.03874999999999962
2026-08-16 18:15:01.634,24.441,lower,0.058749999999999636,0.028124999999999956
2026-08-16 18:15:01.644,24.451,lower,-0.11249999999999982,-0.12499999999999956
2026-08-16 18:15:01.654,24.461,lower,0.07624999999999993,0.051875000000000115
2026-08-16 18:15:01.664,24.471,lower,-0.11624999999999996,-0.08000000000000007
2026-08-16 18:15:01.674,24.481,lower,0.03562500000000024,-0.033124999999999405
2026-08-16 18:15:01.684,24.491,lower,0.04437499999999983,0.02375000000000016
2026-08-16 18:15:01.694,24.501,lower,-0.13624999999999998,-0.12375000000000025
2026-08-16 18:15:01.704,24.511,lower,0.07062499999999972,0.03750000000000031
2026-08-16 18:15:01.714,24.521,lower,-0.14375000000000027,-0.09499999999999953
2026-08-16 18:15:01.724,24.531,lower,0.0187499999999996,-0.022499999999999742
2026-08-16 18:15:01.734,24.541,lower,0.0593750000000004,0.03874999999999962
2026-08-16 18:15:01.744,24.551,lower,-0.10187500000000016,-0.11812500000000004
2026-08-16 18:15:01.754,24.561,lower,0.07500000000000062,0.04562500000000025
2026-08-16 18:15:01.764,24.571,lower,-0.12375000000000025,-0.09624999999999995
2026-08-16 18:15:01.774,24.581,lower,0.038124999999999964,-0.01687499999999953
2026-08-16 18:15:01.784,24.591,lower,0.03437499999999982,0.03375000000000017
2026-08-16 18:15:01.794,24.601,lower,-0.12687499999999963,-0.11812500000000004
2026-08-16 18:15:01.804,24.611,lower,0.07562500000000028,0.04375000000000018
2026-08-16 18:15:01.814,24.621,lower,-0.15000000000000013,-0.0649999999999995
2026-08-16 18:15:01.824,24.631,lower,0.022499999999999742,-0.013124999999999387
2026-08-16 18:15:01.834,24.641,lower,0.06249999999999978,0.0318750000000001
2026-08-16 18:15:01.844,24.651,lower,-0.10000000000000009,-0.13062499999999977
2026-08-16 18:15:01.854,24.661,lower,0.07750000000000035,0.0462499999999999
2026-08-16 18:15:01.864,24.671,lower,-0.1243749999999999,-0.0737500000000002
2026-08-16 18:15:01.874,24.681,lower,0.011250000000000426,-0.005625000000000213
2026-08-16 18:15:01.884,24.691,lower,0.033125000000000515,0.02874999999999961
2026-08-16 18:15:01.894,24.701,lower,-0.12249999999999983,-0.12499999999999956
2026-08-16 18:15:01.904,24.711,lower,0.078125,0.045000000000000595
2026-08-16 18:15:01.914,24.721,lower,-0.15000000000000013,-0.0824999999999998
2026-08-16 18:15:01.924,24.731,lower,0.033125000000000515,-0.03624999999999989
2026-08-16 18:15:01.934,24.741,lower,0.058749999999999636,0.0187499999999996
2026-08-16 18:15:01.944,24.751,lower,-0.14562500000000034,-0.12624999999999997
2026-08-16 18:15:01.954,24.761,lower,0.08187500000000014,0.03437499999999982
2026-08-16 18:15:01.964,24.771,lower,-0.12937499999999935,-0.0924999999999998
2026-08-16 18:15:01.974,24.781,lower,0.013750000000000151,-0.029375000000000373
2026-08-16 18:15:01.984,24.791,lower,0.026249999999999885,0.011250000000000426
2026-08-16 18:15:01.994,24.801,lower,-0.11937499999999934,-0.13000000000000012
2026-08-16 18:15:02.004,24.811,lower,0.07249999999999979,0.03937500000000038
2026-08-16 18:15:02.014,24.821,lower,-0.15437499999999993,-0.10812500000000003
2026-08-16 18:15:02.024,24.831,lower,0.029375000000000373,-0.02187500000000009
2026-08-16 18:15:02.034,24.841,lower,0.0462499999999999,0.033125000000000515
2026-08-16 18:15:02.044,24.851,lower,-0.14062499999999978,-0.12249999999999983
2026-08-16 18:15:02.054,24.861,lower,0.078125,0.040000000000000036
2026-08-16 18:15:02.064,24.871,lower,-0.13937499999999936,-0.06562500000000027
2026-08-16 18:15:02.074,24.881,lower,0.019375000000000364,-0.013124999999999387
2026-08-16 18:15:02.084,24.891,lower,0.01687500000000064,0.029375000000000373
2026-08-16 18:15:02.094,24.901,lower,-0.1112499999999994,-0.11375000000000024
2026-08-16 18:15:02.104,24.911,lower,0.08000000000000007,0.04062499999999969
2026-08-16 18:15:02.114,24.921,lower,-0.1100000000000001,-0.07874999999999965
2026-08-16 18:15:02.124,24.931,lower,0.03437499999999982,-0.008124999999999938
2026-08-16 18:15:02.134,24.941,lower,0.051875000000000115,0.020000000000000018
2026-08-16 18:15:02.144,24.951,lower,-0.13562500000000033,-0.13249999999999984
2026-08-16 18:15:02.154,24.961,lower,0.07687499999999958,0.04249999999999976
2026-08-16 18:15:02.164,24.971,lower,-0.1387499999999997,-0.08312499999999945
2026-08-16 18:15:02.174,24.981,lower,0.02062499999999967,-0.03750000000000031
2026-08-16 18:15:02.184,24.991,lower,0.06500000000000061,0.017500000000000293
2026-08-16 18:15:02.194,25.001,lower,-0.10624999999999996,-0.1318750000000002
2026-08-16 18:15:02.204,25.011,lower,0.07750000000000035,0.03062499999999968
2026-08-16 18:15:02.214,25.021,lower,-0.11812500000000004,-0.09312499999999946
2026-08-16 18:15:02.224,25.031,lower,0.03624999999999989,-0.03562500000000024
2026-08-16 18:15:02.234,25.041,lower,0.045000000000000595,0.013125000000000497
2026-08-16 18:15:02.244,25.051,lower,-0.13375000000000026,-0.13124999999999942
2026-08-16 18:15:02.254,25.061,lower,0.08000000000000007,0.033125000000000515
2026-08-16 18:15:02.264,25.071,lower,-0.14437499999999992,-0.10499999999999954
2026-08-16 18:15:02.274,25.081,lower,0.024374999999999813,-0.031249999999999334
2026-08-16 18:15:02.284,25.091,lower,0.06500000000000061,0.030000000000000027
2026-08-16 18:15:02.294,25.101,lower,-0.1012499999999994,-0.12624999999999997
2026-08-16 18:15:02.304,25.111,lower,0.07874999999999965,0.03937500000000038
2026-08-16 18:15:02.314,25.121,lower,-0.12249999999999983,-0.06874999999999964
2026-08-16 18:15:02.324,25.131,lower,0.04249999999999976,-0.018124999999999947
2026-08-16 18:15:02.334,25.141,lower,0.03750000000000031,0.027500000000000302
2026-08-16 18:15:02.344,25.151,lower,-0.12812500000000004,-0.11937499999999934
2026-08-16 18:15:02.354,25.161,lower,0.07687499999999958,0.04125000000000045
2026-08-16 18:15:02.364,25.171,lower,-0.1431249999999995,-0.08000000000000007
2026-08-16 18:15:02.374,25.181,lower,0.02375000000000016,-0.014374999999999805
2026-08-16 18:15:02.384,25.191,lower,0.06000000000000005,0.021250000000000435
2026-08-16 18:15:02.394,25.201,lower,-0.09874999999999967,-0.13375000000000026
2026-08-16 18:15:02.404,25.211,lower,0.07874999999999965,0.04125000000000045
2026-08-16 18:15:02.414,25.221,lower,-0.1243749999999999,-0.08499999999999952
2026-08-16 18:15:02.424,25.231,lower,0.011250000000000426,-0.0462499999999999
2026-08-16 18:15:02.434,25.241,lower,0.030000000000000027,0.017500000000000293
2026-08-16 18:15:02.444,25.251,lower,-0.12312499999999948,-0.13562500000000033
2026-08-16 18:15:02.454,25.261,lower,0.07937500000000042,0.04187500000000011
2026-08-16 18:15:02.464,25.271,lower,-0.15750000000000042,-0.09499999999999953
2026-08-16 18:15:02.474,25.281,lower,0.02687500000000065,-0.034999999999999476
2026-08-16 18:15:02.484,25.291,lower,0.06062499999999971,0.013125000000000497
2026-08-16 18:15:02.494,25.301,lower,-0.09375000000000022,-0.13062499999999977
2026-08-16 18:15:02.504,25.311,lower,0.07937500000000042,0.03062499999999968
2026-08-16 18:15:02.514,25.321,lower,-0.1331249999999995,-0.10437499999999988
2026-08-16 18:15:02.524,25.331,lower,0.015625000000000222,-0.027500000000000302
2026-08-16 18:15:02.534,25.341,lower,0.029375000000000373,0.023125000000000506
2026-08-16 18:15:02.544,25.351,lower,-0.11624999999999996,-0.12499999999999956
2026-08-16 18:15:02.554,25.361,lower,0.07624999999999993,0.035000000000000586
2026-08-16 18:15:02.564,25.371,lower,-0.15124999999999944,-0.10812500000000003
2026-08-16 18:15:02.574,25.381,lower,0.03562500000000024,-0.026249999999999885
2026-08-16 18:15:02.584,25.391,lower,0.05312500000000053,0.028124999999999956
2026-08-16 18:15:02.594,25.401,lower,-0.14437499999999992,-0.12687499999999963
2026-08-16 18:15:02.604,25.411,lower,0.08125000000000049,0.038124999999999964
2026-08-16 18:15:02.614,25.421,lower,-0.1375000000000004,-0.0737500000000002
2026-08-16 18:15:02.624,25.431,lower,0.017500000000000293,-0.014999999999999458
2026-08-16 18:15:02.634,25.441,lower,0.02062499999999967,0.02062499999999967
2026-08-16 18:15:02.644,25.451,lower,-0.11812500000000004,-0.14124999999999943
2026-08-16 18:15:02.654,25.461,lower,0.07874999999999965,0.040000000000000036
2026-08-16 18:15:02.664,25.471,lower,-0.10750000000000037,-0.08437499999999987
2026-08-16 18:15:02.674,25.481,lower,0.03375000000000017,-0.00687499999999952
2026-08-16 18:15:02.684,25.491,lower,0.04562500000000025,0.017500000000000293
2026-08-16 18:15:02.694,25.501,lower,-0.13562500000000033,-0.1387499999999997
2026-08-16 18:15:02.704,25.511,lower,0.07937500000000042,0.04125000000000045
2026-08-16 18:15:02.714,25.521,lower,-0.14000000000000012,-0.09499999999999953
2026-08-16 18:15:02.724,25.531,lower,0.02187500000000009,-0.03687499999999955
2026-08-16 18:15:02.734,25.541,lower,0.009375000000000355,0.013125000000000497
2026-08-16 18:15:02.744,25.551,lower,-0.1112499999999994,-0.13124999999999942
2026-08-16 18:15:02.754,25.561,lower,0.07624999999999993,0.035000000000000586
2026-08-16 18:15:02.764,25.571,lower,-0.11937499999999934,-0.09874999999999967
2026-08-16 18:15:02.774,25.581,lower,0.03437499999999982,-0.030000000000000027
2026-08-16 18:15:02.784,25.591,lower,0.0462499999999999,0.008749999999999591
2026-08-16 18:15:02.794,25.601,lower,-0.13562500000000033,-0.12937499999999935
2026-08-16 18:15:02.804,25.611,lower,0.07874999999999965,0.03624999999999989
2026-08-16 18:15:02.814,25.621,lower,-0.14499999999999957,-0.10937499999999933
2026-08-16 18:15:02.824,25.631,lower,0.020000000000000018,-0.026874999999999538
2026-08-16 18:15:02.834,25.641,lower,0.06312500000000054,0.028124999999999956
2026-08-16 18:15:02.844,25.651,lower,-0.10750000000000037,-0.12249999999999983
2026-08-16 18:15:02.854,25.661,lower,0.07687499999999958,0.03874999999999962
2026-08-16 18:15:02.864,25.671,lower,-0.12375000000000025,-0.07750000000000035
2026-08-16 18:15:02.874,25.681,lower,0.035000000000000586,-0.017500000000000293
2026-08-16 18:15:02.884,25.691,lower,0.03937500000000038,0.02375000000000016
2026-08-16 18:15:02.894,25.701,lower,-0.12937499999999935,-0.1375000000000004
2026-08-16 18:15:02.904,25.711,lower,0.07312500000000055,0.04125000000000045
2026-08-16 18:15:02.914,25.721,lower,-0.15000000000000013,-0.0824999999999998
2026-08-16 18:15:02.924,25.731,lower,0.022499999999999742,-0.010624999999999662
2026-08-16 18:15:02.934,25.741,lower,0.06249999999999978,0.019375000000000364
2026-08-16 18:15:02.944,25.751,lower,-0.10249999999999981,-0.1331249999999995
2026-08-16 18:15:02.954,25.761,lower,0.07249999999999979,0.04187500000000011
2026-08-16 18:15:02.964,25.771,lower,-0.12937499999999935,-0.09124999999999939
2026-08-16 18:15:02.974,25.781,lower,0.040000000000000036,-0.04187500000000011
2026-08-16 18:15:02.984,25.791,lower,0.02562500000000023,0.013750000000000151
2026-08-16 18:15:02.994,25.801,lower,-0.13249999999999984,-0.13375000000000026
2026-08-16 18:15:03.004,25.811,lower,0.07062499999999972,0.03062499999999968
2026-08-16 18:15:03.014,25.821,lower,-0.15750000000000042,-0.10000000000000009
2026-08-16 18:15:03.024,25.831,lower,0.02375000000000016,-0.033124999999999405
2026-08-16 18:15:03.034,25.841,lower,0.05312500000000053,0.007500000000000284
2026-08-16 18:15:03.044,25.851,lower,-0.10000000000000009,-0.13124999999999942
2026-08-16 18:15:03.054,25.861,lower,0.07750000000000035,0.035000000000000586
2026-08-16 18:15:03.064,25.871,lower,-0.13624999999999998,-0.1112499999999994
2026-08-16 18:15:03.074,25.881,lower,0.008124999999999938,-0.021249999999999325
2026-08-16 18:15:03.084,25.891,lower,0.02562500000000023,0.027500000000000302
2026-08-16 18:15:03.094,25.901,lower,-0.12124999999999941,-0.12187500000000018
2026-08-16 18:15:03.104,25.911,lower,0.0737500000000002,0.038124999999999964
2026-08-16 18:15:03.114,25.921,lower,-0.15750000000000042,-0.07062499999999972
2026-08-16 18:15:03.124,25.931,lower,0.027500000000000302,-0.019375000000000364
2026-08-16 18:15:03.134,25.941,lower,0.04874999999999963,0.02687500000000065
2026-08-16 18:15:03.144,25.951,lower,-0.14874999999999972,-0.11874999999999969
2026-08-16 18:15:03.154,25.961,lower,0.07750000000000035,0.03874999999999962
2026-08-16 18:15:03.164,25.971,lower,-0.14499999999999957,-0.08437499999999987
2026-08-16 18:15:03.174,25.981,lower,0.012499999999999734,-0.011249999999999316
2026-08-16 18:15:03.184,25.991,lower,0.0187499999999996,0.018124999999999947
2026-08-16 18:15:03.194,26.001,lower,-0.12249999999999983,-0.13062499999999977
2026-08-16 18:15:03.204,26.011,lower,0.07312500000000055,0.04375000000000018
2026-08-16 18:15:03.214,26.021,lower,-0.16625,-0.08874999999999966
2026-08-16 18:15:03.224,26.031,lower,0.02562500000000023,-0.04249999999999976
2026-08-16 18:15:03.234,26.041,lower,0.045000000000000595,0.015625000000000222
2026-08-16 18:15:03.244,26.051,lower,-0.1387499999999997,-0.13624999999999998
2026-08-16 18:15:03.254,26.061,lower,0.07312500000000055,0.04437499999999983
2026-08-16 18:15:03.264,26.071,lower,-0.14687499999999964,-0.09750000000000036
2026-08-16 18:15:03.274,26.081,lower,0.017500000000000293,-0.03249999999999975
2026-08-16 18:15:03.284,26.091,lower,0.007500000000000284,0.01187500000000008
2026-08-16 18:15:03.294,26.101,lower,-0.11562500000000031,-0.13000000000000012
2026-08-16 18:15:03.304,26.111,lower,0.07500000000000062,0.03249999999999975
2026-08-16 18:15:03.314,26.121,lower,-0.12562500000000032,-0.11062499999999975
2026-08-16 18:15:03.324,26.131,lower,0.03562500000000024,-0.026874999999999538
2026-08-16 18:15:03.334,26.141,lower,0.04125000000000045,0.033125000000000515
2026-08-16 18:15:03.344,26.151,lower,-0.14249999999999985,-0.12499999999999956
2026-08-16 18:15:03.354,26.161,lower,0.07937500000000042,0.038124999999999964
2026-08-16 18:15:03.364,26.171,lower,-0.1518750000000002,-0.1112499999999994
2026-08-16 18:15:03.374,26.181,lower,0.01687500000000064,-0.017500000000000293
2026-08-16 18:15:03.384,26.191,lower,0.001875000000000071,0.022499999999999742
2026-08-16 18:15:03.394,26.201,lower,-0.10874999999999968,-0.11812500000000004
2026-08-16 18:15:03.404,26.211,lower,0.07437499999999986,0.04062499999999969
2026-08-16 18:15:03.414,26.221,lower,-0.12812500000000004,-0.07874999999999965
2026-08-16 18:15:03.424,26.231,lower,0.03375000000000017,-0.014999999999999458
2026-08-16 18:15:03.434,26.241,lower,0.0318750000000001,0.02062499999999967
2026-08-16 18:15:03.444,26.251,lower,-0.13562500000000033,-0.1331249999999995
2026-08-16 18:15:03.454,26.261,lower,0.07312500000000055,0.04125000000000045
2026-08-16 18:15:03.464,26.271,lower,-0.16124999999999945,-0.08499999999999952
2026-08-16 18:15:03.474,26.281,lower,0.017500000000000293,-0.008749999999999591
2026-08-16 18:15:03.484,26.291,lower,0.05249999999999977,0.01687500000000064
2026-08-16 18:15:03.494,26.301,lower,-0.10624999999999996,-0.13124999999999942
2026-08-16 18:15:03.504,26.311,lower,0.07437499999999986,0.04187500000000011
2026-08-16 18:15:03.514,26.321,lower,-0.13499999999999956,-0.0956250000000003
2026-08-16 18:15:03.524,26.331,lower,0.035000000000000586,-0.033124999999999405
2026-08-16 18:15:03.534,26.341,lower,0.023125000000000506,0.012499999999999734
2026-08-16 18:15:03.544,26.351,lower,-0.13062499999999977,-0.13249999999999984
2026-08-16 18:15:03.554,26.361,lower,0.06937500000000041,0.03249999999999975
2026-08-16 18:15:03.564,26.371,lower,-0.16124999999999945,-0.10750000000000037
2026-08-16 18:15:03.574,26.381,lower,0.02375000000000016,-0.026249999999999885
2026-08-16 18:15:03.584,26.391,lower,0.05249999999999977,0.027500000000000302
2026-08-16 18:15:03.594,26.401,lower,-0.10062499999999974,-0.12562500000000032
2026-08-16 18:15:03.604,26.411,lower,0.07312500000000055,0.040000000000000036
2026-08-16 18:15:03.614,26.421,lower,-0.14062499999999978,-0.1112499999999994
2026-08-16 18:15:03.624,26.431,lower,0.038124999999999964,-0.021249999999999325
2026-08-16 18:15:03.634,26.441,lower,0.018124999999999947,0.02874999999999961
2026-08-16 18:15:03.644,26.451,lower,-0.12624999999999997,-0.12124999999999941
2026-08-16 18:15:03.654,26.461,lower,0.07062499999999972,0.03937500000000038
2026-08-16 18:15:03.664,26.471,lower,-0.15874999999999972,-0.0824999999999998
2026-08-16 18:15:03.674,26.481,lower,0.029375000000000373,-0.010624999999999662
2026-08-16 18:15:03.684,26.491,lower,0.0462499999999999,0.021250000000000435
2026-08-16 18:15:03.694,26.501,lower,-0.09499999999999953,-0.13562500000000033
2026-08-16 18:15:03.704,26.511,lower,0.07312500000000055,0.04249999999999976
2026-08-16 18:15:03.714,26.521,lower,-0.14499999999999957,-0.08812500000000001
2026-08-16 18:15:03.724,26.531,lower,0.006249999999999867,-0.006249999999999867
2026-08-16 18:15:03.734,26.541,lower,0.009375000000000355,0.016249999999999876
2026-08-16 18:15:03.744,26.551,lower,-0.12624999999999997,-0.1343749999999999
2026-08-16 18:15:03.754,26.561,lower,0.07312500000000055,0.04062499999999969
2026-08-16 18:15:03.764,26.571,lower,-0.16874999999999973,-0.0968749999999996
2026-08-16 18:15:03.774,26.581,lower,0.026249999999999885,-0.03437499999999982
2026-08-16 18:15:03.784,26.591,lower,0.04375000000000018,0.010624999999999662
2026-08-16 18:15:03.794,26.601,lower,-0.14375000000000027,-0.13124999999999942
2026-08-16 18:15:03.804,26.611,lower,0.07437499999999986,0.03750000000000031
2026-08-16 18:15:03.814,26.621,lower,-0.1506249999999998,-0.10437499999999988
2026-08-16 18:15:03.824,26.631,lower,0.018124999999999947,-0.026249999999999885
2026-08-16 18:15:03.834,26.641,lower,0.008124999999999938,0.006249999999999867
2026-08-16 18:15:03.844,26.651,lower,-0.10937499999999933,-0.12562500000000032
2026-08-16 18:15:03.854,26.661,lower,0.0737500000000002,0.03375000000000017
2026-08-16 18:15:03.864,26.671,lower,-0.16750000000000043,-0.1100000000000001
2026-08-16 18:15:03.874,26.681,lower,0.035000000000000586,-0.02062499999999967
2026-08-16 18:15:03.884,26.691,lower,0.040000000000000036,0.023125000000000506
2026-08-16 18:15:03.894,26.701,lower,-0.14062499999999978,-0.12249999999999983
2026-08-16 18:15:03.904,26.711,lower,0.07874999999999965,0.03937500000000038
2026-08-16 18:15:03.914,26.721,lower,-0.15625,-0.07937500000000042
2026-08-16 18:15:03.924,26.731,lower,0.0187499999999996,-0.01687499999999953
2026-08-16 18:15:03.934,26.741,lower,0.003750000000000142,0.02375000000000016
2026-08-16 18:15:03.944,26.751,lower,-0.11062499999999975,-0.12375000000000025
2026-08-16 18:15:03.954,26.761,lower,0.06937500000000041,0.040000000000000036
2026-08-16 18:15:03.964,26.771,lower,-0.12937499999999935,-0.09062499999999973
2026-08-16 18:15:03.974,26.781,lower,0.03375000000000017,-0.007500000000000284
2026-08-16 18:15:03.984,26.791,lower,0.029375000000000373,0.015000000000000568
2026-08-16 18:15:03.994,26.801,lower,-0.1343749999999999,-0.13624999999999998
2026-08-16 18:15:04.004,26.811,lower,0.07249999999999979,0.03937500000000038
2026-08-16 18:15:04.014,26.821,lower,-0.15812500000000007,-0.09812500000000002
2026-08-16 18:15:04.024,26.831,lower,0.025000000000000577,-0.04062499999999969
2026-08-16 18:15:04.034,26.841,lower,0.05249999999999977,0.0031250000000004885
2026-08-16 18:15:04.044,26.851,lower,-0.10187500000000016,-0.14249999999999985
2026-08-16 18:15:04.054,26.861,lower,0.07874999999999965,0.038124999999999964
2026-08-16 18:15:04.064,26.871,lower,-0.13687499999999964,-0.10937499999999933
2026-08-16 18:15:04.074,26.881,lower,0.03562500000000024,-0.03062499999999968
2026-08-16 18:15:04.084,26.891,lower,0.02687500000000065,0.003750000000000142
2026-08-16 18:15:04.094,26.901,lower,-0.13000000000000012,-0.13062499999999977
2026-08-16 18:15:04.104,26.911,lower,0.07937500000000042,0.038124999999999964
2026-08-16 18:15:04.114,26.921,lower,-0.15687499999999965,-0.11062499999999975
2026-08-16 18:15:04.124,26.931,lower,0.025000000000000577,-0.02375000000000016
2026-08-16 18:15:04.134,26.941,lower,0.04874999999999963,0.020000000000000018
2026-08-16 18:15:04.144,26.951,lower,-0.0924999999999998,-0.13124999999999942
2026-08-16 18:15:04.154,26.961,lower,0.07937500000000042,0.03249999999999975
2026-08-16 18:15:04.164,26.971,lower,-0.13937499999999936,-0.11937499999999934
2026-08-16 18:15:04.174,26.981,lower,0.03750000000000031,-0.020000000000000018
2026-08-16 18:15:04.184,26.991,lower,0.020000000000000018,0.017500000000000293
2026-08-16 18:15:04.194,27.001,lower,-0.12312499999999948,-0.12624999999999997
2026-08-16 18:15:04.204,27.011,lower,0.07437499999999986,0.03624999999999989
2026-08-16 18:15:04.214,27.021,lower,-0.16312499999999952,-0.09062499999999973
2026-08-16 18:15:04.224,27.031,lower,0.02874999999999961,-0.014999999999999458
2026-08-16 18:15:04.234,27.041,lower,0.04874999999999963,0.012499999999999734
2026-08-16 18:15:04.244,27.051,lower,-0.08937500000000043,-0.14375000000000027
2026-08-16 18:15:04.254,27.061,lower,0.07874999999999965,0.038124999999999964
2026-08-16 18:15:04.264,27.071,lower,-0.14437499999999992,-0.10312499999999947
2026-08-16 18:15:04.274,27.081,lower,0.018124999999999947,-0.04187500000000011
2026-08-16 18:15:04.284,27.091,lower,0.013125000000000497,0.010624999999999662
2026-08-16 18:15:04.294,27.101,lower,-0.11499999999999955,-0.14000000000000012
2026-08-16 18:15:04.304,27.111,lower,0.07624999999999993,0.03624999999999989
2026-08-16 18:15:04.314,27.121,lower,-0.16562500000000036,-0.10937499999999933
2026-08-16 18:15:04.324,27.131,lower,0.03437499999999982,-0.03562500000000024
2026-08-16 18:15:04.334,27.141,lower,0.04437499999999983,-0.0012500000000004174
2026-08-16 18:15:04.344,27.151,lower,-0.08562500000000028,-0.13499999999999956
2026-08-16 18:15:04.354,27.161,lower,0.08062499999999972,0.02874999999999961
2026-08-16 18:15:04.364,27.171,lower,-0.14437499999999992,-0.11874999999999969
2026-08-16 18:15:04.374,27.181,lower,0.020000000000000018,-0.029375000000000373
2026-08-16 18:15:04.384,27.191,lower,0.008124999999999938,0.019375000000000364
2026-08-16 18:15:04.394,27.201,lower,-0.1143749999999999,-0.1343749999999999
2026-08-16 18:15:04.404,27.211,lower,0.07750000000000035,0.033125000000000515
2026-08-16 18:15:04.414,27.221,lower,-0.16312499999999952,-0.12312499999999948
2026-08-16 18:15:04.424,27.231,lower,0.03874999999999962,-0.020000000000000018
2026-08-16 18:15:04.434,27.241,lower,0.03562500000000024,0.017500000000000293
2026-08-16 18:15:04.444,27.251,lower,-0.1387499999999997,-0.12249999999999983
2026-08-16 18:15:04.454,27.261,lower,0.078125,0.03624999999999989
2026-08-16 18:15:04.464,27.271,lower,-0.15750000000000042,-0.08874999999999966
2026-08-16 18:15:04.474,27.281,lower,0.021250000000000435,-0.01687499999999953
2026-08-16 18:15:04.484,27.291,lower,-0.0006249999999996536,0.015000000000000568
2026-08-16 18:15:04.494,27.301,lower,-0.10812500000000003,-0.14124999999999943
2026-08-16 18:15:04.504,27.311,lower,0.078125,0.03624999999999989
2026-08-16 18:15:04.514,27.321,lower,-0.1343749999999999,-0.09874999999999967
2026-08-16 18:15:04.524,27.331,lower,0.03624999999999989,-0.00687499999999952
2026-08-16 18:15:04.534,27.341,lower,0.035000000000000586,0.005625000000000213
2026-08-16 18:15:04.544,27.351,lower,-0.1275000000000004,-0.13687499999999964
2026-08-16 18:15:04.554,27.361,lower,0.07750000000000035,0.03937500000000038
2026-08-16 18:15:04.564,27.371,lower,-0.15562500000000035,-0.10812500000000003
2026-08-16 18:15:04.574,27.381,lower,0.027500000000000302,-0.03249999999999975
2026-08-16 18:15:04.584,27.391,lower,-0.004374999999999796,0.006249999999999867
2026-08-16 18:15:04.594,27.401,lower,-0.09750000000000036,-0.13062499999999977
2026-08-16 18:15:04.604,27.411,lower,0.07874999999999965,0.0318750000000001
2026-08-16 18:15:04.614,27.421,lower,-0.1387499999999997,-0.10874999999999968
2026-08-16 18:15:04.624,27.431,lower,0.0462499999999999,-0.031249999999999334
2026-08-16 18:15:04.634,27.441,lower,0.024374999999999813,-0.0012500000000004174
2026-08-16 18:15:04.644,27.451,lower,-0.1275000000000004,-0.1343749999999999
2026-08-16 18:15:04.654,27.461,lower,0.08062499999999972,0.0318750000000001
2026-08-16 18:15:04.664,27.471,lower,-0.15937499999999938,-0.12312499999999948
2026-08-16 18:15:04.674,27.481,lower,0.030000000000000027,-0.022499999999999742
2026-08-16 18:15:04.684,27.491,lower,0.051875000000000115,0.017500000000000293
2026-08-16 18:15:04.694,27.501,lower,-0.09499999999999953,-0.1287499999999997
2026-08-16 18:15:04.704,27.511,lower,0.07750000000000035,0.03687500000000066
2026-08-16 18:15:04.714,27.521,lower,-0.13937499999999936,-0.08812500000000001
2026-08-16 18:15:04.724,27.531,lower,0.043125000000000524,-0.012499999999999734
2026-08-16 18:15:04.734,27.541,lower,0.01687500000000064,0.013125000000000497
2026-08-16 18:15:04.744,27.551,lower,-0.12187500000000018,-0.11812500000000004
2026-08-16 18:15:04.754,27.561,lower,0.07562500000000028,0.03562500000000024
2026-08-16 18:15:04.764,27.571,lower,-0.1618750000000002,-0.10062499999999974
2026-08-16 18:15:04.774,27.581,lower,0.0318750000000001,-0.007500000000000284
2026-08-16 18:15:04.784,27.591,lower,0.04562500000000025,0.006875000000000631
2026-08-16 18:15:04.794,27.601,lower,-0.08499999999999952,-0.14124999999999943
2026-08-16 18:15:04.804,27.611,lower,0.08312500000000056,0.03624999999999989
2026-08-16 18:15:04.814,27.621,lower,-0.14937499999999937,-0.10687499999999961
2026-08-16 18:15:04.824,27.631,lower,0.013125000000000497,-0.03375000000000017
2026-08-16 18:15:04.834,27.641,lower,0.013750000000000151,0.001875000000000071
2026-08-16 18:15:04.844,27.651,lower,-0.11312499999999948,-0.13375000000000026
2026-08-16 18:15:04.854,27.661,lower,0.07750000000000035,0.03874999999999962
2026-08-16 18:15:04.864,27.671,lower,-0.16750000000000043,-0.11249999999999982
2026-08-16 18:15:04.874,27.681,lower,0.0318750000000001,-0.02874999999999961
2026-08-16 18:15:04.884,27.691,lower,0.045000000000000595,-0.0012500000000004174
2026-08-16 18:15:04.894,27.701,lower,-0.08000000000000007,-0.13249999999999984
2026-08-16 18:15:04.904,27.711,lower,0.07874999999999965,0.03437499999999982
2026-08-16 18:15:04.914,27.721,lower,-0.15375000000000028,-0.12249999999999983
2026-08-16 18:15:04.924,27.731,lower,0.020000000000000018,-0.024999999999999467
2026-08-16 18:15:04.934,27.741,lower,0.006249999999999867,0.019375000000000364
2026-08-16 18:15:04.944,27.751,lower,-0.11687499999999962,-0.1431249999999995
2026-08-16 18:15:04.955,27.761,lower,0.07312500000000055,0.019375000000000364
2026-08-16 18:15:04.964,27.771,lower,-0.1318750000000002,-0.09000000000000008
2026-08-16 18:15:04.974,27.781,lower,0.033125000000000515,-0.018124999999999947
2026-08-16 18:15:04.984,27.791,lower,0.033125000000000515,0.010000000000000009
2026-08-16 18:15:04.994,27.801,lower,-0.14062499999999978,-0.12562500000000032
2026-08-16 18:15:05.004,27.811,lower,0.07249999999999979,0.03750000000000031
2026-08-16 18:15:05.014,27.821,lower,-0.15562500000000035,-0.09624999999999995
2026-08-16 18:15:05.024,27.831,lower,0.025000000000000577,-0.014999999999999458
2026-08-16 18:15:05.034,27.841,lower,-0.007500000000000284,0.009375000000000355
2026-08-16 18:15:05.044,27.851,lower,-0.1056250000000003,-0.14249999999999985
2026-08-16 18:15:05.054,27.861,lower,0.0737500000000002,0.038124999999999964
2026-08-16 18:15:05.064,27.871,lower,-0.13937499999999936,-0.10624999999999996
2026-08-16 18:15:05.074,27.881,lower,0.03874999999999962,-0.04249999999999976
2026-08-16 18:15:05.084,27.891,lower,0.025000000000000577,0.001875000000000071
2026-08-16 18:15:05.094,27.901,lower,-0.13499999999999956,-0.13812500000000005
2026-08-16 18:15:05.104,27.911,lower,0.08125000000000049,0.03750000000000031
2026-08-16 18:15:05.114,27.921,lower,-0.16000000000000014,-0.11312499999999948
2026-08-16 18:15:05.124,27.931,lower,0.021250000000000435,-0.03062499999999968
2026-08-16 18:15:05.134,27.941,lower,-0.010624999999999662,-0.005625000000000213
2026-08-16 18:15:05.144,27.951,lower,-0.09812500000000002,-0.1318750000000002
2026-08-16 18:15:05.154,27.961,lower,0.07312500000000055,0.033125000000000515
2026-08-16 18:15:05.164,27.971,lower,-0.14375000000000027,-0.11624999999999996
2026-08-16 18:15:05.174,27.981,lower,0.035000000000000586,-0.020000000000000018
2026-08-16 18:15:05.184,27.991,lower,0.013750000000000151,0.019375000000000364
2026-08-16 18:15:05.194,28.001,lower,-0.12937499999999935,-0.12499999999999956
2026-08-16 18:15:05.204,28.011,lower,0.07062499999999972,0.03874999999999962
2026-08-16 18:15:05.214,28.021,lower,-0.17249999999999988,-0.12687499999999963
2026-08-16 18:15:05.224,28.031,lower,0.024374999999999813,-0.01687499999999953
2026-08-16 18:15:05.234,28.041,lower,0.04562500000000025,0.016249999999999876
2026-08-16 18:15:05.244,28.051,lower,-0.09937499999999932,-0.11750000000000038
2026-08-16 18:15:05.254,28.061,lower,0.07562500000000028,0.03937500000000038
2026-08-16 18:15:05.264,28.071,lower,-0.15499999999999958,-0.10249999999999981
2026-08-16 18:15:05.274,28.081,lower,0.03624999999999989,-0.010000000000000009
2026-08-16 18:15:05.284,28.091,lower,0.010624999999999662,0.01187500000000008
2026-08-16 18:15:05.294,28.101,lower,-0.06312499999999943,-0.1431249999999995
2026-08-16 18:15:05.304,28.111,lower,0.06312500000000054,0.04125000000000045
2026-08-16 18:15:05.314,28.121,lower,-0.07437499999999986,-0.10499999999999954
2026-08-16 18:15:05.324,28.131,lower,0.03437499999999982,-0.005625000000000213
2026-08-16 18:15:05.334,28.141,lower,0.040000000000000036,0.008124999999999938
2026-08-16 18:15:05.344,28.151,lower,-0.05124999999999935,-0.13624999999999998
2026-08-16 18:15:05.354,28.161,lower,0.061875000000000124,0.04187500000000011
2026-08-16 18:15:05.364,28.171,lower,-0.07062499999999972,-0.10937499999999933
2026-08-16 18:15:05.374,28.181,lower,0.03874999999999962,-0.02874999999999961
2026-08-16 18:15:05.384,28.191,lower,0.022499999999999742,0.0031250000000004885
2026-08-16 18:15:05.394,28.201,lower,-0.07124999999999937,-0.13687499999999964
2026-08-16 18:15:05.404,28.211,lower,0.06000000000000005,0.035000000000000586
2026-08-16 18:15:05.414,28.221,lower,-0.08874999999999966,-0.11812500000000004
2026-08-16 18:15:05.424,28.231,lower,0.02375000000000016,-0.022499999999999742
2026-08-16 18:15:05.434,28.241,lower,0.033125000000000515,-0.005625000000000213
2026-08-16 18:15:05.444,28.251,lower,-0.056874999999999565,-0.1287499999999997
2026-08-16 18:15:05.454,28.261,lower,0.05624999999999991,0.03874999999999962
2026-08-16 18:15:05.464,28.271,lower,-0.08000000000000007,-0.1275000000000004
2026-08-16 18:15:05.474,28.281,lower,0.008749999999999591,-0.020000000000000018
2026-08-16 18:15:05.484,28.291,lower,0.01187500000000008,0.017500000000000293
2026-08-16 18:15:05.494,28.301,lower,-0.07249999999999979,-0.12124999999999941
2026-08-16 18:15:05.504,28.311,lower,0.051875000000000115,0.03937500000000038
2026-08-16 18:15:05.514,28.321,lower,-0.10062499999999974,-0.10000000000000009
2026-08-16 18:15:05.524,28.331,lower,0.019375000000000364,-0.006249999999999867
2026-08-16 18:15:05.534,28.341,lower,0.024374999999999813,0.008749999999999591
2026-08-16 18:15:05.544,28.351,lower,-0.0924999999999998,-0.1387499999999997
2026-08-16 18:15:05.554,28.361,lower,0.04937500000000039,0.043125000000000524
2026-08-16 18:15:05.564,28.371,lower,-0.09000000000000008,-0.1056250000000003
2026-08-16 18:15:05.574,28.381,lower,0.007500000000000284,-0.0024999999999997247
2026-08-16 18:15:05.584,28.391,lower,0.0031250000000004885,0.003750000000000142
2026-08-16 18:15:05.594,28.401,lower,-0.07750000000000035,-0.1387499999999997
2026-08-16 18:15:05.604,28.411,lower,0.046875000000000666,0.04062499999999969
2026-08-16 18:15:05.614,28.421,lower,-0.10312499999999947,-0.11187500000000017
2026-08-16 18:15:05.624,28.431,lower,0.016249999999999876,-0.028124999999999956
2026-08-16 18:15:05.634,28.441,lower,0.0187499999999996,-0.0012500000000004174
2026-08-16 18:15:05.644,28.451,lower,-0.09187500000000015,-0.13624999999999998
2026-08-16 18:15:05.654,28.461,lower,0.046875000000000666,0.03687500000000066
2026-08-16 18:15:05.664,28.471,lower,-0.09750000000000036,-0.12187500000000018
2026-08-16 18:15:05.674,28.481,lower,0.007500000000000284,-0.024374999999999813
2026-08-16 18:15:05.684,28.491,lower,-0.0031249999999993783,-0.007500000000000284
2026-08-16 18:15:05.694,28.501,lower,-0.07687499999999958,-0.12812500000000004
2026-08-16 18:15:05.704,28.511,lower,0.045000000000000595,0.03375000000000017
2026-08-16 18:15:05.714,28.521,lower,-0.08687499999999959,-0.12624999999999997
2026-08-16 18:15:05.724,28.531,lower,0.013125000000000497,-0.015625000000000222
2026-08-16 18:15:05.734,28.541,lower,0.010000000000000009,0.013125000000000497
2026-08-16 18:15:05.744,28.551,lower,-0.09375000000000022,-0.12687499999999963
2026-08-16 18:15:05.754,28.561,lower,0.04187500000000011,0.03687500000000066
2026-08-16 18:15:05.764,28.571,lower,-0.09750000000000036,-0.10375000000000023
2026-08-16 18:15:05.774,28.581,lower,0.005625000000000213,-0.012499999999999734
2026-08-16 18:15:05.784,28.591,lower,0.01687500000000064,0.008749999999999591
2026-08-16 18:15:05.794,28.601,lower,-0.07249999999999979,-0.12062499999999976
2026-08-16 18:15:05.804,28.611,lower,0.04187500000000011,0.03750000000000031
2026-08-16 18:15:05.814,28.621,lower,-0.09312499999999946,-0.10375000000000023
2026-08-16 18:15:05.824,28.631,lower,0.015625000000000222,-0.007500000000000284
2026-08-16 18:15:05.834,28.641,lower,0.001875000000000071,0.006249999999999867
2026-08-16 18:15:05.844,28.651,lower,-0.09312499999999946,-0.14499999999999957
2026-08-16 18:15:05.854,28.661,lower,0.043125000000000524,0.03937500000000038
2026-08-16 18:15:05.864,28.671,lower,-0.10687499999999961,-0.11499999999999955
2026-08-16 18:15:05.874,28.681,lower,0.0050000000000005596,-0.033124999999999405
2026-08-16 18:15:05.884,28.691,lower,0.019375000000000364,0.0006249999999996536
2026-08-16 18:15:05.894,28.701,lower,-0.07562500000000028,-0.1343749999999999
2026-08-16 18:15:05.904,28.711,lower,0.04062499999999969,0.04437499999999983
2026-08-16 18:15:05.914,28.721,lower,-0.0956250000000003,-0.12124999999999941
2026-08-16 18:15:05.924,28.731,lower,0.011250000000000426,-0.02375000000000016
2026-08-16 18:15:05.934,28.741,lower,-0.0006249999999996536,-0.004374999999999796
2026-08-16 18:15:05.944,28.751,lower,-0.09000000000000008,-0.13062499999999977
2026-08-16 18:15:05.954,28.761,lower,0.031250000000000444,0.03624999999999989
2026-08-16 18:15:05.964,28.771,lower,-0.1112499999999994,-0.1287499999999997
2026-08-16 18:15:05.974,28.781,lower,0.0050000000000005596,-0.0187499999999996
2026-08-16 18:15:05.984,28.791,lower,0.006875000000000631,0.017500000000000293
2026-08-16 18:15:05.994,28.801,lower,-0.07062499999999972,-0.12687499999999963
2026-08-16 18:15:06.004,28.811,lower,0.03437499999999982,0.040000000000000036
2026-08-16 18:15:06.014,28.821,lower,-0.10375000000000023,-0.09937499999999932
2026-08-16 18:15:06.024,28.831,lower,-0.006249999999999867,-0.010624999999999662
2026-08-16 18:15:06.034,28.841,lower,-0.01187500000000008,0.012499999999999734
2026-08-16 18:15:06.044,28.851,lower,-0.09187500000000015,-0.11937499999999934
2026-08-16 18:15:06.054,28.861,lower,0.03624999999999989,0.03562500000000024
2026-08-16 18:15:06.064,28.871,lower,-0.1143749999999999,-0.1112499999999994
2026-08-16 18:15:06.074,28.881,lower,0.005625000000000213,-0.005625000000000213
2026-08-16 18:15:06.084,28.891,lower,0.006875000000000631,-0.0006249999999996536
2026-08-16 18:15:06.094,28.901,lower,-0.10812500000000003,-0.14687499999999964
2026-08-16 18:15:06.104,28.911,lower,0.03937500000000038,0.038124999999999964
2026-08-16 18:15:06.114,28.921,lower,-0.10187500000000016,-0.1200000000000001
2026-08-16 18:15:06.124,28.931,lower,-0.005625000000000213,-0.03249999999999975
2026-08-16 18:15:06.134,28.941,lower,-0.014374999999999805,-0.0031249999999993783
2026-08-16 18:15:06.144,28.951,lower,-0.08562500000000028,-0.14000000000000012
2026-08-16 18:15:06.154,28.961,lower,0.03624999999999989,0.03375000000000017
2026-08-16 18:15:06.164,28.971,lower,-0.11375000000000024,-0.12687499999999963
2026-08-16 18:15:06.174,28.981,lower,0.005625000000000213,-0.026249999999999885
2026-08-16 18:15:06.184,28.991,lower,0.001875000000000071,-0.010624999999999662
2026-08-16 18:15:06.194,29.001,lower,-0.09812500000000002,-0.14000000000000012
2026-08-16 18:15:06.204,29.011,lower,0.03624999999999989,0.03437499999999982
2026-08-16 18:15:06.214,29.021,lower,-0.10750000000000037,-0.13562500000000033
2026-08-16 18:15:06.224,29.031,lower,0.0006249999999996536,-0.023124999999999396
2026-08-16 18:15:06.234,29.041,lower,-0.01187500000000008,0.014374999999999805
2026-08-16 18:15:06.244,29.051,lower,-0.08312499999999945,-0.12687499999999963
2026-08-16 18:15:06.254,29.061,lower,0.03874999999999962,0.03375000000000017
2026-08-16 18:15:06.264,29.071,lower,-0.09874999999999967,-0.1387499999999997
2026-08-16 18:15:06.274,29.081,lower,0.008124999999999938,-0.01687499999999953
2026-08-16 18:15:06.284,29.091,lower,0.0031250000000004885,0.005625000000000213
2026-08-16 18:15:06.294,29.101,lower,-0.0968749999999996,-0.12124999999999941
2026-08-16 18:15:06.304,29.111,lower,0.03562500000000024,0.033125000000000515
2026-08-16 18:15:06.314,29.121,lower,-0.10874999999999968,-0.11499999999999955
2026-08-16 18:15:06.324,29.131,lower,0.001875000000000071,-0.010000000000000009
2026-08-16 18:15:06.334,29.141,lower,-0.01687499999999953,-0.001875000000000071
2026-08-16 18:15:06.344,29.151,lower,-0.08312499999999945,-0.14437499999999992
2026-08-16 18:15:06.354,29.161,lower,0.03375000000000017,0.03624999999999989
2026-08-16 18:15:06.364,29.171,lower,-0.09874999999999967,-0.12062499999999976
2026-08-16 18:15:06.374,29.181,lower,0.011250000000000426,-0.0031249999999993783
2026-08-16 18:15:06.384,29.191,lower,-0.003750000000000142,-0.003750000000000142
2026-08-16 18:15:06.394,29.201,lower,-0.09499999999999953,-0.14499999999999957
2026-08-16 18:15:06.404,29.211,lower,0.03562500000000024,0.03062499999999968
2026-08-16 18:15:06.414,29.221,lower,-0.11375000000000024,-0.12937499999999935
2026-08-16 18:15:06.424,29.231,lower,0.0050000000000005596,-0.02874999999999961
2026-08-16 18:15:06.434,29.241,lower,0.009375000000000355,-0.01687499999999953
2026-08-16 18:15:06.444,29.251,lower,-0.078125,-0.13624999999999998
2026-08-16 18:15:06.454,29.261,lower,0.038124999999999964,0.029375000000000373
2026-08-16 18:15:06.464,29.271,lower,-0.10312499999999947,-0.13375000000000026
2026-08-16 18:15:06.474,29.281,lower,0.01187500000000008,-0.02562500000000023
2026-08-16 18:15:06.484,29.291,lower,-0.006249999999999867,0.010624999999999662
2026-08-16 18:15:06.494,29.301,lower,-0.09000000000000008,-0.1275000000000004
2026-08-16 18:15:06.504,29.311,lower,0.03375000000000017,0.0318750000000001
2026-08-16 18:15:06.514,29.321,lower,-0.11062499999999975,-0.13937499999999936
2026-08-16 18:15:06.524,29.331,lower,0.001875000000000071,-0.014999999999999458
2026-08-16 18:15:06.534,29.341,lower,0.003750000000000142,0.003750000000000142
2026-08-16 18:15:06.544,29.351,lower,-0.07187500000000013,-0.12375000000000025
2026-08-16 18:15:06.554,29.361,lower,0.033125000000000515,0.03375000000000017
2026-08-16 18:15:06.564,29.371,lower,-0.10687499999999961,-0.11499999999999955
2026-08-16 18:15:06.574,29.381,lower,-0.008124999999999938,-0.01687499999999953
2026-08-16 18:15:06.584,29.391,lower,-0.01187500000000008,0.0
2026-08-16 18:15:06.594,29.401,lower,-0.08750000000000036,-0.14499999999999957
2026-08-16 18:15:06.604,29.411,lower,0.03437499999999982,0.030000000000000027
2026-08-16 18:15:06.614,29.421,lower,-0.11874999999999969,-0.11874999999999969
2026-08-16 18:15:06.624,29.431,lower,0.008749999999999591,-0.004999999999999449
2026-08-16 18:15:06.634,29.441,lower,0.0,-0.008124999999999938
2026-08-16 18:15:06.644,29.451,lower,-0.06937500000000041,-0.14062499999999978
2026-08-16 18:15:06.654,29.461,lower,0.03750000000000031,0.03562500000000024
2026-08-16 18:15:06.664,29.471,lower,-0.11062499999999975,-0.1287499999999997
2026-08-16 18:15:06.674,29.481,lower,-0.00687499999999952,-0.027500000000000302
2026-08-16 18:15:06.684,29.491,lower,-0.014999999999999458,-0.014999999999999458
2026-08-16 18:15:06.694,29.501,lower,-0.08375000000000021,-0.13624999999999998
2026-08-16 18:15:06.704,29.511,lower,0.03437499999999982,0.03062499999999968
2026-08-16 18:15:06.714,29.521,lower,-0.11687499999999962,-0.1331249999999995
2026-08-16 18:15:06.724,29.531,lower,0.008124999999999938,-0.02187500000000009
2026-08-16 18:15:06.734,29.541,lower,-0.0006249999999996536,-0.017500000000000293
2026-08-16 18:15:06.744,29.551,lower,-0.09812500000000002,-0.13124999999999942
2026-08-16 18:15:06.754,29.561,lower,0.035000000000000586,0.033125000000000515
2026-08-16 18:15:06.764,29.571,lower,-0.10499999999999954,-0.14124999999999943
2026-08-16 18:15:06.774,29.581,lower,-0.0031249999999993783,-0.0187499999999996
2026-08-16 18:15:06.784,29.591,lower,-0.021249999999999325,0.006249999999999867
2026-08-16 18:15:06.794,29.601,lower,-0.07937500000000042,-0.1243749999999999
2026-08-16 18:15:06.804,29.611,lower,0.03687500000000066,0.0318750000000001
2026-08-16 18:15:06.814,29.621,lower,-0.10437499999999988,-0.11312499999999948
2026-08-16 18:15:06.824,29.631,lower,0.008749999999999591,-0.009375000000000355
2026-08-16 18:15:06.834,29.641,lower,-0.005625000000000213,0.0
2026-08-16 18:15:06.844,29.651,lower,-0.09874999999999967,-0.11499999999999955
2026-08-16 18:15:06.854,29.661,lower,0.03624999999999989,0.03874999999999962
2026-08-16 18:15:06.864,29.671,lower,-0.11499999999999955,-0.12187500000000018
2026-08-16 18:15:06.874,29.681,lower,0.0012500000000004174,-0.0031249999999993783
2026-08-16 18:15:06.884,29.691,lower,-0.023124999999999396,-0.00687499999999952
2026-08-16 18:15:06.894,29.701,lower,-0.078125,-0.14124999999999943
2026-08-16 18:15:06.904,29.711,lower,0.03687500000000066,0.03750000000000031
2026-08-16 18:15:06.914,29.721,lower,-0.10249999999999981,-0.13375000000000026
2026-08-16 18:15:06.924,29.731,lower,0.008749999999999591,-0.030000000000000027
2026-08-16 18:15:06.934,29.741,lower,-0.004999999999999449,-0.013124999999999387
2026-08-16 18:15:06.944,29.751,lower,-0.0924999999999998,-0.1375000000000004
2026-08-16 18:15:06.954,29.761,lower,0.031250000000000444,0.03249999999999975
2026-08-16 18:15:06.964,29.771,lower,-0.11624999999999996,-0.13249999999999984
2026-08-16 18:15:06.974,29.781,lower,0.005625000000000213,-0.022499999999999742
2026-08-16 18:15:06.984,29.791,lower,0.003750000000000142,-0.02187500000000009
2026-08-16 18:15:06.994,29.801,lower,0.030000000000000027,-0.031249999999999334
2026-08-16 18:15:07.009,29.816,lower,-0.058749999999999636,-0.07312499999999944
2026-08-16 18:15:07.020,29.826,lower,0.028124999999999956,0.03062499999999968
2026-08-16 18:15:07.030,29.836,lower,-0.11750000000000038,-0.15249999999999986
2026-08-16 18:15:07.040,29.846,lower,0.018124999999999947,0.018124999999999947
2026-08-16 18:15:07.050,29.856,lower,-0.07562500000000028,-0.04750000000000032
2026-08-16 18:15:07.060,29.866,lower,-0.030000000000000027,-0.05562500000000026
2026-08-16 18:15:07.070,29.876,lower,0.02874999999999961,0.024374999999999813
2026-08-16 18:15:07.080,29.886,lower,-0.12499999999999956,-0.15687499999999965
2026-08-16 18:15:07.090,29.896,lower,0.02687500000000065,0.022499999999999742
2026-08-16 18:15:07.100,29.906,lower,-0.056874999999999565,-0.06249999999999978
2026-08-16 18:15:07.110,29.916,lower,-0.044999999999999485,-0.09187500000000015
2026-08-16 18:15:07.120,29.926,lower,0.02375000000000016,0.026249999999999885
2026-08-16 18:15:07.130,29.936,lower,-0.12062499999999976,-0.1518750000000002
2026-08-16 18:15:07.140,29.946,lower,0.021250000000000435,0.007500000000000284
2026-08-16 18:15:07.150,29.956,lower,-0.07874999999999965,-0.06624999999999992
2026-08-16 18:15:07.160,29.966,lower,-0.027500000000000302,-0.08562500000000028
2026-08-16 18:15:07.170,29.976,lower,0.028124999999999956,0.020000000000000018
2026-08-16 18:15:07.180,29.986,lower,-0.12124999999999941,-0.15812500000000007
2026-08-16 18:15:07.190,29.996,lower,0.027500000000000302,0.010624999999999662
2026-08-16 18:15:07.200,30.006,lower,-0.058749999999999636,-0.07687499999999958
2026-08-16 18:15:07.210,30.016,lower,-0.04562500000000025,-0.07562500000000028
2026-08-16 18:15:07.220,30.026,lower,0.0187499999999996,0.030000000000000027
2026-08-16 18:15:07.230,30.036,lower,-0.11750000000000038,-0.15437499999999993
2026-08-16 18:15:07.240,30.046,lower,0.022499999999999742,0.013125000000000497
2026-08-16 18:15:07.250,30.056,lower,-0.043124999999999414,-0.04124999999999934
2026-08-16 18:15:07.260,30.066,lower,-0.024999999999999467,-0.06624999999999992
2026-08-16 18:15:07.270,30.076,lower,0.02562500000000023,0.02562500000000023
2026-08-16 18:15:07.280,30.086,lower,-0.1200000000000001,-0.14937499999999937
2026-08-16 18:15:07.290,30.096,lower,0.03062499999999968,0.020000000000000018
2026-08-16 18:15:07.300,30.106,lower,-0.06937500000000041,-0.0506249999999997
2026-08-16 18:15:07.310,30.116,lower,-0.04124999999999934,-0.058749999999999636
2026-08-16 18:15:07.320,30.126,lower,0.030000000000000027,0.02562500000000023
2026-08-16 18:15:07.330,30.136,lower,-0.12124999999999941,-0.15812500000000007
2026-08-16 18:15:07.340,30.146,lower,0.02375000000000016,0.022499999999999742
2026-08-16 18:15:07.350,30.156,lower,-0.04750000000000032,-0.06062499999999971
2026-08-16 18:15:07.360,30.166,lower,-0.024374999999999813,-0.09750000000000036
2026-08-16 18:15:07.370,30.176,lower,0.028124999999999956,0.02562500000000023
2026-08-16 18:15:07.380,30.186,lower,-0.12562500000000032,-0.15249999999999986
2026-08-16 18:15:07.390,30.196,lower,0.01187500000000008,0.019375000000000364
2026-08-16 18:15:07.400,30.206,lower,-0.07124999999999937,-0.0637500000000002
2026-08-16 18:15:07.410,30.216,lower,-0.03937500000000038,-0.08687499999999959
2026-08-16 18:15:07.420,30.226,lower,0.02874999999999961,0.02375000000000016
2026-08-16 18:15:07.430,30.236,lower,-0.11750000000000038,-0.15687499999999965
2026-08-16 18:15:07.440,30.246,lower,0.02187500000000009,0.006875000000000631
2026-08-16 18:15:07.450,30.256,lower,-0.054999999999999494,-0.08124999999999938
2026-08-16 18:15:07.460,30.266,lower,-0.053750000000000187,-0.07187500000000013
2026-08-16 18:15:07.470,30.276,lower,0.02062499999999967,0.028124999999999956
2026-08-16 18:15:07.480,30.286,lower,-0.12249999999999983,-0.15249999999999986
2026-08-16 18:15:07.490,30.296,lower,0.017500000000000293,0.015000000000000568
2026-08-16 18:15:07.500,30.306,lower,-0.07874999999999965,-0.04375000000000018
2026-08-16 18:15:07.510,30.316,lower,-0.03062499999999968,-0.06562500000000027
2026-08-16 18:15:07.520,30.326,lower,0.023125000000000506,0.028124999999999956
2026-08-16 18:15:07.530,30.336,lower,-0.11937499999999934,-0.15499999999999958
2026-08-16 18:15:07.540,30.346,lower,0.02687500000000065,0.019375000000000364
2026-08-16 18:15:07.550,30.356,lower,-0.0593750000000004,-0.05312499999999942
2026-08-16 18:15:07.560,30.366,lower,-0.05249999999999977,-0.06062499999999971
2026-08-16 18:15:07.570,30.376,lower,0.017500000000000293,0.02687500000000065
2026-08-16 18:15:07.580,30.386,lower,-0.1243749999999999,-0.15375000000000028
2026-08-16 18:15:07.590,30.396,lower,0.019375000000000364,0.024374999999999813
2026-08-16 18:15:07.600,30.406,lower,-0.08624999999999994,-0.056874999999999565
2026-08-16 18:15:07.610,30.416,lower,-0.03375000000000017,-0.09812500000000002
2026-08-16 18:15:07.620,30.426,lower,0.025000000000000577,0.023125000000000506
2026-08-16 18:15:07.630,30.436,lower,-0.12499999999999956,-0.15687499999999965
2026-08-16 18:15:07.640,30.446,lower,0.02375000000000016,0.028124999999999956
2026-08-16 18:15:07.650,30.456,lower,-0.06937500000000041,-0.06812499999999999
2026-08-16 18:15:07.660,30.466,lower,-0.04874999999999963,-0.08375000000000021
2026-08-16 18:15:07.670,30.476,lower,0.014374999999999805,0.02562500000000023
2026-08-16 18:15:07.680,30.486,lower,-0.12187500000000018,-0.15874999999999972
2026-08-16 18:15:07.690,30.496,lower,0.015625000000000222,0.014374999999999805
2026-08-16 18:15:07.700,30.506,lower,-0.0506249999999997,-0.07750000000000035
2026-08-16 18:15:07.710,30.516,lower,-0.02874999999999961,-0.07187500000000013
2026-08-16 18:15:07.720,30.526,lower,0.017500000000000293,0.03624999999999989
2026-08-16 18:15:07.730,30.536,lower,-0.12687499999999963,-0.1506249999999998
2026-08-16 18:15:07.740,30.546,lower,0.02187500000000009,0.016249999999999876
2026-08-16 18:15:07.750,30.556,lower,-0.07437499999999986,-0.08750000000000036
2026-08-16 18:15:07.760,30.566,lower,-0.04375000000000018,-0.06687499999999957
2026-08-16 18:15:07.770,30.576,lower,0.014374999999999805,0.031250000000000444
2026-08-16 18:15:07.780,30.586,lower,-0.12375000000000025,-0.1518750000000002
2026-08-16 18:15:07.790,30.596,lower,0.017500000000000293,0.024374999999999813
2026-08-16 18:15:07.800,30.606,lower,-0.05437499999999984,-0.04874999999999963
2026-08-16 18:15:07.810,30.616,lower,-0.028124999999999956,-0.05312499999999942
2026-08-16 18:15:07.820,30.626,lower,0.017500000000000293,0.03062499999999968
2026-08-16 18:15:07.830,30.636,lower,-0.12812500000000004,-0.15750000000000042
2026-08-16 18:15:07.840,30.646,lower,0.024374999999999813,0.024374999999999813
2026-08-16 18:15:07.850,30.656,lower,-0.07437499999999986,-0.058749999999999636
2026-08-16 18:15:07.860,30.666,lower,-0.04124999999999934,-0.04562500000000025
2026-08-16 18:15:07.870,30.676,lower,0.0187499999999996,0.02562500000000023
2026-08-16 18:15:07.880,30.686,lower,-0.1243749999999999,-0.1506249999999998
2026-08-16 18:15:07.890,30.696,lower,0.021250000000000435,0.027500000000000302
2026-08-16 18:15:07.900,30.706,lower,-0.05750000000000033,-0.07000000000000006
2026-08-16 18:15:07.910,30.716,lower,-0.024999999999999467,-0.08375000000000021
2026-08-16 18:15:07.920,30.726,lower,0.014374999999999805,0.021250000000000435
2026-08-16 18:15:07.930,30.736,lower,-0.12562500000000032,-0.15499999999999958
2026-08-16 18:15:07.940,30.746,lower,0.013125000000000497,0.013750000000000151
2026-08-16 18:15:07.950,30.756,lower,-0.08187500000000014,-0.08062499999999972
2026-08-16 18:15:07.960,30.766,lower,-0.03937500000000038,-0.07187500000000013
2026-08-16 18:15:07.970,30.776,lower,0.021250000000000435,0.03249999999999975
2026-08-16 18:15:07.980,30.786,lower,-0.12062499999999976,-0.15937499999999938
2026-08-16 18:15:07.990,30.796,lower,0.021250000000000435,0.015625000000000222
2026-08-16 18:15:08.000,30.806,lower,-0.06437499999999985,-0.09000000000000008
2026-08-16 18:15:08.010,30.816,lower,-0.024999999999999467,-0.0637500000000002
2026-08-16 18:15:08.020,30.826,lower,0.017500000000000293,0.030000000000000027
2026-08-16 18:15:08.030,30.836,lower,-0.12562500000000032,-0.15375000000000028
2026-08-16 18:15:08.040,30.846,lower,0.015000000000000568,0.01687500000000064
2026-08-16 18:15:08.050,30.856,lower,-0.08624999999999994,-0.05312499999999942
2026-08-16 18:15:08.060,30.866,lower,-0.03437499999999982,-0.05562500000000026
2026-08-16 18:15:08.070,30.876,lower,0.02062499999999967,0.027500000000000302
2026-08-16 18:15:08.080,30.886,lower,-0.11874999999999969,-0.16124999999999945
2026-08-16 18:15:08.090,30.896,lower,0.02187500000000009,0.02562500000000023
2026-08-16 18:15:08.100,30.906,lower,-0.07000000000000006,-0.06812499999999999
2026-08-16 18:15:08.110,30.916,lower,-0.046874999999999556,-0.050000000000000044
2026-08-16 18:15:08.120,30.926,lower,0.013750000000000151,0.022499999999999742
2026-08-16 18:15:08.130,30.936,lower,-0.12375000000000025,-0.15750000000000042
2026-08-16 18:15:08.140,30.946,lower,0.018124999999999947,0.024374999999999813
2026-08-16 18:15:08.150,30.956,lower,-0.08937500000000043,-0.07499999999999951
2026-08-16 18:15:08.160,30.966,lower,-0.02375000000000016,-0.08812500000000001
2026-08-16 18:15:08.170,30.976,lower,0.019375000000000364,0.020000000000000018
2026-08-16 18:15:08.180,30.986,lower,-0.1343749999999999,-0.15812500000000007
2026-08-16 18:15:08.190,30.996,lower,0.024374999999999813,0.01187500000000008
2026-08-16 18:15:08.200,31.006,lower,-0.07249999999999979,-0.08562500000000028
2026-08-16 18:15:08.210,31.016,lower,-0.050000000000000044,-0.07687499999999958
2026-08-16 18:15:08.220,31.026,lower,0.014374999999999805,0.033125000000000515
2026-08-16 18:15:08.230,31.036,lower,-0.12499999999999956,-0.15499999999999958
2026-08-16 18:15:08.240,31.046,lower,0.0187499999999996,0.01687500000000064
2026-08-16 18:15:08.250,31.056,lower,-0.09750000000000036,-0.09437499999999988
2026-08-16 18:15:08.260,31.066,lower,-0.03062499999999968,-0.0637500000000002
2026-08-16 18:15:08.270,31.076,lower,0.022499999999999742,0.02375000000000016
2026-08-16 18:15:08.280,31.086,lower,-0.12562500000000032,-0.1531249999999995
2026-08-16 18:15:08.290,31.096,lower,0.024374999999999813,0.01687500000000064
2026-08-16 18:15:08.300,31.106,lower,-0.07499999999999951,-0.06062499999999971
2026-08-16 18:15:08.310,31.116,lower,-0.04249999999999976,-0.0593750000000004
2026-08-16 18:15:08.320,31.126,lower,0.009375000000000355,0.022499999999999742
2026-08-16 18:15:08.330,31.136,lower,-0.1200000000000001,-0.14812500000000006
2026-08-16 18:15:08.340,31.146,lower,0.0187499999999996,0.021250000000000435
2026-08-16 18:15:08.350,31.156,lower,-0.06249999999999978,-0.06937500000000041
2026-08-16 18:15:08.360,31.166,lower,-0.024999999999999467,-0.04874999999999963
2026-08-16 18:15:08.370,31.176,lower,0.019375000000000364,0.02062499999999967
2026-08-16 18:15:08.380,31.186,lower,-0.12687499999999963,-0.16249999999999987
2026-08-16 18:15:08.390,31.196,lower,0.02562500000000023,0.018124999999999947
2026-08-16 18:15:08.400,31.206,lower,-0.08499999999999952,-0.07750000000000035
2026-08-16 18:15:08.410,31.216,lower,-0.034999999999999476,-0.08687499999999959
2026-08-16 18:15:08.420,31.226,lower,0.02375000000000016,0.015000000000000568
2026-08-16 18:15:08.430,31.236,lower,-0.12062499999999976,-0.16249999999999987
2026-08-16 18:15:08.440,31.246,lower,0.025000000000000577,0.006249999999999867
2026-08-16 18:15:08.450,31.256,lower,-0.0649999999999995,-0.08874999999999966
2026-08-16 18:15:08.460,31.266,lower,-0.02062499999999967,-0.07187500000000013
2026-08-16 18:15:08.470,31.276,lower,0.020000000000000018,0.015000000000000568
2026-08-16 18:15:08.480,31.286,lower,-0.12624999999999997,-0.15937499999999938
2026-08-16 18:15:08.490,31.296,lower,0.016249999999999876,0.013750000000000151
2026-08-16 18:15:08.500,31.306,lower,-0.08375000000000021,-0.10187500000000016
2026-08-16 18:15:08.510,31.316,lower,-0.03249999999999975,-0.07000000000000006
2026-08-16 18:15:08.520,31.326,lower,0.024374999999999813,0.023125000000000506
2026-08-16 18:15:08.530,31.336,lower,-0.11812500000000004,-0.15625
2026-08-16 18:15:08.540,31.346,lower,0.02375000000000016,0.014374999999999805
2026-08-16 18:15:08.550,31.356,lower,-0.0649999999999995,-0.06000000000000005
2026-08-16 18:15:08.560,31.366,lower,-0.0187499999999996,-0.05562500000000026
2026-08-16 18:15:08.570,31.376,lower,0.01687500000000064,0.02062499999999967
2026-08-16 18:15:08.580,31.386,lower,-0.12249999999999983,-0.15562500000000035
2026-08-16 18:15:08.590,31.396,lower,0.017500000000000293,0.02062499999999967
2026-08-16 18:15:08.600,31.406,lower,-0.09124999999999939,-0.07000000000000006
2026-08-16 18:15:08.610,31.416,lower,-0.03062499999999968,-0.05312499999999942
2026-08-16 18:15:08.620,31.426,lower,0.02187500000000009,0.019375000000000364
2026-08-16 18:15:08.630,31.436,lower,-0.11187500000000017,-0.15750000000000042
2026-08-16 18:15:08.640,31.446,lower,0.027500000000000302,0.022499999999999742
2026-08-16 18:15:08.650,31.456,lower,-0.07499999999999951,-0.07937500000000042
2026-08-16 18:15:08.660,31.466,lower,-0.04812499999999997,-0.08937500000000043
2026-08-16 18:15:08.670,31.476,lower,0.015000000000000568,0.013125000000000497
2026-08-16 18:15:08.680,31.486,lower,-0.12375000000000025,-0.16437499999999994
2026-08-16 18:15:08.690,31.496,lower,0.02187500000000009,0.02187500000000009
2026-08-16 18:15:08.700,31.506,lower,-0.09750000000000036,-0.09187500000000015
2026-08-16 18:15:08.710,31.516,lower,-0.024374999999999813,-0.07437499999999986
2026-08-16 18:15:08.720,31.526,lower,0.02187500000000009,0.008124999999999938
2026-08-16 18:15:08.730,31.536,lower,-0.1275000000000004,-0.15750000000000042
2026-08-16 18:15:08.740,31.546,lower,0.02562500000000023,0.010624999999999662
2026-08-16 18:15:08.750,31.556,lower,-0.07937500000000042,-0.10249999999999981
2026-08-16 18:15:08.760,31.566,lower,-0.03562500000000024,-0.06812499999999999
2026-08-16 18:15:08.770,31.576,lower,0.012499999999999734,0.01687500000000064
2026-08-16 18:15:08.780,31.586,lower,-0.11937499999999934,-0.15874999999999972
2026-08-16 18:15:08.790,31.596,lower,0.021250000000000435,0.014374999999999805
2026-08-16 18:15:08.800,31.606,lower,-0.09874999999999967,-0.0637500000000002
2026-08-16 18:15:08.810,31.616,lower,-0.017500000000000293,-0.05750000000000033
2026-08-16 18:15:08.820,31.626,lower,0.016249999999999876,0.0187499999999996
2026-08-16 18:15:08.830,31.636,lower,-0.1275000000000004,-0.1606249999999998
2026-08-16 18:15:08.840,31.646,lower,0.02874999999999961,0.020000000000000018
2026-08-16 18:15:08.850,31.656,lower,-0.08437499999999987,-0.07187500000000013
2026-08-16 18:15:08.860,31.666,lower,-0.0318750000000001,-0.05312499999999942
2026-08-16 18:15:08.870,31.676,lower,0.006875000000000631,0.018124999999999947
2026-08-16 18:15:08.880,31.686,lower,-0.12375000000000025,-0.1649999999999996
2026-08-16 18:15:08.890,31.696,lower,0.02687500000000065,0.02062499999999967
2026-08-16 18:15:08.900,31.706,lower,-0.0637500000000002,-0.08312499999999945
2026-08-16 18:15:08.910,31.716,lower,-0.0187499999999996,-0.08750000000000036
2026-08-16 18:15:08.920,31.726,lower,0.018124999999999947,0.011250000000000426
2026-08-16 18:15:08.930,31.736,lower,-0.12499999999999956,-0.16375000000000028
2026-08-16 18:15:08.940,31.746,lower,0.03249999999999975,0.028124999999999956
2026-08-16 18:15:08.950,31.756,lower,-0.08562500000000028,-0.09624999999999995
2026-08-16 18:15:08.960,31.766,lower,-0.03437499999999982,-0.07437499999999986
2026-08-16 18:15:08.970,31.776,lower,0.02062499999999967,0.012499999999999734
2026-08-16 18:15:08.980,31.786,lower,-0.11687499999999962,-0.16124999999999945
2026-08-16 18:15:08.990,31.796,lower,0.02562500000000023,0.013125000000000497
2026-08-16 18:15:09.000,31.806,lower,-0.07187500000000013,-0.10249999999999981
2026-08-16 18:15:09.010,31.816,lower,-0.020000000000000018,-0.07000000000000006
2026-08-16 18:15:09.020,31.826,lower,0.01187500000000008,0.022499999999999742
2026-08-16 18:15:09.030,31.836,lower,-0.11937499999999934,-0.15750000000000042
2026-08-16 18:15:09.040,31.846,lower,0.018124999999999947,0.015000000000000568
2026-08-16 18:15:09.050,31.856,lower,-0.09312499999999946,-0.11187500000000017
2026-08-16 18:15:09.060,31.866,lower,-0.024999999999999467,-0.05750000000000033
2026-08-16 18:15:09.070,31.876,lower,0.019375000000000364,0.0187499999999996
2026-08-16 18:15:09.080,31.886,lower,-0.1143749999999999,-0.15937499999999938
2026-08-16 18:15:09.090,31.896,lower,0.027500000000000302,0.020000000000000018
2026-08-16 18:15:09.100,31.906,lower,-0.07937500000000042,-0.07562500000000028
2026-08-16 18:15:09.110,31.916,lower,-0.010000000000000009,-0.050000000000000044
2026-08-16 18:15:09.120,31.926,lower,0.012499999999999734,0.020000000000000018
2026-08-16 18:15:09.130,31.936,lower,-0.12499999999999956,-0.16249999999999987
2026-08-16 18:15:09.140,31.946,lower,0.022499999999999742,0.022499999999999742
2026-08-16 18:15:09.150,31.956,lower,-0.10062499999999974,-0.08000000000000007
2026-08-16 18:15:09.160,31.966,lower,-0.021249999999999325,-0.038124999999999964
2026-08-16 18:15:09.170,31.976,lower,0.018124999999999947,0.015625000000000222
2026-08-16 18:15:09.180,31.986,lower,-0.11562500000000031,-0.16312499999999952
2026-08-16 18:15:09.190,31.996,lower,0.02874999999999961,0.03062499999999968
2026-08-16 18:15:09.200,32.006,lower,-0.08124999999999938,-0.09437499999999988
2026-08-16 18:15:09.210,32.016,lower,-0.04375000000000018,-0.07562500000000028
2026-08-16 18:15:09.220,32.026,lower,0.008124999999999938,0.011250000000000426
2026-08-16 18:15:09.230,32.036,lower,-0.12124999999999941,-0.16687499999999966
2026-08-16 18:15:09.240,32.046,lower,0.02187500000000009,0.013750000000000151
2026-08-16 18:15:09.250,32.056,lower,-0.09874999999999967,-0.1056250000000003
2026-08-16 18:15:09.260,32.066,lower,-0.023124999999999396,-0.06562500000000027
2026-08-16 18:15:09.270,32.076,lower,0.017500000000000293,0.022499999999999742
2026-08-16 18:15:09.280,32.086,lower,-0.12499999999999956,-0.15937499999999938
2026-08-16 18:15:09.290,32.096,lower,0.027500000000000302,0.0187499999999996
2026-08-16 18:15:09.300,32.106,lower,-0.08624999999999994,-0.11624999999999996
2026-08-16 18:15:09.310,32.116,lower,-0.033124999999999405,-0.0593750000000004
2026-08-16 18:15:09.320,32.126,lower,0.005625000000000213,0.02062499999999967
2026-08-16 18:15:09.330,32.136,lower,-0.11812500000000004,-0.15874999999999972
2026-08-16 18:15:09.340,32.146,lower,0.02375000000000016,0.020000000000000018
2026-08-16 18:15:09.350,32.156,lower,-0.07499999999999951,-0.07624999999999993
2026-08-16 18:15:09.360,32.166,lower,-0.0187499999999996,-0.04750000000000032
2026-08-16 18:15:09.370,32.176,lower,0.017500000000000293,0.017500000000000293
2026-08-16 18:15:09.380,32.186,lower,-0.13062499999999977,-0.16375000000000028
2026-08-16 18:15:09.390,32.196,lower,0.028124999999999956,0.02375000000000016
2026-08-16 18:15:09.400,32.206,lower,-0.0968749999999996,-0.08812500000000001
2026-08-16 18:15:09.410,32.216,lower,-0.0318750000000001,-0.038124999999999964
2026-08-16 18:15:09.420,32.226,lower,0.003750000000000142,0.012499999999999734
2026-08-16 18:15:09.430,32.236,lower,-0.11687499999999962,-0.1693749999999994
2026-08-16 18:15:09.440,32.246,lower,0.02375000000000016,0.02562500000000023
2026-08-16 18:15:09.450,32.256,lower,-0.07312499999999944,-0.1012499999999994
2026-08-16 18:15:09.460,32.266,lower,-0.018124999999999947,-0.07499999999999951
2026-08-16 18:15:09.470,32.276,lower,0.016249999999999876,0.005625000000000213
2026-08-16 18:15:09.480,32.286,lower,-0.12312499999999948,-0.16249999999999987
2026-08-16 18:15:09.490,32.296,lower,0.024374999999999813,0.011250000000000426
2026-08-16 18:15:09.500,32.306,lower,-0.0924999999999998,-0.10937499999999933
2026-08-16 18:15:09.510,32.316,lower,-0.028124999999999956,-0.06812499999999999
2026-08-16 18:15:09.520,32.326,lower,0.016249999999999876,-0.0006249999999996536
2026-08-16 18:15:09.530,32.336,lower,-0.11624999999999996,-0.16437499999999994
2026-08-16 18:15:09.540,32.346,lower,0.025000000000000577,0.012499999999999734
2026-08-16 18:15:09.550,32.356,lower,-0.07874999999999965,-0.11687499999999962
2026-08-16 18:15:09.560,32.366,lower,-0.017500000000000293,-0.056874999999999565
2026-08-16 18:15:09.570,32.376,lower,0.008749999999999591,0.014374999999999805
2026-08-16 18:15:09.580,32.386,lower,-0.1275000000000004,-0.1649999999999996
2026-08-16 18:15:09.590,32.396,lower,0.02062499999999967,0.020000000000000018
2026-08-16 18:15:09.600,32.406,lower,-0.10187500000000016,-0.078125
2026-08-16 18:15:09.610,32.416,lower,-0.026874999999999538,-0.0462499999999999
2026-08-16 18:15:09.620,32.426,lower,0.014374999999999805,0.01187500000000008
2026-08-16 18:15:09.630,32.436,lower,-0.11562500000000031,-0.17000000000000015
2026-08-16 18:15:09.640,32.446,lower,0.024374999999999813,0.026249999999999885
2026-08-16 18:15:09.650,32.456,lower,-0.08687499999999959,-0.09437499999999988
2026-08-16 18:15:09.660,32.466,lower,-0.01687499999999953,-0.04437499999999983
2026-08-16 18:15:09.670,32.476,lower,0.0031250000000004885,0.013125000000000497
2026-08-16 18:15:09.680,32.486,lower,-0.12312499999999948,-0.16687499999999966
2026-08-16 18:15:09.690,32.496,lower,0.016249999999999876,0.024374999999999813
2026-08-16 18:15:09.700,32.506,lower,-0.10812500000000003,-0.10437499999999988
2026-08-16 18:15:09.710,32.516,lower,-0.024999999999999467,-0.07437499999999986
2026-08-16 18:15:09.720,32.526,lower,0.008124999999999938,0.006249999999999867
2026-08-16 18:15:09.730,32.536,lower,-0.11750000000000038,-0.16437499999999994
2026-08-16 18:15:09.740,32.546,lower,0.019375000000000364,0.01187500000000008
2026-08-16 18:15:09.750,32.556,lower,-0.09624999999999995,-0.10937499999999933
2026-08-16 18:15:09.760,32.566,lower,-0.03937500000000038,-0.06687499999999957
2026-08-16 18:15:09.770,32.576,lower,-0.003750000000000142,0.0012500000000004174
2026-08-16 18:15:09.780,32.586,lower,-0.12687499999999963,-0.1649999999999996
2026-08-16 18:15:09.790,32.596,lower,0.015000000000000568,0.015625000000000222
2026-08-16 18:15:09.800,32.606,lower,-0.11874999999999969,-0.12124999999999941
2026-08-16 18:15:09.810,32.616,lower,-0.02562500000000023,-0.051875000000000115
2026-08-16 18:15:09.820,32.626,lower,0.008124999999999938,0.01687500000000064
2026-08-16 18:15:09.830,32.636,lower,-0.13812500000000005,-0.15499999999999958
2026-08-16 18:15:09.840,32.646,lower,0.022499999999999742,0.021250000000000435
2026-08-16 18:15:09.850,32.656,lower,-0.10000000000000009,-0.08000000000000007
2026-08-16 18:15:09.860,32.666,lower,-0.04249999999999976,-0.044999999999999485
2026-08-16 18:15:09.870,32.676,lower,-0.0031249999999993783,0.013125000000000497
2026-08-16 18:15:09.880,32.686,lower,-0.1287499999999997,-0.15437499999999993
2026-08-16 18:15:09.890,32.696,lower,0.015625000000000222,0.027500000000000302
2026-08-16 18:15:09.900,32.706,lower,-0.07874999999999965,-0.09000000000000008
2026-08-16 18:15:09.910,32.716,lower,-0.021249999999999325,-0.03375000000000017
2026-08-16 18:15:09.920,32.726,lower,0.015000000000000568,0.027500000000000302
