timestamp,elapsed_s,segment,roots_V,grounded_roots_V
2026-08-16 17:33:32.538,0.001,lower,-6.25,-6.25
2026-08-16 17:33:32.551,0.014,lower,-0.13124999999999942,-0.05249999999999977
2026-08-16 17:33:32.561,0.024,lower,0.06125000000000047,-0.0024999999999997247
2026-08-16 17:33:32.571,0.034,lower,-0.034999999999999476,-0.016249999999999876
2026-08-16 17:33:32.581,0.044,lower,-0.0187499999999996,-0.04187500000000011
2026-08-16 17:33:32.591,0.054,lower,0.07312500000000055,0.0012500000000004174
2026-08-16 17:33:32.601,0.064,lower,-0.12375000000000025,-0.05124999999999935
2026-08-16 17:33:32.611,0.074,lower,0.056875000000000675,-0.001875000000000071
2026-08-16 17:33:32.621,0.084,lower,-0.010000000000000009,-0.01687499999999953
2026-08-16 17:33:32.631,0.094,lower,-0.001875000000000071,-0.03750000000000031
2026-08-16 17:33:32.641,0.104,lower,0.07249999999999979,0.006249999999999867
2026-08-16 17:33:32.651,0.114,lower,-0.12937499999999935,-0.0506249999999997
2026-08-16 17:33:32.661,0.124,lower,0.04812499999999997,-0.006249999999999867
2026-08-16 17:33:32.671,0.134,lower,-0.03687499999999955,-0.013750000000000151
2026-08-16 17:33:32.681,0.144,lower,-0.020000000000000018,-0.03750000000000031
2026-08-16 17:33:32.691,0.154,lower,0.07249999999999979,0.004374999999999796
2026-08-16 17:33:32.701,0.164,lower,-0.12062499999999976,-0.05249999999999977
2026-08-16 17:33:32.711,0.174,lower,0.0593750000000004,-0.009375000000000355
2026-08-16 17:33:32.721,0.184,lower,-0.010000000000000009,-0.023124999999999396
2026-08-16 17:33:32.731,0.194,lower,0.0024999999999997247,-0.02874999999999961
2026-08-16 17:33:32.741,0.204,lower,0.07437499999999986,0.0031250000000004885
2026-08-16 17:33:32.751,0.214,lower,-0.12687499999999963,-0.050000000000000044
2026-08-16 17:33:32.761,0.224,lower,0.04874999999999963,-0.004374999999999796
2026-08-16 17:33:32.771,0.234,lower,-0.038124999999999964,-0.008749999999999591
2026-08-16 17:33:32.781,0.244,lower,-0.018124999999999947,-0.030000000000000027
2026-08-16 17:33:32.791,0.254,lower,0.07500000000000062,0.006249999999999867
2026-08-16 17:33:32.801,0.264,lower,-0.12375000000000025,-0.04750000000000032
2026-08-16 17:33:32.811,0.274,lower,0.05812499999999998,-0.0031249999999993783
2026-08-16 17:33:32.821,0.284,lower,-0.012499999999999734,-0.01187500000000008
2026-08-16 17:33:32.831,0.294,lower,-0.043124999999999414,-0.024374999999999813
2026-08-16 17:33:32.841,0.304,lower,0.07249999999999979,0.005625000000000213
2026-08-16 17:33:32.851,0.314,lower,-0.12937499999999935,-0.04874999999999963
2026-08-16 17:33:32.861,0.324,lower,0.04937500000000039,0.0
2026-08-16 17:33:32.871,0.334,lower,-0.03937500000000038,-0.014374999999999805
2026-08-16 17:33:32.881,0.344,lower,-0.013750000000000151,-0.034999999999999476
2026-08-16 17:33:32.891,0.354,lower,0.0737500000000002,0.006249999999999867
2026-08-16 17:33:32.901,0.364,lower,-0.13000000000000012,-0.04562500000000025
2026-08-16 17:33:32.911,0.374,lower,0.06312500000000054,-0.005625000000000213
2026-08-16 17:33:32.921,0.384,lower,-0.013124999999999387,-0.010624999999999662
2026-08-16 17:33:32.931,0.394,lower,-0.040000000000000036,-0.034999999999999476
2026-08-16 17:33:32.941,0.404,lower,0.07562500000000028,0.007500000000000284
2026-08-16 17:33:32.951,0.414,lower,-0.12187500000000018,-0.04437499999999983
2026-08-16 17:33:32.961,0.424,lower,0.053750000000000187,-0.0024999999999997247
2026-08-16 17:33:32.971,0.434,lower,-0.04249999999999976,-0.01687499999999953
2026-08-16 17:33:32.981,0.444,lower,-0.009375000000000355,-0.03249999999999975
2026-08-16 17:33:32.991,0.454,lower,0.07874999999999965,0.006875000000000631
2026-08-16 17:33:33.001,0.464,lower,-0.12312499999999948,-0.044999999999999485
2026-08-16 17:33:33.011,0.474,lower,0.06062499999999971,-0.004374999999999796
2026-08-16 17:33:33.021,0.484,lower,-0.016249999999999876,-0.008749999999999591
2026-08-16 17:33:33.031,0.494,lower,-0.0318750000000001,-0.030000000000000027
2026-08-16 17:33:33.041,0.504,lower,0.07500000000000062,0.004374999999999796
2026-08-16 17:33:33.051,0.514,lower,-0.12312499999999948,-0.044999999999999485
2026-08-16 17:33:33.061,0.524,lower,0.055000000000000604,-0.004374999999999796
2026-08-16 17:33:33.071,0.534,lower,0.008749999999999591,-0.008749999999999591
2026-08-16 17:33:33.081,0.544,lower,-0.008749999999999591,-0.02874999999999961
2026-08-16 17:33:33.091,0.554,lower,0.07687499999999958,0.004374999999999796
2026-08-16 17:33:33.101,0.564,lower,-0.12375000000000025,-0.04937500000000039
2026-08-16 17:33:33.111,0.574,lower,0.06437499999999985,0.0
2026-08-16 17:33:33.121,0.584,lower,-0.015625000000000222,-0.009375000000000355
2026-08-16 17:33:33.131,0.594,lower,-0.031249999999999334,-0.04249999999999976
2026-08-16 17:33:33.141,0.604,lower,0.07937500000000042,0.008749999999999591
2026-08-16 17:33:33.151,0.614,lower,-0.11937499999999934,-0.04812499999999997
2026-08-16 17:33:33.161,0.624,lower,0.056875000000000675,-0.001875000000000071
2026-08-16 17:33:33.171,0.634,lower,0.008124999999999938,-0.011249999999999316
2026-08-16 17:33:33.181,0.644,lower,-0.001875000000000071,-0.033124999999999405
2026-08-16 17:33:33.191,0.654,lower,0.07937500000000042,0.008749999999999591
2026-08-16 17:33:33.201,0.664,lower,-0.12124999999999941,-0.046874999999999556
2026-08-16 17:33:33.211,0.674,lower,0.06687500000000068,-0.008749999999999591
2026-08-16 17:33:33.221,0.684,lower,-0.014999999999999458,-0.014374999999999805
2026-08-16 17:33:33.231,0.694,lower,-0.026249999999999885,-0.031249999999999334
2026-08-16 17:33:33.241,0.704,lower,0.07937500000000042,0.0050000000000005596
2026-08-16 17:33:33.251,0.714,lower,-0.12062499999999976,-0.04375000000000018
2026-08-16 17:33:33.261,0.724,lower,0.06125000000000047,-0.003750000000000142
2026-08-16 17:33:33.271,0.734,lower,0.006875000000000631,-0.014999999999999458
2026-08-16 17:33:33.281,0.744,lower,0.0006249999999996536,-0.030000000000000027
2026-08-16 17:33:33.291,0.754,lower,0.07750000000000035,0.008124999999999938
2026-08-16 17:33:33.301,0.764,lower,-0.12249999999999983,-0.04375000000000018
2026-08-16 17:33:33.311,0.774,lower,0.046875000000000666,-0.007500000000000284
2026-08-16 17:33:33.321,0.784,lower,-0.023124999999999396,-0.008124999999999938
2026-08-16 17:33:33.331,0.794,lower,-0.02375000000000016,-0.03624999999999989
2026-08-16 17:33:33.341,0.804,lower,0.07937500000000042,0.001875000000000071
2026-08-16 17:33:33.351,0.814,lower,-0.11874999999999969,-0.04375000000000018
2026-08-16 17:33:33.361,0.824,lower,0.06000000000000005,-0.001875000000000071
2026-08-16 17:33:33.371,0.834,lower,0.003750000000000142,-0.006249999999999867
2026-08-16 17:33:33.381,0.844,lower,0.004374999999999796,-0.02562500000000023
2026-08-16 17:33:33.391,0.854,lower,0.07937500000000042,0.008124999999999938
2026-08-16 17:33:33.401,0.864,lower,-0.12375000000000025,-0.04249999999999976
2026-08-16 17:33:33.411,0.874,lower,0.05125000000000046,-0.0006249999999996536
2026-08-16 17:33:33.421,0.884,lower,-0.02375000000000016,-0.010624999999999662
2026-08-16 17:33:33.431,0.894,lower,-0.02062499999999967,-0.03750000000000031
2026-08-16 17:33:33.441,0.904,lower,0.07937500000000042,0.006249999999999867
2026-08-16 17:33:33.451,0.914,lower,-0.12187500000000018,-0.04375000000000018
2026-08-16 17:33:33.461,0.924,lower,0.061875000000000124,-0.010000000000000009
2026-08-16 17:33:33.471,0.934,lower,0.0006249999999996536,-0.011249999999999316
2026-08-16 17:33:33.481,0.944,lower,-0.04874999999999963,-0.03624999999999989
2026-08-16 17:33:33.491,0.954,lower,0.08062499999999972,0.0024999999999997247
2026-08-16 17:33:33.501,0.964,lower,-0.12249999999999983,-0.0462499999999999
2026-08-16 17:33:33.511,0.974,lower,0.05562500000000026,-0.005625000000000213
2026-08-16 17:33:33.521,0.984,lower,-0.02874999999999961,-0.013124999999999387
2026-08-16 17:33:33.531,0.994,lower,-0.022499999999999742,-0.034999999999999476
2026-08-16 17:33:33.541,1.004,lower,0.08187500000000014,0.0050000000000005596
2026-08-16 17:33:33.551,1.014,lower,-0.1200000000000001,-0.051875000000000115
2026-08-16 17:33:33.561,1.024,lower,0.06125000000000047,-0.004374999999999796
2026-08-16 17:33:33.571,1.034,lower,-0.004999999999999449,-0.004374999999999796
2026-08-16 17:33:33.581,1.044,lower,-0.046874999999999556,-0.03062499999999968
2026-08-16 17:33:33.591,1.054,lower,0.07437499999999986,0.001875000000000071
2026-08-16 17:33:33.601,1.064,lower,-0.12687499999999963,-0.04187500000000011
2026-08-16 17:33:33.611,1.074,lower,0.051875000000000115,-0.005625000000000213
2026-08-16 17:33:33.621,1.084,lower,-0.03062499999999968,-0.0031249999999993783
2026-08-16 17:33:33.631,1.094,lower,-0.0187499999999996,-0.029375000000000373
2026-08-16 17:33:33.641,1.104,lower,0.078125,0.005625000000000213
2026-08-16 17:33:33.651,1.114,lower,-0.12124999999999941,-0.04437499999999983
2026-08-16 17:33:33.661,1.124,lower,0.06125000000000047,0.0012500000000004174
2026-08-16 17:33:33.671,1.134,lower,-0.004374999999999796,-0.008749999999999591
2026-08-16 17:33:33.681,1.144,lower,-0.0462499999999999,-0.03937500000000038
2026-08-16 17:33:33.691,1.154,lower,0.07937500000000042,0.008749999999999591
2026-08-16 17:33:33.701,1.164,lower,-0.12375000000000025,-0.043124999999999414
2026-08-16 17:33:33.711,1.174,lower,0.05249999999999977,-0.009375000000000355
2026-08-16 17:33:33.721,1.184,lower,0.0187499999999996,-0.007500000000000284
2026-08-16 17:33:33.731,1.194,lower,-0.013124999999999387,-0.03687499999999955
2026-08-16 17:33:33.741,1.204,lower,0.08000000000000007,0.010000000000000009
2026-08-16 17:33:33.751,1.214,lower,-0.12249999999999983,-0.04187500000000011
2026-08-16 17:33:33.761,1.224,lower,0.06249999999999978,-0.007500000000000284
2026-08-16 17:33:33.771,1.234,lower,-0.008124999999999938,-0.010624999999999662
2026-08-16 17:33:33.781,1.244,lower,-0.04249999999999976,-0.03750000000000031
2026-08-16 17:33:33.791,1.254,lower,0.07500000000000062,0.008124999999999938
2026-08-16 17:33:33.801,1.264,lower,-0.12624999999999997,-0.04937500000000039
2026-08-16 17:33:33.811,1.274,lower,0.05312500000000053,-0.008749999999999591
2026-08-16 17:33:33.821,1.284,lower,0.017500000000000293,-0.0031249999999993783
2026-08-16 17:33:33.831,1.294,lower,-0.01687499999999953,-0.03562500000000024
2026-08-16 17:33:33.841,1.304,lower,0.07874999999999965,0.001875000000000071
2026-08-16 17:33:33.851,1.314,lower,-0.12375000000000025,-0.050000000000000044
2026-08-16 17:33:33.861,1.324,lower,0.05812499999999998,-0.005625000000000213
2026-08-16 17:33:33.871,1.334,lower,-0.009375000000000355,-0.003750000000000142
2026-08-16 17:33:33.881,1.344,lower,-0.04062499999999969,-0.03249999999999975
2026-08-16 17:33:33.891,1.354,lower,0.078125,0.008749999999999591
2026-08-16 17:33:33.901,1.364,lower,-0.12624999999999997,-0.03874999999999962
2026-08-16 17:33:33.911,1.374,lower,0.051875000000000115,-0.007500000000000284
2026-08-16 17:33:33.921,1.384,lower,0.015625000000000222,-0.004374999999999796
2026-08-16 17:33:33.931,1.394,lower,-0.014374999999999805,-0.04124999999999934
2026-08-16 17:33:33.941,1.404,lower,0.07500000000000062,0.005625000000000213
2026-08-16 17:33:33.951,1.414,lower,-0.12499999999999956,-0.04812499999999997
2026-08-16 17:33:33.961,1.424,lower,0.04562500000000025,-0.001875000000000071
2026-08-16 17:33:33.971,1.434,lower,-0.015625000000000222,-0.008749999999999591
2026-08-16 17:33:33.981,1.444,lower,-0.04062499999999969,-0.03937500000000038
2026-08-16 17:33:33.991,1.454,lower,0.07750000000000035,0.008749999999999591
2026-08-16 17:33:34.001,1.464,lower,-0.12375000000000025,-0.04249999999999976
2026-08-16 17:33:34.011,1.474,lower,0.05312500000000053,-0.008124999999999938
2026-08-16 17:33:34.021,1.484,lower,0.009375000000000355,-0.008749999999999591
2026-08-16 17:33:34.031,1.494,lower,-0.07187500000000013,-0.040000000000000036
2026-08-16 17:33:34.041,1.504,lower,0.07624999999999993,0.001875000000000071
2026-08-16 17:33:34.051,1.514,lower,-0.12624999999999997,-0.050000000000000044
2026-08-16 17:33:34.061,1.524,lower,0.04125000000000045,-0.012499999999999734
2026-08-16 17:33:34.071,1.534,lower,-0.014999999999999458,-0.018124999999999947
2026-08-16 17:33:34.081,1.544,lower,-0.033124999999999405,-0.03687499999999955
2026-08-16 17:33:34.091,1.554,lower,0.07437499999999986,0.0024999999999997247
2026-08-16 17:33:34.101,1.564,lower,-0.12499999999999956,-0.0462499999999999
2026-08-16 17:33:34.111,1.574,lower,0.05562500000000026,-0.004999999999999449
2026-08-16 17:33:34.121,1.584,lower,0.007500000000000284,-0.004999999999999449
2026-08-16 17:33:34.131,1.594,lower,-0.0637500000000002,-0.03375000000000017
2026-08-16 17:33:34.141,1.604,lower,0.07687499999999958,0.003750000000000142
2026-08-16 17:33:34.151,1.614,lower,-0.12124999999999941,-0.04187500000000011
2026-08-16 17:33:34.161,1.624,lower,0.04812499999999997,-0.005625000000000213
2026-08-16 17:33:34.171,1.634,lower,-0.02062499999999967,-0.003750000000000142
2026-08-16 17:33:34.181,1.644,lower,-0.031249999999999334,-0.030000000000000027
2026-08-16 17:33:34.191,1.654,lower,0.07687499999999958,0.008749999999999591
2026-08-16 17:33:34.201,1.664,lower,-0.12124999999999941,-0.04562500000000025
2026-08-16 17:33:34.211,1.674,lower,0.05437499999999984,-0.004374999999999796
2026-08-16 17:33:34.221,1.684,lower,0.0031250000000004885,-0.004374999999999796
2026-08-16 17:33:34.231,1.694,lower,-0.05812499999999998,-0.04187500000000011
2026-08-16 17:33:34.241,1.704,lower,0.07687499999999958,0.0024999999999997247
2026-08-16 17:33:34.251,1.714,lower,-0.12812500000000004,-0.0462499999999999
2026-08-16 17:33:34.261,1.724,lower,0.04750000000000032,-0.011249999999999316
2026-08-16 17:33:34.271,1.734,lower,0.029375000000000373,-0.008749999999999591
2026-08-16 17:33:34.281,1.744,lower,-0.0318750000000001,-0.040000000000000036
2026-08-16 17:33:34.291,1.754,lower,0.07750000000000035,0.005625000000000213
2026-08-16 17:33:34.301,1.764,lower,-0.1200000000000001,-0.043124999999999414
2026-08-16 17:33:34.311,1.774,lower,0.05249999999999977,-0.008749999999999591
2026-08-16 17:33:34.321,1.784,lower,-0.0012500000000004174,-0.013124999999999387
2026-08-16 17:33:34.331,1.794,lower,-0.06062499999999971,-0.04124999999999934
2026-08-16 17:33:34.341,1.804,lower,0.07437499999999986,0.0024999999999997247
2026-08-16 17:33:34.351,1.814,lower,-0.13249999999999984,-0.044999999999999485
2026-08-16 17:33:34.361,1.824,lower,0.043125000000000524,-0.010000000000000009
2026-08-16 17:33:34.371,1.834,lower,0.028124999999999956,-0.0012500000000004174
2026-08-16 17:33:34.381,1.844,lower,-0.0318750000000001,-0.03437499999999982
2026-08-16 17:33:34.391,1.854,lower,0.07500000000000062,0.0050000000000005596
2026-08-16 17:33:34.401,1.864,lower,-0.12312499999999948,-0.044999999999999485
2026-08-16 17:33:34.411,1.874,lower,0.05249999999999977,-0.004999999999999449
2026-08-16 17:33:34.421,1.884,lower,-0.003750000000000142,-0.005625000000000213
2026-08-16 17:33:34.431,1.894,lower,-0.06062499999999971,-0.03375000000000017
2026-08-16 17:33:34.441,1.904,lower,0.07062499999999972,0.004374999999999796
2026-08-16 17:33:34.451,1.914,lower,-0.13000000000000012,-0.04124999999999934
2026-08-16 17:33:34.461,1.924,lower,0.0462499999999999,-0.008124999999999938
2026-08-16 17:33:34.471,1.934,lower,0.02187500000000009,-0.004999999999999449
2026-08-16 17:33:34.481,1.944,lower,-0.026874999999999538,-0.046874999999999556
2026-08-16 17:33:34.491,1.954,lower,0.0737500000000002,0.007500000000000284
2026-08-16 17:33:34.501,1.964,lower,-0.12562500000000032,-0.04062499999999969
2026-08-16 17:33:34.511,1.974,lower,0.055000000000000604,-0.004374999999999796
2026-08-16 17:33:34.521,1.984,lower,-0.004999999999999449,-0.006249999999999867
2026-08-16 17:33:34.531,1.994,lower,-0.05249999999999977,-0.04249999999999976
2026-08-16 17:33:34.541,2.004,lower,0.07000000000000006,0.005625000000000213
2026-08-16 17:33:34.551,2.014,lower,-0.13124999999999942,-0.043124999999999414
2026-08-16 17:33:34.561,2.024,lower,0.04812499999999997,-0.013750000000000151
2026-08-16 17:33:34.571,2.034,lower,0.016249999999999876,-0.009375000000000355
2026-08-16 17:33:34.581,2.044,lower,-0.029375000000000373,-0.04249999999999976
2026-08-16 17:33:34.591,2.054,lower,0.0737500000000002,0.0012500000000004174
2026-08-16 17:33:34.601,2.064,lower,-0.12687499999999963,-0.04437499999999983
2026-08-16 17:33:34.611,2.074,lower,0.03687500000000066,-0.008749999999999591
2026-08-16 17:33:34.621,2.084,lower,-0.009375000000000355,-0.010624999999999662
2026-08-16 17:33:34.631,2.094,lower,-0.05312499999999942,-0.040000000000000036
2026-08-16 17:33:34.641,2.104,lower,0.07500000000000062,0.008124999999999938
2026-08-16 17:33:34.651,2.114,lower,-0.13124999999999942,-0.0462499999999999
2026-08-16 17:33:34.661,2.124,lower,0.046875000000000666,-0.009375000000000355
2026-08-16 17:33:34.671,2.134,lower,0.01687500000000064,-0.0031249999999993783
2026-08-16 17:33:34.681,2.144,lower,-0.07687499999999958,-0.03562500000000024
2026-08-16 17:33:34.691,2.154,lower,0.07187500000000013,0.006249999999999867
2026-08-16 17:33:34.701,2.164,lower,-0.1287499999999997,-0.038124999999999964
2026-08-16 17:33:34.711,2.174,lower,0.038124999999999964,-0.005625000000000213
2026-08-16 17:33:34.721,2.184,lower,-0.013750000000000151,-0.0031249999999993783
2026-08-16 17:33:34.731,2.194,lower,-0.05437499999999984,-0.03624999999999989
2026-08-16 17:33:34.741,2.204,lower,0.07562500000000028,0.004374999999999796
2026-08-16 17:33:34.751,2.214,lower,-0.1318750000000002,-0.03874999999999962
2026-08-16 17:33:34.761,2.224,lower,0.046875000000000666,-0.0031249999999993783
2026-08-16 17:33:34.771,2.234,lower,0.014374999999999805,-0.0024999999999997247
2026-08-16 17:33:34.781,2.244,lower,-0.07624999999999993,-0.04187500000000011
2026-08-16 17:33:34.791,2.254,lower,0.07312500000000055,0.010000000000000009
2026-08-16 17:33:34.801,2.264,lower,-0.13062499999999977,-0.043124999999999414
2026-08-16 17:33:34.811,2.274,lower,0.03937500000000038,-0.01187500000000008
2026-08-16 17:33:34.821,2.284,lower,-0.014999999999999458,-0.005625000000000213
2026-08-16 17:33:34.831,2.294,lower,-0.046874999999999556,-0.04375000000000018
2026-08-16 17:33:34.841,2.304,lower,0.07312500000000055,0.0
2026-08-16 17:33:34.851,2.314,lower,-0.11562500000000031,-0.043124999999999414
2026-08-16 17:33:34.861,2.324,lower,0.05125000000000046,-0.008749999999999591
2026-08-16 17:33:34.871,2.334,lower,0.009375000000000355,-0.005625000000000213
2026-08-16 17:33:34.881,2.344,lower,-0.0737500000000002,-0.03750000000000031
2026-08-16 17:33:34.891,2.354,lower,0.07624999999999993,0.0012500000000004174
2026-08-16 17:33:34.901,2.364,lower,-0.1275000000000004,-0.04562500000000025
2026-08-16 17:33:34.911,2.374,lower,0.03874999999999962,-0.007500000000000284
2026-08-16 17:33:34.921,2.384,lower,0.03750000000000031,-0.003750000000000142
2026-08-16 17:33:34.931,2.394,lower,-0.04249999999999976,-0.040000000000000036
2026-08-16 17:33:34.941,2.404,lower,0.07500000000000062,0.008124999999999938
2026-08-16 17:33:34.951,2.414,lower,-0.11812500000000004,-0.046874999999999556
2026-08-16 17:33:34.961,2.424,lower,0.051875000000000115,-0.009375000000000355
2026-08-16 17:33:34.971,2.434,lower,0.011250000000000426,0.0012500000000004174
2026-08-16 17:33:34.981,2.444,lower,-0.07000000000000006,-0.03624999999999989
2026-08-16 17:33:34.991,2.454,lower,0.0737500000000002,0.005625000000000213
2026-08-16 17:33:35.001,2.464,lower,-0.1287499999999997,-0.038124999999999964
2026-08-16 17:33:35.011,2.474,lower,0.040000000000000036,-0.006249999999999867
2026-08-16 17:33:35.021,2.484,lower,0.03437499999999982,-0.004374999999999796
2026-08-16 17:33:35.031,2.494,lower,-0.04375000000000018,-0.0462499999999999
2026-08-16 17:33:35.041,2.504,lower,0.07437499999999986,0.004374999999999796
2026-08-16 17:33:35.051,2.514,lower,-0.12187500000000018,-0.04249999999999976
2026-08-16 17:33:35.061,2.524,lower,0.04937500000000039,-0.01687499999999953
2026-08-16 17:33:35.071,2.534,lower,0.007500000000000284,-0.004999999999999449
2026-08-16 17:33:35.081,2.544,lower,-0.06874999999999964,-0.0462499999999999
2026-08-16 17:33:35.091,2.554,lower,0.07062499999999972,0.006249999999999867
2026-08-16 17:33:35.101,2.564,lower,-0.13124999999999942,-0.043124999999999414
2026-08-16 17:33:35.111,2.574,lower,0.04187500000000011,-0.009375000000000355
2026-08-16 17:33:35.121,2.584,lower,0.03562500000000024,-0.005625000000000213
2026-08-16 17:33:35.131,2.594,lower,-0.03937500000000038,-0.04187500000000011
2026-08-16 17:33:35.141,2.604,lower,0.07750000000000035,0.003750000000000142
2026-08-16 17:33:35.151,2.614,lower,-0.11750000000000038,-0.04249999999999976
2026-08-16 17:33:35.161,2.624,lower,0.035000000000000586,-0.008749999999999591
2026-08-16 17:33:35.171,2.634,lower,0.004374999999999796,-0.0024999999999997247
2026-08-16 17:33:35.181,2.644,lower,-0.061875000000000124,-0.03624999999999989
2026-08-16 17:33:35.191,2.654,lower,0.07562500000000028,0.006249999999999867
2026-08-16 17:33:35.201,2.664,lower,-0.13499999999999956,-0.04062499999999969
2026-08-16 17:33:35.211,2.674,lower,0.04750000000000032,-0.008124999999999938
2026-08-16 17:33:35.221,2.684,lower,0.03249999999999975,0.0031250000000004885
2026-08-16 17:33:35.231,2.694,lower,-0.03687499999999955,-0.03562500000000024
2026-08-16 17:33:35.241,2.704,lower,0.07687499999999958,0.0050000000000005596
2026-08-16 17:33:35.251,2.714,lower,-0.12124999999999941,-0.034999999999999476
2026-08-16 17:33:35.261,2.724,lower,0.03687500000000066,-0.004999999999999449
2026-08-16 17:33:35.271,2.734,lower,0.004374999999999796,-0.0031249999999993783
2026-08-16 17:33:35.281,2.744,lower,-0.0637500000000002,-0.04437499999999983
2026-08-16 17:33:35.291,2.754,lower,0.07624999999999993,0.008749999999999591
2026-08-16 17:33:35.301,2.764,lower,-0.12687499999999963,-0.03687499999999955
2026-08-16 17:33:35.311,2.774,lower,0.043125000000000524,-0.004999999999999449
2026-08-16 17:33:35.321,2.784,lower,0.028124999999999956,-0.0031249999999993783
2026-08-16 17:33:35.331,2.794,lower,-0.08812500000000001,-0.04562500000000025
2026-08-16 17:33:35.341,2.804,lower,0.07874999999999965,0.003750000000000142
2026-08-16 17:33:35.351,2.814,lower,-0.12624999999999997,-0.04062499999999969
2026-08-16 17:33:35.361,2.824,lower,0.035000000000000586,-0.013124999999999387
2026-08-16 17:33:35.371,2.834,lower,0.0024999999999997247,-0.001875000000000071
2026-08-16 17:33:35.381,2.844,lower,-0.05812499999999998,-0.043124999999999414
2026-08-16 17:33:35.391,2.854,lower,0.078125,0.001875000000000071
2026-08-16 17:33:35.401,2.864,lower,-0.10937499999999933,-0.04375000000000018
2026-08-16 17:33:35.411,2.874,lower,0.04874999999999963,-0.008749999999999591
2026-08-16 17:33:35.421,2.884,lower,0.02687500000000065,-0.005625000000000213
2026-08-16 17:33:35.431,2.894,lower,-0.08562500000000028,-0.04062499999999969
2026-08-16 17:33:35.441,2.904,lower,0.07624999999999993,0.0050000000000005596
2026-08-16 17:33:35.451,2.914,lower,-0.1243749999999999,-0.04249999999999976
2026-08-16 17:33:35.461,2.924,lower,0.035000000000000586,-0.010624999999999662
2026-08-16 17:33:35.471,2.934,lower,0.0012500000000004174,-0.0012500000000004174
2026-08-16 17:33:35.481,2.944,lower,-0.05312499999999942,-0.03687499999999955
2026-08-16 17:33:35.491,2.954,lower,0.07500000000000062,0.004374999999999796
2026-08-16 17:33:35.501,2.964,lower,-0.11249999999999982,-0.03249999999999975
2026-08-16 17:33:35.511,2.974,lower,0.04937500000000039,-0.007500000000000284
2026-08-16 17:33:35.521,2.984,lower,0.02562500000000023,0.0024999999999997247
2026-08-16 17:33:35.531,2.994,lower,-0.08000000000000007,-0.03687499999999955
2026-08-16 17:33:35.541,3.004,lower,0.07562500000000028,0.001875000000000071
2026-08-16 17:33:35.551,3.014,lower,-0.12249999999999983,-0.03750000000000031
2026-08-16 17:33:35.561,3.024,lower,0.04249999999999976,-0.006249999999999867
2026-08-16 17:33:35.571,3.034,lower,0.04812499999999997,-0.0031249999999993783
2026-08-16 17:33:35.581,3.044,lower,-0.051875000000000115,-0.04874999999999963
2026-08-16 17:33:35.591,3.054,lower,0.07562500000000028,0.006249999999999867
2026-08-16 17:33:35.601,3.064,lower,-0.1112499999999994,-0.04249999999999976
2026-08-16 17:33:35.611,3.074,lower,0.04874999999999963,-0.014999999999999458
2026-08-16 17:33:35.621,3.084,lower,0.02375000000000016,0.0006249999999996536
2026-08-16 17:33:35.631,3.094,lower,-0.08187500000000014,-0.04874999999999963
2026-08-16 17:33:35.641,3.104,lower,0.07249999999999979,0.004374999999999796
2026-08-16 17:33:35.651,3.114,lower,-0.1243749999999999,-0.040000000000000036
2026-08-16 17:33:35.661,3.124,lower,0.04187500000000011,-0.015625000000000222
2026-08-16 17:33:35.671,3.134,lower,0.04874999999999963,-0.004374999999999796
2026-08-16 17:33:35.681,3.144,lower,-0.051875000000000115,-0.04249999999999976
2026-08-16 17:33:35.691,3.154,lower,0.07750000000000035,0.0031250000000004885
2026-08-16 17:33:35.701,3.164,lower,-0.11312499999999948,-0.04062499999999969
2026-08-16 17:33:35.711,3.174,lower,0.050000000000000044,-0.012499999999999734
2026-08-16 17:33:35.721,3.184,lower,0.018124999999999947,0.001875000000000071
2026-08-16 17:33:35.731,3.194,lower,-0.07562500000000028,-0.040000000000000036
2026-08-16 17:33:35.741,3.204,lower,0.07437499999999986,0.0050000000000005596
2026-08-16 17:33:35.751,3.214,lower,-0.12624999999999997,-0.04249999999999976
2026-08-16 17:33:35.761,3.224,lower,0.04249999999999976,-0.009375000000000355
2026-08-16 17:33:35.771,3.234,lower,0.050000000000000044,0.0012500000000004174
2026-08-16 17:33:35.781,3.244,lower,-0.04812499999999997,-0.03750000000000031
2026-08-16 17:33:35.791,3.254,lower,0.07500000000000062,0.007500000000000284
2026-08-16 17:33:35.801,3.264,lower,-0.1143749999999999,-0.03562500000000024
2026-08-16 17:33:35.811,3.274,lower,0.03062499999999968,-0.011249999999999316
2026-08-16 17:33:35.821,3.284,lower,0.012499999999999734,-0.0006249999999996536
2026-08-16 17:33:35.831,3.294,lower,-0.07437499999999986,-0.046874999999999556
2026-08-16 17:33:35.841,3.304,lower,0.07249999999999979,0.0031250000000004885
2026-08-16 17:33:35.851,3.314,lower,-0.1275000000000004,-0.03874999999999962
2026-08-16 17:33:35.861,3.324,lower,0.043125000000000524,-0.004374999999999796
2026-08-16 17:33:35.871,3.334,lower,0.04187500000000011,-0.001875000000000071
2026-08-16 17:33:35.881,3.344,lower,-0.09624999999999995,-0.0462499999999999
2026-08-16 17:33:35.891,3.354,lower,0.078125,0.008749999999999591
2026-08-16 17:33:35.901,3.364,lower,-0.1143749999999999,-0.03937500000000038
2026-08-16 17:33:35.911,3.374,lower,0.03375000000000017,-0.01187500000000008
2026-08-16 17:33:35.921,3.384,lower,0.01187500000000008,0.0012500000000004174
2026-08-16 17:33:35.931,3.394,lower,-0.07124999999999937,-0.04062499999999969
2026-08-16 17:33:35.941,3.404,lower,0.07624999999999993,0.0024999999999997247
2026-08-16 17:33:35.951,3.414,lower,-0.12562500000000032,-0.040000000000000036
2026-08-16 17:33:35.961,3.424,lower,0.045000000000000595,-0.013750000000000151
2026-08-16 17:33:35.971,3.434,lower,0.04062499999999969,-0.004999999999999449
2026-08-16 17:33:35.981,3.444,lower,-0.09499999999999953,-0.04124999999999934
2026-08-16 17:33:35.991,3.454,lower,0.07874999999999965,0.003750000000000142
2026-08-16 17:33:36.001,3.464,lower,-0.11562500000000031,-0.04437499999999983
2026-08-16 17:33:36.011,3.474,lower,0.03062499999999968,-0.01187500000000008
2026-08-16 17:33:36.021,3.484,lower,0.01187500000000008,0.0006249999999996536
2026-08-16 17:33:36.031,3.494,lower,-0.06874999999999964,-0.04124999999999934
2026-08-16 17:33:36.041,3.504,lower,0.07500000000000062,0.0031250000000004885
2026-08-16 17:33:36.051,3.514,lower,-0.10000000000000009,-0.03562500000000024
2026-08-16 17:33:36.061,3.524,lower,0.04375000000000018,-0.009375000000000355
2026-08-16 17:33:36.071,3.534,lower,0.035000000000000586,-0.0024999999999997247
2026-08-16 17:33:36.081,3.544,lower,-0.09124999999999939,-0.03874999999999962
2026-08-16 17:33:36.091,3.554,lower,0.07687499999999958,0.0050000000000005596
2026-08-16 17:33:36.101,3.564,lower,-0.12312499999999948,-0.03562500000000024
2026-08-16 17:33:36.111,3.574,lower,0.031250000000000444,-0.013750000000000151
2026-08-16 17:33:36.121,3.584,lower,0.056875000000000675,-0.0012500000000004174
2026-08-16 17:33:36.131,3.594,lower,-0.0649999999999995,-0.04812499999999997
2026-08-16 17:33:36.141,3.604,lower,0.07062499999999972,0.0031250000000004885
2026-08-16 17:33:36.151,3.614,lower,-0.10375000000000023,-0.03750000000000031
2026-08-16 17:33:36.161,3.624,lower,0.043125000000000524,-0.018124999999999947
2026-08-16 17:33:36.171,3.634,lower,0.033125000000000515,-0.001875000000000071
2026-08-16 17:33:36.181,3.644,lower,-0.09124999999999939,-0.0462499999999999
2026-08-16 17:33:36.191,3.654,lower,0.07249999999999979,0.0050000000000005596
2026-08-16 17:33:36.201,3.664,lower,-0.12062499999999976,-0.04062499999999969
2026-08-16 17:33:36.211,3.674,lower,0.03375000000000017,-0.013124999999999387
2026-08-16 17:33:36.221,3.684,lower,0.05624999999999991,-0.004999999999999449
2026-08-16 17:33:36.231,3.694,lower,-0.0649999999999995,-0.04124999999999934
2026-08-16 17:33:36.241,3.704,lower,0.07624999999999993,0.0024999999999997247
2026-08-16 17:33:36.251,3.714,lower,-0.10375000000000023,-0.038124999999999964
2026-08-16 17:33:36.261,3.724,lower,0.04437499999999983,-0.014999999999999458
2026-08-16 17:33:36.271,3.734,lower,0.028124999999999956,-0.0012500000000004174
2026-08-16 17:33:36.281,3.744,lower,-0.08562500000000028,-0.043124999999999414
2026-08-16 17:33:36.291,3.754,lower,0.07125000000000048,0.001875000000000071
2026-08-16 17:33:36.301,3.764,lower,-0.12375000000000025,-0.03249999999999975
2026-08-16 17:33:36.311,3.774,lower,0.03624999999999989,-0.014999999999999458
2026-08-16 17:33:36.321,3.784,lower,0.05125000000000046,0.0031250000000004885
2026-08-16 17:33:36.331,3.794,lower,-0.06312499999999943,-0.044999999999999485
2026-08-16 17:33:36.341,3.804,lower,0.0737500000000002,0.0024999999999997247
2026-08-16 17:33:36.351,3.814,lower,-0.1100000000000001,-0.03750000000000031
2026-08-16 17:33:36.361,3.824,lower,0.02062499999999967,-0.008749999999999591
2026-08-16 17:33:36.371,3.834,lower,0.028124999999999956,-0.0024999999999997247
2026-08-16 17:33:36.381,3.844,lower,-0.08812500000000001,-0.0462499999999999
2026-08-16 17:33:36.391,3.854,lower,0.07187500000000013,0.006249999999999867
2026-08-16 17:33:36.401,3.864,lower,-0.12624999999999997,-0.038124999999999964
2026-08-16 17:33:36.411,3.874,lower,0.03624999999999989,-0.010000000000000009
2026-08-16 17:33:36.421,3.884,lower,0.050000000000000044,0.0
2026-08-16 17:33:36.431,3.894,lower,-0.06062499999999971,-0.04874999999999963
2026-08-16 17:33:36.441,3.904,lower,0.07249999999999979,0.006249999999999867
2026-08-16 17:33:36.451,3.914,lower,-0.10937499999999933,-0.040000000000000036
2026-08-16 17:33:36.461,3.924,lower,0.02562500000000023,-0.016249999999999876
2026-08-16 17:33:36.471,3.934,lower,0.02187500000000009,-0.0006249999999996536
2026-08-16 17:33:36.481,3.944,lower,-0.08187500000000014,-0.043124999999999414
2026-08-16 17:33:36.491,3.954,lower,0.07437499999999986,0.006875000000000631
2026-08-16 17:33:36.501,3.964,lower,-0.12624999999999997,-0.03937500000000038
2026-08-16 17:33:36.511,3.974,lower,0.03874999999999962,-0.014374999999999805
2026-08-16 17:33:36.521,3.984,lower,0.050000000000000044,-0.0024999999999997247
2026-08-16 17:33:36.531,3.994,lower,-0.10249999999999981,-0.04249999999999976
2026-08-16 17:33:36.541,4.004,lower,0.07687499999999958,-0.001875000000000071
2026-08-16 17:33:36.551,4.014,lower,-0.11375000000000024,-0.04062499999999969
2026-08-16 17:33:36.561,4.024,lower,0.030000000000000027,-0.014374999999999805
2026-08-16 17:33:36.571,4.034,lower,0.020000000000000018,0.0006249999999996536
2026-08-16 17:33:36.581,4.044,lower,-0.08187500000000014,-0.04249999999999976
2026-08-16 17:33:36.591,4.054,lower,0.07562500000000028,0.0012500000000004174
2026-08-16 17:33:36.601,4.064,lower,-0.08937500000000043,-0.0318750000000001
2026-08-16 17:33:36.611,4.074,lower,0.03937500000000038,-0.010624999999999662
2026-08-16 17:33:36.621,4.084,lower,0.050000000000000044,0.0031250000000004885
2026-08-16 17:33:36.631,4.094,lower,-0.1012499999999994,-0.05312499999999942
2026-08-16 17:33:36.641,4.104,lower,0.07562500000000028,0.006875000000000631
2026-08-16 17:33:36.651,4.114,lower,-0.11062499999999975,-0.030000000000000027
2026-08-16 17:33:36.661,4.124,lower,0.027500000000000302,-0.009375000000000355
2026-08-16 17:33:36.671,4.134,lower,0.0187499999999996,0.003750000000000142
2026-08-16 17:33:36.681,4.144,lower,-0.07687499999999958,-0.04750000000000032
2026-08-16 17:33:36.691,4.154,lower,0.07312500000000055,0.008124999999999938
2026-08-16 17:33:36.701,4.164,lower,-0.09312499999999946,-0.034999999999999476
2026-08-16 17:33:36.711,4.174,lower,0.04249999999999976,-0.01687499999999953
2026-08-16 17:33:36.721,4.184,lower,0.04437499999999983,0.001875000000000071
2026-08-16 17:33:36.731,4.194,lower,-0.09874999999999967,-0.0462499999999999
2026-08-16 17:33:36.741,4.204,lower,0.07624999999999993,0.0006249999999996536
2026-08-16 17:33:36.751,4.214,lower,-0.11312499999999948,-0.03624999999999989
2026-08-16 17:33:36.761,4.224,lower,0.031250000000000444,-0.014999999999999458
2026-08-16 17:33:36.771,4.234,lower,0.06562500000000027,-0.0006249999999996536
2026-08-16 17:33:36.781,4.244,lower,-0.07437499999999986,-0.04750000000000032
2026-08-16 17:33:36.791,4.254,lower,0.07687499999999958,0.0031250000000004885
2026-08-16 17:33:36.801,4.264,lower,-0.09437499999999988,-0.04124999999999934
2026-08-16 17:33:36.811,4.274,lower,0.03874999999999962,-0.01187500000000008
2026-08-16 17:33:36.821,4.284,lower,0.04375000000000018,0.001875000000000071
2026-08-16 17:33:36.831,4.294,lower,-0.09499999999999953,-0.040000000000000036
2026-08-16 17:33:36.841,4.304,lower,0.07249999999999979,0.0012500000000004174
2026-08-16 17:33:36.851,4.314,lower,-0.11750000000000038,-0.026249999999999885
2026-08-16 17:33:36.861,4.324,lower,0.033125000000000515,-0.014374999999999805
2026-08-16 17:33:36.871,4.334,lower,0.06624999999999992,0.0050000000000005596
2026-08-16 17:33:36.881,4.344,lower,-0.07249999999999979,-0.040000000000000036
2026-08-16 17:33:36.891,4.354,lower,0.07874999999999965,0.004374999999999796
2026-08-16 17:33:36.901,4.364,lower,-0.09437499999999988,-0.03062499999999968
2026-08-16 17:33:36.911,4.374,lower,0.04437499999999983,-0.008749999999999591
2026-08-16 17:33:36.921,4.384,lower,0.043125000000000524,0.001875000000000071
2026-08-16 17:33:36.931,4.394,lower,-0.09437499999999988,-0.04562500000000025
2026-08-16 17:33:36.941,4.404,lower,0.07624999999999993,0.008124999999999938
2026-08-16 17:33:36.951,4.414,lower,-0.1143749999999999,-0.0318750000000001
2026-08-16 17:33:36.961,4.424,lower,0.0318750000000001,-0.018124999999999947
2026-08-16 17:33:36.971,4.434,lower,0.0637500000000002,0.0031250000000004885
2026-08-16 17:33:36.981,4.444,lower,-0.06687499999999957,-0.044999999999999485
2026-08-16 17:33:36.991,4.454,lower,0.07750000000000035,0.0050000000000005596
2026-08-16 17:33:37.001,4.464,lower,-0.09812500000000002,-0.03249999999999975
2026-08-16 17:33:37.011,4.474,lower,0.023125000000000506,-0.01687499999999953
2026-08-16 17:33:37.021,4.484,lower,0.03874999999999962,-0.0024999999999997247
2026-08-16 17:33:37.031,4.494,lower,-0.09437499999999988,-0.044999999999999485
2026-08-16 17:33:37.041,4.504,lower,0.0737500000000002,-0.0012500000000004174
2026-08-16 17:33:37.051,4.514,lower,-0.11812500000000004,-0.034999999999999476
2026-08-16 17:33:37.061,4.524,lower,0.03624999999999989,-0.014999999999999458
2026-08-16 17:33:37.071,4.534,lower,0.05750000000000033,0.003750000000000142
2026-08-16 17:33:37.081,4.544,lower,-0.10937499999999933,-0.04562500000000025
2026-08-16 17:33:37.091,4.554,lower,0.07437499999999986,0.001875000000000071
2026-08-16 17:33:37.101,4.564,lower,-0.10187500000000016,-0.03874999999999962
2026-08-16 17:33:37.111,4.574,lower,0.024374999999999813,-0.01187500000000008
2026-08-16 17:33:37.121,4.584,lower,0.035000000000000586,0.003750000000000142
2026-08-16 17:33:37.131,4.594,lower,-0.08874999999999966,-0.040000000000000036
2026-08-16 17:33:37.141,4.604,lower,0.07874999999999965,0.0031250000000004885
2026-08-16 17:33:37.151,4.614,lower,-0.12062499999999976,-0.030000000000000027
2026-08-16 17:33:37.161,4.624,lower,0.03624999999999989,-0.010000000000000009
2026-08-16 17:33:37.171,4.634,lower,0.06125000000000047,0.006875000000000631
2026-08-16 17:33:37.181,4.644,lower,-0.10499999999999954,-0.04437499999999983
2026-08-16 17:33:37.191,4.654,lower,0.08187500000000014,0.0050000000000005596
2026-08-16 17:33:37.201,4.664,lower,-0.10499999999999954,-0.030000000000000027
2026-08-16 17:33:37.211,4.674,lower,0.028124999999999956,-0.00687499999999952
2026-08-16 17:33:37.221,4.684,lower,0.03375000000000017,0.0024999999999997247
2026-08-16 17:33:37.231,4.694,lower,-0.08812500000000001,-0.04437499999999983
2026-08-16 17:33:37.241,4.704,lower,0.07624999999999993,0.007500000000000284
2026-08-16 17:33:37.251,4.714,lower,-0.08124999999999938,-0.029375000000000373
2026-08-16 17:33:37.261,4.724,lower,0.03874999999999962,-0.016249999999999876
2026-08-16 17:33:37.271,4.734,lower,0.056875000000000675,0.0024999999999997247
2026-08-16 17:33:37.281,4.744,lower,-0.10750000000000037,-0.04562500000000025
2026-08-16 17:33:37.291,4.754,lower,0.07937500000000042,0.0050000000000005596
2026-08-16 17:33:37.301,4.764,lower,-0.10812500000000003,-0.03437499999999982
2026-08-16 17:33:37.311,4.774,lower,0.025000000000000577,-0.02062499999999967
2026-08-16 17:33:37.321,4.784,lower,0.06624999999999992,-0.0012500000000004174
2026-08-16 17:33:37.331,4.794,lower,-0.08812500000000001,-0.044999999999999485
2026-08-16 17:33:37.341,4.804,lower,0.07249999999999979,0.0006249999999996536
2026-08-16 17:33:37.351,4.814,lower,-0.08624999999999994,-0.03375000000000017
2026-08-16 17:33:37.361,4.824,lower,0.031250000000000444,-0.015625000000000222
2026-08-16 17:33:37.371,4.834,lower,0.05249999999999977,0.0031250000000004885
2026-08-16 17:33:37.381,4.844,lower,-0.1100000000000001,-0.04437499999999983
2026-08-16 17:33:37.391,4.854,lower,0.07500000000000062,0.0031250000000004885
2026-08-16 17:33:37.401,4.864,lower,-0.11062499999999975,-0.027500000000000302
2026-08-16 17:33:37.411,4.874,lower,0.022499999999999742,-0.013750000000000151
2026-08-16 17:33:37.421,4.884,lower,0.06312500000000054,0.006249999999999867
2026-08-16 17:33:37.431,4.894,lower,-0.08312499999999945,-0.040000000000000036
2026-08-16 17:33:37.441,4.904,lower,0.07249999999999979,0.0050000000000005596
2026-08-16 17:33:37.451,4.914,lower,-0.08750000000000036,-0.026874999999999538
2026-08-16 17:33:37.461,4.924,lower,0.03624999999999989,-0.01187500000000008
2026-08-16 17:33:37.471,4.934,lower,0.051875000000000115,0.004374999999999796
2026-08-16 17:33:37.481,4.944,lower,-0.10750000000000037,-0.044999999999999485
2026-08-16 17:33:37.491,4.954,lower,0.06062499999999971,0.004374999999999796
2026-08-16 17:33:37.501,4.964,lower,-0.11499999999999955,-0.030000000000000027
2026-08-16 17:33:37.511,4.974,lower,0.021250000000000435,-0.021249999999999325
2026-08-16 17:33:37.521,4.984,lower,0.06125000000000047,0.001875000000000071
2026-08-16 17:33:37.531,4.994,lower,-0.08874999999999966,-0.046874999999999556
2026-08-16 17:33:37.541,5.004,lower,0.06874999999999964,-0.001875000000000071
2026-08-16 17:33:37.551,5.014,lower,-0.09937499999999932,-0.03375000000000017
2026-08-16 17:33:37.561,5.024,lower,0.003750000000000142,-0.02062499999999967
2026-08-16 17:33:37.571,5.034,lower,0.038124999999999964,-0.001875000000000071
2026-08-16 17:33:37.581,5.044,lower,-0.11812500000000004,-0.05249999999999977
2026-08-16 17:33:37.591,5.054,lower,0.05624999999999991,-0.001875000000000071
2026-08-16 17:33:37.601,5.064,lower,-0.12249999999999983,-0.034999999999999476
2026-08-16 17:33:37.611,5.074,lower,0.016249999999999876,-0.02062499999999967
2026-08-16 17:33:37.621,5.084,lower,0.05437499999999984,-0.0006249999999996536
2026-08-16 17:33:37.631,5.094,lower,-0.08750000000000036,-0.04187500000000011
2026-08-16 17:33:37.641,5.104,lower,0.06624999999999992,0.0031250000000004885
2026-08-16 17:33:37.651,5.114,lower,-0.09375000000000022,-0.034999999999999476
2026-08-16 17:33:37.661,5.124,lower,0.013125000000000497,-0.018124999999999947
2026-08-16 17:33:37.671,5.134,lower,0.04937500000000039,0.004374999999999796
2026-08-16 17:33:37.681,5.144,lower,-0.0968749999999996,-0.04249999999999976
2026-08-16 17:33:37.691,5.154,lower,0.07750000000000035,0.005625000000000213
2026-08-16 17:33:37.701,5.164,lower,-0.11062499999999975,-0.02375000000000016
2026-08-16 17:33:37.711,5.174,lower,0.040000000000000036,-0.009375000000000355
2026-08-16 17:33:37.721,5.184,lower,0.07187500000000013,0.001875000000000071
2026-08-16 17:33:37.731,5.194,lower,-0.10874999999999968,-0.04249999999999976
2026-08-16 17:33:37.741,5.204,lower,0.08312500000000056,0.007500000000000284
2026-08-16 17:33:37.751,5.214,lower,-0.08687499999999959,-0.028124999999999956
2026-08-16 17:33:37.761,5.224,lower,0.02187500000000009,-0.0187499999999996
2026-08-16 17:33:37.771,5.234,lower,0.04937500000000039,0.005625000000000213
2026-08-16 17:33:37.781,5.244,lower,-0.09437499999999988,-0.04750000000000032
2026-08-16 17:33:37.791,5.254,lower,0.07500000000000062,0.006249999999999867
2026-08-16 17:33:37.801,5.264,lower,-0.07312499999999944,-0.031249999999999334
2026-08-16 17:33:37.811,5.274,lower,0.033125000000000515,-0.021249999999999325
2026-08-16 17:33:37.821,5.284,lower,0.06562500000000027,0.0
2026-08-16 17:33:37.831,5.294,lower,-0.11562500000000031,-0.0462499999999999
2026-08-16 17:33:37.841,5.304,lower,0.07312500000000055,0.0006249999999996536
2026-08-16 17:33:37.851,5.314,lower,-0.09750000000000036,-0.03249999999999975
2026-08-16 17:33:37.861,5.324,lower,0.016249999999999876,-0.02187500000000009
2026-08-16 17:33:37.871,5.334,lower,0.04249999999999976,0.001875000000000071
2026-08-16 17:33:37.881,5.344,lower,-0.10000000000000009,-0.050000000000000044
2026-08-16 17:33:37.891,5.354,lower,0.06812499999999999,0.0012500000000004174
2026-08-16 17:33:37.901,5.364,lower,-0.08062499999999972,-0.03750000000000031
2026-08-16 17:33:37.911,5.374,lower,0.027500000000000302,-0.013124999999999387
2026-08-16 17:33:37.921,5.384,lower,0.05562500000000026,-0.0031249999999993783
2026-08-16 17:33:37.931,5.394,lower,-0.12124999999999941,-0.044999999999999485
2026-08-16 17:33:37.941,5.404,lower,0.06500000000000061,0.0006249999999996536
2026-08-16 17:33:37.951,5.414,lower,-0.1143749999999999,-0.03062499999999968
2026-08-16 17:33:37.961,5.424,lower,-0.008749999999999591,-0.02187500000000009
2026-08-16 17:33:37.971,5.434,lower,0.02187500000000009,-0.007500000000000284
2026-08-16 17:33:37.981,5.444,lower,-0.16312499999999952,-0.06312499999999943
2026-08-16 17:33:37.991,5.454,lower,-0.017500000000000293,-0.015625000000000222
2026-08-16 17:33:38.001,5.464,lower,-0.17687499999999967,-0.04750000000000032
2026-08-16 17:33:38.011,5.474,lower,-0.08437499999999987,-0.040000000000000036
2026-08-16 17:33:38.021,5.484,lower,-0.06562500000000027,-0.024999999999999467
2026-08-16 17:33:38.031,5.494,lower,-0.2431249999999996,-0.07624999999999993
2026-08-16 17:33:38.041,5.504,lower,-0.07249999999999979,-0.02562500000000023
2026-08-16 17:33:38.051,5.514,lower,-0.24124999999999952,-0.06062499999999971
2026-08-16 17:33:38.061,5.524,lower,-0.11562500000000031,-0.05624999999999991
2026-08-16 17:33:38.071,5.534,lower,-0.06687499999999957,-0.034999999999999476
2026-08-16 17:33:38.081,5.544,lower,-0.2287499999999998,-0.08124999999999938
2026-08-16 17:33:38.091,5.554,lower,-0.053750000000000187,-0.03624999999999989
2026-08-16 17:33:38.101,5.564,lower,-0.1981250000000001,-0.06000000000000005
2026-08-16 17:33:38.111,5.574,lower,-0.08499999999999952,-0.051875000000000115
2026-08-16 17:33:38.121,5.584,lower,-0.04812499999999997,-0.028124999999999956
2026-08-16 17:33:38.131,5.594,lower,-0.20749999999999935,-0.07187500000000013
2026-08-16 17:33:38.141,5.604,lower,-0.024999999999999467,-0.02562500000000023
2026-08-16 17:33:38.151,5.614,lower,-0.18625000000000003,-0.05312499999999942
2026-08-16 17:33:38.161,5.624,lower,-0.05312499999999942,-0.04062499999999969
2026-08-16 17:33:38.171,5.634,lower,0.0050000000000005596,-0.014374999999999805
2026-08-16 17:33:38.181,5.644,lower,-0.15000000000000013,-0.061875000000000124
2026-08-16 17:33:38.191,5.654,lower,0.023125000000000506,-0.01187500000000008
2026-08-16 17:33:38.201,5.664,lower,-0.11812500000000004,-0.03437499999999982
2026-08-16 17:33:38.211,5.674,lower,-0.028124999999999956,-0.02874999999999961
2026-08-16 17:33:38.221,5.684,lower,0.026249999999999885,-0.007500000000000284
2026-08-16 17:33:38.231,5.694,lower,-0.12624999999999997,-0.05124999999999935
2026-08-16 17:33:38.241,5.704,lower,0.05249999999999977,-0.005625000000000213
2026-08-16 17:33:38.251,5.714,lower,-0.11937499999999934,-0.02874999999999961
2026-08-16 17:33:38.261,5.724,lower,0.02062499999999967,-0.017500000000000293
2026-08-16 17:33:38.271,5.734,lower,0.07000000000000006,0.0
2026-08-16 17:33:38.281,5.744,lower,-0.11562500000000031,-0.04937500000000039
2026-08-16 17:33:38.291,5.754,lower,0.0824999999999998,0.0024999999999997247
2026-08-16 17:33:38.301,5.764,lower,-0.0649999999999995,-0.02874999999999961
2026-08-16 17:33:38.311,5.774,lower,0.03062499999999968,-0.028124999999999956
2026-08-16 17:33:38.321,5.784,lower,0.07062499999999972,0.0
2026-08-16 17:33:38.331,5.794,lower,-0.08624999999999994,-0.04750000000000032
2026-08-16 17:33:38.341,5.804,lower,0.09000000000000008,0.007500000000000284
2026-08-16 17:33:38.351,5.814,lower,-0.08687499999999959,-0.027500000000000302
2026-08-16 17:33:38.361,5.824,lower,0.04750000000000032,-0.023124999999999396
2026-08-16 17:33:38.371,5.834,lower,0.09437499999999988,0.001875000000000071
2026-08-16 17:33:38.381,5.844,lower,-0.09000000000000008,-0.04187500000000011
2026-08-16 17:33:38.391,5.854,lower,0.1012500000000005,0.0024999999999997247
2026-08-16 17:33:38.401,5.864,lower,-0.05562500000000026,-0.028124999999999956
2026-08-16 17:33:38.411,5.874,lower,0.04437499999999983,-0.012499999999999734
2026-08-16 17:33:38.421,5.884,lower,0.08187500000000014,0.008749999999999591
2026-08-16 17:33:38.431,5.894,lower,-0.07562500000000028,-0.03687499999999955
2026-08-16 17:33:38.441,5.904,lower,0.1012500000000005,0.003750000000000142
2026-08-16 17:33:38.451,5.914,lower,-0.0318750000000001,-0.028124999999999956
2026-08-16 17:33:38.461,5.924,lower,0.05624999999999991,-0.01187500000000008
2026-08-16 17:33:38.471,5.934,lower,0.09874999999999967,0.008124999999999938
2026-08-16 17:33:38.481,5.944,lower,-0.08687499999999959,-0.04249999999999976
2026-08-16 17:33:38.491,5.954,lower,0.10187500000000016,0.006875000000000631
2026-08-16 17:33:38.501,5.964,lower,-0.058749999999999636,-0.018124999999999947
2026-08-16 17:33:38.511,5.974,lower,0.04062499999999969,-0.010000000000000009
2026-08-16 17:33:38.521,5.984,lower,0.07437499999999986,0.006249999999999867
2026-08-16 17:33:38.531,5.994,lower,-0.07937500000000042,-0.0462499999999999
2026-08-16 17:33:38.541,6.004,lower,0.09375000000000022,0.007500000000000284
2026-08-16 17:33:38.551,6.014,lower,-0.04187500000000011,-0.024999999999999467
2026-08-16 17:33:38.561,6.024,lower,0.04750000000000032,-0.013124999999999387
2026-08-16 17:33:38.571,6.034,lower,0.08187500000000014,0.0024999999999997247
2026-08-16 17:33:38.581,6.044,lower,-0.09937499999999932,-0.0462499999999999
2026-08-16 17:33:38.591,6.054,lower,0.09000000000000008,0.001875000000000071
2026-08-16 17:33:38.601,6.064,lower,-0.07687499999999958,-0.026874999999999538
2026-08-16 17:33:38.611,6.074,lower,0.0318750000000001,-0.024999999999999467
2026-08-16 17:33:38.621,6.084,lower,0.08312500000000056,0.006249999999999867
2026-08-16 17:33:38.631,6.094,lower,-0.08750000000000036,-0.04249999999999976
2026-08-16 17:33:38.641,6.104,lower,0.08812500000000001,-0.0012500000000004174
2026-08-16 17:33:38.651,6.114,lower,-0.04874999999999963,-0.024999999999999467
2026-08-16 17:33:38.661,6.124,lower,0.04874999999999963,-0.018124999999999947
2026-08-16 17:33:38.671,6.134,lower,0.08187500000000014,0.006875000000000631
2026-08-16 17:33:38.681,6.144,lower,-0.09062499999999973,-0.04249999999999976
2026-08-16 17:33:38.691,6.154,lower,0.08562500000000028,0.0024999999999997247
2026-08-16 17:33:38.701,6.164,lower,-0.07187500000000013,-0.027500000000000302
2026-08-16 17:33:38.711,6.174,lower,0.038124999999999964,-0.013750000000000151
2026-08-16 17:33:38.721,6.184,lower,0.09312500000000057,0.008124999999999938
2026-08-16 17:33:38.731,6.194,lower,-0.07937500000000042,-0.038124999999999964
2026-08-16 17:33:38.741,6.204,lower,0.0956250000000003,0.005625000000000213
2026-08-16 17:33:38.751,6.214,lower,-0.04187500000000011,-0.013124999999999387
2026-08-16 17:33:38.761,6.224,lower,0.05562500000000026,-0.011249999999999316
2026-08-16 17:33:38.771,6.234,lower,0.08812500000000001,0.009375000000000355
2026-08-16 17:33:38.781,6.244,lower,-0.08375000000000021,-0.04249999999999976
2026-08-16 17:33:38.791,6.254,lower,0.09312500000000057,0.003750000000000142
2026-08-16 17:33:38.801,6.264,lower,-0.06937500000000041,-0.017500000000000293
2026-08-16 17:33:38.811,6.274,lower,0.04812499999999997,-0.011249999999999316
2026-08-16 17:33:38.821,6.284,lower,0.09812500000000002,0.008749999999999591
2026-08-16 17:33:38.831,6.294,lower,-0.06624999999999992,-0.043124999999999414
2026-08-16 17:33:38.841,6.304,lower,0.09874999999999967,0.010000000000000009
2026-08-16 17:33:38.851,6.314,lower,-0.046874999999999556,-0.019375000000000364
2026-08-16 17:33:38.861,6.324,lower,0.0318750000000001,-0.021249999999999325
2026-08-16 17:33:38.871,6.334,lower,0.08937500000000043,0.011250000000000426
2026-08-16 17:33:38.881,6.344,lower,-0.08312499999999945,-0.04124999999999934
2026-08-16 17:33:38.891,6.354,lower,0.09812500000000002,0.007500000000000284
2026-08-16 17:33:38.901,6.364,lower,-0.07062499999999972,-0.019375000000000364
2026-08-16 17:33:38.911,6.374,lower,0.04874999999999963,-0.016249999999999876
2026-08-16 17:33:38.921,6.384,lower,0.09874999999999967,0.011250000000000426
2026-08-16 17:33:38.931,6.394,lower,-0.09187500000000015,-0.03750000000000031
2026-08-16 17:33:38.941,6.404,lower,0.09812500000000002,0.006875000000000631
2026-08-16 17:33:38.951,6.414,lower,-0.046874999999999556,-0.02375000000000016
2026-08-16 17:33:38.961,6.424,lower,0.033125000000000515,-0.017500000000000293
2026-08-16 17:33:38.971,6.434,lower,0.08375000000000021,0.012499999999999734
2026-08-16 17:33:38.981,6.444,lower,-0.08687499999999959,-0.038124999999999964
2026-08-16 17:33:38.991,6.454,lower,0.09500000000000064,0.006249999999999867
2026-08-16 17:33:39.001,6.464,lower,-0.0737500000000002,-0.02062499999999967
2026-08-16 17:33:39.011,6.474,lower,0.04562500000000025,-0.011249999999999316
2026-08-16 17:33:39.021,6.484,lower,0.09437499999999988,0.006249999999999867
2026-08-16 17:33:39.031,6.494,lower,-0.0956250000000003,-0.03874999999999962
2026-08-16 17:33:39.041,6.504,lower,0.09750000000000036,0.008749999999999591
2026-08-16 17:33:39.051,6.514,lower,-0.053750000000000187,-0.017500000000000293
2026-08-16 17:33:39.061,6.524,lower,0.031250000000000444,-0.013124999999999387
2026-08-16 17:33:39.071,6.534,lower,0.07937500000000042,0.008124999999999938
2026-08-16 17:33:39.081,6.544,lower,-0.08624999999999994,-0.04187500000000011
2026-08-16 17:33:39.091,6.554,lower,0.0912500000000005,0.006249999999999867
2026-08-16 17:33:39.101,6.564,lower,-0.02874999999999961,-0.0187499999999996
2026-08-16 17:33:39.111,6.574,lower,0.046875000000000666,-0.008124999999999938
2026-08-16 17:33:39.121,6.584,lower,0.08937500000000043,0.010624999999999662
2026-08-16 17:33:39.131,6.594,lower,-0.09874999999999967,-0.04187500000000011
2026-08-16 17:33:39.141,6.604,lower,0.09375000000000022,0.012499999999999734
2026-08-16 17:33:39.151,6.614,lower,-0.06062499999999971,-0.02062499999999967
2026-08-16 17:33:39.161,6.624,lower,0.030000000000000027,-0.018124999999999947
2026-08-16 17:33:39.171,6.634,lower,0.09312500000000057,0.010624999999999662
2026-08-16 17:33:39.181,6.644,lower,-0.09000000000000008,-0.04187500000000011
2026-08-16 17:33:39.191,6.654,lower,0.08750000000000036,0.0024999999999997247
2026-08-16 17:33:39.201,6.664,lower,-0.03437499999999982,-0.0187499999999996
2026-08-16 17:33:39.211,6.674,lower,0.04249999999999976,-0.014999999999999458
2026-08-16 17:33:39.221,6.684,lower,0.08312500000000056,0.010624999999999662
2026-08-16 17:33:39.231,6.694,lower,-0.10437499999999988,-0.04249999999999976
2026-08-16 17:33:39.241,6.704,lower,0.09437499999999988,0.005625000000000213
2026-08-16 17:33:39.251,6.714,lower,-0.06812499999999999,-0.024374999999999813
2026-08-16 17:33:39.261,6.724,lower,0.030000000000000027,-0.014374999999999805
2026-08-16 17:33:39.271,6.734,lower,0.0912500000000005,0.010000000000000009
2026-08-16 17:33:39.281,6.744,lower,-0.0924999999999998,-0.038124999999999964
2026-08-16 17:33:39.291,6.754,lower,0.08375000000000021,0.008124999999999938
2026-08-16 17:33:39.301,6.764,lower,-0.040000000000000036,-0.01187500000000008
2026-08-16 17:33:39.311,6.774,lower,0.043125000000000524,-0.015625000000000222
2026-08-16 17:33:39.321,6.784,lower,0.08062499999999972,0.010000000000000009
2026-08-16 17:33:39.331,6.794,lower,-0.10687499999999961,-0.044999999999999485
2026-08-16 17:33:39.341,6.804,lower,0.07874999999999965,0.0031250000000004885
2026-08-16 17:33:39.351,6.814,lower,-0.0737500000000002,-0.016249999999999876
2026-08-16 17:33:39.361,6.824,lower,0.028124999999999956,-0.012499999999999734
2026-08-16 17:33:39.371,6.834,lower,0.08937500000000043,0.010624999999999662
2026-08-16 17:33:39.381,6.844,lower,-0.08874999999999966,-0.040000000000000036
2026-08-16 17:33:39.391,6.854,lower,0.08562500000000028,0.008124999999999938
2026-08-16 17:33:39.401,6.864,lower,-0.044999999999999485,-0.016249999999999876
2026-08-16 17:33:39.411,6.874,lower,0.009375000000000355,-0.020000000000000018
2026-08-16 17:33:39.421,6.884,lower,0.07874999999999965,0.011250000000000426
2026-08-16 17:33:39.431,6.894,lower,-0.10249999999999981,-0.04562500000000025
2026-08-16 17:33:39.441,6.904,lower,0.078125,0.003750000000000142
2026-08-16 17:33:39.451,6.914,lower,-0.07499999999999951,-0.018124999999999947
2026-08-16 17:33:39.461,6.924,lower,0.026249999999999885,-0.019375000000000364
2026-08-16 17:33:39.471,6.934,lower,0.08687499999999959,0.006875000000000631
2026-08-16 17:33:39.481,6.944,lower,-0.11499999999999955,-0.040000000000000036
2026-08-16 17:33:39.491,6.954,lower,0.08187500000000014,0.003750000000000142
2026-08-16 17:33:39.501,6.964,lower,-0.05312499999999942,-0.020000000000000018
2026-08-16 17:33:39.511,6.974,lower,0.010000000000000009,-0.020000000000000018
2026-08-16 17:33:39.521,6.984,lower,0.07624999999999993,0.008749999999999591
2026-08-16 17:33:39.531,6.994,lower,-0.10624999999999996,-0.04062499999999969
2026-08-16 17:33:39.541,7.004,lower,0.07624999999999993,0.003750000000000142
2026-08-16 17:33:39.551,7.014,lower,-0.07750000000000035,-0.011249999999999316
2026-08-16 17:33:39.561,7.024,lower,0.02562500000000023,-0.017500000000000293
2026-08-16 17:33:39.571,7.034,lower,0.07937500000000042,0.006875000000000631
2026-08-16 17:33:39.581,7.044,lower,-0.11874999999999969,-0.04124999999999934
2026-08-16 17:33:39.591,7.054,lower,0.07750000000000035,0.006875000000000631
2026-08-16 17:33:39.601,7.064,lower,-0.0593750000000004,-0.015625000000000222
2026-08-16 17:33:39.611,7.074,lower,0.008749999999999591,-0.016249999999999876
2026-08-16 17:33:39.621,7.084,lower,0.07187500000000013,0.008749999999999591
2026-08-16 17:33:39.631,7.094,lower,-0.1056250000000003,-0.044999999999999485
2026-08-16 17:33:39.641,7.104,lower,0.07500000000000062,0.003750000000000142
2026-08-16 17:33:39.651,7.114,lower,-0.029375000000000373,-0.016249999999999876
2026-08-16 17:33:39.661,7.124,lower,0.02874999999999961,-0.026874999999999538
2026-08-16 17:33:39.671,7.134,lower,0.07874999999999965,0.010000000000000009
2026-08-16 17:33:39.681,7.144,lower,-0.11812500000000004,-0.04249999999999976
2026-08-16 17:33:39.691,7.154,lower,0.07937500000000042,0.007500000000000284
2026-08-16 17:33:39.701,7.164,lower,-0.061875000000000124,-0.020000000000000018
2026-08-16 17:33:39.711,7.174,lower,0.012499999999999734,-0.023124999999999396
2026-08-16 17:33:39.721,7.184,lower,0.07437499999999986,0.008749999999999591
2026-08-16 17:33:39.731,7.194,lower,-0.10312499999999947,-0.04249999999999976
2026-08-16 17:33:39.741,7.204,lower,0.07500000000000062,-0.003750000000000142
2026-08-16 17:33:39.751,7.214,lower,-0.03562500000000024,-0.021249999999999325
2026-08-16 17:33:39.761,7.224,lower,0.02687500000000065,-0.020000000000000018
2026-08-16 17:33:39.771,7.234,lower,0.08000000000000007,0.005625000000000213
2026-08-16 17:33:39.781,7.244,lower,-0.11375000000000024,-0.03937500000000038
2026-08-16 17:33:39.791,7.254,lower,0.08125000000000049,0.0024999999999997247
2026-08-16 17:33:39.801,7.264,lower,-0.06812499999999999,-0.024999999999999467
2026-08-16 17:33:39.811,7.274,lower,0.008749999999999591,-0.01687499999999953
2026-08-16 17:33:39.821,7.284,lower,0.07937500000000042,0.009375000000000355
2026-08-16 17:33:39.831,7.294,lower,-0.10624999999999996,-0.04375000000000018
2026-08-16 17:33:39.841,7.304,lower,0.07062499999999972,0.0
2026-08-16 17:33:39.851,7.314,lower,-0.04062499999999969,-0.010624999999999662
2026-08-16 17:33:39.861,7.324,lower,0.026249999999999885,-0.01687499999999953
2026-08-16 17:33:39.871,7.334,lower,0.07937500000000042,0.008749999999999591
2026-08-16 17:33:39.881,7.344,lower,-0.11312499999999948,-0.04562500000000025
2026-08-16 17:33:39.891,7.354,lower,0.06874999999999964,0.007500000000000284
2026-08-16 17:33:39.901,7.364,lower,-0.06624999999999992,-0.012499999999999734
2026-08-16 17:33:39.911,7.374,lower,0.01187500000000008,-0.016249999999999876
2026-08-16 17:33:39.921,7.384,lower,0.08062499999999972,0.008749999999999591
2026-08-16 17:33:39.931,7.394,lower,-0.10375000000000023,-0.04375000000000018
2026-08-16 17:33:39.941,7.404,lower,0.07500000000000062,0.0024999999999997247
2026-08-16 17:33:39.951,7.414,lower,-0.03937500000000038,-0.01687499999999953
2026-08-16 17:33:39.961,7.424,lower,0.03062499999999968,-0.028124999999999956
2026-08-16 17:33:39.971,7.434,lower,0.07874999999999965,0.006875000000000631
2026-08-16 17:33:39.981,7.444,lower,-0.11624999999999996,-0.040000000000000036
2026-08-16 17:33:39.991,7.454,lower,0.06750000000000034,-0.003750000000000142
2026-08-16 17:33:40.001,7.464,lower,-0.06687499999999957,-0.018124999999999947
2026-08-16 17:33:40.011,7.474,lower,0.014374999999999805,-0.02562500000000023
2026-08-16 17:33:40.021,7.484,lower,0.08125000000000049,0.006249999999999867
2026-08-16 17:33:40.031,7.494,lower,-0.1012499999999994,-0.04375000000000018
2026-08-16 17:33:40.041,7.504,lower,0.07562500000000028,-0.0024999999999997247
2026-08-16 17:33:40.051,7.514,lower,-0.04249999999999976,-0.02187500000000009
2026-08-16 17:33:40.061,7.524,lower,-0.006249999999999867,-0.02562500000000023
2026-08-16 17:33:40.071,7.534,lower,0.07874999999999965,0.006875000000000631
2026-08-16 17:33:40.081,7.544,lower,-0.11499999999999955,-0.04562500000000025
2026-08-16 17:33:40.091,7.554,lower,0.06812499999999999,0.0012500000000004174
2026-08-16 17:33:40.101,7.564,lower,-0.07312499999999944,-0.013750000000000151
2026-08-16 17:33:40.111,7.574,lower,0.0187499999999996,-0.018124999999999947
2026-08-16 17:33:40.121,7.584,lower,0.08125000000000049,0.006249999999999867
2026-08-16 17:33:40.131,7.594,lower,-0.12249999999999983,-0.04249999999999976
2026-08-16 17:33:40.141,7.604,lower,0.07937500000000042,0.004374999999999796
2026-08-16 17:33:40.151,7.614,lower,-0.04750000000000032,-0.01687499999999953
2026-08-16 17:33:40.161,7.624,lower,0.0,-0.020000000000000018
2026-08-16 17:33:40.171,7.634,lower,0.07562500000000028,0.006249999999999867
2026-08-16 17:33:40.181,7.644,lower,-0.11375000000000024,-0.04750000000000032
2026-08-16 17:33:40.191,7.654,lower,0.07000000000000006,0.005625000000000213
2026-08-16 17:33:40.201,7.664,lower,-0.07937500000000042,-0.01687499999999953
2026-08-16 17:33:40.211,7.674,lower,0.01687500000000064,-0.027500000000000302
2026-08-16 17:33:40.221,7.684,lower,0.07874999999999965,0.007500000000000284
2026-08-16 17:33:40.231,7.694,lower,-0.12249999999999983,-0.04437499999999983
2026-08-16 17:33:40.241,7.704,lower,0.07562500000000028,0.003750000000000142
2026-08-16 17:33:40.251,7.714,lower,-0.0506249999999997,-0.017500000000000293
2026-08-16 17:33:40.261,7.724,lower,0.003750000000000142,-0.028124999999999956
2026-08-16 17:33:40.271,7.734,lower,0.07437499999999986,0.004374999999999796
2026-08-16 17:33:40.281,7.744,lower,-0.11062499999999975,-0.0462499999999999
2026-08-16 17:33:40.291,7.754,lower,0.07187500000000013,-0.0012500000000004174
2026-08-16 17:33:40.301,7.764,lower,-0.028124999999999956,-0.019375000000000364
2026-08-16 17:33:40.311,7.774,lower,0.015625000000000222,-0.024374999999999813
2026-08-16 17:33:40.321,7.784,lower,0.07562500000000028,0.006875000000000631
2026-08-16 17:33:40.331,7.794,lower,-0.12499999999999956,-0.04562500000000025
2026-08-16 17:33:40.341,7.804,lower,0.078125,-0.0024999999999997247
2026-08-16 17:33:40.351,7.814,lower,-0.05437499999999984,-0.02375000000000016
2026-08-16 17:33:40.361,7.824,lower,0.0050000000000005596,-0.023124999999999396
2026-08-16 17:33:40.371,7.834,lower,0.07750000000000035,0.005625000000000213
2026-08-16 17:33:40.381,7.844,lower,-0.1100000000000001,-0.04812499999999997
2026-08-16 17:33:40.391,7.854,lower,0.07000000000000006,0.0050000000000005596
2026-08-16 17:33:40.401,7.864,lower,-0.02874999999999961,-0.013124999999999387
2026-08-16 17:33:40.411,7.874,lower,0.02375000000000016,-0.02062499999999967
2026-08-16 17:33:40.421,7.884,lower,0.07624999999999993,0.006249999999999867
2026-08-16 17:33:40.431,7.894,lower,-0.12062499999999976,-0.04562500000000025
2026-08-16 17:33:40.441,7.904,lower,0.07874999999999965,-0.0006249999999996536
2026-08-16 17:33:40.451,7.914,lower,-0.056874999999999565,-0.013124999999999387
2026-08-16 17:33:40.461,7.924,lower,0.003750000000000142,-0.017500000000000293
2026-08-16 17:33:40.471,7.934,lower,0.07624999999999993,0.0031250000000004885
2026-08-16 17:33:40.481,7.944,lower,-0.10750000000000037,-0.04437499999999983
2026-08-16 17:33:40.491,7.954,lower,0.07187500000000013,0.001875000000000071
2026-08-16 17:33:40.501,7.964,lower,-0.033124999999999405,-0.014999999999999458
2026-08-16 17:33:40.511,7.974,lower,0.02062499999999967,-0.026874999999999538
2026-08-16 17:33:40.521,7.984,lower,0.07750000000000035,0.008124999999999938
2026-08-16 17:33:40.531,7.994,lower,-0.11937499999999934,-0.04562500000000025
2026-08-16 17:33:40.541,8.004,lower,0.06312500000000054,-0.0006249999999996536
2026-08-16 17:33:40.551,8.014,lower,-0.06062499999999971,-0.017500000000000293
2026-08-16 17:33:40.561,8.024,lower,0.0006249999999996536,-0.026874999999999538
2026-08-16 17:33:40.571,8.034,lower,0.08125000000000049,0.004374999999999796
2026-08-16 17:33:40.581,8.044,lower,-0.1112499999999994,-0.044999999999999485
2026-08-16 17:33:40.591,8.054,lower,0.06937500000000041,-0.00687499999999952
2026-08-16 17:33:40.601,8.064,lower,-0.03562500000000024,-0.023124999999999396
2026-08-16 17:33:40.611,8.074,lower,-0.018124999999999947,-0.023124999999999396
2026-08-16 17:33:40.621,8.084,lower,0.07874999999999965,0.0050000000000005596
2026-08-16 17:33:40.631,8.094,lower,-0.12312499999999948,-0.0462499999999999
2026-08-16 17:33:40.641,8.104,lower,0.06249999999999978,0.003750000000000142
2026-08-16 17:33:40.651,8.114,lower,-0.061875000000000124,-0.013750000000000151
2026-08-16 17:33:40.661,8.124,lower,0.006249999999999867,-0.024999999999999467
2026-08-16 17:33:40.671,8.134,lower,0.07937500000000042,0.006249999999999867
2026-08-16 17:33:40.681,8.144,lower,-0.10687499999999961,-0.046874999999999556
2026-08-16 17:33:40.691,8.154,lower,0.07062499999999972,0.0006249999999996536
2026-08-16 17:33:40.701,8.164,lower,-0.03750000000000031,-0.014374999999999805
2026-08-16 17:33:40.711,8.174,lower,-0.01687499999999953,-0.017500000000000293
2026-08-16 17:33:40.721,8.184,lower,0.07624999999999993,0.010000000000000009
2026-08-16 17:33:40.731,8.194,lower,-0.12249999999999983,-0.046874999999999556
2026-08-16 17:33:40.741,8.204,lower,0.0593750000000004,0.0006249999999996536
2026-08-16 17:33:40.751,8.214,lower,-0.06562500000000027,-0.016249999999999876
2026-08-16 17:33:40.761,8.224,lower,0.006875000000000631,-0.03062499999999968
2026-08-16 17:33:40.771,8.234,lower,0.07562500000000028,0.004374999999999796
2026-08-16 17:33:40.781,8.244,lower,-0.13000000000000012,-0.050000000000000044
2026-08-16 17:33:40.791,8.254,lower,0.07187500000000013,-0.008124999999999938
2026-08-16 17:33:40.801,8.264,lower,-0.044999999999999485,-0.019375000000000364
2026-08-16 17:33:40.811,8.274,lower,-0.014999999999999458,-0.03249999999999975
2026-08-16 17:33:40.821,8.284,lower,0.07187500000000013,0.004374999999999796
2026-08-16 17:33:40.831,8.294,lower,-0.12062499999999976,-0.046874999999999556
2026-08-16 17:33:40.841,8.304,lower,0.06125000000000047,-0.007500000000000284
2026-08-16 17:33:40.851,8.314,lower,-0.07187500000000013,-0.02375000000000016
2026-08-16 17:33:40.861,8.324,lower,0.008749999999999591,-0.0318750000000001
2026-08-16 17:33:40.871,8.334,lower,0.07562500000000028,0.008749999999999591
2026-08-16 17:33:40.881,8.344,lower,-0.1287499999999997,-0.04375000000000018
2026-08-16 17:33:40.891,8.354,lower,0.07000000000000006,-0.0031249999999993783
2026-08-16 17:33:40.901,8.364,lower,-0.04874999999999963,-0.010624999999999662
2026-08-16 17:33:40.911,8.374,lower,-0.011249999999999316,-0.023124999999999396
2026-08-16 17:33:40.921,8.384,lower,0.07062499999999972,0.0050000000000005596
2026-08-16 17:33:40.931,8.394,lower,-0.11812500000000004,-0.044999999999999485
2026-08-16 17:33:40.941,8.404,lower,0.06312500000000054,-0.0024999999999997247
2026-08-16 17:33:40.951,8.414,lower,-0.02062499999999967,-0.012499999999999734
2026-08-16 17:33:40.961,8.424,lower,0.011250000000000426,-0.022499999999999742
2026-08-16 17:33:40.971,8.434,lower,0.07750000000000035,0.001875000000000071
2026-08-16 17:33:40.981,8.444,lower,-0.13062499999999977,-0.0462499999999999
2026-08-16 17:33:40.991,8.454,lower,0.07125000000000048,0.0024999999999997247
2026-08-16 17:33:41.001,8.464,lower,-0.0506249999999997,-0.014999999999999458
2026-08-16 17:33:41.011,8.474,lower,-0.014374999999999805,-0.03750000000000031
2026-08-16 17:33:41.021,8.484,lower,0.07249999999999979,0.006249999999999867
2026-08-16 17:33:41.031,8.494,lower,-0.11937499999999934,-0.051875000000000115
2026-08-16 17:33:41.041,8.504,lower,0.06062499999999971,0.0
2026-08-16 17:33:41.051,8.514,lower,-0.024374999999999813,-0.014999999999999458
2026-08-16 17:33:41.061,8.524,lower,0.010624999999999662,-0.03750000000000031
2026-08-16 17:33:41.071,8.534,lower,0.07249999999999979,0.0024999999999997247
2026-08-16 17:33:41.081,8.544,lower,-0.13062499999999977,-0.04937500000000039
2026-08-16 17:33:41.091,8.554,lower,0.07000000000000006,-0.004374999999999796
2026-08-16 17:33:41.101,8.564,lower,-0.056874999999999565,-0.019375000000000364
2026-08-16 17:33:41.111,8.574,lower,-0.005625000000000213,-0.02874999999999961
2026-08-16 17:33:41.121,8.584,lower,0.07624999999999993,0.0024999999999997247
2026-08-16 17:33:41.131,8.594,lower,-0.11812500000000004,-0.0462499999999999
2026-08-16 17:33:41.141,8.604,lower,0.0637500000000002,-0.007500000000000284
2026-08-16 17:33:41.151,8.614,lower,-0.026249999999999885,-0.019375000000000364
2026-08-16 17:33:41.161,8.624,lower,0.010624999999999662,-0.028124999999999956
2026-08-16 17:33:41.171,8.634,lower,0.07187500000000013,0.005625000000000213
2026-08-16 17:33:41.181,8.644,lower,-0.12687499999999963,-0.04437499999999983
2026-08-16 17:33:41.191,8.654,lower,0.0593750000000004,-0.0012500000000004174
2026-08-16 17:33:41.201,8.664,lower,-0.054999999999999494,-0.010000000000000009
2026-08-16 17:33:41.211,8.674,lower,-0.004999999999999449,-0.023124999999999396
2026-08-16 17:33:41.221,8.684,lower,0.08375000000000021,0.0050000000000005596
2026-08-16 17:33:41.231,8.694,lower,-0.11187500000000017,-0.043124999999999414
2026-08-16 17:33:41.241,8.704,lower,0.06687500000000068,0.0012500000000004174
2026-08-16 17:33:41.251,8.714,lower,-0.024374999999999813,-0.009375000000000355
2026-08-16 17:33:41.261,8.724,lower,-0.02562500000000023,-0.020000000000000018
2026-08-16 17:33:41.271,8.734,lower,0.07562500000000028,0.006249999999999867
2026-08-16 17:33:41.281,8.744,lower,-0.12375000000000025,-0.046874999999999556
2026-08-16 17:33:41.291,8.754,lower,0.06249999999999978,0.001875000000000071
2026-08-16 17:33:41.301,8.764,lower,-0.05562500000000026,-0.014999999999999458
2026-08-16 17:33:41.311,8.774,lower,0.001875000000000071,-0.03624999999999989
2026-08-16 17:33:41.321,8.784,lower,0.07562500000000028,0.0050000000000005596
2026-08-16 17:33:41.331,8.794,lower,-0.11312499999999948,-0.050000000000000044
2026-08-16 17:33:41.341,8.804,lower,0.07000000000000006,-0.009375000000000355
2026-08-16 17:33:41.351,8.814,lower,-0.03249999999999975,-0.01687499999999953
2026-08-16 17:33:41.361,8.824,lower,-0.021249999999999325,-0.02874999999999961
2026-08-16 17:33:41.371,8.834,lower,0.07624999999999993,0.008749999999999591
2026-08-16 17:33:41.381,8.844,lower,-0.12687499999999963,-0.0462499999999999
2026-08-16 17:33:41.391,8.854,lower,0.058749999999999636,-0.003750000000000142
2026-08-16 17:33:41.401,8.864,lower,-0.06124999999999936,-0.016249999999999876
2026-08-16 17:33:41.411,8.874,lower,-0.003750000000000142,-0.02874999999999961
2026-08-16 17:33:41.421,8.884,lower,0.07437499999999986,0.0050000000000005596
2026-08-16 17:33:41.431,8.894,lower,-0.1318750000000002,-0.04812499999999997
2026-08-16 17:33:41.441,8.904,lower,0.06624999999999992,-0.0031249999999993783
2026-08-16 17:33:41.451,8.914,lower,-0.03874999999999962,-0.008124999999999938
2026-08-16 17:33:41.461,8.924,lower,-0.024374999999999813,-0.024999999999999467
2026-08-16 17:33:41.471,8.934,lower,0.07125000000000048,0.008124999999999938
2026-08-16 17:33:41.481,8.944,lower,-0.12687499999999963,-0.04375000000000018
2026-08-16 17:33:41.491,8.954,lower,0.055000000000000604,0.0
2026-08-16 17:33:41.501,8.964,lower,-0.011249999999999316,-0.01187500000000008
2026-08-16 17:33:41.511,8.974,lower,-0.0024999999999997247,-0.022499999999999742
2026-08-16 17:33:41.521,8.984,lower,0.07500000000000062,0.006249999999999867
2026-08-16 17:33:41.531,8.994,lower,-0.13375000000000026,-0.0462499999999999
2026-08-16 17:33:41.541,9.004,lower,0.06312500000000054,-0.0024999999999997247
2026-08-16 17:33:41.551,9.014,lower,-0.04187500000000011,-0.012499999999999734
2026-08-16 17:33:41.561,9.024,lower,-0.02375000000000016,-0.03750000000000031
2026-08-16 17:33:41.571,9.034,lower,0.06874999999999964,0.0050000000000005596
2026-08-16 17:33:41.581,9.044,lower,-0.12812500000000004,-0.04812499999999997
2026-08-16 17:33:41.591,9.054,lower,0.056875000000000675,-0.003750000000000142
2026-08-16 17:33:41.601,9.064,lower,-0.013750000000000151,-0.016249999999999876
2026-08-16 17:33:41.611,9.074,lower,0.004374999999999796,-0.03750000000000031
2026-08-16 17:33:41.621,9.084,lower,0.07624999999999993,0.006249999999999867
2026-08-16 17:33:41.631,9.094,lower,-0.13375000000000026,-0.04937500000000039
2026-08-16 17:33:41.641,9.104,lower,0.06874999999999964,-0.001875000000000071
2026-08-16 17:33:41.651,9.114,lower,-0.04437499999999983,-0.017500000000000293
2026-08-16 17:33:41.661,9.124,lower,-0.01687499999999953,-0.033124999999999405
2026-08-16 17:33:41.671,9.134,lower,0.0737500000000002,0.0050000000000005596
2026-08-16 17:33:41.681,9.144,lower,-0.12562500000000032,-0.04750000000000032
2026-08-16 17:33:41.691,9.154,lower,0.0593750000000004,-0.004374999999999796
2026-08-16 17:33:41.701,9.164,lower,-0.016249999999999876,-0.015625000000000222
2026-08-16 17:33:41.711,9.174,lower,0.001875000000000071,-0.026249999999999885
2026-08-16 17:33:41.721,9.184,lower,0.07562500000000028,0.004374999999999796
2026-08-16 17:33:41.731,9.194,lower,-0.13624999999999998,-0.046874999999999556
2026-08-16 17:33:41.741,9.204,lower,0.050000000000000044,-0.0024999999999997247
2026-08-16 17:33:41.751,9.214,lower,-0.046874999999999556,-0.008124999999999938
2026-08-16 17:33:41.761,9.224,lower,-0.018124999999999947,-0.02874999999999961
2026-08-16 17:33:41.771,9.234,lower,0.07687499999999958,0.008749999999999591
2026-08-16 17:33:41.781,9.244,lower,-0.1243749999999999,-0.04562500000000025
2026-08-16 17:33:41.791,9.254,lower,0.0593750000000004,0.0
2026-08-16 17:33:41.801,9.264,lower,-0.0187499999999996,-0.013124999999999387
2026-08-16 17:33:41.811,9.274,lower,0.0031250000000004885,-0.024374999999999813
2026-08-16 17:33:41.821,9.284,lower,0.07187500000000013,0.0012500000000004174
2026-08-16 17:33:41.831,9.294,lower,-0.13375000000000026,-0.0462499999999999
2026-08-16 17:33:41.841,9.304,lower,0.0506249999999997,-0.001875000000000071
2026-08-16 17:33:41.851,9.314,lower,-0.051875000000000115,-0.012499999999999734
2026-08-16 17:33:41.861,9.324,lower,-0.012499999999999734,-0.034999999999999476
2026-08-16 17:33:41.871,9.334,lower,0.07624999999999993,0.0050000000000005596
2026-08-16 17:33:41.881,9.344,lower,-0.12249999999999983,-0.04375000000000018
2026-08-16 17:33:41.891,9.354,lower,0.0637500000000002,-0.007500000000000284
2026-08-16 17:33:41.901,9.364,lower,-0.02187500000000009,-0.013750000000000151
2026-08-16 17:33:41.911,9.374,lower,-0.03687499999999955,-0.03375000000000017
2026-08-16 17:33:41.921,9.384,lower,0.0737500000000002,0.009375000000000355
2026-08-16 17:33:41.931,9.394,lower,-0.12937499999999935,-0.046874999999999556
2026-08-16 17:33:41.941,9.404,lower,0.055000000000000604,-0.004374999999999796
2026-08-16 17:33:41.951,9.414,lower,-0.05312499999999942,-0.014374999999999805
2026-08-16 17:33:41.961,9.424,lower,-0.008749999999999591,-0.03375000000000017
2026-08-16 17:33:41.971,9.434,lower,0.07687499999999958,0.0050000000000005596
2026-08-16 17:33:41.981,9.444,lower,-0.1375000000000004,-0.04750000000000032
2026-08-16 17:33:41.991,9.454,lower,0.06312500000000054,-0.001875000000000071
2026-08-16 17:33:42.001,9.464,lower,-0.026249999999999885,-0.007500000000000284
2026-08-16 17:33:42.011,9.474,lower,-0.03562500000000024,-0.0318750000000001
2026-08-16 17:33:42.021,9.484,lower,0.07437499999999986,0.006249999999999867
2026-08-16 17:33:42.031,9.494,lower,-0.13062499999999977,-0.05124999999999935
2026-08-16 17:33:42.041,9.504,lower,0.055000000000000604,-0.006249999999999867
2026-08-16 17:33:42.051,9.514,lower,-0.05750000000000033,-0.010000000000000009
2026-08-16 17:33:42.061,9.524,lower,-0.006249999999999867,-0.026874999999999538
2026-08-16 17:33:42.071,9.534,lower,0.07750000000000035,0.006875000000000631
2026-08-16 17:33:42.081,9.544,lower,-0.13124999999999942,-0.043124999999999414
2026-08-16 17:33:42.091,9.554,lower,0.06062499999999971,-0.0012500000000004174
2026-08-16 17:33:42.101,9.564,lower,-0.026874999999999538,-0.013124999999999387
2026-08-16 17:33:42.111,9.574,lower,-0.026874999999999538,-0.040000000000000036
2026-08-16 17:33:42.121,9.584,lower,0.07500000000000062,0.0031250000000004885
2026-08-16 17:33:42.131,9.594,lower,-0.12937499999999935,-0.04249999999999976
2026-08-16 17:33:42.141,9.604,lower,0.06249999999999978,0.0
2026-08-16 17:33:42.151,9.614,lower,-0.0012500000000004174,-0.013124999999999387
2026-08-16 17:33:42.161,9.624,lower,-0.003750000000000142,-0.0318750000000001
2026-08-16 17:33:42.171,9.634,lower,0.07874999999999965,0.005625000000000213
2026-08-16 17:33:42.181,9.644,lower,-0.1275000000000004,-0.04375000000000018
2026-08-16 17:33:42.191,9.654,lower,0.06687500000000068,-0.007500000000000284
2026-08-16 17:33:42.201,9.664,lower,-0.029375000000000373,-0.013750000000000151
2026-08-16 17:33:42.211,9.674,lower,-0.02562500000000023,-0.033124999999999405
2026-08-16 17:33:42.221,9.684,lower,0.078125,0.0050000000000005596
2026-08-16 17:33:42.231,9.694,lower,-0.12562500000000032,-0.043124999999999414
2026-08-16 17:33:42.241,9.704,lower,0.0593750000000004,-0.0012500000000004174
2026-08-16 17:33:42.251,9.714,lower,-0.0024999999999997247,-0.017500000000000293
2026-08-16 17:33:42.261,9.724,lower,0.001875000000000071,-0.02874999999999961
2026-08-16 17:33:42.271,9.734,lower,0.07312500000000055,0.007500000000000284
2026-08-16 17:33:42.281,9.744,lower,-0.13124999999999942,-0.04249999999999976
2026-08-16 17:33:42.291,9.754,lower,0.06812499999999999,-0.0031249999999993783
2026-08-16 17:33:42.301,9.764,lower,-0.03687499999999955,-0.009375000000000355
2026-08-16 17:33:42.311,9.774,lower,-0.024999999999999467,-0.031249999999999334
2026-08-16 17:33:42.321,9.784,lower,0.07874999999999965,0.003750000000000142
2026-08-16 17:33:42.331,9.794,lower,-0.12812500000000004,-0.04375000000000018
2026-08-16 17:33:42.341,9.804,lower,0.05812499999999998,-0.0031249999999993783
2026-08-16 17:33:42.351,9.814,lower,-0.005625000000000213,-0.011249999999999316
2026-08-16 17:33:42.361,9.824,lower,0.004374999999999796,-0.027500000000000302
2026-08-16 17:33:42.371,9.834,lower,0.07874999999999965,0.010000000000000009
2026-08-16 17:33:42.381,9.844,lower,-0.1275000000000004,-0.04062499999999969
2026-08-16 17:33:42.391,9.854,lower,0.053750000000000187,-0.003750000000000142
2026-08-16 17:33:42.401,9.864,lower,-0.03562500000000024,-0.009375000000000355
2026-08-16 17:33:42.411,9.874,lower,-0.0187499999999996,-0.03562500000000024
2026-08-16 17:33:42.421,9.884,lower,0.0824999999999998,0.005625000000000213
2026-08-16 17:33:42.431,9.894,lower,-0.12499999999999956,-0.04375000000000018
2026-08-16 17:33:42.441,9.904,lower,0.06125000000000047,-0.004999999999999449
2026-08-16 17:33:42.451,9.914,lower,-0.008749999999999591,-0.015625000000000222
2026-08-16 17:33:42.461,9.924,lower,0.0024999999999997247,-0.03249999999999975
2026-08-16 17:33:42.471,9.934,lower,0.07687499999999958,0.0050000000000005596
2026-08-16 17:33:42.481,9.944,lower,-0.12562500000000032,-0.04187500000000011
2026-08-16 17:33:42.491,9.954,lower,0.05437499999999984,-0.007500000000000284
2026-08-16 17:33:42.501,9.964,lower,-0.03624999999999989,-0.013750000000000151
2026-08-16 17:33:42.511,9.974,lower,-0.01687499999999953,-0.033124999999999405
2026-08-16 17:33:42.521,9.984,lower,0.08125000000000049,0.001875000000000071
2026-08-16 17:33:42.531,9.994,lower,-0.12312499999999948,-0.04375000000000018
2026-08-16 17:33:42.541,10.004,lower,0.061875000000000124,-0.0024999999999997247
2026-08-16 17:33:42.551,10.014,lower,-0.01187500000000008,-0.010000000000000009
2026-08-16 17:33:42.561,10.024,lower,-0.044999999999999485,-0.0318750000000001
2026-08-16 17:33:42.571,10.034,lower,0.07624999999999993,0.004374999999999796
2026-08-16 17:33:42.581,10.044,lower,-0.12937499999999935,-0.046874999999999556
2026-08-16 17:33:42.591,10.054,lower,0.051875000000000115,-0.005625000000000213
2026-08-16 17:33:42.601,10.064,lower,-0.043124999999999414,-0.010000000000000009
2026-08-16 17:33:42.611,10.074,lower,-0.013124999999999387,-0.030000000000000027
2026-08-16 17:33:42.621,10.084,lower,0.08125000000000049,0.006249999999999867
2026-08-16 17:33:42.631,10.094,lower,-0.1287499999999997,-0.04562500000000025
2026-08-16 17:33:42.641,10.104,lower,0.06312500000000054,-0.003750000000000142
2026-08-16 17:33:42.651,10.114,lower,-0.014374999999999805,-0.00687499999999952
2026-08-16 17:33:42.661,10.124,lower,-0.03624999999999989,-0.03937500000000038
2026-08-16 17:33:42.671,10.134,lower,0.07500000000000062,0.0050000000000005596
2026-08-16 17:33:42.681,10.144,lower,-0.13000000000000012,-0.04249999999999976
2026-08-16 17:33:42.691,10.154,lower,0.058749999999999636,-0.0012500000000004174
2026-08-16 17:33:42.701,10.164,lower,-0.04937500000000039,-0.01187500000000008
2026-08-16 17:33:42.711,10.174,lower,-0.015625000000000222,-0.038124999999999964
2026-08-16 17:33:42.721,10.184,lower,0.08062499999999972,0.006875000000000631
2026-08-16 17:33:42.731,10.194,lower,-0.13000000000000012,-0.04562500000000025
2026-08-16 17:33:42.741,10.204,lower,0.06062499999999971,-0.007500000000000284
2026-08-16 17:33:42.751,10.214,lower,-0.014999999999999458,-0.013750000000000151
2026-08-16 17:33:42.761,10.224,lower,-0.03874999999999962,-0.03375000000000017
2026-08-16 17:33:42.771,10.234,lower,0.07437499999999986,0.008124999999999938
2026-08-16 17:33:42.781,10.244,lower,-0.12687499999999963,-0.04187500000000011
2026-08-16 17:33:42.791,10.254,lower,0.05562500000000026,-0.003750000000000142
2026-08-16 17:33:42.801,10.264,lower,0.003750000000000142,-0.009375000000000355
2026-08-16 17:33:42.811,10.274,lower,-0.008124999999999938,-0.033124999999999405
2026-08-16 17:33:42.821,10.284,lower,0.07687499999999958,0.004374999999999796
2026-08-16 17:33:42.831,10.294,lower,-0.1318750000000002,-0.046874999999999556
2026-08-16 17:33:42.841,10.304,lower,0.06437499999999985,-0.010000000000000009
2026-08-16 17:33:42.851,10.314,lower,-0.02375000000000016,-0.00687499999999952
2026-08-16 17:33:42.861,10.324,lower,-0.034999999999999476,-0.0318750000000001
2026-08-16 17:33:42.871,10.334,lower,0.07500000000000062,0.005625000000000213
2026-08-16 17:33:42.881,10.344,lower,-0.1275000000000004,-0.04124999999999934
2026-08-16 17:33:42.891,10.354,lower,0.05750000000000033,-0.001875000000000071
2026-08-16 17:33:42.901,10.364,lower,0.0006249999999996536,-0.010000000000000009
2026-08-16 17:33:42.911,10.374,lower,-0.008124999999999938,-0.04062499999999969
2026-08-16 17:33:42.921,10.384,lower,0.07937500000000042,0.006875000000000631
2026-08-16 17:33:42.931,10.394,lower,-0.13062499999999977,-0.04562500000000025
2026-08-16 17:33:42.941,10.404,lower,0.06062499999999971,-0.005625000000000213
2026-08-16 17:33:42.951,10.414,lower,-0.028124999999999956,-0.009375000000000355
2026-08-16 17:33:42.961,10.424,lower,-0.030000000000000027,-0.03874999999999962
2026-08-16 17:33:42.971,10.434,lower,0.08000000000000007,0.008749999999999591
2026-08-16 17:33:42.981,10.444,lower,-0.12812500000000004,-0.04187500000000011
2026-08-16 17:33:42.991,10.454,lower,0.061875000000000124,-0.010000000000000009
2026-08-16 17:33:43.001,10.464,lower,0.001875000000000071,-0.011249999999999316
2026-08-16 17:33:43.011,10.474,lower,-0.004374999999999796,-0.03874999999999962
2026-08-16 17:33:43.021,10.484,lower,0.08125000000000049,0.0031250000000004885
2026-08-16 17:33:43.031,10.494,lower,-0.13000000000000012,-0.043124999999999414
2026-08-16 17:33:43.041,10.504,lower,0.04874999999999963,-0.012499999999999734
2026-08-16 17:33:43.051,10.514,lower,-0.026874999999999538,-0.014999999999999458
2026-08-16 17:33:43.061,10.524,lower,-0.02562500000000023,-0.03562500000000024
2026-08-16 17:33:43.071,10.534,lower,0.08062499999999972,0.006249999999999867
2026-08-16 17:33:43.081,10.544,lower,-0.12812500000000004,-0.04437499999999983
2026-08-16 17:33:43.091,10.554,lower,0.058749999999999636,-0.0031249999999993783
2026-08-16 17:33:43.101,10.564,lower,-0.006249999999999867,-0.006249999999999867
2026-08-16 17:33:43.111,10.574,lower,-0.061875000000000124,-0.0318750000000001
2026-08-16 17:33:43.121,10.584,lower,0.07937500000000042,0.0050000000000005596
2026-08-16 17:33:43.131,10.594,lower,-0.13249999999999984,-0.04187500000000011
2026-08-16 17:33:43.141,10.604,lower,0.04874999999999963,-0.0031249999999993783
2026-08-16 17:33:43.151,10.614,lower,-0.03249999999999975,-0.007500000000000284
2026-08-16 17:33:43.161,10.624,lower,-0.027500000000000302,-0.030000000000000027
2026-08-16 17:33:43.171,10.634,lower,0.07687499999999958,0.008124999999999938
2026-08-16 17:33:43.181,10.644,lower,-0.13000000000000012,-0.04062499999999969
2026-08-16 17:33:43.191,10.654,lower,0.06000000000000005,-0.004999999999999449
2026-08-16 17:33:43.201,10.664,lower,-0.00687499999999952,-0.005625000000000213
2026-08-16 17:33:43.211,10.674,lower,-0.056874999999999565,-0.04249999999999976
2026-08-16 17:33:43.221,10.684,lower,0.078125,0.005625000000000213
2026-08-16 17:33:43.231,10.694,lower,-0.13249999999999984,-0.04375000000000018
2026-08-16 17:33:43.241,10.704,lower,0.04937500000000039,-0.008749999999999591
2026-08-16 17:33:43.251,10.714,lower,-0.03624999999999989,-0.01187500000000008
2026-08-16 17:33:43.261,10.724,lower,-0.024999999999999467,-0.03624999999999989
2026-08-16 17:33:43.271,10.734,lower,0.07874999999999965,0.008749999999999591
2026-08-16 17:33:43.281,10.744,lower,-0.1331249999999995,-0.043124999999999414
2026-08-16 17:33:43.291,10.754,lower,0.0593750000000004,-0.007500000000000284
2026-08-16 17:33:43.301,10.764,lower,-0.009375000000000355,-0.011249999999999316
2026-08-16 17:33:43.311,10.774,lower,-0.05249999999999977,-0.04124999999999934
2026-08-16 17:33:43.321,10.784,lower,0.07624999999999993,0.0031250000000004885
2026-08-16 17:33:43.331,10.794,lower,-0.13624999999999998,-0.04375000000000018
2026-08-16 17:33:43.341,10.804,lower,0.0462499999999999,-0.009375000000000355
2026-08-16 17:33:43.351,10.814,lower,0.010000000000000009,-0.00687499999999952
2026-08-16 17:33:43.361,10.824,lower,-0.02187500000000009,-0.03375000000000017
2026-08-16 17:33:43.371,10.834,lower,0.07750000000000035,0.008124999999999938
2026-08-16 17:33:43.381,10.844,lower,-0.13375000000000026,-0.04375000000000018
2026-08-16 17:33:43.391,10.854,lower,0.06062499999999971,-0.005625000000000213
2026-08-16 17:33:43.401,10.864,lower,-0.013124999999999387,-0.003750000000000142
2026-08-16 17:33:43.411,10.874,lower,-0.050000000000000044,-0.030000000000000027
2026-08-16 17:33:43.421,10.884,lower,0.07624999999999993,0.005625000000000213
2026-08-16 17:33:43.431,10.894,lower,-0.1318750000000002,-0.040000000000000036
2026-08-16 17:33:43.441,10.904,lower,0.051875000000000115,-0.004374999999999796
2026-08-16 17:33:43.451,10.914,lower,0.006249999999999867,-0.010000000000000009
2026-08-16 17:33:43.461,10.924,lower,-0.020000000000000018,-0.043124999999999414
2026-08-16 17:33:43.471,10.934,lower,0.078125,0.007500000000000284
2026-08-16 17:33:43.481,10.944,lower,-0.1343749999999999,-0.04187500000000011
2026-08-16 17:33:43.491,10.954,lower,0.06125000000000047,-0.004374999999999796
2026-08-16 17:33:43.501,10.964,lower,-0.014999999999999458,-0.005625000000000213
2026-08-16 17:33:43.511,10.974,lower,-0.04937500000000039,-0.043124999999999414
2026-08-16 17:33:43.521,10.984,lower,0.07500000000000062,0.003750000000000142
2026-08-16 17:33:43.531,10.994,lower,-0.13249999999999984,-0.04249999999999976
2026-08-16 17:33:43.541,11.004,lower,0.05125000000000046,-0.010624999999999662
2026-08-16 17:33:43.551,11.014,lower,0.006249999999999867,-0.013124999999999387
2026-08-16 17:33:43.561,11.024,lower,-0.0187499999999996,-0.038124999999999964
2026-08-16 17:33:43.571,11.034,lower,0.0737500000000002,0.004374999999999796
2026-08-16 17:33:43.581,11.044,lower,-0.1375000000000004,-0.0462499999999999
2026-08-16 17:33:43.591,11.054,lower,0.03562500000000024,-0.01187500000000008
2026-08-16 17:33:43.601,11.064,lower,-0.0187499999999996,-0.014999999999999458
2026-08-16 17:33:43.611,11.074,lower,-0.04750000000000032,-0.04124999999999934
2026-08-16 17:33:43.621,11.084,lower,0.07562500000000028,0.004374999999999796
2026-08-16 17:33:43.631,11.094,lower,-0.13249999999999984,-0.04249999999999976
2026-08-16 17:33:43.641,11.104,lower,0.05125000000000046,-0.00687499999999952
2026-08-16 17:33:43.651,11.114,lower,0.004374999999999796,-0.001875000000000071
2026-08-16 17:33:43.661,11.124,lower,-0.013750000000000151,-0.03437499999999982
2026-08-16 17:33:43.671,11.134,lower,0.07437499999999986,0.007500000000000284
2026-08-16 17:33:43.681,11.144,lower,-0.1387499999999997,-0.038124999999999964
2026-08-16 17:33:43.691,11.154,lower,0.03750000000000031,-0.004999999999999449
2026-08-16 17:33:43.701,11.164,lower,-0.026249999999999885,-0.004999999999999449
2026-08-16 17:33:43.711,11.174,lower,-0.04437499999999983,-0.03062499999999968
2026-08-16 17:33:43.721,11.184,lower,0.07249999999999979,0.0050000000000005596
2026-08-16 17:33:43.731,11.194,lower,-0.13812500000000005,-0.043124999999999414
2026-08-16 17:33:43.741,11.204,lower,0.04812499999999997,-0.0024999999999997247
2026-08-16 17:33:43.751,11.214,lower,-0.00687499999999952,-0.008124999999999938
2026-08-16 17:33:43.761,11.224,lower,-0.07562500000000028,-0.040000000000000036
2026-08-16 17:33:43.771,11.234,lower,0.07062499999999972,0.005625000000000213
2026-08-16 17:33:43.781,11.244,lower,-0.1418750000000002,-0.043124999999999414
2026-08-16 17:33:43.791,11.254,lower,0.03687500000000066,-0.01187500000000008
2026-08-16 17:33:43.801,11.264,lower,-0.029375000000000373,-0.01187500000000008
2026-08-16 17:33:43.811,11.274,lower,-0.04249999999999976,-0.044999999999999485
2026-08-16 17:33:43.821,11.284,lower,0.07187500000000013,0.006249999999999867
2026-08-16 17:33:43.831,11.294,lower,-0.1331249999999995,-0.04437499999999983
2026-08-16 17:33:43.841,11.304,lower,0.04812499999999997,-0.010624999999999662
2026-08-16 17:33:43.851,11.314,lower,-0.005625000000000213,-0.01187500000000008
2026-08-16 17:33:43.861,11.324,lower,-0.06812499999999999,-0.03874999999999962
2026-08-16 17:33:43.871,11.334,lower,0.0737500000000002,0.005625000000000213
2026-08-16 17:33:43.881,11.344,lower,-0.1375000000000004,-0.04437499999999983
2026-08-16 17:33:43.891,11.354,lower,0.04437499999999983,-0.009375000000000355
2026-08-16 17:33:43.901,11.364,lower,-0.030000000000000027,-0.0012500000000004174
2026-08-16 17:33:43.911,11.374,lower,-0.034999999999999476,-0.03249999999999975
2026-08-16 17:33:43.921,11.384,lower,0.08000000000000007,0.008124999999999938
2026-08-16 17:33:43.931,11.394,lower,-0.12937499999999935,-0.04437499999999983
2026-08-16 17:33:43.941,11.404,lower,0.05750000000000033,-0.006249999999999867
2026-08-16 17:33:43.951,11.414,lower,-0.0024999999999997247,-0.001875000000000071
2026-08-16 17:33:43.961,11.424,lower,-0.06062499999999971,-0.03375000000000017
2026-08-16 17:33:43.971,11.434,lower,0.07937500000000042,0.006875000000000631
2026-08-16 17:33:43.981,11.444,lower,-0.13624999999999998,-0.034999999999999476
2026-08-16 17:33:43.991,11.454,lower,0.04812499999999997,-0.001875000000000071
2026-08-16 17:33:44.001,11.464,lower,0.02187500000000009,-0.003750000000000142
2026-08-16 17:33:44.011,11.474,lower,-0.03249999999999975,-0.04124999999999934
2026-08-16 17:33:44.021,11.484,lower,0.07750000000000035,0.008749999999999591
2026-08-16 17:33:44.031,11.494,lower,-0.1287499999999997,-0.04437499999999983
2026-08-16 17:33:44.041,11.504,lower,0.05812499999999998,-0.005625000000000213
2026-08-16 17:33:44.051,11.514,lower,-0.004999999999999449,-0.008749999999999591
2026-08-16 17:33:44.061,11.524,lower,-0.05750000000000033,-0.046874999999999556
2026-08-16 17:33:44.071,11.534,lower,0.07562500000000028,0.006875000000000631
2026-08-16 17:33:44.081,11.544,lower,-0.1387499999999997,-0.04249999999999976
2026-08-16 17:33:44.091,11.554,lower,0.04812499999999997,-0.00687499999999952
2026-08-16 17:33:44.101,11.564,lower,0.02375000000000016,-0.008749999999999591
2026-08-16 17:33:44.111,11.574,lower,-0.026874999999999538,-0.03750000000000031
2026-08-16 17:33:44.121,11.584,lower,0.08000000000000007,0.004374999999999796
2026-08-16 17:33:44.131,11.594,lower,-0.1287499999999997,-0.04187500000000011
2026-08-16 17:33:44.141,11.604,lower,0.06062499999999971,-0.010624999999999662
2026-08-16 17:33:44.151,11.614,lower,-0.006249999999999867,-0.008749999999999591
2026-08-16 17:33:44.161,11.624,lower,-0.05312499999999942,-0.03874999999999962
2026-08-16 17:33:44.171,11.634,lower,0.07562500000000028,0.0050000000000005596
2026-08-16 17:33:44.181,11.644,lower,-0.1318750000000002,-0.04437499999999983
2026-08-16 17:33:44.191,11.654,lower,0.05562500000000026,-0.004374999999999796
2026-08-16 17:33:44.201,11.664,lower,0.023125000000000506,-0.0006249999999996536
2026-08-16 17:33:44.211,11.674,lower,-0.02375000000000016,-0.03249999999999975
2026-08-16 17:33:44.221,11.684,lower,0.08375000000000021,0.006875000000000631
2026-08-16 17:33:44.231,11.694,lower,-0.12812500000000004,-0.038124999999999964
2026-08-16 17:33:44.241,11.704,lower,0.04062499999999969,-0.004999999999999449
2026-08-16 17:33:44.251,11.714,lower,-0.008124999999999938,-0.0012500000000004174
2026-08-16 17:33:44.261,11.724,lower,-0.04750000000000032,-0.033124999999999405
2026-08-16 17:33:44.271,11.734,lower,0.08187500000000014,0.010000000000000009
2026-08-16 17:33:44.281,11.744,lower,-0.13124999999999942,-0.034999999999999476
2026-08-16 17:33:44.291,11.754,lower,0.05249999999999977,-0.0024999999999997247
2026-08-16 17:33:44.301,11.764,lower,0.015625000000000222,-0.004999999999999449
2026-08-16 17:33:44.311,11.774,lower,-0.07750000000000035,-0.04187500000000011
2026-08-16 17:33:44.321,11.784,lower,0.08062499999999972,0.005625000000000213
2026-08-16 17:33:44.331,11.794,lower,-0.13062499999999977,-0.04187500000000011
2026-08-16 17:33:44.341,11.804,lower,0.04249999999999976,-0.014999999999999458
2026-08-16 17:33:44.351,11.814,lower,-0.012499999999999734,-0.007500000000000284
2026-08-16 17:33:44.361,11.824,lower,-0.04812499999999997,-0.0462499999999999
2026-08-16 17:33:44.371,11.834,lower,0.08125000000000049,0.009375000000000355
2026-08-16 17:33:44.381,11.844,lower,-0.1343749999999999,-0.04124999999999934
2026-08-16 17:33:44.391,11.854,lower,0.0506249999999997,-0.007500000000000284
2026-08-16 17:33:44.401,11.864,lower,0.017500000000000293,-0.008124999999999938
2026-08-16 17:33:44.411,11.874,lower,-0.07499999999999951,-0.03687499999999955
2026-08-16 17:33:44.421,11.884,lower,0.07937500000000042,0.0050000000000005596
2026-08-16 17:33:44.431,11.894,lower,-0.13000000000000012,-0.04562500000000025
2026-08-16 17:33:44.441,11.904,lower,0.04812499999999997,-0.008124999999999938
2026-08-16 17:33:44.451,11.914,lower,-0.014374999999999805,-0.0012500000000004174
2026-08-16 17:33:44.461,11.924,lower,-0.040000000000000036,-0.03874999999999962
2026-08-16 17:33:44.471,11.934,lower,0.08187500000000014,0.0050000000000005596
2026-08-16 17:33:44.481,11.944,lower,-0.12062499999999976,-0.046874999999999556
2026-08-16 17:33:44.491,11.954,lower,0.056875000000000675,-0.007500000000000284
2026-08-16 17:33:44.501,11.964,lower,0.010624999999999662,0.0012500000000004174
2026-08-16 17:33:44.511,11.974,lower,-0.07000000000000006,-0.03062499999999968
2026-08-16 17:33:44.521,11.984,lower,0.08125000000000049,0.006875000000000631
2026-08-16 17:33:44.531,11.994,lower,-0.12937499999999935,-0.03937500000000038
2026-08-16 17:33:44.541,12.004,lower,0.046875000000000666,-0.007500000000000284
2026-08-16 17:33:44.551,12.014,lower,0.03375000000000017,-0.005625000000000213
2026-08-16 17:33:44.561,12.024,lower,-0.04124999999999934,-0.044999999999999485
2026-08-16 17:33:44.571,12.034,lower,0.08187500000000014,0.003750000000000142
2026-08-16 17:33:44.581,12.044,lower,-0.12562500000000032,-0.03874999999999962
2026-08-16 17:33:44.591,12.054,lower,0.05312500000000053,-0.006249999999999867
2026-08-16 17:33:44.601,12.064,lower,0.009375000000000355,-0.006249999999999867
2026-08-16 17:33:44.611,12.074,lower,-0.07062499999999972,-0.04562500000000025
2026-08-16 17:33:44.621,12.084,lower,0.07874999999999965,0.007500000000000284
2026-08-16 17:33:44.631,12.094,lower,-0.13000000000000012,-0.03874999999999962
2026-08-16 17:33:44.641,12.104,lower,0.04437499999999983,-0.010624999999999662
2026-08-16 17:33:44.651,12.114,lower,0.033125000000000515,-0.005625000000000213
2026-08-16 17:33:44.661,12.124,lower,-0.03687499999999955,-0.04062499999999969
2026-08-16 17:33:44.671,12.134,lower,0.07874999999999965,0.004374999999999796
2026-08-16 17:33:44.681,12.144,lower,-0.1243749999999999,-0.04124999999999934
2026-08-16 17:33:44.691,12.154,lower,0.05437499999999984,-0.008749999999999591
2026-08-16 17:33:44.701,12.164,lower,0.006875000000000631,-0.01187500000000008
2026-08-16 17:33:44.711,12.174,lower,-0.0649999999999995,-0.03874999999999962
2026-08-16 17:33:44.721,12.184,lower,0.07687499999999958,0.004374999999999796
2026-08-16 17:33:44.731,12.194,lower,-0.13124999999999942,-0.04062499999999969
2026-08-16 17:33:44.741,12.204,lower,0.045000000000000595,-0.010000000000000009
2026-08-16 17:33:44.751,12.214,lower,0.029375000000000373,0.001875000000000071
2026-08-16 17:33:44.761,12.224,lower,-0.03624999999999989,-0.03562500000000024
2026-08-16 17:33:44.771,12.234,lower,0.08125000000000049,0.007500000000000284
2026-08-16 17:33:44.781,12.244,lower,-0.12812500000000004,-0.03437499999999982
2026-08-16 17:33:44.791,12.254,lower,0.05812499999999998,-0.001875000000000071
2026-08-16 17:33:44.801,12.264,lower,0.003750000000000142,-0.0031249999999993783
2026-08-16 17:33:44.811,12.274,lower,-0.06562500000000027,-0.034999999999999476
2026-08-16 17:33:44.821,12.284,lower,0.07500000000000062,0.0031250000000004885
2026-08-16 17:33:44.831,12.294,lower,-0.13375000000000026,-0.040000000000000036
2026-08-16 17:33:44.841,12.304,lower,0.046875000000000666,-0.004999999999999449
2026-08-16 17:33:44.851,12.314,lower,0.025000000000000577,-0.008124999999999938
2026-08-16 17:33:44.861,12.324,lower,-0.031249999999999334,-0.04937500000000039
2026-08-16 17:33:44.871,12.334,lower,0.07937500000000042,0.006875000000000631
2026-08-16 17:33:44.881,12.344,lower,-0.13000000000000012,-0.04124999999999934
2026-08-16 17:33:44.891,12.354,lower,0.03624999999999989,-0.010000000000000009
2026-08-16 17:33:44.901,12.364,lower,-0.0024999999999997247,-0.0031249999999993783
2026-08-16 17:33:44.911,12.374,lower,-0.06000000000000005,-0.0462499999999999
2026-08-16 17:33:44.921,12.384,lower,0.078125,0.008124999999999938
2026-08-16 17:33:44.931,12.394,lower,-0.1387499999999997,-0.043124999999999414
2026-08-16 17:33:44.941,12.404,lower,0.04750000000000032,-0.011249999999999316
2026-08-16 17:33:44.951,12.414,lower,0.021250000000000435,-0.007500000000000284
2026-08-16 17:33:44.961,12.424,lower,-0.08750000000000036,-0.04124999999999934
2026-08-16 17:33:44.971,12.434,lower,0.07750000000000035,0.006875000000000631
2026-08-16 17:33:44.981,12.444,lower,-0.13375000000000026,-0.043124999999999414
2026-08-16 17:33:44.991,12.454,lower,0.03874999999999962,-0.009375000000000355
2026-08-16 17:33:45.001,12.464,lower,-0.006249999999999867,-0.0024999999999997247
2026-08-16 17:33:45.011,12.474,lower,-0.06312499999999943,-0.040000000000000036
2026-08-16 17:33:45.021,12.484,lower,0.07500000000000062,0.001875000000000071
2026-08-16 17:33:45.031,12.494,lower,-0.13562500000000033,-0.033124999999999405
2026-08-16 17:33:45.041,12.504,lower,0.050000000000000044,-0.011249999999999316
2026-08-16 17:33:45.051,12.514,lower,0.02062499999999967,-0.004374999999999796
2026-08-16 17:33:45.061,12.524,lower,-0.08687499999999959,-0.04062499999999969
2026-08-16 17:33:45.071,12.534,lower,0.07562500000000028,0.001875000000000071
2026-08-16 17:33:45.081,12.544,lower,-0.13562500000000033,-0.038124999999999964
2026-08-16 17:33:45.091,12.554,lower,0.040000000000000036,-0.006249999999999867
2026-08-16 17:33:45.101,12.564,lower,-0.00687499999999952,-0.001875000000000071
2026-08-16 17:33:45.111,12.574,lower,-0.0593750000000004,-0.04874999999999963
2026-08-16 17:33:45.121,12.584,lower,0.07500000000000062,0.005625000000000213
2026-08-16 17:33:45.131,12.594,lower,-0.11937499999999934,-0.03874999999999962
2026-08-16 17:33:45.141,12.604,lower,0.04812499999999997,-0.016249999999999876
2026-08-16 17:33:45.151,12.614,lower,0.0187499999999996,-0.004999999999999449
2026-08-16 17:33:45.161,12.624,lower,-0.08437499999999987,-0.04562500000000025
2026-08-16 17:33:45.171,12.634,lower,0.07750000000000035,0.004374999999999796
2026-08-16 17:33:45.181,12.644,lower,-0.13562500000000033,-0.03937500000000038
2026-08-16 17:33:45.191,12.654,lower,0.04125000000000045,-0.013750000000000151
2026-08-16 17:33:45.201,12.664,lower,0.04375000000000018,-0.004999999999999449
2026-08-16 17:33:45.211,12.674,lower,-0.05562500000000026,-0.04249999999999976
2026-08-16 17:33:45.221,12.684,lower,0.07437499999999986,0.004374999999999796
2026-08-16 17:33:45.231,12.694,lower,-0.11937499999999934,-0.04124999999999934
2026-08-16 17:33:45.241,12.704,lower,0.04874999999999963,-0.013750000000000151
2026-08-16 17:33:45.251,12.714,lower,0.014374999999999805,0.001875000000000071
2026-08-16 17:33:45.261,12.724,lower,-0.0824999999999998,-0.04124999999999934
2026-08-16 17:33:45.271,12.734,lower,0.078125,0.0050000000000005596
2026-08-16 17:33:45.281,12.744,lower,-0.1331249999999995,-0.04375000000000018
2026-08-16 17:33:45.291,12.754,lower,0.040000000000000036,-0.01187500000000008
2026-08-16 17:33:45.301,12.764,lower,0.045000000000000595,-0.003750000000000142
2026-08-16 17:33:45.311,12.774,lower,-0.05249999999999977,-0.03750000000000031
2026-08-16 17:33:45.321,12.784,lower,0.07624999999999993,0.004374999999999796
2026-08-16 17:33:45.331,12.794,lower,-0.12499999999999956,-0.03687499999999955
2026-08-16 17:33:45.341,12.804,lower,0.050000000000000044,-0.010000000000000009
2026-08-16 17:33:45.351,12.814,lower,0.010000000000000009,-0.0024999999999997247
2026-08-16 17:33:45.361,12.824,lower,-0.07750000000000035,-0.04437499999999983
2026-08-16 17:33:45.371,12.834,lower,0.07562500000000028,0.006249999999999867
2026-08-16 17:33:45.381,12.844,lower,-0.13624999999999998,-0.034999999999999476
2026-08-16 17:33:45.391,12.854,lower,0.04125000000000045,-0.004999999999999449
2026-08-16 17:33:45.401,12.864,lower,0.03687500000000066,0.0006249999999996536
2026-08-16 17:33:45.411,12.874,lower,-0.0462499999999999,-0.046874999999999556
2026-08-16 17:33:45.421,12.884,lower,0.07562500000000028,0.009375000000000355
2026-08-16 17:33:45.431,12.894,lower,-0.12562500000000032,-0.040000000000000036
2026-08-16 17:33:45.441,12.904,lower,0.028124999999999956,-0.014374999999999805
2026-08-16 17:33:45.451,12.914,lower,0.007500000000000284,-0.004374999999999796
2026-08-16 17:33:45.461,12.924,lower,-0.078125,-0.0462499999999999
2026-08-16 17:33:45.471,12.934,lower,0.07562500000000028,0.0006249999999996536
2026-08-16 17:33:45.481,12.944,lower,-0.14000000000000012,-0.03937500000000038
2026-08-16 17:33:45.491,12.954,lower,0.03937500000000038,-0.010624999999999662
2026-08-16 17:33:45.501,12.964,lower,0.03687500000000066,-0.009375000000000355
2026-08-16 17:33:45.511,12.974,lower,-0.050000000000000044,-0.03874999999999962
2026-08-16 17:33:45.521,12.984,lower,0.0737500000000002,0.001875000000000071
2026-08-16 17:33:45.531,12.994,lower,-0.12624999999999997,-0.04062499999999969
2026-08-16 17:33:45.541,13.004,lower,0.031250000000000444,-0.012499999999999734
2026-08-16 17:33:45.551,13.014,lower,0.0012500000000004174,-0.0031249999999993783
2026-08-16 17:33:45.561,13.024,lower,-0.07249999999999979,-0.04375000000000018
2026-08-16 17:33:45.571,13.034,lower,0.0737500000000002,0.0031250000000004885
2026-08-16 17:33:45.581,13.044,lower,-0.14062499999999978,-0.0318750000000001
2026-08-16 17:33:45.591,13.054,lower,0.0462499999999999,-0.012499999999999734
2026-08-16 17:33:45.601,13.064,lower,0.029375000000000373,-0.0006249999999996536
2026-08-16 17:33:45.611,13.074,lower,-0.10000000000000009,-0.03874999999999962
2026-08-16 17:33:45.621,13.084,lower,0.08187500000000014,0.005625000000000213
2026-08-16 17:33:45.631,13.094,lower,-0.13062499999999977,-0.034999999999999476
2026-08-16 17:33:45.641,13.104,lower,0.033125000000000515,-0.004374999999999796
2026-08-16 17:33:45.651,13.114,lower,0.0024999999999997247,0.0
2026-08-16 17:33:45.661,13.124,lower,-0.06874999999999964,-0.04562500000000025
2026-08-16 17:33:45.671,13.134,lower,0.07750000000000035,0.006249999999999867
2026-08-16 17:33:45.681,13.144,lower,-0.11562500000000031,-0.03624999999999989
2026-08-16 17:33:45.691,13.154,lower,0.0462499999999999,-0.013750000000000151
2026-08-16 17:33:45.701,13.164,lower,0.030000000000000027,-0.0024999999999997247
2026-08-16 17:33:45.711,13.174,lower,-0.09499999999999953,-0.044999999999999485
2026-08-16 17:33:45.721,13.184,lower,0.07937500000000042,0.006875000000000631
2026-08-16 17:33:45.731,13.194,lower,-0.13375000000000026,-0.03562500000000024
2026-08-16 17:33:45.741,13.204,lower,0.03437499999999982,-0.016249999999999876
2026-08-16 17:33:45.751,13.214,lower,0.0,-0.003750000000000142
2026-08-16 17:33:45.761,13.224,lower,-0.06937500000000041,-0.043124999999999414
2026-08-16 17:33:45.771,13.234,lower,0.07687499999999958,0.004374999999999796
2026-08-16 17:33:45.781,13.244,lower,-0.1143749999999999,-0.03750000000000031
2026-08-16 17:33:45.791,13.254,lower,0.0462499999999999,-0.013124999999999387
2026-08-16 17:33:45.801,13.264,lower,0.02562500000000023,0.0012500000000004174
2026-08-16 17:33:45.811,13.274,lower,-0.09312499999999946,-0.043124999999999414
2026-08-16 17:33:45.821,13.284,lower,0.07874999999999965,0.0006249999999996536
2026-08-16 17:33:45.831,13.294,lower,-0.13124999999999942,-0.04187500000000011
2026-08-16 17:33:45.841,13.304,lower,0.038124999999999964,-0.009375000000000355
2026-08-16 17:33:45.851,13.314,lower,0.050000000000000044,-0.0006249999999996536
2026-08-16 17:33:45.861,13.324,lower,-0.0649999999999995,-0.03874999999999962
2026-08-16 17:33:45.871,13.334,lower,0.07562500000000028,0.0050000000000005596
2026-08-16 17:33:45.881,13.344,lower,-0.1143749999999999,-0.031249999999999334
2026-08-16 17:33:45.891,13.354,lower,0.050000000000000044,-0.008749999999999591
2026-08-16 17:33:45.901,13.364,lower,0.022499999999999742,0.0031250000000004885
2026-08-16 17:33:45.911,13.374,lower,-0.09000000000000008,-0.0462499999999999
2026-08-16 17:33:45.921,13.384,lower,0.07312500000000055,0.009375000000000355
2026-08-16 17:33:45.931,13.394,lower,-0.1318750000000002,-0.03062499999999968
2026-08-16 17:33:45.941,13.404,lower,0.038124999999999964,-0.006249999999999867
2026-08-16 17:33:45.951,13.414,lower,0.050000000000000044,0.001875000000000071
2026-08-16 17:33:45.961,13.424,lower,-0.06124999999999936,-0.04437499999999983
2026-08-16 17:33:45.971,13.434,lower,0.07312500000000055,0.008749999999999591
2026-08-16 17:33:45.981,13.444,lower,-0.11750000000000038,-0.03624999999999989
2026-08-16 17:33:45.991,13.454,lower,0.050000000000000044,-0.0187499999999996
2026-08-16 17:33:46.001,13.464,lower,0.0187499999999996,-0.0031249999999993783
2026-08-16 17:33:46.011,13.474,lower,-0.08812500000000001,-0.04375000000000018
2026-08-16 17:33:46.021,13.484,lower,0.07687499999999958,-0.001875000000000071
2026-08-16 17:33:46.031,13.494,lower,-0.1331249999999995,-0.03624999999999989
2026-08-16 17:33:46.041,13.504,lower,0.03750000000000031,-0.013750000000000151
2026-08-16 17:33:46.051,13.514,lower,0.04750000000000032,-0.001875000000000071
2026-08-16 17:33:46.061,13.524,lower,-0.05562500000000026,-0.04249999999999976
2026-08-16 17:33:46.071,13.534,lower,0.07687499999999958,0.004374999999999796
2026-08-16 17:33:46.081,13.544,lower,-0.11687499999999962,-0.040000000000000036
2026-08-16 17:33:46.091,13.554,lower,0.02874999999999961,-0.01687499999999953
2026-08-16 17:33:46.101,13.564,lower,0.015000000000000568,0.0024999999999997247
2026-08-16 17:33:46.111,13.574,lower,-0.07874999999999965,-0.040000000000000036
2026-08-16 17:33:46.121,13.584,lower,0.078125,0.005625000000000213
2026-08-16 17:33:46.131,13.594,lower,-0.1318750000000002,-0.03062499999999968
2026-08-16 17:33:46.141,13.604,lower,0.03937500000000038,-0.008749999999999591
2026-08-16 17:33:46.151,13.614,lower,0.04562500000000025,0.001875000000000071
2026-08-16 17:33:46.161,13.624,lower,-0.10687499999999961,-0.03624999999999989
2026-08-16 17:33:46.171,13.634,lower,0.07750000000000035,0.005625000000000213
2026-08-16 17:33:46.181,13.644,lower,-0.1200000000000001,-0.03687499999999955
2026-08-16 17:33:46.191,13.654,lower,0.0318750000000001,-0.00687499999999952
2026-08-16 17:33:46.201,13.664,lower,0.016249999999999876,-0.001875000000000071
2026-08-16 17:33:46.211,13.674,lower,-0.08124999999999938,-0.044999999999999485
2026-08-16 17:33:46.221,13.684,lower,0.078125,0.009375000000000355
2026-08-16 17:33:46.231,13.694,lower,-0.1331249999999995,-0.03375000000000017
2026-08-16 17:33:46.241,13.704,lower,0.04375000000000018,-0.02062499999999967
2026-08-16 17:33:46.251,13.714,lower,0.04375000000000018,0.0006249999999996536
2026-08-16 17:33:46.261,13.724,lower,-0.10499999999999954,-0.0462499999999999
2026-08-16 17:33:46.271,13.734,lower,0.07937500000000042,0.007500000000000284
2026-08-16 17:33:46.281,13.744,lower,-0.11812500000000004,-0.03437499999999982
2026-08-16 17:33:46.291,13.754,lower,0.03375000000000017,-0.014999999999999458
2026-08-16 17:33:46.301,13.764,lower,0.007500000000000284,-0.004999999999999449
2026-08-16 17:33:46.311,13.774,lower,-0.07687499999999958,-0.043124999999999414
2026-08-16 17:33:46.321,13.784,lower,0.08187500000000014,0.0050000000000005596
2026-08-16 17:33:46.331,13.794,lower,-0.10437499999999988,-0.03874999999999962
2026-08-16 17:33:46.341,13.804,lower,0.045000000000000595,-0.016249999999999876
2026-08-16 17:33:46.351,13.814,lower,0.043125000000000524,0.001875000000000071
2026-08-16 17:33:46.361,13.824,lower,-0.1012499999999994,-0.04062499999999969
2026-08-16 17:33:46.371,13.834,lower,0.08062499999999972,0.0050000000000005596
2026-08-16 17:33:46.381,13.844,lower,-0.1200000000000001,-0.038124999999999964
2026-08-16 17:33:46.391,13.854,lower,0.03750000000000031,-0.010624999999999662
2026-08-16 17:33:46.401,13.864,lower,0.012499999999999734,0.0031250000000004885
2026-08-16 17:33:46.411,13.874,lower,-0.07124999999999937,-0.040000000000000036
2026-08-16 17:33:46.421,13.884,lower,0.08312500000000056,0.004374999999999796
2026-08-16 17:33:46.431,13.894,lower,-0.10687499999999961,-0.027500000000000302
2026-08-16 17:33:46.441,13.904,lower,0.046875000000000666,-0.008749999999999591
2026-08-16 17:33:46.451,13.914,lower,0.04249999999999976,0.0006249999999996536
2026-08-16 17:33:46.461,13.924,lower,-0.0968749999999996,-0.04874999999999963
2026-08-16 17:33:46.471,13.934,lower,0.07874999999999965,0.007500000000000284
2026-08-16 17:33:46.481,13.944,lower,-0.1243749999999999,-0.03375000000000017
2026-08-16 17:33:46.491,13.954,lower,0.03249999999999975,-0.006249999999999867
2026-08-16 17:33:46.501,13.964,lower,0.06249999999999978,0.0012500000000004174
2026-08-16 17:33:46.511,13.974,lower,-0.07000000000000006,-0.04187500000000011
2026-08-16 17:33:46.521,13.984,lower,0.08000000000000007,0.005625000000000213
2026-08-16 17:33:46.531,13.994,lower,-0.10499999999999954,-0.033124999999999405
2026-08-16 17:33:46.541,14.004,lower,0.04937500000000039,-0.017500000000000293
2026-08-16 17:33:46.551,14.014,lower,0.03624999999999989,-0.001875000000000071
2026-08-16 17:33:46.561,14.024,lower,-0.0968749999999996,-0.04562500000000025
2026-08-16 17:33:46.571,14.034,lower,0.07500000000000062,-0.0024999999999997247
2026-08-16 17:33:46.581,14.044,lower,-0.12375000000000025,-0.03750000000000031
2026-08-16 17:33:46.591,14.054,lower,0.03874999999999962,-0.015625000000000222
2026-08-16 17:33:46.601,14.064,lower,0.061875000000000124,-0.0024999999999997247
2026-08-16 17:33:46.611,14.074,lower,-0.06249999999999978,-0.04437499999999983
2026-08-16 17:33:46.621,14.084,lower,0.08500000000000063,0.0031250000000004885
2026-08-16 17:33:46.631,14.094,lower,-0.10375000000000023,-0.03750000000000031
2026-08-16 17:33:46.641,14.104,lower,0.053750000000000187,-0.010000000000000009
2026-08-16 17:33:46.651,14.114,lower,0.03562500000000024,0.0050000000000005596
2026-08-16 17:33:46.661,14.124,lower,-0.08624999999999994,-0.03937500000000038
2026-08-16 17:33:46.671,14.134,lower,0.08062499999999972,0.007500000000000284
2026-08-16 17:33:46.681,14.144,lower,-0.12312499999999948,-0.028124999999999956
2026-08-16 17:33:46.691,14.154,lower,0.03750000000000031,-0.008749999999999591
2026-08-16 17:33:46.701,14.164,lower,0.061875000000000124,0.0031250000000004885
2026-08-16 17:33:46.711,14.174,lower,-0.06000000000000005,-0.03750000000000031
2026-08-16 17:33:46.721,14.184,lower,0.08187500000000014,0.0024999999999997247
2026-08-16 17:33:46.731,14.194,lower,-0.10874999999999968,-0.029375000000000373
2026-08-16 17:33:46.741,14.204,lower,0.02562500000000023,-0.008124999999999938
2026-08-16 17:33:46.751,14.214,lower,0.03437499999999982,0.004374999999999796
2026-08-16 17:33:46.761,14.224,lower,-0.09062499999999973,-0.04812499999999997
2026-08-16 17:33:46.771,14.234,lower,0.08125000000000049,0.005625000000000213
2026-08-16 17:33:46.781,14.244,lower,-0.12687499999999963,-0.033124999999999405
2026-08-16 17:33:46.791,14.254,lower,0.040000000000000036,-0.022499999999999742
2026-08-16 17:33:46.801,14.264,lower,0.05562500000000026,-0.0012500000000004174
2026-08-16 17:33:46.811,14.274,lower,-0.11187500000000017,-0.046874999999999556
2026-08-16 17:33:46.821,14.284,lower,0.07750000000000035,0.007500000000000284
2026-08-16 17:33:46.831,14.294,lower,-0.11187500000000017,-0.034999999999999476
2026-08-16 17:33:46.841,14.304,lower,0.029375000000000373,-0.015625000000000222
2026-08-16 17:33:46.851,14.314,lower,0.025000000000000577,0.0
2026-08-16 17:33:46.861,14.324,lower,-0.08874999999999966,-0.04750000000000032
2026-08-16 17:33:46.871,14.334,lower,0.078125,0.001875000000000071
2026-08-16 17:33:46.881,14.344,lower,-0.13249999999999984,-0.03750000000000031
2026-08-16 17:33:46.891,14.354,lower,0.03750000000000031,-0.014999999999999458
2026-08-16 17:33:46.901,14.364,lower,0.05437499999999984,0.0
2026-08-16 17:33:46.911,14.374,lower,-0.11312499999999948,-0.043124999999999414
2026-08-16 17:33:46.921,14.384,lower,0.08000000000000007,0.0031250000000004885
2026-08-16 17:33:46.931,14.394,lower,-0.11499999999999955,-0.03937500000000038
2026-08-16 17:33:46.941,14.404,lower,0.026249999999999885,-0.01187500000000008
2026-08-16 17:33:46.951,14.414,lower,0.023125000000000506,0.003750000000000142
2026-08-16 17:33:46.961,14.424,lower,-0.08812500000000001,-0.04249999999999976
2026-08-16 17:33:46.971,14.434,lower,0.07687499999999958,0.006249999999999867
2026-08-16 17:33:46.981,14.444,lower,-0.09437499999999988,-0.030000000000000027
2026-08-16 17:33:46.991,14.454,lower,0.03937500000000038,-0.008749999999999591
2026-08-16 17:33:47.001,14.464,lower,0.050000000000000044,0.0012500000000004174
2026-08-16 17:33:47.011,14.474,lower,-0.10937499999999933,-0.04750000000000032
2026-08-16 17:33:47.021,14.484,lower,0.07750000000000035,0.0012500000000004174
2026-08-16 17:33:47.031,14.494,lower,-0.12249999999999983,-0.03249999999999975
2026-08-16 17:33:47.041,14.504,lower,0.028124999999999956,-0.02375000000000016
2026-08-16 17:33:47.051,14.514,lower,0.06249999999999978,-0.0024999999999997247
2026-08-16 17:33:47.061,14.524,lower,-0.08812500000000001,-0.046874999999999556
2026-08-16 17:33:47.071,14.534,lower,0.078125,0.005625000000000213
2026-08-16 17:33:47.081,14.544,lower,-0.10062499999999974,-0.0318750000000001
2026-08-16 17:33:47.091,14.554,lower,0.03874999999999962,-0.021249999999999325
2026-08-16 17:33:47.101,14.564,lower,0.04937500000000039,0.0006249999999996536
2026-08-16 17:33:47.111,14.574,lower,-0.10750000000000037,-0.04562500000000025
2026-08-16 17:33:47.121,14.584,lower,0.07874999999999965,0.0
2026-08-16 17:33:47.131,14.594,lower,-0.11874999999999969,-0.03375000000000017
2026-08-16 17:33:47.141,14.604,lower,0.02874999999999961,-0.017500000000000293
2026-08-16 17:33:47.151,14.614,lower,0.0637500000000002,0.0024999999999997247
2026-08-16 17:33:47.161,14.624,lower,-0.08062499999999972,-0.04437499999999983
2026-08-16 17:33:47.171,14.634,lower,0.07562500000000028,0.003750000000000142
2026-08-16 17:33:47.181,14.644,lower,-0.10312499999999947,-0.03562500000000024
2026-08-16 17:33:47.191,14.654,lower,0.04375000000000018,-0.014374999999999805
2026-08-16 17:33:47.201,14.664,lower,0.04187500000000011,0.0012500000000004174
2026-08-16 17:33:47.211,14.674,lower,-0.10750000000000037,-0.04375000000000018
2026-08-16 17:33:47.221,14.684,lower,0.06687500000000068,0.004374999999999796
2026-08-16 17:33:47.231,14.694,lower,-0.12124999999999941,-0.029375000000000373
2026-08-16 17:33:47.241,14.704,lower,0.0318750000000001,-0.012499999999999734
2026-08-16 17:33:47.251,14.714,lower,0.0637500000000002,0.0012500000000004174
2026-08-16 17:33:47.261,14.724,lower,-0.07562500000000028,-0.046874999999999556
2026-08-16 17:33:47.271,14.734,lower,0.07937500000000042,0.006875000000000631
2026-08-16 17:33:47.281,14.744,lower,-0.10750000000000037,-0.03062499999999968
2026-08-16 17:33:47.291,14.754,lower,0.0187499999999996,-0.013124999999999387
2026-08-16 17:33:47.301,14.764,lower,0.03562500000000024,0.0
2026-08-16 17:33:47.311,14.774,lower,-0.1056250000000003,-0.051875000000000115
2026-08-16 17:33:47.321,14.784,lower,0.07249999999999979,0.005625000000000213
2026-08-16 17:33:47.331,14.794,lower,-0.12812500000000004,-0.034999999999999476
2026-08-16 17:33:47.341,14.804,lower,0.029375000000000373,-0.026249999999999885
2026-08-16 17:33:47.351,14.814,lower,0.05750000000000033,-0.0031249999999993783
2026-08-16 17:33:47.361,14.824,lower,-0.07937500000000042,-0.04812499999999997
2026-08-16 17:33:47.371,14.834,lower,0.07500000000000062,0.0006249999999996536
2026-08-16 17:33:47.381,14.844,lower,-0.10874999999999968,-0.0318750000000001
2026-08-16 17:33:47.391,14.854,lower,0.015000000000000568,-0.01687499999999953
2026-08-16 17:33:47.401,14.864,lower,0.03437499999999982,-0.001875000000000071
2026-08-16 17:33:47.411,14.874,lower,-0.10312499999999947,-0.046874999999999556
2026-08-16 17:33:47.421,14.884,lower,0.07249999999999979,0.0012500000000004174
2026-08-16 17:33:47.431,14.894,lower,-0.13249999999999984,-0.03562500000000024
2026-08-16 17:33:47.441,14.904,lower,0.028124999999999956,-0.017500000000000293
2026-08-16 17:33:47.451,14.914,lower,0.058749999999999636,0.0024999999999997247
2026-08-16 17:33:47.461,14.924,lower,-0.12312499999999948,-0.04874999999999963
2026-08-16 17:33:47.471,14.934,lower,0.06937500000000041,0.0024999999999997247
2026-08-16 17:33:47.481,14.944,lower,-0.11499999999999955,-0.028124999999999956
2026-08-16 17:33:47.491,14.954,lower,0.0187499999999996,-0.0187499999999996
2026-08-16 17:33:47.501,14.964,lower,0.028124999999999956,0.0031250000000004885
2026-08-16 17:33:47.511,14.974,lower,-0.10375000000000023,-0.04437499999999983
2026-08-16 17:33:47.521,14.984,lower,0.07437499999999986,0.0012500000000004174
2026-08-16 17:33:47.531,14.994,lower,-0.08499999999999952,-0.026249999999999885
2026-08-16 17:33:47.541,15.004,lower,0.03062499999999968,-0.010624999999999662
2026-08-16 17:33:47.551,15.014,lower,0.05437499999999984,-0.0031249999999993783
2026-08-16 17:33:47.561,15.024,lower,-0.11812500000000004,-0.04937500000000039
2026-08-16 17:33:47.571,15.034,lower,0.07312500000000055,0.001875000000000071
2026-08-16 17:33:47.581,15.044,lower,-0.11562500000000031,-0.029375000000000373
2026-08-16 17:33:47.591,15.054,lower,0.020000000000000018,-0.022499999999999742
2026-08-16 17:33:47.601,15.064,lower,0.023125000000000506,0.0024999999999997247
2026-08-16 17:33:47.611,15.074,lower,-0.09750000000000036,-0.05312499999999942
2026-08-16 17:33:47.621,15.084,lower,0.07624999999999993,0.0050000000000005596
2026-08-16 17:33:47.631,15.094,lower,-0.08812500000000001,-0.031249999999999334
2026-08-16 17:33:47.641,15.104,lower,0.03437499999999982,-0.022499999999999742
2026-08-16 17:33:47.651,15.114,lower,0.05750000000000033,0.0006249999999996536
2026-08-16 17:33:47.661,15.124,lower,-0.11874999999999969,-0.04562500000000025
2026-08-16 17:33:47.671,15.134,lower,0.078125,-0.001875000000000071
2026-08-16 17:33:47.681,15.144,lower,-0.11375000000000024,-0.03687499999999955
2026-08-16 17:33:47.691,15.154,lower,0.022499999999999742,-0.015625000000000222
2026-08-16 17:33:47.701,15.164,lower,0.06500000000000061,0.004374999999999796
2026-08-16 17:33:47.711,15.174,lower,-0.09375000000000022,-0.043124999999999414
2026-08-16 17:33:47.721,15.184,lower,0.07312500000000055,0.003750000000000142
2026-08-16 17:33:47.731,15.194,lower,-0.09000000000000008,-0.03687499999999955
2026-08-16 17:33:47.741,15.204,lower,0.03375000000000017,-0.017500000000000293
2026-08-16 17:33:47.751,15.214,lower,0.053750000000000187,0.0024999999999997247
2026-08-16 17:33:47.761,15.224,lower,-0.11687499999999962,-0.04187500000000011
2026-08-16 17:33:47.771,15.234,lower,0.06687500000000068,0.003750000000000142
2026-08-16 17:33:47.781,15.244,lower,-0.11812500000000004,-0.024374999999999813
2026-08-16 17:33:47.791,15.254,lower,0.025000000000000577,-0.013750000000000151
2026-08-16 17:33:47.801,15.264,lower,0.06624999999999992,0.0031250000000004885
2026-08-16 17:33:47.811,15.274,lower,-0.09437499999999988,-0.050000000000000044
2026-08-16 17:33:47.821,15.284,lower,0.07687499999999958,0.005625000000000213
2026-08-16 17:33:47.831,15.294,lower,-0.09624999999999995,-0.02874999999999961
2026-08-16 17:33:47.841,15.304,lower,0.03249999999999975,-0.015625000000000222
2026-08-16 17:33:47.851,15.314,lower,0.04937500000000039,0.0006249999999996536
2026-08-16 17:33:47.861,15.324,lower,-0.11312499999999948,-0.0462499999999999
2026-08-16 17:33:47.871,15.334,lower,0.07125000000000048,0.0012500000000004174
2026-08-16 17:33:47.881,15.344,lower,-0.1200000000000001,-0.028124999999999956
2026-08-16 17:33:47.891,15.354,lower,0.027500000000000302,-0.021249999999999325
2026-08-16 17:33:47.901,15.364,lower,0.06624999999999992,0.0006249999999996536
2026-08-16 17:33:47.911,15.374,lower,-0.08874999999999966,-0.04375000000000018
2026-08-16 17:33:47.921,15.384,lower,0.07750000000000035,-0.0012500000000004174
2026-08-16 17:33:47.931,15.394,lower,-0.09499999999999953,-0.0318750000000001
2026-08-16 17:33:47.941,15.404,lower,0.007500000000000284,-0.02062499999999967
2026-08-16 17:33:47.951,15.414,lower,0.04750000000000032,0.001875000000000071
2026-08-16 17:33:47.961,15.424,lower,-0.11312499999999948,-0.04437499999999983
2026-08-16 17:33:47.971,15.434,lower,0.07187500000000013,-0.0012500000000004174
2026-08-16 17:33:47.981,15.444,lower,-0.1200000000000001,-0.030000000000000027
2026-08-16 17:33:47.991,15.454,lower,0.025000000000000577,-0.016249999999999876
2026-08-16 17:33:48.001,15.464,lower,0.0637500000000002,0.001875000000000071
2026-08-16 17:33:48.011,15.474,lower,-0.12937499999999935,-0.046874999999999556
2026-08-16 17:33:48.021,15.484,lower,0.07500000000000062,0.0024999999999997247
2026-08-16 17:33:48.031,15.494,lower,-0.10312499999999947,-0.024374999999999813
2026-08-16 17:33:48.041,15.504,lower,0.010000000000000009,-0.017500000000000293
2026-08-16 17:33:48.051,15.514,lower,0.04062499999999969,0.0024999999999997247
2026-08-16 17:33:48.061,15.524,lower,-0.11187500000000017,-0.04562500000000025
2026-08-16 17:33:48.071,15.534,lower,0.07312500000000055,0.0024999999999997247
2026-08-16 17:33:48.081,15.544,lower,-0.12499999999999956,-0.027500000000000302
2026-08-16 17:33:48.091,15.554,lower,0.02687500000000065,-0.013124999999999387
2026-08-16 17:33:48.101,15.564,lower,0.06687500000000068,-0.0012500000000004174
2026-08-16 17:33:48.111,15.574,lower,-0.12249999999999983,-0.04562500000000025
2026-08-16 17:33:48.121,15.584,lower,0.07750000000000035,0.005625000000000213
2026-08-16 17:33:48.131,15.594,lower,-0.10249999999999981,-0.027500000000000302
2026-08-16 17:33:48.141,15.604,lower,0.0187499999999996,-0.02375000000000016
2026-08-16 17:33:48.151,15.614,lower,0.04187500000000011,0.001875000000000071
2026-08-16 17:33:48.161,15.624,lower,-0.10750000000000037,-0.044999999999999485
2026-08-16 17:33:48.171,15.634,lower,0.07500000000000062,0.006875000000000631
2026-08-16 17:33:48.181,15.644,lower,-0.07874999999999965,-0.029375000000000373
2026-08-16 17:33:48.191,15.654,lower,0.03062499999999968,-0.02062499999999967
2026-08-16 17:33:48.201,15.664,lower,0.06500000000000061,0.004374999999999796
2026-08-16 17:33:48.211,15.674,lower,-0.12062499999999976,-0.044999999999999485
2026-08-16 17:33:48.221,15.684,lower,0.07874999999999965,0.0031250000000004885
2026-08-16 17:33:48.231,15.694,lower,-0.10312499999999947,-0.03062499999999968
2026-08-16 17:33:48.241,15.704,lower,0.02062499999999967,-0.020000000000000018
2026-08-16 17:33:48.251,15.714,lower,0.06750000000000034,0.0050000000000005596
2026-08-16 17:33:48.261,15.724,lower,-0.1056250000000003,-0.04750000000000032
2026-08-16 17:33:48.271,15.734,lower,0.07687499999999958,0.0012500000000004174
2026-08-16 17:33:48.281,15.744,lower,-0.07874999999999965,-0.03375000000000017
2026-08-16 17:33:48.291,15.754,lower,0.0318750000000001,-0.018124999999999947
2026-08-16 17:33:48.301,15.764,lower,0.06000000000000005,0.0012500000000004174
2026-08-16 17:33:48.311,15.774,lower,-0.12062499999999976,-0.04562500000000025
2026-08-16 17:33:48.321,15.784,lower,0.078125,0.0050000000000005596
2026-08-16 17:33:48.331,15.794,lower,-0.10812500000000003,-0.024999999999999467
2026-08-16 17:33:48.341,15.804,lower,0.02062499999999967,-0.020000000000000018
2026-08-16 17:33:48.351,15.814,lower,0.07062499999999972,0.0031250000000004885
2026-08-16 17:33:48.361,15.824,lower,-0.1012499999999994,-0.04812499999999997
2026-08-16 17:33:48.371,15.834,lower,0.08000000000000007,0.0031250000000004885
2026-08-16 17:33:48.381,15.844,lower,-0.08124999999999938,-0.021249999999999325
2026-08-16 17:33:48.391,15.854,lower,0.03624999999999989,-0.011249999999999316
2026-08-16 17:33:48.401,15.864,lower,0.06437499999999985,0.004374999999999796
2026-08-16 17:33:48.411,15.874,lower,-0.11937499999999934,-0.05124999999999935
2026-08-16 17:33:48.421,15.884,lower,0.06812499999999999,0.008749999999999591
2026-08-16 17:33:48.431,15.894,lower,-0.10624999999999996,-0.026249999999999885
2026-08-16 17:33:48.441,15.904,lower,0.0187499999999996,-0.020000000000000018
2026-08-16 17:33:48.451,15.914,lower,0.07125000000000048,0.0050000000000005596
2026-08-16 17:33:48.461,15.924,lower,-0.09499999999999953,-0.04874999999999963
2026-08-16 17:33:48.471,15.934,lower,0.07437499999999986,0.0031250000000004885
2026-08-16 17:33:48.481,15.944,lower,-0.08312499999999945,-0.03062499999999968
2026-08-16 17:33:48.491,15.954,lower,0.004374999999999796,-0.019375000000000364
2026-08-16 17:33:48.501,15.964,lower,0.06125000000000047,0.006249999999999867
2026-08-16 17:33:48.511,15.974,lower,-0.11687499999999962,-0.04562500000000025
2026-08-16 17:33:48.521,15.984,lower,0.07187500000000013,0.0
2026-08-16 17:33:48.531,15.994,lower,-0.11375000000000024,-0.0318750000000001
2026-08-16 17:33:48.541,16.004,lower,0.02375000000000016,-0.018124999999999947
2026-08-16 17:33:48.551,16.014,lower,0.07125000000000048,0.003750000000000142
2026-08-16 17:33:48.561,16.024,lower,-0.09437499999999988,-0.04812499999999997
2026-08-16 17:33:48.571,16.034,lower,0.07562500000000028,0.0031250000000004885
2026-08-16 17:33:48.581,16.044,lower,-0.08499999999999952,-0.02187500000000009
2026-08-16 17:33:48.591,16.054,lower,0.009375000000000355,-0.018124999999999947
2026-08-16 17:33:48.601,16.064,lower,0.058749999999999636,0.0012500000000004174
2026-08-16 17:33:48.611,16.074,lower,-0.11624999999999996,-0.05249999999999977
2026-08-16 17:33:48.621,16.084,lower,0.07437499999999986,0.0050000000000005596
2026-08-16 17:33:48.631,16.094,lower,-0.11687499999999962,-0.022499999999999742
2026-08-16 17:33:48.641,16.104,lower,0.025000000000000577,-0.015625000000000222
2026-08-16 17:33:48.651,16.114,lower,0.07312500000000055,0.0031250000000004885
2026-08-16 17:33:48.661,16.124,lower,-0.13000000000000012,-0.04750000000000032
2026-08-16 17:33:48.671,16.134,lower,0.07624999999999993,0.0031250000000004885
2026-08-16 17:33:48.681,16.144,lower,-0.09062499999999973,-0.022499999999999742
2026-08-16 17:33:48.691,16.154,lower,0.008124999999999938,-0.026874999999999538
2026-08-16 17:33:48.701,16.164,lower,0.05562500000000026,0.004374999999999796
2026-08-16 17:33:48.711,16.174,lower,-0.11687499999999962,-0.04937500000000039
2026-08-16 17:33:48.721,16.184,lower,0.07312500000000055,0.0006249999999996536
2026-08-16 17:33:48.731,16.194,lower,-0.1143749999999999,-0.024374999999999813
2026-08-16 17:33:48.741,16.204,lower,0.024374999999999813,-0.023124999999999396
2026-08-16 17:33:48.751,16.214,lower,0.07187500000000013,0.004374999999999796
2026-08-16 17:33:48.761,16.224,lower,-0.13000000000000012,-0.046874999999999556
2026-08-16 17:33:48.771,16.234,lower,0.07750000000000035,-0.0012500000000004174
2026-08-16 17:33:48.781,16.244,lower,-0.09000000000000008,-0.03062499999999968
2026-08-16 17:33:48.791,16.254,lower,0.01187500000000008,-0.021249999999999325
2026-08-16 17:33:48.801,16.264,lower,0.05312500000000053,0.0024999999999997247
2026-08-16 17:33:48.811,16.274,lower,-0.11375000000000024,-0.04937500000000039
2026-08-16 17:33:48.821,16.284,lower,0.07500000000000062,0.0024999999999997247
2026-08-16 17:33:48.831,16.294,lower,-0.06437499999999985,-0.02187500000000009
2026-08-16 17:33:48.841,16.304,lower,0.02874999999999961,-0.020000000000000018
2026-08-16 17:33:48.851,16.314,lower,0.07125000000000048,0.004374999999999796
2026-08-16 17:33:48.861,16.324,lower,-0.12562500000000032,-0.04437499999999983
2026-08-16 17:33:48.871,16.334,lower,0.08125000000000049,0.004374999999999796
2026-08-16 17:33:48.881,16.344,lower,-0.0956250000000003,-0.02062499999999967
2026-08-16 17:33:48.891,16.354,lower,0.015000000000000568,-0.017500000000000293
2026-08-16 17:33:48.901,16.364,lower,0.07249999999999979,0.0031250000000004885
2026-08-16 17:33:48.911,16.374,lower,-0.10750000000000037,-0.04874999999999963
2026-08-16 17:33:48.921,16.384,lower,0.078125,0.0050000000000005596
2026-08-16 17:33:48.931,16.394,lower,-0.06937500000000041,-0.022499999999999742
2026-08-16 17:33:48.941,16.404,lower,0.030000000000000027,-0.02562500000000023
2026-08-16 17:33:48.951,16.414,lower,0.07062499999999972,0.005625000000000213
2026-08-16 17:33:48.961,16.424,lower,-0.12624999999999997,-0.04874999999999963
2026-08-16 17:33:48.971,16.434,lower,0.08125000000000049,0.0024999999999997247
2026-08-16 17:33:48.981,16.444,lower,-0.09499999999999953,-0.02562500000000023
2026-08-16 17:33:48.991,16.454,lower,0.014374999999999805,-0.03062499999999968
2026-08-16 17:33:49.001,16.464,lower,0.07312500000000055,-0.0006249999999996536
2026-08-16 17:33:49.011,16.474,lower,-0.10874999999999968,-0.0506249999999997
2026-08-16 17:33:49.021,16.484,lower,0.0737500000000002,-0.001875000000000071
2026-08-16 17:33:49.031,16.494,lower,-0.07437499999999986,-0.030000000000000027
2026-08-16 17:33:49.041,16.504,lower,0.028124999999999956,-0.024999999999999467
2026-08-16 17:33:49.051,16.514,lower,0.06249999999999978,0.006249999999999867
2026-08-16 17:33:49.061,16.524,lower,-0.1243749999999999,-0.0462499999999999
2026-08-16 17:33:49.071,16.534,lower,0.06562500000000027,-0.0012500000000004174
2026-08-16 17:33:49.081,16.544,lower,-0.10249999999999981,-0.034999999999999476
2026-08-16 17:33:49.091,16.554,lower,0.01687500000000064,-0.02187500000000009
2026-08-16 17:33:49.101,16.564,lower,0.07500000000000062,-0.0006249999999996536
2026-08-16 17:33:49.111,16.574,lower,-0.10375000000000023,-0.044999999999999485
2026-08-16 17:33:49.121,16.584,lower,0.07750000000000035,0.003750000000000142
2026-08-16 17:33:49.131,16.594,lower,-0.07750000000000035,-0.02187500000000009
2026-08-16 17:33:49.141,16.604,lower,-0.0006249999999996536,-0.0187499999999996
2026-08-16 17:33:49.151,16.614,lower,0.0637500000000002,0.006875000000000631
2026-08-16 17:33:49.161,16.624,lower,-0.1200000000000001,-0.04937500000000039
2026-08-16 17:33:49.171,16.634,lower,0.07249999999999979,0.004374999999999796
2026-08-16 17:33:49.181,16.644,lower,-0.10375000000000023,-0.0187499999999996
2026-08-16 17:33:49.191,16.654,lower,0.019375000000000364,-0.013750000000000151
2026-08-16 17:33:49.201,16.664,lower,0.07562500000000028,0.005625000000000213
2026-08-16 17:33:49.211,16.674,lower,-0.10375000000000023,-0.04812499999999997
2026-08-16 17:33:49.221,16.684,lower,0.07562500000000028,0.004374999999999796
2026-08-16 17:33:49.231,16.694,lower,-0.078125,-0.026249999999999885
2026-08-16 17:33:49.241,16.704,lower,0.0024999999999997247,-0.026249999999999885
2026-08-16 17:33:49.251,16.714,lower,0.06312500000000054,0.004374999999999796
2026-08-16 17:33:49.261,16.724,lower,-0.12124999999999941,-0.04874999999999963
2026-08-16 17:33:49.271,16.734,lower,0.07437499999999986,-0.004374999999999796
2026-08-16 17:33:49.281,16.744,lower,-0.10812500000000003,-0.02375000000000016
2026-08-16 17:33:49.291,16.754,lower,0.016249999999999876,-0.024374999999999813
2026-08-16 17:33:49.301,16.764,lower,0.07500000000000062,0.0024999999999997247
2026-08-16 17:33:49.311,16.774,lower,-0.1343749999999999,-0.04437499999999983
2026-08-16 17:33:49.321,16.784,lower,0.07624999999999993,-0.003750000000000142
2026-08-16 17:33:49.331,16.794,lower,-0.08124999999999938,-0.027500000000000302
2026-08-16 17:33:49.341,16.804,lower,0.003750000000000142,-0.024999999999999467
2026-08-16 17:33:49.351,16.814,lower,0.061875000000000124,0.0050000000000005596
2026-08-16 17:33:49.361,16.824,lower,-0.11874999999999969,-0.04750000000000032
2026-08-16 17:33:49.371,16.834,lower,0.07187500000000013,0.001875000000000071
2026-08-16 17:33:49.381,16.844,lower,-0.05624999999999991,-0.014999999999999458
2026-08-16 17:33:49.391,16.854,lower,0.02187500000000009,-0.024374999999999813
2026-08-16 17:33:49.401,16.864,lower,0.0737500000000002,0.001875000000000071
2026-08-16 17:33:49.411,16.874,lower,-0.1331249999999995,-0.04375000000000018
2026-08-16 17:33:49.421,16.884,lower,0.078125,0.0050000000000005596
2026-08-16 17:33:49.431,16.894,lower,-0.08062499999999972,-0.021249999999999325
2026-08-16 17:33:49.441,16.904,lower,0.0012500000000004174,-0.018124999999999947
2026-08-16 17:33:49.451,16.914,lower,0.06000000000000005,0.004374999999999796
2026-08-16 17:33:49.461,16.924,lower,-0.11874999999999969,-0.046874999999999556
2026-08-16 17:33:49.471,16.934,lower,0.06874999999999964,0.003750000000000142
2026-08-16 17:33:49.481,16.944,lower,-0.05750000000000033,-0.021249999999999325
2026-08-16 17:33:49.491,16.954,lower,0.02187500000000009,-0.02874999999999961
2026-08-16 17:33:49.501,16.964,lower,0.06937500000000041,0.003750000000000142
2026-08-16 17:33:49.511,16.974,lower,-0.1331249999999995,-0.04375000000000018
2026-08-16 17:33:49.521,16.984,lower,0.07312500000000055,0.006249999999999867
2026-08-16 17:33:49.531,16.994,lower,-0.08499999999999952,-0.024999999999999467
2026-08-16 17:33:49.541,17.004,lower,0.007500000000000284,-0.026874999999999538
2026-08-16 17:33:49.551,17.014,lower,0.07562500000000028,0.004374999999999796
2026-08-16 17:33:49.561,17.024,lower,-0.11874999999999969,-0.044999999999999485
2026-08-16 17:33:49.571,17.034,lower,0.06812499999999999,-0.0006249999999996536
2026-08-16 17:33:49.581,17.044,lower,-0.06124999999999936,-0.026249999999999885
2026-08-16 17:33:49.591,17.054,lower,0.02375000000000016,-0.026874999999999538
2026-08-16 17:33:49.601,17.064,lower,0.06687500000000068,0.0031250000000004885
2026-08-16 17:33:49.611,17.074,lower,-0.13375000000000026,-0.04937500000000039
2026-08-16 17:33:49.621,17.084,lower,0.06312500000000054,0.0006249999999996536
2026-08-16 17:33:49.631,17.094,lower,-0.09124999999999939,-0.026249999999999885
2026-08-16 17:33:49.641,17.104,lower,0.007500000000000284,-0.0187499999999996
2026-08-16 17:33:49.651,17.114,lower,0.07312500000000055,0.0024999999999997247
2026-08-16 17:33:49.661,17.124,lower,-0.12062499999999976,-0.046874999999999556
2026-08-16 17:33:49.671,17.134,lower,0.07187500000000013,0.0024999999999997247
2026-08-16 17:33:49.681,17.144,lower,-0.06000000000000005,-0.019375000000000364
2026-08-16 17:33:49.691,17.154,lower,0.023125000000000506,-0.02062499999999967
2026-08-16 17:33:49.701,17.164,lower,0.06750000000000034,0.006875000000000631
2026-08-16 17:33:49.711,17.174,lower,-0.13062499999999977,-0.04750000000000032
2026-08-16 17:33:49.721,17.184,lower,0.06624999999999992,0.0006249999999996536
2026-08-16 17:33:49.731,17.194,lower,-0.0956250000000003,-0.018124999999999947
2026-08-16 17:33:49.741,17.204,lower,0.010624999999999662,-0.018124999999999947
2026-08-16 17:33:49.751,17.214,lower,0.07687499999999958,0.004374999999999796
2026-08-16 17:33:49.761,17.224,lower,-0.11937499999999934,-0.0462499999999999
2026-08-16 17:33:49.771,17.234,lower,0.07187500000000013,0.006875000000000631
2026-08-16 17:33:49.781,17.244,lower,-0.0649999999999995,-0.02562500000000023
2026-08-16 17:33:49.791,17.254,lower,-0.008749999999999591,-0.02874999999999961
2026-08-16 17:33:49.801,17.264,lower,0.06750000000000034,0.006249999999999867
2026-08-16 17:33:49.811,17.274,lower,-0.13000000000000012,-0.051875000000000115
2026-08-16 17:33:49.821,17.284,lower,0.06249999999999978,-0.001875000000000071
2026-08-16 17:33:49.831,17.294,lower,-0.09874999999999967,-0.024374999999999813
2026-08-16 17:33:49.841,17.304,lower,0.008124999999999938,-0.02874999999999961
2026-08-16 17:33:49.851,17.314,lower,0.07437499999999986,0.005625000000000213
2026-08-16 17:33:49.861,17.324,lower,-0.14375000000000027,-0.0462499999999999
2026-08-16 17:33:49.871,17.334,lower,0.0737500000000002,0.0
2026-08-16 17:33:49.881,17.344,lower,-0.06937500000000041,-0.026249999999999885
2026-08-16 17:33:49.891,17.354,lower,-0.008749999999999591,-0.024999999999999467
2026-08-16 17:33:49.901,17.364,lower,0.06500000000000061,0.007500000000000284
2026-08-16 17:33:49.911,17.374,lower,-0.1287499999999997,-0.04437499999999983
2026-08-16 17:33:49.921,17.384,lower,0.06500000000000061,0.0012500000000004174
2026-08-16 17:33:49.931,17.394,lower,-0.09750000000000036,-0.012499999999999734
2026-08-16 17:33:49.941,17.404,lower,0.01187500000000008,-0.019375000000000364
2026-08-16 17:33:49.951,17.414,lower,0.0737500000000002,0.004374999999999796
2026-08-16 17:33:49.961,17.424,lower,-0.14124999999999943,-0.050000000000000044
2026-08-16 17:33:49.971,17.434,lower,0.07312500000000055,0.0050000000000005596
2026-08-16 17:33:49.981,17.444,lower,-0.07312499999999944,-0.014999999999999458
2026-08-16 17:33:49.991,17.454,lower,-0.008749999999999591,-0.0187499999999996
2026-08-16 17:33:50.001,17.464,lower,0.06500000000000061,0.006875000000000631
2026-08-16 17:33:50.011,17.474,lower,-0.1331249999999995,-0.04812499999999997
2026-08-16 17:33:50.021,17.484,lower,0.06312500000000054,0.001875000000000071
2026-08-16 17:33:50.031,17.494,lower,-0.044999999999999485,-0.01687499999999953
2026-08-16 17:33:50.041,17.504,lower,0.012499999999999734,-0.03249999999999975
2026-08-16 17:33:50.051,17.514,lower,0.06937500000000041,-0.001875000000000071
2026-08-16 17:33:50.061,17.524,lower,-0.13937499999999936,-0.04812499999999997
2026-08-16 17:33:50.071,17.534,lower,0.07624999999999993,-0.004374999999999796
2026-08-16 17:33:50.081,17.544,lower,-0.07937500000000042,-0.02187500000000009
2026-08-16 17:33:50.091,17.554,lower,-0.004999999999999449,-0.026249999999999885
2026-08-16 17:33:50.101,17.564,lower,0.07312500000000055,0.0031250000000004885
2026-08-16 17:33:50.111,17.574,lower,-0.12624999999999997,-0.046874999999999556
2026-08-16 17:33:50.121,17.584,lower,0.06437499999999985,-0.004999999999999449
2026-08-16 17:33:50.131,17.594,lower,-0.0462499999999999,-0.022499999999999742
2026-08-16 17:33:50.141,17.604,lower,0.015000000000000568,-0.024374999999999813
2026-08-16 17:33:50.151,17.614,lower,0.07187500000000013,0.006875000000000631
2026-08-16 17:33:50.161,17.624,lower,-0.13562500000000033,-0.043124999999999414
2026-08-16 17:33:50.171,17.634,lower,0.07187500000000013,0.001875000000000071
2026-08-16 17:33:50.181,17.644,lower,-0.08312499999999945,-0.013124999999999387
2026-08-16 17:33:50.191,17.654,lower,-0.0031249999999993783,-0.02187500000000009
2026-08-16 17:33:50.201,17.664,lower,0.07687499999999958,0.009375000000000355
2026-08-16 17:33:50.211,17.674,lower,-0.1275000000000004,-0.044999999999999485
2026-08-16 17:33:50.221,17.684,lower,0.06624999999999992,-0.0024999999999997247
2026-08-16 17:33:50.231,17.694,lower,-0.05124999999999935,-0.016249999999999876
2026-08-16 17:33:50.241,17.704,lower,0.015000000000000568,-0.02062499999999967
2026-08-16 17:33:50.251,17.714,lower,0.07187500000000013,0.003750000000000142
2026-08-16 17:33:50.261,17.724,lower,-0.13499999999999956,-0.044999999999999485
2026-08-16 17:33:50.271,17.734,lower,0.05562500000000026,0.0050000000000005596
2026-08-16 17:33:50.281,17.744,lower,-0.08124999999999938,-0.018124999999999947
2026-08-16 17:33:50.291,17.754,lower,-0.003750000000000142,-0.03249999999999975
2026-08-16 17:33:50.301,17.764,lower,0.07624999999999993,0.006875000000000631
2026-08-16 17:33:50.311,17.774,lower,-0.12812500000000004,-0.0462499999999999
2026-08-16 17:33:50.321,17.784,lower,0.06874999999999964,0.0006249999999996536
2026-08-16 17:33:50.331,17.794,lower,-0.050000000000000044,-0.020000000000000018
2026-08-16 17:33:50.341,17.804,lower,-0.029375000000000373,-0.03249999999999975
2026-08-16 17:33:50.351,17.814,lower,0.07312500000000055,0.0031250000000004885
2026-08-16 17:33:50.361,17.824,lower,-0.13375000000000026,-0.044999999999999485
2026-08-16 17:33:50.371,17.834,lower,0.06062499999999971,-0.0006249999999996536
2026-08-16 17:33:50.381,17.844,lower,-0.08499999999999952,-0.019375000000000364
2026-08-16 17:33:50.391,17.854,lower,0.004374999999999796,-0.024999999999999467
2026-08-16 17:33:50.401,17.864,lower,0.07624999999999993,0.008124999999999938
2026-08-16 17:33:50.411,17.874,lower,-0.1200000000000001,-0.044999999999999485
2026-08-16 17:33:50.421,17.884,lower,0.07062499999999972,-0.0006249999999996536
2026-08-16 17:33:50.431,17.894,lower,-0.05624999999999991,-0.0187499999999996
2026-08-16 17:33:50.441,17.904,lower,-0.024374999999999813,-0.02562500000000023
2026-08-16 17:33:50.451,17.914,lower,0.07312500000000055,0.004374999999999796
2026-08-16 17:33:50.461,17.924,lower,-0.13562500000000033,-0.04562500000000025
2026-08-16 17:33:50.471,17.934,lower,0.06312500000000054,0.0006249999999996536
2026-08-16 17:33:50.481,17.944,lower,-0.08812500000000001,-0.011249999999999316
2026-08-16 17:33:50.491,17.954,lower,0.0050000000000005596,-0.022499999999999742
2026-08-16 17:33:50.501,17.964,lower,0.07562500000000028,0.0050000000000005596
2026-08-16 17:33:50.511,17.974,lower,-0.14124999999999943,-0.04437499999999983
2026-08-16 17:33:50.521,17.984,lower,0.07249999999999979,0.0012500000000004174
2026-08-16 17:33:50.531,17.994,lower,-0.0593750000000004,-0.012499999999999734
2026-08-16 17:33:50.541,18.004,lower,-0.012499999999999734,-0.0187499999999996
2026-08-16 17:33:50.551,18.014,lower,0.07312500000000055,0.006249999999999867
2026-08-16 17:33:50.561,18.024,lower,-0.13562500000000033,-0.046874999999999556
2026-08-16 17:33:50.571,18.034,lower,0.061875000000000124,0.0050000000000005596
2026-08-16 17:33:50.581,18.044,lower,-0.03437499999999982,-0.0187499999999996
2026-08-16 17:33:50.591,18.054,lower,0.0012500000000004174,-0.03375000000000017
2026-08-16 17:33:50.601,18.064,lower,0.07562500000000028,0.004374999999999796
2026-08-16 17:33:50.611,18.074,lower,-0.14375000000000027,-0.04750000000000032
2026-08-16 17:33:50.621,18.084,lower,0.07062499999999972,-0.001875000000000071
2026-08-16 17:33:50.631,18.094,lower,-0.06312499999999943,-0.017500000000000293
2026-08-16 17:33:50.641,18.104,lower,-0.01187500000000008,-0.033124999999999405
2026-08-16 17:33:50.651,18.114,lower,0.07062499999999972,0.005625000000000213
2026-08-16 17:33:50.661,18.124,lower,-0.13562500000000033,-0.04249999999999976
2026-08-16 17:33:50.671,18.134,lower,0.0637500000000002,-0.0031249999999993783
2026-08-16 17:33:50.681,18.144,lower,-0.030000000000000027,-0.02062499999999967
2026-08-16 17:33:50.691,18.154,lower,0.004374999999999796,-0.028124999999999956
2026-08-16 17:33:50.701,18.164,lower,0.07624999999999993,0.003750000000000142
2026-08-16 17:33:50.711,18.174,lower,-0.13812500000000005,-0.04812499999999997
2026-08-16 17:33:50.721,18.184,lower,0.07125000000000048,-0.001875000000000071
2026-08-16 17:33:50.731,18.194,lower,-0.0637500000000002,-0.010624999999999662
2026-08-16 17:33:50.741,18.204,lower,-0.005625000000000213,-0.026874999999999538
2026-08-16 17:33:50.751,18.214,lower,0.07624999999999993,0.006875000000000631
2026-08-16 17:33:50.761,18.224,lower,-0.1331249999999995,-0.04562500000000025
2026-08-16 17:33:50.771,18.234,lower,0.06937500000000041,0.0031250000000004885
2026-08-16 17:33:50.781,18.244,lower,-0.03437499999999982,-0.01187500000000008
2026-08-16 17:33:50.791,18.254,lower,0.011250000000000426,-0.02062499999999967
2026-08-16 17:33:50.801,18.264,lower,0.07500000000000062,0.0050000000000005596
2026-08-16 17:33:50.811,18.274,lower,-0.13812500000000005,-0.04437499999999983
2026-08-16 17:33:50.821,18.284,lower,0.07500000000000062,-0.0024999999999997247
2026-08-16 17:33:50.831,18.294,lower,-0.06687499999999957,-0.017500000000000293
2026-08-16 17:33:50.841,18.304,lower,-0.007500000000000284,-0.03687499999999955
2026-08-16 17:33:50.851,18.314,lower,0.07750000000000035,0.005625000000000213
2026-08-16 17:33:50.861,18.324,lower,-0.13000000000000012,-0.044999999999999485
2026-08-16 17:33:50.871,18.334,lower,0.0637500000000002,0.0050000000000005596
2026-08-16 17:33:50.881,18.344,lower,-0.040000000000000036,-0.01687499999999953
2026-08-16 17:33:50.891,18.354,lower,0.014374999999999805,-0.033124999999999405
2026-08-16 17:33:50.901,18.364,lower,0.07624999999999993,0.004374999999999796
2026-08-16 17:33:50.911,18.374,lower,-0.13687499999999964,-0.044999999999999485
2026-08-16 17:33:50.921,18.384,lower,0.058749999999999636,-0.0024999999999997247
2026-08-16 17:33:50.931,18.394,lower,-0.07249999999999979,-0.022499999999999742
2026-08-16 17:33:50.941,18.404,lower,-0.001875000000000071,-0.029375000000000373
2026-08-16 17:33:50.951,18.414,lower,0.08062499999999972,0.009375000000000355
2026-08-16 17:33:50.961,18.424,lower,-0.12312499999999948,-0.046874999999999556
2026-08-16 17:33:50.971,18.434,lower,0.07062499999999972,-0.001875000000000071
2026-08-16 17:33:50.981,18.444,lower,-0.04375000000000018,-0.02062499999999967
2026-08-16 17:33:50.991,18.454,lower,-0.03062499999999968,-0.030000000000000027
2026-08-16 17:33:51.001,18.464,lower,0.07624999999999993,0.0050000000000005596
2026-08-16 17:33:51.011,18.474,lower,-0.13499999999999956,-0.044999999999999485
2026-08-16 17:33:51.021,18.484,lower,0.06125000000000047,-0.0031249999999993783
2026-08-16 17:33:51.031,18.494,lower,-0.07499999999999951,-0.012499999999999734
2026-08-16 17:33:51.041,18.504,lower,-0.003750000000000142,-0.024374999999999813
2026-08-16 17:33:51.051,18.514,lower,0.07750000000000035,0.005625000000000213
2026-08-16 17:33:51.061,18.524,lower,-0.14437499999999992,-0.0462499999999999
2026-08-16 17:33:51.071,18.534,lower,0.06750000000000034,-0.0031249999999993783
2026-08-16 17:33:51.081,18.544,lower,-0.044999999999999485,-0.01187500000000008
2026-08-16 17:33:51.091,18.554,lower,-0.024999999999999467,-0.04124999999999934
2026-08-16 17:33:51.101,18.564,lower,0.07249999999999979,0.006875000000000631
2026-08-16 17:33:51.111,18.574,lower,-0.13562500000000033,-0.050000000000000044
2026-08-16 17:33:51.121,18.584,lower,0.06500000000000061,0.004374999999999796
2026-08-16 17:33:51.131,18.594,lower,-0.078125,-0.014999999999999458
2026-08-16 17:33:51.141,18.604,lower,-0.0012500000000004174,-0.033124999999999405
2026-08-16 17:33:51.151,18.614,lower,0.08062499999999972,0.005625000000000213
2026-08-16 17:33:51.161,18.624,lower,-0.1387499999999997,-0.046874999999999556
2026-08-16 17:33:51.171,18.634,lower,0.06937500000000041,-0.0031249999999993783
2026-08-16 17:33:51.181,18.644,lower,-0.04562500000000025,-0.01687499999999953
2026-08-16 17:33:51.191,18.654,lower,-0.020000000000000018,-0.03249999999999975
2026-08-16 17:33:51.201,18.664,lower,0.07187500000000013,0.006249999999999867
2026-08-16 17:33:51.211,18.674,lower,-0.1318750000000002,-0.043124999999999414
2026-08-16 17:33:51.221,18.684,lower,0.0637500000000002,-0.003750000000000142
2026-08-16 17:33:51.231,18.694,lower,-0.021249999999999325,-0.020000000000000018
2026-08-16 17:33:51.241,18.704,lower,0.007500000000000284,-0.02874999999999961
2026-08-16 17:33:51.251,18.714,lower,0.07687499999999958,0.006249999999999867
2026-08-16 17:33:51.261,18.724,lower,-0.14437499999999992,-0.046874999999999556
2026-08-16 17:33:51.271,18.734,lower,0.07312500000000055,-0.004999999999999449
2026-08-16 17:33:51.281,18.744,lower,-0.04937500000000039,-0.008749999999999591
2026-08-16 17:33:51.291,18.754,lower,-0.01687499999999953,-0.029375000000000373
2026-08-16 17:33:51.301,18.764,lower,0.07750000000000035,0.004374999999999796
2026-08-16 17:33:51.311,18.774,lower,-0.13249999999999984,-0.04874999999999963
2026-08-16 17:33:51.321,18.784,lower,0.06312500000000054,0.0
2026-08-16 17:33:51.331,18.794,lower,-0.02562500000000023,-0.014999999999999458
2026-08-16 17:33:51.341,18.804,lower,0.0031250000000004885,-0.02562500000000023
2026-08-16 17:33:51.351,18.814,lower,0.07562500000000028,0.006249999999999867
2026-08-16 17:33:51.361,18.824,lower,-0.13937499999999936,-0.044999999999999485
2026-08-16 17:33:51.371,18.834,lower,0.07437499999999986,0.0006249999999996536
2026-08-16 17:33:51.381,18.844,lower,-0.05562500000000026,-0.014999999999999458
2026-08-16 17:33:51.391,18.854,lower,-0.014999999999999458,-0.03687499999999955
2026-08-16 17:33:51.401,18.864,lower,0.08062499999999972,0.0050000000000005596
2026-08-16 17:33:51.411,18.874,lower,-0.13249999999999984,-0.043124999999999414
2026-08-16 17:33:51.421,18.884,lower,0.06500000000000061,-0.008749999999999591
2026-08-16 17:33:51.431,18.894,lower,-0.024374999999999813,-0.018124999999999947
2026-08-16 17:33:51.441,18.904,lower,0.004374999999999796,-0.0318750000000001
2026-08-16 17:33:51.451,18.914,lower,0.07750000000000035,0.005625000000000213
2026-08-16 17:33:51.461,18.924,lower,-0.14000000000000012,-0.044999999999999485
2026-08-16 17:33:51.471,18.934,lower,0.055000000000000604,-0.005625000000000213
2026-08-16 17:33:51.481,18.944,lower,-0.06062499999999971,-0.01687499999999953
2026-08-16 17:33:51.491,18.954,lower,-0.014999999999999458,-0.03687499999999955
2026-08-16 17:33:51.501,18.964,lower,0.08187500000000014,0.007500000000000284
2026-08-16 17:33:51.511,18.974,lower,-0.13499999999999956,-0.05124999999999935
2026-08-16 17:33:51.521,18.984,lower,0.06500000000000061,-0.001875000000000071
2026-08-16 17:33:51.531,18.994,lower,-0.030000000000000027,-0.010000000000000009
2026-08-16 17:33:51.541,19.004,lower,0.007500000000000284,-0.027500000000000302
2026-08-16 17:33:51.551,19.014,lower,0.07312500000000055,0.0050000000000005596
2026-08-16 17:33:51.561,19.024,lower,-0.14375000000000027,-0.05124999999999935
2026-08-16 17:33:51.571,19.034,lower,0.05437499999999984,-0.004374999999999796
2026-08-16 17:33:51.581,19.044,lower,-0.06437499999999985,-0.014999999999999458
2026-08-16 17:33:51.591,19.054,lower,-0.012499999999999734,-0.026874999999999538
2026-08-16 17:33:51.601,19.064,lower,0.08000000000000007,0.0006249999999996536
2026-08-16 17:33:51.611,19.074,lower,-0.13562500000000033,-0.0462499999999999
2026-08-16 17:33:51.621,19.084,lower,0.06812499999999999,-0.0012500000000004174
2026-08-16 17:33:51.631,19.094,lower,-0.0318750000000001,-0.018124999999999947
2026-08-16 17:33:51.641,19.104,lower,-0.03562500000000024,-0.03687499999999955
2026-08-16 17:33:51.651,19.114,lower,0.07500000000000062,0.006875000000000631
2026-08-16 17:33:51.661,19.124,lower,-0.1387499999999997,-0.04249999999999976
2026-08-16 17:33:51.671,19.134,lower,0.05750000000000033,0.0012500000000004174
2026-08-16 17:33:51.681,19.144,lower,-0.06874999999999964,-0.012499999999999734
2026-08-16 17:33:51.691,19.154,lower,-0.007500000000000284,-0.03874999999999962
2026-08-16 17:33:51.701,19.164,lower,0.07937500000000042,0.007500000000000284
2026-08-16 17:33:51.711,19.174,lower,-0.14937499999999937,-0.0462499999999999
2026-08-16 17:33:51.721,19.184,lower,0.06312500000000054,-0.007500000000000284
2026-08-16 17:33:51.731,19.194,lower,-0.03937500000000038,-0.014999999999999458
2026-08-16 17:33:51.741,19.204,lower,-0.038124999999999964,-0.034999999999999476
2026-08-16 17:33:51.751,19.214,lower,0.07687499999999958,0.006875000000000631
2026-08-16 17:33:51.761,19.224,lower,-0.14062499999999978,-0.046874999999999556
2026-08-16 17:33:51.771,19.234,lower,0.055000000000000604,-0.004999999999999449
2026-08-16 17:33:51.781,19.244,lower,-0.07062499999999972,-0.01687499999999953
2026-08-16 17:33:51.791,19.254,lower,-0.008124999999999938,-0.029375000000000373
2026-08-16 17:33:51.801,19.264,lower,0.07312500000000055,0.0031250000000004885
2026-08-16 17:33:51.811,19.274,lower,-0.14625,-0.04750000000000032
2026-08-16 17:33:51.821,19.284,lower,0.06125000000000047,-0.005625000000000213
2026-08-16 17:33:51.831,19.294,lower,-0.04375000000000018,-0.010624999999999662
2026-08-16 17:33:51.841,19.304,lower,-0.03437499999999982,-0.03375000000000017
2026-08-16 17:33:51.851,19.314,lower,0.07062499999999972,0.0050000000000005596
2026-08-16 17:33:51.861,19.324,lower,-0.14437499999999992,-0.043124999999999414
2026-08-16 17:33:51.871,19.334,lower,0.05812499999999998,-0.0031249999999993783
2026-08-16 17:33:51.881,19.344,lower,-0.010624999999999662,-0.007500000000000284
2026-08-16 17:33:51.891,19.354,lower,-0.007500000000000284,-0.026874999999999538
2026-08-16 17:33:51.901,19.364,lower,0.07687499999999958,0.004374999999999796
2026-08-16 17:33:51.911,19.374,lower,-0.14687499999999964,-0.04437499999999983
2026-08-16 17:33:51.921,19.384,lower,0.06812499999999999,0.0012500000000004174
2026-08-16 17:33:51.931,19.394,lower,-0.046874999999999556,-0.013750000000000151
2026-08-16 17:33:51.941,19.404,lower,-0.02874999999999961,-0.03750000000000031
2026-08-16 17:33:51.951,19.414,lower,0.07687499999999958,0.003750000000000142
2026-08-16 17:33:51.961,19.424,lower,-0.14249999999999985,-0.04437499999999983
2026-08-16 17:33:51.971,19.434,lower,0.05750000000000033,-0.008749999999999591
2026-08-16 17:33:51.981,19.444,lower,-0.014999999999999458,-0.013124999999999387
2026-08-16 17:33:51.991,19.454,lower,-0.004999999999999449,-0.038124999999999964
2026-08-16 17:33:52.001,19.464,lower,0.07624999999999993,0.005625000000000213
2026-08-16 17:33:52.011,19.474,lower,-0.14874999999999972,-0.04750000000000032
2026-08-16 17:33:52.021,19.484,lower,0.06312500000000054,-0.007500000000000284
2026-08-16 17:33:52.031,19.494,lower,-0.051875000000000115,-0.01687499999999953
2026-08-16 17:33:52.041,19.504,lower,-0.026874999999999538,-0.0318750000000001
2026-08-16 17:33:52.051,19.514,lower,0.0737500000000002,0.006249999999999867
2026-08-16 17:33:52.061,19.524,lower,-0.1431249999999995,-0.04874999999999963
2026-08-16 17:33:52.071,19.534,lower,0.0593750000000004,-0.004374999999999796
2026-08-16 17:33:52.081,19.544,lower,-0.020000000000000018,-0.008749999999999591
2026-08-16 17:33:52.091,19.554,lower,-0.00687499999999952,-0.034999999999999476
2026-08-16 17:33:52.101,19.564,lower,0.07500000000000062,0.003750000000000142
2026-08-16 17:33:52.111,19.574,lower,-0.14499999999999957,-0.04812499999999997
2026-08-16 17:33:52.121,19.584,lower,0.04874999999999963,-0.0006249999999996536
2026-08-16 17:33:52.131,19.594,lower,-0.051875000000000115,-0.00687499999999952
2026-08-16 17:33:52.141,19.604,lower,-0.024999999999999467,-0.024999999999999467
2026-08-16 17:33:52.151,19.614,lower,0.07874999999999965,0.0024999999999997247
2026-08-16 17:33:52.161,19.624,lower,-0.13687499999999964,-0.043124999999999414
2026-08-16 17:33:52.171,19.634,lower,0.06312500000000054,0.0006249999999996536
2026-08-16 17:33:52.181,19.644,lower,-0.023124999999999396,-0.012499999999999734
2026-08-16 17:33:52.191,19.654,lower,-0.056874999999999565,-0.03687499999999955
2026-08-16 17:33:52.201,19.664,lower,0.07687499999999958,0.005625000000000213
2026-08-16 17:33:52.211,19.674,lower,-0.14687499999999964,-0.04437499999999983
2026-08-16 17:33:52.221,19.684,lower,0.04937500000000039,-0.0024999999999997247
2026-08-16 17:33:52.231,19.694,lower,-0.05562500000000026,-0.011249999999999316
2026-08-16 17:33:52.241,19.704,lower,-0.028124999999999956,-0.03750000000000031
2026-08-16 17:33:52.251,19.714,lower,0.07624999999999993,0.008749999999999591
2026-08-16 17:33:52.261,19.724,lower,-0.14062499999999978,-0.04874999999999963
2026-08-16 17:33:52.271,19.734,lower,0.05624999999999991,-0.005625000000000213
2026-08-16 17:33:52.281,19.744,lower,-0.028124999999999956,-0.015625000000000222
2026-08-16 17:33:52.291,19.754,lower,-0.051875000000000115,-0.03937500000000038
2026-08-16 17:33:52.301,19.764,lower,0.07187500000000013,0.006875000000000631
2026-08-16 17:33:52.311,19.774,lower,-0.1506249999999998,-0.04750000000000032
2026-08-16 17:33:52.321,19.784,lower,0.0462499999999999,-0.007500000000000284
2026-08-16 17:33:52.331,19.794,lower,-0.06312499999999943,-0.019375000000000364
2026-08-16 17:33:52.341,19.804,lower,-0.02187500000000009,-0.03249999999999975
2026-08-16 17:33:52.351,19.814,lower,0.07500000000000062,0.003750000000000142
2026-08-16 17:33:52.361,19.824,lower,-0.14937499999999937,-0.0462499999999999
2026-08-16 17:33:52.371,19.834,lower,0.061875000000000124,-0.001875000000000071
2026-08-16 17:33:52.381,19.844,lower,-0.029375000000000373,-0.009375000000000355
2026-08-16 17:33:52.391,19.854,lower,-0.04750000000000032,-0.03249999999999975
2026-08-16 17:33:52.401,19.864,lower,0.07249999999999979,0.006249999999999867
2026-08-16 17:33:52.411,19.874,lower,-0.14687499999999964,-0.0462499999999999
2026-08-16 17:33:52.421,19.884,lower,0.055000000000000604,-0.003750000000000142
2026-08-16 17:33:52.431,19.894,lower,-0.004999999999999449,-0.006249999999999867
2026-08-16 17:33:52.441,19.904,lower,-0.01687499999999953,-0.026874999999999538
2026-08-16 17:33:52.451,19.914,lower,0.07687499999999958,0.010000000000000009
2026-08-16 17:33:52.461,19.924,lower,-0.14687499999999964,-0.044999999999999485
2026-08-16 17:33:52.471,19.934,lower,0.061875000000000124,0.0
2026-08-16 17:33:52.481,19.944,lower,-0.033124999999999405,-0.01187500000000008
2026-08-16 17:33:52.491,19.954,lower,-0.04249999999999976,-0.03937500000000038
2026-08-16 17:33:52.501,19.964,lower,0.0737500000000002,0.0031250000000004885
2026-08-16 17:33:52.511,19.974,lower,-0.14812500000000006,-0.04249999999999976
2026-08-16 17:33:52.521,19.984,lower,0.056875000000000675,-0.007500000000000284
2026-08-16 17:33:52.531,19.994,lower,-0.00687499999999952,-0.013124999999999387
2026-08-16 17:33:52.541,20.004,lower,-0.016249999999999876,-0.038124999999999964
2026-08-16 17:33:52.551,20.014,lower,0.07874999999999965,0.0031250000000004885
2026-08-16 17:33:52.561,20.024,lower,-0.14812500000000006,-0.044999999999999485
2026-08-16 17:33:52.571,20.034,lower,0.06000000000000005,-0.007500000000000284
2026-08-16 17:33:52.581,20.044,lower,-0.03937500000000038,-0.017500000000000293
2026-08-16 17:33:52.591,20.054,lower,-0.04062499999999969,-0.034999999999999476
2026-08-16 17:33:52.601,20.064,lower,0.07562500000000028,0.006249999999999867
2026-08-16 17:33:52.611,20.074,lower,-0.14249999999999985,-0.04874999999999963
2026-08-16 17:33:52.621,20.084,lower,0.05812499999999998,-0.008124999999999938
2026-08-16 17:33:52.631,20.094,lower,-0.010000000000000009,-0.006249999999999867
2026-08-16 17:33:52.641,20.104,lower,-0.013750000000000151,-0.034999999999999476
2026-08-16 17:33:52.651,20.114,lower,0.07874999999999965,0.005625000000000213
2026-08-16 17:33:52.661,20.124,lower,-0.15249999999999986,-0.04750000000000032
2026-08-16 17:33:52.671,20.134,lower,0.043125000000000524,-0.0012500000000004174
2026-08-16 17:33:52.681,20.144,lower,-0.03562500000000024,-0.008124999999999938
2026-08-16 17:33:52.691,20.154,lower,-0.04124999999999934,-0.0318750000000001
2026-08-16 17:33:52.701,20.164,lower,0.07562500000000028,0.008124999999999938
2026-08-16 17:33:52.711,20.174,lower,-0.1431249999999995,-0.0462499999999999
2026-08-16 17:33:52.721,20.184,lower,0.055000000000000604,0.0
2026-08-16 17:33:52.731,20.194,lower,-0.012499999999999734,-0.011249999999999316
2026-08-16 17:33:52.741,20.204,lower,-0.010624999999999662,-0.04124999999999934
2026-08-16 17:33:52.751,20.214,lower,0.07437499999999986,0.007500000000000284
2026-08-16 17:33:52.761,20.224,lower,-0.14687499999999964,-0.043124999999999414
2026-08-16 17:33:52.771,20.234,lower,0.04937500000000039,-0.0024999999999997247
2026-08-16 17:33:52.781,20.244,lower,-0.04437499999999983,-0.008124999999999938
2026-08-16 17:33:52.791,20.254,lower,-0.03562500000000024,-0.038124999999999964
2026-08-16 17:33:52.801,20.264,lower,0.07624999999999993,0.003750000000000142
2026-08-16 17:33:52.811,20.274,lower,-0.1475000000000004,-0.044999999999999485
2026-08-16 17:33:52.821,20.284,lower,0.05437499999999984,-0.013124999999999387
2026-08-16 17:33:52.831,20.294,lower,-0.021249999999999325,-0.014999999999999458
2026-08-16 17:33:52.841,20.304,lower,-0.06624999999999992,-0.040000000000000036
2026-08-16 17:33:52.851,20.314,lower,0.07437499999999986,0.0024999999999997247
2026-08-16 17:33:52.861,20.324,lower,-0.14687499999999964,-0.04750000000000032
2026-08-16 17:33:52.871,20.334,lower,0.04874999999999963,-0.003750000000000142
2026-08-16 17:33:52.881,20.344,lower,-0.0506249999999997,-0.003750000000000142
2026-08-16 17:33:52.891,20.354,lower,-0.03249999999999975,-0.034999999999999476
2026-08-16 17:33:52.901,20.364,lower,0.07937500000000042,0.006875000000000631
2026-08-16 17:33:52.911,20.374,lower,-0.14437499999999992,-0.04812499999999997
2026-08-16 17:33:52.921,20.384,lower,0.05750000000000033,-0.006249999999999867
2026-08-16 17:33:52.931,20.394,lower,-0.019375000000000364,-0.008124999999999938
2026-08-16 17:33:52.941,20.404,lower,-0.05812499999999998,-0.030000000000000027
2026-08-16 17:33:52.951,20.414,lower,0.07937500000000042,0.005625000000000213
2026-08-16 17:33:52.961,20.424,lower,-0.14874999999999972,-0.04062499999999969
2026-08-16 17:33:52.971,20.434,lower,0.050000000000000044,-0.0006249999999996536
2026-08-16 17:33:52.981,20.444,lower,-0.04874999999999963,-0.011249999999999316
2026-08-16 17:33:52.991,20.454,lower,-0.029375000000000373,-0.04062499999999969
2026-08-16 17:33:53.001,20.464,lower,0.08187500000000014,0.0050000000000005596
2026-08-16 17:33:53.011,20.474,lower,-0.14687499999999964,-0.044999999999999485
2026-08-16 17:33:53.021,20.484,lower,0.0637500000000002,-0.003750000000000142
2026-08-16 17:33:53.031,20.494,lower,-0.018124999999999947,-0.012499999999999734
2026-08-16 17:33:53.041,20.504,lower,-0.056874999999999565,-0.04375000000000018
2026-08-16 17:33:53.051,20.514,lower,0.078125,0.006875000000000631
2026-08-16 17:33:53.061,20.524,lower,-0.14562500000000034,-0.04437499999999983
2026-08-16 17:33:53.071,20.534,lower,0.053750000000000187,-0.010624999999999662
2026-08-16 17:33:53.081,20.544,lower,0.005625000000000213,-0.013750000000000151
2026-08-16 17:33:53.091,20.554,lower,-0.022499999999999742,-0.04187500000000011
2026-08-16 17:33:53.101,20.564,lower,0.08000000000000007,0.0031250000000004885
2026-08-16 17:33:53.111,20.574,lower,-0.14499999999999957,-0.04437499999999983
2026-08-16 17:33:53.121,20.584,lower,0.06312500000000054,-0.008124999999999938
2026-08-16 17:33:53.131,20.594,lower,-0.02062499999999967,-0.015625000000000222
2026-08-16 17:33:53.141,20.604,lower,-0.051875000000000115,-0.03562500000000024
2026-08-16 17:33:53.151,20.614,lower,0.08000000000000007,0.0050000000000005596
2026-08-16 17:33:53.161,20.624,lower,-0.14687499999999964,-0.043124999999999414
2026-08-16 17:33:53.171,20.634,lower,0.05437499999999984,-0.004374999999999796
2026-08-16 17:33:53.181,20.644,lower,0.005625000000000213,-0.010000000000000009
2026-08-16 17:33:53.191,20.654,lower,-0.022499999999999742,-0.03562500000000024
2026-08-16 17:33:53.201,20.664,lower,0.078125,0.006249999999999867
2026-08-16 17:33:53.211,20.674,lower,-0.14499999999999957,-0.04062499999999969
2026-08-16 17:33:53.221,20.684,lower,0.06500000000000061,-0.008749999999999591
2026-08-16 17:33:53.231,20.694,lower,-0.02375000000000016,-0.005625000000000213
2026-08-16 17:33:53.241,20.704,lower,-0.0462499999999999,-0.029375000000000373
2026-08-16 17:33:53.251,20.714,lower,0.0824999999999998,0.005625000000000213
2026-08-16 17:33:53.261,20.724,lower,-0.14499999999999957,-0.04437499999999983
2026-08-16 17:33:53.271,20.734,lower,0.055000000000000604,-0.001875000000000071
2026-08-16 17:33:53.281,20.744,lower,0.004374999999999796,-0.007500000000000284
2026-08-16 17:33:53.291,20.754,lower,-0.017500000000000293,-0.043124999999999414
2026-08-16 17:33:53.301,20.764,lower,0.08312500000000056,0.009375000000000355
2026-08-16 17:33:53.311,20.774,lower,-0.14437499999999992,-0.04812499999999997
2026-08-16 17:33:53.321,20.784,lower,0.04249999999999976,-0.011249999999999316
2026-08-16 17:33:53.331,20.794,lower,-0.026874999999999538,-0.011249999999999316
2026-08-16 17:33:53.341,20.804,lower,-0.04375000000000018,-0.03937500000000038
2026-08-16 17:33:53.351,20.814,lower,0.0824999999999998,0.0050000000000005596
2026-08-16 17:33:53.361,20.824,lower,-0.14437499999999992,-0.0462499999999999
2026-08-16 17:33:53.371,20.834,lower,0.06000000000000005,-0.010000000000000009
2026-08-16 17:33:53.381,20.844,lower,0.0006249999999996536,-0.014374999999999805
2026-08-16 17:33:53.391,20.854,lower,-0.015625000000000222,-0.03562500000000024
2026-08-16 17:33:53.401,20.864,lower,0.08187500000000014,0.0050000000000005596
2026-08-16 17:33:53.411,20.874,lower,-0.14437499999999992,-0.0462499999999999
2026-08-16 17:33:53.421,20.884,lower,0.0462499999999999,-0.007500000000000284
2026-08-16 17:33:53.431,20.894,lower,-0.029375000000000373,-0.001875000000000071
2026-08-16 17:33:53.441,20.904,lower,-0.04062499999999969,-0.038124999999999964
2026-08-16 17:33:53.451,20.914,lower,0.08125000000000049,0.0031250000000004885
2026-08-16 17:33:53.461,20.924,lower,-0.14249999999999985,-0.04562500000000025
2026-08-16 17:33:53.471,20.934,lower,0.061875000000000124,-0.003750000000000142
2026-08-16 17:33:53.481,20.944,lower,-0.001875000000000071,-0.004999999999999449
2026-08-16 17:33:53.491,20.954,lower,-0.06937500000000041,-0.03375000000000017
2026-08-16 17:33:53.501,20.964,lower,0.08375000000000021,0.008749999999999591
2026-08-16 17:33:53.511,20.974,lower,-0.14562500000000034,-0.04249999999999976
2026-08-16 17:33:53.521,20.984,lower,0.04874999999999963,-0.006249999999999867
2026-08-16 17:33:53.531,20.994,lower,-0.03249999999999975,-0.007500000000000284
2026-08-16 17:33:53.541,21.004,lower,-0.034999999999999476,-0.0462499999999999
2026-08-16 17:33:53.551,21.014,lower,0.07937500000000042,0.0050000000000005596
2026-08-16 17:33:53.561,21.024,lower,-0.14124999999999943,-0.0462499999999999
2026-08-16 17:33:53.571,21.034,lower,0.056875000000000675,-0.003750000000000142
2026-08-16 17:33:53.581,21.044,lower,-0.009375000000000355,-0.009375000000000355
2026-08-16 17:33:53.591,21.054,lower,-0.06750000000000034,-0.04249999999999976
2026-08-16 17:33:53.601,21.064,lower,0.08062499999999972,0.004374999999999796
2026-08-16 17:33:53.611,21.074,lower,-0.1506249999999998,-0.044999999999999485
2026-08-16 17:33:53.621,21.084,lower,0.05125000000000046,-0.009375000000000355
2026-08-16 17:33:53.631,21.094,lower,-0.03687499999999955,-0.009375000000000355
2026-08-16 17:33:53.641,21.104,lower,-0.03562500000000024,-0.038124999999999964
2026-08-16 17:33:53.651,21.114,lower,0.08375000000000021,0.001875000000000071
2026-08-16 17:33:53.661,21.124,lower,-0.1418750000000002,-0.0462499999999999
2026-08-16 17:33:53.671,21.134,lower,0.06125000000000047,-0.00687499999999952
2026-08-16 17:33:53.681,21.144,lower,-0.011249999999999316,-0.012499999999999734
2026-08-16 17:33:53.691,21.154,lower,-0.06000000000000005,-0.038124999999999964
2026-08-16 17:33:53.701,21.164,lower,0.07874999999999965,0.005625000000000213
2026-08-16 17:33:53.711,21.174,lower,-0.1531249999999995,-0.04562500000000025
2026-08-16 17:33:53.721,21.184,lower,0.05624999999999991,-0.008124999999999938
2026-08-16 17:33:53.731,21.194,lower,0.019375000000000364,-0.0031249999999993783
2026-08-16 17:33:53.741,21.204,lower,-0.03375000000000017,-0.03375000000000017
2026-08-16 17:33:53.751,21.214,lower,0.08500000000000063,0.0050000000000005596
2026-08-16 17:33:53.761,21.224,lower,-0.14437499999999992,-0.043124999999999414
2026-08-16 17:33:53.771,21.234,lower,0.06312500000000054,-0.003750000000000142
2026-08-16 17:33:53.781,21.244,lower,-0.010000000000000009,-0.007500000000000284
2026-08-16 17:33:53.791,21.254,lower,-0.0637500000000002,-0.038124999999999964
2026-08-16 17:33:53.801,21.264,lower,0.07937500000000042,0.0031250000000004885
2026-08-16 17:33:53.811,21.274,lower,-0.14937499999999937,-0.0462499999999999
2026-08-16 17:33:53.821,21.284,lower,0.0506249999999997,-0.007500000000000284
2026-08-16 17:33:53.831,21.294,lower,0.010624999999999662,-0.008749999999999591
2026-08-16 17:33:53.841,21.304,lower,-0.0318750000000001,-0.046874999999999556
2026-08-16 17:33:53.851,21.314,lower,0.08062499999999972,0.0050000000000005596
2026-08-16 17:33:53.861,21.324,lower,-0.14937499999999937,-0.04437499999999983
2026-08-16 17:33:53.871,21.334,lower,0.06312500000000054,-0.01687499999999953
2026-08-16 17:33:53.881,21.344,lower,-0.016249999999999876,-0.01187500000000008
2026-08-16 17:33:53.891,21.354,lower,-0.06062499999999971,-0.04437499999999983
2026-08-16 17:33:53.901,21.364,lower,0.07937500000000042,0.007500000000000284
2026-08-16 17:33:53.911,21.374,lower,-0.1531249999999995,-0.046874999999999556
2026-08-16 17:33:53.921,21.384,lower,0.05125000000000046,-0.007500000000000284
2026-08-16 17:33:53.931,21.394,lower,0.01187500000000008,-0.010624999999999662
2026-08-16 17:33:53.941,21.404,lower,-0.028124999999999956,-0.038124999999999964
2026-08-16 17:33:53.951,21.414,lower,0.08000000000000007,0.003750000000000142
2026-08-16 17:33:53.961,21.424,lower,-0.1531249999999995,-0.04562500000000025
2026-08-16 17:33:53.971,21.434,lower,0.040000000000000036,-0.012499999999999734
2026-08-16 17:33:53.981,21.444,lower,-0.019375000000000364,-0.0031249999999993783
2026-08-16 17:33:53.991,21.454,lower,-0.05624999999999991,-0.03750000000000031
2026-08-16 17:33:54.001,21.464,lower,0.08187500000000014,0.0050000000000005596
2026-08-16 17:33:54.011,21.474,lower,-0.1531249999999995,-0.038124999999999964
2026-08-16 17:33:54.021,21.484,lower,0.0506249999999997,-0.007500000000000284
2026-08-16 17:33:54.031,21.494,lower,0.0031250000000004885,-0.006249999999999867
2026-08-16 17:33:54.041,21.504,lower,-0.09062499999999973,-0.04062499999999969
2026-08-16 17:33:54.051,21.514,lower,0.07687499999999958,0.0024999999999997247
2026-08-16 17:33:54.061,21.524,lower,-0.1518750000000002,-0.03750000000000031
2026-08-16 17:33:54.071,21.534,lower,0.04249999999999976,-0.004374999999999796
2026-08-16 17:33:54.081,21.544,lower,-0.02874999999999961,-0.007500000000000284
2026-08-16 17:33:54.091,21.554,lower,-0.05562500000000026,-0.0462499999999999
2026-08-16 17:33:54.101,21.564,lower,0.08000000000000007,0.005625000000000213
2026-08-16 17:33:54.111,21.574,lower,-0.15562500000000035,-0.04187500000000011
2026-08-16 17:33:54.121,21.584,lower,0.05249999999999977,-0.004374999999999796
2026-08-16 17:33:54.131,21.594,lower,0.0,-0.00687499999999952
2026-08-16 17:33:54.141,21.604,lower,-0.08562500000000028,-0.04562500000000025
2026-08-16 17:33:54.151,21.614,lower,0.07750000000000035,0.004374999999999796
2026-08-16 17:33:54.161,21.624,lower,-0.14937499999999937,-0.04375000000000018
2026-08-16 17:33:54.171,21.634,lower,0.04125000000000045,-0.012499999999999734
2026-08-16 17:33:54.181,21.644,lower,-0.026249999999999885,-0.009375000000000355
2026-08-16 17:33:54.191,21.654,lower,-0.0506249999999997,-0.04124999999999934
2026-08-16 17:33:54.201,21.664,lower,0.07937500000000042,0.006249999999999867
2026-08-16 17:33:54.211,21.674,lower,-0.1475000000000004,-0.04375000000000018
2026-08-16 17:33:54.221,21.684,lower,0.05624999999999991,-0.007500000000000284
2026-08-16 17:33:54.231,21.694,lower,-0.0024999999999997247,-0.007500000000000284
2026-08-16 17:33:54.241,21.704,lower,-0.08437499999999987,-0.043124999999999414
2026-08-16 17:33:54.251,21.714,lower,0.08000000000000007,0.006249999999999867
2026-08-16 17:33:54.261,21.724,lower,-0.15375000000000028,-0.04874999999999963
2026-08-16 17:33:54.271,21.734,lower,0.03687500000000066,-0.010624999999999662
2026-08-16 17:33:54.281,21.744,lower,-0.0318750000000001,-0.0012500000000004174
2026-08-16 17:33:54.291,21.754,lower,-0.04874999999999963,-0.03750000000000031
2026-08-16 17:33:54.301,21.764,lower,0.0737500000000002,0.003750000000000142
2026-08-16 17:33:54.311,21.774,lower,-0.14625,-0.04124999999999934
2026-08-16 17:33:54.321,21.784,lower,0.0506249999999997,-0.006249999999999867
2026-08-16 17:33:54.331,21.794,lower,-0.01187500000000008,-0.005625000000000213
2026-08-16 17:33:54.341,21.804,lower,-0.08562500000000028,-0.033124999999999405
2026-08-16 17:33:54.351,21.814,lower,0.07437499999999986,0.005625000000000213
2026-08-16 17:33:54.361,21.824,lower,-0.15437499999999993,-0.04375000000000018
2026-08-16 17:33:54.371,21.834,lower,0.04249999999999976,-0.005625000000000213
2026-08-16 17:33:54.381,21.844,lower,0.022499999999999742,-0.007500000000000284
2026-08-16 17:33:54.391,21.854,lower,-0.04874999999999963,-0.04062499999999969
2026-08-16 17:33:54.401,21.864,lower,0.07437499999999986,0.003750000000000142
2026-08-16 17:33:54.411,21.874,lower,-0.14625,-0.04124999999999934
2026-08-16 17:33:54.421,21.884,lower,0.055000000000000604,-0.015625000000000222
2026-08-16 17:33:54.431,21.894,lower,-0.008124999999999938,-0.007500000000000284
2026-08-16 17:33:54.441,21.904,lower,-0.0737500000000002,-0.04249999999999976
2026-08-16 17:33:54.451,21.914,lower,0.07624999999999993,0.0006249999999996536
2026-08-16 17:33:54.461,21.924,lower,-0.15625,-0.04124999999999934
2026-08-16 17:33:54.471,21.934,lower,0.045000000000000595,-0.008124999999999938
2026-08-16 17:33:54.481,21.944,lower,0.01687500000000064,-0.008124999999999938
2026-08-16 17:33:54.491,21.954,lower,-0.04249999999999976,-0.04187500000000011
2026-08-16 17:33:54.501,21.964,lower,0.07687499999999958,0.007500000000000284
2026-08-16 17:33:54.511,21.974,lower,-0.14625,-0.04375000000000018
2026-08-16 17:33:54.521,21.984,lower,0.055000000000000604,-0.008749999999999591
2026-08-16 17:33:54.531,21.994,lower,-0.014374999999999805,0.0012500000000004174
2026-08-16 17:33:54.541,22.004,lower,-0.07062499999999972,-0.03750000000000031
2026-08-16 17:33:54.551,22.014,lower,0.07562500000000028,0.0012500000000004174
2026-08-16 17:33:54.561,22.024,lower,-0.15750000000000042,-0.03937500000000038
2026-08-16 17:33:54.571,22.034,lower,0.0462499999999999,-0.00687499999999952
2026-08-16 17:33:54.581,22.044,lower,0.013125000000000497,-0.004999999999999449
2026-08-16 17:33:54.591,22.054,lower,-0.043124999999999414,-0.04062499999999969
2026-08-16 17:33:54.601,22.064,lower,0.07750000000000035,0.006875000000000631
2026-08-16 17:33:54.611,22.074,lower,-0.14937499999999937,-0.03624999999999989
2026-08-16 17:33:54.621,22.084,lower,0.033125000000000515,-0.010624999999999662
2026-08-16 17:33:54.631,22.094,lower,-0.015625000000000222,-0.005625000000000213
2026-08-16 17:33:54.641,22.104,lower,-0.06812499999999999,-0.04437499999999983
2026-08-16 17:33:54.651,22.114,lower,0.07624999999999993,0.006875000000000631
2026-08-16 17:33:54.661,22.124,lower,-0.15499999999999958,-0.03750000000000031
2026-08-16 17:33:54.671,22.134,lower,0.046875000000000666,-0.014374999999999805
2026-08-16 17:33:54.681,22.144,lower,0.008749999999999591,-0.004374999999999796
2026-08-16 17:33:54.691,22.154,lower,-0.09937499999999932,-0.04249999999999976
2026-08-16 17:33:54.701,22.164,lower,0.08000000000000007,0.009375000000000355
2026-08-16 17:33:54.711,22.174,lower,-0.15249999999999986,-0.04375000000000018
2026-08-16 17:33:54.721,22.184,lower,0.035000000000000586,-0.014374999999999805
2026-08-16 17:33:54.731,22.194,lower,-0.018124999999999947,-0.005625000000000213
2026-08-16 17:33:54.741,22.204,lower,-0.06874999999999964,-0.04437499999999983
2026-08-16 17:33:54.751,22.214,lower,0.07624999999999993,0.0031250000000004885
2026-08-16 17:33:54.761,22.224,lower,-0.15124999999999944,-0.04375000000000018
2026-08-16 17:33:54.771,22.234,lower,0.0462499999999999,-0.010000000000000009
2026-08-16 17:33:54.781,22.244,lower,0.008749999999999591,-0.0024999999999997247
2026-08-16 17:33:54.791,22.254,lower,-0.09437499999999988,-0.03937500000000038
2026-08-16 17:33:54.801,22.264,lower,0.07249999999999979,0.006875000000000631
2026-08-16 17:33:54.811,22.274,lower,-0.15375000000000028,-0.04375000000000018
2026-08-16 17:33:54.821,22.284,lower,0.03437499999999982,-0.013750000000000151
2026-08-16 17:33:54.831,22.294,lower,-0.024374999999999813,-0.0031249999999993783
2026-08-16 17:33:54.841,22.304,lower,-0.06562500000000027,-0.04437499999999983
2026-08-16 17:33:54.851,22.314,lower,0.07750000000000035,0.0024999999999997247
2026-08-16 17:33:54.861,22.324,lower,-0.1375000000000004,-0.03750000000000031
2026-08-16 17:33:54.871,22.334,lower,0.0462499999999999,-0.005625000000000213
2026-08-16 17:33:54.881,22.344,lower,0.005625000000000213,-0.0024999999999997247
2026-08-16 17:33:54.891,22.354,lower,-0.09187500000000015,-0.053750000000000187
2026-08-16 17:33:54.901,22.364,lower,0.07312500000000055,0.008124999999999938
2026-08-16 17:33:54.911,22.374,lower,-0.1518750000000002,-0.04062499999999969
2026-08-16 17:33:54.921,22.384,lower,0.03874999999999962,-0.008749999999999591
2026-08-16 17:33:54.931,22.394,lower,0.031250000000000444,-0.004374999999999796
2026-08-16 17:33:54.941,22.404,lower,-0.05750000000000033,-0.04750000000000032
2026-08-16 17:33:54.951,22.414,lower,0.07562500000000028,0.006875000000000631
2026-08-16 17:33:54.961,22.424,lower,-0.14437499999999992,-0.04062499999999969
2026-08-16 17:33:54.971,22.434,lower,0.0506249999999997,-0.012499999999999734
2026-08-16 17:33:54.981,22.444,lower,-0.0012500000000004174,-0.00687499999999952
2026-08-16 17:33:54.991,22.454,lower,-0.09124999999999939,-0.04375000000000018
2026-08-16 17:33:55.001,22.464,lower,0.07687499999999958,0.005625000000000213
2026-08-16 17:33:55.011,22.474,lower,-0.15625,-0.04187500000000011
2026-08-16 17:33:55.021,22.484,lower,0.03437499999999982,-0.01687499999999953
2026-08-16 17:33:55.031,22.494,lower,0.02562500000000023,-0.009375000000000355
2026-08-16 17:33:55.041,22.504,lower,-0.0593750000000004,-0.04375000000000018
2026-08-16 17:33:55.051,22.514,lower,0.07125000000000048,0.0012500000000004174
2026-08-16 17:33:55.061,22.524,lower,-0.14687499999999964,-0.043124999999999414
2026-08-16 17:33:55.071,22.534,lower,0.0506249999999997,-0.012499999999999734
2026-08-16 17:33:55.081,22.544,lower,-0.005625000000000213,-0.0024999999999997247
2026-08-16 17:33:55.091,22.554,lower,-0.08937500000000043,-0.04437499999999983
2026-08-16 17:33:55.101,22.564,lower,0.07249999999999979,0.0006249999999996536
2026-08-16 17:33:55.111,22.574,lower,-0.15625,-0.03562500000000024
2026-08-16 17:33:55.121,22.584,lower,0.04062499999999969,-0.007500000000000284
2026-08-16 17:33:55.131,22.594,lower,0.025000000000000577,-0.0012500000000004174
2026-08-16 17:33:55.141,22.604,lower,-0.05562500000000026,-0.040000000000000036
2026-08-16 17:33:55.151,22.614,lower,0.07562500000000028,0.006875000000000631
2026-08-16 17:33:55.161,22.624,lower,-0.14499999999999957,-0.04062499999999969
2026-08-16 17:33:55.171,22.634,lower,0.02687500000000065,-0.006249999999999867
2026-08-16 17:33:55.181,22.644,lower,-0.006249999999999867,-0.0024999999999997247
2026-08-16 17:33:55.191,22.654,lower,-0.08562500000000028,-0.04750000000000032
2026-08-16 17:33:55.201,22.664,lower,0.07500000000000062,0.006249999999999867
2026-08-16 17:33:55.211,22.674,lower,-0.15625,-0.03874999999999962
2026-08-16 17:33:55.221,22.684,lower,0.03624999999999989,-0.015625000000000222
2026-08-16 17:33:55.231,22.694,lower,0.019375000000000364,-0.00687499999999952
2026-08-16 17:33:55.241,22.704,lower,-0.05624999999999991,-0.044999999999999485
2026-08-16 17:33:55.251,22.714,lower,0.07312500000000055,0.0050000000000005596
2026-08-16 17:33:55.261,22.724,lower,-0.1475000000000004,-0.040000000000000036
2026-08-16 17:33:55.271,22.734,lower,0.02687500000000065,-0.014999999999999458
2026-08-16 17:33:55.281,22.744,lower,-0.013750000000000151,-0.004999999999999449
2026-08-16 17:33:55.291,22.754,lower,-0.08624999999999994,-0.04750000000000032
2026-08-16 17:33:55.301,22.764,lower,0.07562500000000028,0.0012500000000004174
2026-08-16 17:33:55.311,22.774,lower,-0.1606249999999998,-0.0462499999999999
2026-08-16 17:33:55.321,22.784,lower,0.038124999999999964,-0.01687499999999953
2026-08-16 17:33:55.331,22.794,lower,0.017500000000000293,-0.0012500000000004174
2026-08-16 17:33:55.341,22.804,lower,-0.11812500000000004,-0.04375000000000018
2026-08-16 17:33:55.351,22.814,lower,0.07687499999999958,0.003750000000000142
2026-08-16 17:33:55.361,22.824,lower,-0.15124999999999944,-0.04812499999999997
2026-08-16 17:33:55.371,22.834,lower,0.028124999999999956,-0.010000000000000009
2026-08-16 17:33:55.381,22.844,lower,-0.008749999999999591,-0.0031249999999993783
2026-08-16 17:33:55.391,22.854,lower,-0.07874999999999965,-0.03937500000000038
2026-08-16 17:33:55.401,22.864,lower,0.07187500000000013,0.005625000000000213
2026-08-16 17:33:55.411,22.874,lower,-0.13812500000000005,-0.04062499999999969
2026-08-16 17:33:55.421,22.884,lower,0.043125000000000524,-0.010000000000000009
2026-08-16 17:33:55.431,22.894,lower,0.013125000000000497,-0.0031249999999993783
2026-08-16 17:33:55.441,22.904,lower,-0.10750000000000037,-0.04937500000000039
2026-08-16 17:33:55.451,22.914,lower,0.07687499999999958,0.003750000000000142
2026-08-16 17:33:55.461,22.924,lower,-0.15249999999999986,-0.04249999999999976
2026-08-16 17:33:55.471,22.934,lower,0.030000000000000027,-0.00687499999999952
2026-08-16 17:33:55.481,22.944,lower,-0.013124999999999387,-0.0031249999999993783
2026-08-16 17:33:55.491,22.954,lower,-0.07687499999999958,-0.046874999999999556
2026-08-16 17:33:55.501,22.964,lower,0.07437499999999986,0.0050000000000005596
2026-08-16 17:33:55.511,22.974,lower,-0.13499999999999956,-0.04124999999999934
2026-08-16 17:33:55.521,22.984,lower,0.046875000000000666,-0.019375000000000364
2026-08-16 17:33:55.531,22.994,lower,0.013125000000000497,-0.007500000000000284
2026-08-16 17:33:55.541,23.004,lower,-0.10499999999999954,-0.04812499999999997
2026-08-16 17:33:55.551,23.015,lower,0.07000000000000006,-0.0024999999999997247
2026-08-16 17:33:55.561,23.024,lower,-0.15375000000000028,-0.04375000000000018
2026-08-16 17:33:55.571,23.034,lower,0.03375000000000017,-0.014374999999999805
2026-08-16 17:33:55.581,23.044,lower,0.04249999999999976,-0.009375000000000355
2026-08-16 17:33:55.591,23.054,lower,-0.06937500000000041,-0.04562500000000025
2026-08-16 17:33:55.601,23.064,lower,0.08000000000000007,0.0050000000000005596
2026-08-16 17:33:55.611,23.074,lower,-0.13499999999999956,-0.04562500000000025
2026-08-16 17:33:55.621,23.084,lower,0.04750000000000032,-0.014999999999999458
2026-08-16 17:33:55.631,23.094,lower,0.013125000000000497,-0.0024999999999997247
2026-08-16 17:33:55.641,23.104,lower,-0.09312499999999946,-0.04062499999999969
2026-08-16 17:33:55.651,23.114,lower,0.07750000000000035,0.0012500000000004174
2026-08-16 17:33:55.661,23.124,lower,-0.15000000000000013,-0.03562500000000024
2026-08-16 17:33:55.671,23.134,lower,0.03750000000000031,-0.011249999999999316
2026-08-16 17:33:55.681,23.144,lower,0.04187500000000011,-0.001875000000000071
2026-08-16 17:33:55.691,23.154,lower,-0.0649999999999995,-0.04124999999999934
2026-08-16 17:33:55.701,23.164,lower,0.08125000000000049,0.006249999999999867
2026-08-16 17:33:55.711,23.174,lower,-0.1387499999999997,-0.03750000000000031
2026-08-16 17:33:55.721,23.184,lower,0.0506249999999997,-0.010000000000000009
2026-08-16 17:33:55.731,23.194,lower,0.011250000000000426,-0.004999999999999449
2026-08-16 17:33:55.741,23.204,lower,-0.0956250000000003,-0.04812499999999997
2026-08-16 17:33:55.751,23.214,lower,0.07562500000000028,0.008749999999999591
2026-08-16 17:33:55.761,23.224,lower,-0.14687499999999964,-0.03937500000000038
2026-08-16 17:33:55.771,23.234,lower,0.040000000000000036,-0.017500000000000293
2026-08-16 17:33:55.781,23.244,lower,0.03937500000000038,-0.004374999999999796
2026-08-16 17:33:55.791,23.254,lower,-0.06124999999999936,-0.046874999999999556
2026-08-16 17:33:55.801,23.264,lower,0.07937500000000042,-0.001875000000000071
2026-08-16 17:33:55.811,23.274,lower,-0.14000000000000012,-0.043124999999999414
2026-08-16 17:33:55.821,23.284,lower,0.02062499999999967,-0.018124999999999947
2026-08-16 17:33:55.831,23.294,lower,0.008124999999999938,-0.010000000000000009
2026-08-16 17:33:55.841,23.304,lower,-0.0924999999999998,-0.04562500000000025
2026-08-16 17:33:55.851,23.314,lower,0.07750000000000035,0.0006249999999996536
2026-08-16 17:33:55.861,23.324,lower,-0.14562500000000034,-0.04437499999999983
2026-08-16 17:33:55.871,23.334,lower,0.04249999999999976,-0.012499999999999734
2026-08-16 17:33:55.881,23.344,lower,0.03874999999999962,0.0
2026-08-16 17:33:55.891,23.354,lower,-0.05312499999999942,-0.04375000000000018
2026-08-16 17:33:55.901,23.364,lower,0.08125000000000049,0.003750000000000142
2026-08-16 17:33:55.911,23.374,lower,-0.13937499999999936,-0.04375000000000018
2026-08-16 17:33:55.921,23.384,lower,0.030000000000000027,-0.01187500000000008
2026-08-16 17:33:55.931,23.394,lower,0.0050000000000005596,-0.0031249999999993783
2026-08-16 17:33:55.941,23.404,lower,-0.08750000000000036,-0.04124999999999934
2026-08-16 17:33:55.951,23.414,lower,0.0824999999999998,0.007500000000000284
2026-08-16 17:33:55.961,23.424,lower,-0.1506249999999998,-0.03750000000000031
2026-08-16 17:33:55.971,23.434,lower,0.04249999999999976,-0.007500000000000284
2026-08-16 17:33:55.981,23.444,lower,0.03750000000000031,0.001875000000000071
2026-08-16 17:33:55.991,23.454,lower,-0.1112499999999994,-0.046874999999999556
2026-08-16 17:33:56.001,23.464,lower,0.08000000000000007,0.003750000000000142
2026-08-16 17:33:56.011,23.474,lower,-0.14000000000000012,-0.040000000000000036
2026-08-16 17:33:56.021,23.484,lower,0.03375000000000017,-0.0187499999999996
2026-08-16 17:33:56.031,23.494,lower,-0.0012500000000004174,-0.003750000000000142
2026-08-16 17:33:56.041,23.504,lower,-0.08312499999999945,-0.04812499999999997
2026-08-16 17:33:56.051,23.514,lower,0.08062499999999972,0.003750000000000142
2026-08-16 17:33:56.061,23.524,lower,-0.12375000000000025,-0.03687499999999955
2026-08-16 17:33:56.071,23.534,lower,0.04187500000000011,-0.020000000000000018
2026-08-16 17:33:56.081,23.544,lower,0.029375000000000373,-0.004999999999999449
2026-08-16 17:33:56.091,23.554,lower,-0.11312499999999948,-0.04874999999999963
2026-08-16 17:33:56.101,23.564,lower,0.07937500000000042,0.0
2026-08-16 17:33:56.111,23.574,lower,-0.14375000000000027,-0.040000000000000036
2026-08-16 17:33:56.121,23.584,lower,0.029375000000000373,-0.0187499999999996
2026-08-16 17:33:56.131,23.594,lower,-0.007500000000000284,0.0012500000000004174
2026-08-16 17:33:56.141,23.604,lower,-0.08812500000000001,-0.051875000000000115
2026-08-16 17:33:56.151,23.614,lower,0.07062499999999972,0.003750000000000142
2026-08-16 17:33:56.161,23.624,lower,-0.1375000000000004,-0.04562500000000025
2026-08-16 17:33:56.171,23.634,lower,0.03249999999999975,-0.013124999999999387
2026-08-16 17:33:56.181,23.644,lower,0.015000000000000568,-0.004999999999999449
2026-08-16 17:33:56.191,23.654,lower,-0.11937499999999934,-0.04874999999999963
2026-08-16 17:33:56.201,23.664,lower,0.06812499999999999,0.0050000000000005596
2026-08-16 17:33:56.211,23.674,lower,-0.16000000000000014,-0.038124999999999964
2026-08-16 17:33:56.221,23.684,lower,0.018124999999999947,-0.01187500000000008
2026-08-16 17:33:56.231,23.694,lower,0.04187500000000011,0.0006249999999996536
2026-08-16 17:33:56.241,23.704,lower,-0.09062499999999973,-0.13624999999999998
2026-08-16 17:33:56.251,23.714,lower,0.06687500000000068,0.03437499999999982
2026-08-16 17:33:56.261,23.724,lower,-0.13937499999999936,-0.09624999999999995
2026-08-16 17:33:56.271,23.734,lower,0.03249999999999975,-0.00687499999999952
2026-08-16 17:33:56.281,23.744,lower,0.008124999999999938,0.006249999999999867
2026-08-16 17:33:56.291,23.754,lower,-0.11687499999999962,-0.1318750000000002
2026-08-16 17:33:56.301,23.764,lower,0.061875000000000124,0.03937500000000038
2026-08-16 17:33:56.311,23.774,lower,-0.16000000000000014,-0.1012499999999994
2026-08-16 17:33:56.321,23.784,lower,0.02062499999999967,-0.03375000000000017
2026-08-16 17:33:56.331,23.794,lower,0.04062499999999969,0.005625000000000213
2026-08-16 17:33:56.341,23.804,lower,-0.08499999999999952,-0.1343749999999999
2026-08-16 17:33:56.351,23.814,lower,0.06874999999999964,0.030000000000000027
2026-08-16 17:33:56.361,23.824,lower,-0.14124999999999943,-0.10750000000000037
2026-08-16 17:33:56.371,23.834,lower,0.03624999999999989,-0.027500000000000302
2026-08-16 17:33:56.381,23.844,lower,0.010624999999999662,-0.0024999999999997247
2026-08-16 17:33:56.391,23.854,lower,-0.1100000000000001,-0.1243749999999999
2026-08-16 17:33:56.401,23.864,lower,0.06874999999999964,0.0318750000000001
2026-08-16 17:33:56.411,23.874,lower,-0.15874999999999972,-0.11499999999999955
2026-08-16 17:33:56.421,23.884,lower,0.030000000000000027,-0.016249999999999876
2026-08-16 17:33:56.431,23.894,lower,0.04062499999999969,0.018124999999999947
2026-08-16 17:33:56.441,23.904,lower,-0.08000000000000007,-0.11624999999999996
2026-08-16 17:33:56.451,23.914,lower,0.07500000000000062,0.03624999999999989
2026-08-16 17:33:56.461,23.924,lower,-0.13937499999999936,-0.08187500000000014
2026-08-16 17:33:56.471,23.934,lower,0.012499999999999734,-0.016249999999999876
2026-08-16 17:33:56.481,23.944,lower,0.014374999999999805,0.015625000000000222
2026-08-16 17:33:56.491,23.954,lower,-0.10750000000000037,-0.11312499999999948
2026-08-16 17:33:56.501,23.964,lower,0.06874999999999964,0.03687500000000066
2026-08-16 17:33:56.511,23.974,lower,-0.1531249999999995,-0.08874999999999966
2026-08-16 17:33:56.521,23.984,lower,0.0318750000000001,-0.007500000000000284
2026-08-16 17:33:56.531,23.994,lower,0.03624999999999989,0.015000000000000568
2026-08-16 17:33:56.541,24.004,lower,-0.07562500000000028,-0.13249999999999984
2026-08-16 17:33:56.551,24.014,lower,0.07312500000000055,0.04125000000000045
2026-08-16 17:33:56.561,24.024,lower,-0.1431249999999995,-0.09375000000000022
2026-08-16 17:33:56.571,24.034,lower,0.016249999999999876,-0.03687499999999955
2026-08-16 17:33:56.581,24.044,lower,0.007500000000000284,0.008124999999999938
2026-08-16 17:33:56.591,24.054,lower,-0.10750000000000037,-0.13124999999999942
2026-08-16 17:33:56.601,24.064,lower,0.07187500000000013,0.03874999999999962
2026-08-16 17:33:56.611,24.074,lower,-0.15687499999999965,-0.10375000000000023
2026-08-16 17:33:56.621,24.084,lower,0.025000000000000577,-0.02874999999999961
2026-08-16 17:33:56.631,24.094,lower,0.0318750000000001,0.0024999999999997247
2026-08-16 17:33:56.641,24.104,lower,-0.13000000000000012,-0.12312499999999948
2026-08-16 17:33:56.651,24.114,lower,0.06812499999999999,0.03687500000000066
2026-08-16 17:33:56.661,24.124,lower,-0.14625,-0.1056250000000003
2026-08-16 17:33:56.671,24.134,lower,0.020000000000000018,-0.02375000000000016
2026-08-16 17:33:56.681,24.144,lower,0.0012500000000004174,0.02375000000000016
2026-08-16 17:33:56.691,24.154,lower,-0.1056250000000003,-0.1200000000000001
2026-08-16 17:33:56.701,24.164,lower,0.07125000000000048,0.035000000000000586
2026-08-16 17:33:56.711,24.174,lower,-0.12624999999999997,-0.1100000000000001
2026-08-16 17:33:56.721,24.184,lower,0.027500000000000302,-0.017500000000000293
2026-08-16 17:33:56.731,24.194,lower,0.0318750000000001,0.022499999999999742
2026-08-16 17:33:56.741,24.204,lower,-0.1287499999999997,-0.12124999999999941
2026-08-16 17:33:56.751,24.214,lower,0.06562500000000027,0.038124999999999964
2026-08-16 17:33:56.761,24.224,lower,-0.14937499999999937,-0.08499999999999952
2026-08-16 17:33:56.771,24.234,lower,0.015625000000000222,-0.014374999999999805
2026-08-16 17:33:56.781,24.244,lower,-0.006249999999999867,0.017500000000000293
2026-08-16 17:33:56.791,24.254,lower,-0.10687499999999961,-0.1343749999999999
2026-08-16 17:33:56.801,24.264,lower,0.061875000000000124,0.03874999999999962
2026-08-16 17:33:56.811,24.274,lower,-0.13624999999999998,-0.09499999999999953
2026-08-16 17:33:56.821,24.284,lower,0.021250000000000435,-0.011249999999999316
2026-08-16 17:33:56.831,24.294,lower,0.011250000000000426,0.007500000000000284
2026-08-16 17:33:56.841,24.304,lower,-0.1475000000000004,-0.1343749999999999
2026-08-16 17:33:56.851,24.314,lower,0.04375000000000018,0.03375000000000017
2026-08-16 17:33:56.861,24.324,lower,-0.18187500000000023,-0.10312499999999947
2026-08-16 17:33:56.871,24.334,lower,-0.021249999999999325,-0.04062499999999969
2026-08-16 17:33:56.881,24.344,lower,0.003750000000000142,-0.0012500000000004174
2026-08-16 17:33:56.891,24.354,lower,-0.1518750000000002,-0.14249999999999985
2026-08-16 17:33:56.901,24.364,lower,0.006875000000000631,0.021250000000000435
2026-08-16 17:33:56.911,24.374,lower,-0.1968749999999997,-0.11624999999999996
2026-08-16 17:33:56.921,24.384,lower,-0.03874999999999962,-0.0462499999999999
2026-08-16 17:33:56.931,24.394,lower,-0.05624999999999991,-0.013750000000000151
2026-08-16 17:33:56.941,24.404,lower,-0.20874999999999977,-0.14375000000000027
2026-08-16 17:33:56.951,24.414,lower,-0.021249999999999325,0.011250000000000426
2026-08-16 17:33:56.961,24.424,lower,-0.24124999999999952,-0.1287499999999997
2026-08-16 17:33:56.971,24.434,lower,-0.07000000000000006,-0.04062499999999969
2026-08-16 17:33:56.981,24.444,lower,-0.04187500000000011,0.004374999999999796
2026-08-16 17:33:56.991,24.454,lower,-0.1793749999999994,-0.14249999999999985
2026-08-16 17:33:57.001,24.464,lower,-0.018124999999999947,0.01687500000000064
2026-08-16 17:33:57.011,24.474,lower,-0.21375000000000033,-0.09312499999999946
2026-08-16 17:33:57.021,24.484,lower,-0.07249999999999979,-0.034999999999999476
2026-08-16 17:33:57.031,24.494,lower,-0.05437499999999984,0.006249999999999867
2026-08-16 17:33:57.041,24.504,lower,-0.18562500000000037,-0.13062499999999977
2026-08-16 17:33:57.051,24.514,lower,0.008749999999999591,0.025000000000000577
2026-08-16 17:33:57.061,24.524,lower,-0.2112499999999995,-0.0956250000000003
2026-08-16 17:33:57.071,24.534,lower,-0.02062499999999967,-0.0187499999999996
2026-08-16 17:33:57.081,24.544,lower,0.016249999999999876,0.008749999999999591
2026-08-16 17:33:57.091,24.554,lower,-0.11499999999999955,-0.1418750000000002
2026-08-16 17:33:57.101,24.564,lower,0.06312500000000054,0.03375000000000017
2026-08-16 17:33:57.111,24.574,lower,-0.13624999999999998,-0.0956250000000003
2026-08-16 17:33:57.121,24.584,lower,0.010000000000000009,-0.03937500000000038
2026-08-16 17:33:57.131,24.594,lower,0.02062499999999967,0.010000000000000009
2026-08-16 17:33:57.141,24.604,lower,-0.11062499999999975,-0.1331249999999995
2026-08-16 17:33:57.151,24.614,lower,0.07874999999999965,0.03874999999999962
2026-08-16 17:33:57.161,24.624,lower,-0.1418750000000002,-0.09437499999999988
2026-08-16 17:33:57.171,24.634,lower,0.04437499999999983,-0.0318750000000001
2026-08-16 17:33:57.181,24.644,lower,0.0637500000000002,0.010000000000000009
2026-08-16 17:33:57.191,24.654,lower,-0.12062499999999976,-0.13062499999999977
2026-08-16 17:33:57.201,24.664,lower,0.09312500000000057,0.033125000000000515
2026-08-16 17:33:57.211,24.674,lower,-0.11187500000000017,-0.10687499999999961
2026-08-16 17:33:57.221,24.684,lower,0.03375000000000017,-0.027500000000000302
2026-08-16 17:33:57.231,24.694,lower,0.038124999999999964,0.02874999999999961
2026-08-16 17:33:57.241,24.704,lower,-0.08624999999999994,-0.12375000000000025
2026-08-16 17:33:57.251,24.714,lower,0.09500000000000064,0.03687500000000066
2026-08-16 17:33:57.261,24.724,lower,-0.12499999999999956,-0.1143749999999999
2026-08-16 17:33:57.271,24.734,lower,0.056875000000000675,-0.015625000000000222
2026-08-16 17:33:57.281,24.744,lower,0.07249999999999979,0.026249999999999885
2026-08-16 17:33:57.291,24.754,lower,-0.10312499999999947,-0.11874999999999969
2026-08-16 17:33:57.301,24.764,lower,0.10249999999999981,0.04125000000000045
2026-08-16 17:33:57.311,24.774,lower,-0.10874999999999968,-0.07499999999999951
2026-08-16 17:33:57.321,24.784,lower,0.0462499999999999,-0.014374999999999805
2026-08-16 17:33:57.331,24.794,lower,0.043125000000000524,0.018124999999999947
2026-08-16 17:33:57.341,24.804,lower,-0.07687499999999958,-0.1331249999999995
2026-08-16 17:33:57.351,24.814,lower,0.10437499999999988,0.04249999999999976
2026-08-16 17:33:57.361,24.824,lower,-0.08062499999999972,-0.08124999999999938
2026-08-16 17:33:57.371,24.834,lower,0.06125000000000047,-0.005625000000000213
2026-08-16 17:33:57.381,24.844,lower,0.0737500000000002,0.02187500000000009
2026-08-16 17:33:57.391,24.854,lower,-0.1012499999999994,-0.1275000000000004
2026-08-16 17:33:57.401,24.864,lower,0.10312500000000058,0.04249999999999976
2026-08-16 17:33:57.411,24.874,lower,-0.1143749999999999,-0.09124999999999939
2026-08-16 17:33:57.421,24.884,lower,0.04437499999999983,-0.03874999999999962
2026-08-16 17:33:57.431,24.894,lower,0.08125000000000049,0.015000000000000568
2026-08-16 17:33:57.441,24.904,lower,-0.08312499999999945,-0.13249999999999984
2026-08-16 17:33:57.451,24.914,lower,0.09500000000000064,0.033125000000000515
2026-08-16 17:33:57.461,24.924,lower,-0.1012499999999994,-0.09874999999999967
2026-08-16 17:33:57.471,24.934,lower,0.045000000000000595,-0.026874999999999538
2026-08-16 17:33:57.481,24.944,lower,0.05624999999999991,0.006875000000000631
2026-08-16 17:33:57.491,24.954,lower,-0.11687499999999962,-0.12687499999999963
2026-08-16 17:33:57.501,24.964,lower,0.08874999999999966,0.03437499999999982
2026-08-16 17:33:57.511,24.974,lower,-0.12499999999999956,-0.10624999999999996
2026-08-16 17:33:57.521,24.984,lower,0.03624999999999989,-0.022499999999999742
2026-08-16 17:33:57.531,24.994,lower,0.07312500000000055,0.027500000000000302
2026-08-16 17:33:57.541,25.004,lower,-0.08562500000000028,-0.11937499999999934
2026-08-16 17:33:57.551,25.014,lower,0.08874999999999966,0.03249999999999975
2026-08-16 17:33:57.561,25.024,lower,-0.10750000000000037,-0.07312499999999944
2026-08-16 17:33:57.571,25.034,lower,0.05125000000000046,-0.017500000000000293
2026-08-16 17:33:57.581,25.044,lower,0.051875000000000115,0.0187499999999996
2026-08-16 17:33:57.591,25.054,lower,-0.10937499999999933,-0.11937499999999934
2026-08-16 17:33:57.601,25.064,lower,0.08624999999999994,0.03750000000000031
2026-08-16 17:33:57.611,25.074,lower,-0.12187500000000018,-0.07937500000000042
2026-08-16 17:33:57.621,25.084,lower,0.04187500000000011,-0.011249999999999316
2026-08-16 17:33:57.631,25.094,lower,0.08000000000000007,0.019375000000000364
2026-08-16 17:33:57.641,25.104,lower,-0.07187500000000013,-0.13812500000000005
2026-08-16 17:33:57.651,25.114,lower,0.0968749999999996,0.04062499999999969
2026-08-16 17:33:57.661,25.124,lower,-0.10187500000000016,-0.08624999999999994
2026-08-16 17:33:57.671,25.134,lower,0.029375000000000373,-0.03874999999999962
2026-08-16 17:33:57.681,25.144,lower,0.05125000000000046,0.020000000000000018
2026-08-16 17:33:57.691,25.154,lower,-0.09812500000000002,-0.1343749999999999
2026-08-16 17:33:57.701,25.164,lower,0.09500000000000064,0.033125000000000515
2026-08-16 17:33:57.711,25.174,lower,-0.12562500000000032,-0.09750000000000036
2026-08-16 17:33:57.721,25.184,lower,0.04750000000000032,-0.033124999999999405
2026-08-16 17:33:57.731,25.194,lower,0.08437499999999987,0.008124999999999938
2026-08-16 17:33:57.741,25.204,lower,-0.07249999999999979,-0.1287499999999997
2026-08-16 17:33:57.751,25.214,lower,0.09812500000000002,0.03375000000000017
2026-08-16 17:33:57.761,25.224,lower,-0.09937499999999932,-0.10062499999999974
2026-08-16 17:33:57.771,25.234,lower,0.03375000000000017,-0.02562500000000023
2026-08-16 17:33:57.781,25.244,lower,0.05249999999999977,0.027500000000000302
2026-08-16 17:33:57.791,25.254,lower,-0.09375000000000022,-0.12562500000000032
2026-08-16 17:33:57.801,25.264,lower,0.09312500000000057,0.03624999999999989
2026-08-16 17:33:57.811,25.274,lower,-0.12375000000000025,-0.06937500000000041
2026-08-16 17:33:57.821,25.284,lower,0.0462499999999999,-0.02562500000000023
2026-08-16 17:33:57.831,25.294,lower,0.07562500000000028,0.02687500000000065
2026-08-16 17:33:57.841,25.304,lower,-0.12124999999999941,-0.12187500000000018
2026-08-16 17:33:57.851,25.314,lower,0.09812500000000002,0.03750000000000031
2026-08-16 17:33:57.861,25.324,lower,-0.1056250000000003,-0.0737500000000002
2026-08-16 17:33:57.871,25.334,lower,0.03249999999999975,-0.013750000000000151
2026-08-16 17:33:57.881,25.344,lower,0.045000000000000595,0.023125000000000506
2026-08-16 17:33:57.891,25.354,lower,-0.09750000000000036,-0.13375000000000026
2026-08-16 17:33:57.901,25.364,lower,0.09187500000000015,0.043125000000000524
2026-08-16 17:33:57.911,25.374,lower,-0.12499999999999956,-0.0824999999999998
2026-08-16 17:33:57.921,25.384,lower,0.0462499999999999,-0.04812499999999997
2026-08-16 17:33:57.931,25.394,lower,0.07062499999999972,0.02062499999999967
2026-08-16 17:33:57.941,25.404,lower,-0.11750000000000038,-0.1331249999999995
2026-08-16 17:33:57.951,25.414,lower,0.09500000000000064,0.03750000000000031
2026-08-16 17:33:57.961,25.424,lower,-0.11249999999999982,-0.08687499999999959
2026-08-16 17:33:57.971,25.434,lower,0.0318750000000001,-0.04062499999999969
2026-08-16 17:33:57.981,25.444,lower,0.03937500000000038,0.015000000000000568
2026-08-16 17:33:57.991,25.454,lower,-0.0968749999999996,-0.1318750000000002
2026-08-16 17:33:58.001,25.464,lower,0.0924999999999998,0.030000000000000027
2026-08-16 17:33:58.011,25.474,lower,-0.08750000000000036,-0.09812500000000002
2026-08-16 17:33:58.021,25.484,lower,0.04375000000000018,-0.03062499999999968
2026-08-16 17:33:58.031,25.494,lower,0.06562500000000027,0.02874999999999961
2026-08-16 17:33:58.041,25.504,lower,-0.11874999999999969,-0.12937499999999935
2026-08-16 17:33:58.051,25.514,lower,0.0912500000000005,0.03624999999999989
2026-08-16 17:33:58.061,25.524,lower,-0.11812500000000004,-0.10437499999999988
2026-08-16 17:33:58.071,25.534,lower,0.028124999999999956,-0.030000000000000027
2026-08-16 17:33:58.081,25.544,lower,0.078125,0.02874999999999961
2026-08-16 17:33:58.091,25.554,lower,-0.09750000000000036,-0.12624999999999997
2026-08-16 17:33:58.101,25.564,lower,0.08624999999999994,0.03437499999999982
2026-08-16 17:33:58.111,25.574,lower,-0.09124999999999939,-0.0649999999999995
2026-08-16 17:33:58.121,25.584,lower,0.04437499999999983,-0.01687499999999953
2026-08-16 17:33:58.131,25.594,lower,0.06249999999999978,0.027500000000000302
2026-08-16 17:33:58.141,25.604,lower,-0.11937499999999934,-0.13812500000000005
2026-08-16 17:33:58.151,25.614,lower,0.08750000000000036,0.043125000000000524
2026-08-16 17:33:58.161,25.624,lower,-0.12062499999999976,-0.07437499999999986
2026-08-16 17:33:58.171,25.634,lower,0.02874999999999961,-0.010624999999999662
2026-08-16 17:33:58.181,25.644,lower,0.07249999999999979,0.021250000000000435
2026-08-16 17:33:58.191,25.654,lower,-0.09312499999999946,-0.13249999999999984
2026-08-16 17:33:58.201,25.664,lower,0.08750000000000036,0.03937500000000038
2026-08-16 17:33:58.211,25.674,lower,-0.09937499999999932,-0.08437499999999987
2026-08-16 17:33:58.221,25.684,lower,0.045000000000000595,-0.04062499999999969
2026-08-16 17:33:58.231,25.694,lower,0.05562500000000026,0.014374999999999805
2026-08-16 17:33:58.241,25.704,lower,-0.11937499999999934,-0.1318750000000002
2026-08-16 17:33:58.251,25.714,lower,0.07562500000000028,0.02687500000000065
2026-08-16 17:33:58.261,25.724,lower,-0.12562500000000032,-0.09124999999999939
2026-08-16 17:33:58.271,25.734,lower,0.02687500000000065,-0.034999999999999476
2026-08-16 17:33:58.281,25.744,lower,0.07187500000000013,0.015625000000000222
2026-08-16 17:33:58.291,25.754,lower,-0.09375000000000022,-0.1287499999999997
2026-08-16 17:33:58.301,25.764,lower,0.07874999999999965,0.0318750000000001
2026-08-16 17:33:58.311,25.774,lower,-0.11062499999999975,-0.09874999999999967
2026-08-16 17:33:58.321,25.784,lower,0.010624999999999662,-0.03249999999999975
2026-08-16 17:33:58.331,25.794,lower,0.04375000000000018,0.027500000000000302
2026-08-16 17:33:58.341,25.804,lower,-0.11937499999999934,-0.1275000000000004
2026-08-16 17:33:58.351,25.814,lower,0.07874999999999965,0.03874999999999962
2026-08-16 17:33:58.361,25.824,lower,-0.13375000000000026,-0.06000000000000005
2026-08-16 17:33:58.371,25.834,lower,0.02687500000000065,-0.023124999999999396
2026-08-16 17:33:58.381,25.844,lower,0.07187500000000013,0.030000000000000027
2026-08-16 17:33:58.391,25.854,lower,-0.09375000000000022,-0.12124999999999941
2026-08-16 17:33:58.401,25.864,lower,0.08187500000000014,0.035000000000000586
2026-08-16 17:33:58.411,25.874,lower,-0.10812500000000003,-0.07062499999999972
2026-08-16 17:33:58.421,25.884,lower,0.009375000000000355,-0.016249999999999876
2026-08-16 17:33:58.431,25.894,lower,0.043125000000000524,0.024374999999999813
2026-08-16 17:33:58.441,25.904,lower,-0.11562500000000031,-0.13687499999999964
2026-08-16 17:33:58.451,25.914,lower,0.07687499999999958,0.04062499999999969
2026-08-16 17:33:58.461,25.924,lower,-0.13624999999999998,-0.07937500000000042
2026-08-16 17:33:58.471,25.934,lower,0.030000000000000027,-0.05124999999999935
2026-08-16 17:33:58.481,25.944,lower,0.061875000000000124,0.02187500000000009
2026-08-16 17:33:58.491,25.954,lower,-0.1387499999999997,-0.13375000000000026
2026-08-16 17:33:58.501,25.964,lower,0.08062499999999972,0.03937500000000038
2026-08-16 17:33:58.511,25.974,lower,-0.11499999999999955,-0.08624999999999994
2026-08-16 17:33:58.521,25.984,lower,0.007500000000000284,-0.04375000000000018
2026-08-16 17:33:58.531,25.994,lower,0.03562500000000024,0.01687500000000064
2026-08-16 17:33:58.541,26.004,lower,-0.11750000000000038,-0.13124999999999942
2026-08-16 17:33:58.551,26.014,lower,0.06937500000000041,0.03249999999999975
2026-08-16 17:33:58.561,26.024,lower,-0.08937500000000043,-0.09624999999999995
2026-08-16 17:33:58.571,26.034,lower,0.025000000000000577,-0.03562500000000024
2026-08-16 17:33:58.581,26.044,lower,0.05750000000000033,0.030000000000000027
2026-08-16 17:33:58.591,26.054,lower,-0.13937499999999936,-0.1287499999999997
2026-08-16 17:33:58.601,26.064,lower,0.07937500000000042,0.031250000000000444
2026-08-16 17:33:58.611,26.074,lower,-0.12562500000000032,-0.10000000000000009
2026-08-16 17:33:58.621,26.084,lower,0.014374999999999805,-0.03062499999999968
2026-08-16 17:33:58.631,26.094,lower,0.03249999999999975,0.031250000000000444
2026-08-16 17:33:58.641,26.104,lower,-0.11937499999999934,-0.1275000000000004
2026-08-16 17:33:58.651,26.114,lower,0.07500000000000062,0.03562500000000024
2026-08-16 17:33:58.661,26.124,lower,-0.09437499999999988,-0.061875000000000124
2026-08-16 17:33:58.671,26.134,lower,0.02562500000000023,-0.024374999999999813
2026-08-16 17:33:58.681,26.144,lower,0.05624999999999991,0.02687500000000065
2026-08-16 17:33:58.691,26.154,lower,-0.13812500000000005,-0.1387499999999997
2026-08-16 17:33:58.701,26.164,lower,0.07624999999999993,0.033125000000000515
2026-08-16 17:33:58.711,26.174,lower,-0.12562500000000032,-0.07249999999999979
2026-08-16 17:33:58.721,26.184,lower,0.010624999999999662,-0.016249999999999876
2026-08-16 17:33:58.731,26.194,lower,0.06624999999999992,0.024374999999999813
2026-08-16 17:33:58.741,26.204,lower,-0.11937499999999934,-0.13375000000000026
2026-08-16 17:33:58.751,26.214,lower,0.0737500000000002,0.04249999999999976
2026-08-16 17:33:58.761,26.224,lower,-0.09874999999999967,-0.08187500000000014
2026-08-16 17:33:58.771,26.234,lower,0.025000000000000577,-0.050000000000000044
2026-08-16 17:33:58.781,26.244,lower,0.055000000000000604,0.019375000000000364
2026-08-16 17:33:58.791,26.254,lower,-0.1387499999999997,-0.13062499999999977
2026-08-16 17:33:58.801,26.264,lower,0.06249999999999978,0.02562500000000023
2026-08-16 17:33:58.811,26.274,lower,-0.1318750000000002,-0.08375000000000021
2026-08-16 17:33:58.821,26.284,lower,0.008124999999999938,-0.04249999999999976
2026-08-16 17:33:58.831,26.294,lower,0.06312500000000054,0.015625000000000222
2026-08-16 17:33:58.841,26.304,lower,-0.11624999999999996,-0.12937499999999935
2026-08-16 17:33:58.851,26.314,lower,0.07187500000000013,0.031250000000000444
2026-08-16 17:33:58.861,26.324,lower,-0.10624999999999996,-0.09124999999999939
2026-08-16 17:33:58.871,26.334,lower,0.029375000000000373,-0.03624999999999989
2026-08-16 17:33:58.881,26.344,lower,0.0462499999999999,0.031250000000000444
2026-08-16 17:33:58.891,26.354,lower,-0.1387499999999997,-0.1331249999999995
2026-08-16 17:33:58.901,26.364,lower,0.0637500000000002,0.033125000000000515
2026-08-16 17:33:58.911,26.374,lower,-0.1343749999999999,-0.05562500000000026
2026-08-16 17:33:58.921,26.384,lower,0.013750000000000151,-0.027500000000000302
2026-08-16 17:33:58.931,26.394,lower,0.06500000000000061,0.02874999999999961
2026-08-16 17:33:58.941,26.404,lower,-0.11375000000000024,-0.13249999999999984
2026-08-16 17:33:58.951,26.414,lower,0.06937500000000041,0.03874999999999962
2026-08-16 17:33:58.961,26.424,lower,-0.10937499999999933,-0.06812499999999999
2026-08-16 17:33:58.971,26.434,lower,-0.006249999999999867,-0.02187500000000009
2026-08-16 17:33:58.981,26.444,lower,0.040000000000000036,0.02562500000000023
2026-08-16 17:33:58.991,26.454,lower,-0.1375000000000004,-0.14249999999999985
2026-08-16 17:33:59.001,26.464,lower,0.06812499999999999,0.03937500000000038
2026-08-16 17:33:59.011,26.474,lower,-0.14124999999999943,-0.07874999999999965
2026-08-16 17:33:59.021,26.484,lower,0.013125000000000497,-0.058749999999999636
2026-08-16 17:33:59.031,26.494,lower,0.061875000000000124,0.020000000000000018
2026-08-16 17:33:59.041,26.504,lower,-0.11375000000000024,-0.13624999999999998
2026-08-16 17:33:59.051,26.514,lower,0.07062499999999972,0.024374999999999813
2026-08-16 17:33:59.061,26.524,lower,-0.11312499999999948,-0.08437499999999987
2026-08-16 17:33:59.071,26.534,lower,-0.00687499999999952,-0.04750000000000032
2026-08-16 17:33:59.081,26.544,lower,0.04187500000000011,0.013125000000000497
2026-08-16 17:33:59.091,26.554,lower,-0.1318750000000002,-0.13375000000000026
2026-08-16 17:33:59.101,26.564,lower,0.06500000000000061,0.026249999999999885
2026-08-16 17:33:59.111,26.574,lower,-0.14249999999999985,-0.09187500000000015
2026-08-16 17:33:59.121,26.584,lower,0.02062499999999967,-0.04124999999999934
2026-08-16 17:33:59.131,26.594,lower,0.056875000000000675,0.03062499999999968
2026-08-16 17:33:59.141,26.604,lower,-0.15249999999999986,-0.1343749999999999
2026-08-16 17:33:59.151,26.614,lower,0.07187500000000013,0.02687500000000065
2026-08-16 17:33:59.161,26.624,lower,-0.12187500000000018,-0.10312499999999947
2026-08-16 17:33:59.171,26.634,lower,0.0012500000000004174,-0.03624999999999989
2026-08-16 17:33:59.181,26.644,lower,0.038124999999999964,0.030000000000000027
2026-08-16 17:33:59.191,26.654,lower,-0.13124999999999942,-0.1318750000000002
2026-08-16 17:33:59.201,26.664,lower,0.06937500000000041,0.033125000000000515
2026-08-16 17:33:59.211,26.674,lower,-0.09062499999999973,-0.0637500000000002
2026-08-16 17:33:59.221,26.684,lower,0.014374999999999805,-0.027500000000000302
2026-08-16 17:33:59.231,26.694,lower,0.058749999999999636,0.025000000000000577
2026-08-16 17:33:59.241,26.704,lower,-0.14625,-0.14687499999999964
2026-08-16 17:33:59.251,26.714,lower,0.07125000000000048,0.033125000000000515
2026-08-16 17:33:59.261,26.724,lower,-0.12249999999999983,-0.0737500000000002
2026-08-16 17:33:59.271,26.734,lower,-0.0012500000000004174,-0.023124999999999396
2026-08-16 17:33:59.281,26.744,lower,0.0318750000000001,0.022499999999999742
2026-08-16 17:33:59.291,26.754,lower,-0.12937499999999935,-0.14437499999999992
2026-08-16 17:33:59.301,26.764,lower,0.06874999999999964,0.03249999999999975
2026-08-16 17:33:59.311,26.774,lower,-0.09499999999999953,-0.078125
2026-08-16 17:33:59.321,26.784,lower,0.01687500000000064,-0.056874999999999565
2026-08-16 17:33:59.331,26.794,lower,0.05562500000000026,0.01687500000000064
2026-08-16 17:33:59.341,26.804,lower,-0.1475000000000004,-0.1387499999999997
2026-08-16 17:33:59.351,26.814,lower,0.06937500000000041,0.0187499999999996
2026-08-16 17:33:59.361,26.824,lower,-0.12499999999999956,-0.08750000000000036
2026-08-16 17:33:59.371,26.834,lower,0.006249999999999867,-0.04812499999999997
2026-08-16 17:33:59.381,26.844,lower,0.06624999999999992,0.02874999999999961
2026-08-16 17:33:59.391,26.854,lower,-0.12375000000000025,-0.13624999999999998
2026-08-16 17:33:59.401,26.864,lower,0.07249999999999979,0.024374999999999813
2026-08-16 17:33:59.411,26.874,lower,-0.09437499999999988,-0.09750000000000036
2026-08-16 17:33:59.421,26.884,lower,0.02375000000000016,-0.04249999999999976
2026-08-16 17:33:59.431,26.894,lower,0.05562500000000026,0.03062499999999968
2026-08-16 17:33:59.441,26.904,lower,-0.14062499999999978,-0.13687499999999964
2026-08-16 17:33:59.451,26.914,lower,0.061875000000000124,0.029375000000000373
2026-08-16 17:33:59.461,26.924,lower,-0.12562500000000032,-0.05750000000000033
2026-08-16 17:33:59.471,26.934,lower,0.010624999999999662,-0.033124999999999405
2026-08-16 17:33:59.481,26.944,lower,0.06562500000000027,0.02562500000000023
2026-08-16 17:33:59.491,26.954,lower,-0.12062499999999976,-0.14249999999999985
2026-08-16 17:33:59.501,26.964,lower,0.07312500000000055,0.030000000000000027
2026-08-16 17:33:59.511,26.974,lower,-0.10062499999999974,-0.07187500000000013
2026-08-16 17:33:59.521,26.984,lower,0.028124999999999956,-0.03062499999999968
2026-08-16 17:33:59.531,26.994,lower,0.050000000000000044,0.02187500000000009
2026-08-16 17:33:59.541,27.004,lower,-0.14062499999999978,-0.1418750000000002
2026-08-16 17:33:59.551,27.014,lower,0.06500000000000061,0.02874999999999961
2026-08-16 17:33:59.561,27.024,lower,-0.13249999999999984,-0.07312499999999944
2026-08-16 17:33:59.571,27.034,lower,0.008124999999999938,-0.0649999999999995
2026-08-16 17:33:59.581,27.044,lower,0.06437499999999985,0.015625000000000222
2026-08-16 17:33:59.591,27.054,lower,-0.12187500000000018,-0.1418750000000002
2026-08-16 17:33:59.601,27.064,lower,0.07125000000000048,0.015625000000000222
2026-08-16 17:33:59.611,27.074,lower,-0.09937499999999932,-0.08375000000000021
2026-08-16 17:33:59.621,27.084,lower,-0.008749999999999591,-0.05624999999999991
2026-08-16 17:33:59.631,27.094,lower,0.0506249999999997,0.016249999999999876
2026-08-16 17:33:59.641,27.104,lower,-0.13562500000000033,-0.1418750000000002
2026-08-16 17:33:59.651,27.114,lower,0.06937500000000041,0.020000000000000018
2026-08-16 17:33:59.661,27.124,lower,-0.1287499999999997,-0.08874999999999966
2026-08-16 17:33:59.671,27.134,lower,0.012499999999999734,-0.04874999999999963
2026-08-16 17:33:59.681,27.144,lower,0.06874999999999964,0.028124999999999956
2026-08-16 17:33:59.691,27.154,lower,-0.15437499999999993,-0.13937499999999936
2026-08-16 17:33:59.701,27.164,lower,0.07562500000000028,0.02687500000000065
2026-08-16 17:33:59.711,27.174,lower,-0.1012499999999994,-0.056874999999999565
2026-08-16 17:33:59.721,27.184,lower,-0.008749999999999591,-0.040000000000000036
2026-08-16 17:33:59.731,27.194,lower,0.051875000000000115,0.026249999999999885
2026-08-16 17:33:59.741,27.204,lower,-0.1387499999999997,-0.13812500000000005
2026-08-16 17:33:59.751,27.214,lower,0.0637500000000002,0.027500000000000302
2026-08-16 17:33:59.761,27.224,lower,-0.1331249999999995,-0.06062499999999971
2026-08-16 17:33:59.771,27.234,lower,0.015000000000000568,-0.03562500000000024
2026-08-16 17:33:59.781,27.244,lower,0.06312500000000054,0.023125000000000506
2026-08-16 17:33:59.791,27.254,lower,-0.15000000000000013,-0.14000000000000012
2026-08-16 17:33:59.801,27.264,lower,0.07125000000000048,0.03062499999999968
2026-08-16 17:33:59.811,27.274,lower,-0.11312499999999948,-0.06812499999999999
2026-08-16 17:33:59.821,27.284,lower,-0.0006249999999996536,-0.06937500000000041
2026-08-16 17:33:59.831,27.294,lower,0.04249999999999976,0.026249999999999885
2026-08-16 17:33:59.841,27.304,lower,-0.13687499999999964,-0.14249999999999985
2026-08-16 17:33:59.851,27.314,lower,0.06750000000000034,0.033125000000000515
2026-08-16 17:33:59.861,27.324,lower,-0.08000000000000007,-0.07937500000000042
2026-08-16 17:33:59.871,27.334,lower,0.01687500000000064,-0.06437499999999985
2026-08-16 17:33:59.881,27.344,lower,0.06437499999999985,0.018124999999999947
2026-08-16 17:33:59.891,27.354,lower,-0.14437499999999992,-0.14499999999999957
2026-08-16 17:33:59.901,27.364,lower,0.07500000000000062,0.0187499999999996
2026-08-16 17:33:59.911,27.374,lower,-0.11312499999999948,-0.08687499999999959
2026-08-16 17:33:59.921,27.384,lower,0.001875000000000071,-0.05249999999999977
2026-08-16 17:33:59.931,27.394,lower,0.06750000000000034,0.027500000000000302
2026-08-16 17:33:59.941,27.404,lower,-0.13249999999999984,-0.14062499999999978
2026-08-16 17:33:59.951,27.414,lower,0.07187500000000013,0.026249999999999885
2026-08-16 17:33:59.961,27.424,lower,-0.08124999999999938,-0.09624999999999995
2026-08-16 17:33:59.971,27.434,lower,0.020000000000000018,-0.04812499999999997
2026-08-16 17:33:59.981,27.444,lower,0.06437499999999985,0.02874999999999961
2026-08-16 17:33:59.991,27.454,lower,-0.14499999999999957,-0.13687499999999964
2026-08-16 17:34:00.001,27.464,lower,0.07624999999999993,0.02375000000000016
2026-08-16 17:34:00.011,27.474,lower,-0.11687499999999962,-0.05562500000000026
2026-08-16 17:34:00.021,27.484,lower,0.003750000000000142,-0.038124999999999964
2026-08-16 17:34:00.031,27.494,lower,0.07062499999999972,0.02375000000000016
2026-08-16 17:34:00.041,27.504,lower,-0.12812500000000004,-0.14562500000000034
2026-08-16 17:34:00.051,27.514,lower,0.06937500000000041,0.029375000000000373
2026-08-16 17:34:00.061,27.524,lower,-0.09375000000000022,-0.06624999999999992
2026-08-16 17:34:00.071,27.534,lower,0.02062499999999967,-0.033124999999999405
2026-08-16 17:34:00.081,27.544,lower,0.06000000000000005,0.022499999999999742
2026-08-16 17:34:00.091,27.554,lower,-0.14562500000000034,-0.14687499999999964
2026-08-16 17:34:00.101,27.564,lower,0.0637500000000002,0.029375000000000373
2026-08-16 17:34:00.111,27.574,lower,-0.11937499999999934,-0.07437499999999986
2026-08-16 17:34:00.121,27.584,lower,0.001875000000000071,-0.06874999999999964
2026-08-16 17:34:00.131,27.594,lower,0.07062499999999972,0.02187500000000009
2026-08-16 17:34:00.141,27.604,lower,-0.1287499999999997,-0.1431249999999995
2026-08-16 17:34:00.151,27.614,lower,0.07000000000000006,0.015000000000000568
2026-08-16 17:34:00.161,27.624,lower,-0.09375000000000022,-0.08499999999999952
2026-08-16 17:34:00.171,27.634,lower,-0.012499999999999734,-0.0593750000000004
2026-08-16 17:34:00.181,27.644,lower,0.055000000000000604,0.020000000000000018
2026-08-16 17:34:00.191,27.654,lower,-0.14375000000000027,-0.14124999999999943
2026-08-16 17:34:00.201,27.664,lower,0.06750000000000034,0.021250000000000435
2026-08-16 17:34:00.211,27.674,lower,-0.12624999999999997,-0.09062499999999973
2026-08-16 17:34:00.221,27.684,lower,0.006875000000000631,-0.05249999999999977
2026-08-16 17:34:00.231,27.694,lower,0.07125000000000048,0.027500000000000302
2026-08-16 17:34:00.241,27.704,lower,-0.13000000000000012,-0.13624999999999998
2026-08-16 17:34:00.251,27.714,lower,0.07437499999999986,0.025000000000000577
2026-08-16 17:34:00.261,27.724,lower,-0.0956250000000003,-0.05624999999999991
2026-08-16 17:34:00.271,27.734,lower,-0.015625000000000222,-0.04562500000000025
2026-08-16 17:34:00.281,27.744,lower,0.055000000000000604,0.028124999999999956
2026-08-16 17:34:00.291,27.754,lower,-0.14124999999999943,-0.13812500000000005
2026-08-16 17:34:00.301,27.764,lower,0.0593750000000004,0.024374999999999813
2026-08-16 17:34:00.311,27.774,lower,-0.13062499999999977,-0.06124999999999936
2026-08-16 17:34:00.321,27.784,lower,0.010624999999999662,-0.03750000000000031
2026-08-16 17:34:00.331,27.794,lower,0.06062499999999971,0.02375000000000016
2026-08-16 17:34:00.341,27.804,lower,-0.15937499999999938,-0.1431249999999995
2026-08-16 17:34:00.351,27.814,lower,0.07125000000000048,0.03437499999999982
2026-08-16 17:34:00.361,27.824,lower,-0.10499999999999954,-0.06874999999999964
2026-08-16 17:34:00.371,27.834,lower,-0.009375000000000355,-0.07187500000000013
2026-08-16 17:34:00.381,27.844,lower,0.051875000000000115,0.024374999999999813
2026-08-16 17:34:00.391,27.854,lower,-0.14499999999999957,-0.14249999999999985
2026-08-16 17:34:00.401,27.864,lower,0.06874999999999964,0.033125000000000515
2026-08-16 17:34:00.411,27.874,lower,-0.07187500000000013,-0.07937500000000042
2026-08-16 17:34:00.421,27.884,lower,0.008749999999999591,-0.061875000000000124
2026-08-16 17:34:00.431,27.894,lower,0.0637500000000002,0.015625000000000222
2026-08-16 17:34:00.441,27.904,lower,-0.15249999999999986,-0.14124999999999943
2026-08-16 17:34:00.451,27.914,lower,0.07125000000000048,0.019375000000000364
2026-08-16 17:34:00.461,27.924,lower,-0.10937499999999933,-0.08437499999999987
2026-08-16 17:34:00.471,27.934,lower,-0.004999999999999449,-0.051875000000000115
2026-08-16 17:34:00.481,27.944,lower,0.04375000000000018,0.028124999999999956
2026-08-16 17:34:00.491,27.954,lower,-0.14062499999999978,-0.14124999999999943
2026-08-16 17:34:00.501,27.964,lower,0.06500000000000061,0.02375000000000016
2026-08-16 17:34:00.511,27.974,lower,-0.08375000000000021,-0.046874999999999556
2026-08-16 17:34:00.521,27.984,lower,0.010624999999999662,-0.04812499999999997
2026-08-16 17:34:00.531,27.994,lower,0.0593750000000004,0.03249999999999975
2026-08-16 17:34:00.541,28.004,lower,-0.1606249999999998,-0.13812500000000005
2026-08-16 17:34:00.551,28.014,lower,0.07000000000000006,0.02687500000000065
2026-08-16 17:34:00.561,28.024,lower,-0.11562500000000031,-0.05124999999999935
2026-08-16 17:34:00.571,28.034,lower,-0.009375000000000355,-0.03937500000000038
2026-08-16 17:34:00.581,28.044,lower,0.06312500000000054,0.02562500000000023
2026-08-16 17:34:00.591,28.054,lower,-0.14437499999999992,-0.1475000000000004
2026-08-16 17:34:00.601,28.064,lower,0.0637500000000002,0.03249999999999975
2026-08-16 17:34:00.611,28.074,lower,-0.08562500000000028,-0.06124999999999936
2026-08-16 17:34:00.621,28.084,lower,0.02187500000000009,-0.03249999999999975
2026-08-16 17:34:00.631,28.094,lower,0.056875000000000675,0.029375000000000373
2026-08-16 17:34:00.641,28.104,lower,-0.08187500000000014,-0.14687499999999964
2026-08-16 17:34:00.651,28.114,lower,0.0637500000000002,0.0318750000000001
2026-08-16 17:34:00.661,28.124,lower,-0.04812499999999997,-0.07000000000000006
2026-08-16 17:34:00.671,28.134,lower,0.0031250000000004885,-0.06624999999999992
2026-08-16 17:34:00.681,28.144,lower,0.058749999999999636,0.02375000000000016
2026-08-16 17:34:00.691,28.154,lower,-0.08000000000000007,-0.1475000000000004
2026-08-16 17:34:00.701,28.164,lower,0.056875000000000675,0.021250000000000435
2026-08-16 17:34:00.711,28.174,lower,-0.030000000000000027,-0.07750000000000035
2026-08-16 17:34:00.721,28.184,lower,0.013125000000000497,-0.058749999999999636
2026-08-16 17:34:00.731,28.194,lower,0.045000000000000595,0.035000000000000586
2026-08-16 17:34:00.741,28.204,lower,-0.08874999999999966,-0.14249999999999985
2026-08-16 17:34:00.751,28.214,lower,0.045000000000000595,0.021250000000000435
2026-08-16 17:34:00.761,28.224,lower,-0.0593750000000004,-0.08562500000000028
2026-08-16 17:34:00.771,28.234,lower,0.0012500000000004174,-0.051875000000000115
2026-08-16 17:34:00.781,28.244,lower,0.04874999999999963,0.027500000000000302
2026-08-16 17:34:00.791,28.254,lower,-0.08624999999999994,-0.1431249999999995
2026-08-16 17:34:00.801,28.264,lower,0.04812499999999997,0.027500000000000302
2026-08-16 17:34:00.811,28.274,lower,-0.044999999999999485,-0.04937500000000039
2026-08-16 17:34:00.821,28.284,lower,-0.02187500000000009,-0.044999999999999485
2026-08-16 17:34:00.831,28.294,lower,0.04125000000000045,0.029375000000000373
2026-08-16 17:34:00.841,28.304,lower,-0.09812500000000002,-0.1431249999999995
2026-08-16 17:34:00.851,28.314,lower,0.03874999999999962,0.031250000000000444
2026-08-16 17:34:00.861,28.324,lower,-0.06624999999999992,-0.05812499999999998
2026-08-16 17:34:00.871,28.334,lower,-0.006249999999999867,-0.03687499999999955
2026-08-16 17:34:00.881,28.344,lower,0.04062499999999969,0.031250000000000444
2026-08-16 17:34:00.891,28.354,lower,-0.10437499999999988,-0.14625
2026-08-16 17:34:00.901,28.364,lower,0.04437499999999983,0.029375000000000373
2026-08-16 17:34:00.911,28.374,lower,-0.05249999999999977,-0.0649999999999995
2026-08-16 17:34:00.921,28.384,lower,-0.02062499999999967,-0.07562500000000028
2026-08-16 17:34:00.931,28.394,lower,0.031250000000000444,0.022499999999999742
2026-08-16 17:34:00.941,28.404,lower,-0.10062499999999974,-0.14562500000000034
2026-08-16 17:34:00.951,28.414,lower,0.04187500000000011,0.013750000000000151
2026-08-16 17:34:00.961,28.424,lower,-0.07437499999999986,-0.07499999999999951
2026-08-16 17:34:00.971,28.434,lower,-0.009375000000000355,-0.06437499999999985
2026-08-16 17:34:00.981,28.444,lower,0.04187500000000011,0.023125000000000506
2026-08-16 17:34:00.991,28.454,lower,-0.10437499999999988,-0.14249999999999985
2026-08-16 17:34:01.001,28.464,lower,0.04125000000000045,0.020000000000000018
2026-08-16 17:34:01.011,28.474,lower,-0.05312499999999942,-0.08062499999999972
2026-08-16 17:34:01.021,28.484,lower,-0.026249999999999885,-0.05812499999999998
2026-08-16 17:34:01.031,28.494,lower,0.029375000000000373,0.03437499999999982
2026-08-16 17:34:01.041,28.504,lower,-0.09874999999999967,-0.1418750000000002
2026-08-16 17:34:01.051,28.514,lower,0.035000000000000586,0.017500000000000293
2026-08-16 17:34:01.061,28.524,lower,-0.04375000000000018,-0.04375000000000018
2026-08-16 17:34:01.071,28.534,lower,-0.006249999999999867,-0.04937500000000039
2026-08-16 17:34:01.081,28.544,lower,0.03375000000000017,0.031250000000000444
2026-08-16 17:34:01.091,28.554,lower,-0.10750000000000037,-0.14249999999999985
2026-08-16 17:34:01.101,28.564,lower,0.040000000000000036,0.031250000000000444
2026-08-16 17:34:01.111,28.574,lower,-0.06687499999999957,-0.04937500000000039
2026-08-16 17:34:01.121,28.584,lower,-0.024374999999999813,-0.03687499999999955
2026-08-16 17:34:01.131,28.594,lower,0.03375000000000017,0.0318750000000001
2026-08-16 17:34:01.141,28.604,lower,-0.10750000000000037,-0.14562500000000034
2026-08-16 17:34:01.151,28.614,lower,0.035000000000000586,0.03062499999999968
2026-08-16 17:34:01.161,28.624,lower,-0.044999999999999485,-0.061875000000000124
2026-08-16 17:34:01.171,28.634,lower,-0.011249999999999316,-0.078125
2026-08-16 17:34:01.181,28.644,lower,0.031250000000000444,0.030000000000000027
2026-08-16 17:34:01.191,28.654,lower,-0.10624999999999996,-0.14499999999999957
2026-08-16 17:34:01.201,28.664,lower,0.03562500000000024,0.03249999999999975
2026-08-16 17:34:01.211,28.674,lower,-0.07000000000000006,-0.06562500000000027
2026-08-16 17:34:01.221,28.684,lower,-0.02062499999999967,-0.06562500000000027
2026-08-16 17:34:01.231,28.694,lower,0.031250000000000444,0.02687500000000065
2026-08-16 17:34:01.241,28.704,lower,-0.10249999999999981,-0.1431249999999995
2026-08-16 17:34:01.251,28.714,lower,0.03562500000000024,0.0187499999999996
2026-08-16 17:34:01.261,28.724,lower,-0.0506249999999997,-0.07499999999999951
2026-08-16 17:34:01.271,28.734,lower,-0.012499999999999734,-0.06062499999999971
2026-08-16 17:34:01.281,28.744,lower,0.031250000000000444,0.03437499999999982
2026-08-16 17:34:01.291,28.754,lower,-0.1143749999999999,-0.14375000000000027
2026-08-16 17:34:01.301,28.764,lower,0.02062499999999967,0.021250000000000435
2026-08-16 17:34:01.311,28.774,lower,-0.07249999999999979,-0.08687499999999959
2026-08-16 17:34:01.321,28.784,lower,-0.02562500000000023,-0.05624999999999991
2026-08-16 17:34:01.331,28.794,lower,0.029375000000000373,0.03375000000000017
2026-08-16 17:34:01.341,28.804,lower,-0.10312499999999947,-0.14375000000000027
2026-08-16 17:34:01.351,28.814,lower,0.03062499999999968,0.02375000000000016
2026-08-16 17:34:01.361,28.824,lower,-0.054999999999999494,-0.04812499999999997
2026-08-16 17:34:01.371,28.834,lower,-0.007500000000000284,-0.04562500000000025
2026-08-16 17:34:01.381,28.844,lower,0.02874999999999961,0.031250000000000444
2026-08-16 17:34:01.391,28.854,lower,-0.1100000000000001,-0.1475000000000004
2026-08-16 17:34:01.401,28.864,lower,0.025000000000000577,0.026249999999999885
2026-08-16 17:34:01.411,28.874,lower,-0.07499999999999951,-0.054999999999999494
2026-08-16 17:34:01.421,28.884,lower,-0.02062499999999967,-0.04375000000000018
2026-08-16 17:34:01.431,28.894,lower,0.033125000000000515,0.026249999999999885
2026-08-16 17:34:01.441,28.904,lower,-0.10187500000000016,-0.14687499999999964
2026-08-16 17:34:01.451,28.914,lower,0.033125000000000515,0.029375000000000373
2026-08-16 17:34:01.461,28.924,lower,-0.053750000000000187,-0.07062499999999972
2026-08-16 17:34:01.471,28.934,lower,-0.03624999999999989,-0.07874999999999965
2026-08-16 17:34:01.481,28.944,lower,0.022499999999999742,0.023125000000000506
2026-08-16 17:34:01.491,28.954,lower,-0.10750000000000037,-0.14812500000000006
2026-08-16 17:34:01.501,28.964,lower,0.02687500000000065,0.014374999999999805
2026-08-16 17:34:01.511,28.974,lower,-0.078125,-0.07624999999999993
2026-08-16 17:34:01.521,28.984,lower,-0.016249999999999876,-0.07062499999999972
2026-08-16 17:34:01.531,28.994,lower,0.028124999999999956,0.018124999999999947
2026-08-16 17:34:01.541,29.004,lower,-0.11624999999999996,-0.1531249999999995
2026-08-16 17:34:01.551,29.014,lower,0.03249999999999975,0.006875000000000631
2026-08-16 17:34:01.561,29.024,lower,-0.06124999999999936,-0.08937500000000043
2026-08-16 17:34:01.571,29.034,lower,-0.03375000000000017,-0.06437499999999985
2026-08-16 17:34:01.581,29.044,lower,0.025000000000000577,0.027500000000000302
2026-08-16 17:34:01.591,29.054,lower,-0.11062499999999975,-0.14687499999999964
2026-08-16 17:34:01.601,29.064,lower,0.02375000000000016,0.020000000000000018
2026-08-16 17:34:01.611,29.074,lower,-0.07874999999999965,-0.0462499999999999
2026-08-16 17:34:01.621,29.084,lower,-0.019375000000000364,-0.05437499999999984
2026-08-16 17:34:01.631,29.094,lower,0.029375000000000373,0.031250000000000444
2026-08-16 17:34:01.641,29.104,lower,-0.11187500000000017,-0.14625
2026-08-16 17:34:01.651,29.114,lower,0.0318750000000001,0.023125000000000506
2026-08-16 17:34:01.661,29.124,lower,-0.0637500000000002,-0.056874999999999565
2026-08-16 17:34:01.671,29.134,lower,-0.031249999999999334,-0.046874999999999556
2026-08-16 17:34:01.681,29.144,lower,0.02062499999999967,0.028124999999999956
2026-08-16 17:34:01.691,29.154,lower,-0.1100000000000001,-0.1518750000000002
2026-08-16 17:34:01.701,29.164,lower,0.02874999999999961,0.024374999999999813
2026-08-16 17:34:01.711,29.174,lower,-0.04375000000000018,-0.0649999999999995
2026-08-16 17:34:01.721,29.184,lower,-0.019375000000000364,-0.08562500000000028
2026-08-16 17:34:01.731,29.194,lower,0.029375000000000373,0.02187500000000009
2026-08-16 17:34:01.741,29.204,lower,-0.11562500000000031,-0.1531249999999995
2026-08-16 17:34:01.751,29.214,lower,0.030000000000000027,0.028124999999999956
2026-08-16 17:34:01.761,29.224,lower,-0.06562500000000027,-0.07124999999999937
2026-08-16 17:34:01.771,29.234,lower,-0.03062499999999968,-0.07624999999999993
2026-08-16 17:34:01.781,29.244,lower,0.02874999999999961,0.024374999999999813
2026-08-16 17:34:01.791,29.254,lower,-0.10624999999999996,-0.15249999999999986
2026-08-16 17:34:01.801,29.264,lower,0.024374999999999813,0.008749999999999591
2026-08-16 17:34:01.811,29.274,lower,-0.051875000000000115,-0.08437499999999987
2026-08-16 17:34:01.821,29.284,lower,-0.019375000000000364,-0.07062499999999972
2026-08-16 17:34:01.831,29.294,lower,0.02375000000000016,0.026249999999999885
2026-08-16 17:34:01.841,29.304,lower,-0.11874999999999969,-0.15687499999999965
2026-08-16 17:34:01.851,29.314,lower,0.028124999999999956,0.015625000000000222
2026-08-16 17:34:01.861,29.324,lower,-0.07312499999999944,-0.09437499999999988
2026-08-16 17:34:01.871,29.334,lower,-0.030000000000000027,-0.06437499999999985
2026-08-16 17:34:01.881,29.344,lower,0.0318750000000001,0.031250000000000444
2026-08-16 17:34:01.891,29.354,lower,-0.1100000000000001,-0.14937499999999937
2026-08-16 17:34:01.901,29.364,lower,0.026249999999999885,0.01687500000000064
2026-08-16 17:34:01.911,29.374,lower,-0.0506249999999997,-0.05124999999999935
2026-08-16 17:34:01.921,29.384,lower,-0.01687499999999953,-0.0506249999999997
2026-08-16 17:34:01.931,29.394,lower,0.025000000000000577,0.023125000000000506
2026-08-16 17:34:01.941,29.404,lower,-0.11624999999999996,-0.15499999999999958
2026-08-16 17:34:01.951,29.414,lower,0.016249999999999876,0.02187500000000009
2026-08-16 17:34:01.961,29.424,lower,-0.0737500000000002,-0.06124999999999936
2026-08-16 17:34:01.971,29.434,lower,-0.031249999999999334,-0.09187500000000015
2026-08-16 17:34:01.981,29.444,lower,0.030000000000000027,0.024374999999999813
2026-08-16 17:34:01.991,29.454,lower,-0.1056250000000003,-0.15437499999999993
2026-08-16 17:34:02.001,29.464,lower,0.02874999999999961,0.02187500000000009
2026-08-16 17:34:02.011,29.474,lower,-0.053750000000000187,-0.06874999999999964
2026-08-16 17:34:02.021,29.484,lower,-0.04750000000000032,-0.08499999999999952
2026-08-16 17:34:02.031,29.494,lower,0.025000000000000577,0.020000000000000018
2026-08-16 17:34:02.041,29.504,lower,-0.11187500000000017,-0.15625
2026-08-16 17:34:02.051,29.514,lower,0.02187500000000009,0.006875000000000631
2026-08-16 17:34:02.061,29.524,lower,-0.07687499999999958,-0.078125
2026-08-16 17:34:02.071,29.534,lower,-0.026874999999999538,-0.07624999999999993
2026-08-16 17:34:02.081,29.544,lower,0.0318750000000001,0.030000000000000027
2026-08-16 17:34:02.091,29.554,lower,-0.10750000000000037,-0.15375000000000028
2026-08-16 17:34:02.101,29.564,lower,0.029375000000000373,0.014374999999999805
2026-08-16 17:34:02.111,29.574,lower,-0.058749999999999636,-0.08687499999999959
2026-08-16 17:34:02.121,29.584,lower,-0.03937500000000038,-0.06687499999999957
2026-08-16 17:34:02.131,29.594,lower,0.025000000000000577,0.02687500000000065
2026-08-16 17:34:02.141,29.604,lower,-0.11375000000000024,-0.14812500000000006
2026-08-16 17:34:02.151,29.614,lower,0.02562500000000023,0.019375000000000364
2026-08-16 17:34:02.161,29.624,lower,-0.08000000000000007,-0.04937500000000039
2026-08-16 17:34:02.171,29.634,lower,-0.026874999999999538,-0.05812499999999998
2026-08-16 17:34:02.181,29.644,lower,0.03062499999999968,0.029375000000000373
2026-08-16 17:34:02.191,29.654,lower,-0.11874999999999969,-0.15562500000000035
2026-08-16 17:34:02.201,29.664,lower,0.030000000000000027,0.017500000000000293
2026-08-16 17:34:02.211,29.674,lower,-0.06062499999999971,-0.05624999999999991
2026-08-16 17:34:02.221,29.684,lower,-0.03687499999999955,-0.05249999999999977
2026-08-16 17:34:02.231,29.694,lower,0.021250000000000435,0.02687500000000065
2026-08-16 17:34:02.241,29.704,lower,-0.1100000000000001,-0.15124999999999944
2026-08-16 17:34:02.251,29.714,lower,0.024374999999999813,0.023125000000000506
2026-08-16 17:34:02.261,29.724,lower,-0.04437499999999983,-0.06624999999999992
2026-08-16 17:34:02.271,29.734,lower,-0.022499999999999742,-0.08874999999999966
2026-08-16 17:34:02.281,29.744,lower,0.02687500000000065,0.026249999999999885
2026-08-16 17:34:02.291,29.754,lower,-0.1200000000000001,-0.1531249999999995
2026-08-16 17:34:02.301,29.764,lower,0.02375000000000016,0.0031250000000004885
2026-08-16 17:34:02.311,29.774,lower,-0.06750000000000034,-0.07437499999999986
2026-08-16 17:34:02.321,29.784,lower,-0.04750000000000032,-0.08187500000000014
2026-08-16 17:34:02.331,29.794,lower,0.015625000000000222,0.01687500000000064
2026-08-16 17:34:02.341,29.804,lower,-0.11624999999999996,-0.15437499999999993
2026-08-16 17:34:02.351,29.814,lower,0.015000000000000568,0.008124999999999938
2026-08-16 17:34:02.361,29.824,lower,-0.050000000000000044,-0.08937500000000043
2026-08-16 17:34:02.371,29.834,lower,-0.029375000000000373,-0.0737500000000002
2026-08-16 17:34:02.381,29.844,lower,0.02062499999999967,0.027500000000000302
2026-08-16 17:34:02.391,29.854,lower,-0.12375000000000025,-0.1531249999999995
2026-08-16 17:34:02.401,29.864,lower,0.025000000000000577,0.009375000000000355
2026-08-16 17:34:02.411,29.874,lower,-0.07499999999999951,-0.043124999999999414
2026-08-16 17:34:02.421,29.884,lower,-0.03687499999999955,-0.06562500000000027
2026-08-16 17:34:02.431,29.894,lower,0.02375000000000016,0.02375000000000016
2026-08-16 17:34:02.441,29.904,lower,-0.11624999999999996,-0.14937499999999937
2026-08-16 17:34:02.451,29.914,lower,0.023125000000000506,0.01687500000000064
2026-08-16 17:34:02.461,29.924,lower,-0.0506249999999997,-0.054999999999999494
2026-08-16 17:34:02.471,29.934,lower,-0.022499999999999742,-0.058749999999999636
2026-08-16 17:34:02.481,29.944,lower,0.02562500000000023,0.025000000000000577
2026-08-16 17:34:02.491,29.954,lower,-0.11937499999999934,-0.15625
2026-08-16 17:34:02.501,29.964,lower,0.013750000000000151,0.0187499999999996
2026-08-16 17:34:02.511,29.974,lower,-0.06937500000000041,-0.06062499999999971
2026-08-16 17:34:02.521,29.984,lower,-0.034999999999999476,-0.0924999999999998
2026-08-16 17:34:02.531,29.994,lower,0.029375000000000373,0.02375000000000016
2026-08-16 17:34:02.541,30.004,lower,-0.11249999999999982,-0.15437499999999993
2026-08-16 17:34:02.551,30.014,lower,0.02187500000000009,0.024374999999999813
2026-08-16 17:34:02.561,30.024,lower,-0.0506249999999997,-0.06937500000000041
2026-08-16 17:34:02.571,30.034,lower,-0.019375000000000364,-0.08874999999999966
2026-08-16 17:34:02.581,30.044,lower,0.022499999999999742,0.018124999999999947
2026-08-16 17:34:02.591,30.054,lower,-0.11562500000000031,-0.15687499999999965
2026-08-16 17:34:02.601,30.064,lower,0.020000000000000018,0.001875000000000071
2026-08-16 17:34:02.611,30.074,lower,-0.07312499999999944,-0.08375000000000021
2026-08-16 17:34:02.621,30.084,lower,-0.030000000000000027,-0.07750000000000035
2026-08-16 17:34:02.631,30.094,lower,0.031250000000000444,0.02687500000000065
2026-08-16 17:34:02.641,30.104,lower,-0.1112499999999994,-0.15124999999999944
2026-08-16 17:34:02.651,30.114,lower,0.027500000000000302,0.013125000000000497
2026-08-16 17:34:02.661,30.124,lower,-0.05437499999999984,-0.08687499999999959
2026-08-16 17:34:02.671,30.134,lower,-0.051875000000000115,-0.06874999999999964
2026-08-16 17:34:02.681,30.144,lower,0.022499999999999742,0.029375000000000373
2026-08-16 17:34:02.691,30.154,lower,-0.1143749999999999,-0.14937499999999937
2026-08-16 17:34:02.701,30.164,lower,0.01687500000000064,0.01687500000000064
2026-08-16 17:34:02.711,30.174,lower,-0.07750000000000035,-0.046874999999999556
2026-08-16 17:34:02.721,30.184,lower,-0.029375000000000373,-0.061875000000000124
2026-08-16 17:34:02.731,30.194,lower,0.024374999999999813,0.02687500000000065
2026-08-16 17:34:02.741,30.204,lower,-0.12375000000000025,-0.1531249999999995
2026-08-16 17:34:02.751,30.214,lower,0.025000000000000577,0.0187499999999996
2026-08-16 17:34:02.761,30.224,lower,-0.061875000000000124,-0.05312499999999942
2026-08-16 17:34:02.771,30.234,lower,-0.04562500000000025,-0.054999999999999494
2026-08-16 17:34:02.781,30.244,lower,0.023125000000000506,0.023125000000000506
2026-08-16 17:34:02.791,30.254,lower,-0.11750000000000038,-0.15750000000000042
2026-08-16 17:34:02.801,30.264,lower,0.019375000000000364,0.02375000000000016
2026-08-16 17:34:02.811,30.274,lower,-0.0824999999999998,-0.0649999999999995
2026-08-16 17:34:02.821,30.284,lower,-0.0318750000000001,-0.09187500000000015
2026-08-16 17:34:02.831,30.294,lower,0.02687500000000065,0.025000000000000577
2026-08-16 17:34:02.841,30.304,lower,-0.12124999999999941,-0.15750000000000042
2026-08-16 17:34:02.851,30.314,lower,0.024374999999999813,0.005625000000000213
2026-08-16 17:34:02.861,30.324,lower,-0.06437499999999985,-0.0737500000000002
2026-08-16 17:34:02.871,30.334,lower,-0.04562500000000025,-0.08687499999999959
2026-08-16 17:34:02.881,30.344,lower,0.0187499999999996,0.0187499999999996
2026-08-16 17:34:02.891,30.354,lower,-0.11937499999999934,-0.15375000000000028
2026-08-16 17:34:02.901,30.364,lower,0.019375000000000364,0.006249999999999867
2026-08-16 17:34:02.911,30.374,lower,-0.044999999999999485,-0.08375000000000021
2026-08-16 17:34:02.921,30.384,lower,-0.03062499999999968,-0.07062499999999972
2026-08-16 17:34:02.931,30.394,lower,0.02187500000000009,0.02874999999999961
2026-08-16 17:34:02.941,30.404,lower,-0.12375000000000025,-0.1506249999999998
2026-08-16 17:34:02.951,30.414,lower,0.02375000000000016,0.015625000000000222
2026-08-16 17:34:02.961,30.424,lower,-0.07062499999999972,-0.040000000000000036
2026-08-16 17:34:02.971,30.434,lower,-0.04812499999999997,-0.06437499999999985
2026-08-16 17:34:02.981,30.444,lower,0.015625000000000222,0.02687500000000065
2026-08-16 17:34:02.991,30.454,lower,-0.12187500000000018,-0.14812500000000006
2026-08-16 17:34:03.001,30.464,lower,0.015000000000000568,0.018124999999999947
2026-08-16 17:34:03.011,30.474,lower,-0.05437499999999984,-0.050000000000000044
2026-08-16 17:34:03.021,30.484,lower,-0.03249999999999975,-0.06124999999999936
2026-08-16 17:34:03.031,30.494,lower,0.011250000000000426,0.02874999999999961
2026-08-16 17:34:03.041,30.504,lower,-0.12687499999999963,-0.15750000000000042
2026-08-16 17:34:03.051,30.514,lower,0.006249999999999867,0.016249999999999876
2026-08-16 17:34:03.061,30.524,lower,-0.07874999999999965,-0.06062499999999971
2026-08-16 17:34:03.071,30.534,lower,-0.04812499999999997,-0.09812500000000002
2026-08-16 17:34:03.081,30.544,lower,0.019375000000000364,0.02375000000000016
2026-08-16 17:34:03.091,30.554,lower,-0.12562500000000032,-0.15750000000000042
2026-08-16 17:34:03.101,30.564,lower,0.011250000000000426,0.0012500000000004174
2026-08-16 17:34:03.111,30.574,lower,-0.05812499999999998,-0.06562500000000027
2026-08-16 17:34:03.121,30.584,lower,-0.034999999999999476,-0.08812500000000001
2026-08-16 17:34:03.131,30.594,lower,0.01687500000000064,0.022499999999999742
2026-08-16 17:34:03.141,30.604,lower,-0.12624999999999997,-0.15437499999999993
2026-08-16 17:34:03.151,30.614,lower,0.006249999999999867,0.0031250000000004885
2026-08-16 17:34:03.161,30.624,lower,-0.07562500000000028,-0.08000000000000007
2026-08-16 17:34:03.171,30.634,lower,-0.04437499999999983,-0.07624999999999993
2026-08-16 17:34:03.181,30.644,lower,0.019375000000000364,0.031250000000000444
2026-08-16 17:34:03.191,30.654,lower,-0.11750000000000038,-0.14937499999999937
2026-08-16 17:34:03.201,30.664,lower,0.015000000000000568,0.01687500000000064
2026-08-16 17:34:03.211,30.674,lower,-0.058749999999999636,-0.08687499999999959
2026-08-16 17:34:03.221,30.684,lower,-0.058749999999999636,-0.06874999999999964
2026-08-16 17:34:03.231,30.694,lower,0.013750000000000151,0.02874999999999961
2026-08-16 17:34:03.241,30.704,lower,-0.1275000000000004,-0.1506249999999998
2026-08-16 17:34:03.251,30.714,lower,0.012499999999999734,0.017500000000000293
2026-08-16 17:34:03.261,30.724,lower,-0.08062499999999972,-0.04375000000000018
2026-08-16 17:34:03.271,30.734,lower,-0.040000000000000036,-0.061875000000000124
2026-08-16 17:34:03.281,30.744,lower,0.02375000000000016,0.02562500000000023
2026-08-16 17:34:03.291,30.754,lower,-0.12312499999999948,-0.1531249999999995
2026-08-16 17:34:03.301,30.764,lower,0.0187499999999996,0.02062499999999967
2026-08-16 17:34:03.311,30.774,lower,-0.05812499999999998,-0.05562500000000026
2026-08-16 17:34:03.321,30.784,lower,-0.054999999999999494,-0.10499999999999954
2026-08-16 17:34:03.331,30.794,lower,0.020000000000000018,0.03062499999999968
2026-08-16 17:34:03.341,30.804,lower,-0.11812500000000004,-0.15562500000000035
2026-08-16 17:34:03.351,30.814,lower,0.014374999999999805,0.02562500000000023
2026-08-16 17:34:03.361,30.824,lower,-0.078125,-0.06124999999999936
2026-08-16 17:34:03.371,30.834,lower,-0.033124999999999405,-0.09062499999999973
2026-08-16 17:34:03.381,30.844,lower,0.02687500000000065,0.028124999999999956
2026-08-16 17:34:03.391,30.854,lower,-0.12187500000000018,-0.15874999999999972
2026-08-16 17:34:03.401,30.864,lower,0.02187500000000009,0.005625000000000213
2026-08-16 17:34:03.411,30.874,lower,-0.06124999999999936,-0.06937500000000041
2026-08-16 17:34:03.421,30.884,lower,-0.0506249999999997,-0.08375000000000021
2026-08-16 17:34:03.431,30.894,lower,0.02187500000000009,0.03375000000000017
2026-08-16 17:34:03.441,30.904,lower,-0.12249999999999983,-0.15249999999999986
2026-08-16 17:34:03.451,30.914,lower,0.019375000000000364,0.013125000000000497
2026-08-16 17:34:03.461,30.924,lower,-0.03687499999999955,-0.07750000000000035
2026-08-16 17:34:03.471,30.934,lower,-0.0318750000000001,-0.07312499999999944
2026-08-16 17:34:03.481,30.944,lower,0.02562500000000023,0.031250000000000444
2026-08-16 17:34:03.491,30.954,lower,-0.11874999999999969,-0.15562500000000035
2026-08-16 17:34:03.501,30.964,lower,0.02375000000000016,0.010624999999999662
2026-08-16 17:34:03.511,30.974,lower,-0.0593750000000004,-0.040000000000000036
2026-08-16 17:34:03.521,30.984,lower,-0.04249999999999976,-0.06812499999999999
2026-08-16 17:34:03.531,30.994,lower,0.020000000000000018,0.029375000000000373
2026-08-16 17:34:03.541,31.004,lower,-0.11812500000000004,-0.14812500000000006
2026-08-16 17:34:03.551,31.014,lower,0.021250000000000435,0.018124999999999947
2026-08-16 17:34:03.561,31.024,lower,-0.044999999999999485,-0.04562500000000025
2026-08-16 17:34:03.571,31.034,lower,-0.030000000000000027,-0.06000000000000005
2026-08-16 17:34:03.581,31.044,lower,0.02562500000000023,0.029375000000000373
2026-08-16 17:34:03.591,31.054,lower,-0.1243749999999999,-0.15437499999999993
2026-08-16 17:34:03.601,31.064,lower,0.026249999999999885,0.018124999999999947
2026-08-16 17:34:03.611,31.074,lower,-0.0637500000000002,-0.058749999999999636
2026-08-16 17:34:03.621,31.084,lower,-0.04375000000000018,-0.10000000000000009
2026-08-16 17:34:03.631,31.094,lower,0.02874999999999961,0.02687500000000065
2026-08-16 17:34:03.641,31.104,lower,-0.11687499999999962,-0.15499999999999958
2026-08-16 17:34:03.651,31.114,lower,0.020000000000000018,0.0050000000000005596
2026-08-16 17:34:03.661,31.124,lower,-0.04124999999999934,-0.06624999999999992
2026-08-16 17:34:03.671,31.134,lower,-0.026874999999999538,-0.09124999999999939
2026-08-16 17:34:03.681,31.144,lower,0.02375000000000016,0.020000000000000018
2026-08-16 17:34:03.691,31.154,lower,-0.11937499999999934,-0.1518750000000002
2026-08-16 17:34:03.701,31.164,lower,0.013750000000000151,0.011250000000000426
2026-08-16 17:34:03.711,31.174,lower,-0.06874999999999964,-0.0737500000000002
2026-08-16 17:34:03.721,31.184,lower,-0.04249999999999976,-0.08062499999999972
2026-08-16 17:34:03.731,31.194,lower,0.02874999999999961,0.029375000000000373
2026-08-16 17:34:03.741,31.204,lower,-0.11937499999999934,-0.15874999999999972
2026-08-16 17:34:03.751,31.214,lower,0.025000000000000577,0.009375000000000355
2026-08-16 17:34:03.761,31.224,lower,-0.04437499999999983,-0.03874999999999962
2026-08-16 17:34:03.771,31.234,lower,-0.02562500000000023,-0.07249999999999979
2026-08-16 17:34:03.781,31.244,lower,0.02687500000000065,0.028124999999999956
2026-08-16 17:34:03.791,31.254,lower,-0.12187500000000018,-0.15499999999999958
2026-08-16 17:34:03.801,31.264,lower,0.017500000000000293,0.01187500000000008
2026-08-16 17:34:03.811,31.274,lower,-0.06874999999999964,-0.046874999999999556
2026-08-16 17:34:03.821,31.284,lower,-0.04062499999999969,-0.06812499999999999
2026-08-16 17:34:03.831,31.294,lower,0.027500000000000302,0.027500000000000302
2026-08-16 17:34:03.841,31.304,lower,-0.11687499999999962,-0.15249999999999986
2026-08-16 17:34:03.851,31.314,lower,0.02062499999999967,0.013125000000000497
2026-08-16 17:34:03.861,31.324,lower,-0.04750000000000032,-0.05249999999999977
2026-08-16 17:34:03.871,31.334,lower,-0.056874999999999565,-0.10937499999999933
2026-08-16 17:34:03.881,31.344,lower,0.02562500000000023,0.023125000000000506
2026-08-16 17:34:03.891,31.354,lower,-0.12062499999999976,-0.15437499999999993
2026-08-16 17:34:03.901,31.364,lower,0.014374999999999805,0.023125000000000506
2026-08-16 17:34:03.911,31.374,lower,-0.07062499999999972,-0.06437499999999985
2026-08-16 17:34:03.921,31.384,lower,-0.038124999999999964,-0.09812500000000002
2026-08-16 17:34:03.931,31.394,lower,0.02874999999999961,0.024374999999999813
2026-08-16 17:34:03.941,31.404,lower,-0.11937499999999934,-0.15687499999999965
2026-08-16 17:34:03.951,31.414,lower,0.02375000000000016,0.0031250000000004885
2026-08-16 17:34:03.961,31.424,lower,-0.050000000000000044,-0.07249999999999979
2026-08-16 17:34:03.971,31.434,lower,-0.05249999999999977,-0.08687499999999959
2026-08-16 17:34:03.981,31.444,lower,0.022499999999999742,0.025000000000000577
2026-08-16 17:34:03.991,31.454,lower,-0.11874999999999969,-0.15437499999999993
2026-08-16 17:34:04.001,31.464,lower,0.019375000000000364,0.008124999999999938
2026-08-16 17:34:04.011,31.474,lower,-0.03624999999999989,-0.07750000000000035
2026-08-16 17:34:04.021,31.484,lower,-0.0318750000000001,-0.08187500000000014
2026-08-16 17:34:04.031,31.494,lower,0.02562500000000023,0.02562500000000023
2026-08-16 17:34:04.041,31.504,lower,-0.12375000000000025,-0.15812500000000007
2026-08-16 17:34:04.051,31.514,lower,0.028124999999999956,0.008124999999999938
2026-08-16 17:34:04.061,31.524,lower,-0.054999999999999494,-0.04437499999999983
2026-08-16 17:34:04.071,31.534,lower,-0.051875000000000115,-0.07562500000000028
2026-08-16 17:34:04.081,31.544,lower,0.02375000000000016,0.024374999999999813
2026-08-16 17:34:04.091,31.554,lower,-0.12312499999999948,-0.15562500000000035
2026-08-16 17:34:04.101,31.564,lower,0.018124999999999947,0.014374999999999805
2026-08-16 17:34:04.111,31.574,lower,-0.034999999999999476,-0.04812499999999997
2026-08-16 17:34:04.121,31.584,lower,-0.03437499999999982,-0.06437499999999985
2026-08-16 17:34:04.131,31.594,lower,0.029375000000000373,0.025000000000000577
2026-08-16 17:34:04.141,31.604,lower,-0.1143749999999999,-0.15625
2026-08-16 17:34:04.151,31.614,lower,0.025000000000000577,0.02062499999999967
2026-08-16 17:34:04.161,31.624,lower,-0.05562500000000026,-0.058749999999999636
2026-08-16 17:34:04.171,31.634,lower,-0.044999999999999485,-0.10750000000000037
2026-08-16 17:34:04.181,31.644,lower,0.033125000000000515,0.020000000000000018
2026-08-16 17:34:04.191,31.654,lower,-0.11499999999999955,-0.1606249999999998
2026-08-16 17:34:04.201,31.664,lower,0.02375000000000016,0.0006249999999996536
2026-08-16 17:34:04.211,31.674,lower,-0.03562500000000024,-0.06750000000000034
2026-08-16 17:34:04.221,31.684,lower,-0.024999999999999467,-0.09437499999999988
2026-08-16 17:34:04.231,31.694,lower,0.030000000000000027,0.018124999999999947
2026-08-16 17:34:04.241,31.704,lower,-0.11687499999999962,-0.15625
2026-08-16 17:34:04.251,31.714,lower,0.03249999999999975,-0.0012500000000004174
2026-08-16 17:34:04.261,31.724,lower,-0.056874999999999565,-0.07750000000000035
2026-08-16 17:34:04.271,31.734,lower,-0.04249999999999976,-0.08812500000000001
2026-08-16 17:34:04.281,31.744,lower,0.03062499999999968,0.023125000000000506
2026-08-16 17:34:04.291,31.754,lower,-0.11624999999999996,-0.16124999999999945
2026-08-16 17:34:04.301,31.764,lower,0.023125000000000506,0.003750000000000142
2026-08-16 17:34:04.311,31.774,lower,-0.03937500000000038,-0.043124999999999414
2026-08-16 17:34:04.321,31.784,lower,-0.027500000000000302,-0.08437499999999987
2026-08-16 17:34:04.331,31.794,lower,0.02687500000000065,0.024374999999999813
2026-08-16 17:34:04.341,31.804,lower,-0.12124999999999941,-0.1618750000000002
2026-08-16 17:34:04.351,31.814,lower,0.01687500000000064,0.007500000000000284
2026-08-16 17:34:04.361,31.824,lower,-0.0637500000000002,-0.04750000000000032
2026-08-16 17:34:04.371,31.834,lower,-0.043124999999999414,-0.07124999999999937
2026-08-16 17:34:04.381,31.844,lower,0.03249999999999975,0.023125000000000506
2026-08-16 17:34:04.391,31.854,lower,-0.11812500000000004,-0.15750000000000042
2026-08-16 17:34:04.401,31.864,lower,0.024374999999999813,0.014374999999999805
2026-08-16 17:34:04.411,31.874,lower,-0.04062499999999969,-0.05624999999999991
2026-08-16 17:34:04.421,31.884,lower,-0.0637500000000002,-0.1112499999999994
2026-08-16 17:34:04.431,31.894,lower,0.02874999999999961,0.019375000000000364
2026-08-16 17:34:04.441,31.904,lower,-0.1200000000000001,-0.16000000000000014
2026-08-16 17:34:04.451,31.914,lower,0.014374999999999805,0.0187499999999996
2026-08-16 17:34:04.461,31.924,lower,-0.0649999999999995,-0.06624999999999992
2026-08-16 17:34:04.471,31.934,lower,-0.04187500000000011,-0.10000000000000009
2026-08-16 17:34:04.481,31.944,lower,0.028124999999999956,0.021250000000000435
2026-08-16 17:34:04.491,31.954,lower,-0.11562500000000031,-0.15750000000000042
2026-08-16 17:34:04.501,31.964,lower,0.023125000000000506,0.0
2026-08-16 17:34:04.511,31.974,lower,-0.04874999999999963,-0.07187500000000013
2026-08-16 17:34:04.521,31.984,lower,-0.05624999999999991,-0.08937500000000043
2026-08-16 17:34:04.531,31.994,lower,0.025000000000000577,0.024374999999999813
2026-08-16 17:34:04.541,32.004,lower,-0.12312499999999948,-0.16000000000000014
2026-08-16 17:34:04.551,32.014,lower,0.016249999999999876,0.003750000000000142
2026-08-16 17:34:04.561,32.024,lower,-0.0737500000000002,-0.03874999999999962
2026-08-16 17:34:04.571,32.034,lower,-0.04124999999999934,-0.08687499999999959
2026-08-16 17:34:04.581,32.044,lower,0.030000000000000027,0.027500000000000302
2026-08-16 17:34:04.591,32.054,lower,-0.12562500000000032,-0.15812500000000007
2026-08-16 17:34:04.601,32.064,lower,0.02375000000000016,0.005625000000000213
2026-08-16 17:34:04.611,32.074,lower,-0.050000000000000044,-0.043124999999999414
2026-08-16 17:34:04.621,32.084,lower,-0.05624999999999991,-0.0737500000000002
2026-08-16 17:34:04.631,32.094,lower,0.02562500000000023,0.02375000000000016
2026-08-16 17:34:04.641,32.104,lower,-0.1200000000000001,-0.15625
2026-08-16 17:34:04.651,32.114,lower,0.017500000000000293,0.01187500000000008
2026-08-16 17:34:04.661,32.124,lower,-0.034999999999999476,-0.051875000000000115
2026-08-16 17:34:04.671,32.134,lower,-0.03562500000000024,-0.11499999999999955
2026-08-16 17:34:04.681,32.144,lower,0.02562500000000023,0.02687500000000065
2026-08-16 17:34:04.691,32.154,lower,-0.1200000000000001,-0.16375000000000028
2026-08-16 17:34:04.701,32.164,lower,0.025000000000000577,0.012499999999999734
2026-08-16 17:34:04.711,32.174,lower,-0.05562500000000026,-0.06062499999999971
2026-08-16 17:34:04.721,32.184,lower,-0.05624999999999991,-0.10750000000000037
2026-08-16 17:34:04.731,32.194,lower,0.021250000000000435,0.021250000000000435
2026-08-16 17:34:04.741,32.204,lower,-0.12312499999999948,-0.1618750000000002
2026-08-16 17:34:04.751,32.214,lower,0.013750000000000151,-0.004999999999999449
2026-08-16 17:34:04.761,32.224,lower,-0.03937500000000038,-0.06812499999999999
2026-08-16 17:34:04.771,32.234,lower,-0.03750000000000031,-0.09937499999999932
2026-08-16 17:34:04.781,32.244,lower,0.024374999999999813,0.029375000000000373
2026-08-16 17:34:04.791,32.254,lower,-0.12062499999999976,-0.15937499999999938
2026-08-16 17:34:04.801,32.264,lower,0.021250000000000435,-0.0012500000000004174
2026-08-16 17:34:04.811,32.274,lower,-0.06062499999999971,-0.08187500000000014
2026-08-16 17:34:04.821,32.284,lower,-0.0506249999999997,-0.09187500000000015
2026-08-16 17:34:04.831,32.294,lower,0.02375000000000016,0.022499999999999742
2026-08-16 17:34:04.841,32.304,lower,-0.12124999999999941,-0.15937499999999938
2026-08-16 17:34:04.851,32.314,lower,0.015625000000000222,0.0050000000000005596
2026-08-16 17:34:04.861,32.324,lower,-0.04562500000000025,-0.04249999999999976
2026-08-16 17:34:04.871,32.334,lower,-0.03375000000000017,-0.08312499999999945
2026-08-16 17:34:04.881,32.344,lower,0.023125000000000506,0.023125000000000506
2026-08-16 17:34:04.891,32.354,lower,-0.1318750000000002,-0.15750000000000042
2026-08-16 17:34:04.901,32.364,lower,0.008124999999999938,0.0050000000000005596
2026-08-16 17:34:04.911,32.374,lower,-0.06562500000000027,-0.050000000000000044
2026-08-16 17:34:04.921,32.384,lower,-0.05124999999999935,-0.0737500000000002
2026-08-16 17:34:04.931,32.394,lower,0.028124999999999956,0.022499999999999742
2026-08-16 17:34:04.941,32.404,lower,-0.13062499999999977,-0.16249999999999987
2026-08-16 17:34:04.951,32.414,lower,0.014374999999999805,0.014374999999999805
2026-08-16 17:34:04.961,32.424,lower,-0.04437499999999983,-0.05312499999999942
2026-08-16 17:34:04.971,32.434,lower,-0.03687499999999955,-0.1143749999999999
2026-08-16 17:34:04.981,32.444,lower,0.018124999999999947,0.02062499999999967
2026-08-16 17:34:04.991,32.454,lower,-0.1243749999999999,-0.1618750000000002
2026-08-16 17:34:05.001,32.464,lower,0.007500000000000284,-0.01187500000000008
2026-08-16 17:34:05.011,32.474,lower,-0.0737500000000002,-0.0649999999999995
2026-08-16 17:34:05.021,32.484,lower,-0.05562500000000026,-0.10624999999999996
2026-08-16 17:34:05.031,32.494,lower,0.02062499999999967,0.02062499999999967
2026-08-16 17:34:05.041,32.504,lower,-0.12562500000000032,-0.16375000000000028
2026-08-16 17:34:05.051,32.514,lower,0.014374999999999805,-0.001875000000000071
2026-08-16 17:34:05.061,32.524,lower,-0.054999999999999494,-0.07624999999999993
2026-08-16 17:34:05.071,32.534,lower,-0.0737500000000002,-0.09750000000000036
2026-08-16 17:34:05.081,32.544,lower,0.01687500000000064,0.025000000000000577
2026-08-16 17:34:05.091,32.554,lower,-0.1318750000000002,-0.1606249999999998
2026-08-16 17:34:05.101,32.564,lower,0.006249999999999867,0.0050000000000005596
2026-08-16 17:34:05.111,32.574,lower,-0.07687499999999958,-0.04062499999999969
2026-08-16 17:34:05.121,32.584,lower,-0.053750000000000187,-0.08624999999999994
2026-08-16 17:34:05.131,32.594,lower,0.022499999999999742,0.02687500000000065
2026-08-16 17:34:05.141,32.604,lower,-0.13000000000000012,-0.15937499999999938
2026-08-16 17:34:05.151,32.614,lower,0.011250000000000426,0.0050000000000005596
2026-08-16 17:34:05.161,32.624,lower,-0.05437499999999984,-0.04187500000000011
2026-08-16 17:34:05.171,32.634,lower,-0.07062499999999972,-0.07874999999999965
2026-08-16 17:34:05.181,32.644,lower,0.015625000000000222,0.021250000000000435
2026-08-16 17:34:05.191,32.654,lower,-0.12937499999999935,-0.15750000000000042
2026-08-16 17:34:05.201,32.664,lower,0.005625000000000213,0.010000000000000009
2026-08-16 17:34:05.211,32.674,lower,-0.08000000000000007,-0.050000000000000044
2026-08-16 17:34:05.221,32.684,lower,-0.04750000000000032,-0.12249999999999983
2026-08-16 17:34:05.231,32.694,lower,0.020000000000000018,0.02562500000000023
2026-08-16 17:34:05.241,32.704,lower,-0.13000000000000012,-0.16437499999999994
2026-08-16 17:34:05.251,32.714,lower,0.021250000000000435,0.02062499999999967
2026-08-16 17:34:05.261,32.724,lower,-0.051875000000000115,-0.06000000000000005
2026-08-16 17:34:05.271,32.734,lower,-0.058749999999999636,-0.10437499999999988
2026-08-16 17:34:05.281,32.744,lower,0.024374999999999813,0.028124999999999956
2026-08-16 17:34:05.291,32.754,lower,-0.11874999999999969,-0.15750000000000042
2026-08-16 17:34:05.301,32.764,lower,0.02187500000000009,0.0006249999999996536
2026-08-16 17:34:05.311,32.774,lower,-0.026874999999999538,-0.06312499999999943
2026-08-16 17:34:05.321,32.784,lower,-0.030000000000000027,-0.09187500000000015
2026-08-16 17:34:05.331,32.794,lower,0.031250000000000444,0.035000000000000586
2026-08-16 17:34:05.341,32.804,lower,-0.11375000000000024,-0.1531249999999995
2026-08-16 17:34:05.351,32.814,lower,0.03375000000000017,0.010624999999999662
2026-08-16 17:34:05.361,32.824,lower,-0.04437499999999983,-0.06687499999999957
2026-08-16 17:34:05.371,32.834,lower,-0.04437499999999983,-0.07499999999999951
