timestamp,elapsed_s,segment,roots_V,grounded_roots_V
2026-08-16 09:12:05.971,0.001,lower,0.04249999999999976,0.1749999999999996
2026-08-16 09:12:05.984,0.015,lower,0.06500000000000061,0.1837500000000003
2026-08-16 09:12:05.994,0.025,lower,-0.11562500000000031,0.13375000000000026
2026-08-16 09:12:06.004,0.035,lower,0.050000000000000044,0.16812500000000008
2026-08-16 09:12:06.014,0.045,lower,0.006875000000000631,0.16000000000000014
2026-08-16 09:12:06.024,0.055,lower,-0.004374999999999796,0.14437499999999992
2026-08-16 09:12:06.034,0.065,lower,0.06937500000000041,0.18625000000000003
2026-08-16 09:12:06.044,0.075,lower,-0.11249999999999982,0.1343749999999999
2026-08-16 09:12:06.054,0.085,lower,0.05562500000000026,0.17000000000000015
2026-08-16 09:12:06.064,0.095,lower,-0.02187500000000009,0.1618750000000002
2026-08-16 09:12:06.074,0.105,lower,-0.024999999999999467,0.14874999999999972
2026-08-16 09:12:06.084,0.115,lower,0.07062499999999972,0.18249999999999988
2026-08-16 09:12:06.094,0.125,lower,-0.11312499999999948,0.13500000000000068
2026-08-16 09:12:06.104,0.135,lower,0.050000000000000044,0.17000000000000015
2026-08-16 09:12:06.114,0.145,lower,0.0031250000000004885,0.17249999999999988
2026-08-16 09:12:06.124,0.155,lower,0.004374999999999796,0.15499999999999958
2026-08-16 09:12:06.134,0.165,lower,0.07062499999999972,0.18687499999999968
2026-08-16 09:12:06.144,0.175,lower,-0.11562500000000031,0.13375000000000026
2026-08-16 09:12:06.154,0.185,lower,0.0593750000000004,0.17312500000000064
2026-08-16 09:12:06.164,0.195,lower,-0.020000000000000018,0.16874999999999973
2026-08-16 09:12:06.174,0.205,lower,-0.016249999999999876,0.15625
2026-08-16 09:12:06.184,0.215,lower,0.06937500000000041,0.18625000000000003
2026-08-16 09:12:06.194,0.225,lower,-0.11062499999999975,0.13375000000000026
2026-08-16 09:12:06.204,0.235,lower,0.05249999999999977,0.17750000000000044
2026-08-16 09:12:06.214,0.245,lower,0.0006249999999996536,0.16375000000000028
2026-08-16 09:12:06.224,0.255,lower,0.003750000000000142,0.1387499999999997
2026-08-16 09:12:06.234,0.265,lower,0.07249999999999979,0.18312500000000065
2026-08-16 09:12:06.244,0.275,lower,-0.11249999999999982,0.13249999999999984
2026-08-16 09:12:06.254,0.285,lower,0.04125000000000045,0.17125000000000057
2026-08-16 09:12:06.264,0.295,lower,-0.02874999999999961,0.16249999999999987
2026-08-16 09:12:06.274,0.305,lower,-0.015625000000000222,0.14062499999999978
2026-08-16 09:12:06.284,0.315,lower,0.07062499999999972,0.18562500000000037
2026-08-16 09:12:06.294,0.325,lower,-0.10750000000000037,0.1343749999999999
2026-08-16 09:12:06.304,0.335,lower,0.05624999999999991,0.17249999999999988
2026-08-16 09:12:06.314,0.345,lower,-0.001875000000000071,0.16375000000000028
2026-08-16 09:12:06.324,0.355,lower,0.009375000000000355,0.14937500000000048
2026-08-16 09:12:06.334,0.365,lower,0.06937500000000041,0.1837500000000003
2026-08-16 09:12:06.344,0.375,lower,-0.11624999999999996,0.13062499999999977
2026-08-16 09:12:06.354,0.385,lower,0.04937500000000039,0.1737500000000003
2026-08-16 09:12:06.364,0.395,lower,-0.031249999999999334,0.17187500000000022
2026-08-16 09:12:06.374,0.405,lower,-0.009375000000000355,0.14937500000000048
2026-08-16 09:12:06.384,0.415,lower,0.07000000000000006,0.1849999999999996
2026-08-16 09:12:06.394,0.425,lower,-0.10437499999999988,0.1343749999999999
2026-08-16 09:12:06.404,0.435,lower,0.055000000000000604,0.17312500000000064
2026-08-16 09:12:06.414,0.445,lower,-0.008124999999999938,0.1706249999999998
2026-08-16 09:12:06.424,0.455,lower,-0.034999999999999476,0.15499999999999958
2026-08-16 09:12:06.434,0.465,lower,0.07000000000000006,0.18437499999999996
2026-08-16 09:12:06.444,0.475,lower,-0.11375000000000024,0.13624999999999998
2026-08-16 09:12:06.454,0.485,lower,0.04937500000000039,0.17687499999999967
2026-08-16 09:12:06.464,0.495,lower,-0.03624999999999989,0.16750000000000043
2026-08-16 09:12:06.474,0.505,lower,-0.007500000000000284,0.14249999999999985
2026-08-16 09:12:06.484,0.515,lower,0.07187500000000013,0.1837500000000003
2026-08-16 09:12:06.494,0.525,lower,-0.11499999999999955,0.13125000000000053
2026-08-16 09:12:06.504,0.535,lower,0.05562500000000026,0.17687499999999967
2026-08-16 09:12:06.514,0.545,lower,-0.013750000000000151,0.16125000000000056
2026-08-16 09:12:06.524,0.555,lower,-0.031249999999999334,0.14000000000000012
2026-08-16 09:12:06.534,0.565,lower,0.07062499999999972,0.18125000000000058
2026-08-16 09:12:06.544,0.575,lower,-0.1112499999999994,0.1318750000000002
2026-08-16 09:12:06.554,0.585,lower,0.04874999999999963,0.16750000000000043
2026-08-16 09:12:06.564,0.595,lower,-0.04062499999999969,0.16375000000000028
2026-08-16 09:12:06.574,0.605,lower,-0.0006249999999996536,0.14687499999999964
2026-08-16 09:12:06.584,0.615,lower,0.07125000000000048,0.1837500000000003
2026-08-16 09:12:06.594,0.625,lower,-0.11187500000000017,0.13375000000000026
2026-08-16 09:12:06.604,0.635,lower,0.0593750000000004,0.17249999999999988
2026-08-16 09:12:06.614,0.645,lower,-0.01687499999999953,0.1618750000000002
2026-08-16 09:12:06.624,0.655,lower,-0.022499999999999742,0.1506249999999998
2026-08-16 09:12:06.634,0.665,lower,0.07125000000000048,0.18249999999999988
2026-08-16 09:12:06.644,0.675,lower,-0.11375000000000024,0.1331250000000006
2026-08-16 09:12:06.654,0.685,lower,0.05125000000000046,0.17437499999999995
2026-08-16 09:12:06.664,0.695,lower,0.006249999999999867,0.16812500000000008
2026-08-16 09:12:06.674,0.705,lower,-0.0006249999999996536,0.1518750000000002
2026-08-16 09:12:06.684,0.715,lower,0.07062499999999972,0.18437499999999996
2026-08-16 09:12:06.694,0.725,lower,-0.1143749999999999,0.13624999999999998
2026-08-16 09:12:06.704,0.735,lower,0.05812499999999998,0.17625000000000002
2026-08-16 09:12:06.714,0.745,lower,-0.019375000000000364,0.17249999999999988
2026-08-16 09:12:06.724,0.755,lower,-0.02187500000000009,0.14000000000000012
2026-08-16 09:12:06.734,0.765,lower,0.06874999999999964,0.18312500000000065
2026-08-16 09:12:06.744,0.775,lower,-0.11249999999999982,0.13249999999999984
2026-08-16 09:12:06.754,0.785,lower,0.0506249999999997,0.1749999999999996
2026-08-16 09:12:06.764,0.795,lower,-0.0006249999999996536,0.16312500000000063
2026-08-16 09:12:06.774,0.805,lower,0.0006249999999996536,0.1418750000000002
2026-08-16 09:12:06.784,0.815,lower,0.07000000000000006,0.1806249999999998
2026-08-16 09:12:06.794,0.825,lower,-0.11562500000000031,0.13500000000000068
2026-08-16 09:12:06.804,0.835,lower,0.06125000000000047,0.1706249999999998
2026-08-16 09:12:06.814,0.845,lower,-0.021249999999999325,0.16437499999999994
2026-08-16 09:12:06.824,0.855,lower,-0.015625000000000222,0.14812500000000006
2026-08-16 09:12:06.834,0.865,lower,0.07187500000000013,0.18625000000000003
2026-08-16 09:12:06.844,0.875,lower,-0.1056250000000003,0.1343749999999999
2026-08-16 09:12:06.854,0.885,lower,0.05562500000000026,0.17125000000000057
2026-08-16 09:12:06.864,0.895,lower,-0.001875000000000071,0.16625
2026-08-16 09:12:06.874,0.905,lower,0.006249999999999867,0.14500000000000068
2026-08-16 09:12:06.884,0.915,lower,0.07312500000000055,0.18187500000000023
2026-08-16 09:12:06.894,0.925,lower,-0.11249999999999982,0.1331250000000006
2026-08-16 09:12:06.904,0.935,lower,0.04249999999999976,0.1706249999999998
2026-08-16 09:12:06.914,0.945,lower,-0.026874999999999538,0.1737500000000003
2026-08-16 09:12:06.924,0.955,lower,-0.010624999999999662,0.1506249999999998
2026-08-16 09:12:06.934,0.965,lower,0.07312500000000055,0.18562500000000037
2026-08-16 09:12:06.944,0.975,lower,-0.10812500000000003,0.1331250000000006
2026-08-16 09:12:06.954,0.985,lower,0.05624999999999991,0.1737500000000003
2026-08-16 09:12:06.964,0.995,lower,-0.004999999999999449,0.17000000000000015
2026-08-16 09:12:06.974,1.005,lower,0.009375000000000355,0.15499999999999958
2026-08-16 09:12:06.984,1.015,lower,0.07000000000000006,0.18312500000000065
2026-08-16 09:12:06.994,1.025,lower,-0.11375000000000024,0.13375000000000026
2026-08-16 09:12:07.004,1.035,lower,0.05125000000000046,0.1737500000000003
2026-08-16 09:12:07.014,1.045,lower,-0.03375000000000017,0.16437499999999994
2026-08-16 09:12:07.024,1.055,lower,-0.008749999999999591,0.14249999999999985
2026-08-16 09:12:07.034,1.065,lower,0.07312500000000055,0.18437499999999996
2026-08-16 09:12:07.044,1.075,lower,-0.10687499999999961,0.1331250000000006
2026-08-16 09:12:07.054,1.085,lower,0.05624999999999991,0.17000000000000015
2026-08-16 09:12:07.064,1.095,lower,-0.010000000000000009,0.16625
2026-08-16 09:12:07.074,1.105,lower,-0.0318750000000001,0.1431250000000006
2026-08-16 09:12:07.084,1.115,lower,0.07062499999999972,0.18562500000000037
2026-08-16 09:12:07.094,1.125,lower,-0.11499999999999955,0.13249999999999984
2026-08-16 09:12:07.104,1.135,lower,0.053750000000000187,0.16812500000000008
2026-08-16 09:12:07.114,1.145,lower,-0.03687499999999955,0.1606249999999998
2026-08-16 09:12:07.124,1.155,lower,-0.004999999999999449,0.14625
2026-08-16 09:12:07.134,1.165,lower,0.07249999999999979,0.18437499999999996
2026-08-16 09:12:07.144,1.175,lower,-0.1143749999999999,0.1343749999999999
2026-08-16 09:12:07.154,1.185,lower,0.06000000000000005,0.17562500000000036
2026-08-16 09:12:07.164,1.195,lower,-0.011249999999999316,0.17125000000000057
2026-08-16 09:12:07.174,1.205,lower,-0.029375000000000373,0.15125000000000055
2026-08-16 09:12:07.184,1.215,lower,0.06937500000000041,0.18187500000000023
2026-08-16 09:12:07.194,1.225,lower,-0.1143749999999999,0.13375000000000026
2026-08-16 09:12:07.204,1.235,lower,0.04812499999999997,0.1737500000000003
2026-08-16 09:12:07.214,1.245,lower,-0.040000000000000036,0.16375000000000028
2026-08-16 09:12:07.224,1.255,lower,-0.0012500000000004174,0.14874999999999972
2026-08-16 09:12:07.234,1.265,lower,0.06750000000000034,0.18000000000000016
2026-08-16 09:12:07.244,1.275,lower,-0.11687499999999962,0.13062499999999977
2026-08-16 09:12:07.254,1.285,lower,0.0593750000000004,0.16812500000000008
2026-08-16 09:12:07.264,1.295,lower,-0.017500000000000293,0.16625
2026-08-16 09:12:07.274,1.305,lower,-0.024374999999999813,0.13937500000000047
2026-08-16 09:12:07.284,1.315,lower,0.07062499999999972,0.18125000000000058
2026-08-16 09:12:07.294,1.325,lower,-0.11375000000000024,0.13375000000000026
2026-08-16 09:12:07.304,1.335,lower,0.053750000000000187,0.17625000000000002
2026-08-16 09:12:07.314,1.345,lower,0.003750000000000142,0.16562500000000036
2026-08-16 09:12:07.324,1.355,lower,0.005625000000000213,0.14062499999999978
2026-08-16 09:12:07.334,1.365,lower,0.07500000000000062,0.18437499999999996
2026-08-16 09:12:07.344,1.375,lower,-0.11312499999999948,0.1343749999999999
2026-08-16 09:12:07.354,1.385,lower,0.06062499999999971,0.17249999999999988
2026-08-16 09:12:07.364,1.395,lower,-0.019375000000000364,0.1593750000000005
2026-08-16 09:12:07.374,1.405,lower,-0.014999999999999458,0.14874999999999972
2026-08-16 09:12:07.384,1.415,lower,0.07249999999999979,0.1781250000000001
2026-08-16 09:12:07.394,1.425,lower,-0.10937499999999933,0.13125000000000053
2026-08-16 09:12:07.404,1.435,lower,0.05437499999999984,0.1737500000000003
2026-08-16 09:12:07.414,1.445,lower,0.0050000000000005596,0.17125000000000057
2026-08-16 09:12:07.424,1.455,lower,0.005625000000000213,0.14874999999999972
2026-08-16 09:12:07.434,1.465,lower,0.07500000000000062,0.18000000000000016
2026-08-16 09:12:07.444,1.475,lower,-0.1100000000000001,0.13500000000000068
2026-08-16 09:12:07.454,1.485,lower,0.058749999999999636,0.17312500000000064
2026-08-16 09:12:07.464,1.495,lower,-0.022499999999999742,0.1693750000000005
2026-08-16 09:12:07.474,1.505,lower,-0.013750000000000151,0.1475000000000004
2026-08-16 09:12:07.484,1.515,lower,0.07125000000000048,0.18187500000000023
2026-08-16 09:12:07.494,1.525,lower,-0.11062499999999975,0.1331250000000006
2026-08-16 09:12:07.504,1.535,lower,0.05562500000000026,0.1737500000000003
2026-08-16 09:12:07.514,1.545,lower,-0.006249999999999867,0.16625
2026-08-16 09:12:07.524,1.555,lower,0.006249999999999867,0.1343749999999999
2026-08-16 09:12:07.534,1.565,lower,0.06874999999999964,0.17687499999999967
2026-08-16 09:12:07.544,1.575,lower,-0.1143749999999999,0.13375000000000026
2026-08-16 09:12:07.554,1.585,lower,0.0462499999999999,0.17750000000000044
2026-08-16 09:12:07.564,1.595,lower,-0.03062499999999968,0.16437499999999994
2026-08-16 09:12:07.574,1.605,lower,-0.01187500000000008,0.14125000000000054
2026-08-16 09:12:07.584,1.615,lower,0.0737500000000002,0.18562500000000037
2026-08-16 09:12:07.594,1.625,lower,-0.10812500000000003,0.1331250000000006
2026-08-16 09:12:07.604,1.635,lower,0.053750000000000187,0.17187500000000022
2026-08-16 09:12:07.614,1.645,lower,-0.00687499999999952,0.16125000000000056
2026-08-16 09:12:07.624,1.655,lower,-0.03437499999999982,0.14625
2026-08-16 09:12:07.634,1.665,lower,0.06937500000000041,0.18249999999999988
2026-08-16 09:12:07.644,1.675,lower,-0.11499999999999955,0.13249999999999984
2026-08-16 09:12:07.654,1.685,lower,0.04937500000000039,0.1706249999999998
2026-08-16 09:12:07.664,1.695,lower,-0.03375000000000017,0.1618750000000002
2026-08-16 09:12:07.674,1.705,lower,-0.009375000000000355,0.1475000000000004
2026-08-16 09:12:07.684,1.715,lower,0.0737500000000002,0.1781250000000001
2026-08-16 09:12:07.694,1.725,lower,-0.10687499999999961,0.1343749999999999
2026-08-16 09:12:07.704,1.735,lower,0.05750000000000033,0.17437499999999995
2026-08-16 09:12:07.714,1.745,lower,-0.01187500000000008,0.17000000000000015
2026-08-16 09:12:07.724,1.755,lower,-0.029375000000000373,0.15249999999999986
2026-08-16 09:12:07.734,1.765,lower,0.07312500000000055,0.18249999999999988
2026-08-16 09:12:07.744,1.775,lower,-0.11562500000000031,0.13375000000000026
2026-08-16 09:12:07.754,1.785,lower,0.04937500000000039,0.17187500000000022
2026-08-16 09:12:07.764,1.795,lower,-0.038124999999999964,0.1649999999999996
2026-08-16 09:12:07.774,1.805,lower,-0.008124999999999938,0.1475000000000004
2026-08-16 09:12:07.784,1.815,lower,0.07125000000000048,0.1806249999999998
2026-08-16 09:12:07.794,1.825,lower,-0.11624999999999996,0.13062499999999977
2026-08-16 09:12:07.804,1.835,lower,0.06000000000000005,0.17249999999999988
2026-08-16 09:12:07.814,1.845,lower,-0.013750000000000151,0.1649999999999996
2026-08-16 09:12:07.824,1.855,lower,-0.026249999999999885,0.13812500000000005
2026-08-16 09:12:07.834,1.865,lower,0.0737500000000002,0.1793750000000005
2026-08-16 09:12:07.844,1.875,lower,-0.11375000000000024,0.13375000000000026
2026-08-16 09:12:07.854,1.885,lower,0.0506249999999997,0.16812500000000008
2026-08-16 09:12:07.864,1.895,lower,0.003750000000000142,0.16375000000000028
2026-08-16 09:12:07.874,1.905,lower,-0.0006249999999996536,0.14437499999999992
2026-08-16 09:12:07.884,1.915,lower,0.0737500000000002,0.18437499999999996
2026-08-16 09:12:07.894,1.925,lower,-0.1143749999999999,0.13125000000000053
2026-08-16 09:12:07.904,1.935,lower,0.05812499999999998,0.16874999999999973
2026-08-16 09:12:07.914,1.945,lower,-0.019375000000000364,0.1593750000000005
2026-08-16 09:12:07.924,1.955,lower,-0.02375000000000016,0.14562500000000034
2026-08-16 09:12:07.934,1.965,lower,0.07000000000000006,0.1806249999999998
2026-08-16 09:12:07.944,1.975,lower,-0.1112499999999994,0.1318750000000002
2026-08-16 09:12:07.954,1.985,lower,0.055000000000000604,0.17187500000000022
2026-08-16 09:12:07.964,1.995,lower,0.004374999999999796,0.1706249999999998
2026-08-16 09:12:07.974,2.005,lower,0.0031250000000004885,0.14687499999999964
2026-08-16 09:12:07.984,2.015,lower,0.07125000000000048,0.1781250000000001
2026-08-16 09:12:07.994,2.025,lower,-0.11375000000000024,0.12937500000000046
2026-08-16 09:12:08.004,2.035,lower,0.05750000000000033,0.17625000000000002
2026-08-16 09:12:08.014,2.045,lower,-0.02187500000000009,0.16437499999999994
2026-08-16 09:12:08.024,2.055,lower,-0.0187499999999996,0.15125000000000055
2026-08-16 09:12:08.034,2.065,lower,0.06937500000000041,0.1793750000000005
2026-08-16 09:12:08.044,2.075,lower,-0.11312499999999948,0.13062499999999977
2026-08-16 09:12:08.054,2.085,lower,0.05750000000000033,0.17437499999999995
2026-08-16 09:12:08.064,2.095,lower,-0.001875000000000071,0.16687499999999966
2026-08-16 09:12:08.074,2.105,lower,0.004374999999999796,0.14062499999999978
2026-08-16 09:12:08.084,2.115,lower,0.0737500000000002,0.18312500000000065
2026-08-16 09:12:08.094,2.125,lower,-0.1143749999999999,0.1331250000000006
2026-08-16 09:12:08.104,2.135,lower,0.04562500000000025,0.17750000000000044
2026-08-16 09:12:08.114,2.145,lower,-0.026874999999999538,0.16625
2026-08-16 09:12:08.124,2.155,lower,-0.01187500000000008,0.14437499999999992
2026-08-16 09:12:08.134,2.165,lower,0.0737500000000002,0.1806249999999998
2026-08-16 09:12:08.144,2.175,lower,-0.10812500000000003,0.13249999999999984
2026-08-16 09:12:08.154,2.185,lower,0.05624999999999991,0.17125000000000057
2026-08-16 09:12:08.164,2.195,lower,-0.006249999999999867,0.16249999999999987
2026-08-16 09:12:08.174,2.205,lower,0.008124999999999938,0.1418750000000002
2026-08-16 09:12:08.184,2.215,lower,0.06812499999999999,0.18000000000000016
2026-08-16 09:12:08.194,2.225,lower,-0.11812500000000004,0.13125000000000053
2026-08-16 09:12:08.204,2.235,lower,0.04562500000000025,0.1706249999999998
2026-08-16 09:12:08.214,2.245,lower,-0.03249999999999975,0.16687499999999966
2026-08-16 09:12:08.224,2.255,lower,-0.013750000000000151,0.14625
2026-08-16 09:12:08.234,2.265,lower,0.07125000000000048,0.18125000000000058
2026-08-16 09:12:08.244,2.275,lower,-0.10874999999999968,0.13062499999999977
2026-08-16 09:12:08.254,2.285,lower,0.053750000000000187,0.17187500000000022
2026-08-16 09:12:08.264,2.295,lower,-0.011249999999999316,0.16750000000000043
2026-08-16 09:12:08.274,2.305,lower,-0.03750000000000031,0.1506249999999998
2026-08-16 09:12:08.284,2.315,lower,0.06937500000000041,0.1806249999999998
2026-08-16 09:12:08.294,2.325,lower,-0.11874999999999969,0.13500000000000068
2026-08-16 09:12:08.304,2.335,lower,0.050000000000000044,0.17750000000000044
2026-08-16 09:12:08.314,2.345,lower,-0.03562500000000024,0.16437499999999994
2026-08-16 09:12:08.324,2.355,lower,-0.009375000000000355,0.13687499999999964
2026-08-16 09:12:08.334,2.365,lower,0.0737500000000002,0.1837500000000003
2026-08-16 09:12:08.344,2.375,lower,-0.11812500000000004,0.13562500000000033
2026-08-16 09:12:08.354,2.385,lower,0.05812499999999998,0.17625000000000002
2026-08-16 09:12:08.364,2.395,lower,-0.014374999999999805,0.16437499999999994
2026-08-16 09:12:08.374,2.405,lower,-0.029375000000000373,0.1387499999999997
2026-08-16 09:12:08.384,2.415,lower,0.07062499999999972,0.1806249999999998
2026-08-16 09:12:08.394,2.425,lower,-0.11750000000000038,0.13249999999999984
2026-08-16 09:12:08.404,2.435,lower,0.0506249999999997,0.16812500000000008
2026-08-16 09:12:08.414,2.445,lower,-0.03874999999999962,0.1618750000000002
2026-08-16 09:12:08.424,2.455,lower,-0.0031249999999993783,0.14249999999999985
2026-08-16 09:12:08.434,2.465,lower,0.06750000000000034,0.18000000000000016
2026-08-16 09:12:08.444,2.475,lower,-0.11624999999999996,0.1331250000000006
2026-08-16 09:12:08.454,2.485,lower,0.05750000000000033,0.1693750000000005
2026-08-16 09:12:08.464,2.495,lower,-0.021249999999999325,0.16000000000000014
2026-08-16 09:12:08.474,2.505,lower,-0.026249999999999885,0.14937500000000048
2026-08-16 09:12:08.484,2.515,lower,0.06937500000000041,0.18000000000000016
2026-08-16 09:12:08.494,2.525,lower,-0.11624999999999996,0.1318750000000002
2026-08-16 09:12:08.504,2.535,lower,0.04812499999999997,0.17187500000000022
2026-08-16 09:12:08.514,2.545,lower,0.0,0.16750000000000043
2026-08-16 09:12:08.524,2.555,lower,-0.0031249999999993783,0.14812500000000006
2026-08-16 09:12:08.534,2.565,lower,0.06500000000000061,0.18187500000000023
2026-08-16 09:12:08.544,2.575,lower,-0.1143749999999999,0.13500000000000068
2026-08-16 09:12:08.554,2.585,lower,0.0593750000000004,0.17249999999999988
2026-08-16 09:12:08.564,2.595,lower,-0.022499999999999742,0.1693750000000005
2026-08-16 09:12:08.574,2.605,lower,-0.021249999999999325,0.1518750000000002
2026-08-16 09:12:08.584,2.615,lower,0.07000000000000006,0.1837500000000003
2026-08-16 09:12:08.594,2.625,lower,-0.11249999999999982,0.13375000000000026
2026-08-16 09:12:08.604,2.635,lower,0.05249999999999977,0.17687499999999967
2026-08-16 09:12:08.614,2.645,lower,-0.001875000000000071,0.1649999999999996
2026-08-16 09:12:08.624,2.655,lower,0.001875000000000071,0.14249999999999985
2026-08-16 09:12:08.634,2.665,lower,0.07125000000000048,0.18187500000000023
2026-08-16 09:12:08.644,2.675,lower,-0.11624999999999996,0.13375000000000026
2026-08-16 09:12:08.654,2.685,lower,0.061875000000000124,0.17125000000000057
2026-08-16 09:12:08.664,2.695,lower,-0.027500000000000302,0.1618750000000002
2026-08-16 09:12:08.674,2.705,lower,-0.020000000000000018,0.14562500000000034
2026-08-16 09:12:08.684,2.715,lower,0.06937500000000041,0.18125000000000058
2026-08-16 09:12:08.694,2.725,lower,-0.1112499999999994,0.1343749999999999
2026-08-16 09:12:08.704,2.735,lower,0.053750000000000187,0.17000000000000015
2026-08-16 09:12:08.714,2.745,lower,-0.005625000000000213,0.16249999999999987
2026-08-16 09:12:08.724,2.755,lower,0.004374999999999796,0.14812500000000006
2026-08-16 09:12:08.734,2.765,lower,0.06750000000000034,0.18312500000000065
2026-08-16 09:12:08.744,2.775,lower,-0.11750000000000038,0.13249999999999984
2026-08-16 09:12:08.754,2.785,lower,0.04249999999999976,0.1706249999999998
2026-08-16 09:12:08.764,2.795,lower,-0.034999999999999476,0.16874999999999973
2026-08-16 09:12:08.774,2.805,lower,-0.014999999999999458,0.15000000000000013
2026-08-16 09:12:08.784,2.815,lower,0.06874999999999964,0.18125000000000058
2026-08-16 09:12:08.794,2.825,lower,-0.1112499999999994,0.13125000000000053
2026-08-16 09:12:08.804,2.835,lower,0.051875000000000115,0.1737500000000003
2026-08-16 09:12:08.814,2.845,lower,-0.008124999999999938,0.16687499999999966
2026-08-16 09:12:08.824,2.855,lower,0.009375000000000355,0.15312500000000062
2026-08-16 09:12:08.834,2.865,lower,0.07249999999999979,0.18625000000000003
2026-08-16 09:12:08.844,2.875,lower,-0.11874999999999969,0.13375000000000026
2026-08-16 09:12:08.854,2.885,lower,0.04812499999999997,0.1749999999999996
2026-08-16 09:12:08.864,2.895,lower,-0.03375000000000017,0.16750000000000043
2026-08-16 09:12:08.874,2.905,lower,-0.010000000000000009,0.1418750000000002
2026-08-16 09:12:08.884,2.915,lower,0.06750000000000034,0.1837500000000003
2026-08-16 09:12:08.894,2.925,lower,-0.10812500000000003,0.13249999999999984
2026-08-16 09:12:08.904,2.935,lower,0.0593750000000004,0.17000000000000015
2026-08-16 09:12:08.914,2.945,lower,-0.012499999999999734,0.16312500000000063
2026-08-16 09:12:08.924,2.955,lower,-0.03624999999999989,0.14125000000000054
2026-08-16 09:12:08.934,2.965,lower,0.07187500000000013,0.18125000000000058
2026-08-16 09:12:08.944,2.975,lower,-0.11687499999999962,0.13562500000000033
2026-08-16 09:12:08.954,2.985,lower,0.04750000000000032,0.1706249999999998
2026-08-16 09:12:08.964,2.995,lower,-0.04124999999999934,0.16437499999999994
2026-08-16 09:12:08.974,3.005,lower,-0.005625000000000213,0.14562500000000034
2026-08-16 09:12:08.984,3.015,lower,0.06874999999999964,0.18125000000000058
2026-08-16 09:12:08.994,3.025,lower,-0.1200000000000001,0.13125000000000053
2026-08-16 09:12:09.004,3.035,lower,0.053750000000000187,0.17249999999999988
2026-08-16 09:12:09.014,3.045,lower,-0.017500000000000293,0.16687499999999966
2026-08-16 09:12:09.024,3.055,lower,-0.03062499999999968,0.14874999999999972
2026-08-16 09:12:09.034,3.065,lower,0.06562500000000027,0.1837500000000003
2026-08-16 09:12:09.044,3.075,lower,-0.11812500000000004,0.13000000000000012
2026-08-16 09:12:09.054,3.085,lower,0.046875000000000666,0.17125000000000057
2026-08-16 09:12:09.064,3.095,lower,-0.044999999999999485,0.16687499999999966
2026-08-16 09:12:09.074,3.105,lower,-0.003750000000000142,0.15000000000000013
2026-08-16 09:12:09.084,3.115,lower,0.07187500000000013,0.1849999999999996
2026-08-16 09:12:09.094,3.125,lower,-0.11750000000000038,0.13375000000000026
2026-08-16 09:12:09.104,3.135,lower,0.056875000000000675,0.1749999999999996
2026-08-16 09:12:09.114,3.145,lower,-0.020000000000000018,0.16687499999999966
2026-08-16 09:12:09.124,3.155,lower,-0.022499999999999742,0.14000000000000012
2026-08-16 09:12:09.134,3.165,lower,0.06624999999999992,0.1837500000000003
2026-08-16 09:12:09.144,3.175,lower,-0.11375000000000024,0.13249999999999984
2026-08-16 09:12:09.154,3.185,lower,0.05562500000000026,0.1781250000000001
2026-08-16 09:12:09.164,3.195,lower,-0.001875000000000071,0.1649999999999996
2026-08-16 09:12:09.174,3.205,lower,-0.0006249999999996536,0.14249999999999985
2026-08-16 09:12:09.184,3.215,lower,0.07312500000000055,0.18187500000000023
2026-08-16 09:12:09.194,3.225,lower,-0.11812500000000004,0.13375000000000026
2026-08-16 09:12:09.204,3.235,lower,0.05750000000000033,0.1706249999999998
2026-08-16 09:12:09.214,3.245,lower,-0.024999999999999467,0.16249999999999987
2026-08-16 09:12:09.224,3.255,lower,-0.02062499999999967,0.14625
2026-08-16 09:12:09.234,3.265,lower,0.06562500000000027,0.18187500000000023
2026-08-16 09:12:09.244,3.275,lower,-0.11312499999999948,0.1318750000000002
2026-08-16 09:12:09.254,3.285,lower,0.05312500000000053,0.17187500000000022
2026-08-16 09:12:09.264,3.295,lower,-0.004999999999999449,0.1606249999999998
2026-08-16 09:12:09.274,3.305,lower,0.001875000000000071,0.14687499999999964
2026-08-16 09:12:09.284,3.315,lower,0.07000000000000006,0.18187500000000023
2026-08-16 09:12:09.294,3.325,lower,-0.11624999999999996,0.13000000000000012
2026-08-16 09:12:09.304,3.335,lower,0.06062499999999971,0.1737500000000003
2026-08-16 09:12:09.314,3.345,lower,-0.028124999999999956,0.17000000000000015
2026-08-16 09:12:09.324,3.355,lower,-0.013750000000000151,0.1506249999999998
2026-08-16 09:12:09.334,3.365,lower,0.07187500000000013,0.18312500000000065
2026-08-16 09:12:09.344,3.375,lower,-0.1143749999999999,0.13375000000000026
2026-08-16 09:12:09.354,3.385,lower,0.055000000000000604,0.17562500000000036
2026-08-16 09:12:09.364,3.395,lower,-0.0031249999999993783,0.16625
2026-08-16 09:12:09.374,3.405,lower,0.0024999999999997247,0.15312500000000062
2026-08-16 09:12:09.384,3.415,lower,0.07249999999999979,0.1837500000000003
2026-08-16 09:12:09.394,3.425,lower,-0.11187500000000017,0.13500000000000068
2026-08-16 09:12:09.404,3.435,lower,0.050000000000000044,0.17437499999999995
2026-08-16 09:12:09.414,3.445,lower,-0.03375000000000017,0.16812500000000008
2026-08-16 09:12:09.424,3.455,lower,-0.007500000000000284,0.14062499999999978
2026-08-16 09:12:09.434,3.465,lower,0.07187500000000013,0.18312500000000065
2026-08-16 09:12:09.444,3.475,lower,-0.1100000000000001,0.13562500000000033
2026-08-16 09:12:09.454,3.485,lower,0.06000000000000005,0.16874999999999973
2026-08-16 09:12:09.464,3.495,lower,-0.007500000000000284,0.16125000000000056
2026-08-16 09:12:09.474,3.505,lower,-0.03375000000000017,0.14437499999999992
2026-08-16 09:12:09.484,3.515,lower,0.06937500000000041,0.1793750000000005
2026-08-16 09:12:09.494,3.525,lower,-0.11750000000000038,0.13125000000000053
2026-08-16 09:12:09.504,3.535,lower,0.04562500000000025,0.16812500000000008
2026-08-16 09:12:09.514,3.545,lower,-0.03937500000000038,0.15625
2026-08-16 09:12:09.524,3.555,lower,-0.008124999999999938,0.14500000000000068
2026-08-16 09:12:09.534,3.565,lower,0.07249999999999979,0.18249999999999988
2026-08-16 09:12:09.544,3.575,lower,-0.1100000000000001,0.13125000000000053
2026-08-16 09:12:09.554,3.585,lower,0.055000000000000604,0.17562500000000036
2026-08-16 09:12:09.564,3.595,lower,-0.014374999999999805,0.16874999999999973
2026-08-16 09:12:09.574,3.605,lower,-0.030000000000000027,0.15249999999999986
2026-08-16 09:12:09.584,3.615,lower,0.06624999999999992,0.1837500000000003
2026-08-16 09:12:09.594,3.625,lower,-0.11562500000000031,0.13125000000000053
2026-08-16 09:12:09.604,3.635,lower,0.05125000000000046,0.17249999999999988
2026-08-16 09:12:09.614,3.645,lower,-0.043124999999999414,0.16874999999999973
2026-08-16 09:12:09.624,3.655,lower,-0.0024999999999997247,0.15375000000000028
2026-08-16 09:12:09.634,3.665,lower,0.0737500000000002,0.1837500000000003
2026-08-16 09:12:09.644,3.675,lower,-0.11624999999999996,0.13687499999999964
2026-08-16 09:12:09.654,3.685,lower,0.056875000000000675,0.17625000000000002
2026-08-16 09:12:09.664,3.695,lower,-0.020000000000000018,0.16750000000000043
2026-08-16 09:12:09.674,3.705,lower,-0.02187500000000009,0.14249999999999985
2026-08-16 09:12:09.684,3.715,lower,0.06812499999999999,0.18750000000000044
2026-08-16 09:12:09.694,3.725,lower,-0.11562500000000031,0.13624999999999998
2026-08-16 09:12:09.704,3.735,lower,0.05125000000000046,0.17874999999999974
2026-08-16 09:12:09.714,3.745,lower,0.0006249999999996536,0.16375000000000028
2026-08-16 09:12:09.724,3.755,lower,0.0006249999999996536,0.1418750000000002
2026-08-16 09:12:09.734,3.765,lower,0.06937500000000041,0.1793750000000005
2026-08-16 09:12:09.744,3.775,lower,-0.1200000000000001,0.13249999999999984
2026-08-16 09:12:09.754,3.785,lower,0.05750000000000033,0.1693750000000005
2026-08-16 09:12:09.764,3.795,lower,-0.024999999999999467,0.1606249999999998
2026-08-16 09:12:09.774,3.805,lower,-0.02187500000000009,0.14500000000000068
2026-08-16 09:12:09.784,3.815,lower,0.07062499999999972,0.1837500000000003
2026-08-16 09:12:09.794,3.825,lower,-0.11312499999999948,0.13062499999999977
2026-08-16 09:12:09.804,3.835,lower,0.05125000000000046,0.17187500000000022
2026-08-16 09:12:09.814,3.845,lower,-0.0012500000000004174,0.16812500000000008
2026-08-16 09:12:09.824,3.855,lower,0.0024999999999997247,0.14937500000000048
2026-08-16 09:12:09.834,3.865,lower,0.06812499999999999,0.1793750000000005
2026-08-16 09:12:09.844,3.875,lower,-0.11687499999999962,0.13375000000000026
2026-08-16 09:12:09.854,3.885,lower,0.06249999999999978,0.17187500000000022
2026-08-16 09:12:09.864,3.895,lower,-0.02874999999999961,0.16874999999999973
2026-08-16 09:12:09.874,3.905,lower,-0.017500000000000293,0.15249999999999986
2026-08-16 09:12:09.884,3.915,lower,0.07187500000000013,0.1837500000000003
2026-08-16 09:12:09.894,3.925,lower,-0.11062499999999975,0.13562500000000033
2026-08-16 09:12:09.904,3.935,lower,0.055000000000000604,0.17625000000000002
2026-08-16 09:12:09.914,3.945,lower,-0.004374999999999796,0.16437499999999994
2026-08-16 09:12:09.924,3.955,lower,0.006249999999999867,0.1418750000000002
2026-08-16 09:12:09.934,3.965,lower,0.07125000000000048,0.1849999999999996
2026-08-16 09:12:09.944,3.975,lower,-0.11687499999999962,0.13062499999999977
2026-08-16 09:12:09.954,3.985,lower,0.04937500000000039,0.17437499999999995
2026-08-16 09:12:09.964,3.995,lower,-0.033124999999999405,0.1649999999999996
2026-08-16 09:12:09.974,4.005,lower,-0.014374999999999805,0.13937500000000047
2026-08-16 09:12:09.984,4.015,lower,0.07000000000000006,0.18187500000000023
2026-08-16 09:12:09.994,4.025,lower,-0.1100000000000001,0.13062499999999977
2026-08-16 09:12:10.004,4.035,lower,0.05562500000000026,0.16750000000000043
2026-08-16 09:12:10.014,4.045,lower,-0.010624999999999662,0.15687499999999965
2026-08-16 09:12:10.024,4.055,lower,0.010000000000000009,0.14375000000000027
2026-08-16 09:12:10.034,4.065,lower,0.07249999999999979,0.17874999999999974
2026-08-16 09:12:10.044,4.075,lower,-0.11874999999999969,0.13125000000000053
2026-08-16 09:12:10.054,4.085,lower,0.04562500000000025,0.1706249999999998
2026-08-16 09:12:10.064,4.095,lower,-0.03624999999999989,0.15499999999999958
2026-08-16 09:12:10.074,4.105,lower,-0.010000000000000009,0.1475000000000004
2026-08-16 09:12:10.084,4.115,lower,0.07187500000000013,0.1793750000000005
2026-08-16 09:12:10.094,4.125,lower,-0.10750000000000037,0.1318750000000002
2026-08-16 09:12:10.104,4.135,lower,0.05812499999999998,0.17312500000000064
2026-08-16 09:12:10.114,4.145,lower,-0.013124999999999387,0.16562500000000036
2026-08-16 09:12:10.124,4.155,lower,-0.031249999999999334,0.15125000000000055
2026-08-16 09:12:10.134,4.165,lower,0.07437499999999986,0.18249999999999988
2026-08-16 09:12:10.144,4.175,lower,-0.11937499999999934,0.13000000000000012
2026-08-16 09:12:10.154,4.185,lower,0.05249999999999977,0.1749999999999996
2026-08-16 09:12:10.164,4.195,lower,-0.04124999999999934,0.16249999999999987
2026-08-16 09:12:10.174,4.205,lower,-0.0024999999999997247,0.1375000000000004
2026-08-16 09:12:10.184,4.215,lower,0.06812499999999999,0.1793750000000005
2026-08-16 09:12:10.194,4.225,lower,-0.11750000000000038,0.13062499999999977
2026-08-16 09:12:10.204,4.235,lower,0.05812499999999998,0.17437499999999995
2026-08-16 09:12:10.214,4.245,lower,-0.0187499999999996,0.16375000000000028
2026-08-16 09:12:10.224,4.255,lower,-0.026874999999999538,0.1375000000000004
2026-08-16 09:12:10.234,4.265,lower,0.07000000000000006,0.17874999999999974
2026-08-16 09:12:10.244,4.275,lower,-0.1143749999999999,0.13062499999999977
2026-08-16 09:12:10.254,4.285,lower,0.05125000000000046,0.16812500000000008
2026-08-16 09:12:10.264,4.295,lower,-0.04562500000000025,0.1618750000000002
2026-08-16 09:12:10.274,4.305,lower,-0.0031249999999993783,0.14437499999999992
2026-08-16 09:12:10.284,4.315,lower,0.07312500000000055,0.1793750000000005
2026-08-16 09:12:10.294,4.325,lower,-0.1200000000000001,0.13249999999999984
2026-08-16 09:12:10.304,4.335,lower,0.05812499999999998,0.17249999999999988
2026-08-16 09:12:10.314,4.345,lower,-0.021249999999999325,0.16000000000000014
2026-08-16 09:12:10.324,4.355,lower,-0.02375000000000016,0.14812500000000006
2026-08-16 09:12:10.334,4.365,lower,0.07312500000000055,0.18000000000000016
2026-08-16 09:12:10.344,4.375,lower,-0.11375000000000024,0.12937500000000046
2026-08-16 09:12:10.354,4.385,lower,0.051875000000000115,0.16874999999999973
2026-08-16 09:12:10.364,4.395,lower,-0.004374999999999796,0.16750000000000043
2026-08-16 09:12:10.374,4.405,lower,0.001875000000000071,0.14812500000000006
2026-08-16 09:12:10.384,4.415,lower,0.07062499999999972,0.18000000000000016
2026-08-16 09:12:10.394,4.425,lower,-0.11499999999999955,0.13375000000000026
2026-08-16 09:12:10.404,4.435,lower,0.06125000000000047,0.17687499999999967
2026-08-16 09:12:10.414,4.445,lower,-0.027500000000000302,0.16437499999999994
2026-08-16 09:12:10.424,4.455,lower,-0.01687499999999953,0.15499999999999958
2026-08-16 09:12:10.434,4.465,lower,0.07187500000000013,0.17874999999999974
2026-08-16 09:12:10.444,4.475,lower,-0.11249999999999982,0.13500000000000068
2026-08-16 09:12:10.454,4.485,lower,0.055000000000000604,0.17874999999999974
2026-08-16 09:12:10.464,4.495,lower,-0.005625000000000213,0.16312500000000063
2026-08-16 09:12:10.474,4.505,lower,0.0050000000000005596,0.14437499999999992
2026-08-16 09:12:10.484,4.515,lower,0.06687500000000068,0.17750000000000044
2026-08-16 09:12:10.494,4.525,lower,-0.12062499999999976,0.13125000000000053
2026-08-16 09:12:10.504,4.535,lower,0.06000000000000005,0.16750000000000043
2026-08-16 09:12:10.514,4.545,lower,-0.033124999999999405,0.16312500000000063
2026-08-16 09:12:10.524,4.555,lower,-0.018124999999999947,0.1431250000000006
2026-08-16 09:12:10.534,4.565,lower,0.06562500000000027,0.17687499999999967
2026-08-16 09:12:10.544,4.575,lower,-0.1112499999999994,0.1343749999999999
2026-08-16 09:12:10.554,4.585,lower,0.05437499999999984,0.1693750000000005
2026-08-16 09:12:10.564,4.595,lower,-0.01187500000000008,0.16000000000000014
2026-08-16 09:12:10.574,4.605,lower,0.006249999999999867,0.14562500000000034
2026-08-16 09:12:10.584,4.615,lower,0.07187500000000013,0.1781250000000001
2026-08-16 09:12:10.594,4.625,lower,-0.1200000000000001,0.1331250000000006
2026-08-16 09:12:10.604,4.635,lower,0.0462499999999999,0.17437499999999995
2026-08-16 09:12:10.614,4.645,lower,-0.03562500000000024,0.1693750000000005
2026-08-16 09:12:10.624,4.655,lower,-0.013124999999999387,0.1518750000000002
2026-08-16 09:12:10.634,4.665,lower,0.07062499999999972,0.18187500000000023
2026-08-16 09:12:10.644,4.675,lower,-0.11062499999999975,0.13249999999999984
2026-08-16 09:12:10.654,4.685,lower,0.05437499999999984,0.17625000000000002
2026-08-16 09:12:10.664,4.695,lower,-0.014999999999999458,0.16812500000000008
2026-08-16 09:12:10.674,4.705,lower,0.010000000000000009,0.15000000000000013
2026-08-16 09:12:10.684,4.715,lower,0.07062499999999972,0.18312500000000065
2026-08-16 09:12:10.694,4.725,lower,-0.11687499999999962,0.13687499999999964
2026-08-16 09:12:10.704,4.735,lower,0.04812499999999997,0.1793750000000005
2026-08-16 09:12:10.714,4.745,lower,-0.04124999999999934,0.1649999999999996
2026-08-16 09:12:10.724,4.755,lower,-0.004374999999999796,0.14249999999999985
2026-08-16 09:12:10.734,4.765,lower,0.06687500000000068,0.18000000000000016
2026-08-16 09:12:10.744,4.775,lower,-0.11249999999999982,0.13375000000000026
2026-08-16 09:12:10.754,4.785,lower,0.05562500000000026,0.17687499999999967
2026-08-16 09:12:10.764,4.795,lower,-0.021249999999999325,0.16375000000000028
2026-08-16 09:12:10.774,4.805,lower,-0.031249999999999334,0.1431250000000006
2026-08-16 09:12:10.784,4.815,lower,0.06874999999999964,0.18312500000000065
2026-08-16 09:12:10.794,4.825,lower,-0.11874999999999969,0.13375000000000026
2026-08-16 09:12:10.804,4.835,lower,0.046875000000000666,0.17249999999999988
2026-08-16 09:12:10.814,4.845,lower,-0.04375000000000018,0.16125000000000056
2026-08-16 09:12:10.824,4.855,lower,-0.0031249999999993783,0.14437499999999992
2026-08-16 09:12:10.834,4.865,lower,0.07125000000000048,0.1837500000000003
2026-08-16 09:12:10.844,4.875,lower,-0.12312499999999948,0.1331250000000006
2026-08-16 09:12:10.854,4.885,lower,0.058749999999999636,0.17249999999999988
2026-08-16 09:12:10.864,4.895,lower,-0.02375000000000016,0.16000000000000014
2026-08-16 09:12:10.874,4.905,lower,-0.027500000000000302,0.1475000000000004
2026-08-16 09:12:10.884,4.915,lower,0.06874999999999964,0.18437499999999996
2026-08-16 09:12:10.894,4.925,lower,-0.11624999999999996,0.13375000000000026
2026-08-16 09:12:10.904,4.935,lower,0.05125000000000046,0.17750000000000044
2026-08-16 09:12:10.914,4.945,lower,-0.04812499999999997,0.17125000000000057
2026-08-16 09:12:10.924,4.955,lower,-0.0006249999999996536,0.15375000000000028
2026-08-16 09:12:10.934,4.965,lower,0.07000000000000006,0.18187500000000023
2026-08-16 09:12:10.944,4.975,lower,-0.12062499999999976,0.13687499999999964
2026-08-16 09:12:10.954,4.985,lower,0.06000000000000005,0.1781250000000001
2026-08-16 09:12:10.964,4.995,lower,-0.028124999999999956,0.16562500000000036
2026-08-16 09:12:10.974,5.005,lower,-0.019375000000000364,0.15562500000000035
2026-08-16 09:12:10.984,5.015,lower,0.06874999999999964,0.1837500000000003
2026-08-16 09:12:10.994,5.025,lower,-0.11624999999999996,0.1343749999999999
2026-08-16 09:12:11.004,5.035,lower,0.0506249999999997,0.17687499999999967
2026-08-16 09:12:11.014,5.045,lower,-0.008749999999999591,0.16625
2026-08-16 09:12:11.024,5.055,lower,0.0050000000000005596,0.14000000000000012
2026-08-16 09:12:11.034,5.065,lower,0.06750000000000034,0.1849999999999996
2026-08-16 09:12:11.044,5.075,lower,-0.12124999999999941,0.13062499999999977
2026-08-16 09:12:11.054,5.085,lower,0.061875000000000124,0.1693750000000005
2026-08-16 09:12:11.064,5.095,lower,-0.033124999999999405,0.16125000000000056
2026-08-16 09:12:11.074,5.105,lower,-0.018124999999999947,0.14562500000000034
2026-08-16 09:12:11.084,5.115,lower,0.06687500000000068,0.18625000000000003
2026-08-16 09:12:11.094,5.125,lower,-0.11375000000000024,0.1318750000000002
2026-08-16 09:12:11.104,5.135,lower,0.055000000000000604,0.1737500000000003
2026-08-16 09:12:11.114,5.145,lower,-0.010624999999999662,0.1606249999999998
2026-08-16 09:12:11.124,5.155,lower,0.006249999999999867,0.14812500000000006
2026-08-16 09:12:11.134,5.165,lower,0.06937500000000041,0.18312500000000065
2026-08-16 09:12:11.144,5.175,lower,-0.12124999999999941,0.1343749999999999
2026-08-16 09:12:11.154,5.185,lower,0.06000000000000005,0.17562500000000036
2026-08-16 09:12:11.164,5.195,lower,-0.03437499999999982,0.17000000000000015
2026-08-16 09:12:11.174,5.205,lower,-0.014999999999999458,0.15000000000000013
2026-08-16 09:12:11.184,5.215,lower,0.06937500000000041,0.18000000000000016
2026-08-16 09:12:11.194,5.225,lower,-0.1143749999999999,0.1343749999999999
2026-08-16 09:12:11.204,5.235,lower,0.051875000000000115,0.1737500000000003
2026-08-16 09:12:11.214,5.245,lower,-0.017500000000000293,0.16687499999999966
2026-08-16 09:12:11.224,5.255,lower,0.005625000000000213,0.15437499999999993
2026-08-16 09:12:11.234,5.265,lower,0.06562500000000027,0.18125000000000058
2026-08-16 09:12:11.244,5.275,lower,-0.12062499999999976,0.1331250000000006
2026-08-16 09:12:11.254,5.285,lower,0.046875000000000666,0.17750000000000044
2026-08-16 09:12:11.264,5.295,lower,-0.04249999999999976,0.16312500000000063
2026-08-16 09:12:11.274,5.305,lower,-0.007500000000000284,0.14062499999999978
2026-08-16 09:12:11.284,5.315,lower,0.06750000000000034,0.18187500000000023
2026-08-16 09:12:11.294,5.325,lower,-0.11312499999999948,0.1331250000000006
2026-08-16 09:12:11.304,5.335,lower,0.056875000000000675,0.17874999999999974
2026-08-16 09:12:11.314,5.345,lower,-0.015625000000000222,0.16625
2026-08-16 09:12:11.324,5.355,lower,-0.03249999999999975,0.1475000000000004
2026-08-16 09:12:11.334,5.365,lower,0.06937500000000041,0.1837500000000003
2026-08-16 09:12:11.344,5.375,lower,-0.1200000000000001,0.13500000000000068
2026-08-16 09:12:11.354,5.385,lower,0.045000000000000595,0.17625000000000002
2026-08-16 09:12:11.364,5.395,lower,-0.04437499999999983,0.16312500000000063
2026-08-16 09:12:11.374,5.405,lower,-0.004999999999999449,0.14937500000000048
2026-08-16 09:12:11.384,5.415,lower,0.07187500000000013,0.18562500000000037
2026-08-16 09:12:11.394,5.425,lower,-0.10624999999999996,0.1318750000000002
2026-08-16 09:12:11.404,5.435,lower,0.05812499999999998,0.17437499999999995
2026-08-16 09:12:11.414,5.445,lower,-0.021249999999999325,0.17000000000000015
2026-08-16 09:12:11.424,5.455,lower,-0.024999999999999467,0.15312500000000062
2026-08-16 09:12:11.434,5.465,lower,0.07249999999999979,0.18125000000000058
2026-08-16 09:12:11.444,5.475,lower,-0.11624999999999996,0.13500000000000068
2026-08-16 09:12:11.454,5.485,lower,0.05125000000000046,0.17874999999999974
2026-08-16 09:12:11.464,5.495,lower,-0.051875000000000115,0.16687499999999966
2026-08-16 09:12:11.474,5.505,lower,-0.003750000000000142,0.15499999999999958
2026-08-16 09:12:11.484,5.515,lower,0.07125000000000048,0.1837500000000003
2026-08-16 09:12:11.494,5.525,lower,-0.12124999999999941,0.1318750000000002
2026-08-16 09:12:11.504,5.535,lower,0.0593750000000004,0.1749999999999996
2026-08-16 09:12:11.514,5.545,lower,-0.02874999999999961,0.16687499999999966
2026-08-16 09:12:11.524,5.555,lower,-0.021249999999999325,0.13937500000000047
2026-08-16 09:12:11.534,5.565,lower,0.06687500000000068,0.18187500000000023
2026-08-16 09:12:11.544,5.575,lower,-0.11375000000000024,0.13375000000000026
2026-08-16 09:12:11.554,5.585,lower,0.05312500000000053,0.1793750000000005
2026-08-16 09:12:11.564,5.595,lower,-0.008749999999999591,0.16625
2026-08-16 09:12:11.574,5.605,lower,0.004374999999999796,0.14437499999999992
2026-08-16 09:12:11.584,5.615,lower,0.07062499999999972,0.18437499999999996
2026-08-16 09:12:11.594,5.625,lower,-0.11937499999999934,0.13375000000000026
2026-08-16 09:12:11.604,5.635,lower,0.06312500000000054,0.1706249999999998
2026-08-16 09:12:11.614,5.645,lower,-0.030000000000000027,0.16375000000000028
2026-08-16 09:12:11.624,5.655,lower,-0.016249999999999876,0.15249999999999986
2026-08-16 09:12:11.634,5.665,lower,0.06937500000000041,0.1806249999999998
2026-08-16 09:12:11.644,5.675,lower,-0.11187500000000017,0.1343749999999999
2026-08-16 09:12:11.654,5.685,lower,0.055000000000000604,0.17562500000000036
2026-08-16 09:12:11.664,5.695,lower,-0.008124999999999938,0.16312500000000063
2026-08-16 09:12:11.674,5.705,lower,0.008749999999999591,0.15249999999999986
2026-08-16 09:12:11.684,5.715,lower,0.07249999999999979,0.18187500000000023
2026-08-16 09:12:11.694,5.725,lower,-0.12062499999999976,0.1331250000000006
2026-08-16 09:12:11.704,5.735,lower,0.06312500000000054,0.1781250000000001
2026-08-16 09:12:11.714,5.745,lower,-0.033124999999999405,0.17249999999999988
2026-08-16 09:12:11.724,5.755,lower,-0.012499999999999734,0.15312500000000062
2026-08-16 09:12:11.734,5.765,lower,0.07000000000000006,0.1837500000000003
2026-08-16 09:12:11.744,5.775,lower,-0.11062499999999975,0.13249999999999984
2026-08-16 09:12:11.754,5.785,lower,0.056875000000000675,0.17625000000000002
2026-08-16 09:12:11.764,5.795,lower,-0.012499999999999734,0.16625
2026-08-16 09:12:11.774,5.805,lower,0.008749999999999591,0.15750000000000042
2026-08-16 09:12:11.784,5.815,lower,0.06937500000000041,0.18125000000000058
2026-08-16 09:12:11.794,5.825,lower,-0.11812500000000004,0.1343749999999999
2026-08-16 09:12:11.804,5.835,lower,0.04750000000000032,0.18125000000000058
2026-08-16 09:12:11.814,5.845,lower,-0.038124999999999964,0.16562500000000036
2026-08-16 09:12:11.824,5.855,lower,-0.008124999999999938,0.14562500000000034
2026-08-16 09:12:11.834,5.865,lower,0.07249999999999979,0.1849999999999996
2026-08-16 09:12:11.844,5.875,lower,-0.10750000000000037,0.13812500000000005
2026-08-16 09:12:11.854,5.885,lower,0.058749999999999636,0.1737500000000003
2026-08-16 09:12:11.864,5.895,lower,-0.0187499999999996,0.16312500000000063
2026-08-16 09:12:11.874,5.905,lower,0.014374999999999805,0.15000000000000013
2026-08-16 09:12:11.884,5.915,lower,0.07249999999999979,0.1849999999999996
2026-08-16 09:12:11.894,5.925,lower,-0.11624999999999996,0.13812500000000005
2026-08-16 09:12:11.904,5.935,lower,0.04937500000000039,0.17125000000000057
2026-08-16 09:12:11.914,5.945,lower,-0.043124999999999414,0.16249999999999987
2026-08-16 09:12:11.924,5.955,lower,-0.0024999999999997247,0.14937500000000048
2026-08-16 09:12:11.934,5.965,lower,0.0737500000000002,0.18750000000000044
2026-08-16 09:12:11.944,5.975,lower,-0.1056250000000003,0.13375000000000026
2026-08-16 09:12:11.954,5.985,lower,0.06000000000000005,0.1737500000000003
2026-08-16 09:12:11.964,5.995,lower,-0.016249999999999876,0.17249999999999988
2026-08-16 09:12:11.974,6.005,lower,-0.022499999999999742,0.15625
2026-08-16 09:12:11.984,6.015,lower,0.07125000000000048,0.18562500000000037
2026-08-16 09:12:11.994,6.025,lower,-0.11499999999999955,0.13500000000000068
2026-08-16 09:12:12.004,6.035,lower,0.05249999999999977,0.1781250000000001
2026-08-16 09:12:12.014,6.045,lower,-0.04937500000000039,0.16625
2026-08-16 09:12:12.024,6.055,lower,-0.0024999999999997247,0.15687499999999965
2026-08-16 09:12:12.034,6.065,lower,0.07249999999999979,0.18187500000000023
2026-08-16 09:12:12.044,6.075,lower,-0.1056250000000003,0.13562500000000033
2026-08-16 09:12:12.054,6.085,lower,0.061875000000000124,0.18125000000000058
2026-08-16 09:12:12.064,6.095,lower,-0.024374999999999813,0.16562500000000036
2026-08-16 09:12:12.074,6.105,lower,-0.0187499999999996,0.1475000000000004
2026-08-16 09:12:12.084,6.115,lower,0.07312500000000055,0.18562500000000037
2026-08-16 09:12:12.094,6.125,lower,-0.1143749999999999,0.13562500000000033
2026-08-16 09:12:12.104,6.135,lower,0.05437499999999984,0.18000000000000016
2026-08-16 09:12:12.114,6.145,lower,-0.05249999999999977,0.16437499999999994
2026-08-16 09:12:12.124,6.155,lower,0.004374999999999796,0.14562500000000034
2026-08-16 09:12:12.134,6.165,lower,0.07062499999999972,0.18687499999999968
2026-08-16 09:12:12.144,6.175,lower,-0.1200000000000001,0.13500000000000068
2026-08-16 09:12:12.154,6.185,lower,0.0637500000000002,0.17249999999999988
2026-08-16 09:12:12.164,6.195,lower,-0.03062499999999968,0.16375000000000028
2026-08-16 09:12:12.174,6.205,lower,-0.01687499999999953,0.14874999999999972
2026-08-16 09:12:12.184,6.215,lower,0.06874999999999964,0.1837500000000003
2026-08-16 09:12:12.194,6.225,lower,-0.11562500000000031,0.13500000000000068
2026-08-16 09:12:12.204,6.235,lower,0.05125000000000046,0.17187500000000022
2026-08-16 09:12:12.214,6.245,lower,-0.008124999999999938,0.17125000000000057
2026-08-16 09:12:12.224,6.255,lower,0.0031250000000004885,0.15375000000000028
2026-08-16 09:12:12.234,6.265,lower,0.07000000000000006,0.18625000000000003
2026-08-16 09:12:12.244,6.275,lower,-0.11687499999999962,0.13375000000000026
2026-08-16 09:12:12.254,6.285,lower,0.058749999999999636,0.1793750000000005
2026-08-16 09:12:12.264,6.295,lower,-0.034999999999999476,0.16750000000000043
2026-08-16 09:12:12.274,6.305,lower,-0.010624999999999662,0.15499999999999958
2026-08-16 09:12:12.284,6.315,lower,0.06562500000000027,0.1881250000000001
2026-08-16 09:12:12.294,6.325,lower,-0.11062499999999975,0.1331250000000006
2026-08-16 09:12:12.304,6.335,lower,0.05812499999999998,0.17750000000000044
2026-08-16 09:12:12.314,6.345,lower,-0.010624999999999662,0.16750000000000043
2026-08-16 09:12:12.324,6.355,lower,0.009375000000000355,0.14625
2026-08-16 09:12:12.334,6.365,lower,0.07312500000000055,0.18750000000000044
2026-08-16 09:12:12.344,6.375,lower,-0.11687499999999962,0.13624999999999998
2026-08-16 09:12:12.354,6.385,lower,0.06437499999999985,0.1793750000000005
2026-08-16 09:12:12.364,6.395,lower,-0.03874999999999962,0.16625
2026-08-16 09:12:12.374,6.405,lower,-0.008749999999999591,0.14937500000000048
2026-08-16 09:12:12.384,6.415,lower,0.07062499999999972,0.18874999999999975
2026-08-16 09:12:12.394,6.425,lower,-0.11187500000000017,0.13500000000000068
2026-08-16 09:12:12.404,6.435,lower,0.056875000000000675,0.17312500000000064
2026-08-16 09:12:12.414,6.445,lower,-0.014374999999999805,0.16249999999999987
2026-08-16 09:12:12.424,6.455,lower,0.010624999999999662,0.1518750000000002
2026-08-16 09:12:12.434,6.465,lower,0.07062499999999972,0.1837500000000003
2026-08-16 09:12:12.444,6.475,lower,-0.11937499999999934,0.13562500000000033
2026-08-16 09:12:12.454,6.485,lower,0.05125000000000046,0.17687499999999967
2026-08-16 09:12:12.464,6.495,lower,-0.04375000000000018,0.1606249999999998
2026-08-16 09:12:12.474,6.505,lower,-0.004999999999999449,0.1518750000000002
2026-08-16 09:12:12.484,6.515,lower,0.07249999999999979,0.18562500000000037
2026-08-16 09:12:12.494,6.525,lower,-0.1112499999999994,0.13500000000000068
2026-08-16 09:12:12.504,6.535,lower,0.05562500000000026,0.17687499999999967
2026-08-16 09:12:12.514,6.545,lower,-0.021249999999999325,0.16874999999999973
2026-08-16 09:12:12.524,6.555,lower,0.012499999999999734,0.15625
2026-08-16 09:12:12.534,6.565,lower,0.06687500000000068,0.18437499999999996
2026-08-16 09:12:12.544,6.575,lower,-0.11750000000000038,0.13375000000000026
2026-08-16 09:12:12.554,6.585,lower,0.05437499999999984,0.1781250000000001
2026-08-16 09:12:12.564,6.595,lower,-0.04937500000000039,0.1649999999999996
2026-08-16 09:12:12.574,6.605,lower,0.0006249999999996536,0.15625
2026-08-16 09:12:12.584,6.615,lower,0.07562500000000028,0.18750000000000044
2026-08-16 09:12:12.594,6.625,lower,-0.10874999999999968,0.1387499999999997
2026-08-16 09:12:12.604,6.635,lower,0.06062499999999971,0.17874999999999974
2026-08-16 09:12:12.614,6.645,lower,-0.026249999999999885,0.16312500000000063
2026-08-16 09:12:12.624,6.655,lower,-0.021249999999999325,0.1475000000000004
2026-08-16 09:12:12.634,6.665,lower,0.07125000000000048,0.18750000000000044
2026-08-16 09:12:12.644,6.675,lower,-0.11375000000000024,0.1343749999999999
2026-08-16 09:12:12.654,6.685,lower,0.053750000000000187,0.17249999999999988
2026-08-16 09:12:12.664,6.695,lower,-0.05624999999999991,0.16812500000000008
2026-08-16 09:12:12.674,6.705,lower,-0.0006249999999996536,0.1506249999999998
2026-08-16 09:12:12.684,6.715,lower,0.07187500000000013,0.1849999999999996
2026-08-16 09:12:12.694,6.725,lower,-0.12187500000000018,0.1343749999999999
2026-08-16 09:12:12.704,6.735,lower,0.06000000000000005,0.17562500000000036
2026-08-16 09:12:12.714,6.745,lower,-0.033124999999999405,0.16000000000000014
2026-08-16 09:12:12.724,6.755,lower,-0.014999999999999458,0.15499999999999958
2026-08-16 09:12:12.734,6.765,lower,0.06562500000000027,0.18625000000000003
2026-08-16 09:12:12.744,6.775,lower,-0.11687499999999962,0.13562500000000033
2026-08-16 09:12:12.754,6.785,lower,0.05562500000000026,0.1781250000000001
2026-08-16 09:12:12.764,6.795,lower,-0.0637500000000002,0.16812500000000008
2026-08-16 09:12:12.774,6.805,lower,0.0024999999999997247,0.15499999999999958
2026-08-16 09:12:12.784,6.815,lower,0.06812499999999999,0.18249999999999988
2026-08-16 09:12:12.794,6.825,lower,-0.1243749999999999,0.13562500000000033
2026-08-16 09:12:12.804,6.835,lower,0.0593750000000004,0.17687499999999967
2026-08-16 09:12:12.814,6.845,lower,-0.03562500000000024,0.17000000000000015
2026-08-16 09:12:12.824,6.855,lower,-0.012499999999999734,0.15750000000000042
2026-08-16 09:12:12.834,6.865,lower,0.06312500000000054,0.18687499999999968
2026-08-16 09:12:12.844,6.875,lower,-0.11062499999999975,0.13812500000000005
2026-08-16 09:12:12.854,6.885,lower,0.058749999999999636,0.18125000000000058
2026-08-16 09:12:12.864,6.895,lower,-0.016249999999999876,0.16625
2026-08-16 09:12:12.874,6.905,lower,0.004374999999999796,0.14562500000000034
2026-08-16 09:12:12.884,6.915,lower,0.07312500000000055,0.18874999999999975
2026-08-16 09:12:12.894,6.925,lower,-0.12187500000000018,0.1375000000000004
2026-08-16 09:12:12.904,6.935,lower,0.06062499999999971,0.18249999999999988
2026-08-16 09:12:12.914,6.945,lower,-0.04062499999999969,0.16437499999999994
2026-08-16 09:12:12.924,6.955,lower,-0.010000000000000009,0.14937500000000048
2026-08-16 09:12:12.934,6.965,lower,0.06812499999999999,0.18750000000000044
2026-08-16 09:12:12.944,6.975,lower,-0.1143749999999999,0.13624999999999998
2026-08-16 09:12:12.954,6.985,lower,0.056875000000000675,0.17687499999999967
2026-08-16 09:12:12.964,6.995,lower,-0.018124999999999947,0.16125000000000056
2026-08-16 09:12:12.974,7.005,lower,0.007500000000000284,0.15499999999999958
2026-08-16 09:12:12.984,7.015,lower,0.06687500000000068,0.18437499999999996
2026-08-16 09:12:12.994,7.025,lower,-0.12249999999999983,0.13500000000000068
2026-08-16 09:12:13.004,7.035,lower,0.058749999999999636,0.17750000000000044
2026-08-16 09:12:13.014,7.045,lower,-0.0462499999999999,0.16687499999999966
2026-08-16 09:12:13.024,7.055,lower,-0.005625000000000213,0.15375000000000028
2026-08-16 09:12:13.034,7.065,lower,0.06750000000000034,0.18437499999999996
2026-08-16 09:12:13.044,7.075,lower,-0.1143749999999999,0.13624999999999998
2026-08-16 09:12:13.054,7.085,lower,0.05812499999999998,0.1781250000000001
2026-08-16 09:12:13.064,7.095,lower,-0.020000000000000018,0.16812500000000008
2026-08-16 09:12:13.074,7.105,lower,0.010624999999999662,0.15687499999999965
2026-08-16 09:12:13.084,7.115,lower,0.07249999999999979,0.1837500000000003
2026-08-16 09:12:13.094,7.125,lower,-0.11937499999999934,0.1375000000000004
2026-08-16 09:12:13.104,7.135,lower,0.046875000000000666,0.18125000000000058
2026-08-16 09:12:13.114,7.145,lower,-0.0506249999999997,0.16874999999999973
2026-08-16 09:12:13.124,7.155,lower,-0.0006249999999996536,0.14562500000000034
2026-08-16 09:12:13.134,7.165,lower,0.07000000000000006,0.1881250000000001
2026-08-16 09:12:13.144,7.175,lower,-0.1100000000000001,0.13687499999999964
2026-08-16 09:12:13.154,7.185,lower,0.05437499999999984,0.18249999999999988
2026-08-16 09:12:13.164,7.195,lower,-0.024374999999999813,0.16437499999999994
2026-08-16 09:12:13.174,7.205,lower,-0.030000000000000027,0.14937500000000048
2026-08-16 09:12:13.184,7.215,lower,0.06750000000000034,0.1881250000000001
2026-08-16 09:12:13.194,7.225,lower,-0.11812500000000004,0.1343749999999999
2026-08-16 09:12:13.204,7.235,lower,0.04937500000000039,0.17625000000000002
2026-08-16 09:12:13.214,7.245,lower,-0.05624999999999991,0.1618750000000002
2026-08-16 09:12:13.224,7.255,lower,-0.0006249999999996536,0.14937500000000048
2026-08-16 09:12:13.234,7.265,lower,0.06874999999999964,0.1849999999999996
2026-08-16 09:12:13.244,7.275,lower,-0.1100000000000001,0.13624999999999998
2026-08-16 09:12:13.254,7.285,lower,0.058749999999999636,0.1749999999999996
2026-08-16 09:12:13.264,7.295,lower,-0.03375000000000017,0.1606249999999998
2026-08-16 09:12:13.274,7.305,lower,-0.02187500000000009,0.15499999999999958
2026-08-16 09:12:13.284,7.315,lower,0.06874999999999964,0.18187500000000023
2026-08-16 09:12:13.294,7.325,lower,-0.11687499999999962,0.13375000000000026
2026-08-16 09:12:13.304,7.335,lower,0.0506249999999997,0.1781250000000001
2026-08-16 09:12:13.314,7.345,lower,-0.0593750000000004,0.16750000000000043
2026-08-16 09:12:13.324,7.355,lower,0.007500000000000284,0.15375000000000028
2026-08-16 09:12:13.334,7.365,lower,0.06687500000000068,0.18750000000000044
2026-08-16 09:12:13.344,7.375,lower,-0.12624999999999997,0.13687499999999964
2026-08-16 09:12:13.354,7.385,lower,0.06125000000000047,0.1793750000000005
2026-08-16 09:12:13.364,7.395,lower,-0.034999999999999476,0.1706249999999998
2026-08-16 09:12:13.374,7.405,lower,-0.01687499999999953,0.1606249999999998
2026-08-16 09:12:13.384,7.415,lower,0.06874999999999964,0.18750000000000044
2026-08-16 09:12:13.394,7.425,lower,-0.11499999999999955,0.13249999999999984
2026-08-16 09:12:13.404,7.435,lower,0.05562500000000026,0.18437499999999996
2026-08-16 09:12:13.414,7.445,lower,-0.06437499999999985,0.16437499999999994
2026-08-16 09:12:13.424,7.455,lower,0.007500000000000284,0.1475000000000004
2026-08-16 09:12:13.434,7.465,lower,0.07249999999999979,0.18625000000000003
2026-08-16 09:12:13.444,7.475,lower,-0.12375000000000025,0.13937500000000047
2026-08-16 09:12:13.454,7.485,lower,0.061875000000000124,0.17625000000000002
2026-08-16 09:12:13.464,7.495,lower,-0.040000000000000036,0.1618750000000002
2026-08-16 09:12:13.474,7.505,lower,-0.011249999999999316,0.15249999999999986
2026-08-16 09:12:13.484,7.515,lower,0.06874999999999964,0.18312500000000065
2026-08-16 09:12:13.494,7.525,lower,-0.1143749999999999,0.13624999999999998
2026-08-16 09:12:13.504,7.535,lower,0.055000000000000604,0.17562500000000036
2026-08-16 09:12:13.514,7.545,lower,-0.017500000000000293,0.16249999999999987
2026-08-16 09:12:13.524,7.555,lower,0.010000000000000009,0.15125000000000055
2026-08-16 09:12:13.534,7.565,lower,0.07062499999999972,0.18437499999999996
2026-08-16 09:12:13.544,7.575,lower,-0.11937499999999934,0.13500000000000068
2026-08-16 09:12:13.554,7.585,lower,0.06312500000000054,0.1793750000000005
2026-08-16 09:12:13.564,7.595,lower,-0.043124999999999414,0.16687499999999966
2026-08-16 09:12:13.574,7.605,lower,-0.004374999999999796,0.1593750000000005
2026-08-16 09:12:13.584,7.615,lower,0.06750000000000034,0.18750000000000044
2026-08-16 09:12:13.594,7.625,lower,-0.11062499999999975,0.13624999999999998
2026-08-16 09:12:13.604,7.635,lower,0.058749999999999636,0.17625000000000002
2026-08-16 09:12:13.614,7.645,lower,-0.02187500000000009,0.17000000000000015
2026-08-16 09:12:13.624,7.655,lower,0.013750000000000151,0.16249999999999987
2026-08-16 09:12:13.634,7.665,lower,0.07125000000000048,0.18687499999999968
2026-08-16 09:12:13.644,7.675,lower,-0.1200000000000001,0.1375000000000004
2026-08-16 09:12:13.654,7.685,lower,0.06624999999999992,0.18437499999999996
2026-08-16 09:12:13.664,7.695,lower,-0.0462499999999999,0.16687499999999966
2026-08-16 09:12:13.674,7.705,lower,-0.00687499999999952,0.14874999999999972
2026-08-16 09:12:13.684,7.715,lower,0.06874999999999964,0.1881250000000001
2026-08-16 09:12:13.694,7.725,lower,-0.1100000000000001,0.13812500000000005
2026-08-16 09:12:13.704,7.735,lower,0.05750000000000033,0.17874999999999974
2026-08-16 09:12:13.714,7.745,lower,-0.024374999999999813,0.16437499999999994
2026-08-16 09:12:13.724,7.755,lower,0.01687500000000064,0.15000000000000013
2026-08-16 09:12:13.734,7.765,lower,0.06812499999999999,0.18562500000000037
2026-08-16 09:12:13.744,7.775,lower,-0.12062499999999976,0.1387499999999997
2026-08-16 09:12:13.754,7.785,lower,0.05312500000000053,0.17312500000000064
2026-08-16 09:12:13.764,7.795,lower,-0.05312499999999942,0.1618750000000002
2026-08-16 09:12:13.774,7.805,lower,-0.0006249999999996536,0.15000000000000013
2026-08-16 09:12:13.784,7.815,lower,0.06874999999999964,0.18000000000000016
2026-08-16 09:12:13.794,7.825,lower,-0.1100000000000001,0.13562500000000033
2026-08-16 09:12:13.804,7.835,lower,0.06062499999999971,0.17874999999999974
2026-08-16 09:12:13.814,7.845,lower,-0.029375000000000373,0.1593750000000005
2026-08-16 09:12:13.824,7.855,lower,-0.02062499999999967,0.15499999999999958
2026-08-16 09:12:13.834,7.865,lower,0.06937500000000041,0.18687499999999968
2026-08-16 09:12:13.844,7.875,lower,-0.11562500000000031,0.13624999999999998
2026-08-16 09:12:13.854,7.885,lower,0.05312500000000053,0.18125000000000058
2026-08-16 09:12:13.864,7.895,lower,-0.056874999999999565,0.16812500000000008
2026-08-16 09:12:13.874,7.905,lower,0.0024999999999997247,0.15687499999999965
2026-08-16 09:12:13.884,7.915,lower,0.07062499999999972,0.19000000000000017
2026-08-16 09:12:13.894,7.925,lower,-0.10187500000000016,0.13687499999999964
2026-08-16 09:12:13.904,7.935,lower,0.06249999999999978,0.18249999999999988
2026-08-16 09:12:13.914,7.945,lower,-0.03437499999999982,0.16750000000000043
2026-08-16 09:12:13.924,7.955,lower,-0.013750000000000151,0.14375000000000027
2026-08-16 09:12:13.934,7.965,lower,0.06812499999999999,0.18562500000000037
2026-08-16 09:12:13.944,7.975,lower,-0.11187500000000017,0.13624999999999998
2026-08-16 09:12:13.954,7.985,lower,0.056875000000000675,0.18187500000000023
2026-08-16 09:12:13.964,7.995,lower,-0.061875000000000124,0.1649999999999996
2026-08-16 09:12:13.974,8.005,lower,0.005625000000000213,0.15437499999999993
2026-08-16 09:12:13.984,8.015,lower,0.07249999999999979,0.18750000000000044
2026-08-16 09:12:13.994,8.025,lower,-0.1200000000000001,0.13500000000000068
2026-08-16 09:12:14.004,8.035,lower,0.05562500000000026,0.17625000000000002
2026-08-16 09:12:14.014,8.045,lower,-0.04187500000000011,0.16249999999999987
2026-08-16 09:12:14.024,8.055,lower,-0.010624999999999662,0.15125000000000055
2026-08-16 09:12:14.034,8.065,lower,0.06874999999999964,0.1806249999999998
2026-08-16 09:12:14.044,8.075,lower,-0.11375000000000024,0.1343749999999999
2026-08-16 09:12:14.054,8.085,lower,0.06000000000000005,0.1749999999999996
2026-08-16 09:12:14.064,8.095,lower,-0.017500000000000293,0.1606249999999998
2026-08-16 09:12:14.074,8.105,lower,0.010000000000000009,0.15437499999999993
2026-08-16 09:12:14.084,8.115,lower,0.0737500000000002,0.18562500000000037
2026-08-16 09:12:14.094,8.125,lower,-0.11624999999999996,0.13687499999999964
2026-08-16 09:12:14.104,8.135,lower,0.06562500000000027,0.18312500000000065
2026-08-16 09:12:14.114,8.145,lower,-0.04437499999999983,0.17249999999999988
2026-08-16 09:12:14.124,8.155,lower,-0.003750000000000142,0.16125000000000056
2026-08-16 09:12:14.134,8.165,lower,0.06812499999999999,0.1849999999999996
2026-08-16 09:12:14.144,8.175,lower,-0.11062499999999975,0.13500000000000068
2026-08-16 09:12:14.154,8.185,lower,0.06000000000000005,0.18249999999999988
2026-08-16 09:12:14.164,8.195,lower,-0.016249999999999876,0.1649999999999996
2026-08-16 09:12:14.174,8.205,lower,0.014374999999999805,0.16249999999999987
2026-08-16 09:12:14.184,8.215,lower,0.06562500000000027,0.18687499999999968
2026-08-16 09:12:14.194,8.225,lower,-0.11812500000000004,0.1343749999999999
2026-08-16 09:12:14.204,8.235,lower,0.0637500000000002,0.1781250000000001
2026-08-16 09:12:14.214,8.245,lower,-0.04874999999999963,0.16375000000000028
2026-08-16 09:12:14.224,8.255,lower,-0.0024999999999997247,0.14625
2026-08-16 09:12:14.234,8.265,lower,0.07125000000000048,0.18562500000000037
2026-08-16 09:12:14.244,8.275,lower,-0.1112499999999994,0.13500000000000068
2026-08-16 09:12:14.254,8.285,lower,0.06249999999999978,0.17437499999999995
2026-08-16 09:12:14.264,8.295,lower,-0.023124999999999396,0.1618750000000002
2026-08-16 09:12:14.274,8.305,lower,0.012499999999999734,0.14874999999999972
2026-08-16 09:12:14.284,8.315,lower,0.07312500000000055,0.18687499999999968
2026-08-16 09:12:14.294,8.325,lower,-0.11562500000000031,0.13125000000000053
2026-08-16 09:12:14.304,8.335,lower,0.051875000000000115,0.17312500000000064
2026-08-16 09:12:14.314,8.345,lower,-0.051875000000000115,0.16000000000000014
2026-08-16 09:12:14.324,8.355,lower,0.0031250000000004885,0.15125000000000055
2026-08-16 09:12:14.334,8.365,lower,0.0737500000000002,0.18937500000000052
2026-08-16 09:12:14.344,8.375,lower,-0.10499999999999954,0.13500000000000068
2026-08-16 09:12:14.354,8.385,lower,0.06312500000000054,0.1793750000000005
2026-08-16 09:12:14.364,8.395,lower,-0.030000000000000027,0.17125000000000057
2026-08-16 09:12:14.374,8.405,lower,0.017500000000000293,0.1593750000000005
2026-08-16 09:12:14.384,8.415,lower,0.07249999999999979,0.1881250000000001
2026-08-16 09:12:14.394,8.425,lower,-0.11249999999999982,0.13937500000000047
2026-08-16 09:12:14.404,8.435,lower,0.053750000000000187,0.17687499999999967
2026-08-16 09:12:14.414,8.445,lower,-0.06000000000000005,0.16562500000000036
2026-08-16 09:12:14.424,8.455,lower,0.006249999999999867,0.1618750000000002
2026-08-16 09:12:14.434,8.465,lower,0.07312500000000055,0.18687499999999968
2026-08-16 09:12:14.444,8.475,lower,-0.10375000000000023,0.13687499999999964
2026-08-16 09:12:14.454,8.485,lower,0.061875000000000124,0.18249999999999988
2026-08-16 09:12:14.464,8.495,lower,-0.034999999999999476,0.16625
2026-08-16 09:12:14.474,8.505,lower,-0.017500000000000293,0.1475000000000004
2026-08-16 09:12:14.484,8.515,lower,0.06812499999999999,0.1881250000000001
2026-08-16 09:12:14.494,8.525,lower,-0.1143749999999999,0.1343749999999999
2026-08-16 09:12:14.504,8.535,lower,0.056875000000000675,0.1781250000000001
2026-08-16 09:12:14.514,8.545,lower,-0.06437499999999985,0.16125000000000056
2026-08-16 09:12:14.524,8.555,lower,0.006249999999999867,0.15000000000000013
2026-08-16 09:12:14.534,8.565,lower,0.07312500000000055,0.1837500000000003
2026-08-16 09:12:14.544,8.575,lower,-0.12624999999999997,0.13000000000000012
2026-08-16 09:12:14.554,8.585,lower,0.06500000000000061,0.17437499999999995
2026-08-16 09:12:14.564,8.595,lower,-0.03937500000000038,0.16249999999999987
2026-08-16 09:12:14.574,8.605,lower,-0.011249999999999316,0.15499999999999958
2026-08-16 09:12:14.584,8.615,lower,0.07000000000000006,0.18562500000000037
2026-08-16 09:12:14.594,8.625,lower,-0.11062499999999975,0.13624999999999998
2026-08-16 09:12:14.604,8.635,lower,0.055000000000000604,0.17625000000000002
2026-08-16 09:12:14.614,8.645,lower,-0.06624999999999992,0.15437499999999993
2026-08-16 09:12:14.624,8.655,lower,0.012499999999999734,0.15437499999999993
2026-08-16 09:12:14.634,8.665,lower,0.06874999999999964,0.1849999999999996
2026-08-16 09:12:14.644,8.675,lower,-0.12249999999999983,0.13624999999999998
2026-08-16 09:12:14.654,8.685,lower,0.06500000000000061,0.1793750000000005
2026-08-16 09:12:14.664,8.695,lower,-0.04437499999999983,0.16249999999999987
2026-08-16 09:12:14.674,8.705,lower,-0.009375000000000355,0.15874999999999972
2026-08-16 09:12:14.684,8.715,lower,0.06562500000000027,0.1849999999999996
2026-08-16 09:12:14.694,8.725,lower,-0.11312499999999948,0.13375000000000026
2026-08-16 09:12:14.704,8.735,lower,0.05624999999999991,0.17625000000000002
2026-08-16 09:12:14.714,8.745,lower,-0.020000000000000018,0.16375000000000028
2026-08-16 09:12:14.724,8.755,lower,0.012499999999999734,0.14625
2026-08-16 09:12:14.734,8.765,lower,0.06750000000000034,0.18437499999999996
2026-08-16 09:12:14.744,8.775,lower,-0.12187500000000018,0.13249999999999984
2026-08-16 09:12:14.754,8.785,lower,0.0637500000000002,0.17874999999999974
2026-08-16 09:12:14.764,8.795,lower,-0.04937500000000039,0.16000000000000014
2026-08-16 09:12:14.774,8.805,lower,-0.004374999999999796,0.14625
2026-08-16 09:12:14.784,8.815,lower,0.06624999999999992,0.18437499999999996
2026-08-16 09:12:14.794,8.825,lower,-0.11187500000000017,0.1318750000000002
2026-08-16 09:12:14.804,8.835,lower,0.056875000000000675,0.17249999999999988
2026-08-16 09:12:14.814,8.845,lower,-0.026249999999999885,0.15687499999999965
2026-08-16 09:12:14.824,8.855,lower,0.014374999999999805,0.1506249999999998
2026-08-16 09:12:14.834,8.865,lower,0.06874999999999964,0.1806249999999998
2026-08-16 09:12:14.844,8.875,lower,-0.11937499999999934,0.13125000000000053
2026-08-16 09:12:14.854,8.885,lower,0.06500000000000061,0.17437499999999995
2026-08-16 09:12:14.864,8.895,lower,-0.051875000000000115,0.15625
2026-08-16 09:12:14.874,8.905,lower,-0.0012500000000004174,0.1518750000000002
2026-08-16 09:12:14.884,8.915,lower,0.07000000000000006,0.18687499999999968
2026-08-16 09:12:14.894,8.925,lower,-0.1112499999999994,0.13125000000000053
2026-08-16 09:12:14.904,8.935,lower,0.0593750000000004,0.18000000000000016
2026-08-16 09:12:14.914,8.945,lower,-0.030000000000000027,0.1618750000000002
2026-08-16 09:12:14.924,8.955,lower,0.014374999999999805,0.1518750000000002
2026-08-16 09:12:14.934,8.965,lower,0.06812499999999999,0.18125000000000058
2026-08-16 09:12:14.944,8.975,lower,-0.11562500000000031,0.13125000000000053
2026-08-16 09:12:14.954,8.985,lower,0.05125000000000046,0.17687499999999967
2026-08-16 09:12:14.964,8.995,lower,-0.06124999999999936,0.16125000000000056
2026-08-16 09:12:14.974,9.005,lower,0.0012500000000004174,0.1593750000000005
2026-08-16 09:12:14.984,9.015,lower,0.07187500000000013,0.18312500000000065
2026-08-16 09:12:14.994,9.025,lower,-0.11062499999999975,0.1318750000000002
2026-08-16 09:12:15.004,9.035,lower,0.05812499999999998,0.17687499999999967
2026-08-16 09:12:15.014,9.045,lower,-0.034999999999999476,0.15812500000000007
2026-08-16 09:12:15.024,9.055,lower,0.015000000000000568,0.14125000000000054
2026-08-16 09:12:15.034,9.065,lower,0.06500000000000061,0.18437499999999996
2026-08-16 09:12:15.044,9.075,lower,-0.11624999999999996,0.13062499999999977
2026-08-16 09:12:15.054,9.085,lower,0.053750000000000187,0.17249999999999988
2026-08-16 09:12:15.064,9.095,lower,-0.06312499999999943,0.15812500000000007
2026-08-16 09:12:15.074,9.105,lower,0.005625000000000213,0.14937500000000048
2026-08-16 09:12:15.084,9.115,lower,0.07187500000000013,0.18125000000000058
2026-08-16 09:12:15.094,9.125,lower,-0.10437499999999988,0.13062499999999977
2026-08-16 09:12:15.104,9.135,lower,0.05812499999999998,0.1749999999999996
2026-08-16 09:12:15.114,9.145,lower,-0.03937500000000038,0.15750000000000042
2026-08-16 09:12:15.124,9.155,lower,-0.01687499999999953,0.14937500000000048
2026-08-16 09:12:15.134,9.165,lower,0.06437499999999985,0.18562500000000037
2026-08-16 09:12:15.144,9.175,lower,-0.11750000000000038,0.13249999999999984
2026-08-16 09:12:15.154,9.185,lower,0.051875000000000115,0.1749999999999996
2026-08-16 09:12:15.164,9.195,lower,-0.06750000000000034,0.16562500000000036
2026-08-16 09:12:15.174,9.205,lower,0.004374999999999796,0.15562500000000035
2026-08-16 09:12:15.184,9.215,lower,0.07125000000000048,0.1781250000000001
2026-08-16 09:12:15.194,9.225,lower,-0.12624999999999997,0.13125000000000053
2026-08-16 09:12:15.204,9.235,lower,0.06062499999999971,0.17562500000000036
2026-08-16 09:12:15.214,9.245,lower,-0.043124999999999414,0.16125000000000056
2026-08-16 09:12:15.224,9.255,lower,-0.011249999999999316,0.15499999999999958
2026-08-16 09:12:15.234,9.265,lower,0.061875000000000124,0.18249999999999988
2026-08-16 09:12:15.244,9.275,lower,-0.11562500000000031,0.13249999999999984
2026-08-16 09:12:15.254,9.285,lower,0.053750000000000187,0.17562500000000036
2026-08-16 09:12:15.264,9.295,lower,-0.07499999999999951,0.1593750000000005
2026-08-16 09:12:15.274,9.305,lower,0.006249999999999867,0.14437499999999992
2026-08-16 09:12:15.284,9.315,lower,0.06937500000000041,0.1806249999999998
2026-08-16 09:12:15.294,9.325,lower,-0.12375000000000025,0.13000000000000012
2026-08-16 09:12:15.304,9.335,lower,0.06312500000000054,0.18000000000000016
2026-08-16 09:12:15.314,9.345,lower,-0.04750000000000032,0.16000000000000014
2026-08-16 09:12:15.324,9.355,lower,-0.006249999999999867,0.14562500000000034
2026-08-16 09:12:15.334,9.365,lower,0.06562500000000027,0.18000000000000016
2026-08-16 09:12:15.344,9.375,lower,-0.11062499999999975,0.13125000000000053
2026-08-16 09:12:15.354,9.385,lower,0.056875000000000675,0.17312500000000064
2026-08-16 09:12:15.364,9.395,lower,-0.027500000000000302,0.15625
2026-08-16 09:12:15.374,9.405,lower,0.011250000000000426,0.1518750000000002
2026-08-16 09:12:15.384,9.415,lower,0.07062499999999972,0.1837500000000003
2026-08-16 09:12:15.394,9.425,lower,-0.12187500000000018,0.1331250000000006
2026-08-16 09:12:15.404,9.435,lower,0.0637500000000002,0.17687499999999967
2026-08-16 09:12:15.414,9.445,lower,-0.05562500000000026,0.15499999999999958
2026-08-16 09:12:15.424,9.455,lower,-0.001875000000000071,0.15437499999999993
2026-08-16 09:12:15.434,9.465,lower,0.07125000000000048,0.18437499999999996
2026-08-16 09:12:15.444,9.475,lower,-0.10874999999999968,0.1343749999999999
2026-08-16 09:12:15.454,9.485,lower,0.0593750000000004,0.1781250000000001
2026-08-16 09:12:15.464,9.495,lower,-0.02874999999999961,0.16437499999999994
2026-08-16 09:12:15.474,9.505,lower,0.015000000000000568,0.15437499999999993
2026-08-16 09:12:15.484,9.515,lower,0.06937500000000041,0.1837500000000003
2026-08-16 09:12:15.494,9.525,lower,-0.12124999999999941,0.13000000000000012
2026-08-16 09:12:15.504,9.535,lower,0.06437499999999985,0.1749999999999996
2026-08-16 09:12:15.514,9.545,lower,-0.05812499999999998,0.16125000000000056
2026-08-16 09:12:15.524,9.555,lower,0.0012500000000004174,0.14375000000000027
2026-08-16 09:12:15.534,9.565,lower,0.06687500000000068,0.18312500000000065
2026-08-16 09:12:15.544,9.575,lower,-0.1056250000000003,0.13000000000000012
2026-08-16 09:12:15.554,9.585,lower,0.06249999999999978,0.18000000000000016
2026-08-16 09:12:15.564,9.595,lower,-0.03750000000000031,0.15874999999999972
2026-08-16 09:12:15.574,9.605,lower,0.0187499999999996,0.14562500000000034
2026-08-16 09:12:15.584,9.615,lower,0.06750000000000034,0.1849999999999996
2026-08-16 09:12:15.594,9.625,lower,-0.11687499999999962,0.13500000000000068
2026-08-16 09:12:15.604,9.635,lower,0.05312500000000053,0.17437499999999995
2026-08-16 09:12:15.614,9.645,lower,-0.06249999999999978,0.15562500000000035
2026-08-16 09:12:15.624,9.655,lower,0.004374999999999796,0.14874999999999972
2026-08-16 09:12:15.634,9.665,lower,0.07125000000000048,0.18562500000000037
2026-08-16 09:12:15.644,9.675,lower,-0.10375000000000023,0.13375000000000026
2026-08-16 09:12:15.654,9.685,lower,0.06062499999999971,0.1781250000000001
2026-08-16 09:12:15.664,9.695,lower,-0.03687499999999955,0.15750000000000042
2026-08-16 09:12:15.674,9.705,lower,-0.013124999999999387,0.15375000000000028
2026-08-16 09:12:15.684,9.715,lower,0.06812499999999999,0.1806249999999998
2026-08-16 09:12:15.694,9.725,lower,-0.11624999999999996,0.1331250000000006
2026-08-16 09:12:15.704,9.735,lower,0.05624999999999991,0.17750000000000044
2026-08-16 09:12:15.714,9.745,lower,-0.06750000000000034,0.16375000000000028
2026-08-16 09:12:15.724,9.755,lower,0.008124999999999938,0.15750000000000042
2026-08-16 09:12:15.734,9.765,lower,0.07000000000000006,0.1837500000000003
2026-08-16 09:12:15.744,9.775,lower,-0.10312499999999947,0.12937500000000046
2026-08-16 09:12:15.754,9.785,lower,0.06249999999999978,0.17687499999999967
2026-08-16 09:12:15.764,9.795,lower,-0.04375000000000018,0.16125000000000056
2026-08-16 09:12:15.774,9.805,lower,-0.01187500000000008,0.15625
2026-08-16 09:12:15.784,9.815,lower,0.06562500000000027,0.18312500000000065
2026-08-16 09:12:15.794,9.825,lower,-0.11750000000000038,0.13125000000000053
2026-08-16 09:12:15.804,9.835,lower,0.05624999999999991,0.18312500000000065
2026-08-16 09:12:15.814,9.845,lower,-0.07249999999999979,0.16000000000000014
2026-08-16 09:12:15.824,9.855,lower,0.0050000000000005596,0.14687499999999964
2026-08-16 09:12:15.834,9.865,lower,0.06874999999999964,0.1849999999999996
2026-08-16 09:12:15.844,9.875,lower,-0.12187500000000018,0.13249999999999984
2026-08-16 09:12:15.854,9.885,lower,0.06125000000000047,0.1706249999999998
2026-08-16 09:12:15.864,9.895,lower,-0.050000000000000044,0.1593750000000005
2026-08-16 09:12:15.874,9.905,lower,-0.0024999999999997247,0.14874999999999972
2026-08-16 09:12:15.884,9.915,lower,0.06687500000000068,0.18562500000000037
2026-08-16 09:12:15.894,9.925,lower,-0.11562500000000031,0.13062499999999977
2026-08-16 09:12:15.904,9.935,lower,0.0593750000000004,0.17437499999999995
2026-08-16 09:12:15.914,9.945,lower,-0.02375000000000016,0.15625
2026-08-16 09:12:15.924,9.955,lower,0.009375000000000355,0.15249999999999986
2026-08-16 09:12:15.934,9.965,lower,0.07187500000000013,0.18437499999999996
2026-08-16 09:12:15.944,9.975,lower,-0.11874999999999969,0.13562500000000033
2026-08-16 09:12:15.954,9.985,lower,0.06562500000000027,0.1806249999999998
2026-08-16 09:12:15.964,9.995,lower,-0.05249999999999977,0.1649999999999996
2026-08-16 09:12:15.974,10.005,lower,0.0006249999999996536,0.15499999999999958
2026-08-16 09:12:15.984,10.015,lower,0.06500000000000061,0.1806249999999998
2026-08-16 09:12:15.994,10.025,lower,-0.11249999999999982,0.13375000000000026
2026-08-16 09:12:16.004,10.035,lower,0.061875000000000124,0.17750000000000044
2026-08-16 09:12:16.014,10.045,lower,-0.028124999999999956,0.16312500000000063
2026-08-16 09:12:16.024,10.055,lower,0.014374999999999805,0.15625
2026-08-16 09:12:16.034,10.065,lower,0.06812499999999999,0.18000000000000016
2026-08-16 09:12:16.044,10.075,lower,-0.11874999999999969,0.13125000000000053
2026-08-16 09:12:16.054,10.085,lower,0.06500000000000061,0.17874999999999974
2026-08-16 09:12:16.064,10.095,lower,-0.05562500000000026,0.16125000000000056
2026-08-16 09:12:16.074,10.105,lower,0.0031250000000004885,0.14625
2026-08-16 09:12:16.084,10.115,lower,0.07249999999999979,0.18562500000000037
2026-08-16 09:12:16.094,10.125,lower,-0.10812500000000003,0.1318750000000002
2026-08-16 09:12:16.104,10.135,lower,0.0593750000000004,0.17874999999999974
2026-08-16 09:12:16.114,10.145,lower,-0.031249999999999334,0.16000000000000014
2026-08-16 09:12:16.124,10.155,lower,0.01687500000000064,0.14874999999999972
2026-08-16 09:12:16.134,10.165,lower,0.07187500000000013,0.1837500000000003
2026-08-16 09:12:16.144,10.175,lower,-0.11750000000000038,0.1331250000000006
2026-08-16 09:12:16.154,10.185,lower,0.06562500000000027,0.17562500000000036
2026-08-16 09:12:16.164,10.195,lower,-0.06124999999999936,0.15687499999999965
2026-08-16 09:12:16.174,10.205,lower,0.004374999999999796,0.14812500000000006
2026-08-16 09:12:16.184,10.215,lower,0.07187500000000013,0.17874999999999974
2026-08-16 09:12:16.194,10.225,lower,-0.10750000000000037,0.1331250000000006
2026-08-16 09:12:16.204,10.235,lower,0.06312500000000054,0.17625000000000002
2026-08-16 09:12:16.214,10.245,lower,-0.03687499999999955,0.14937500000000048
2026-08-16 09:12:16.224,10.255,lower,0.0187499999999996,0.1518750000000002
2026-08-16 09:12:16.234,10.265,lower,0.06937500000000041,0.18000000000000016
2026-08-16 09:12:16.244,10.275,lower,-0.11375000000000024,0.13125000000000053
2026-08-16 09:12:16.254,10.285,lower,0.05125000000000046,0.17437499999999995
2026-08-16 09:12:16.264,10.295,lower,-0.06624999999999992,0.15874999999999972
2026-08-16 09:12:16.274,10.305,lower,0.005625000000000213,0.15375000000000028
2026-08-16 09:12:16.284,10.315,lower,0.06874999999999964,0.18125000000000058
2026-08-16 09:12:16.294,10.325,lower,-0.10062499999999974,0.13624999999999998
2026-08-16 09:12:16.304,10.335,lower,0.06562500000000027,0.17750000000000044
2026-08-16 09:12:16.314,10.345,lower,-0.04062499999999969,0.16125000000000056
2026-08-16 09:12:16.324,10.355,lower,-0.010000000000000009,0.14562500000000034
2026-08-16 09:12:16.334,10.365,lower,0.06937500000000041,0.17874999999999974
2026-08-16 09:12:16.344,10.375,lower,-0.11562500000000031,0.13000000000000012
2026-08-16 09:12:16.354,10.385,lower,0.05750000000000033,0.18187500000000023
2026-08-16 09:12:16.364,10.395,lower,-0.07000000000000006,0.15874999999999972
2026-08-16 09:12:16.374,10.405,lower,0.010624999999999662,0.14625
2026-08-16 09:12:16.384,10.415,lower,0.07187500000000013,0.18312500000000065
2026-08-16 09:12:16.394,10.425,lower,-0.10062499999999974,0.1318750000000002
2026-08-16 09:12:16.404,10.435,lower,0.06437499999999985,0.17312500000000064
2026-08-16 09:12:16.414,10.445,lower,-0.044999999999999485,0.15625
2026-08-16 09:12:16.424,10.455,lower,-0.004999999999999449,0.15000000000000013
2026-08-16 09:12:16.434,10.465,lower,0.06812499999999999,0.18312500000000065
2026-08-16 09:12:16.444,10.475,lower,-0.11375000000000024,0.13375000000000026
2026-08-16 09:12:16.454,10.485,lower,0.056875000000000675,0.17625000000000002
2026-08-16 09:12:16.464,10.495,lower,-0.07249999999999979,0.15499999999999958
2026-08-16 09:12:16.474,10.505,lower,0.013125000000000497,0.15249999999999986
2026-08-16 09:12:16.484,10.515,lower,0.07125000000000048,0.18000000000000016
2026-08-16 09:12:16.494,10.525,lower,-0.12187500000000018,0.13062499999999977
2026-08-16 09:12:16.504,10.535,lower,0.06437499999999985,0.17687499999999967
2026-08-16 09:12:16.514,10.545,lower,-0.051875000000000115,0.16249999999999987
2026-08-16 09:12:16.524,10.555,lower,-0.001875000000000071,0.15437499999999993
2026-08-16 09:12:16.534,10.565,lower,0.06750000000000034,0.17687499999999967
2026-08-16 09:12:16.544,10.575,lower,-0.11499999999999955,0.13000000000000012
2026-08-16 09:12:16.554,10.585,lower,0.06249999999999978,0.17874999999999974
2026-08-16 09:12:16.564,10.595,lower,-0.024374999999999813,0.1618750000000002
2026-08-16 09:12:16.574,10.605,lower,0.012499999999999734,0.15750000000000042
2026-08-16 09:12:16.584,10.615,lower,0.07125000000000048,0.18249999999999988
2026-08-16 09:12:16.594,10.625,lower,-0.11687499999999962,0.1318750000000002
2026-08-16 09:12:16.604,10.635,lower,0.06562500000000027,0.17874999999999974
2026-08-16 09:12:16.614,10.645,lower,-0.054999999999999494,0.15625
2026-08-16 09:12:16.624,10.655,lower,0.0024999999999997247,0.1475000000000004
2026-08-16 09:12:16.634,10.665,lower,0.07062499999999972,0.18625000000000003
2026-08-16 09:12:16.644,10.675,lower,-0.10750000000000037,0.13125000000000053
2026-08-16 09:12:16.654,10.685,lower,0.06062499999999971,0.17249999999999988
2026-08-16 09:12:16.664,10.695,lower,-0.03062499999999968,0.15687499999999965
2026-08-16 09:12:16.674,10.705,lower,0.019375000000000364,0.14625
2026-08-16 09:12:16.684,10.715,lower,0.07000000000000006,0.18125000000000058
2026-08-16 09:12:16.694,10.725,lower,-0.11750000000000038,0.12812500000000004
2026-08-16 09:12:16.704,10.735,lower,0.06500000000000061,0.1706249999999998
2026-08-16 09:12:16.714,10.745,lower,-0.06062499999999971,0.15437499999999993
2026-08-16 09:12:16.724,10.755,lower,0.005625000000000213,0.15375000000000028
2026-08-16 09:12:16.734,10.765,lower,0.07187500000000013,0.18125000000000058
2026-08-16 09:12:16.744,10.775,lower,-0.11062499999999975,0.13062499999999977
2026-08-16 09:12:16.754,10.785,lower,0.06062499999999971,0.17687499999999967
2026-08-16 09:12:16.764,10.795,lower,-0.03562500000000024,0.16125000000000056
2026-08-16 09:12:16.774,10.805,lower,0.017500000000000293,0.15562500000000035
2026-08-16 09:12:16.784,10.815,lower,0.06874999999999964,0.1793750000000005
2026-08-16 09:12:16.794,10.825,lower,-0.11874999999999969,0.13125000000000053
2026-08-16 09:12:16.804,10.835,lower,0.05562500000000026,0.1781250000000001
2026-08-16 09:12:16.814,10.845,lower,-0.06750000000000034,0.16000000000000014
2026-08-16 09:12:16.824,10.855,lower,0.006249999999999867,0.15375000000000028
2026-08-16 09:12:16.834,10.865,lower,0.06874999999999964,0.1837500000000003
2026-08-16 09:12:16.844,10.875,lower,-0.10375000000000023,0.13062499999999977
2026-08-16 09:12:16.854,10.885,lower,0.06249999999999978,0.17687499999999967
2026-08-16 09:12:16.864,10.895,lower,-0.040000000000000036,0.16000000000000014
2026-08-16 09:12:16.874,10.905,lower,0.02187500000000009,0.14437499999999992
2026-08-16 09:12:16.884,10.915,lower,0.07125000000000048,0.1806249999999998
2026-08-16 09:12:16.894,10.925,lower,-0.11499999999999955,0.1318750000000002
2026-08-16 09:12:16.904,10.935,lower,0.056875000000000675,0.18000000000000016
2026-08-16 09:12:16.914,10.945,lower,-0.06937500000000041,0.15874999999999972
2026-08-16 09:12:16.924,10.955,lower,0.011250000000000426,0.14874999999999972
2026-08-16 09:12:16.934,10.965,lower,0.07000000000000006,0.18249999999999988
2026-08-16 09:12:16.944,10.975,lower,-0.10249999999999981,0.1318750000000002
2026-08-16 09:12:16.954,10.985,lower,0.0637500000000002,0.1749999999999996
2026-08-16 09:12:16.964,10.995,lower,-0.050000000000000044,0.15249999999999986
2026-08-16 09:12:16.974,11.005,lower,-0.007500000000000284,0.15375000000000028
2026-08-16 09:12:16.984,11.015,lower,0.0637500000000002,0.1837500000000003
2026-08-16 09:12:16.994,11.025,lower,-0.11687499999999962,0.13000000000000012
2026-08-16 09:12:17.004,11.035,lower,0.05437499999999984,0.1737500000000003
2026-08-16 09:12:17.014,11.045,lower,-0.07750000000000035,0.1618750000000002
2026-08-16 09:12:17.024,11.055,lower,0.005625000000000213,0.1518750000000002
2026-08-16 09:12:17.034,11.065,lower,0.06937500000000041,0.18249999999999988
2026-08-16 09:12:17.044,11.075,lower,-0.12375000000000025,0.13125000000000053
2026-08-16 09:12:17.054,11.085,lower,0.058749999999999636,0.17437499999999995
2026-08-16 09:12:17.064,11.095,lower,-0.051875000000000115,0.15874999999999972
2026-08-16 09:12:17.074,11.105,lower,-0.0024999999999997247,0.15687499999999965
2026-08-16 09:12:17.084,11.115,lower,0.06812499999999999,0.1806249999999998
2026-08-16 09:12:17.094,11.125,lower,-0.1143749999999999,0.1318750000000002
2026-08-16 09:12:17.104,11.135,lower,0.05750000000000033,0.17874999999999974
2026-08-16 09:12:17.114,11.145,lower,-0.08124999999999938,0.16125000000000056
2026-08-16 09:12:17.124,11.155,lower,0.011250000000000426,0.14812500000000006
2026-08-16 09:12:17.134,11.165,lower,0.06812499999999999,0.18312500000000065
2026-08-16 09:12:17.144,11.175,lower,-0.12249999999999983,0.1343749999999999
2026-08-16 09:12:17.154,11.185,lower,0.06500000000000061,0.18000000000000016
2026-08-16 09:12:17.164,11.195,lower,-0.056874999999999565,0.16000000000000014
2026-08-16 09:12:17.174,11.205,lower,-0.0012500000000004174,0.1431250000000006
2026-08-16 09:12:17.184,11.215,lower,0.061875000000000124,0.17750000000000044
2026-08-16 09:12:17.194,11.225,lower,-0.11249999999999982,0.13125000000000053
2026-08-16 09:12:17.204,11.235,lower,0.05562500000000026,0.1706249999999998
2026-08-16 09:12:17.214,11.245,lower,-0.03375000000000017,0.15562500000000035
2026-08-16 09:12:17.224,11.255,lower,0.012499999999999734,0.1475000000000004
2026-08-16 09:12:17.234,11.265,lower,0.06687500000000068,0.1793750000000005
2026-08-16 09:12:17.244,11.275,lower,-0.12312499999999948,0.13062499999999977
2026-08-16 09:12:17.254,11.285,lower,0.06562500000000027,0.17187500000000022
2026-08-16 09:12:17.264,11.295,lower,-0.061875000000000124,0.15000000000000013
2026-08-16 09:12:17.274,11.305,lower,0.0012500000000004174,0.15562500000000035
2026-08-16 09:12:17.284,11.315,lower,0.06937500000000041,0.18000000000000016
2026-08-16 09:12:17.294,11.325,lower,-0.10812500000000003,0.1318750000000002
2026-08-16 09:12:17.304,11.335,lower,0.06249999999999978,0.17687499999999967
2026-08-16 09:12:17.314,11.345,lower,-0.038124999999999964,0.15874999999999972
2026-08-16 09:12:17.324,11.355,lower,0.018124999999999947,0.15625
2026-08-16 09:12:17.334,11.365,lower,0.06937500000000041,0.18000000000000016
2026-08-16 09:12:17.344,11.375,lower,-0.11874999999999969,0.13062499999999977
2026-08-16 09:12:17.354,11.385,lower,0.06812499999999999,0.1781250000000001
2026-08-16 09:12:17.364,11.395,lower,-0.0649999999999995,0.1618750000000002
2026-08-16 09:12:17.374,11.405,lower,0.0031250000000004885,0.15812500000000007
2026-08-16 09:12:17.384,11.415,lower,0.06812499999999999,0.18187500000000023
2026-08-16 09:12:17.394,11.425,lower,-0.10624999999999996,0.1287499999999997
2026-08-16 09:12:17.404,11.435,lower,0.06125000000000047,0.18000000000000016
2026-08-16 09:12:17.414,11.445,lower,-0.04249999999999976,0.16125000000000056
2026-08-16 09:12:17.424,11.455,lower,0.020000000000000018,0.14625
2026-08-16 09:12:17.434,11.465,lower,0.06562500000000027,0.1837500000000003
2026-08-16 09:12:17.444,11.475,lower,-0.11874999999999969,0.1343749999999999
2026-08-16 09:12:17.454,11.485,lower,0.053750000000000187,0.16687499999999966
2026-08-16 09:12:17.464,11.495,lower,-0.07062499999999972,0.15437499999999993
2026-08-16 09:12:17.474,11.505,lower,0.005625000000000213,0.1506249999999998
2026-08-16 09:12:17.484,11.515,lower,0.07062499999999972,0.17687499999999967
2026-08-16 09:12:17.494,11.525,lower,-0.1056250000000003,0.13062499999999977
2026-08-16 09:12:17.504,11.535,lower,0.06125000000000047,0.17437499999999995
2026-08-16 09:12:17.514,11.545,lower,-0.04750000000000032,0.1518750000000002
2026-08-16 09:12:17.524,11.555,lower,-0.013124999999999387,0.15125000000000055
2026-08-16 09:12:17.534,11.565,lower,0.06249999999999978,0.18312500000000065
2026-08-16 09:12:17.544,11.575,lower,-0.11750000000000038,0.13125000000000053
2026-08-16 09:12:17.554,11.585,lower,0.05437499999999984,0.17687499999999967
2026-08-16 09:12:17.564,11.595,lower,-0.0737500000000002,0.1606249999999998
2026-08-16 09:12:17.574,11.605,lower,0.007500000000000284,0.15499999999999958
2026-08-16 09:12:17.584,11.615,lower,0.06812499999999999,0.1849999999999996
2026-08-16 09:12:17.594,11.625,lower,-0.10312499999999947,0.13249999999999984
2026-08-16 09:12:17.604,11.635,lower,0.06062499999999971,0.1749999999999996
2026-08-16 09:12:17.614,11.645,lower,-0.05312499999999942,0.1606249999999998
2026-08-16 09:12:17.624,11.655,lower,-0.004374999999999796,0.1606249999999998
2026-08-16 09:12:17.634,11.665,lower,0.0637500000000002,0.18000000000000016
2026-08-16 09:12:17.644,11.675,lower,-0.11499999999999955,0.13125000000000053
2026-08-16 09:12:17.654,11.685,lower,0.05812499999999998,0.17750000000000044
2026-08-16 09:12:17.664,11.695,lower,-0.0824999999999998,0.16000000000000014
2026-08-16 09:12:17.674,11.705,lower,0.01187500000000008,0.14625
2026-08-16 09:12:17.684,11.715,lower,0.06812499999999999,0.18249999999999988
2026-08-16 09:12:17.694,11.725,lower,-0.12124999999999941,0.1331250000000006
2026-08-16 09:12:17.704,11.735,lower,0.06125000000000047,0.1806249999999998
2026-08-16 09:12:17.714,11.745,lower,-0.054999999999999494,0.1593750000000005
2026-08-16 09:12:17.724,11.755,lower,-0.001875000000000071,0.1506249999999998
2026-08-16 09:12:17.734,11.765,lower,0.06000000000000005,0.18312500000000065
2026-08-16 09:12:17.744,11.775,lower,-0.11249999999999982,0.13125000000000053
2026-08-16 09:12:17.754,11.785,lower,0.05812499999999998,0.17312500000000064
2026-08-16 09:12:17.764,11.795,lower,-0.03624999999999989,0.1518750000000002
2026-08-16 09:12:17.774,11.805,lower,0.014374999999999805,0.1475000000000004
2026-08-16 09:12:17.784,11.815,lower,0.06937500000000041,0.18249999999999988
2026-08-16 09:12:17.794,11.825,lower,-0.12312499999999948,0.1287499999999997
2026-08-16 09:12:17.804,11.835,lower,0.0637500000000002,0.17687499999999967
2026-08-16 09:12:17.814,11.845,lower,-0.06000000000000005,0.16437499999999994
2026-08-16 09:12:17.824,11.855,lower,-0.0024999999999997247,0.15499999999999958
2026-08-16 09:12:17.834,11.865,lower,0.0637500000000002,0.1837500000000003
2026-08-16 09:12:17.844,11.875,lower,-0.1100000000000001,0.1331250000000006
2026-08-16 09:12:17.854,11.885,lower,0.06125000000000047,0.1781250000000001
2026-08-16 09:12:17.864,11.895,lower,-0.03937500000000038,0.1606249999999998
2026-08-16 09:12:17.874,11.905,lower,0.017500000000000293,0.15625
2026-08-16 09:12:17.884,11.915,lower,0.06937500000000041,0.18249999999999988
2026-08-16 09:12:17.894,11.925,lower,-0.12187500000000018,0.1287499999999997
2026-08-16 09:12:17.904,11.935,lower,0.0637500000000002,0.17750000000000044
2026-08-16 09:12:17.914,11.945,lower,-0.06750000000000034,0.16000000000000014
2026-08-16 09:12:17.924,11.955,lower,0.004374999999999796,0.14687499999999964
2026-08-16 09:12:17.934,11.965,lower,0.06937500000000041,0.18187500000000023
2026-08-16 09:12:17.944,11.975,lower,-0.10624999999999996,0.1331250000000006
2026-08-16 09:12:17.954,11.985,lower,0.06125000000000047,0.18187500000000023
2026-08-16 09:12:17.964,11.995,lower,-0.04062499999999969,0.15687499999999965
2026-08-16 09:12:17.974,12.005,lower,0.02062499999999967,0.15125000000000055
2026-08-16 09:12:17.984,12.015,lower,0.06437499999999985,0.17874999999999974
2026-08-16 09:12:17.994,12.025,lower,-0.11874999999999969,0.1331250000000006
2026-08-16 09:12:18.004,12.035,lower,0.051875000000000115,0.1749999999999996
2026-08-16 09:12:18.014,12.045,lower,-0.0737500000000002,0.15000000000000013
2026-08-16 09:12:18.024,12.055,lower,0.004374999999999796,0.14874999999999972
2026-08-16 09:12:18.034,12.065,lower,0.06937500000000041,0.18312500000000065
2026-08-16 09:12:18.044,12.075,lower,-0.10499999999999954,0.12937500000000046
2026-08-16 09:12:18.054,12.085,lower,0.05750000000000033,0.1693750000000005
2026-08-16 09:12:18.064,12.095,lower,-0.044999999999999485,0.1506249999999998
2026-08-16 09:12:18.074,12.105,lower,0.021250000000000435,0.15499999999999958
2026-08-16 09:12:18.084,12.115,lower,0.06812499999999999,0.18187500000000023
2026-08-16 09:12:18.094,12.125,lower,-0.11562500000000031,0.13062499999999977
2026-08-16 09:12:18.104,12.135,lower,0.06000000000000005,0.1793750000000005
2026-08-16 09:12:18.114,12.145,lower,-0.0737500000000002,0.16249999999999987
2026-08-16 09:12:18.124,12.155,lower,0.009375000000000355,0.15750000000000042
2026-08-16 09:12:18.134,12.165,lower,0.07187500000000013,0.1849999999999996
2026-08-16 09:12:18.144,12.175,lower,-0.10312499999999947,0.1343749999999999
2026-08-16 09:12:18.154,12.185,lower,0.06562500000000027,0.18000000000000016
2026-08-16 09:12:18.164,12.195,lower,-0.04874999999999963,0.15812500000000007
2026-08-16 09:12:18.174,12.205,lower,-0.00687499999999952,0.15812500000000007
2026-08-16 09:12:18.184,12.215,lower,0.06624999999999992,0.18125000000000058
2026-08-16 09:12:18.194,12.225,lower,-0.11375000000000024,0.13125000000000053
2026-08-16 09:12:18.204,12.235,lower,0.06000000000000005,0.1781250000000001
2026-08-16 09:12:18.214,12.245,lower,-0.07750000000000035,0.15375000000000028
2026-08-16 09:12:18.224,12.255,lower,0.013125000000000497,0.14562500000000034
2026-08-16 09:12:18.234,12.265,lower,0.06812499999999999,0.1806249999999998
2026-08-16 09:12:18.244,12.275,lower,-0.12499999999999956,0.13062499999999977
2026-08-16 09:12:18.254,12.285,lower,0.06874999999999964,0.17125000000000057
2026-08-16 09:12:18.264,12.295,lower,-0.053750000000000187,0.15562500000000035
2026-08-16 09:12:18.274,12.305,lower,-0.003750000000000142,0.15000000000000013
2026-08-16 09:12:18.284,12.315,lower,0.06562500000000027,0.1806249999999998
2026-08-16 09:12:18.294,12.325,lower,-0.11187500000000017,0.13062499999999977
2026-08-16 09:12:18.304,12.335,lower,0.06125000000000047,0.17000000000000015
2026-08-16 09:12:18.314,12.345,lower,-0.08187500000000014,0.15125000000000055
2026-08-16 09:12:18.324,12.355,lower,0.019375000000000364,0.15687499999999965
2026-08-16 09:12:18.334,12.365,lower,0.07187500000000013,0.18000000000000016
2026-08-16 09:12:18.344,12.375,lower,-0.12062499999999976,0.1331250000000006
2026-08-16 09:12:18.354,12.385,lower,0.07187500000000013,0.17874999999999974
2026-08-16 09:12:18.364,12.395,lower,-0.054999999999999494,0.16125000000000056
2026-08-16 09:12:18.374,12.405,lower,0.0006249999999996536,0.15499999999999958
2026-08-16 09:12:18.384,12.415,lower,0.06687500000000068,0.18312500000000065
2026-08-16 09:12:18.394,12.425,lower,-0.10874999999999968,0.1331250000000006
2026-08-16 09:12:18.404,12.435,lower,0.06249999999999978,0.1781250000000001
2026-08-16 09:12:18.414,12.445,lower,-0.03375000000000017,0.16437499999999994
2026-08-16 09:12:18.424,12.455,lower,0.017500000000000293,0.16000000000000014
2026-08-16 09:12:18.434,12.465,lower,0.07249999999999979,0.18312500000000065
2026-08-16 09:12:18.444,12.475,lower,-0.11562500000000031,0.13125000000000053
2026-08-16 09:12:18.454,12.485,lower,0.07000000000000006,0.18249999999999988
2026-08-16 09:12:18.464,12.495,lower,-0.06249999999999978,0.16000000000000014
2026-08-16 09:12:18.474,12.505,lower,0.003750000000000142,0.14500000000000068
2026-08-16 09:12:18.484,12.515,lower,0.06937500000000041,0.18249999999999988
2026-08-16 09:12:18.494,12.525,lower,-0.1112499999999994,0.1287499999999997
2026-08-16 09:12:18.504,12.535,lower,0.06312500000000054,0.17312500000000064
2026-08-16 09:12:18.514,12.545,lower,-0.03937500000000038,0.15562500000000035
2026-08-16 09:12:18.524,12.555,lower,0.017500000000000293,0.1506249999999998
2026-08-16 09:12:18.534,12.565,lower,0.06874999999999964,0.18125000000000058
2026-08-16 09:12:18.544,12.575,lower,-0.11499999999999955,0.13000000000000012
2026-08-16 09:12:18.554,12.585,lower,0.07000000000000006,0.17437499999999995
2026-08-16 09:12:18.564,12.595,lower,-0.06750000000000034,0.15249999999999986
2026-08-16 09:12:18.574,12.605,lower,0.010624999999999662,0.15312500000000062
2026-08-16 09:12:18.584,12.615,lower,0.07249999999999979,0.17874999999999974
2026-08-16 09:12:18.594,12.625,lower,-0.10624999999999996,0.1331250000000006
2026-08-16 09:12:18.604,12.635,lower,0.06500000000000061,0.17562500000000036
2026-08-16 09:12:18.614,12.645,lower,-0.04187500000000011,0.16249999999999987
2026-08-16 09:12:18.624,12.655,lower,0.02375000000000016,0.15437499999999993
2026-08-16 09:12:18.634,12.665,lower,0.06937500000000041,0.18312500000000065
2026-08-16 09:12:18.644,12.675,lower,-0.11312499999999948,0.13249999999999984
2026-08-16 09:12:18.654,12.685,lower,0.056875000000000675,0.17874999999999974
2026-08-16 09:12:18.664,12.695,lower,-0.07187500000000013,0.1593750000000005
2026-08-16 09:12:18.674,12.705,lower,0.011250000000000426,0.1593750000000005
2026-08-16 09:12:18.684,12.715,lower,0.07249999999999979,0.1837500000000003
2026-08-16 09:12:18.694,12.725,lower,-0.10000000000000009,0.13125000000000053
2026-08-16 09:12:18.704,12.735,lower,0.06562500000000027,0.1781250000000001
2026-08-16 09:12:18.714,12.745,lower,-0.0462499999999999,0.15812500000000007
2026-08-16 09:12:18.724,12.755,lower,0.022499999999999742,0.14437499999999992
2026-08-16 09:12:18.734,12.765,lower,0.06624999999999992,0.18125000000000058
2026-08-16 09:12:18.744,12.775,lower,-0.11499999999999955,0.13000000000000012
2026-08-16 09:12:18.754,12.785,lower,0.05437499999999984,0.1806249999999998
2026-08-16 09:12:18.764,12.795,lower,-0.07750000000000035,0.15125000000000055
2026-08-16 09:12:18.774,12.805,lower,0.011250000000000426,0.14874999999999972
2026-08-16 09:12:18.784,12.815,lower,0.07125000000000048,0.18000000000000016
2026-08-16 09:12:18.794,12.825,lower,-0.10000000000000009,0.12937500000000046
2026-08-16 09:12:18.804,12.835,lower,0.06437499999999985,0.17625000000000002
2026-08-16 09:12:18.814,12.845,lower,-0.051875000000000115,0.15499999999999958
2026-08-16 09:12:18.824,12.855,lower,-0.0031249999999993783,0.15000000000000013
2026-08-16 09:12:18.834,12.865,lower,0.06874999999999964,0.1793750000000005
2026-08-16 09:12:18.844,12.875,lower,-0.11187500000000017,0.13249999999999984
2026-08-16 09:12:18.854,12.885,lower,0.06062499999999971,0.17625000000000002
2026-08-16 09:12:18.864,12.895,lower,-0.07937500000000042,0.15375000000000028
2026-08-16 09:12:18.874,12.905,lower,0.016249999999999876,0.15437499999999993
2026-08-16 09:12:18.884,12.915,lower,0.06874999999999964,0.18000000000000016
2026-08-16 09:12:18.894,12.925,lower,-0.12624999999999997,0.1343749999999999
2026-08-16 09:12:18.904,12.935,lower,0.07062499999999972,0.17750000000000044
2026-08-16 09:12:18.914,12.945,lower,-0.05750000000000033,0.16125000000000056
2026-08-16 09:12:18.924,12.955,lower,-0.0006249999999996536,0.15625
2026-08-16 09:12:18.934,12.965,lower,0.06874999999999964,0.18312500000000065
2026-08-16 09:12:18.944,12.975,lower,-0.11249999999999982,0.13062499999999977
2026-08-16 09:12:18.954,12.985,lower,0.05812499999999998,0.18312500000000065
2026-08-16 09:12:18.964,12.995,lower,-0.08312499999999945,0.15812500000000007
2026-08-16 09:12:18.974,13.005,lower,0.014374999999999805,0.16000000000000014
2026-08-16 09:12:18.984,13.015,lower,0.06812499999999999,0.1837500000000003
2026-08-16 09:12:18.994,13.025,lower,-0.11937499999999934,0.1275000000000004
2026-08-16 09:12:19.004,13.035,lower,0.06812499999999999,0.1781250000000001
2026-08-16 09:12:19.014,13.045,lower,-0.06562500000000027,0.15625
2026-08-16 09:12:19.024,13.055,lower,0.001875000000000071,0.1475000000000004
2026-08-16 09:12:19.034,13.065,lower,0.06249999999999978,0.17874999999999974
2026-08-16 09:12:19.044,13.075,lower,-0.10874999999999968,0.13000000000000012
2026-08-16 09:12:19.054,13.085,lower,0.06125000000000047,0.1749999999999996
2026-08-16 09:12:19.064,13.095,lower,-0.03874999999999962,0.15812500000000007
2026-08-16 09:12:19.074,13.105,lower,0.021250000000000435,0.1518750000000002
2026-08-16 09:12:19.084,13.115,lower,0.06624999999999992,0.18312500000000065
2026-08-16 09:12:19.094,13.125,lower,-0.11750000000000038,0.13562500000000033
2026-08-16 09:12:19.104,13.135,lower,0.06874999999999964,0.1749999999999996
2026-08-16 09:12:19.114,13.145,lower,-0.06687499999999957,0.15312500000000062
2026-08-16 09:12:19.124,13.155,lower,0.003750000000000142,0.15562500000000035
2026-08-16 09:12:19.134,13.165,lower,0.06937500000000041,0.18000000000000016
2026-08-16 09:12:19.144,13.175,lower,-0.10750000000000037,0.1343749999999999
2026-08-16 09:12:19.154,13.185,lower,0.06312500000000054,0.18000000000000016
2026-08-16 09:12:19.164,13.195,lower,-0.04249999999999976,0.1606249999999998
2026-08-16 09:12:19.174,13.205,lower,0.021250000000000435,0.15437499999999993
2026-08-16 09:12:19.184,13.215,lower,0.06500000000000061,0.1806249999999998
2026-08-16 09:12:19.194,13.225,lower,-0.1200000000000001,0.13000000000000012
2026-08-16 09:12:19.204,13.235,lower,0.06624999999999992,0.18000000000000016
2026-08-16 09:12:19.214,13.245,lower,-0.07562500000000028,0.15562500000000035
2026-08-16 09:12:19.224,13.255,lower,0.006249999999999867,0.15562500000000035
2026-08-16 09:12:19.234,13.265,lower,0.07125000000000048,0.18187500000000023
2026-08-16 09:12:19.244,13.275,lower,-0.10687499999999961,0.12937500000000046
2026-08-16 09:12:19.254,13.285,lower,0.06312500000000054,0.1793750000000005
2026-08-16 09:12:19.264,13.295,lower,-0.044999999999999485,0.15812500000000007
2026-08-16 09:12:19.274,13.305,lower,0.021250000000000435,0.14625
2026-08-16 09:12:19.284,13.315,lower,0.06624999999999992,0.18000000000000016
2026-08-16 09:12:19.294,13.325,lower,-0.11499999999999955,0.1318750000000002
2026-08-16 09:12:19.304,13.335,lower,0.055000000000000604,0.17000000000000015
2026-08-16 09:12:19.314,13.345,lower,-0.07687499999999958,0.15499999999999958
2026-08-16 09:12:19.324,13.355,lower,0.010624999999999662,0.15437499999999993
2026-08-16 09:12:19.334,13.365,lower,0.07062499999999972,0.18000000000000016
2026-08-16 09:12:19.344,13.375,lower,-0.10062499999999974,0.13624999999999998
2026-08-16 09:12:19.354,13.385,lower,0.06687500000000068,0.1781250000000001
2026-08-16 09:12:19.364,13.395,lower,-0.05624999999999991,0.15437499999999993
2026-08-16 09:12:19.374,13.405,lower,-0.011249999999999316,0.15625
2026-08-16 09:12:19.384,13.415,lower,0.06624999999999992,0.1837500000000003
2026-08-16 09:12:19.394,13.425,lower,-0.11562500000000031,0.1318750000000002
2026-08-16 09:12:19.404,13.435,lower,0.05562500000000026,0.17687499999999967
2026-08-16 09:12:19.414,13.445,lower,-0.07937500000000042,0.16249999999999987
2026-08-16 09:12:19.424,13.455,lower,0.01187500000000008,0.15625
2026-08-16 09:12:19.434,13.465,lower,0.06937500000000041,0.18249999999999988
2026-08-16 09:12:19.444,13.475,lower,-0.10187500000000016,0.1331250000000006
2026-08-16 09:12:19.454,13.485,lower,0.06500000000000061,0.17874999999999974
2026-08-16 09:12:19.464,13.495,lower,-0.06000000000000005,0.16375000000000028
2026-08-16 09:12:19.474,13.505,lower,-0.004374999999999796,0.15874999999999972
2026-08-16 09:12:19.484,13.515,lower,0.06062499999999971,0.1806249999999998
2026-08-16 09:12:19.494,13.525,lower,-0.1143749999999999,0.12687499999999963
2026-08-16 09:12:19.504,13.535,lower,0.056875000000000675,0.1781250000000001
2026-08-16 09:12:19.514,13.545,lower,-0.08624999999999994,0.15874999999999972
2026-08-16 09:12:19.524,13.555,lower,0.013125000000000497,0.14625
2026-08-16 09:12:19.534,13.565,lower,0.06874999999999964,0.18187500000000023
2026-08-16 09:12:19.544,13.575,lower,-0.12187500000000018,0.13000000000000012
2026-08-16 09:12:19.554,13.585,lower,0.06500000000000061,0.1806249999999998
2026-08-16 09:12:19.564,13.595,lower,-0.0637500000000002,0.15625
2026-08-16 09:12:19.574,13.605,lower,0.001875000000000071,0.1518750000000002
2026-08-16 09:12:19.584,13.615,lower,0.0637500000000002,0.18312500000000065
2026-08-16 09:12:19.594,13.625,lower,-0.1112499999999994,0.13249999999999984
2026-08-16 09:12:19.604,13.635,lower,0.06000000000000005,0.17750000000000044
2026-08-16 09:12:19.614,13.645,lower,-0.09062499999999973,0.1518750000000002
2026-08-16 09:12:19.624,13.655,lower,0.015625000000000222,0.15437499999999993
2026-08-16 09:12:19.634,13.665,lower,0.06750000000000034,0.18437499999999996
2026-08-16 09:12:19.644,13.675,lower,-0.12187500000000018,0.1343749999999999
2026-08-16 09:12:19.654,13.685,lower,0.0637500000000002,0.1781250000000001
2026-08-16 09:12:19.664,13.695,lower,-0.07000000000000006,0.15312500000000062
2026-08-16 09:12:19.674,13.705,lower,0.0031250000000004885,0.15750000000000042
2026-08-16 09:12:19.684,13.715,lower,0.058749999999999636,0.18249999999999988
2026-08-16 09:12:19.694,13.725,lower,-0.10937499999999933,0.13125000000000053
2026-08-16 09:12:19.704,13.735,lower,0.0637500000000002,0.1781250000000001
2026-08-16 09:12:19.714,13.745,lower,-0.04562500000000025,0.16375000000000028
2026-08-16 09:12:19.724,13.755,lower,0.016249999999999876,0.15750000000000042
2026-08-16 09:12:19.734,13.765,lower,0.06312500000000054,0.18187500000000023
2026-08-16 09:12:19.744,13.775,lower,-0.1200000000000001,0.1318750000000002
2026-08-16 09:12:19.754,13.785,lower,0.06500000000000061,0.18125000000000058
2026-08-16 09:12:19.764,13.795,lower,-0.07562500000000028,0.1618750000000002
2026-08-16 09:12:19.774,13.805,lower,0.0050000000000005596,0.1618750000000002
2026-08-16 09:12:19.784,13.815,lower,0.06500000000000061,0.18125000000000058
2026-08-16 09:12:19.794,13.825,lower,-0.1056250000000003,0.1287499999999997
2026-08-16 09:12:19.804,13.835,lower,0.06312500000000054,0.1806249999999998
2026-08-16 09:12:19.814,13.845,lower,-0.04937500000000039,0.15687499999999965
2026-08-16 09:12:19.824,13.855,lower,0.021250000000000435,0.15000000000000013
2026-08-16 09:12:19.834,13.865,lower,0.06750000000000034,0.18187500000000023
2026-08-16 09:12:19.844,13.875,lower,-0.11687499999999962,0.1318750000000002
2026-08-16 09:12:19.854,13.885,lower,0.07000000000000006,0.17874999999999974
2026-08-16 09:12:19.864,13.895,lower,-0.07499999999999951,0.15562500000000035
2026-08-16 09:12:19.874,13.905,lower,0.008124999999999938,0.1518750000000002
2026-08-16 09:12:19.884,13.915,lower,0.06812499999999999,0.1793750000000005
2026-08-16 09:12:19.894,13.925,lower,-0.10249999999999981,0.13375000000000026
2026-08-16 09:12:19.904,13.935,lower,0.06125000000000047,0.1781250000000001
2026-08-16 09:12:19.914,13.945,lower,-0.053750000000000187,0.15437499999999993
2026-08-16 09:12:19.924,13.955,lower,0.024374999999999813,0.15562500000000035
2026-08-16 09:12:19.934,13.965,lower,0.06687500000000068,0.1806249999999998
2026-08-16 09:12:19.944,13.975,lower,-0.11687499999999962,0.13375000000000026
2026-08-16 09:12:19.954,13.985,lower,0.0593750000000004,0.18187500000000023
2026-08-16 09:12:19.964,13.995,lower,-0.08187500000000014,0.16437499999999994
2026-08-16 09:12:19.974,14.005,lower,0.007500000000000284,0.15812500000000007
2026-08-16 09:12:19.984,14.015,lower,0.06812499999999999,0.18249999999999988
2026-08-16 09:12:19.994,14.025,lower,-0.10187500000000016,0.13125000000000053
2026-08-16 09:12:20.004,14.035,lower,0.06437499999999985,0.1806249999999998
2026-08-16 09:12:20.014,14.045,lower,-0.06000000000000005,0.15812500000000007
2026-08-16 09:12:20.024,14.055,lower,-0.005625000000000213,0.15812500000000007
2026-08-16 09:12:20.034,14.065,lower,0.06437499999999985,0.18437499999999996
2026-08-16 09:12:20.044,14.075,lower,-0.11375000000000024,0.1287499999999997
2026-08-16 09:12:20.054,14.085,lower,0.06000000000000005,0.18249999999999988
2026-08-16 09:12:20.064,14.095,lower,-0.08624999999999994,0.1606249999999998
2026-08-16 09:12:20.074,14.105,lower,0.013125000000000497,0.14937500000000048
2026-08-16 09:12:20.084,14.115,lower,0.06750000000000034,0.1806249999999998
2026-08-16 09:12:20.094,14.125,lower,-0.09812500000000002,0.13000000000000012
2026-08-16 09:12:20.104,14.135,lower,0.06500000000000061,0.17312500000000064
2026-08-16 09:12:20.114,14.145,lower,-0.06562500000000027,0.15750000000000042
2026-08-16 09:12:20.124,14.155,lower,0.0050000000000005596,0.1518750000000002
2026-08-16 09:12:20.134,14.165,lower,0.061875000000000124,0.18000000000000016
2026-08-16 09:12:20.144,14.175,lower,-0.10937499999999933,0.13562500000000033
2026-08-16 09:12:20.154,14.185,lower,0.0637500000000002,0.17562500000000036
2026-08-16 09:12:20.164,14.195,lower,-0.09187500000000015,0.15499999999999958
2026-08-16 09:12:20.174,14.205,lower,0.01687500000000064,0.15562500000000035
2026-08-16 09:12:20.184,14.215,lower,0.07000000000000006,0.18312500000000065
2026-08-16 09:12:20.194,14.225,lower,-0.12375000000000025,0.13562500000000033
2026-08-16 09:12:20.204,14.235,lower,0.06750000000000034,0.1781250000000001
2026-08-16 09:12:20.214,14.245,lower,-0.06874999999999964,0.15874999999999972
2026-08-16 09:12:20.224,14.255,lower,0.0024999999999997247,0.15687499999999965
2026-08-16 09:12:20.234,14.265,lower,0.061875000000000124,0.18125000000000058
2026-08-16 09:12:20.244,14.275,lower,-0.10750000000000037,0.1318750000000002
2026-08-16 09:12:20.254,14.285,lower,0.06437499999999985,0.17750000000000044
2026-08-16 09:12:20.264,14.295,lower,-0.04750000000000032,0.15562500000000035
2026-08-16 09:12:20.274,14.305,lower,0.02062499999999967,0.15499999999999958
2026-08-16 09:12:20.284,14.315,lower,0.06750000000000034,0.18249999999999988
2026-08-16 09:12:20.294,14.325,lower,-0.11937499999999934,0.1318750000000002
2026-08-16 09:12:20.304,14.335,lower,0.07249999999999979,0.18000000000000016
2026-08-16 09:12:20.314,14.345,lower,-0.07187500000000013,0.15874999999999972
2026-08-16 09:12:20.324,14.355,lower,0.008124999999999938,0.14625
2026-08-16 09:12:20.334,14.365,lower,0.0593750000000004,0.18562500000000037
2026-08-16 09:12:20.344,14.375,lower,-0.10187500000000016,0.1275000000000004
2026-08-16 09:12:20.354,14.385,lower,0.06687500000000068,0.18249999999999988
2026-08-16 09:12:20.364,14.395,lower,-0.050000000000000044,0.15625
2026-08-16 09:12:20.374,14.405,lower,0.02375000000000016,0.1506249999999998
2026-08-16 09:12:20.384,14.415,lower,0.06937500000000041,0.1837500000000003
2026-08-16 09:12:20.394,14.425,lower,-0.11750000000000038,0.1331250000000006
2026-08-16 09:12:20.404,14.435,lower,0.07125000000000048,0.17625000000000002
2026-08-16 09:12:20.414,14.445,lower,-0.07750000000000035,0.15375000000000028
2026-08-16 09:12:20.424,14.455,lower,0.01187500000000008,0.15499999999999958
2026-08-16 09:12:20.434,14.465,lower,0.07062499999999972,0.1837500000000003
2026-08-16 09:12:20.444,14.475,lower,-0.10249999999999981,0.13562500000000033
2026-08-16 09:12:20.454,14.485,lower,0.06750000000000034,0.18125000000000058
2026-08-16 09:12:20.464,14.495,lower,-0.051875000000000115,0.1518750000000002
2026-08-16 09:12:20.474,14.505,lower,0.02687500000000065,0.15562500000000035
2026-08-16 09:12:20.484,14.515,lower,0.06562500000000027,0.18249999999999988
2026-08-16 09:12:20.494,14.525,lower,-0.12249999999999983,0.13375000000000026
2026-08-16 09:12:20.504,14.535,lower,0.05750000000000033,0.1781250000000001
2026-08-16 09:12:20.514,14.545,lower,-0.08375000000000021,0.1593750000000005
2026-08-16 09:12:20.524,14.555,lower,0.009375000000000355,0.15874999999999972
2026-08-16 09:12:20.534,14.565,lower,0.06687500000000068,0.18125000000000058
2026-08-16 09:12:20.544,14.575,lower,-0.10000000000000009,0.12937500000000046
2026-08-16 09:12:20.554,14.585,lower,0.06812499999999999,0.18249999999999988
2026-08-16 09:12:20.564,14.595,lower,-0.05437499999999984,0.1593750000000005
2026-08-16 09:12:20.574,14.605,lower,0.025000000000000577,0.1618750000000002
2026-08-16 09:12:20.584,14.615,lower,0.06750000000000034,0.18187500000000023
2026-08-16 09:12:20.594,14.625,lower,-0.1100000000000001,0.1318750000000002
2026-08-16 09:12:20.604,14.635,lower,0.0637500000000002,0.1849999999999996
2026-08-16 09:12:20.614,14.645,lower,-0.08687499999999959,0.15874999999999972
2026-08-16 09:12:20.624,14.655,lower,0.017500000000000293,0.14812500000000006
2026-08-16 09:12:20.634,14.665,lower,0.07312500000000055,0.1806249999999998
2026-08-16 09:12:20.644,14.675,lower,-0.0956250000000003,0.13375000000000026
2026-08-16 09:12:20.654,14.685,lower,0.06874999999999964,0.17437499999999995
2026-08-16 09:12:20.664,14.695,lower,-0.058749999999999636,0.15437499999999993
2026-08-16 09:12:20.674,14.705,lower,-0.0012500000000004174,0.15375000000000028
2026-08-16 09:12:20.684,14.715,lower,0.06624999999999992,0.18000000000000016
2026-08-16 09:12:20.694,14.725,lower,-0.10937499999999933,0.13125000000000053
2026-08-16 09:12:20.704,14.735,lower,0.06312500000000054,0.18125000000000058
2026-08-16 09:12:20.714,14.745,lower,-0.08874999999999966,0.15125000000000055
2026-08-16 09:12:20.724,14.755,lower,0.02187500000000009,0.15249999999999986
2026-08-16 09:12:20.734,14.765,lower,0.06874999999999964,0.18125000000000058
2026-08-16 09:12:20.744,14.775,lower,-0.12499999999999956,0.13125000000000053
2026-08-16 09:12:20.754,14.785,lower,0.06874999999999964,0.17750000000000044
2026-08-16 09:12:20.764,14.795,lower,-0.06812499999999999,0.16000000000000014
2026-08-16 09:12:20.774,14.805,lower,0.0050000000000005596,0.15812500000000007
2026-08-16 09:12:20.784,14.815,lower,0.06437499999999985,0.18000000000000016
2026-08-16 09:12:20.794,14.825,lower,-0.10624999999999996,0.1343749999999999
2026-08-16 09:12:20.804,14.835,lower,0.06562500000000027,0.18312500000000065
2026-08-16 09:12:20.814,14.845,lower,-0.09187500000000015,0.16000000000000014
2026-08-16 09:12:20.824,14.855,lower,0.02187500000000009,0.16125000000000056
2026-08-16 09:12:20.834,14.865,lower,0.06812499999999999,0.1806249999999998
2026-08-16 09:12:20.844,14.875,lower,-0.11874999999999969,0.1318750000000002
2026-08-16 09:12:20.854,14.885,lower,0.07500000000000062,0.18187500000000023
2026-08-16 09:12:20.864,14.895,lower,-0.07124999999999937,0.15562500000000035
2026-08-16 09:12:20.874,14.905,lower,0.008749999999999591,0.15437499999999993
2026-08-16 09:12:20.884,14.915,lower,0.06000000000000005,0.18312500000000065
2026-08-16 09:12:20.894,14.925,lower,-0.10812500000000003,0.1318750000000002
2026-08-16 09:12:20.904,14.935,lower,0.06500000000000061,0.17312500000000064
2026-08-16 09:12:20.914,14.945,lower,-0.046874999999999556,0.15499999999999958
2026-08-16 09:12:20.924,14.955,lower,0.02562500000000023,0.15312500000000062
2026-08-16 09:12:20.934,14.965,lower,0.06562500000000027,0.18187500000000023
2026-08-16 09:12:20.944,14.975,lower,-0.1143749999999999,0.1318750000000002
2026-08-16 09:12:20.954,14.985,lower,0.06874999999999964,0.1793750000000005
2026-08-16 09:12:20.964,14.995,lower,-0.07750000000000035,0.1518750000000002
2026-08-16 09:12:20.974,15.005,lower,0.010624999999999662,0.15625
2026-08-16 09:12:20.984,15.015,lower,0.07187500000000013,0.1806249999999998
2026-08-16 09:12:20.994,15.025,lower,-0.10499999999999954,0.1331250000000006
2026-08-16 09:12:21.004,15.035,lower,0.06562500000000027,0.1806249999999998
2026-08-16 09:12:21.014,15.045,lower,-0.051875000000000115,0.15750000000000042
2026-08-16 09:12:21.024,15.055,lower,0.023125000000000506,0.15812500000000007
2026-08-16 09:12:21.034,15.065,lower,0.06750000000000034,0.18312500000000065
2026-08-16 09:12:21.044,15.075,lower,-0.1112499999999994,0.1331250000000006
2026-08-16 09:12:21.054,15.085,lower,0.07062499999999972,0.18125000000000058
2026-08-16 09:12:21.064,15.095,lower,-0.08124999999999938,0.15874999999999972
2026-08-16 09:12:21.074,15.105,lower,0.013750000000000151,0.1618750000000002
2026-08-16 09:12:21.084,15.115,lower,0.06812499999999999,0.18125000000000058
2026-08-16 09:12:21.094,15.125,lower,-0.0968749999999996,0.13125000000000053
2026-08-16 09:12:21.104,15.135,lower,0.07062499999999972,0.18187500000000023
2026-08-16 09:12:21.114,15.145,lower,-0.0593750000000004,0.15499999999999958
2026-08-16 09:12:21.124,15.155,lower,0.029375000000000373,0.1518750000000002
2026-08-16 09:12:21.134,15.165,lower,0.06562500000000027,0.1837500000000003
2026-08-16 09:12:21.144,15.175,lower,-0.1143749999999999,0.13500000000000068
2026-08-16 09:12:21.154,15.185,lower,0.0593750000000004,0.18312500000000065
2026-08-16 09:12:21.164,15.195,lower,-0.08562500000000028,0.15437499999999993
2026-08-16 09:12:21.174,15.205,lower,0.014374999999999805,0.15000000000000013
2026-08-16 09:12:21.184,15.215,lower,0.06624999999999992,0.18312500000000065
2026-08-16 09:12:21.194,15.225,lower,-0.09812500000000002,0.13249999999999984
2026-08-16 09:12:21.204,15.235,lower,0.06500000000000061,0.17562500000000036
2026-08-16 09:12:21.214,15.245,lower,-0.06437499999999985,0.1506249999999998
2026-08-16 09:12:21.224,15.255,lower,0.02874999999999961,0.1518750000000002
2026-08-16 09:12:21.234,15.265,lower,0.06312500000000054,0.18249999999999988
2026-08-16 09:12:21.244,15.275,lower,-0.11375000000000024,0.1318750000000002
2026-08-16 09:12:21.254,15.285,lower,0.06125000000000047,0.18000000000000016
2026-08-16 09:12:21.264,15.295,lower,-0.09312499999999946,0.14812500000000006
2026-08-16 09:12:21.274,15.305,lower,0.013125000000000497,0.15750000000000042
2026-08-16 09:12:21.284,15.315,lower,0.06874999999999964,0.18125000000000058
2026-08-16 09:12:21.294,15.325,lower,-0.09437499999999988,0.13500000000000068
2026-08-16 09:12:21.304,15.335,lower,0.06687500000000068,0.1806249999999998
2026-08-16 09:12:21.314,15.345,lower,-0.07000000000000006,0.1606249999999998
2026-08-16 09:12:21.324,15.355,lower,0.0031250000000004885,0.16375000000000028
2026-08-16 09:12:21.334,15.365,lower,0.06062499999999971,0.18312500000000065
2026-08-16 09:12:21.344,15.375,lower,-0.11062499999999975,0.13062499999999977
2026-08-16 09:12:21.354,15.385,lower,0.06812499999999999,0.18312500000000065
2026-08-16 09:12:21.364,15.395,lower,-0.09812500000000002,0.15625
2026-08-16 09:12:21.374,15.405,lower,0.016249999999999876,0.16249999999999987
2026-08-16 09:12:21.384,15.415,lower,0.06937500000000041,0.1849999999999996
2026-08-16 09:12:21.394,15.425,lower,-0.12062499999999976,0.13375000000000026
2026-08-16 09:12:21.404,15.435,lower,0.06687500000000068,0.18187500000000023
2026-08-16 09:12:21.414,15.445,lower,-0.0737500000000002,0.15750000000000042
2026-08-16 09:12:21.424,15.455,lower,0.010624999999999662,0.15499999999999958
2026-08-16 09:12:21.434,15.465,lower,0.05812499999999998,0.1837500000000003
2026-08-16 09:12:21.444,15.475,lower,-0.10375000000000023,0.13125000000000053
2026-08-16 09:12:21.454,15.485,lower,0.06562500000000027,0.17312500000000064
2026-08-16 09:12:21.464,15.495,lower,-0.10187500000000016,0.15562500000000035
2026-08-16 09:12:21.474,15.505,lower,0.02375000000000016,0.15437499999999993
2026-08-16 09:12:21.484,15.515,lower,0.06562500000000027,0.18125000000000058
2026-08-16 09:12:21.494,15.525,lower,-0.12249999999999983,0.1318750000000002
2026-08-16 09:12:21.504,15.535,lower,0.07125000000000048,0.17437499999999995
2026-08-16 09:12:21.514,15.545,lower,-0.07937500000000042,0.15125000000000055
2026-08-16 09:12:21.524,15.555,lower,0.008124999999999938,0.15750000000000042
2026-08-16 09:12:21.534,15.565,lower,0.053750000000000187,0.18187500000000023
2026-08-16 09:12:21.544,15.575,lower,-0.10499999999999954,0.1318750000000002
2026-08-16 09:12:21.554,15.585,lower,0.06312500000000054,0.18312500000000065
2026-08-16 09:12:21.564,15.595,lower,-0.05624999999999991,0.1618750000000002
2026-08-16 09:12:21.574,15.605,lower,0.023125000000000506,0.15687499999999965
2026-08-16 09:12:21.584,15.615,lower,0.06437499999999985,0.18562500000000037
2026-08-16 09:12:21.594,15.625,lower,-0.11687499999999962,0.13687499999999964
2026-08-16 09:12:21.604,15.635,lower,0.06937500000000041,0.1837500000000003
2026-08-16 09:12:21.614,15.645,lower,-0.08375000000000021,0.15750000000000042
2026-08-16 09:12:21.624,15.655,lower,0.01187500000000008,0.16125000000000056
2026-08-16 09:12:21.634,15.665,lower,0.06500000000000061,0.18249999999999988
2026-08-16 09:12:21.644,15.675,lower,-0.10437499999999988,0.1331250000000006
2026-08-16 09:12:21.654,15.685,lower,0.06562500000000027,0.1849999999999996
2026-08-16 09:12:21.664,15.695,lower,-0.0593750000000004,0.15625
2026-08-16 09:12:21.674,15.705,lower,0.025000000000000577,0.15562500000000035
2026-08-16 09:12:21.684,15.715,lower,0.06437499999999985,0.18562500000000037
2026-08-16 09:12:21.694,15.725,lower,-0.1143749999999999,0.1343749999999999
2026-08-16 09:12:21.704,15.735,lower,0.07125000000000048,0.18625000000000003
2026-08-16 09:12:21.714,15.745,lower,-0.09062499999999973,0.15312500000000062
2026-08-16 09:12:21.724,15.755,lower,0.013750000000000151,0.15499999999999958
2026-08-16 09:12:21.734,15.765,lower,0.06687500000000068,0.1837500000000003
2026-08-16 09:12:21.744,15.775,lower,-0.10000000000000009,0.13125000000000053
2026-08-16 09:12:21.754,15.785,lower,0.06312500000000054,0.17687499999999967
2026-08-16 09:12:21.764,15.795,lower,-0.06624999999999992,0.15125000000000055
2026-08-16 09:12:21.774,15.805,lower,0.02375000000000016,0.15687499999999965
2026-08-16 09:12:21.784,15.815,lower,0.06000000000000005,0.18562500000000037
2026-08-16 09:12:21.794,15.825,lower,-0.1143749999999999,0.13375000000000026
2026-08-16 09:12:21.804,15.835,lower,0.058749999999999636,0.18312500000000065
2026-08-16 09:12:21.814,15.845,lower,-0.09499999999999953,0.16375000000000028
2026-08-16 09:12:21.824,15.855,lower,0.017500000000000293,0.15874999999999972
2026-08-16 09:12:21.834,15.865,lower,0.06874999999999964,0.18562500000000037
2026-08-16 09:12:21.844,15.875,lower,-0.10000000000000009,0.13624999999999998
2026-08-16 09:12:21.854,15.885,lower,0.06624999999999992,0.1806249999999998
2026-08-16 09:12:21.864,15.895,lower,-0.06874999999999964,0.1593750000000005
2026-08-16 09:12:21.874,15.905,lower,0.026249999999999885,0.16375000000000028
2026-08-16 09:12:21.884,15.915,lower,0.06062499999999971,0.18687499999999968
2026-08-16 09:12:21.894,15.925,lower,-0.1112499999999994,0.13062499999999977
2026-08-16 09:12:21.904,15.935,lower,0.06062499999999971,0.18437499999999996
2026-08-16 09:12:21.914,15.945,lower,-0.09750000000000036,0.15625
2026-08-16 09:12:21.924,15.955,lower,0.02062499999999967,0.1506249999999998
2026-08-16 09:12:21.934,15.965,lower,0.06750000000000034,0.1837500000000003
2026-08-16 09:12:21.944,15.975,lower,-0.09499999999999953,0.1331250000000006
2026-08-16 09:12:21.954,15.985,lower,0.06687500000000068,0.18312500000000065
2026-08-16 09:12:21.964,15.995,lower,-0.0737500000000002,0.15874999999999972
2026-08-16 09:12:21.974,16.005,lower,0.0024999999999997247,0.15874999999999972
2026-08-16 09:12:21.984,16.015,lower,0.05750000000000033,0.18625000000000003
2026-08-16 09:12:21.994,16.025,lower,-0.10812500000000003,0.13125000000000053
2026-08-16 09:12:22.004,16.035,lower,0.06312500000000054,0.17687499999999967
2026-08-16 09:12:22.014,16.045,lower,-0.10312499999999947,0.15312500000000062
2026-08-16 09:12:22.024,16.055,lower,0.018124999999999947,0.1518750000000002
2026-08-16 09:12:22.034,16.065,lower,0.0593750000000004,0.18249999999999988
2026-08-16 09:12:22.044,16.075,lower,-0.12375000000000025,0.13000000000000012
2026-08-16 09:12:22.054,16.085,lower,0.06874999999999964,0.17874999999999974
2026-08-16 09:12:22.064,16.095,lower,-0.08000000000000007,0.15000000000000013
2026-08-16 09:12:22.074,16.105,lower,0.010000000000000009,0.1593750000000005
2026-08-16 09:12:22.084,16.115,lower,0.056875000000000675,0.1849999999999996
2026-08-16 09:12:22.094,16.125,lower,-0.10937499999999933,0.13500000000000068
2026-08-16 09:12:22.104,16.135,lower,0.06562500000000027,0.18000000000000016
2026-08-16 09:12:22.114,16.145,lower,-0.1056250000000003,0.1606249999999998
2026-08-16 09:12:22.124,16.155,lower,0.022499999999999742,0.16437499999999994
2026-08-16 09:12:22.134,16.165,lower,0.06624999999999992,0.18312500000000065
2026-08-16 09:12:22.144,16.175,lower,-0.11812500000000004,0.13000000000000012
2026-08-16 09:12:22.154,16.185,lower,0.07000000000000006,0.18625000000000003
2026-08-16 09:12:22.164,16.195,lower,-0.08312499999999945,0.15687499999999965
2026-08-16 09:12:22.174,16.205,lower,0.01187500000000008,0.16375000000000028
2026-08-16 09:12:22.184,16.215,lower,0.0506249999999997,0.18187500000000023
2026-08-16 09:12:22.194,16.225,lower,-0.10499999999999954,0.13125000000000053
2026-08-16 09:12:22.204,16.235,lower,0.06249999999999978,0.1806249999999998
2026-08-16 09:12:22.214,16.245,lower,-0.061875000000000124,0.15125000000000055
2026-08-16 09:12:22.224,16.255,lower,0.02562500000000023,0.15249999999999986
2026-08-16 09:12:22.234,16.265,lower,0.06312500000000054,0.18249999999999988
2026-08-16 09:12:22.244,16.275,lower,-0.11812500000000004,0.13249999999999984
2026-08-16 09:12:22.254,16.285,lower,0.06874999999999964,0.17687499999999967
2026-08-16 09:12:22.264,16.295,lower,-0.09062499999999973,0.15249999999999986
2026-08-16 09:12:22.274,16.305,lower,0.012499999999999734,0.15249999999999986
2026-08-16 09:12:22.284,16.315,lower,0.06562500000000027,0.1793750000000005
2026-08-16 09:12:22.294,16.325,lower,-0.09874999999999967,0.13687499999999964
2026-08-16 09:12:22.304,16.335,lower,0.06874999999999964,0.1781250000000001
2026-08-16 09:12:22.314,16.345,lower,-0.06624999999999992,0.15249999999999986
2026-08-16 09:12:22.324,16.355,lower,0.03062499999999968,0.15874999999999972
2026-08-16 09:12:22.334,16.365,lower,0.06437499999999985,0.18312500000000065
2026-08-16 09:12:22.344,16.375,lower,-0.11375000000000024,0.13624999999999998
2026-08-16 09:12:22.354,16.385,lower,0.07187500000000013,0.18125000000000058
2026-08-16 09:12:22.364,16.395,lower,-0.09000000000000008,0.1618750000000002
2026-08-16 09:12:22.374,16.405,lower,0.013125000000000497,0.16000000000000014
2026-08-16 09:12:22.384,16.415,lower,0.06750000000000034,0.18625000000000003
2026-08-16 09:12:22.394,16.425,lower,-0.09375000000000022,0.1343749999999999
2026-08-16 09:12:22.404,16.435,lower,0.07062499999999972,0.18125000000000058
2026-08-16 09:12:22.414,16.445,lower,-0.07124999999999937,0.15750000000000042
2026-08-16 09:12:22.424,16.455,lower,0.031250000000000444,0.16249999999999987
2026-08-16 09:12:22.434,16.465,lower,0.061875000000000124,0.1806249999999998
2026-08-16 09:12:22.444,16.475,lower,-0.1143749999999999,0.13062499999999977
2026-08-16 09:12:22.454,16.485,lower,0.0637500000000002,0.18562500000000037
2026-08-16 09:12:22.464,16.495,lower,-0.09750000000000036,0.15437499999999993
2026-08-16 09:12:22.474,16.505,lower,0.021250000000000435,0.1506249999999998
2026-08-16 09:12:22.484,16.515,lower,0.06750000000000034,0.17874999999999974
2026-08-16 09:12:22.494,16.525,lower,-0.09624999999999995,0.13249999999999984
2026-08-16 09:12:22.504,16.535,lower,0.06687500000000068,0.18249999999999988
2026-08-16 09:12:22.514,16.545,lower,-0.07437499999999986,0.15249999999999986
2026-08-16 09:12:22.524,16.555,lower,0.0050000000000005596,0.15625
2026-08-16 09:12:22.534,16.565,lower,0.05750000000000033,0.18125000000000058
2026-08-16 09:12:22.544,16.575,lower,-0.10687499999999961,0.1343749999999999
2026-08-16 09:12:22.554,16.585,lower,0.06624999999999992,0.17874999999999974
2026-08-16 09:12:22.564,16.595,lower,-0.1012499999999994,0.1518750000000002
2026-08-16 09:12:22.574,16.605,lower,0.02187500000000009,0.15812500000000007
2026-08-16 09:12:22.584,16.615,lower,0.06937500000000041,0.1837500000000003
2026-08-16 09:12:22.594,16.625,lower,-0.08750000000000036,0.13125000000000053
2026-08-16 09:12:22.604,16.635,lower,0.07187500000000013,0.1806249999999998
2026-08-16 09:12:22.614,16.645,lower,-0.07562500000000028,0.15874999999999972
2026-08-16 09:12:22.624,16.655,lower,0.007500000000000284,0.15750000000000042
2026-08-16 09:12:22.634,16.665,lower,0.05624999999999991,0.18125000000000058
2026-08-16 09:12:22.644,16.675,lower,-0.1012499999999994,0.13249999999999984
2026-08-16 09:12:22.654,16.685,lower,0.06812499999999999,0.18000000000000016
2026-08-16 09:12:22.664,16.695,lower,-0.10312499999999947,0.16125000000000056
2026-08-16 09:12:22.674,16.705,lower,0.02562500000000023,0.16437499999999994
2026-08-16 09:12:22.684,16.715,lower,0.06812499999999999,0.18562500000000037
2026-08-16 09:12:22.694,16.725,lower,-0.11874999999999969,0.13125000000000053
2026-08-16 09:12:22.704,16.735,lower,0.07249999999999979,0.1849999999999996
2026-08-16 09:12:22.714,16.745,lower,-0.08000000000000007,0.15625
2026-08-16 09:12:22.724,16.755,lower,0.012499999999999734,0.15312500000000062
2026-08-16 09:12:22.734,16.765,lower,0.05437499999999984,0.1837500000000003
2026-08-16 09:12:22.744,16.775,lower,-0.10062499999999974,0.1318750000000002
2026-08-16 09:12:22.754,16.785,lower,0.06812499999999999,0.18249999999999988
2026-08-16 09:12:22.764,16.795,lower,-0.061875000000000124,0.14937500000000048
2026-08-16 09:12:22.774,16.805,lower,0.029375000000000373,0.1506249999999998
2026-08-16 09:12:22.784,16.815,lower,0.06500000000000061,0.1793750000000005
2026-08-16 09:12:22.794,16.825,lower,-0.11687499999999962,0.13125000000000053
2026-08-16 09:12:22.804,16.835,lower,0.07500000000000062,0.1781250000000001
2026-08-16 09:12:22.814,16.845,lower,-0.08750000000000036,0.1506249999999998
2026-08-16 09:12:22.824,16.855,lower,0.016249999999999876,0.15625
2026-08-16 09:12:22.834,16.865,lower,0.05249999999999977,0.1837500000000003
2026-08-16 09:12:22.844,16.875,lower,-0.10000000000000009,0.13375000000000026
2026-08-16 09:12:22.854,16.885,lower,0.06437499999999985,0.18000000000000016
2026-08-16 09:12:22.864,16.895,lower,-0.0637500000000002,0.14874999999999972
2026-08-16 09:12:22.874,16.905,lower,0.029375000000000373,0.1606249999999998
2026-08-16 09:12:22.884,16.915,lower,0.0637500000000002,0.18000000000000016
2026-08-16 09:12:22.894,16.925,lower,-0.11062499999999975,0.13249999999999984
2026-08-16 09:12:22.904,16.935,lower,0.07312500000000055,0.18125000000000058
2026-08-16 09:12:22.914,16.945,lower,-0.09187500000000015,0.15874999999999972
2026-08-16 09:12:22.924,16.955,lower,0.019375000000000364,0.1606249999999998
2026-08-16 09:12:22.934,16.965,lower,0.07125000000000048,0.1849999999999996
2026-08-16 09:12:22.944,16.975,lower,-0.0956250000000003,0.13500000000000068
2026-08-16 09:12:22.954,16.985,lower,0.07249999999999979,0.18437499999999996
2026-08-16 09:12:22.964,16.995,lower,-0.06562500000000027,0.15375000000000028
2026-08-16 09:12:22.974,17.005,lower,0.033125000000000515,0.16312500000000063
2026-08-16 09:12:22.984,17.015,lower,0.06125000000000047,0.18125000000000058
2026-08-16 09:12:22.994,17.025,lower,-0.11062499999999975,0.13062499999999977
2026-08-16 09:12:23.004,17.035,lower,0.07249999999999979,0.1806249999999998
2026-08-16 09:12:23.014,17.045,lower,-0.0956250000000003,0.15000000000000013
2026-08-16 09:12:23.024,17.055,lower,0.019375000000000364,0.14874999999999972
2026-08-16 09:12:23.034,17.065,lower,0.06500000000000061,0.1806249999999998
2026-08-16 09:12:23.044,17.075,lower,-0.09375000000000022,0.13000000000000012
2026-08-16 09:12:23.054,17.085,lower,0.07187500000000013,0.17249999999999988
2026-08-16 09:12:23.064,17.095,lower,-0.07187500000000013,0.1518750000000002
2026-08-16 09:12:23.074,17.105,lower,0.03249999999999975,0.15687499999999965
2026-08-16 09:12:23.084,17.115,lower,0.06125000000000047,0.17874999999999974
2026-08-16 09:12:23.094,17.125,lower,-0.10687499999999961,0.13375000000000026
2026-08-16 09:12:23.104,17.135,lower,0.0637500000000002,0.17625000000000002
2026-08-16 09:12:23.114,17.145,lower,-0.09937499999999932,0.14687499999999964
2026-08-16 09:12:23.124,17.155,lower,0.025000000000000577,0.1593750000000005
2026-08-16 09:12:23.134,17.165,lower,0.06500000000000061,0.18000000000000016
2026-08-16 09:12:23.144,17.175,lower,-0.08562500000000028,0.1343749999999999
2026-08-16 09:12:23.154,17.185,lower,0.07187500000000013,0.1793750000000005
2026-08-16 09:12:23.164,17.195,lower,-0.07624999999999993,0.15874999999999972
2026-08-16 09:12:23.174,17.205,lower,0.006249999999999867,0.15874999999999972
2026-08-16 09:12:23.184,17.215,lower,0.056875000000000675,0.18125000000000058
2026-08-16 09:12:23.194,17.225,lower,-0.10624999999999996,0.13375000000000026
2026-08-16 09:12:23.204,17.235,lower,0.0637500000000002,0.17750000000000044
2026-08-16 09:12:23.214,17.245,lower,-0.10437499999999988,0.15375000000000028
2026-08-16 09:12:23.224,17.255,lower,0.025000000000000577,0.16125000000000056
2026-08-16 09:12:23.234,17.265,lower,0.06812499999999999,0.1793750000000005
2026-08-16 09:12:23.244,17.275,lower,-0.08062499999999972,0.12937500000000046
2026-08-16 09:12:23.254,17.285,lower,0.07187500000000013,0.1806249999999998
2026-08-16 09:12:23.264,17.295,lower,-0.08062499999999972,0.1518750000000002
2026-08-16 09:12:23.274,17.305,lower,0.009375000000000355,0.15000000000000013
2026-08-16 09:12:23.284,17.315,lower,0.051875000000000115,0.18249999999999988
2026-08-16 09:12:23.294,17.325,lower,-0.10249999999999981,0.13125000000000053
2026-08-16 09:12:23.304,17.335,lower,0.07062499999999972,0.1837500000000003
2026-08-16 09:12:23.314,17.345,lower,-0.10874999999999968,0.15000000000000013
2026-08-16 09:12:23.324,17.355,lower,0.026249999999999885,0.1518750000000002
2026-08-16 09:12:23.334,17.365,lower,0.06624999999999992,0.17874999999999974
2026-08-16 09:12:23.344,17.375,lower,-0.11624999999999996,0.13000000000000012
2026-08-16 09:12:23.354,17.385,lower,0.07437499999999986,0.1781250000000001
2026-08-16 09:12:23.364,17.395,lower,-0.08437499999999987,0.14500000000000068
2026-08-16 09:12:23.374,17.405,lower,0.016249999999999876,0.15562500000000035
2026-08-16 09:12:23.384,17.415,lower,0.05249999999999977,0.1793750000000005
2026-08-16 09:12:23.394,17.425,lower,-0.09937499999999932,0.13125000000000053
2026-08-16 09:12:23.404,17.435,lower,0.07125000000000048,0.18125000000000058
2026-08-16 09:12:23.414,17.445,lower,-0.06562500000000027,0.14687499999999964
2026-08-16 09:12:23.424,17.455,lower,0.028124999999999956,0.1606249999999998
2026-08-16 09:12:23.434,17.465,lower,0.06687500000000068,0.1806249999999998
2026-08-16 09:12:23.444,17.475,lower,-0.1143749999999999,0.13500000000000068
2026-08-16 09:12:23.454,17.485,lower,0.07312500000000055,0.1806249999999998
2026-08-16 09:12:23.464,17.495,lower,-0.09000000000000008,0.15499999999999958
2026-08-16 09:12:23.474,17.505,lower,0.01687500000000064,0.16000000000000014
2026-08-16 09:12:23.484,17.515,lower,0.06624999999999992,0.1793750000000005
2026-08-16 09:12:23.494,17.525,lower,-0.09624999999999995,0.13125000000000053
2026-08-16 09:12:23.504,17.535,lower,0.06687500000000068,0.1806249999999998
2026-08-16 09:12:23.514,17.545,lower,-0.07312499999999944,0.15375000000000028
2026-08-16 09:12:23.524,17.555,lower,0.02874999999999961,0.15249999999999986
2026-08-16 09:12:23.534,17.565,lower,0.06062499999999971,0.18000000000000016
2026-08-16 09:12:23.544,17.575,lower,-0.1143749999999999,0.13062499999999977
2026-08-16 09:12:23.554,17.585,lower,0.07437499999999986,0.18437499999999996
2026-08-16 09:12:23.564,17.595,lower,-0.09750000000000036,0.14937500000000048
2026-08-16 09:12:23.574,17.605,lower,0.02062499999999967,0.1518750000000002
2026-08-16 09:12:23.584,17.615,lower,0.06812499999999999,0.18000000000000016
2026-08-16 09:12:23.594,17.625,lower,-0.0956250000000003,0.13062499999999977
2026-08-16 09:12:23.604,17.635,lower,0.06562500000000027,0.18000000000000016
2026-08-16 09:12:23.614,17.645,lower,-0.07249999999999979,0.14812500000000006
2026-08-16 09:12:23.624,17.655,lower,0.03249999999999975,0.15437499999999993
2026-08-16 09:12:23.634,17.665,lower,0.058749999999999636,0.18125000000000058
2026-08-16 09:12:23.644,17.675,lower,-0.10812500000000003,0.1343749999999999
2026-08-16 09:12:23.654,17.685,lower,0.06437499999999985,0.18187500000000023
2026-08-16 09:12:23.664,17.695,lower,-0.10062499999999974,0.14687499999999964
2026-08-16 09:12:23.674,17.705,lower,0.020000000000000018,0.16000000000000014
2026-08-16 09:12:23.684,17.715,lower,0.06562500000000027,0.1837500000000003
2026-08-16 09:12:23.694,17.725,lower,-0.09124999999999939,0.1331250000000006
2026-08-16 09:12:23.704,17.735,lower,0.06937500000000041,0.18125000000000058
2026-08-16 09:12:23.714,17.745,lower,-0.08062499999999972,0.15437499999999993
2026-08-16 09:12:23.724,17.755,lower,0.031250000000000444,0.16375000000000028
2026-08-16 09:12:23.734,17.765,lower,0.053750000000000187,0.1781250000000001
2026-08-16 09:12:23.744,17.775,lower,-0.10937499999999933,0.12937500000000046
2026-08-16 09:12:23.754,17.785,lower,0.06437499999999985,0.1806249999999998
2026-08-16 09:12:23.764,17.795,lower,-0.1056250000000003,0.15499999999999958
2026-08-16 09:12:23.774,17.805,lower,0.020000000000000018,0.16125000000000056
2026-08-16 09:12:23.784,17.815,lower,0.06750000000000034,0.1793750000000005
2026-08-16 09:12:23.794,17.825,lower,-0.09062499999999973,0.13062499999999977
2026-08-16 09:12:23.804,17.835,lower,0.07062499999999972,0.18249999999999988
2026-08-16 09:12:23.814,17.845,lower,-0.08375000000000021,0.1475000000000004
2026-08-16 09:12:23.824,17.855,lower,0.005625000000000213,0.15874999999999972
2026-08-16 09:12:23.834,17.865,lower,0.05437499999999984,0.1837500000000003
2026-08-16 09:12:23.844,17.875,lower,-0.10750000000000037,0.1331250000000006
2026-08-16 09:12:23.854,17.885,lower,0.06437499999999985,0.17687499999999967
2026-08-16 09:12:23.864,17.895,lower,-0.10624999999999996,0.15000000000000013
2026-08-16 09:12:23.874,17.905,lower,0.02187500000000009,0.15375000000000028
2026-08-16 09:12:23.884,17.915,lower,0.0637500000000002,0.1806249999999998
2026-08-16 09:12:23.894,17.925,lower,-0.08312499999999945,0.13249999999999984
2026-08-16 09:12:23.904,17.935,lower,0.07000000000000006,0.1749999999999996
2026-08-16 09:12:23.914,17.945,lower,-0.09000000000000008,0.14625
2026-08-16 09:12:23.924,17.955,lower,0.010000000000000009,0.15812500000000007
2026-08-16 09:12:23.934,17.965,lower,0.04874999999999963,0.1837500000000003
2026-08-16 09:12:23.944,17.975,lower,-0.1056250000000003,0.13500000000000068
2026-08-16 09:12:23.954,17.985,lower,0.06500000000000061,0.1806249999999998
2026-08-16 09:12:23.964,17.995,lower,-0.1112499999999994,0.15625
2026-08-16 09:12:23.974,18.005,lower,0.024374999999999813,0.16437499999999994
2026-08-16 09:12:23.984,18.015,lower,0.06312500000000054,0.18000000000000016
2026-08-16 09:12:23.994,18.025,lower,-0.11812500000000004,0.1331250000000006
2026-08-16 09:12:24.004,18.035,lower,0.06874999999999964,0.18125000000000058
2026-08-16 09:12:24.014,18.045,lower,-0.09312499999999946,0.15249999999999986
2026-08-16 09:12:24.024,18.055,lower,0.013750000000000151,0.16125000000000056
2026-08-16 09:12:24.034,18.065,lower,0.04249999999999976,0.18125000000000058
2026-08-16 09:12:24.044,18.075,lower,-0.10187500000000016,0.12937500000000046
2026-08-16 09:12:24.054,18.085,lower,0.06750000000000034,0.18125000000000058
2026-08-16 09:12:24.064,18.095,lower,-0.07249999999999979,0.15125000000000055
2026-08-16 09:12:24.074,18.105,lower,0.027500000000000302,0.15000000000000013
2026-08-16 09:12:24.084,18.115,lower,0.061875000000000124,0.1806249999999998
2026-08-16 09:12:24.094,18.125,lower,-0.11562500000000031,0.13125000000000053
2026-08-16 09:12:24.104,18.135,lower,0.06937500000000041,0.1781250000000001
2026-08-16 09:12:24.114,18.145,lower,-0.09937499999999932,0.14937500000000048
2026-08-16 09:12:24.124,18.155,lower,0.015000000000000568,0.15437499999999993
2026-08-16 09:12:24.134,18.165,lower,0.038124999999999964,0.18000000000000016
2026-08-16 09:12:24.144,18.175,lower,-0.09624999999999995,0.1331250000000006
2026-08-16 09:12:24.154,18.185,lower,0.06812499999999999,0.1781250000000001
2026-08-16 09:12:24.164,18.195,lower,-0.07687499999999958,0.14687499999999964
2026-08-16 09:12:24.174,18.205,lower,0.02874999999999961,0.15687499999999965
2026-08-16 09:12:24.184,18.215,lower,0.058749999999999636,0.18125000000000058
2026-08-16 09:12:24.194,18.225,lower,-0.11874999999999969,0.12812500000000004
2026-08-16 09:12:24.204,18.235,lower,0.06937500000000041,0.1793750000000005
2026-08-16 09:12:24.214,18.245,lower,-0.10375000000000023,0.14125000000000054
2026-08-16 09:12:24.224,18.255,lower,0.018124999999999947,0.15687499999999965
2026-08-16 09:12:24.234,18.265,lower,0.06125000000000047,0.18000000000000016
2026-08-16 09:12:24.244,18.275,lower,-0.09437499999999988,0.1318750000000002
2026-08-16 09:12:24.254,18.285,lower,0.06812499999999999,0.1781250000000001
2026-08-16 09:12:24.264,18.295,lower,-0.08187500000000014,0.15312500000000062
2026-08-16 09:12:24.274,18.305,lower,0.03062499999999968,0.1618750000000002
2026-08-16 09:12:24.284,18.315,lower,0.05437499999999984,0.17687499999999967
2026-08-16 09:12:24.294,18.325,lower,-0.10937499999999933,0.1275000000000004
2026-08-16 09:12:24.304,18.335,lower,0.0637500000000002,0.18187500000000023
2026-08-16 09:12:24.314,18.345,lower,-0.10812500000000003,0.15125000000000055
2026-08-16 09:12:24.324,18.355,lower,0.02062499999999967,0.1506249999999998
2026-08-16 09:12:24.334,18.365,lower,0.06812499999999999,0.18125000000000058
2026-08-16 09:12:24.344,18.375,lower,-0.0924999999999998,0.1243749999999999
2026-08-16 09:12:24.354,18.385,lower,0.06562500000000027,0.18249999999999988
2026-08-16 09:12:24.364,18.395,lower,-0.08312499999999945,0.14874999999999972
2026-08-16 09:12:24.374,18.405,lower,0.030000000000000027,0.15312500000000062
2026-08-16 09:12:24.384,18.415,lower,0.053750000000000187,0.17874999999999974
2026-08-16 09:12:24.394,18.425,lower,-0.10750000000000037,0.13000000000000012
2026-08-16 09:12:24.404,18.435,lower,0.06249999999999978,0.1749999999999996
2026-08-16 09:12:24.414,18.445,lower,-0.10937499999999933,0.14812500000000006
2026-08-16 09:12:24.424,18.455,lower,0.024374999999999813,0.15812500000000007
2026-08-16 09:12:24.434,18.465,lower,0.06562500000000027,0.1806249999999998
2026-08-16 09:12:24.444,18.475,lower,-0.08312499999999945,0.1343749999999999
2026-08-16 09:12:24.454,18.485,lower,0.07437499999999986,0.1781250000000001
2026-08-16 09:12:24.464,18.495,lower,-0.09124999999999939,0.14375000000000027
2026-08-16 09:12:24.474,18.505,lower,0.008749999999999591,0.15750000000000042
2026-08-16 09:12:24.484,18.515,lower,0.04937500000000039,0.17874999999999974
2026-08-16 09:12:24.494,18.525,lower,-0.10499999999999954,0.1275000000000004
2026-08-16 09:12:24.504,18.535,lower,0.06312500000000054,0.1781250000000001
2026-08-16 09:12:24.514,18.545,lower,-0.11375000000000024,0.15375000000000028
2026-08-16 09:12:24.524,18.555,lower,0.02375000000000016,0.15687499999999965
2026-08-16 09:12:24.534,18.565,lower,0.06312500000000054,0.18125000000000058
2026-08-16 09:12:24.544,18.575,lower,-0.12124999999999941,0.12687499999999963
2026-08-16 09:12:24.554,18.585,lower,0.06874999999999964,0.17874999999999974
2026-08-16 09:12:24.564,18.595,lower,-0.09375000000000022,0.15249999999999986
2026-08-16 09:12:24.574,18.605,lower,0.01687500000000064,0.16437499999999994
2026-08-16 09:12:24.584,18.615,lower,0.04562500000000025,0.1806249999999998
2026-08-16 09:12:24.594,18.625,lower,-0.1012499999999994,0.12812500000000004
2026-08-16 09:12:24.604,18.635,lower,0.07000000000000006,0.18187500000000023
2026-08-16 09:12:24.614,18.645,lower,-0.11562500000000031,0.14874999999999972
2026-08-16 09:12:24.624,18.655,lower,0.029375000000000373,0.15000000000000013
2026-08-16 09:12:24.634,18.665,lower,0.0637500000000002,0.17750000000000044
2026-08-16 09:12:24.644,18.675,lower,-0.11187500000000017,0.13062499999999977
2026-08-16 09:12:24.654,18.685,lower,0.07312500000000055,0.17562500000000036
2026-08-16 09:12:24.664,18.695,lower,-0.0968749999999996,0.14687499999999964
2026-08-16 09:12:24.674,18.705,lower,0.020000000000000018,0.15437499999999993
2026-08-16 09:12:24.684,18.715,lower,0.04062499999999969,0.17750000000000044
2026-08-16 09:12:24.694,18.725,lower,-0.0968749999999996,0.1318750000000002
2026-08-16 09:12:24.704,18.735,lower,0.07187500000000013,0.1781250000000001
2026-08-16 09:12:24.714,18.745,lower,-0.07687499999999958,0.14687499999999964
2026-08-16 09:12:24.724,18.755,lower,0.03249999999999975,0.15750000000000042
2026-08-16 09:12:24.734,18.765,lower,0.06062499999999971,0.17874999999999974
2026-08-16 09:12:24.744,18.775,lower,-0.1100000000000001,0.13125000000000053
2026-08-16 09:12:24.754,18.785,lower,0.0737500000000002,0.1737500000000003
2026-08-16 09:12:24.764,18.795,lower,-0.10062499999999974,0.15125000000000055
2026-08-16 09:12:24.774,18.805,lower,0.02187500000000009,0.1593750000000005
2026-08-16 09:12:24.784,18.815,lower,0.06500000000000061,0.17625000000000002
2026-08-16 09:12:24.794,18.825,lower,-0.08750000000000036,0.13375000000000026
2026-08-16 09:12:24.804,18.835,lower,0.07125000000000048,0.17874999999999974
2026-08-16 09:12:24.814,18.845,lower,-0.078125,0.15437499999999993
2026-08-16 09:12:24.824,18.855,lower,0.03562500000000024,0.1606249999999998
2026-08-16 09:12:24.834,18.865,lower,0.0593750000000004,0.17874999999999974
2026-08-16 09:12:24.844,18.875,lower,-0.10874999999999968,0.13000000000000012
2026-08-16 09:12:24.854,18.885,lower,0.07687499999999958,0.17874999999999974
2026-08-16 09:12:24.864,18.895,lower,-0.10249999999999981,0.1506249999999998
2026-08-16 09:12:24.874,18.905,lower,0.021250000000000435,0.15249999999999986
2026-08-16 09:12:24.884,18.915,lower,0.06874999999999964,0.18249999999999988
2026-08-16 09:12:24.894,18.925,lower,-0.08750000000000036,0.13125000000000053
2026-08-16 09:12:24.904,18.935,lower,0.07062499999999972,0.1793750000000005
2026-08-16 09:12:24.914,18.945,lower,-0.07937500000000042,0.14500000000000068
2026-08-16 09:12:24.924,18.955,lower,0.03687500000000066,0.15312500000000062
2026-08-16 09:12:24.934,18.965,lower,0.055000000000000604,0.18000000000000016
2026-08-16 09:12:24.944,18.975,lower,-0.10187500000000016,0.12937500000000046
2026-08-16 09:12:24.954,18.985,lower,0.06874999999999964,0.1781250000000001
2026-08-16 09:12:24.964,18.995,lower,-0.10874999999999968,0.14625
2026-08-16 09:12:24.974,19.005,lower,0.027500000000000302,0.1593750000000005
2026-08-16 09:12:24.984,19.015,lower,0.06687500000000068,0.17687499999999967
2026-08-16 09:12:24.994,19.025,lower,-0.08375000000000021,0.13249999999999984
2026-08-16 09:12:25.004,19.035,lower,0.07687499999999958,0.17874999999999974
2026-08-16 09:12:25.014,19.045,lower,-0.08687499999999959,0.1387499999999997
2026-08-16 09:12:25.024,19.055,lower,0.010000000000000009,0.1593750000000005
2026-08-16 09:12:25.034,19.065,lower,0.05437499999999984,0.17687499999999967
2026-08-16 09:12:25.044,19.075,lower,-0.10375000000000023,0.13000000000000012
2026-08-16 09:12:25.054,19.085,lower,0.06624999999999992,0.17874999999999974
2026-08-16 09:12:25.064,19.095,lower,-0.10812500000000003,0.1506249999999998
2026-08-16 09:12:25.074,19.105,lower,0.029375000000000373,0.1606249999999998
2026-08-16 09:12:25.084,19.115,lower,0.06624999999999992,0.1781250000000001
2026-08-16 09:12:25.094,19.125,lower,-0.07624999999999993,0.13062499999999977
2026-08-16 09:12:25.104,19.135,lower,0.07500000000000062,0.1793750000000005
2026-08-16 09:12:25.114,19.145,lower,-0.0924999999999998,0.1506249999999998
2026-08-16 09:12:25.124,19.155,lower,0.015625000000000222,0.14937500000000048
2026-08-16 09:12:25.134,19.165,lower,0.04874999999999963,0.17874999999999974
2026-08-16 09:12:25.144,19.175,lower,-0.10062499999999974,0.1275000000000004
2026-08-16 09:12:25.154,19.185,lower,0.06874999999999964,0.18249999999999988
2026-08-16 09:12:25.164,19.195,lower,-0.11375000000000024,0.15000000000000013
2026-08-16 09:12:25.174,19.205,lower,0.030000000000000027,0.1518750000000002
2026-08-16 09:12:25.184,19.215,lower,0.06437499999999985,0.17687499999999967
2026-08-16 09:12:25.194,19.225,lower,-0.11812500000000004,0.12812500000000004
2026-08-16 09:12:25.204,19.235,lower,0.07062499999999972,0.17312500000000064
2026-08-16 09:12:25.214,19.245,lower,-0.10000000000000009,0.1431250000000006
2026-08-16 09:12:25.224,19.255,lower,0.01687500000000064,0.15562500000000035
2026-08-16 09:12:25.234,19.265,lower,0.03874999999999962,0.17687499999999967
2026-08-16 09:12:25.244,19.275,lower,-0.09812500000000002,0.1287499999999997
2026-08-16 09:12:25.254,19.285,lower,0.06937500000000041,0.17750000000000044
2026-08-16 09:12:25.264,19.295,lower,-0.07562500000000028,0.13937500000000047
2026-08-16 09:12:25.274,19.305,lower,0.030000000000000027,0.15312500000000062
2026-08-16 09:12:25.284,19.315,lower,0.061875000000000124,0.1806249999999998
2026-08-16 09:12:25.294,19.325,lower,-0.11062499999999975,0.1287499999999997
2026-08-16 09:12:25.304,19.335,lower,0.07437499999999986,0.18000000000000016
2026-08-16 09:12:25.314,19.345,lower,-0.0968749999999996,0.1518750000000002
2026-08-16 09:12:25.324,19.355,lower,0.02062499999999967,0.15750000000000042
2026-08-16 09:12:25.334,19.365,lower,0.03624999999999989,0.1806249999999998
2026-08-16 09:12:25.344,19.375,lower,-0.09000000000000008,0.12812500000000004
2026-08-16 09:12:25.354,19.385,lower,0.07562500000000028,0.18187500000000023
2026-08-16 09:12:25.364,19.395,lower,-0.07874999999999965,0.14937500000000048
2026-08-16 09:12:25.374,19.405,lower,0.03375000000000017,0.16312500000000063
2026-08-16 09:12:25.384,19.415,lower,0.06000000000000005,0.17562500000000036
2026-08-16 09:12:25.394,19.425,lower,-0.1100000000000001,0.1275000000000004
2026-08-16 09:12:25.404,19.435,lower,0.07687499999999958,0.18249999999999988
2026-08-16 09:12:25.414,19.445,lower,-0.10249999999999981,0.14562500000000034
2026-08-16 09:12:25.424,19.455,lower,0.022499999999999742,0.1518750000000002
2026-08-16 09:12:25.434,19.465,lower,0.0637500000000002,0.17874999999999974
2026-08-16 09:12:25.444,19.475,lower,-0.08812500000000001,0.13249999999999984
2026-08-16 09:12:25.454,19.485,lower,0.07249999999999979,0.17687499999999967
2026-08-16 09:12:25.464,19.495,lower,-0.08375000000000021,0.1431250000000006
2026-08-16 09:12:25.474,19.505,lower,0.035000000000000586,0.15812500000000007
2026-08-16 09:12:25.484,19.515,lower,0.055000000000000604,0.17687499999999967
2026-08-16 09:12:25.494,19.525,lower,-0.10812500000000003,0.13125000000000053
2026-08-16 09:12:25.504,19.535,lower,0.07312500000000055,0.1737500000000003
2026-08-16 09:12:25.514,19.545,lower,-0.11249999999999982,0.1418750000000002
2026-08-16 09:12:25.524,19.555,lower,0.024374999999999813,0.15750000000000042
2026-08-16 09:12:25.534,19.565,lower,0.06750000000000034,0.17562500000000036
2026-08-16 09:12:25.544,19.575,lower,-0.08687499999999959,0.12687499999999963
2026-08-16 09:12:25.554,19.585,lower,0.07249999999999979,0.17687499999999967
2026-08-16 09:12:25.564,19.595,lower,-0.08437499999999987,0.15249999999999986
2026-08-16 09:12:25.574,19.605,lower,0.03624999999999989,0.15687499999999965
2026-08-16 09:12:25.584,19.615,lower,0.05437499999999984,0.1793750000000005
2026-08-16 09:12:25.594,19.625,lower,-0.10062499999999974,0.13375000000000026
2026-08-16 09:12:25.604,19.635,lower,0.06500000000000061,0.1793750000000005
2026-08-16 09:12:25.614,19.645,lower,-0.11187500000000017,0.14937500000000048
2026-08-16 09:12:25.624,19.655,lower,0.029375000000000373,0.16312500000000063
2026-08-16 09:12:25.634,19.665,lower,0.06562500000000027,0.17687499999999967
2026-08-16 09:12:25.644,19.675,lower,-0.07874999999999965,0.12687499999999963
2026-08-16 09:12:25.654,19.685,lower,0.07562500000000028,0.18187500000000023
2026-08-16 09:12:25.664,19.695,lower,-0.09062499999999973,0.14562500000000034
2026-08-16 09:12:25.674,19.705,lower,0.012499999999999734,0.1518750000000002
2026-08-16 09:12:25.684,19.715,lower,0.046875000000000666,0.17874999999999974
2026-08-16 09:12:25.694,19.725,lower,-0.1012499999999994,0.13125000000000053
2026-08-16 09:12:25.704,19.735,lower,0.06812499999999999,0.18187500000000023
2026-08-16 09:12:25.714,19.745,lower,-0.11624999999999996,0.1418750000000002
2026-08-16 09:12:25.724,19.755,lower,0.026249999999999885,0.1518750000000002
2026-08-16 09:12:25.734,19.765,lower,0.061875000000000124,0.17562500000000036
2026-08-16 09:12:25.744,19.775,lower,-0.07750000000000035,0.12812500000000004
2026-08-16 09:12:25.754,19.785,lower,0.07249999999999979,0.17187500000000022
2026-08-16 09:12:25.764,19.795,lower,-0.10062499999999974,0.14062499999999978
2026-08-16 09:12:25.774,19.805,lower,0.013125000000000497,0.15812500000000007
2026-08-16 09:12:25.784,19.815,lower,0.040000000000000036,0.1781250000000001
2026-08-16 09:12:25.794,19.825,lower,-0.10000000000000009,0.1318750000000002
2026-08-16 09:12:25.804,19.835,lower,0.06500000000000061,0.1749999999999996
2026-08-16 09:12:25.814,19.845,lower,-0.11874999999999969,0.14062499999999978
2026-08-16 09:12:25.824,19.855,lower,0.02562500000000023,0.1618750000000002
2026-08-16 09:12:25.834,19.865,lower,0.05812499999999998,0.17562500000000036
2026-08-16 09:12:25.844,19.875,lower,-0.11624999999999996,0.13375000000000026
2026-08-16 09:12:25.854,19.885,lower,0.06812499999999999,0.18125000000000058
2026-08-16 09:12:25.864,19.895,lower,-0.10375000000000023,0.1506249999999998
2026-08-16 09:12:25.874,19.905,lower,0.0187499999999996,0.15812500000000007
2026-08-16 09:12:25.884,19.915,lower,0.03375000000000017,0.17687499999999967
2026-08-16 09:12:25.894,19.925,lower,-0.09624999999999995,0.12812500000000004
2026-08-16 09:12:25.904,19.935,lower,0.06812499999999999,0.1793750000000005
2026-08-16 09:12:25.914,19.945,lower,-0.08437499999999987,0.15000000000000013
2026-08-16 09:12:25.924,19.955,lower,0.03062499999999968,0.15249999999999986
2026-08-16 09:12:25.934,19.965,lower,0.05750000000000033,0.18125000000000058
2026-08-16 09:12:25.944,19.975,lower,-0.11624999999999996,0.12687499999999963
2026-08-16 09:12:25.954,19.985,lower,0.07312500000000055,0.1806249999999998
2026-08-16 09:12:25.964,19.995,lower,-0.1056250000000003,0.14687499999999964
2026-08-16 09:12:25.974,20.005,lower,0.018124999999999947,0.15312500000000062
2026-08-16 09:12:25.984,20.015,lower,0.0593750000000004,0.17187500000000022
2026-08-16 09:12:25.994,20.025,lower,-0.09437499999999988,0.12812500000000004
2026-08-16 09:12:26.004,20.035,lower,0.06812499999999999,0.1781250000000001
2026-08-16 09:12:26.014,20.045,lower,-0.08624999999999994,0.14125000000000054
2026-08-16 09:12:26.024,20.055,lower,0.030000000000000027,0.15249999999999986
2026-08-16 09:12:26.034,20.065,lower,0.0506249999999997,0.17687499999999967
2026-08-16 09:12:26.044,20.075,lower,-0.11249999999999982,0.13000000000000012
2026-08-16 09:12:26.054,20.085,lower,0.06937500000000041,0.1781250000000001
2026-08-16 09:12:26.064,20.095,lower,-0.11249999999999982,0.1387499999999997
2026-08-16 09:12:26.074,20.105,lower,0.02062499999999967,0.15812500000000007
2026-08-16 09:12:26.084,20.115,lower,0.06437499999999985,0.17687499999999967
2026-08-16 09:12:26.094,20.125,lower,-0.09062499999999973,0.13125000000000053
2026-08-16 09:12:26.104,20.135,lower,0.06937500000000041,0.18000000000000016
2026-08-16 09:12:26.114,20.145,lower,-0.09187500000000015,0.14812500000000006
2026-08-16 09:12:26.124,20.155,lower,0.03249999999999975,0.16125000000000056
2026-08-16 09:12:26.134,20.165,lower,0.04937500000000039,0.1793750000000005
2026-08-16 09:12:26.144,20.175,lower,-0.10687499999999961,0.12624999999999997
2026-08-16 09:12:26.154,20.185,lower,0.061875000000000124,0.17874999999999974
2026-08-16 09:12:26.164,20.195,lower,-0.11624999999999996,0.14562500000000034
2026-08-16 09:12:26.174,20.205,lower,0.02375000000000016,0.16375000000000028
2026-08-16 09:12:26.184,20.215,lower,0.061875000000000124,0.17312500000000064
2026-08-16 09:12:26.194,20.225,lower,-0.08437499999999987,0.13000000000000012
2026-08-16 09:12:26.204,20.235,lower,0.07125000000000048,0.18187500000000023
2026-08-16 09:12:26.214,20.245,lower,-0.09437499999999988,0.14812500000000006
2026-08-16 09:12:26.224,20.255,lower,0.0318750000000001,0.15000000000000013
2026-08-16 09:12:26.234,20.265,lower,0.04187500000000011,0.17687499999999967
2026-08-16 09:12:26.244,20.275,lower,-0.10687499999999961,0.13000000000000012
2026-08-16 09:12:26.254,20.285,lower,0.0637500000000002,0.1749999999999996
2026-08-16 09:12:26.264,20.295,lower,-0.1200000000000001,0.14500000000000068
2026-08-16 09:12:26.274,20.305,lower,0.02687500000000065,0.15249999999999986
2026-08-16 09:12:26.284,20.315,lower,0.06000000000000005,0.1737500000000003
2026-08-16 09:12:26.294,20.325,lower,-0.07874999999999965,0.13062499999999977
2026-08-16 09:12:26.304,20.335,lower,0.06874999999999964,0.17874999999999974
2026-08-16 09:12:26.314,20.345,lower,-0.10062499999999974,0.14000000000000012
2026-08-16 09:12:26.324,20.355,lower,0.01187500000000008,0.15625
2026-08-16 09:12:26.334,20.365,lower,0.040000000000000036,0.1806249999999998
2026-08-16 09:12:26.344,20.375,lower,-0.10249999999999981,0.1343749999999999
2026-08-16 09:12:26.354,20.385,lower,0.06687500000000068,0.18125000000000058
2026-08-16 09:12:26.364,20.395,lower,-0.12062499999999976,0.14687499999999964
2026-08-16 09:12:26.374,20.405,lower,0.027500000000000302,0.16000000000000014
2026-08-16 09:12:26.384,20.415,lower,0.0593750000000004,0.18125000000000058
2026-08-16 09:12:26.394,20.425,lower,-0.07499999999999951,0.13375000000000026
2026-08-16 09:12:26.404,20.435,lower,0.06937500000000041,0.1806249999999998
2026-08-16 09:12:26.414,20.445,lower,-0.10624999999999996,0.14812500000000006
2026-08-16 09:12:26.424,20.455,lower,0.015000000000000568,0.1649999999999996
2026-08-16 09:12:26.434,20.465,lower,0.03624999999999989,0.17874999999999974
2026-08-16 09:12:26.444,20.475,lower,-0.0968749999999996,0.1287499999999997
2026-08-16 09:12:26.454,20.485,lower,0.07062499999999972,0.18187500000000023
2026-08-16 09:12:26.464,20.495,lower,-0.12812500000000004,0.14562500000000034
2026-08-16 09:12:26.474,20.505,lower,0.028124999999999956,0.15375000000000028
2026-08-16 09:12:26.484,20.515,lower,0.05562500000000026,0.17437499999999995
2026-08-16 09:12:26.494,20.525,lower,-0.11562500000000031,0.13000000000000012
2026-08-16 09:12:26.504,20.535,lower,0.06687500000000068,0.1806249999999998
2026-08-16 09:12:26.514,20.545,lower,-0.1100000000000001,0.14500000000000068
2026-08-16 09:12:26.524,20.555,lower,0.019375000000000364,0.15750000000000042
2026-08-16 09:12:26.534,20.565,lower,0.026249999999999885,0.17687499999999967
2026-08-16 09:12:26.544,20.575,lower,-0.09375000000000022,0.13125000000000053
2026-08-16 09:12:26.554,20.585,lower,0.07062499999999972,0.17874999999999974
2026-08-16 09:12:26.564,20.595,lower,-0.08750000000000036,0.14375000000000027
2026-08-16 09:12:26.574,20.605,lower,0.03624999999999989,0.1606249999999998
2026-08-16 09:12:26.584,20.615,lower,0.051875000000000115,0.1793750000000005
2026-08-16 09:12:26.594,20.625,lower,-0.1143749999999999,0.13249999999999984
2026-08-16 09:12:26.604,20.635,lower,0.07437499999999986,0.17625000000000002
2026-08-16 09:12:26.614,20.645,lower,-0.1100000000000001,0.1418750000000002
2026-08-16 09:12:26.624,20.655,lower,0.021250000000000435,0.16125000000000056
2026-08-16 09:12:26.634,20.665,lower,0.026249999999999885,0.17687499999999967
2026-08-16 09:12:26.644,20.675,lower,-0.08812500000000001,0.13375000000000026
2026-08-16 09:12:26.654,20.685,lower,0.07000000000000006,0.18125000000000058
2026-08-16 09:12:26.664,20.695,lower,-0.08874999999999966,0.1506249999999998
2026-08-16 09:12:26.674,20.705,lower,0.03437499999999982,0.16562500000000036
2026-08-16 09:12:26.684,20.715,lower,0.050000000000000044,0.18125000000000058
2026-08-16 09:12:26.694,20.725,lower,-0.10937499999999933,0.13000000000000012
2026-08-16 09:12:26.704,20.735,lower,0.07187500000000013,0.18249999999999988
2026-08-16 09:12:26.714,20.745,lower,-0.11375000000000024,0.14562500000000034
2026-08-16 09:12:26.724,20.755,lower,0.023125000000000506,0.1649999999999996
2026-08-16 09:12:26.734,20.765,lower,0.06437499999999985,0.1781250000000001
2026-08-16 09:12:26.744,20.775,lower,-0.08750000000000036,0.12687499999999963
2026-08-16 09:12:26.754,20.785,lower,0.06874999999999964,0.17625000000000002
2026-08-16 09:12:26.764,20.795,lower,-0.0924999999999998,0.14375000000000027
2026-08-16 09:12:26.774,20.805,lower,0.033125000000000515,0.15375000000000028
2026-08-16 09:12:26.784,20.815,lower,0.046875000000000666,0.17625000000000002
2026-08-16 09:12:26.794,20.825,lower,-0.10750000000000037,0.12812500000000004
2026-08-16 09:12:26.804,20.835,lower,0.06874999999999964,0.1793750000000005
2026-08-16 09:12:26.814,20.845,lower,-0.11750000000000038,0.14500000000000068
2026-08-16 09:12:26.824,20.855,lower,0.027500000000000302,0.15874999999999972
2026-08-16 09:12:26.834,20.865,lower,0.06500000000000061,0.1781250000000001
2026-08-16 09:12:26.844,20.875,lower,-0.08000000000000007,0.13375000000000026
2026-08-16 09:12:26.854,20.885,lower,0.07249999999999979,0.1806249999999998
2026-08-16 09:12:26.864,20.895,lower,-0.0956250000000003,0.14062499999999978
2026-08-16 09:12:26.874,20.905,lower,0.03874999999999962,0.16125000000000056
2026-08-16 09:12:26.884,20.915,lower,0.045000000000000595,0.1781250000000001
2026-08-16 09:12:26.894,20.925,lower,-0.10062499999999974,0.1331250000000006
2026-08-16 09:12:26.904,20.935,lower,0.06937500000000041,0.1806249999999998
2026-08-16 09:12:26.914,20.945,lower,-0.11624999999999996,0.1506249999999998
2026-08-16 09:12:26.924,20.955,lower,0.030000000000000027,0.1618750000000002
2026-08-16 09:12:26.934,20.965,lower,0.06249999999999978,0.1806249999999998
2026-08-16 09:12:26.944,20.975,lower,-0.07437499999999986,0.13000000000000012
2026-08-16 09:12:26.954,20.985,lower,0.07312500000000055,0.18562500000000037
2026-08-16 09:12:26.964,20.995,lower,-0.10062499999999974,0.14937500000000048
2026-08-16 09:12:26.974,21.005,lower,0.015000000000000568,0.16125000000000056
2026-08-16 09:12:26.984,21.015,lower,0.03750000000000031,0.17750000000000044
2026-08-16 09:12:26.994,21.025,lower,-0.09812500000000002,0.13125000000000053
2026-08-16 09:12:27.004,21.035,lower,0.06937500000000041,0.18187500000000023
2026-08-16 09:12:27.014,21.045,lower,-0.12375000000000025,0.14500000000000068
2026-08-16 09:12:27.024,21.055,lower,0.02687500000000065,0.14937500000000048
2026-08-16 09:12:27.034,21.065,lower,0.05750000000000033,0.17687499999999967
2026-08-16 09:12:27.044,21.075,lower,-0.11624999999999996,0.12624999999999997
2026-08-16 09:12:27.054,21.085,lower,0.07312500000000055,0.1737500000000003
2026-08-16 09:12:27.064,21.095,lower,-0.10499999999999954,0.14375000000000027
2026-08-16 09:12:27.074,21.105,lower,0.02375000000000016,0.15625
2026-08-16 09:12:27.084,21.115,lower,0.033125000000000515,0.1737500000000003
2026-08-16 09:12:27.094,21.125,lower,-0.09124999999999939,0.12937500000000046
2026-08-16 09:12:27.104,21.135,lower,0.07249999999999979,0.1781250000000001
2026-08-16 09:12:27.114,21.145,lower,-0.12562500000000032,0.14000000000000012
2026-08-16 09:12:27.124,21.155,lower,0.03249999999999975,0.1606249999999998
2026-08-16 09:12:27.134,21.165,lower,0.0593750000000004,0.1781250000000001
2026-08-16 09:12:27.144,21.175,lower,-0.11249999999999982,0.1331250000000006
2026-08-16 09:12:27.154,21.185,lower,0.07500000000000062,0.1793750000000005
2026-08-16 09:12:27.164,21.195,lower,-0.10624999999999996,0.14874999999999972
2026-08-16 09:12:27.174,21.205,lower,0.021250000000000435,0.15812500000000007
2026-08-16 09:12:27.184,21.215,lower,0.02687500000000065,0.17562500000000036
2026-08-16 09:12:27.194,21.225,lower,-0.08687499999999959,0.13062499999999977
2026-08-16 09:12:27.204,21.235,lower,0.07187500000000013,0.1781250000000001
2026-08-16 09:12:27.214,21.245,lower,-0.09000000000000008,0.14375000000000027
2026-08-16 09:12:27.224,21.255,lower,0.03249999999999975,0.15750000000000042
2026-08-16 09:12:27.234,21.265,lower,0.05249999999999977,0.1793750000000005
2026-08-16 09:12:27.244,21.275,lower,-0.1112499999999994,0.13000000000000012
2026-08-16 09:12:27.254,21.285,lower,0.07249999999999979,0.17874999999999974
2026-08-16 09:12:27.264,21.295,lower,-0.11187500000000017,0.14625
2026-08-16 09:12:27.274,21.305,lower,0.022499999999999742,0.14687499999999964
2026-08-16 09:12:27.284,21.315,lower,0.024374999999999813,0.17625000000000002
2026-08-16 09:12:27.294,21.325,lower,-0.08499999999999952,0.12687499999999963
2026-08-16 09:12:27.304,21.335,lower,0.07437499999999986,0.18125000000000058
2026-08-16 09:12:27.314,21.345,lower,-0.08812500000000001,0.14249999999999985
2026-08-16 09:12:27.324,21.355,lower,0.038124999999999964,0.15375000000000028
2026-08-16 09:12:27.334,21.365,lower,0.050000000000000044,0.17562500000000036
2026-08-16 09:12:27.344,21.375,lower,-0.10375000000000023,0.1318750000000002
2026-08-16 09:12:27.354,21.385,lower,0.07562500000000028,0.17750000000000044
2026-08-16 09:12:27.364,21.395,lower,-0.1143749999999999,0.13937500000000047
2026-08-16 09:12:27.374,21.405,lower,0.027500000000000302,0.16000000000000014
2026-08-16 09:12:27.384,21.415,lower,0.06687500000000068,0.17687499999999967
2026-08-16 09:12:27.394,21.425,lower,-0.08124999999999938,0.13125000000000053
2026-08-16 09:12:27.404,21.435,lower,0.07500000000000062,0.1781250000000001
2026-08-16 09:12:27.414,21.445,lower,-0.09437499999999988,0.13937500000000047
2026-08-16 09:12:27.424,21.455,lower,0.040000000000000036,0.15874999999999972
2026-08-16 09:12:27.434,21.465,lower,0.046875000000000666,0.17874999999999974
2026-08-16 09:12:27.444,21.475,lower,-0.10000000000000009,0.13249999999999984
2026-08-16 09:12:27.454,21.485,lower,0.06874999999999964,0.1806249999999998
2026-08-16 09:12:27.464,21.495,lower,-0.11937499999999934,0.14687499999999964
2026-08-16 09:12:27.474,21.505,lower,0.03249999999999975,0.16437499999999994
2026-08-16 09:12:27.484,21.515,lower,0.06437499999999985,0.17437499999999995
2026-08-16 09:12:27.494,21.525,lower,-0.07750000000000035,0.12624999999999997
2026-08-16 09:12:27.504,21.535,lower,0.07562500000000028,0.18000000000000016
2026-08-16 09:12:27.514,21.545,lower,-0.09937499999999932,0.14437499999999992
2026-08-16 09:12:27.524,21.555,lower,0.040000000000000036,0.1618750000000002
2026-08-16 09:12:27.534,21.565,lower,0.04375000000000018,0.17312500000000064
2026-08-16 09:12:27.544,21.575,lower,-0.09937499999999932,0.1275000000000004
2026-08-16 09:12:27.554,21.585,lower,0.06874999999999964,0.18249999999999988
2026-08-16 09:12:27.564,21.595,lower,-0.11624999999999996,0.1431250000000006
2026-08-16 09:12:27.574,21.605,lower,0.0318750000000001,0.15625
2026-08-16 09:12:27.584,21.615,lower,0.06000000000000005,0.1749999999999996
2026-08-16 09:12:27.594,21.625,lower,-0.07062499999999972,0.13125000000000053
2026-08-16 09:12:27.604,21.635,lower,0.07000000000000006,0.1749999999999996
2026-08-16 09:12:27.614,21.645,lower,-0.11312499999999948,0.14000000000000012
2026-08-16 09:12:27.624,21.655,lower,0.018124999999999947,0.15375000000000028
2026-08-16 09:12:27.634,21.665,lower,0.030000000000000027,0.17562500000000036
2026-08-16 09:12:27.644,21.675,lower,-0.09812500000000002,0.12812500000000004
2026-08-16 09:12:27.654,21.685,lower,0.07000000000000006,0.17562500000000036
2026-08-16 09:12:27.664,21.695,lower,-0.12812500000000004,0.13500000000000068
2026-08-16 09:12:27.674,21.705,lower,0.028124999999999956,0.15249999999999986
2026-08-16 09:12:27.684,21.715,lower,0.06000000000000005,0.17874999999999974
2026-08-16 09:12:27.694,21.725,lower,-0.11312499999999948,0.1275000000000004
2026-08-16 09:12:27.704,21.735,lower,0.07187500000000013,0.17874999999999974
2026-08-16 09:12:27.714,21.745,lower,-0.10499999999999954,0.14812500000000006
2026-08-16 09:12:27.724,21.755,lower,0.02062499999999967,0.1593750000000005
2026-08-16 09:12:27.734,21.765,lower,0.02562500000000023,0.17874999999999974
2026-08-16 09:12:27.744,21.775,lower,-0.09124999999999939,0.12687499999999963
2026-08-16 09:12:27.754,21.785,lower,0.07000000000000006,0.17687499999999967
2026-08-16 09:12:27.764,21.795,lower,-0.13000000000000012,0.14562500000000034
2026-08-16 09:12:27.774,21.805,lower,0.03437499999999982,0.16437499999999994
2026-08-16 09:12:27.784,21.815,lower,0.0506249999999997,0.17437499999999995
2026-08-16 09:12:27.794,21.825,lower,-0.1143749999999999,0.1243749999999999
2026-08-16 09:12:27.804,21.835,lower,0.07500000000000062,0.1806249999999998
2026-08-16 09:12:27.814,21.845,lower,-0.11562500000000031,0.14062499999999978
2026-08-16 09:12:27.824,21.855,lower,0.021250000000000435,0.15312500000000062
2026-08-16 09:12:27.834,21.865,lower,0.06125000000000047,0.17312500000000064
2026-08-16 09:12:27.844,21.875,lower,-0.09062499999999973,0.1275000000000004
2026-08-16 09:12:27.854,21.885,lower,0.06874999999999964,0.17437499999999995
2026-08-16 09:12:27.864,21.895,lower,-0.0956250000000003,0.1375000000000004
2026-08-16 09:12:27.874,21.905,lower,0.033125000000000515,0.15812500000000007
2026-08-16 09:12:27.884,21.915,lower,0.04812499999999997,0.1693750000000005
2026-08-16 09:12:27.894,21.925,lower,-0.1100000000000001,0.12937500000000046
2026-08-16 09:12:27.904,21.935,lower,0.07125000000000048,0.17750000000000044
2026-08-16 09:12:27.914,21.945,lower,-0.11750000000000038,0.13687499999999964
2026-08-16 09:12:27.924,21.955,lower,0.02375000000000016,0.15874999999999972
2026-08-16 09:12:27.934,21.965,lower,0.061875000000000124,0.1749999999999996
2026-08-16 09:12:27.944,21.975,lower,-0.08499999999999952,0.1318750000000002
2026-08-16 09:12:27.954,21.985,lower,0.07125000000000048,0.1781250000000001
2026-08-16 09:12:27.964,21.995,lower,-0.0968749999999996,0.14625
2026-08-16 09:12:27.974,22.005,lower,0.031250000000000444,0.15687499999999965
2026-08-16 09:12:27.984,22.015,lower,0.04375000000000018,0.17000000000000015
2026-08-16 09:12:27.994,22.025,lower,-0.10624999999999996,0.13000000000000012
2026-08-16 09:12:28.004,22.035,lower,0.06874999999999964,0.17687499999999967
2026-08-16 09:12:28.014,22.045,lower,-0.12249999999999983,0.14375000000000027
2026-08-16 09:12:28.024,22.055,lower,0.026249999999999885,0.16000000000000014
2026-08-16 09:12:28.034,22.065,lower,0.05437499999999984,0.17437499999999995
2026-08-16 09:12:28.044,22.075,lower,-0.08000000000000007,0.12562500000000032
2026-08-16 09:12:28.054,22.085,lower,0.07062499999999972,0.1793750000000005
2026-08-16 09:12:28.064,22.095,lower,-0.1056250000000003,0.14375000000000027
2026-08-16 09:12:28.074,22.105,lower,0.03562500000000024,0.15312500000000062
2026-08-16 09:12:28.084,22.115,lower,0.03874999999999962,0.17625000000000002
2026-08-16 09:12:28.094,22.125,lower,-0.10499999999999954,0.12812500000000004
2026-08-16 09:12:28.104,22.135,lower,0.06500000000000061,0.18187500000000023
2026-08-16 09:12:28.114,22.145,lower,-0.1243749999999999,0.1431250000000006
2026-08-16 09:12:28.124,22.155,lower,0.023125000000000506,0.15625
2026-08-16 09:12:28.134,22.165,lower,0.056875000000000675,0.17562500000000036
2026-08-16 09:12:28.144,22.175,lower,-0.07562500000000028,0.12624999999999997
2026-08-16 09:12:28.154,22.185,lower,0.06750000000000034,0.17687499999999967
2026-08-16 09:12:28.164,22.195,lower,-0.10812500000000003,0.13687499999999964
2026-08-16 09:12:28.174,22.205,lower,0.013125000000000497,0.15562500000000035
2026-08-16 09:12:28.184,22.215,lower,0.028124999999999956,0.17437499999999995
2026-08-16 09:12:28.194,22.225,lower,-0.10375000000000023,0.12687499999999963
2026-08-16 09:12:28.204,22.235,lower,0.06687500000000068,0.1781250000000001
2026-08-16 09:12:28.214,22.245,lower,-0.13375000000000026,0.1343749999999999
2026-08-16 09:12:28.224,22.255,lower,0.024374999999999813,0.15874999999999972
2026-08-16 09:12:28.234,22.265,lower,0.05249999999999977,0.17312500000000064
2026-08-16 09:12:28.244,22.275,lower,-0.078125,0.13125000000000053
2026-08-16 09:12:28.254,22.285,lower,0.06562500000000027,0.18125000000000058
2026-08-16 09:12:28.264,22.295,lower,-0.11312499999999948,0.14562500000000034
2026-08-16 09:12:28.274,22.305,lower,0.01187500000000008,0.16000000000000014
2026-08-16 09:12:28.284,22.315,lower,0.025000000000000577,0.17249999999999988
2026-08-16 09:12:28.294,22.325,lower,-0.0968749999999996,0.12624999999999997
2026-08-16 09:12:28.304,22.335,lower,0.06687500000000068,0.1806249999999998
2026-08-16 09:12:28.314,22.345,lower,-0.13000000000000012,0.1431250000000006
2026-08-16 09:12:28.324,22.355,lower,0.0318750000000001,0.15249999999999986
2026-08-16 09:12:28.334,22.365,lower,0.04937500000000039,0.17625000000000002
2026-08-16 09:12:28.344,22.375,lower,-0.11874999999999969,0.12937500000000046
2026-08-16 09:12:28.354,22.385,lower,0.07125000000000048,0.17874999999999974
2026-08-16 09:12:28.364,22.395,lower,-0.11562500000000031,0.14500000000000068
2026-08-16 09:12:28.374,22.405,lower,0.01687500000000064,0.15375000000000028
2026-08-16 09:12:28.384,22.415,lower,0.02187500000000009,0.17312500000000064
2026-08-16 09:12:28.394,22.425,lower,-0.09750000000000036,0.13125000000000053
2026-08-16 09:12:28.404,22.435,lower,0.06687500000000068,0.1749999999999996
2026-08-16 09:12:28.414,22.445,lower,-0.13375000000000026,0.14249999999999985
2026-08-16 09:12:28.424,22.455,lower,0.03062499999999968,0.15812500000000007
2026-08-16 09:12:28.434,22.465,lower,0.04750000000000032,0.17687499999999967
2026-08-16 09:12:28.444,22.475,lower,-0.1112499999999994,0.13000000000000012
2026-08-16 09:12:28.454,22.485,lower,0.07125000000000048,0.17125000000000057
2026-08-16 09:12:28.464,22.495,lower,-0.11937499999999934,0.13562500000000033
2026-08-16 09:12:28.474,22.505,lower,0.022499999999999742,0.15812500000000007
2026-08-16 09:12:28.484,22.515,lower,0.013125000000000497,0.1749999999999996
2026-08-16 09:12:28.494,22.525,lower,-0.08874999999999966,0.1287499999999997
2026-08-16 09:12:28.504,22.535,lower,0.06812499999999999,0.18000000000000016
2026-08-16 09:12:28.514,22.545,lower,-0.10437499999999988,0.14687499999999964
2026-08-16 09:12:28.524,22.555,lower,0.031250000000000444,0.16125000000000056
2026-08-16 09:12:28.534,22.565,lower,0.043125000000000524,0.17437499999999995
2026-08-16 09:12:28.544,22.575,lower,-0.11375000000000024,0.1231250000000006
2026-08-16 09:12:28.554,22.585,lower,0.07000000000000006,0.1806249999999998
2026-08-16 09:12:28.564,22.595,lower,-0.12312499999999948,0.1418750000000002
2026-08-16 09:12:28.574,22.605,lower,0.02062499999999967,0.16312500000000063
2026-08-16 09:12:28.584,22.615,lower,0.058749999999999636,0.17687499999999967
2026-08-16 09:12:28.594,22.625,lower,-0.08499999999999952,0.12687499999999963
2026-08-16 09:12:28.604,22.635,lower,0.06812499999999999,0.18000000000000016
2026-08-16 09:12:28.614,22.645,lower,-0.10437499999999988,0.14375000000000027
2026-08-16 09:12:28.624,22.655,lower,0.030000000000000027,0.15000000000000013
2026-08-16 09:12:28.634,22.665,lower,0.03874999999999962,0.17437499999999995
2026-08-16 09:12:28.644,22.675,lower,-0.10937499999999933,0.1287499999999997
2026-08-16 09:12:28.654,22.685,lower,0.07125000000000048,0.17687499999999967
2026-08-16 09:12:28.664,22.695,lower,-0.12312499999999948,0.14000000000000012
2026-08-16 09:12:28.674,22.705,lower,0.022499999999999742,0.15375000000000028
2026-08-16 09:12:28.684,22.715,lower,0.05437499999999984,0.17249999999999988
2026-08-16 09:12:28.694,22.725,lower,-0.08187500000000014,0.1275000000000004
2026-08-16 09:12:28.704,22.735,lower,0.06687500000000068,0.17874999999999974
2026-08-16 09:12:28.714,22.745,lower,-0.10624999999999996,0.14062499999999978
2026-08-16 09:12:28.724,22.755,lower,0.03687500000000066,0.16000000000000014
2026-08-16 09:12:28.734,22.765,lower,0.031250000000000444,0.17312500000000064
2026-08-16 09:12:28.744,22.775,lower,-0.10624999999999996,0.13062499999999977
2026-08-16 09:12:28.754,22.785,lower,0.06312500000000054,0.1781250000000001
2026-08-16 09:12:28.764,22.795,lower,-0.13375000000000026,0.14625
2026-08-16 09:12:28.774,22.805,lower,0.02562500000000023,0.1593750000000005
2026-08-16 09:12:28.784,22.815,lower,0.05437499999999984,0.1737500000000003
2026-08-16 09:12:28.794,22.825,lower,-0.078125,0.1287499999999997
2026-08-16 09:12:28.804,22.835,lower,0.07125000000000048,0.18125000000000058
2026-08-16 09:12:28.814,22.845,lower,-0.10812500000000003,0.14437499999999992
2026-08-16 09:12:28.824,22.855,lower,0.015000000000000568,0.16125000000000056
2026-08-16 09:12:28.834,22.865,lower,0.033125000000000515,0.17437499999999995
2026-08-16 09:12:28.844,22.875,lower,-0.09437499999999988,0.13062499999999977
2026-08-16 09:12:28.854,22.885,lower,0.06437499999999985,0.1806249999999998
2026-08-16 09:12:28.864,22.895,lower,-0.12624999999999997,0.14437499999999992
2026-08-16 09:12:28.874,22.905,lower,0.0318750000000001,0.15249999999999986
2026-08-16 09:12:28.884,22.915,lower,0.04937500000000039,0.17625000000000002
2026-08-16 09:12:28.894,22.925,lower,-0.06937500000000041,0.13125000000000053
2026-08-16 09:12:28.904,22.935,lower,0.07312500000000055,0.18187500000000023
2026-08-16 09:12:28.914,22.945,lower,-0.11624999999999996,0.14125000000000054
2026-08-16 09:12:28.924,22.955,lower,0.0187499999999996,0.15125000000000055
2026-08-16 09:12:28.934,22.965,lower,0.02562500000000023,0.17687499999999967
2026-08-16 09:12:28.944,22.975,lower,-0.09624999999999995,0.13000000000000012
2026-08-16 09:12:28.954,22.985,lower,0.06937500000000041,0.1737500000000003
2026-08-16 09:12:28.964,22.995,lower,-0.1287499999999997,0.13812500000000005
2026-08-16 09:12:28.974,23.005,lower,0.03437499999999982,0.1593750000000005
2026-08-16 09:12:28.984,23.015,lower,0.05437499999999984,0.17750000000000044
2026-08-16 09:12:28.994,23.025,lower,-0.1143749999999999,0.13125000000000053
2026-08-16 09:12:29.004,23.035,lower,0.06937500000000041,0.18125000000000058
2026-08-16 09:12:29.014,23.045,lower,-0.11375000000000024,0.1343749999999999
2026-08-16 09:12:29.024,23.055,lower,0.023125000000000506,0.1606249999999998
2026-08-16 09:12:29.034,23.065,lower,0.019375000000000364,0.17625000000000002
2026-08-16 09:12:29.044,23.075,lower,-0.08812500000000001,0.13125000000000053
2026-08-16 09:12:29.054,23.085,lower,0.0737500000000002,0.18187500000000023
2026-08-16 09:12:29.064,23.095,lower,-0.0968749999999996,0.14562500000000034
2026-08-16 09:12:29.074,23.105,lower,0.03687500000000066,0.1618750000000002
2026-08-16 09:12:29.084,23.115,lower,0.050000000000000044,0.17750000000000044
2026-08-16 09:12:29.094,23.125,lower,-0.11062499999999975,0.12937500000000046
2026-08-16 09:12:29.104,23.135,lower,0.07437499999999986,0.18000000000000016
2026-08-16 09:12:29.114,23.145,lower,-0.11937499999999934,0.14562500000000034
2026-08-16 09:12:29.124,23.155,lower,0.02187500000000009,0.16562500000000036
2026-08-16 09:12:29.134,23.165,lower,0.01687500000000064,0.17750000000000044
2026-08-16 09:12:29.144,23.175,lower,-0.08312499999999945,0.13062499999999977
2026-08-16 09:12:29.154,23.185,lower,0.07249999999999979,0.18312500000000065
2026-08-16 09:12:29.164,23.195,lower,-0.09624999999999995,0.14062499999999978
2026-08-16 09:12:29.174,23.205,lower,0.03687500000000066,0.15499999999999958
2026-08-16 09:12:29.184,23.215,lower,0.04562500000000025,0.17312500000000064
2026-08-16 09:12:29.194,23.225,lower,-0.10812500000000003,0.12812500000000004
2026-08-16 09:12:29.204,23.235,lower,0.07312500000000055,0.17249999999999988
2026-08-16 09:12:29.214,23.245,lower,-0.12249999999999983,0.1387499999999997
2026-08-16 09:12:29.224,23.255,lower,0.025000000000000577,0.15625
2026-08-16 09:12:29.234,23.265,lower,0.05750000000000033,0.17750000000000044
2026-08-16 09:12:29.244,23.275,lower,-0.08124999999999938,0.13062499999999977
2026-08-16 09:12:29.254,23.285,lower,0.07187500000000013,0.17750000000000044
2026-08-16 09:12:29.264,23.295,lower,-0.10375000000000023,0.13624999999999998
2026-08-16 09:12:29.274,23.305,lower,0.03562500000000024,0.15812500000000007
2026-08-16 09:12:29.284,23.315,lower,0.03937500000000038,0.17687499999999967
2026-08-16 09:12:29.294,23.325,lower,-0.10437499999999988,0.13062499999999977
2026-08-16 09:12:29.304,23.335,lower,0.06937500000000041,0.18249999999999988
2026-08-16 09:12:29.314,23.345,lower,-0.12562500000000032,0.14874999999999972
2026-08-16 09:12:29.324,23.355,lower,0.024374999999999813,0.16312500000000063
2026-08-16 09:12:29.334,23.365,lower,0.06000000000000005,0.17562500000000036
2026-08-16 09:12:29.344,23.375,lower,-0.08124999999999938,0.12375000000000025
2026-08-16 09:12:29.354,23.385,lower,0.0737500000000002,0.18312500000000065
2026-08-16 09:12:29.364,23.395,lower,-0.10624999999999996,0.14249999999999985
2026-08-16 09:12:29.374,23.405,lower,0.03437499999999982,0.16562500000000036
2026-08-16 09:12:29.384,23.415,lower,0.035000000000000586,0.17437499999999995
2026-08-16 09:12:29.394,23.425,lower,-0.09874999999999967,0.1275000000000004
2026-08-16 09:12:29.404,23.435,lower,0.06687500000000068,0.18187500000000023
2026-08-16 09:12:29.414,23.445,lower,-0.12624999999999997,0.14062499999999978
2026-08-16 09:12:29.424,23.455,lower,0.0318750000000001,0.15375000000000028
2026-08-16 09:12:29.434,23.465,lower,0.05312500000000053,0.17187500000000022
2026-08-16 09:12:29.444,23.475,lower,-0.07312499999999944,0.1287499999999997
2026-08-16 09:12:29.454,23.485,lower,0.07500000000000062,0.17750000000000044
2026-08-16 09:12:29.464,23.495,lower,-0.1112499999999994,0.14000000000000012
2026-08-16 09:12:29.474,23.505,lower,0.016249999999999876,0.15750000000000042
2026-08-16 09:12:29.484,23.515,lower,0.029375000000000373,0.17249999999999988
2026-08-16 09:12:29.494,23.525,lower,-0.09624999999999995,0.13000000000000012
2026-08-16 09:12:29.504,23.535,lower,0.06937500000000041,0.17687499999999967
2026-08-16 09:12:29.514,23.545,lower,-0.1275000000000004,0.13812500000000005
2026-08-16 09:12:29.524,23.555,lower,0.033125000000000515,0.1606249999999998
2026-08-16 09:12:29.534,23.565,lower,0.056875000000000675,0.17687499999999967
2026-08-16 09:12:29.544,23.575,lower,-0.06624999999999992,0.12937500000000046
2026-08-16 09:12:29.554,23.585,lower,0.0737500000000002,0.1781250000000001
2026-08-16 09:12:29.564,23.595,lower,-0.10750000000000037,0.14687499999999964
2026-08-16 09:12:29.574,23.605,lower,0.02687500000000065,0.1606249999999998
2026-08-16 09:12:29.584,23.615,lower,0.025000000000000577,0.17625000000000002
2026-08-16 09:12:29.594,23.625,lower,-0.08750000000000036,0.1318750000000002
2026-08-16 09:12:29.604,23.635,lower,0.07624999999999993,0.17874999999999974
2026-08-16 09:12:29.614,23.645,lower,-0.12687499999999963,0.14625
2026-08-16 09:12:29.624,23.655,lower,0.03874999999999962,0.16312500000000063
2026-08-16 09:12:29.634,23.665,lower,0.056875000000000675,0.1793750000000005
2026-08-16 09:12:29.644,23.675,lower,-0.11062499999999975,0.12500000000000067
2026-08-16 09:12:29.654,23.685,lower,0.07687499999999958,0.1837500000000003
2026-08-16 09:12:29.664,23.695,lower,-0.11187500000000017,0.14249999999999985
2026-08-16 09:12:29.674,23.705,lower,0.02375000000000016,0.15125000000000055
2026-08-16 09:12:29.684,23.715,lower,0.02375000000000016,0.17437499999999995
2026-08-16 09:12:29.694,23.725,lower,-0.08750000000000036,0.1287499999999997
2026-08-16 09:12:29.704,23.735,lower,0.0737500000000002,0.18312500000000065
2026-08-16 09:12:29.714,23.745,lower,-0.09624999999999995,0.1418750000000002
2026-08-16 09:12:29.724,23.755,lower,0.03562500000000024,0.15499999999999958
2026-08-16 09:12:29.734,23.765,lower,0.046875000000000666,0.1706249999999998
2026-08-16 09:12:29.744,23.775,lower,-0.10812500000000003,0.13000000000000012
2026-08-16 09:12:29.754,23.785,lower,0.07000000000000006,0.1781250000000001
2026-08-16 09:12:29.764,23.795,lower,-0.11937499999999934,0.13624999999999998
2026-08-16 09:12:29.774,23.805,lower,0.024374999999999813,0.15812500000000007
2026-08-16 09:12:29.784,23.815,lower,0.013125000000000497,0.17562500000000036
2026-08-16 09:12:29.794,23.825,lower,-0.08687499999999959,0.12937500000000046
2026-08-16 09:12:29.804,23.835,lower,0.07125000000000048,0.1793750000000005
2026-08-16 09:12:29.814,23.845,lower,-0.1012499999999994,0.13812500000000005
2026-08-16 09:12:29.824,23.855,lower,0.03375000000000017,0.1618750000000002
2026-08-16 09:12:29.834,23.865,lower,0.038124999999999964,0.17562500000000036
2026-08-16 09:12:29.844,23.875,lower,-0.11062499999999975,0.12812500000000004
2026-08-16 09:12:29.854,23.885,lower,0.06874999999999964,0.1793750000000005
2026-08-16 09:12:29.864,23.895,lower,-0.1287499999999997,0.14500000000000068
2026-08-16 09:12:29.874,23.905,lower,0.023125000000000506,0.16125000000000056
2026-08-16 09:12:29.884,23.915,lower,0.05249999999999977,0.17437499999999995
2026-08-16 09:12:29.894,23.925,lower,-0.08750000000000036,0.12375000000000025
2026-08-16 09:12:29.904,23.935,lower,0.06812499999999999,0.1793750000000005
2026-08-16 09:12:29.914,23.945,lower,-0.1112499999999994,0.14437499999999992
2026-08-16 09:12:29.924,23.955,lower,0.02874999999999961,0.14874999999999972
2026-08-16 09:12:29.934,23.965,lower,0.03375000000000017,0.17187500000000022
2026-08-16 09:12:29.944,23.975,lower,-0.10812500000000003,0.1275000000000004
2026-08-16 09:12:29.954,23.985,lower,0.05562500000000026,0.18000000000000016
2026-08-16 09:12:29.964,23.995,lower,-0.1318750000000002,0.1418750000000002
2026-08-16 09:12:29.974,24.005,lower,0.02375000000000016,0.15125000000000055
2026-08-16 09:12:29.984,24.015,lower,0.04937500000000039,0.1737500000000003
2026-08-16 09:12:29.994,24.025,lower,-0.08124999999999938,0.12562500000000032
2026-08-16 09:12:30.004,24.035,lower,0.06312500000000054,0.1749999999999996
2026-08-16 09:12:30.014,24.045,lower,-0.11937499999999934,0.13687499999999964
2026-08-16 09:12:30.024,24.055,lower,0.03062499999999968,0.15437499999999993
2026-08-16 09:12:30.034,24.065,lower,0.026249999999999885,0.1737500000000003
2026-08-16 09:12:30.044,24.075,lower,-0.1056250000000003,0.13000000000000012
2026-08-16 09:12:30.054,24.085,lower,0.0637500000000002,0.17874999999999974
2026-08-16 09:12:30.064,24.095,lower,-0.13562500000000033,0.1375000000000004
2026-08-16 09:12:30.074,24.105,lower,0.023125000000000506,0.16000000000000014
2026-08-16 09:12:30.084,24.115,lower,0.04937500000000039,0.1749999999999996
2026-08-16 09:12:30.094,24.125,lower,-0.07624999999999993,0.1318750000000002
2026-08-16 09:12:30.104,24.135,lower,0.07000000000000006,0.18125000000000058
2026-08-16 09:12:30.114,24.145,lower,-0.11375000000000024,0.14625
2026-08-16 09:12:30.124,24.155,lower,0.019375000000000364,0.16125000000000056
2026-08-16 09:12:30.134,24.165,lower,0.030000000000000027,0.17750000000000044
2026-08-16 09:12:30.144,24.175,lower,-0.0924999999999998,0.12687499999999963
2026-08-16 09:12:30.154,24.185,lower,0.07500000000000062,0.18437499999999996
2026-08-16 09:12:30.164,24.195,lower,-0.12937499999999935,0.14437499999999992
2026-08-16 09:12:30.174,24.205,lower,0.03562500000000024,0.16562500000000036
2026-08-16 09:12:30.184,24.215,lower,0.055000000000000604,0.17625000000000002
2026-08-16 09:12:30.194,24.225,lower,-0.11750000000000038,0.12624999999999997
2026-08-16 09:12:30.204,24.235,lower,0.07687499999999958,0.18249999999999988
2026-08-16 09:12:30.214,24.245,lower,-0.11312499999999948,0.1418750000000002
2026-08-16 09:12:30.224,24.255,lower,0.020000000000000018,0.15625
2026-08-16 09:12:30.234,24.265,lower,0.027500000000000302,0.17562500000000036
2026-08-16 09:12:30.244,24.275,lower,-0.09000000000000008,0.12812500000000004
2026-08-16 09:12:30.254,24.285,lower,0.07187500000000013,0.17562500000000036
2026-08-16 09:12:30.264,24.295,lower,-0.13499999999999956,0.1418750000000002
2026-08-16 09:12:30.274,24.305,lower,0.03437499999999982,0.15437499999999993
2026-08-16 09:12:30.284,24.315,lower,0.04562500000000025,0.17312500000000064
2026-08-16 09:12:30.294,24.325,lower,-0.11249999999999982,0.1331250000000006
2026-08-16 09:12:30.304,24.335,lower,0.0737500000000002,0.1793750000000005
2026-08-16 09:12:30.314,24.345,lower,-0.11812500000000004,0.14375000000000027
2026-08-16 09:12:30.324,24.355,lower,0.028124999999999956,0.1593750000000005
2026-08-16 09:12:30.334,24.365,lower,0.015000000000000568,0.1781250000000001
2026-08-16 09:12:30.344,24.375,lower,-0.08750000000000036,0.13562500000000033
2026-08-16 09:12:30.354,24.385,lower,0.0737500000000002,0.17625000000000002
2026-08-16 09:12:30.364,24.395,lower,-0.09624999999999995,0.14937500000000048
2026-08-16 09:12:30.374,24.405,lower,0.035000000000000586,0.16312500000000063
2026-08-16 09:12:30.384,24.415,lower,0.046875000000000666,0.17874999999999974
2026-08-16 09:12:30.394,24.425,lower,-0.10812500000000003,0.13500000000000068
2026-08-16 09:12:30.404,24.435,lower,0.07312500000000055,0.18249999999999988
2026-08-16 09:12:30.414,24.445,lower,-0.12249999999999983,0.14937500000000048
2026-08-16 09:12:30.424,24.455,lower,0.02375000000000016,0.1649999999999996
2026-08-16 09:12:30.434,24.465,lower,0.01187500000000008,0.1781250000000001
2026-08-16 09:12:30.444,24.475,lower,-0.08437499999999987,0.1287499999999997
2026-08-16 09:12:30.454,24.485,lower,0.06937500000000041,0.18312500000000065
2026-08-16 09:12:30.464,24.495,lower,-0.10750000000000037,0.13249999999999984
2026-08-16 09:12:30.474,24.505,lower,0.03437499999999982,0.17687499999999967
2026-08-16 09:12:30.484,24.515,lower,0.03437499999999982,0.2300000000000002
2026-08-16 09:12:30.494,24.525,lower,-0.11375000000000024,0.08874999999999966
2026-08-16 09:12:30.504,24.535,lower,0.06624999999999992,0.2506249999999999
2026-08-16 09:12:30.514,24.545,lower,-0.1331249999999995,0.11937500000000045
2026-08-16 09:12:30.524,24.555,lower,0.018124999999999947,0.17625000000000002
2026-08-16 09:12:30.534,24.565,lower,0.05125000000000046,0.21937500000000054
2026-08-16 09:12:30.544,24.575,lower,-0.08874999999999966,0.08937500000000043
2026-08-16 09:12:30.554,24.585,lower,0.06687500000000068,0.24375000000000036
2026-08-16 09:12:30.564,24.595,lower,-0.1143749999999999,0.11375000000000024
2026-08-16 09:12:30.574,24.605,lower,0.0318750000000001,0.18562500000000037
2026-08-16 09:12:30.584,24.615,lower,0.029375000000000373,0.23312499999999958
2026-08-16 09:12:30.594,24.625,lower,-0.1100000000000001,0.09375000000000022
2026-08-16 09:12:30.604,24.635,lower,0.06062499999999971,0.24562500000000043
2026-08-16 09:12:30.614,24.645,lower,-0.13624999999999998,0.10312500000000058
2026-08-16 09:12:30.624,24.655,lower,0.024374999999999813,0.18687499999999968
2026-08-16 09:12:30.634,24.665,lower,0.05312500000000053,0.2256250000000004
2026-08-16 09:12:30.644,24.675,lower,-0.08375000000000021,0.09375000000000022
2026-08-16 09:12:30.654,24.685,lower,0.06437499999999985,0.24187500000000028
2026-08-16 09:12:30.664,24.695,lower,-0.11687499999999962,0.12687499999999963
2026-08-16 09:12:30.674,24.705,lower,0.033125000000000515,0.19062499999999982
2026-08-16 09:12:30.684,24.715,lower,0.02375000000000016,0.22249999999999992
2026-08-16 09:12:30.694,24.725,lower,-0.10375000000000023,0.07687499999999958
2026-08-16 09:12:30.704,24.735,lower,0.06062499999999971,0.24125000000000063
2026-08-16 09:12:30.714,24.745,lower,-0.13562500000000033,0.1200000000000001
2026-08-16 09:12:30.724,24.755,lower,0.026249999999999885,0.1924999999999999
2026-08-16 09:12:30.734,24.765,lower,0.046875000000000666,0.21625000000000005
2026-08-16 09:12:30.744,24.775,lower,-0.07874999999999965,0.07874999999999965
2026-08-16 09:12:30.754,24.785,lower,0.06562500000000027,0.24062499999999987
2026-08-16 09:12:30.764,24.795,lower,-0.12187500000000018,0.1100000000000001
2026-08-16 09:12:30.774,24.805,lower,0.010624999999999662,0.16437499999999994
2026-08-16 09:12:30.784,24.815,lower,0.02187500000000009,0.21187500000000026
2026-08-16 09:12:30.794,24.825,lower,-0.10000000000000009,0.07687499999999958
2026-08-16 09:12:30.804,24.835,lower,0.06750000000000034,0.22937500000000055
2026-08-16 09:12:30.814,24.845,lower,-0.1331249999999995,0.1012500000000005
2026-08-16 09:12:30.824,24.855,lower,0.03062499999999968,0.1706249999999998
2026-08-16 09:12:30.834,24.865,lower,0.05562500000000026,0.224375
2026-08-16 09:12:30.844,24.875,lower,-0.11312499999999948,0.07937500000000042
2026-08-16 09:12:30.854,24.885,lower,0.07125000000000048,0.23312499999999958
2026-08-16 09:12:30.864,24.895,lower,-0.11624999999999996,0.09437499999999988
2026-08-16 09:12:30.874,24.905,lower,0.02375000000000016,0.17625000000000002
2026-08-16 09:12:30.884,24.915,lower,0.02062499999999967,0.22249999999999992
2026-08-16 09:12:30.894,24.925,lower,-0.08874999999999966,0.08375000000000021
2026-08-16 09:12:30.904,24.935,lower,0.0737500000000002,0.23562500000000042
2026-08-16 09:12:30.914,24.945,lower,-0.13499999999999956,0.12562500000000032
2026-08-16 09:12:30.924,24.955,lower,0.03750000000000031,0.18312500000000065
2026-08-16 09:12:30.934,24.965,lower,0.04874999999999963,0.2124999999999999
2026-08-16 09:12:30.944,24.975,lower,-0.11499999999999955,0.06687500000000068
2026-08-16 09:12:30.954,24.985,lower,0.07750000000000035,0.23375000000000035
2026-08-16 09:12:30.964,24.995,lower,-0.11812500000000004,0.11249999999999982
2026-08-16 09:12:30.974,25.005,lower,0.023125000000000506,0.1806249999999998
2026-08-16 09:12:30.984,25.015,lower,0.017500000000000293,0.20937500000000053
2026-08-16 09:12:30.994,25.025,lower,-0.08812500000000001,0.06750000000000034
2026-08-16 09:12:31.004,25.035,lower,0.06937500000000041,0.22937500000000055
2026-08-16 09:12:31.014,25.045,lower,-0.1012499999999994,0.10375000000000023
2026-08-16 09:12:31.024,25.055,lower,0.03624999999999989,0.15000000000000013
2026-08-16 09:12:31.034,25.065,lower,0.040000000000000036,0.20437499999999997
2026-08-16 09:12:31.044,25.075,lower,-0.10874999999999968,0.07062499999999972
2026-08-16 09:12:31.054,25.085,lower,0.07249999999999979,0.22187500000000027
2026-08-16 09:12:31.064,25.095,lower,-0.12624999999999997,0.09937500000000044
2026-08-16 09:12:31.074,25.105,lower,0.025000000000000577,0.1606249999999998
2026-08-16 09:12:31.084,25.115,lower,0.06125000000000047,0.19750000000000045
2026-08-16 09:12:31.094,25.125,lower,-0.08375000000000021,0.07187500000000013
2026-08-16 09:12:31.104,25.135,lower,0.07312500000000055,0.22249999999999992
2026-08-16 09:12:31.114,25.145,lower,-0.10312499999999947,0.09312500000000057
2026-08-16 09:12:31.124,25.155,lower,0.03562500000000024,0.16562500000000036
2026-08-16 09:12:31.134,25.165,lower,0.04249999999999976,0.2112500000000006
2026-08-16 09:12:31.144,25.175,lower,-0.1056250000000003,0.07312500000000055
2026-08-16 09:12:31.154,25.185,lower,0.07437499999999986,0.22312500000000068
2026-08-16 09:12:31.164,25.195,lower,-0.12812500000000004,0.12125000000000052
2026-08-16 09:12:31.174,25.205,lower,0.028124999999999956,0.16874999999999973
2026-08-16 09:12:31.184,25.215,lower,0.05750000000000033,0.2112500000000006
2026-08-16 09:12:31.194,25.225,lower,-0.08187500000000014,0.07437499999999986
2026-08-16 09:12:31.204,25.235,lower,0.07312500000000055,0.224375
2026-08-16 09:12:31.214,25.245,lower,-0.11062499999999975,0.10937500000000044
2026-08-16 09:12:31.224,25.255,lower,0.03874999999999962,0.17312500000000064
2026-08-16 09:12:31.234,25.265,lower,0.03437499999999982,0.20375000000000032
2026-08-16 09:12:31.244,25.275,lower,-0.10249999999999981,0.058749999999999636
2026-08-16 09:12:31.254,25.285,lower,0.06937500000000041,0.22499999999999964
2026-08-16 09:12:31.264,25.295,lower,-0.1275000000000004,0.09874999999999967
2026-08-16 09:12:31.274,25.305,lower,0.02874999999999961,0.14375000000000027
2026-08-16 09:12:31.284,25.315,lower,0.0593750000000004,0.1968749999999997
2026-08-16 09:12:31.294,25.325,lower,-0.07187500000000013,0.0593750000000004
2026-08-16 09:12:31.304,25.335,lower,0.07312500000000055,0.22187500000000027
2026-08-16 09:12:31.314,25.345,lower,-0.10937499999999933,0.09187500000000015
2026-08-16 09:12:31.324,25.355,lower,0.045000000000000595,0.15249999999999986
2026-08-16 09:12:31.334,25.365,lower,0.03249999999999975,0.1924999999999999
2026-08-16 09:12:31.344,25.375,lower,-0.10000000000000009,0.06125000000000047
2026-08-16 09:12:31.354,25.385,lower,0.07249999999999979,0.21874999999999978
2026-08-16 09:12:31.364,25.395,lower,-0.1318750000000002,0.08687499999999959
2026-08-16 09:12:31.374,25.405,lower,0.030000000000000027,0.15812500000000007
2026-08-16 09:12:31.384,25.415,lower,0.056875000000000675,0.20874999999999977
2026-08-16 09:12:31.394,25.425,lower,-0.0737500000000002,0.06750000000000034
2026-08-16 09:12:31.404,25.435,lower,0.0737500000000002,0.2168749999999997
2026-08-16 09:12:31.414,25.445,lower,-0.11187500000000017,0.07750000000000035
2026-08-16 09:12:31.424,25.455,lower,0.02187500000000009,0.16375000000000028
2026-08-16 09:12:31.434,25.465,lower,0.026249999999999885,0.2012500000000006
2026-08-16 09:12:31.444,25.475,lower,-0.09375000000000022,0.07000000000000006
2026-08-16 09:12:31.454,25.485,lower,0.07687499999999958,0.22062499999999985
2026-08-16 09:12:31.464,25.495,lower,-0.13624999999999998,0.10500000000000065
2026-08-16 09:12:31.474,25.505,lower,0.03750000000000031,0.16625
2026-08-16 09:12:31.484,25.515,lower,0.05437499999999984,0.1968749999999997
2026-08-16 09:12:31.494,25.525,lower,-0.11812500000000004,0.053750000000000187
2026-08-16 09:12:31.504,25.535,lower,0.07687499999999958,0.21812500000000012
2026-08-16 09:12:31.514,25.545,lower,-0.12062499999999976,0.09750000000000036
2026-08-16 09:12:31.524,25.555,lower,0.021250000000000435,0.17000000000000015
2026-08-16 09:12:31.534,25.565,lower,0.021250000000000435,0.19750000000000045
2026-08-16 09:12:31.544,25.575,lower,-0.09124999999999939,0.05750000000000033
2026-08-16 09:12:31.554,25.585,lower,0.07312500000000055,0.2200000000000002
2026-08-16 09:12:31.564,25.595,lower,-0.1318750000000002,0.09375000000000022
2026-08-16 09:12:31.574,25.605,lower,0.03437499999999982,0.1418750000000002
2026-08-16 09:12:31.584,25.615,lower,0.04874999999999963,0.1912500000000006
2026-08-16 09:12:31.594,25.625,lower,-0.10750000000000037,0.056875000000000675
2026-08-16 09:12:31.604,25.635,lower,0.07125000000000048,0.21187500000000026
2026-08-16 09:12:31.614,25.645,lower,-0.11812500000000004,0.08437499999999987
2026-08-16 09:12:31.624,25.655,lower,0.027500000000000302,0.14937500000000048
2026-08-16 09:12:31.634,25.665,lower,0.015000000000000568,0.20750000000000046
2026-08-16 09:12:31.644,25.675,lower,-0.08624999999999994,0.06062499999999971
2026-08-16 09:12:31.654,25.685,lower,0.07750000000000035,0.21812500000000012
2026-08-16 09:12:31.664,25.695,lower,-0.10062499999999974,0.07624999999999993
2026-08-16 09:12:31.674,25.705,lower,0.03750000000000031,0.15750000000000042
2026-08-16 09:12:31.684,25.715,lower,0.04750000000000032,0.20187500000000025
2026-08-16 09:12:31.694,25.725,lower,-0.11062499999999975,0.06312500000000054
2026-08-16 09:12:31.704,25.735,lower,0.07624999999999993,0.21750000000000047
2026-08-16 09:12:31.714,25.745,lower,-0.1200000000000001,0.1056250000000003
2026-08-16 09:12:31.724,25.755,lower,0.02375000000000016,0.1618750000000002
2026-08-16 09:12:31.734,25.765,lower,0.0593750000000004,0.1981250000000001
2026-08-16 09:12:31.744,25.775,lower,-0.08187500000000014,0.04812499999999997
2026-08-16 09:12:31.754,25.785,lower,0.06937500000000041,0.21812500000000012
2026-08-16 09:12:31.764,25.795,lower,-0.10624999999999996,0.09500000000000064
2026-08-16 09:12:31.774,25.805,lower,0.03874999999999962,0.16687499999999966
2026-08-16 09:12:31.784,25.815,lower,0.03624999999999989,0.1912500000000006
2026-08-16 09:12:31.794,25.825,lower,-0.10750000000000037,0.04874999999999963
2026-08-16 09:12:31.804,25.835,lower,0.07312500000000055,0.21812500000000012
2026-08-16 09:12:31.814,25.845,lower,-0.1275000000000004,0.09312500000000057
2026-08-16 09:12:31.824,25.855,lower,0.029375000000000373,0.14375000000000027
2026-08-16 09:12:31.834,25.865,lower,0.0593750000000004,0.19062499999999982
2026-08-16 09:12:31.844,25.875,lower,-0.08062499999999972,0.05562500000000026
2026-08-16 09:12:31.854,25.885,lower,0.07687499999999958,0.20874999999999977
2026-08-16 09:12:31.864,25.895,lower,-0.10812500000000003,0.08500000000000063
2026-08-16 09:12:31.874,25.905,lower,0.03687500000000066,0.1431250000000006
2026-08-16 09:12:31.884,25.915,lower,0.03687500000000066,0.18687499999999968
2026-08-16 09:12:31.894,25.925,lower,-0.09937499999999932,0.05624999999999991
2026-08-16 09:12:31.904,25.935,lower,0.06687500000000068,0.20750000000000046
2026-08-16 09:12:31.914,25.945,lower,-0.1318750000000002,0.07750000000000035
2026-08-16 09:12:31.924,25.955,lower,0.029375000000000373,0.15437499999999993
2026-08-16 09:12:31.934,25.965,lower,0.056875000000000675,0.19874999999999976
2026-08-16 09:12:31.944,25.975,lower,-0.07499999999999951,0.0593750000000004
2026-08-16 09:12:31.954,25.985,lower,0.0737500000000002,0.21625000000000005
2026-08-16 09:12:31.964,25.995,lower,-0.11312499999999948,0.10624999999999996
2026-08-16 09:12:31.974,26.005,lower,0.01687500000000064,0.15375000000000028
2026-08-16 09:12:31.984,26.015,lower,0.02874999999999961,0.20000000000000018
2026-08-16 09:12:31.994,26.025,lower,-0.1012499999999994,0.06437499999999985
2026-08-16 09:12:32.004,26.035,lower,0.07062499999999972,0.2156250000000004
2026-08-16 09:12:32.014,26.045,lower,-0.1318750000000002,0.09874999999999967
2026-08-16 09:12:32.024,26.055,lower,0.03062499999999968,0.16437499999999994
2026-08-16 09:12:32.034,26.065,lower,0.05125000000000046,0.1981250000000001
2026-08-16 09:12:32.044,26.075,lower,-0.07000000000000006,0.04812499999999997
2026-08-16 09:12:32.054,26.085,lower,0.07500000000000062,0.21812500000000012
2026-08-16 09:12:32.064,26.095,lower,-0.11562500000000031,0.09500000000000064
2026-08-16 09:12:32.074,26.105,lower,0.02062499999999967,0.13062499999999977
2026-08-16 09:12:32.084,26.115,lower,0.022499999999999742,0.18874999999999975
2026-08-16 09:12:32.094,26.125,lower,-0.09937499999999932,0.05437499999999984
2026-08-16 09:12:32.104,26.135,lower,0.07437499999999986,0.21750000000000047
2026-08-16 09:12:32.114,26.145,lower,-0.13687499999999964,0.08500000000000063
2026-08-16 09:12:32.124,26.155,lower,0.03249999999999975,0.14500000000000068
2026-08-16 09:12:32.134,26.165,lower,0.04937500000000039,0.18562500000000037
2026-08-16 09:12:32.144,26.175,lower,-0.12062499999999976,0.055000000000000604
2026-08-16 09:12:32.154,26.185,lower,0.07125000000000048,0.2124999999999999
2026-08-16 09:12:32.164,26.195,lower,-0.12124999999999941,0.07562500000000028
2026-08-16 09:12:32.174,26.205,lower,0.0187499999999996,0.15125000000000055
2026-08-16 09:12:32.184,26.215,lower,0.01687500000000064,0.20312500000000067
2026-08-16 09:12:32.194,26.225,lower,-0.09624999999999995,0.05750000000000033
2026-08-16 09:12:32.204,26.235,lower,0.06874999999999964,0.2124999999999999
2026-08-16 09:12:32.214,26.245,lower,-0.14062499999999978,0.0737500000000002
2026-08-16 09:12:32.224,26.255,lower,0.03249999999999975,0.15499999999999958
2026-08-16 09:12:32.234,26.265,lower,0.04437499999999983,0.19937500000000052
2026-08-16 09:12:32.244,26.275,lower,-0.11750000000000038,0.061875000000000124
2026-08-16 09:12:32.254,26.285,lower,0.07000000000000006,0.21499999999999964
2026-08-16 09:12:32.264,26.295,lower,-0.12687499999999963,0.09937500000000044
2026-08-16 09:12:32.274,26.305,lower,0.017500000000000293,0.16249999999999987
2026-08-16 09:12:32.284,26.315,lower,0.013750000000000151,0.1937500000000003
2026-08-16 09:12:32.294,26.325,lower,-0.09375000000000022,0.0506249999999997
2026-08-16 09:12:32.304,26.335,lower,0.06937500000000041,0.21437499999999998
2026-08-16 09:12:32.314,26.345,lower,-0.10375000000000023,0.09624999999999995
2026-08-16 09:12:32.324,26.355,lower,0.031250000000000444,0.16812500000000008
2026-08-16 09:12:32.334,26.365,lower,0.04125000000000045,0.1912500000000006
2026-08-16 09:12:32.344,26.375,lower,-0.11312499999999948,0.053750000000000187
2026-08-16 09:12:32.354,26.385,lower,0.06874999999999964,0.21750000000000047
2026-08-16 09:12:32.364,26.395,lower,-0.1287499999999997,0.09000000000000008
2026-08-16 09:12:32.374,26.405,lower,0.023125000000000506,0.1431250000000006
2026-08-16 09:12:32.384,26.415,lower,0.05624999999999991,0.18625000000000003
2026-08-16 09:12:32.394,26.425,lower,-0.08874999999999966,0.05624999999999991
2026-08-16 09:12:32.404,26.435,lower,0.07187500000000013,0.20812500000000012
2026-08-16 09:12:32.414,26.445,lower,-0.10937499999999933,0.08062499999999972
2026-08-16 09:12:32.424,26.455,lower,0.031250000000000444,0.14812500000000006
2026-08-16 09:12:32.434,26.465,lower,0.035000000000000586,0.2068749999999997
2026-08-16 09:12:32.444,26.475,lower,-0.11187500000000017,0.05624999999999991
2026-08-16 09:12:32.454,26.485,lower,0.07249999999999979,0.21062499999999984
2026-08-16 09:12:32.464,26.495,lower,-0.12937499999999935,0.07750000000000035
2026-08-16 09:12:32.474,26.505,lower,0.02062499999999967,0.15375000000000028
2026-08-16 09:12:32.484,26.515,lower,0.05125000000000046,0.20437499999999997
2026-08-16 09:12:32.494,26.525,lower,-0.08687499999999959,0.06249999999999978
2026-08-16 09:12:32.504,26.535,lower,0.06750000000000034,0.2156250000000004
2026-08-16 09:12:32.514,26.545,lower,-0.11624999999999996,0.10812500000000003
2026-08-16 09:12:32.524,26.555,lower,0.031250000000000444,0.16375000000000028
2026-08-16 09:12:32.534,26.565,lower,0.026249999999999885,0.19750000000000045
2026-08-16 09:12:32.544,26.575,lower,-0.11312499999999948,0.045000000000000595
2026-08-16 09:12:32.554,26.585,lower,0.06624999999999992,0.2168749999999997
2026-08-16 09:12:32.564,26.595,lower,-0.13937499999999936,0.09874999999999967
2026-08-16 09:12:32.574,26.605,lower,0.025000000000000577,0.16750000000000043
2026-08-16 09:12:32.584,26.615,lower,0.05437499999999984,0.19499999999999962
2026-08-16 09:12:32.594,26.625,lower,-0.08750000000000036,0.051875000000000115
2026-08-16 09:12:32.604,26.635,lower,0.06874999999999964,0.2200000000000002
2026-08-16 09:12:32.614,26.645,lower,-0.11750000000000038,0.09000000000000008
2026-08-16 09:12:32.624,26.655,lower,0.008749999999999591,0.14062499999999978
2026-08-16 09:12:32.634,26.665,lower,0.024374999999999813,0.19000000000000017
2026-08-16 09:12:32.644,26.675,lower,-0.1056250000000003,0.05812499999999998
2026-08-16 09:12:32.654,26.685,lower,0.058749999999999636,0.20750000000000046
2026-08-16 09:12:32.664,26.695,lower,-0.14000000000000012,0.08812500000000001
2026-08-16 09:12:32.674,26.705,lower,0.02562500000000023,0.14874999999999972
2026-08-16 09:12:32.684,26.715,lower,0.04937500000000039,0.18750000000000044
2026-08-16 09:12:32.694,26.725,lower,-0.07750000000000035,0.05750000000000033
2026-08-16 09:12:32.704,26.735,lower,0.06750000000000034,0.2112500000000006
2026-08-16 09:12:32.714,26.745,lower,-0.12687499999999963,0.08062499999999972
2026-08-16 09:12:32.724,26.755,lower,0.009375000000000355,0.1518750000000002
2026-08-16 09:12:32.734,26.765,lower,0.019375000000000364,0.2024999999999999
2026-08-16 09:12:32.744,26.775,lower,-0.10437499999999988,0.061875000000000124
2026-08-16 09:12:32.754,26.785,lower,0.06562500000000027,0.21312500000000068
2026-08-16 09:12:32.764,26.795,lower,-0.1418750000000002,0.11125000000000052
2026-08-16 09:12:32.774,26.805,lower,0.025000000000000577,0.15874999999999972
2026-08-16 09:12:32.784,26.815,lower,0.04187500000000011,0.20062499999999983
2026-08-16 09:12:32.794,26.825,lower,-0.12624999999999997,0.06437499999999985
2026-08-16 09:12:32.804,26.835,lower,0.06750000000000034,0.21750000000000047
2026-08-16 09:12:32.814,26.845,lower,-0.12812500000000004,0.10249999999999981
2026-08-16 09:12:32.824,26.855,lower,0.014374999999999805,0.16437499999999994
2026-08-16 09:12:32.834,26.865,lower,0.012499999999999734,0.19750000000000045
2026-08-16 09:12:32.844,26.875,lower,-0.10312499999999947,0.04937500000000039
2026-08-16 09:12:32.854,26.885,lower,0.06874999999999964,0.21874999999999978
2026-08-16 09:12:32.864,26.895,lower,-0.10624999999999996,0.09437499999999988
2026-08-16 09:12:32.874,26.905,lower,0.02375000000000016,0.13624999999999998
2026-08-16 09:12:32.884,26.915,lower,0.04375000000000018,0.19187500000000024
2026-08-16 09:12:32.894,26.925,lower,-0.1200000000000001,0.053750000000000187
2026-08-16 09:12:32.904,26.935,lower,0.06624999999999992,0.21812500000000012
2026-08-16 09:12:32.914,26.945,lower,-0.1287499999999997,0.08500000000000063
2026-08-16 09:12:32.924,26.955,lower,0.018124999999999947,0.14249999999999985
2026-08-16 09:12:32.934,26.965,lower,0.006875000000000631,0.18562500000000037
2026-08-16 09:12:32.944,26.975,lower,-0.09874999999999967,0.055000000000000604
2026-08-16 09:12:32.954,26.985,lower,0.06624999999999992,0.21062499999999984
2026-08-16 09:12:32.964,26.995,lower,-0.1112499999999994,0.0824999999999998
2026-08-16 09:12:32.974,27.005,lower,0.03062499999999968,0.1475000000000004
2026-08-16 09:12:32.984,27.015,lower,0.03437499999999982,0.2056250000000004
2026-08-16 09:12:32.994,27.025,lower,-0.12124999999999941,0.058749999999999636
2026-08-16 09:12:33.004,27.035,lower,0.07187500000000013,0.21187500000000026
2026-08-16 09:12:33.014,27.045,lower,-0.1318750000000002,0.07562500000000028
2026-08-16 09:12:33.024,27.055,lower,0.01687500000000064,0.15562500000000035
2026-08-16 09:12:33.034,27.065,lower,0.05437499999999984,0.20062499999999983
2026-08-16 09:12:33.044,27.075,lower,-0.09312499999999946,0.058749999999999636
2026-08-16 09:12:33.054,27.085,lower,0.06750000000000034,0.21312500000000068
2026-08-16 09:12:33.064,27.095,lower,-0.11062499999999975,0.1056250000000003
2026-08-16 09:12:33.074,27.105,lower,0.031250000000000444,0.1618750000000002
2026-08-16 09:12:33.084,27.115,lower,0.033125000000000515,0.1968749999999997
2026-08-16 09:12:33.094,27.125,lower,-0.11624999999999996,0.05125000000000046
2026-08-16 09:12:33.104,27.135,lower,0.06750000000000034,0.21812500000000012
2026-08-16 09:12:33.114,27.145,lower,-0.1343749999999999,0.09874999999999967
2026-08-16 09:12:33.124,27.155,lower,0.02062499999999967,0.16625
2026-08-16 09:12:33.134,27.165,lower,0.05562500000000026,0.19625000000000004
2026-08-16 09:12:33.144,27.175,lower,-0.09062499999999973,0.05125000000000046
2026-08-16 09:12:33.154,27.185,lower,0.06874999999999964,0.2168749999999997
2026-08-16 09:12:33.164,27.195,lower,-0.1143749999999999,0.08874999999999966
2026-08-16 09:12:33.174,27.205,lower,0.03437499999999982,0.1387499999999997
2026-08-16 09:12:33.184,27.215,lower,0.028124999999999956,0.18937500000000052
2026-08-16 09:12:33.194,27.225,lower,-0.11187500000000017,0.0506249999999997
2026-08-16 09:12:33.204,27.235,lower,0.06125000000000047,0.2068749999999997
2026-08-16 09:12:33.214,27.245,lower,-0.13687499999999964,0.07937500000000042
2026-08-16 09:12:33.224,27.255,lower,0.023125000000000506,0.14249999999999985
2026-08-16 09:12:33.234,27.265,lower,0.046875000000000666,0.2012500000000006
2026-08-16 09:12:33.244,27.275,lower,-0.08187500000000014,0.051875000000000115
2026-08-16 09:12:33.254,27.285,lower,0.06812499999999999,0.20750000000000046
2026-08-16 09:12:33.264,27.295,lower,-0.12187500000000018,0.07500000000000062
2026-08-16 09:12:33.274,27.305,lower,0.008124999999999938,0.1518750000000002
2026-08-16 09:12:33.284,27.315,lower,0.022499999999999742,0.20000000000000018
2026-08-16 09:12:33.294,27.325,lower,-0.10750000000000037,0.0593750000000004
2026-08-16 09:12:33.304,27.335,lower,0.06624999999999992,0.2156250000000004
2026-08-16 09:12:33.314,27.345,lower,-0.14124999999999943,0.10437499999999988
2026-08-16 09:12:33.324,27.355,lower,0.02562500000000023,0.16000000000000014
2026-08-16 09:12:33.334,27.365,lower,0.05312500000000053,0.1968749999999997
2026-08-16 09:12:33.344,27.375,lower,-0.08124999999999938,0.06437499999999985
2026-08-16 09:12:33.354,27.385,lower,0.07062499999999972,0.21375000000000033
2026-08-16 09:12:33.364,27.395,lower,-0.11750000000000038,0.09624999999999995
2026-08-16 09:12:33.374,27.405,lower,0.014374999999999805,0.1649999999999996
2026-08-16 09:12:33.384,27.415,lower,0.023125000000000506,0.1937500000000003
2026-08-16 09:12:33.394,27.425,lower,-0.1012499999999994,0.04874999999999963
2026-08-16 09:12:33.404,27.435,lower,0.06874999999999964,0.21375000000000033
2026-08-16 09:12:33.414,27.445,lower,-0.1375000000000004,0.08812500000000001
2026-08-16 09:12:33.424,27.455,lower,0.027500000000000302,0.13812500000000005
2026-08-16 09:12:33.434,27.465,lower,0.04812499999999997,0.19062499999999982
2026-08-16 09:12:33.444,27.475,lower,-0.1287499999999997,0.04937500000000039
2026-08-16 09:12:33.454,27.485,lower,0.07312500000000055,0.2068749999999997
2026-08-16 09:12:33.464,27.495,lower,-0.12562500000000032,0.08312500000000056
2026-08-16 09:12:33.474,27.505,lower,0.017500000000000293,0.14062499999999978
2026-08-16 09:12:33.484,27.515,lower,0.017500000000000293,0.1837500000000003
2026-08-16 09:12:33.494,27.525,lower,-0.10499999999999954,0.05125000000000046
2026-08-16 09:12:33.504,27.535,lower,0.06750000000000034,0.2024999999999999
2026-08-16 09:12:33.514,27.545,lower,-0.10375000000000023,0.07687499999999958
2026-08-16 09:12:33.524,27.555,lower,0.026249999999999885,0.1431250000000006
2026-08-16 09:12:33.534,27.565,lower,0.04375000000000018,0.20062499999999983
2026-08-16 09:12:33.544,27.575,lower,-0.11750000000000038,0.053750000000000187
2026-08-16 09:12:33.554,27.585,lower,0.07187500000000013,0.20750000000000046
2026-08-16 09:12:33.564,27.595,lower,-0.12499999999999956,0.10937500000000044
2026-08-16 09:12:33.574,27.605,lower,0.023125000000000506,0.15499999999999958
2026-08-16 09:12:33.584,27.615,lower,0.014374999999999805,0.19750000000000045
2026-08-16 09:12:33.594,27.625,lower,-0.09312499999999946,0.056875000000000675
2026-08-16 09:12:33.604,27.635,lower,0.07312500000000055,0.2124999999999999
2026-08-16 09:12:33.614,27.645,lower,-0.10499999999999954,0.09937500000000044
2026-08-16 09:12:33.624,27.655,lower,0.03249999999999975,0.16125000000000056
2026-08-16 09:12:33.634,27.665,lower,0.04249999999999976,0.1912500000000006
2026-08-16 09:12:33.644,27.675,lower,-0.11812500000000004,0.04562500000000025
2026-08-16 09:12:33.654,27.685,lower,0.07437499999999986,0.21437499999999998
2026-08-16 09:12:33.664,27.695,lower,-0.12562500000000032,0.0924999999999998
2026-08-16 09:12:33.674,27.705,lower,0.022499999999999742,0.1287499999999997
2026-08-16 09:12:33.684,27.715,lower,0.05562500000000026,0.18874999999999975
2026-08-16 09:12:33.694,27.725,lower,-0.08937500000000043,0.04562500000000025
2026-08-16 09:12:33.704,27.735,lower,0.06874999999999964,0.21375000000000033
2026-08-16 09:12:33.714,27.745,lower,-0.10687499999999961,0.08187500000000014
2026-08-16 09:12:33.724,27.755,lower,0.03687500000000066,0.13500000000000068
2026-08-16 09:12:33.734,27.765,lower,0.03687500000000066,0.18249999999999988
2026-08-16 09:12:33.744,27.775,lower,-0.11624999999999996,0.04750000000000032
2026-08-16 09:12:33.754,27.785,lower,0.07187500000000013,0.20499999999999963
2026-08-16 09:12:33.764,27.795,lower,-0.13124999999999942,0.07500000000000062
2026-08-16 09:12:33.774,27.805,lower,0.022499999999999742,0.14062499999999978
2026-08-16 09:12:33.784,27.815,lower,0.05750000000000033,0.19937500000000052
2026-08-16 09:12:33.794,27.825,lower,-0.08874999999999966,0.051875000000000115
2026-08-16 09:12:33.804,27.835,lower,0.0737500000000002,0.20437499999999997
2026-08-16 09:12:33.814,27.845,lower,-0.1112499999999994,0.07062499999999972
2026-08-16 09:12:33.824,27.855,lower,0.03687500000000066,0.14874999999999972
2026-08-16 09:12:33.834,27.865,lower,0.03437499999999982,0.19499999999999962
2026-08-16 09:12:33.844,27.875,lower,-0.1112499999999994,0.05624999999999991
2026-08-16 09:12:33.854,27.885,lower,0.06812499999999999,0.20812500000000012
2026-08-16 09:12:33.864,27.895,lower,-0.1387499999999997,0.09937500000000044
2026-08-16 09:12:33.874,27.905,lower,0.027500000000000302,0.15312500000000062
2026-08-16 09:12:33.884,27.915,lower,0.05624999999999991,0.19000000000000017
2026-08-16 09:12:33.894,27.925,lower,-0.08499999999999952,0.040000000000000036
2026-08-16 09:12:33.904,27.935,lower,0.07249999999999979,0.20874999999999977
2026-08-16 09:12:33.914,27.945,lower,-0.11687499999999962,0.09000000000000008
2026-08-16 09:12:33.924,27.955,lower,0.009375000000000355,0.15874999999999972
2026-08-16 09:12:33.934,27.965,lower,0.030000000000000027,0.18874999999999975
2026-08-16 09:12:33.944,27.975,lower,-0.1056250000000003,0.045000000000000595
2026-08-16 09:12:33.954,27.985,lower,0.06562500000000027,0.21187500000000026
2026-08-16 09:12:33.964,27.995,lower,-0.1343749999999999,0.08312500000000056
2026-08-16 09:12:33.974,28.005,lower,0.028124999999999956,0.13375000000000026
2026-08-16 09:12:33.984,28.015,lower,0.051875000000000115,0.18687499999999968
2026-08-16 09:12:33.994,28.025,lower,-0.07750000000000035,0.045000000000000595
2026-08-16 09:12:34.004,28.035,lower,0.06937500000000041,0.20187500000000025
2026-08-16 09:12:34.014,28.045,lower,-0.12249999999999983,0.07562500000000028
2026-08-16 09:12:34.024,28.055,lower,0.013125000000000497,0.13562500000000033
2026-08-16 09:12:34.034,28.065,lower,0.02187500000000009,0.17874999999999974
2026-08-16 09:12:34.044,28.075,lower,-0.10750000000000037,0.045000000000000595
2026-08-16 09:12:34.054,28.085,lower,0.07125000000000048,0.20625000000000004
2026-08-16 09:12:34.064,28.095,lower,-0.1418750000000002,0.07062499999999972
2026-08-16 09:12:34.074,28.105,lower,0.02687500000000065,0.14625
2026-08-16 09:12:34.084,28.115,lower,0.0506249999999997,0.1981250000000001
2026-08-16 09:12:34.094,28.125,lower,-0.12624999999999997,0.055000000000000604
2026-08-16 09:12:34.104,28.135,lower,0.07187500000000013,0.20625000000000004
2026-08-16 09:12:34.114,28.145,lower,-0.1200000000000001,0.1012500000000005
2026-08-16 09:12:34.124,28.155,lower,0.0187499999999996,0.15625
2026-08-16 09:12:34.134,28.165,lower,0.018124999999999947,0.1937500000000003
2026-08-16 09:12:34.144,28.175,lower,-0.10000000000000009,0.0593750000000004
2026-08-16 09:12:34.154,28.185,lower,0.07125000000000048,0.21312500000000068
2026-08-16 09:12:34.164,28.195,lower,-0.14249999999999985,0.09187500000000015
2026-08-16 09:12:34.174,28.205,lower,0.0318750000000001,0.15750000000000042
2026-08-16 09:12:34.184,28.215,lower,0.043125000000000524,0.18562500000000037
2026-08-16 09:12:34.194,28.225,lower,-0.1243749999999999,0.03937500000000038
2026-08-16 09:12:34.204,28.235,lower,0.07249999999999979,0.2112500000000006
2026-08-16 09:12:34.214,28.245,lower,-0.13249999999999984,0.08312500000000056
2026-08-16 09:12:34.224,28.255,lower,0.013750000000000151,0.13062499999999977
2026-08-16 09:12:34.234,28.265,lower,0.011250000000000426,0.18625000000000003
2026-08-16 09:12:34.244,28.275,lower,-0.10062499999999974,0.04750000000000032
2026-08-16 09:12:34.254,28.285,lower,0.06750000000000034,0.20312500000000067
2026-08-16 09:12:34.264,28.295,lower,-0.10499999999999954,0.08062499999999972
2026-08-16 09:12:34.274,28.305,lower,0.027500000000000302,0.13937500000000047
2026-08-16 09:12:34.284,28.315,lower,0.04062499999999969,0.1806249999999998
2026-08-16 09:12:34.294,28.325,lower,-0.11562500000000031,0.050000000000000044
2026-08-16 09:12:34.304,28.335,lower,0.07125000000000048,0.20499999999999963
2026-08-16 09:12:34.314,28.345,lower,-0.12937499999999935,0.07312500000000055
2026-08-16 09:12:34.324,28.355,lower,0.02187500000000009,0.1418750000000002
2026-08-16 09:12:34.334,28.365,lower,0.05812499999999998,0.19750000000000045
2026-08-16 09:12:34.344,28.375,lower,-0.0924999999999998,0.05249999999999977
2026-08-16 09:12:34.354,28.385,lower,0.07249999999999979,0.2068749999999997
2026-08-16 09:12:34.364,28.395,lower,-0.11249999999999982,0.10687499999999961
2026-08-16 09:12:34.374,28.405,lower,0.03562500000000024,0.14937500000000048
2026-08-16 09:12:34.384,28.415,lower,0.040000000000000036,0.1968749999999997
2026-08-16 09:12:34.394,28.425,lower,-0.12062499999999976,0.055000000000000604
2026-08-16 09:12:34.404,28.435,lower,0.07187500000000013,0.2100000000000002
2026-08-16 09:12:34.414,28.445,lower,-0.1331249999999995,0.09624999999999995
2026-08-16 09:12:34.424,28.455,lower,0.0187499999999996,0.15874999999999972
2026-08-16 09:12:34.434,28.465,lower,0.056875000000000675,0.19562500000000038
2026-08-16 09:12:34.444,28.475,lower,-0.09124999999999939,0.04187500000000011
2026-08-16 09:12:34.454,28.485,lower,0.06937500000000041,0.2156250000000004
2026-08-16 09:12:34.464,28.495,lower,-0.11562500000000031,0.0912500000000005
2026-08-16 09:12:34.474,28.505,lower,0.0318750000000001,0.12812500000000004
2026-08-16 09:12:34.484,28.515,lower,0.028124999999999956,0.1881250000000001
2026-08-16 09:12:34.494,28.525,lower,-0.11499999999999955,0.045000000000000595
2026-08-16 09:12:34.504,28.535,lower,0.06624999999999992,0.21312500000000068
2026-08-16 09:12:34.514,28.545,lower,-0.14124999999999943,0.08000000000000007
2026-08-16 09:12:34.524,28.555,lower,0.021250000000000435,0.13562500000000033
2026-08-16 09:12:34.534,28.565,lower,0.05125000000000046,0.18249999999999988
2026-08-16 09:12:34.544,28.575,lower,-0.09312499999999946,0.04937500000000039
2026-08-16 09:12:34.554,28.585,lower,0.07062499999999972,0.2056250000000004
2026-08-16 09:12:34.564,28.595,lower,-0.12187500000000018,0.07937500000000042
2026-08-16 09:12:34.574,28.605,lower,0.005625000000000213,0.14625
2026-08-16 09:12:34.584,28.615,lower,0.028124999999999956,0.20187500000000025
2026-08-16 09:12:34.594,28.625,lower,-0.11062499999999975,0.05312500000000053
2026-08-16 09:12:34.604,28.635,lower,0.06437499999999985,0.20750000000000046
2026-08-16 09:12:34.614,28.645,lower,-0.14249999999999985,0.07249999999999979
2026-08-16 09:12:34.624,28.655,lower,0.023125000000000506,0.1518750000000002
2026-08-16 09:12:34.634,28.665,lower,0.046875000000000666,0.1968749999999997
2026-08-16 09:12:34.644,28.675,lower,-0.08687499999999959,0.05624999999999991
2026-08-16 09:12:34.654,28.685,lower,0.06750000000000034,0.21187500000000026
2026-08-16 09:12:34.664,28.695,lower,-0.1243749999999999,0.10312500000000058
2026-08-16 09:12:34.674,28.705,lower,0.008124999999999938,0.15562500000000035
2026-08-16 09:12:34.684,28.715,lower,-0.050000000000000044,0.1981250000000001
2026-08-16 09:12:34.694,28.725,lower,-0.13812500000000005,0.046875000000000666
2026-08-16 09:12:34.704,28.735,lower,-0.024374999999999813,0.2156250000000004
2026-08-16 09:12:34.714,28.745,lower,-0.13812500000000005,0.09500000000000064
2026-08-16 09:12:34.724,28.755,lower,-0.051875000000000115,0.1606249999999998
2026-08-16 09:12:34.734,28.765,lower,-0.030000000000000027,0.19499999999999962
2026-08-16 09:12:34.744,28.775,lower,-0.14124999999999943,0.0462499999999999
2026-08-16 09:12:34.754,28.785,lower,-0.013124999999999387,0.21750000000000047
2026-08-16 09:12:34.764,28.795,lower,-0.12062499999999976,0.09000000000000008
2026-08-16 09:12:34.774,28.805,lower,-0.05562500000000026,0.12937500000000046
2026-08-16 09:12:34.784,28.815,lower,-0.03687499999999955,0.18937500000000052
2026-08-16 09:12:34.794,28.825,lower,-0.12062499999999976,0.046875000000000666
2026-08-16 09:12:34.804,28.835,lower,-0.011249999999999316,0.20437499999999997
2026-08-16 09:12:34.814,28.845,lower,-0.10375000000000023,0.07937500000000042
2026-08-16 09:12:34.824,28.855,lower,-0.034999999999999476,0.14249999999999985
2026-08-16 09:12:34.834,28.865,lower,-0.016249999999999876,0.18562500000000037
2026-08-16 09:12:34.844,28.875,lower,-0.1243749999999999,0.04937500000000039
2026-08-16 09:12:34.854,28.885,lower,0.0012500000000004174,0.2112500000000006
2026-08-16 09:12:34.864,28.895,lower,-0.1100000000000001,0.0737500000000002
2026-08-16 09:12:34.874,28.905,lower,-0.04437499999999983,0.1475000000000004
2026-08-16 09:12:34.884,28.915,lower,-0.026249999999999885,0.20312500000000067
2026-08-16 09:12:34.894,28.925,lower,-0.1100000000000001,0.055000000000000604
2026-08-16 09:12:34.904,28.935,lower,-0.0012500000000004174,0.21312500000000068
2026-08-16 09:12:34.914,28.945,lower,-0.09437499999999988,0.10375000000000023
2026-08-16 09:12:34.924,28.955,lower,-0.026249999999999885,0.15375000000000028
2026-08-16 09:12:34.934,28.965,lower,-0.01187500000000008,0.1981250000000001
2026-08-16 09:12:34.944,28.975,lower,-0.11499999999999955,0.0593750000000004
2026-08-16 09:12:34.954,28.985,lower,0.007500000000000284,0.21499999999999964
2026-08-16 09:12:34.964,28.995,lower,-0.10499999999999954,0.09500000000000064
2026-08-16 09:12:34.974,29.005,lower,-0.0318750000000001,0.1606249999999998
2026-08-16 09:12:34.984,29.015,lower,-0.0006249999999996536,0.19312500000000066
2026-08-16 09:12:34.994,29.025,lower,-0.10499999999999954,0.045000000000000595
2026-08-16 09:12:35.004,29.035,lower,0.010000000000000009,0.2124999999999999
2026-08-16 09:12:35.014,29.045,lower,-0.09124999999999939,0.08624999999999994
2026-08-16 09:12:35.024,29.055,lower,-0.019375000000000364,0.12937500000000046
2026-08-16 09:12:35.034,29.065,lower,-0.005625000000000213,0.18687499999999968
2026-08-16 09:12:35.044,29.075,lower,-0.10812500000000003,0.045000000000000595
2026-08-16 09:12:35.054,29.085,lower,0.01187500000000008,0.2168749999999997
2026-08-16 09:12:35.064,29.095,lower,-0.09937499999999932,0.08187500000000014
2026-08-16 09:12:35.074,29.105,lower,-0.024999999999999467,0.13937500000000047
2026-08-16 09:12:35.084,29.115,lower,0.004374999999999796,0.18687499999999968
2026-08-16 09:12:35.094,29.125,lower,-0.09124999999999939,0.046875000000000666
2026-08-16 09:12:35.104,29.135,lower,0.013750000000000151,0.20812500000000012
2026-08-16 09:12:35.114,29.145,lower,-0.08499999999999952,0.07562500000000028
2026-08-16 09:12:35.124,29.155,lower,-0.010624999999999662,0.14249999999999985
2026-08-16 09:12:35.134,29.165,lower,-0.004374999999999796,0.19937500000000052
2026-08-16 09:12:35.144,29.175,lower,-0.09937499999999932,0.0506249999999997
2026-08-16 09:12:35.154,29.185,lower,0.017500000000000293,0.20625000000000004
2026-08-16 09:12:35.164,29.195,lower,-0.1012499999999994,0.06624999999999992
2026-08-16 09:12:35.174,29.205,lower,-0.017500000000000293,0.14562500000000034
2026-08-16 09:12:35.184,29.215,lower,0.008749999999999591,0.19750000000000045
2026-08-16 09:12:35.194,29.225,lower,-0.08812500000000001,0.051875000000000115
2026-08-16 09:12:35.204,29.235,lower,0.018124999999999947,0.21187500000000026
2026-08-16 09:12:35.214,29.245,lower,-0.08124999999999938,0.09812500000000002
2026-08-16 09:12:35.224,29.255,lower,-0.03062499999999968,0.15249999999999986
2026-08-16 09:12:35.234,29.265,lower,0.001875000000000071,0.1937500000000003
2026-08-16 09:12:35.244,29.275,lower,-0.09437499999999988,0.04062499999999969
2026-08-16 09:12:35.254,29.285,lower,0.014374999999999805,0.20874999999999977
2026-08-16 09:12:35.264,29.295,lower,-0.09437499999999988,0.09000000000000008
2026-08-16 09:12:35.274,29.305,lower,-0.01687499999999953,0.12375000000000025
2026-08-16 09:12:35.284,29.315,lower,0.007500000000000284,0.19187500000000024
2026-08-16 09:12:35.294,29.325,lower,-0.078125,0.04187500000000011
2026-08-16 09:12:35.304,29.335,lower,0.019375000000000364,0.21312500000000068
2026-08-16 09:12:35.314,29.345,lower,-0.08562500000000028,0.08375000000000021
2026-08-16 09:12:35.324,29.355,lower,-0.020000000000000018,0.13000000000000012
2026-08-16 09:12:35.334,29.365,lower,-0.003750000000000142,0.18562500000000037
2026-08-16 09:12:35.344,29.375,lower,-0.09499999999999953,0.03937500000000038
2026-08-16 09:12:35.354,29.385,lower,0.02187500000000009,0.20625000000000004
2026-08-16 09:12:35.364,29.395,lower,-0.0956250000000003,0.0737500000000002
2026-08-16 09:12:35.374,29.405,lower,-0.009375000000000355,0.13624999999999998
2026-08-16 09:12:35.384,29.415,lower,0.012499999999999734,0.2024999999999999
2026-08-16 09:12:35.394,29.425,lower,-0.10000000000000009,0.04874999999999963
2026-08-16 09:12:35.404,29.435,lower,0.023125000000000506,0.20874999999999977
2026-08-16 09:12:35.414,29.445,lower,-0.08124999999999938,0.06624999999999992
2026-08-16 09:12:35.424,29.455,lower,-0.018124999999999947,0.14874999999999972
2026-08-16 09:12:35.434,29.465,lower,-0.001875000000000071,0.19437499999999996
2026-08-16 09:12:35.444,29.475,lower,-0.08624999999999994,0.04874999999999963
2026-08-16 09:12:35.454,29.485,lower,0.025000000000000577,0.20874999999999977
2026-08-16 09:12:35.464,29.495,lower,-0.07187500000000013,0.09312500000000057
2026-08-16 09:12:35.474,29.505,lower,-0.00687499999999952,0.15000000000000013
2026-08-16 09:12:35.484,29.515,lower,0.009375000000000355,0.19312500000000066
2026-08-16 09:12:35.494,29.525,lower,-0.09937499999999932,0.03874999999999962
2026-08-16 09:12:35.504,29.535,lower,0.02687500000000065,0.2068749999999997
2026-08-16 09:12:35.514,29.545,lower,-0.08375000000000021,0.08937500000000043
2026-08-16 09:12:35.524,29.555,lower,-0.015625000000000222,0.15625
2026-08-16 09:12:35.534,29.565,lower,-0.0024999999999997247,0.19000000000000017
2026-08-16 09:12:35.544,29.575,lower,-0.08937500000000043,0.03750000000000031
2026-08-16 09:12:35.554,29.585,lower,0.02375000000000016,0.21062499999999984
2026-08-16 09:12:35.564,29.595,lower,-0.06624999999999992,0.08437499999999987
2026-08-16 09:12:35.574,29.605,lower,-0.0031249999999993783,0.12562500000000032
2026-08-16 09:12:35.584,29.615,lower,0.012499999999999734,0.18562500000000037
2026-08-16 09:12:35.594,29.625,lower,-0.08750000000000036,0.04062499999999969
2026-08-16 09:12:35.604,29.635,lower,0.02687500000000065,0.1968749999999997
2026-08-16 09:12:35.614,29.645,lower,-0.08187500000000014,0.07187500000000013
2026-08-16 09:12:35.624,29.655,lower,-0.009375000000000355,0.1331250000000006
2026-08-16 09:12:35.634,29.665,lower,0.020000000000000018,0.17874999999999974
2026-08-16 09:12:35.644,29.675,lower,-0.07750000000000035,0.04187500000000011
2026-08-16 09:12:35.654,29.685,lower,0.029375000000000373,0.20499999999999963
2026-08-16 09:12:35.664,29.695,lower,-0.06812499999999999,0.06687500000000068
2026-08-16 09:12:35.674,29.705,lower,-0.0012500000000004174,0.14125000000000054
2026-08-16 09:12:35.684,29.715,lower,0.015625000000000222,0.19937500000000052
2026-08-16 09:12:35.694,29.725,lower,-0.09062499999999973,0.04437499999999983
2026-08-16 09:12:35.704,29.735,lower,0.02187500000000009,0.20750000000000046
2026-08-16 09:12:35.714,29.745,lower,-0.07937500000000042,0.10062499999999974
2026-08-16 09:12:35.724,29.755,lower,-0.007500000000000284,0.14625
2026-08-16 09:12:35.734,29.765,lower,0.0187499999999996,0.1912500000000006
2026-08-16 09:12:35.744,29.775,lower,-0.07874999999999965,0.051875000000000115
2026-08-16 09:12:35.754,29.785,lower,0.030000000000000027,0.20625000000000004
2026-08-16 09:12:35.764,29.795,lower,-0.06874999999999964,0.08937500000000043
2026-08-16 09:12:35.774,29.805,lower,-0.0006249999999996536,0.15249999999999986
2026-08-16 09:12:35.784,29.815,lower,0.010000000000000009,0.18625000000000003
2026-08-16 09:12:35.794,29.825,lower,-0.09000000000000008,0.03437499999999982
2026-08-16 09:12:35.804,29.835,lower,0.02874999999999961,0.21062499999999984
2026-08-16 09:12:35.814,29.845,lower,-0.08312499999999945,0.08312500000000056
2026-08-16 09:12:35.824,29.855,lower,-0.005625000000000213,0.12375000000000025
2026-08-16 09:12:35.834,29.865,lower,0.02062499999999967,0.18312500000000065
2026-08-16 09:12:35.844,29.875,lower,-0.07437499999999986,0.04187500000000011
2026-08-16 09:12:35.854,29.885,lower,0.033125000000000515,0.2100000000000002
2026-08-16 09:12:35.864,29.895,lower,-0.07124999999999937,0.07687499999999958
2026-08-16 09:12:35.874,29.905,lower,-0.018124999999999947,0.13375000000000026
2026-08-16 09:12:35.884,29.915,lower,0.008749999999999591,0.1781250000000001
2026-08-16 09:12:35.894,29.925,lower,-0.08437499999999987,0.03937500000000038
2026-08-16 09:12:35.904,29.935,lower,0.029375000000000373,0.2012500000000006
2026-08-16 09:12:35.914,29.945,lower,-0.08499999999999952,0.07000000000000006
2026-08-16 09:12:35.924,29.955,lower,-0.001875000000000071,0.13624999999999998
2026-08-16 09:12:35.934,29.965,lower,0.02187500000000009,0.1937500000000003
2026-08-16 09:12:35.944,29.975,lower,-0.07187500000000013,0.04187500000000011
2026-08-16 09:12:35.954,29.985,lower,0.03249999999999975,0.19937500000000052
2026-08-16 09:12:35.964,29.995,lower,-0.07187500000000013,0.06125000000000047
2026-08-16 09:12:35.974,30.005,lower,-0.011249999999999316,0.14000000000000012
2026-08-16 09:12:35.984,30.015,lower,0.006875000000000631,0.1912500000000006
2026-08-16 09:12:35.994,30.025,lower,-0.08499999999999952,0.04437499999999983
2026-08-16 09:12:36.004,30.035,lower,0.02874999999999961,0.20187500000000025
2026-08-16 09:12:36.014,30.045,lower,-0.08750000000000036,0.0912500000000005
2026-08-16 09:12:36.024,30.055,lower,-0.003750000000000142,0.14812500000000006
2026-08-16 09:12:36.034,30.065,lower,0.02062499999999967,0.18625000000000003
2026-08-16 09:12:36.044,30.075,lower,-0.09062499999999973,0.035000000000000586
2026-08-16 09:12:36.054,30.085,lower,0.03249999999999975,0.20499999999999963
2026-08-16 09:12:36.064,30.095,lower,-0.06874999999999964,0.0824999999999998
2026-08-16 09:12:36.074,30.105,lower,-0.013124999999999387,0.11562500000000031
2026-08-16 09:12:36.084,30.115,lower,0.006875000000000631,0.18625000000000003
2026-08-16 09:12:36.094,30.125,lower,-0.08124999999999938,0.03562500000000024
2026-08-16 09:12:36.104,30.135,lower,0.03062499999999968,0.20937500000000053
2026-08-16 09:12:36.114,30.145,lower,-0.06124999999999936,0.07187500000000013
2026-08-16 09:12:36.124,30.155,lower,0.0006249999999996536,0.12187500000000018
2026-08-16 09:12:36.134,30.165,lower,0.018124999999999947,0.1793750000000005
2026-08-16 09:12:36.144,30.175,lower,-0.09312499999999946,0.03562500000000024
2026-08-16 09:12:36.154,30.185,lower,0.03062499999999968,0.19312500000000066
2026-08-16 09:12:36.164,30.195,lower,-0.078125,0.07062499999999972
2026-08-16 09:12:36.174,30.205,lower,-0.008749999999999591,0.1318750000000002
2026-08-16 09:12:36.184,30.215,lower,0.019375000000000364,0.19312500000000066
2026-08-16 09:12:36.194,30.225,lower,-0.08187500000000014,0.03750000000000031
2026-08-16 09:12:36.204,30.235,lower,0.02874999999999961,0.20187500000000025
2026-08-16 09:12:36.214,30.245,lower,-0.0649999999999995,0.06249999999999978
2026-08-16 09:12:36.224,30.255,lower,-0.0012500000000004174,0.13687499999999964
2026-08-16 09:12:36.234,30.265,lower,0.016249999999999876,0.19187500000000024
2026-08-16 09:12:36.244,30.275,lower,-0.08812500000000001,0.04562500000000025
2026-08-16 09:12:36.254,30.285,lower,0.028124999999999956,0.2024999999999999
2026-08-16 09:12:36.264,30.295,lower,-0.0824999999999998,0.09437499999999988
2026-08-16 09:12:36.274,30.305,lower,-0.008124999999999938,0.14562500000000034
2026-08-16 09:12:36.284,30.315,lower,0.017500000000000293,0.18687499999999968
2026-08-16 09:12:36.294,30.325,lower,-0.07687499999999958,0.0318750000000001
2026-08-16 09:12:36.304,30.335,lower,0.03062499999999968,0.2068749999999997
2026-08-16 09:12:36.314,30.345,lower,-0.06750000000000034,0.08750000000000036
2026-08-16 09:12:36.324,30.355,lower,0.0050000000000005596,0.15499999999999958
2026-08-16 09:12:36.334,30.365,lower,0.012499999999999734,0.18562500000000037
2026-08-16 09:12:36.344,30.375,lower,-0.09062499999999973,0.03562500000000024
2026-08-16 09:12:36.354,30.385,lower,0.024374999999999813,0.20874999999999977
2026-08-16 09:12:36.364,30.395,lower,-0.08187500000000014,0.07874999999999965
2026-08-16 09:12:36.374,30.405,lower,-0.009375000000000355,0.12687499999999963
2026-08-16 09:12:36.384,30.415,lower,0.02062499999999967,0.18125000000000058
2026-08-16 09:12:36.394,30.425,lower,-0.07874999999999965,0.03874999999999962
2026-08-16 09:12:36.404,30.435,lower,0.030000000000000027,0.19437499999999996
2026-08-16 09:12:36.414,30.445,lower,-0.06687499999999957,0.07312500000000055
2026-08-16 09:12:36.424,30.455,lower,0.0,0.13375000000000026
2026-08-16 09:12:36.434,30.465,lower,0.010000000000000009,0.17874999999999974
2026-08-16 09:12:36.444,30.475,lower,-0.08687499999999959,0.03874999999999962
2026-08-16 09:12:36.454,30.485,lower,0.02562500000000023,0.2024999999999999
2026-08-16 09:12:36.464,30.495,lower,-0.08124999999999938,0.06874999999999964
2026-08-16 09:12:36.474,30.505,lower,-0.00687499999999952,0.1343749999999999
2026-08-16 09:12:36.484,30.515,lower,0.018124999999999947,0.19312500000000066
2026-08-16 09:12:36.494,30.525,lower,-0.078125,0.04187500000000011
2026-08-16 09:12:36.504,30.535,lower,0.02874999999999961,0.20187500000000025
2026-08-16 09:12:36.514,30.545,lower,-0.07687499999999958,0.10062499999999974
2026-08-16 09:12:36.524,30.555,lower,-0.018124999999999947,0.14125000000000054
2026-08-16 09:12:36.534,30.565,lower,0.008124999999999938,0.19000000000000017
2026-08-16 09:12:36.544,30.575,lower,-0.08874999999999966,0.04562500000000025
2026-08-16 09:12:36.554,30.585,lower,0.02687500000000065,0.20499999999999963
2026-08-16 09:12:36.564,30.595,lower,-0.08750000000000036,0.0924999999999998
2026-08-16 09:12:36.574,30.605,lower,-0.006249999999999867,0.14937500000000048
2026-08-16 09:12:36.584,30.615,lower,0.021250000000000435,0.19062499999999982
2026-08-16 09:12:36.594,30.625,lower,-0.0924999999999998,0.03437499999999982
2026-08-16 09:12:36.604,30.635,lower,0.027500000000000302,0.20874999999999977
2026-08-16 09:12:36.614,30.645,lower,-0.07249999999999979,0.08187500000000014
2026-08-16 09:12:36.624,30.655,lower,-0.014999999999999458,0.11750000000000038
2026-08-16 09:12:36.634,30.665,lower,0.0031250000000004885,0.18687499999999968
2026-08-16 09:12:36.644,30.675,lower,-0.08312499999999945,0.03562500000000024
2026-08-16 09:12:36.654,30.685,lower,0.02874999999999961,0.2068749999999997
2026-08-16 09:12:36.664,30.695,lower,-0.08937500000000043,0.07312500000000055
2026-08-16 09:12:36.674,30.705,lower,-0.0031249999999993783,0.12937500000000046
2026-08-16 09:12:36.684,30.715,lower,0.018124999999999947,0.17750000000000044
2026-08-16 09:12:36.694,30.725,lower,-0.09874999999999967,0.033125000000000515
2026-08-16 09:12:36.704,30.735,lower,0.03062499999999968,0.2024999999999999
2026-08-16 09:12:36.714,30.745,lower,-0.07499999999999951,0.06562500000000027
2026-08-16 09:12:36.724,30.755,lower,-0.018124999999999947,0.13562500000000033
2026-08-16 09:12:36.734,30.765,lower,0.003750000000000142,0.19437499999999996
2026-08-16 09:12:36.744,30.775,lower,-0.08874999999999966,0.04249999999999976
2026-08-16 09:12:36.754,30.785,lower,0.024374999999999813,0.20312500000000067
2026-08-16 09:12:36.764,30.795,lower,-0.06562500000000027,0.06125000000000047
2026-08-16 09:12:36.774,30.805,lower,-0.008124999999999938,0.1418750000000002
2026-08-16 09:12:36.784,30.815,lower,0.010000000000000009,0.19187500000000024
2026-08-16 09:12:36.794,30.825,lower,-0.09437499999999988,0.045000000000000595
2026-08-16 09:12:36.804,30.835,lower,0.025000000000000577,0.20437499999999997
2026-08-16 09:12:36.814,30.845,lower,-0.08124999999999938,0.09062499999999973
2026-08-16 09:12:36.824,30.855,lower,-0.011249999999999316,0.14687499999999964
2026-08-16 09:12:36.834,30.865,lower,-0.0012500000000004174,0.1881250000000001
2026-08-16 09:12:36.844,30.875,lower,-0.08562500000000028,0.03249999999999975
2026-08-16 09:12:36.854,30.885,lower,0.02687500000000065,0.2056250000000004
2026-08-16 09:12:36.864,30.895,lower,-0.06937500000000041,0.08750000000000036
2026-08-16 09:12:36.874,30.905,lower,-0.008749999999999591,0.15499999999999958
2026-08-16 09:12:36.884,30.915,lower,0.01187500000000008,0.1849999999999996
2026-08-16 09:12:36.894,30.925,lower,-0.09499999999999953,0.03750000000000031
2026-08-16 09:12:36.904,30.935,lower,0.02562500000000023,0.20874999999999977
2026-08-16 09:12:36.914,30.945,lower,-0.08187500000000014,0.07937500000000042
2026-08-16 09:12:36.924,30.955,lower,-0.016249999999999876,0.12687499999999963
2026-08-16 09:12:36.934,30.965,lower,0.015625000000000222,0.1849999999999996
2026-08-16 09:12:36.944,30.975,lower,-0.08437499999999987,0.03874999999999962
2026-08-16 09:12:36.954,30.985,lower,0.021250000000000435,0.19874999999999976
2026-08-16 09:12:36.964,30.995,lower,-0.07000000000000006,0.07312500000000055
2026-08-16 09:12:36.974,31.005,lower,-0.004999999999999449,0.13062499999999977
2026-08-16 09:12:36.984,31.015,lower,0.006249999999999867,0.19562500000000038
2026-08-16 09:12:36.994,31.025,lower,-0.0968749999999996,0.038124999999999964
2026-08-16 09:12:37.004,31.035,lower,0.02187500000000009,0.19750000000000045
2026-08-16 09:12:37.014,31.045,lower,-0.08750000000000036,0.06500000000000061
2026-08-16 09:12:37.024,31.055,lower,-0.014999999999999458,0.13812500000000005
2026-08-16 09:12:37.034,31.065,lower,0.0187499999999996,0.19562500000000038
2026-08-16 09:12:37.044,31.075,lower,-0.08562500000000028,0.04187500000000011
2026-08-16 09:12:37.054,31.085,lower,0.02687500000000065,0.2056250000000004
2026-08-16 09:12:37.064,31.095,lower,-0.07124999999999937,0.09937500000000044
2026-08-16 09:12:37.074,31.105,lower,-0.006249999999999867,0.14625
2026-08-16 09:12:37.084,31.115,lower,0.005625000000000213,0.19562500000000038
2026-08-16 09:12:37.094,31.125,lower,-0.09437499999999988,0.03062499999999968
2026-08-16 09:12:37.104,31.135,lower,0.0187499999999996,0.2112500000000006
2026-08-16 09:12:37.114,31.145,lower,-0.08874999999999966,0.09062499999999973
2026-08-16 09:12:37.124,31.155,lower,-0.011249999999999316,0.15312500000000062
2026-08-16 09:12:37.134,31.165,lower,0.014374999999999805,0.18750000000000044
2026-08-16 09:12:37.144,31.175,lower,-0.08187500000000014,0.035000000000000586
2026-08-16 09:12:37.154,31.185,lower,0.026249999999999885,0.20937500000000053
2026-08-16 09:12:37.164,31.195,lower,-0.07624999999999993,0.08062499999999972
2026-08-16 09:12:37.174,31.205,lower,-0.024374999999999813,0.1243749999999999
2026-08-16 09:12:37.184,31.215,lower,0.0012500000000004174,0.18125000000000058
2026-08-16 09:12:37.194,31.225,lower,-0.0956250000000003,0.03624999999999989
2026-08-16 09:12:37.204,31.235,lower,0.022499999999999742,0.19750000000000045
2026-08-16 09:12:37.214,31.245,lower,-0.09187500000000015,0.07187500000000013
2026-08-16 09:12:37.224,31.255,lower,-0.015625000000000222,0.13000000000000012
2026-08-16 09:12:37.234,31.265,lower,0.013750000000000151,0.1781250000000001
2026-08-16 09:12:37.244,31.275,lower,-0.10187500000000016,0.03937500000000038
2026-08-16 09:12:37.254,31.285,lower,0.02062499999999967,0.20062499999999983
2026-08-16 09:12:37.264,31.295,lower,-0.07937500000000042,0.06812499999999999
2026-08-16 09:12:37.274,31.305,lower,-0.02375000000000016,0.1343749999999999
2026-08-16 09:12:37.284,31.315,lower,-0.003750000000000142,0.19562500000000038
2026-08-16 09:12:37.294,31.325,lower,-0.09124999999999939,0.04187500000000011
2026-08-16 09:12:37.304,31.335,lower,0.02375000000000016,0.20437499999999997
2026-08-16 09:12:37.314,31.345,lower,-0.09375000000000022,0.10000000000000009
2026-08-16 09:12:37.324,31.355,lower,-0.010000000000000009,0.14249999999999985
2026-08-16 09:12:37.334,31.365,lower,0.013750000000000151,0.19062499999999982
2026-08-16 09:12:37.344,31.375,lower,-0.10249999999999981,0.045000000000000595
2026-08-16 09:12:37.354,31.385,lower,0.025000000000000577,0.20625000000000004
2026-08-16 09:12:37.364,31.395,lower,-0.07937500000000042,0.09062499999999973
2026-08-16 09:12:37.374,31.405,lower,-0.022499999999999742,0.14687499999999964
2026-08-16 09:12:37.384,31.415,lower,0.0024999999999997247,0.18625000000000003
2026-08-16 09:12:37.394,31.425,lower,-0.08937500000000043,0.033125000000000515
2026-08-16 09:12:37.404,31.435,lower,0.020000000000000018,0.2068749999999997
2026-08-16 09:12:37.414,31.445,lower,-0.0649999999999995,0.08624999999999994
2026-08-16 09:12:37.424,31.455,lower,-0.01187500000000008,0.12062499999999976
2026-08-16 09:12:37.434,31.465,lower,0.006875000000000631,0.18625000000000003
2026-08-16 09:12:37.444,31.475,lower,-0.09812500000000002,0.03375000000000017
2026-08-16 09:12:37.454,31.485,lower,0.025000000000000577,0.20874999999999977
2026-08-16 09:12:37.464,31.495,lower,-0.08375000000000021,0.07874999999999965
2026-08-16 09:12:37.474,31.505,lower,-0.0187499999999996,0.12500000000000067
2026-08-16 09:12:37.484,31.515,lower,0.015000000000000568,0.18125000000000058
2026-08-16 09:12:37.494,31.525,lower,-0.09187500000000015,0.03624999999999989
2026-08-16 09:12:37.504,31.535,lower,0.026249999999999885,0.1981250000000001
2026-08-16 09:12:37.514,31.545,lower,-0.06874999999999964,0.06874999999999964
2026-08-16 09:12:37.524,31.555,lower,-0.010000000000000009,0.1287499999999997
2026-08-16 09:12:37.534,31.565,lower,0.008749999999999591,0.19562500000000038
2026-08-16 09:12:37.544,31.575,lower,-0.0968749999999996,0.038124999999999964
2026-08-16 09:12:37.554,31.585,lower,0.024374999999999813,0.20062499999999983
2026-08-16 09:12:37.564,31.595,lower,-0.08000000000000007,0.058749999999999636
2026-08-16 09:12:37.574,31.605,lower,-0.016249999999999876,0.14000000000000012
2026-08-16 09:12:37.584,31.615,lower,0.01687500000000064,0.19437499999999996
2026-08-16 09:12:37.594,31.625,lower,-0.08187500000000014,0.04125000000000045
2026-08-16 09:12:37.604,31.635,lower,0.02375000000000016,0.20375000000000032
2026-08-16 09:12:37.614,31.645,lower,-0.07062499999999972,0.09437499999999988
2026-08-16 09:12:37.624,31.655,lower,-0.0031249999999993783,0.1475000000000004
2026-08-16 09:12:37.634,31.665,lower,0.006875000000000631,0.1849999999999996
2026-08-16 09:12:37.644,31.675,lower,-0.09499999999999953,0.030000000000000027
2026-08-16 09:12:37.654,31.685,lower,0.020000000000000018,0.2068749999999997
2026-08-16 09:12:37.664,31.695,lower,-0.08312499999999945,0.08437499999999987
2026-08-16 09:12:37.674,31.705,lower,-0.015625000000000222,0.1506249999999998
2026-08-16 09:12:37.684,31.715,lower,0.020000000000000018,0.18312500000000065
2026-08-16 09:12:37.694,31.725,lower,-0.08687499999999959,0.03062499999999968
2026-08-16 09:12:37.704,31.735,lower,0.02562500000000023,0.2012500000000006
2026-08-16 09:12:37.714,31.745,lower,-0.06687499999999957,0.07687499999999958
2026-08-16 09:12:37.724,31.755,lower,-0.005625000000000213,0.11937500000000045
2026-08-16 09:12:37.734,31.765,lower,0.009375000000000355,0.17625000000000002
2026-08-16 09:12:37.744,31.775,lower,-0.09437499999999988,0.03562500000000024
2026-08-16 09:12:37.754,31.785,lower,0.018124999999999947,0.1968749999999997
2026-08-16 09:12:37.764,31.795,lower,-0.0824999999999998,0.07187500000000013
2026-08-16 09:12:37.774,31.805,lower,-0.011249999999999316,0.12500000000000067
2026-08-16 09:12:37.784,31.815,lower,0.010624999999999662,0.1924999999999999
2026-08-16 09:12:37.794,31.825,lower,-0.07937500000000042,0.03750000000000031
2026-08-16 09:12:37.804,31.835,lower,0.025000000000000577,0.19625000000000004
2026-08-16 09:12:37.814,31.845,lower,-0.07687499999999958,0.06249999999999978
2026-08-16 09:12:37.824,31.855,lower,-0.024374999999999813,0.13125000000000053
2026-08-16 09:12:37.834,31.865,lower,0.0050000000000005596,0.1912500000000006
2026-08-16 09:12:37.844,31.875,lower,-0.0924999999999998,0.03874999999999962
2026-08-16 09:12:37.854,31.885,lower,0.026249999999999885,0.20000000000000018
2026-08-16 09:12:37.864,31.895,lower,-0.08937500000000043,0.09874999999999967
2026-08-16 09:12:37.874,31.905,lower,-0.011249999999999316,0.1418750000000002
2026-08-16 09:12:37.884,31.915,lower,0.017500000000000293,0.1912500000000006
2026-08-16 09:12:37.894,31.925,lower,-0.09624999999999995,0.029375000000000373
2026-08-16 09:12:37.904,31.935,lower,0.022499999999999742,0.20312500000000067
2026-08-16 09:12:37.914,31.945,lower,-0.07187500000000013,0.08937500000000043
2026-08-16 09:12:37.924,31.955,lower,-0.022499999999999742,0.14500000000000068
2026-08-16 09:12:37.934,31.965,lower,0.005625000000000213,0.18625000000000003
2026-08-16 09:12:37.944,31.975,lower,-0.08874999999999966,0.02687500000000065
2026-08-16 09:12:37.954,31.985,lower,0.024374999999999813,0.20499999999999963
2026-08-16 09:12:37.964,31.995,lower,-0.08937500000000043,0.08187500000000014
2026-08-16 09:12:37.974,32.005,lower,-0.007500000000000284,0.11312500000000059
2026-08-16 09:12:37.984,32.015,lower,0.015000000000000568,0.17874999999999974
2026-08-16 09:12:37.994,32.025,lower,-0.10062499999999974,0.028124999999999956
2026-08-16 09:12:38.004,32.035,lower,0.027500000000000302,0.19000000000000017
2026-08-16 09:12:38.014,32.045,lower,-0.07874999999999965,0.07062499999999972
2026-08-16 09:12:38.024,32.055,lower,-0.019375000000000364,0.12187500000000018
2026-08-16 09:12:38.034,32.065,lower,0.0024999999999997247,0.17312500000000064
2026-08-16 09:12:38.044,32.075,lower,-0.09124999999999939,0.03375000000000017
2026-08-16 09:12:38.054,32.085,lower,0.02562500000000023,0.19625000000000004
2026-08-16 09:12:38.064,32.095,lower,-0.06062499999999971,0.06062499999999971
2026-08-16 09:12:38.074,32.105,lower,-0.007500000000000284,0.1318750000000002
2026-08-16 09:12:38.084,32.115,lower,0.015000000000000568,0.19062499999999982
2026-08-16 09:12:38.094,32.125,lower,-0.09375000000000022,0.03624999999999989
2026-08-16 09:12:38.104,32.135,lower,0.028124999999999956,0.19750000000000045
2026-08-16 09:12:38.114,32.145,lower,-0.07437499999999986,0.0924999999999998
2026-08-16 09:12:38.124,32.155,lower,-0.016249999999999876,0.13562500000000033
2026-08-16 09:12:38.134,32.165,lower,0.0006249999999996536,0.18750000000000044
2026-08-16 09:12:38.144,32.175,lower,-0.08437499999999987,0.040000000000000036
2026-08-16 09:12:38.154,32.185,lower,0.02687500000000065,0.2012500000000006
2026-08-16 09:12:38.164,32.195,lower,-0.06562500000000027,0.08624999999999994
2026-08-16 09:12:38.174,32.205,lower,-0.004374999999999796,0.14000000000000012
2026-08-16 09:12:38.184,32.215,lower,0.010624999999999662,0.18249999999999988
2026-08-16 09:12:38.194,32.225,lower,-0.09624999999999995,0.028124999999999956
2026-08-16 09:12:38.204,32.235,lower,0.026249999999999885,0.20000000000000018
2026-08-16 09:12:38.214,32.245,lower,-0.08375000000000021,0.08125000000000049
2026-08-16 09:12:38.224,32.255,lower,-0.017500000000000293,0.10750000000000037
2026-08-16 09:12:38.234,32.265,lower,0.0187499999999996,0.1793750000000005
2026-08-16 09:12:38.244,32.275,lower,-0.08750000000000036,0.029375000000000373
2026-08-16 09:12:38.254,32.285,lower,0.023125000000000506,0.2024999999999999
2026-08-16 09:12:38.264,32.295,lower,-0.06937500000000041,0.07187500000000013
2026-08-16 09:12:38.274,32.305,lower,-0.004374999999999796,0.11500000000000066
2026-08-16 09:12:38.284,32.315,lower,0.011250000000000426,0.1737500000000003
2026-08-16 09:12:38.294,32.325,lower,-0.09062499999999973,0.028124999999999956
2026-08-16 09:12:38.304,32.335,lower,0.021250000000000435,0.18687499999999968
2026-08-16 09:12:38.314,32.345,lower,-0.08000000000000007,0.06249999999999978
2026-08-16 09:12:38.324,32.355,lower,-0.011249999999999316,0.12562500000000032
2026-08-16 09:12:38.334,32.365,lower,0.020000000000000018,0.18874999999999975
2026-08-16 09:12:38.344,32.375,lower,-0.08124999999999938,0.031250000000000444
2026-08-16 09:12:38.354,32.385,lower,0.026249999999999885,0.19625000000000004
2026-08-16 09:12:38.364,32.395,lower,-0.06562500000000027,0.05812499999999998
2026-08-16 09:12:38.374,32.405,lower,-0.0024999999999997247,0.13062499999999977
2026-08-16 09:12:38.384,32.415,lower,0.011250000000000426,0.18750000000000044
2026-08-16 09:12:38.394,32.425,lower,-0.09062499999999973,0.0318750000000001
2026-08-16 09:12:38.404,32.435,lower,0.024374999999999813,0.19937500000000052
2026-08-16 09:12:38.414,32.445,lower,-0.07874999999999965,0.08562500000000028
2026-08-16 09:12:38.424,32.455,lower,-0.008749999999999591,0.13687499999999964
2026-08-16 09:12:38.434,32.465,lower,0.0187499999999996,0.18750000000000044
2026-08-16 09:12:38.444,32.475,lower,-0.08187500000000014,0.02187500000000009
2026-08-16 09:12:38.454,32.485,lower,0.029375000000000373,0.2012500000000006
2026-08-16 09:12:38.464,32.495,lower,-0.07187500000000013,0.0824999999999998
2026-08-16 09:12:38.474,32.505,lower,-0.023124999999999396,0.14562500000000034
2026-08-16 09:12:38.484,32.515,lower,0.008124999999999938,0.18249999999999988
2026-08-16 09:12:38.494,32.525,lower,-0.09312499999999946,0.022499999999999742
2026-08-16 09:12:38.504,32.535,lower,0.022499999999999742,0.2024999999999999
2026-08-16 09:12:38.514,32.545,lower,-0.08750000000000036,0.07249999999999979
2026-08-16 09:12:38.524,32.555,lower,-0.01187500000000008,0.11062499999999975
2026-08-16 09:12:38.534,32.565,lower,0.015000000000000568,0.17312500000000064
2026-08-16 09:12:38.544,32.575,lower,-0.09937499999999932,0.028124999999999956
2026-08-16 09:12:38.554,32.585,lower,0.025000000000000577,0.19187500000000024
2026-08-16 09:12:38.564,32.595,lower,-0.07499999999999951,0.06562500000000027
2026-08-16 09:12:38.574,32.605,lower,-0.019375000000000364,0.12062499999999976
2026-08-16 09:12:38.584,32.615,lower,0.0031250000000004885,0.17187500000000022
2026-08-16 09:12:38.594,32.625,lower,-0.09000000000000008,0.031250000000000444
2026-08-16 09:12:38.604,32.635,lower,0.024374999999999813,0.19187500000000024
2026-08-16 09:12:38.614,32.645,lower,-0.09187500000000015,0.058749999999999636
2026-08-16 09:12:38.624,32.655,lower,-0.010624999999999662,0.13249999999999984
2026-08-16 09:12:38.634,32.665,lower,0.01687500000000064,0.18937500000000052
2026-08-16 09:12:38.644,32.675,lower,-0.1012499999999994,0.03375000000000017
2026-08-16 09:12:38.654,32.685,lower,0.02562500000000023,0.19750000000000045
2026-08-16 09:12:38.664,32.695,lower,-0.07562500000000028,0.09312500000000057
2026-08-16 09:12:38.674,32.705,lower,-0.0187499999999996,0.14125000000000054
2026-08-16 09:12:38.684,32.715,lower,0.009375000000000355,0.19062499999999982
2026-08-16 09:12:38.694,32.725,lower,-0.09000000000000008,0.04062499999999969
2026-08-16 09:12:38.704,32.735,lower,0.03062499999999968,0.20499999999999963
2026-08-16 09:12:38.714,32.745,lower,-0.05624999999999991,0.08874999999999966
2026-08-16 09:12:38.724,32.755,lower,-0.004999999999999449,0.14562500000000034
2026-08-16 09:12:38.734,32.765,lower,0.021250000000000435,0.1881250000000001
2026-08-16 09:12:38.744,32.775,lower,-0.08750000000000036,0.0318750000000001
2026-08-16 09:12:38.754,32.785,lower,0.03437499999999982,0.20874999999999977
2026-08-16 09:12:38.764,32.795,lower,-0.06687499999999957,0.08687499999999959
2026-08-16 09:12:38.774,32.805,lower,-0.006249999999999867,0.12187500000000018
2026-08-16 09:12:38.784,32.815,lower,0.014374999999999805,0.19062499999999982
