timestamp,elapsed_s,segment,roots_V,grounded_roots_V
2026-08-16 15:25:37.126,0.001,lower,-0.04750000000000032,-0.028124999999999956
2026-08-16 15:25:37.140,0.015,lower,0.06125000000000047,0.001875000000000071
2026-08-16 15:25:37.150,0.025,lower,-0.011249999999999316,-0.009375000000000355
2026-08-16 15:25:37.160,0.035,lower,-0.044999999999999485,-0.02874999999999961
2026-08-16 15:25:37.170,0.045,lower,0.078125,0.008749999999999591
2026-08-16 15:25:37.180,0.055,lower,-0.12687499999999963,-0.040000000000000036
2026-08-16 15:25:37.190,0.065,lower,0.04937500000000039,-0.0024999999999997247
2026-08-16 15:25:37.200,0.075,lower,-0.04187500000000011,-0.010624999999999662
2026-08-16 15:25:37.210,0.085,lower,-0.010624999999999662,-0.03062499999999968
2026-08-16 15:25:37.220,0.095,lower,0.07687499999999958,0.010624999999999662
2026-08-16 15:25:37.230,0.105,lower,-0.13124999999999942,-0.04124999999999934
2026-08-16 15:25:37.240,0.115,lower,0.06312500000000054,-0.0031249999999993783
2026-08-16 15:25:37.250,0.125,lower,-0.020000000000000018,-0.01187500000000008
2026-08-16 15:25:37.260,0.135,lower,-0.038124999999999964,-0.02562500000000023
2026-08-16 15:25:37.270,0.145,lower,0.078125,0.010624999999999662
2026-08-16 15:25:37.280,0.155,lower,-0.12812500000000004,-0.04124999999999934
2026-08-16 15:25:37.290,0.165,lower,0.05562500000000026,-0.0012500000000004174
2026-08-16 15:25:37.300,0.175,lower,-0.04750000000000032,-0.0006249999999996536
2026-08-16 15:25:37.310,0.185,lower,-0.005625000000000213,-0.020000000000000018
2026-08-16 15:25:37.320,0.195,lower,0.078125,0.011250000000000426
2026-08-16 15:25:37.330,0.205,lower,-0.12937499999999935,-0.038124999999999964
2026-08-16 15:25:37.340,0.215,lower,0.06249999999999978,0.004374999999999796
2026-08-16 15:25:37.350,0.225,lower,-0.02375000000000016,-0.006249999999999867
2026-08-16 15:25:37.360,0.235,lower,-0.026249999999999885,-0.02187500000000009
2026-08-16 15:25:37.370,0.245,lower,0.07312500000000055,0.012499999999999734
2026-08-16 15:25:37.380,0.255,lower,-0.12562500000000032,-0.040000000000000036
2026-08-16 15:25:37.390,0.265,lower,0.05437499999999984,0.003750000000000142
2026-08-16 15:25:37.400,0.275,lower,-0.0006249999999996536,-0.00687499999999952
2026-08-16 15:25:37.410,0.285,lower,-0.0012500000000004174,-0.028124999999999956
2026-08-16 15:25:37.420,0.295,lower,0.07437499999999986,0.008749999999999591
2026-08-16 15:25:37.430,0.305,lower,-0.1287499999999997,-0.043124999999999414
2026-08-16 15:25:37.440,0.315,lower,0.06624999999999992,-0.006249999999999867
2026-08-16 15:25:37.450,0.325,lower,-0.027500000000000302,-0.010000000000000009
2026-08-16 15:25:37.460,0.335,lower,-0.024999999999999467,-0.024999999999999467
2026-08-16 15:25:37.470,0.345,lower,0.07624999999999993,0.013125000000000497
2026-08-16 15:25:37.480,0.355,lower,-0.1200000000000001,-0.03750000000000031
2026-08-16 15:25:37.490,0.365,lower,0.06062499999999971,-0.0006249999999996536
2026-08-16 15:25:37.500,0.375,lower,-0.004999999999999449,-0.010000000000000009
2026-08-16 15:25:37.510,0.385,lower,0.004374999999999796,-0.02187500000000009
2026-08-16 15:25:37.520,0.395,lower,0.07562500000000028,0.010000000000000009
2026-08-16 15:25:37.530,0.405,lower,-0.1275000000000004,-0.043124999999999414
2026-08-16 15:25:37.540,0.415,lower,0.07000000000000006,0.003750000000000142
2026-08-16 15:25:37.550,0.425,lower,-0.03375000000000017,0.0
2026-08-16 15:25:37.560,0.435,lower,-0.0187499999999996,-0.02187500000000009
2026-08-16 15:25:37.570,0.445,lower,0.07937500000000042,0.008124999999999938
2026-08-16 15:25:37.580,0.455,lower,-0.1200000000000001,-0.03874999999999962
2026-08-16 15:25:37.590,0.465,lower,0.06249999999999978,0.0012500000000004174
2026-08-16 15:25:37.600,0.475,lower,-0.01187500000000008,-0.0024999999999997247
2026-08-16 15:25:37.610,0.485,lower,0.010000000000000009,-0.014374999999999805
2026-08-16 15:25:37.620,0.495,lower,0.0824999999999998,0.009375000000000355
2026-08-16 15:25:37.630,0.505,lower,-0.12499999999999956,-0.040000000000000036
2026-08-16 15:25:37.640,0.515,lower,0.055000000000000604,0.003750000000000142
2026-08-16 15:25:37.650,0.525,lower,-0.03624999999999989,-0.007500000000000284
2026-08-16 15:25:37.660,0.535,lower,-0.010624999999999662,-0.027500000000000302
2026-08-16 15:25:37.670,0.545,lower,0.07937500000000042,0.011250000000000426
2026-08-16 15:25:37.680,0.555,lower,-0.1200000000000001,-0.03874999999999962
2026-08-16 15:25:37.690,0.565,lower,0.06500000000000061,-0.0024999999999997247
2026-08-16 15:25:37.700,0.575,lower,-0.015625000000000222,-0.004374999999999796
2026-08-16 15:25:37.710,0.585,lower,-0.03437499999999982,-0.022499999999999742
2026-08-16 15:25:37.720,0.595,lower,0.08062499999999972,0.012499999999999734
2026-08-16 15:25:37.730,0.605,lower,-0.1243749999999999,-0.03937500000000038
2026-08-16 15:25:37.740,0.615,lower,0.06062499999999971,-0.0012500000000004174
2026-08-16 15:25:37.750,0.625,lower,-0.0462499999999999,-0.00687499999999952
2026-08-16 15:25:37.760,0.635,lower,-0.003750000000000142,-0.024374999999999813
2026-08-16 15:25:37.770,0.645,lower,0.0824999999999998,0.010624999999999662
2026-08-16 15:25:37.780,0.655,lower,-0.1287499999999997,-0.03750000000000031
2026-08-16 15:25:37.790,0.665,lower,0.07187500000000013,0.001875000000000071
2026-08-16 15:25:37.800,0.675,lower,-0.018124999999999947,-0.0006249999999996536
2026-08-16 15:25:37.810,0.685,lower,-0.024999999999999467,-0.01687499999999953
2026-08-16 15:25:37.820,0.695,lower,0.08000000000000007,0.010000000000000009
2026-08-16 15:25:37.830,0.705,lower,-0.11874999999999969,-0.03937500000000038
2026-08-16 15:25:37.840,0.715,lower,0.0637500000000002,0.005625000000000213
2026-08-16 15:25:37.850,0.725,lower,-0.0506249999999997,0.0006249999999996536
2026-08-16 15:25:37.860,0.735,lower,0.0031250000000004885,-0.014999999999999458
2026-08-16 15:25:37.870,0.745,lower,0.08187500000000014,0.014374999999999805
2026-08-16 15:25:37.880,0.755,lower,-0.12624999999999997,-0.03937500000000038
2026-08-16 15:25:37.890,0.765,lower,0.07000000000000006,-0.001875000000000071
2026-08-16 15:25:37.900,0.775,lower,-0.027500000000000302,-0.007500000000000284
2026-08-16 15:25:37.910,0.785,lower,-0.017500000000000293,-0.027500000000000302
2026-08-16 15:25:37.920,0.795,lower,0.08187500000000014,0.008749999999999591
2026-08-16 15:25:37.930,0.805,lower,-0.11937499999999934,-0.03874999999999962
2026-08-16 15:25:37.940,0.815,lower,0.06500000000000061,0.005625000000000213
2026-08-16 15:25:37.950,0.825,lower,-0.0024999999999997247,-0.010624999999999662
2026-08-16 15:25:37.960,0.835,lower,0.010000000000000009,-0.026874999999999538
2026-08-16 15:25:37.970,0.845,lower,0.08624999999999994,0.010000000000000009
2026-08-16 15:25:37.980,0.855,lower,-0.12312499999999948,-0.03562500000000024
2026-08-16 15:25:37.990,0.865,lower,0.07125000000000048,0.003750000000000142
2026-08-16 15:25:38.000,0.875,lower,-0.02874999999999961,-0.010624999999999662
2026-08-16 15:25:38.010,0.885,lower,-0.010000000000000009,-0.023124999999999396
2026-08-16 15:25:38.020,0.895,lower,0.07937500000000042,0.006875000000000631
2026-08-16 15:25:38.030,0.905,lower,-0.11624999999999996,-0.04249999999999976
2026-08-16 15:25:38.040,0.915,lower,0.06687500000000068,0.0012500000000004174
2026-08-16 15:25:38.050,0.925,lower,-0.009375000000000355,-0.013124999999999387
2026-08-16 15:25:38.060,0.935,lower,0.014374999999999805,-0.02187500000000009
2026-08-16 15:25:38.070,0.945,lower,0.08125000000000049,0.011250000000000426
2026-08-16 15:25:38.080,0.955,lower,-0.12375000000000025,-0.038124999999999964
2026-08-16 15:25:38.090,0.965,lower,0.05750000000000033,0.003750000000000142
2026-08-16 15:25:38.100,0.975,lower,-0.03562500000000024,-0.0024999999999997247
2026-08-16 15:25:38.110,0.985,lower,-0.003750000000000142,-0.017500000000000293
2026-08-16 15:25:38.120,0.995,lower,0.08375000000000021,0.013750000000000151
2026-08-16 15:25:38.130,1.005,lower,-0.11562500000000031,-0.04124999999999934
2026-08-16 15:25:38.140,1.015,lower,0.06812499999999999,0.006249999999999867
2026-08-16 15:25:38.150,1.025,lower,-0.011249999999999316,-0.010000000000000009
2026-08-16 15:25:38.160,1.035,lower,0.012499999999999734,-0.029375000000000373
2026-08-16 15:25:38.170,1.045,lower,0.08312500000000056,0.012499999999999734
2026-08-16 15:25:38.180,1.055,lower,-0.12062499999999976,-0.040000000000000036
2026-08-16 15:25:38.190,1.065,lower,0.061875000000000124,0.006875000000000631
2026-08-16 15:25:38.200,1.075,lower,-0.044999999999999485,-0.009375000000000355
2026-08-16 15:25:38.210,1.085,lower,0.004374999999999796,-0.02562500000000023
2026-08-16 15:25:38.220,1.095,lower,0.08375000000000021,0.010624999999999662
2026-08-16 15:25:38.230,1.105,lower,-0.11062499999999975,-0.040000000000000036
2026-08-16 15:25:38.240,1.115,lower,0.0737500000000002,0.0006249999999996536
2026-08-16 15:25:38.250,1.125,lower,-0.018124999999999947,-0.008124999999999938
2026-08-16 15:25:38.260,1.135,lower,-0.02874999999999961,-0.02062499999999967
2026-08-16 15:25:38.270,1.145,lower,0.08125000000000049,0.010000000000000009
2026-08-16 15:25:38.280,1.155,lower,-0.11750000000000038,-0.04062499999999969
2026-08-16 15:25:38.290,1.165,lower,0.06312500000000054,0.003750000000000142
2026-08-16 15:25:38.300,1.175,lower,-0.050000000000000044,-0.016249999999999876
2026-08-16 15:25:38.310,1.185,lower,0.005625000000000213,-0.017500000000000293
2026-08-16 15:25:38.320,1.195,lower,0.08437499999999987,0.01187500000000008
2026-08-16 15:25:38.330,1.205,lower,-0.1275000000000004,-0.03624999999999989
2026-08-16 15:25:38.340,1.215,lower,0.07249999999999979,0.0024999999999997247
2026-08-16 15:25:38.350,1.225,lower,-0.024374999999999813,-0.004999999999999449
2026-08-16 15:25:38.360,1.235,lower,-0.01687499999999953,-0.016249999999999876
2026-08-16 15:25:38.370,1.245,lower,0.08125000000000049,0.01687500000000064
2026-08-16 15:25:38.380,1.255,lower,-0.11624999999999996,-0.038124999999999964
2026-08-16 15:25:38.390,1.265,lower,0.06624999999999992,0.006875000000000631
2026-08-16 15:25:38.400,1.275,lower,-0.058749999999999636,-0.00687499999999952
2026-08-16 15:25:38.410,1.285,lower,0.012499999999999734,-0.012499999999999734
2026-08-16 15:25:38.420,1.295,lower,0.08187500000000014,0.012499999999999734
2026-08-16 15:25:38.430,1.305,lower,-0.12687499999999963,-0.038124999999999964
2026-08-16 15:25:38.440,1.315,lower,0.07562500000000028,0.008749999999999591
2026-08-16 15:25:38.450,1.325,lower,-0.029375000000000373,-0.011249999999999316
2026-08-16 15:25:38.460,1.335,lower,-0.013750000000000151,-0.022499999999999742
2026-08-16 15:25:38.470,1.345,lower,0.07937500000000042,0.015000000000000568
2026-08-16 15:25:38.480,1.355,lower,-0.11562500000000031,-0.03624999999999989
2026-08-16 15:25:38.490,1.365,lower,0.06874999999999964,0.0031250000000004885
2026-08-16 15:25:38.500,1.375,lower,-0.008749999999999591,-0.008749999999999591
2026-08-16 15:25:38.510,1.385,lower,0.013750000000000151,-0.021249999999999325
2026-08-16 15:25:38.520,1.395,lower,0.08312500000000056,0.010624999999999662
2026-08-16 15:25:38.530,1.405,lower,-0.1243749999999999,-0.038124999999999964
2026-08-16 15:25:38.540,1.415,lower,0.07437499999999986,0.0024999999999997247
2026-08-16 15:25:38.550,1.425,lower,-0.03874999999999962,-0.009375000000000355
2026-08-16 15:25:38.560,1.435,lower,-0.006249999999999867,-0.020000000000000018
2026-08-16 15:25:38.570,1.445,lower,0.0824999999999998,0.013125000000000497
2026-08-16 15:25:38.580,1.455,lower,-0.11499999999999955,-0.03562500000000024
2026-08-16 15:25:38.590,1.465,lower,0.07062499999999972,0.005625000000000213
2026-08-16 15:25:38.600,1.475,lower,-0.013750000000000151,-0.001875000000000071
2026-08-16 15:25:38.610,1.485,lower,0.014374999999999805,-0.014374999999999805
2026-08-16 15:25:38.620,1.495,lower,0.0824999999999998,0.010624999999999662
2026-08-16 15:25:38.630,1.505,lower,-0.1243749999999999,-0.034999999999999476
2026-08-16 15:25:38.640,1.515,lower,0.056875000000000675,0.006875000000000631
2026-08-16 15:25:38.650,1.525,lower,-0.04562500000000025,-0.00687499999999952
2026-08-16 15:25:38.660,1.535,lower,-0.0024999999999997247,-0.014374999999999805
2026-08-16 15:25:38.670,1.545,lower,0.08312500000000056,0.012499999999999734
2026-08-16 15:25:38.680,1.555,lower,-0.11750000000000038,-0.04187500000000011
2026-08-16 15:25:38.690,1.565,lower,0.06750000000000034,0.006249999999999867
2026-08-16 15:25:38.700,1.575,lower,-0.023124999999999396,-0.010000000000000009
2026-08-16 15:25:38.710,1.585,lower,0.015625000000000222,-0.02375000000000016
2026-08-16 15:25:38.720,1.595,lower,0.07937500000000042,0.01187500000000008
2026-08-16 15:25:38.730,1.605,lower,-0.12312499999999948,-0.03750000000000031
2026-08-16 15:25:38.740,1.615,lower,0.06125000000000047,0.0031250000000004885
2026-08-16 15:25:38.750,1.625,lower,-0.05312499999999942,-0.009375000000000355
2026-08-16 15:25:38.760,1.635,lower,0.0050000000000005596,-0.02375000000000016
2026-08-16 15:25:38.770,1.645,lower,0.08125000000000049,0.008749999999999591
2026-08-16 15:25:38.780,1.655,lower,-0.11375000000000024,-0.03687499999999955
2026-08-16 15:25:38.790,1.665,lower,0.07125000000000048,0.0006249999999996536
2026-08-16 15:25:38.800,1.675,lower,-0.02562500000000023,-0.010624999999999662
2026-08-16 15:25:38.810,1.685,lower,-0.020000000000000018,-0.017500000000000293
2026-08-16 15:25:38.820,1.695,lower,0.07937500000000042,0.013125000000000497
2026-08-16 15:25:38.830,1.705,lower,-0.1200000000000001,-0.03687499999999955
2026-08-16 15:25:38.840,1.715,lower,0.0637500000000002,0.006875000000000631
2026-08-16 15:25:38.850,1.725,lower,-0.06124999999999936,-0.006249999999999867
2026-08-16 15:25:38.860,1.735,lower,0.004374999999999796,-0.014999999999999458
2026-08-16 15:25:38.870,1.745,lower,0.08062499999999972,0.010000000000000009
2026-08-16 15:25:38.880,1.755,lower,-0.12937499999999935,-0.038124999999999964
2026-08-16 15:25:38.890,1.765,lower,0.07125000000000048,0.0024999999999997247
2026-08-16 15:25:38.900,1.775,lower,-0.03750000000000031,-0.008124999999999938
2026-08-16 15:25:38.910,1.785,lower,-0.01687499999999953,-0.015625000000000222
2026-08-16 15:25:38.920,1.795,lower,0.07687499999999958,0.009375000000000355
2026-08-16 15:25:38.930,1.805,lower,-0.1200000000000001,-0.04062499999999969
2026-08-16 15:25:38.940,1.815,lower,0.06312500000000054,0.0050000000000005596
2026-08-16 15:25:38.950,1.825,lower,-0.06750000000000034,-0.008749999999999591
2026-08-16 15:25:38.960,1.835,lower,0.011250000000000426,-0.028124999999999956
2026-08-16 15:25:38.970,1.845,lower,0.08000000000000007,0.012499999999999734
2026-08-16 15:25:38.980,1.855,lower,-0.12812500000000004,-0.03937500000000038
2026-08-16 15:25:38.990,1.865,lower,0.07062499999999972,0.0031250000000004885
2026-08-16 15:25:39.000,1.875,lower,-0.04187500000000011,-0.013124999999999387
2026-08-16 15:25:39.010,1.885,lower,-0.013750000000000151,-0.02062499999999967
2026-08-16 15:25:39.020,1.895,lower,0.07062499999999972,0.013125000000000497
2026-08-16 15:25:39.030,1.905,lower,-0.1200000000000001,-0.04124999999999934
2026-08-16 15:25:39.040,1.915,lower,0.06249999999999978,0.001875000000000071
2026-08-16 15:25:39.050,1.925,lower,-0.02062499999999967,-0.013750000000000151
2026-08-16 15:25:39.060,1.935,lower,0.013750000000000151,-0.021249999999999325
2026-08-16 15:25:39.070,1.945,lower,0.078125,0.010000000000000009
2026-08-16 15:25:39.080,1.955,lower,-0.13249999999999984,-0.040000000000000036
2026-08-16 15:25:39.090,1.965,lower,0.07187500000000013,0.004374999999999796
2026-08-16 15:25:39.100,1.975,lower,-0.04562500000000025,-0.005625000000000213
2026-08-16 15:25:39.110,1.985,lower,-0.007500000000000284,-0.01687499999999953
2026-08-16 15:25:39.120,1.995,lower,0.07437499999999986,0.01187500000000008
2026-08-16 15:25:39.130,2.005,lower,-0.1200000000000001,-0.03687499999999955
2026-08-16 15:25:39.140,2.015,lower,0.06312500000000054,0.0024999999999997247
2026-08-16 15:25:39.150,2.025,lower,-0.024999999999999467,-0.007500000000000284
2026-08-16 15:25:39.160,2.035,lower,0.015625000000000222,-0.013750000000000151
2026-08-16 15:25:39.170,2.045,lower,0.07437499999999986,0.009375000000000355
2026-08-16 15:25:39.180,2.055,lower,-0.12687499999999963,-0.04124999999999934
2026-08-16 15:25:39.190,2.065,lower,0.056875000000000675,0.008124999999999938
2026-08-16 15:25:39.200,2.075,lower,-0.051875000000000115,-0.006249999999999867
2026-08-16 15:25:39.210,2.085,lower,-0.005625000000000213,-0.026249999999999885
2026-08-16 15:25:39.220,2.095,lower,0.07874999999999965,0.014374999999999805
2026-08-16 15:25:39.230,2.105,lower,-0.11687499999999962,-0.03750000000000031
2026-08-16 15:25:39.240,2.115,lower,0.06562500000000027,0.008749999999999591
2026-08-16 15:25:39.250,2.125,lower,-0.030000000000000027,-0.010000000000000009
2026-08-16 15:25:39.260,2.135,lower,0.018124999999999947,-0.0187499999999996
2026-08-16 15:25:39.270,2.145,lower,0.07874999999999965,0.013125000000000497
2026-08-16 15:25:39.280,2.155,lower,-0.12249999999999983,-0.03937500000000038
2026-08-16 15:25:39.290,2.165,lower,0.05750000000000033,0.0012500000000004174
2026-08-16 15:25:39.300,2.175,lower,-0.05812499999999998,-0.011249999999999316
2026-08-16 15:25:39.310,2.185,lower,0.0,-0.02062499999999967
2026-08-16 15:25:39.320,2.195,lower,0.08000000000000007,0.008124999999999938
2026-08-16 15:25:39.330,2.205,lower,-0.1143749999999999,-0.04124999999999934
2026-08-16 15:25:39.340,2.215,lower,0.06750000000000034,0.004374999999999796
2026-08-16 15:25:39.350,2.225,lower,-0.03687499999999955,-0.004374999999999796
2026-08-16 15:25:39.360,2.235,lower,-0.016249999999999876,-0.013750000000000151
2026-08-16 15:25:39.370,2.245,lower,0.078125,0.01187500000000008
2026-08-16 15:25:39.380,2.255,lower,-0.12312499999999948,-0.034999999999999476
2026-08-16 15:25:39.390,2.265,lower,0.06062499999999971,0.006249999999999867
2026-08-16 15:25:39.400,2.275,lower,-0.06812499999999999,-0.009375000000000355
2026-08-16 15:25:39.410,2.285,lower,0.0031250000000004885,-0.014374999999999805
2026-08-16 15:25:39.420,2.295,lower,0.07624999999999993,0.012499999999999734
2026-08-16 15:25:39.430,2.305,lower,-0.13499999999999956,-0.03874999999999962
2026-08-16 15:25:39.440,2.315,lower,0.07062499999999972,0.0050000000000005596
2026-08-16 15:25:39.450,2.325,lower,-0.04187500000000011,-0.007500000000000284
2026-08-16 15:25:39.460,2.335,lower,-0.01187500000000008,-0.024999999999999467
2026-08-16 15:25:39.470,2.345,lower,0.07562500000000028,0.010624999999999662
2026-08-16 15:25:39.480,2.355,lower,-0.12062499999999976,-0.038124999999999964
2026-08-16 15:25:39.490,2.365,lower,0.06500000000000061,0.01187500000000008
2026-08-16 15:25:39.500,2.375,lower,-0.019375000000000364,-0.010624999999999662
2026-08-16 15:25:39.510,2.385,lower,0.012499999999999734,-0.02187500000000009
2026-08-16 15:25:39.520,2.395,lower,0.07437499999999986,0.015000000000000568
2026-08-16 15:25:39.530,2.405,lower,-0.13000000000000012,-0.038124999999999964
2026-08-16 15:25:39.540,2.415,lower,0.07125000000000048,0.005625000000000213
2026-08-16 15:25:39.550,2.425,lower,-0.05249999999999977,-0.01187500000000008
2026-08-16 15:25:39.560,2.435,lower,-0.00687499999999952,-0.018124999999999947
2026-08-16 15:25:39.570,2.445,lower,0.07500000000000062,0.013750000000000151
2026-08-16 15:25:39.580,2.455,lower,-0.1200000000000001,-0.038124999999999964
2026-08-16 15:25:39.590,2.465,lower,0.06500000000000061,0.004374999999999796
2026-08-16 15:25:39.600,2.475,lower,-0.024999999999999467,-0.014374999999999805
2026-08-16 15:25:39.610,2.485,lower,0.015625000000000222,-0.01687499999999953
2026-08-16 15:25:39.620,2.495,lower,0.07562500000000028,0.015625000000000222
2026-08-16 15:25:39.630,2.505,lower,-0.13000000000000012,-0.03750000000000031
2026-08-16 15:25:39.640,2.515,lower,0.06874999999999964,0.005625000000000213
2026-08-16 15:25:39.650,2.525,lower,-0.054999999999999494,-0.008124999999999938
2026-08-16 15:25:39.660,2.535,lower,-0.001875000000000071,-0.013124999999999387
2026-08-16 15:25:39.670,2.545,lower,0.078125,0.011250000000000426
2026-08-16 15:25:39.680,2.555,lower,-0.11624999999999996,-0.043124999999999414
2026-08-16 15:25:39.690,2.565,lower,0.06249999999999978,0.007500000000000284
2026-08-16 15:25:39.700,2.575,lower,-0.03062499999999968,-0.011249999999999316
2026-08-16 15:25:39.710,2.585,lower,0.018124999999999947,-0.008749999999999591
2026-08-16 15:25:39.720,2.595,lower,0.07500000000000062,0.01187500000000008
2026-08-16 15:25:39.730,2.605,lower,-0.12562500000000032,-0.03624999999999989
2026-08-16 15:25:39.740,2.615,lower,0.0593750000000004,0.005625000000000213
2026-08-16 15:25:39.750,2.625,lower,-0.0593750000000004,-0.010000000000000009
2026-08-16 15:25:39.760,2.635,lower,0.0024999999999997247,-0.021249999999999325
2026-08-16 15:25:39.770,2.645,lower,0.078125,0.012499999999999734
2026-08-16 15:25:39.780,2.655,lower,-0.11187500000000017,-0.03750000000000031
2026-08-16 15:25:39.790,2.665,lower,0.06937500000000041,-0.0012500000000004174
2026-08-16 15:25:39.800,2.675,lower,-0.03687499999999955,-0.010624999999999662
2026-08-16 15:25:39.810,2.685,lower,0.021250000000000435,-0.019375000000000364
2026-08-16 15:25:39.820,2.695,lower,0.07624999999999993,0.01187500000000008
2026-08-16 15:25:39.830,2.705,lower,-0.12249999999999983,-0.03874999999999962
2026-08-16 15:25:39.840,2.715,lower,0.061875000000000124,0.007500000000000284
2026-08-16 15:25:39.850,2.725,lower,-0.06874999999999964,-0.016249999999999876
2026-08-16 15:25:39.860,2.735,lower,0.006875000000000631,-0.013750000000000151
2026-08-16 15:25:39.870,2.745,lower,0.078125,0.015625000000000222
2026-08-16 15:25:39.880,2.755,lower,-0.10687499999999961,-0.038124999999999964
2026-08-16 15:25:39.890,2.765,lower,0.06937500000000041,0.0050000000000005596
2026-08-16 15:25:39.900,2.775,lower,-0.04187500000000011,-0.007500000000000284
2026-08-16 15:25:39.910,2.785,lower,-0.013750000000000151,-0.014999999999999458
2026-08-16 15:25:39.920,2.795,lower,0.07687499999999958,0.01187500000000008
2026-08-16 15:25:39.930,2.805,lower,-0.1200000000000001,-0.04187500000000011
2026-08-16 15:25:39.940,2.815,lower,0.06437499999999985,0.007500000000000284
2026-08-16 15:25:39.950,2.825,lower,-0.07249999999999979,-0.009375000000000355
2026-08-16 15:25:39.960,2.835,lower,0.012499999999999734,-0.011249999999999316
2026-08-16 15:25:39.970,2.845,lower,0.08000000000000007,0.009375000000000355
2026-08-16 15:25:39.980,2.855,lower,-0.12937499999999935,-0.03562500000000024
2026-08-16 15:25:39.990,2.865,lower,0.07437499999999986,0.011250000000000426
2026-08-16 15:25:40.000,2.875,lower,-0.044999999999999485,-0.010000000000000009
2026-08-16 15:25:40.010,2.885,lower,-0.00687499999999952,-0.021249999999999325
2026-08-16 15:25:40.020,2.895,lower,0.07249999999999979,0.013750000000000151
2026-08-16 15:25:40.030,2.905,lower,-0.12124999999999941,-0.043124999999999414
2026-08-16 15:25:40.040,2.915,lower,0.06562500000000027,0.0006249999999996536
2026-08-16 15:25:40.050,2.925,lower,-0.078125,-0.01187500000000008
2026-08-16 15:25:40.060,2.935,lower,0.013750000000000151,-0.021249999999999325
2026-08-16 15:25:40.070,2.945,lower,0.07500000000000062,0.011250000000000426
2026-08-16 15:25:40.080,2.955,lower,-0.12812500000000004,-0.03937500000000038
2026-08-16 15:25:40.090,2.965,lower,0.07562500000000028,0.0024999999999997247
2026-08-16 15:25:40.100,2.975,lower,-0.05124999999999935,-0.012499999999999734
2026-08-16 15:25:40.110,2.985,lower,-0.0006249999999996536,-0.014999999999999458
2026-08-16 15:25:40.120,2.995,lower,0.07312500000000055,0.012499999999999734
2026-08-16 15:25:40.130,3.005,lower,-0.11750000000000038,-0.03624999999999989
2026-08-16 15:25:40.140,3.015,lower,0.06500000000000061,0.007500000000000284
2026-08-16 15:25:40.150,3.025,lower,-0.028124999999999956,-0.00687499999999952
2026-08-16 15:25:40.160,3.035,lower,0.0187499999999996,-0.010624999999999662
2026-08-16 15:25:40.170,3.045,lower,0.07750000000000035,0.012499999999999734
2026-08-16 15:25:40.180,3.055,lower,-0.12624999999999997,-0.03624999999999989
2026-08-16 15:25:40.190,3.065,lower,0.07624999999999993,0.006875000000000631
2026-08-16 15:25:40.200,3.075,lower,-0.06312499999999943,-0.009375000000000355
2026-08-16 15:25:40.210,3.085,lower,0.0024999999999997247,-0.011249999999999316
2026-08-16 15:25:40.220,3.095,lower,0.08125000000000049,0.012499999999999734
2026-08-16 15:25:40.230,3.105,lower,-0.11249999999999982,-0.04062499999999969
2026-08-16 15:25:40.240,3.115,lower,0.07249999999999979,0.009375000000000355
2026-08-16 15:25:40.250,3.125,lower,-0.0318750000000001,-0.00687499999999952
2026-08-16 15:25:40.260,3.135,lower,0.02187500000000009,-0.023124999999999396
2026-08-16 15:25:40.270,3.145,lower,0.07750000000000035,0.013125000000000497
2026-08-16 15:25:40.280,3.155,lower,-0.11937499999999934,-0.03562500000000024
2026-08-16 15:25:40.290,3.165,lower,0.061875000000000124,0.010624999999999662
2026-08-16 15:25:40.300,3.175,lower,-0.0649999999999995,-0.014374999999999805
2026-08-16 15:25:40.310,3.185,lower,0.009375000000000355,-0.020000000000000018
2026-08-16 15:25:40.320,3.195,lower,0.08000000000000007,0.015000000000000568
2026-08-16 15:25:40.330,3.205,lower,-0.11249999999999982,-0.03750000000000031
2026-08-16 15:25:40.340,3.215,lower,0.07125000000000048,0.006249999999999867
2026-08-16 15:25:40.350,3.225,lower,-0.03750000000000031,-0.013124999999999387
2026-08-16 15:25:40.360,3.235,lower,0.026249999999999885,-0.018124999999999947
2026-08-16 15:25:40.370,3.245,lower,0.07187500000000013,0.014374999999999805
2026-08-16 15:25:40.380,3.255,lower,-0.12375000000000025,-0.03750000000000031
2026-08-16 15:25:40.390,3.265,lower,0.06312500000000054,0.003750000000000142
2026-08-16 15:25:40.400,3.275,lower,-0.07124999999999937,-0.00687499999999952
2026-08-16 15:25:40.410,3.285,lower,0.006875000000000631,-0.013750000000000151
2026-08-16 15:25:40.420,3.295,lower,0.08000000000000007,0.012499999999999734
2026-08-16 15:25:40.430,3.305,lower,-0.11249999999999982,-0.03624999999999989
2026-08-16 15:25:40.440,3.315,lower,0.06937500000000041,0.004374999999999796
2026-08-16 15:25:40.450,3.325,lower,-0.04437499999999983,-0.010000000000000009
2026-08-16 15:25:40.460,3.335,lower,-0.006249999999999867,-0.007500000000000284
2026-08-16 15:25:40.470,3.345,lower,0.07500000000000062,0.011250000000000426
2026-08-16 15:25:40.480,3.355,lower,-0.1200000000000001,-0.03937500000000038
2026-08-16 15:25:40.490,3.365,lower,0.07312500000000055,0.009375000000000355
2026-08-16 15:25:40.500,3.375,lower,-0.07687499999999958,-0.01187500000000008
2026-08-16 15:25:40.510,3.385,lower,0.015000000000000568,-0.0187499999999996
2026-08-16 15:25:40.520,3.395,lower,0.08062499999999972,0.013125000000000497
2026-08-16 15:25:40.530,3.405,lower,-0.12624999999999997,-0.03750000000000031
2026-08-16 15:25:40.540,3.415,lower,0.07312500000000055,0.006249999999999867
2026-08-16 15:25:40.550,3.425,lower,-0.05124999999999935,-0.009375000000000355
2026-08-16 15:25:40.560,3.435,lower,-0.0012500000000004174,-0.02187500000000009
2026-08-16 15:25:40.570,3.445,lower,0.07437499999999986,0.01187500000000008
2026-08-16 15:25:40.580,3.455,lower,-0.1143749999999999,-0.04249999999999976
2026-08-16 15:25:40.590,3.465,lower,0.06874999999999964,-0.0006249999999996536
2026-08-16 15:25:40.600,3.475,lower,-0.08124999999999938,-0.013750000000000151
2026-08-16 15:25:40.610,3.485,lower,0.018124999999999947,-0.014374999999999805
2026-08-16 15:25:40.620,3.495,lower,0.08125000000000049,0.011250000000000426
2026-08-16 15:25:40.630,3.505,lower,-0.12624999999999997,-0.03874999999999962
2026-08-16 15:25:40.640,3.515,lower,0.07437499999999986,0.007500000000000284
2026-08-16 15:25:40.650,3.525,lower,-0.06249999999999978,-0.02062499999999967
2026-08-16 15:25:40.660,3.535,lower,0.0031250000000004885,-0.014374999999999805
2026-08-16 15:25:40.670,3.545,lower,0.06937500000000041,0.010000000000000009
2026-08-16 15:25:40.680,3.555,lower,-0.11499999999999955,-0.038124999999999964
2026-08-16 15:25:40.690,3.565,lower,0.06937500000000041,0.006249999999999867
2026-08-16 15:25:40.700,3.575,lower,-0.03437499999999982,-0.010000000000000009
2026-08-16 15:25:40.710,3.585,lower,0.020000000000000018,-0.011249999999999316
2026-08-16 15:25:40.720,3.595,lower,0.08062499999999972,0.010624999999999662
2026-08-16 15:25:40.730,3.605,lower,-0.12187500000000018,-0.04124999999999934
2026-08-16 15:25:40.740,3.615,lower,0.07624999999999993,0.008124999999999938
2026-08-16 15:25:40.750,3.625,lower,-0.06562500000000027,-0.010000000000000009
2026-08-16 15:25:40.760,3.635,lower,0.009375000000000355,-0.02187500000000009
2026-08-16 15:25:40.770,3.645,lower,0.08000000000000007,0.008749999999999591
2026-08-16 15:25:40.780,3.655,lower,-0.1143749999999999,-0.040000000000000036
2026-08-16 15:25:40.790,3.665,lower,0.07187500000000013,0.011250000000000426
2026-08-16 15:25:40.800,3.675,lower,-0.038124999999999964,-0.013124999999999387
2026-08-16 15:25:40.810,3.685,lower,0.02375000000000016,-0.02062499999999967
2026-08-16 15:25:40.820,3.695,lower,0.078125,0.013125000000000497
2026-08-16 15:25:40.830,3.705,lower,-0.11937499999999934,-0.04062499999999969
2026-08-16 15:25:40.840,3.715,lower,0.06437499999999985,0.006249999999999867
2026-08-16 15:25:40.850,3.725,lower,-0.07000000000000006,-0.01687499999999953
2026-08-16 15:25:40.860,3.735,lower,0.012499999999999734,-0.02187500000000009
2026-08-16 15:25:40.870,3.745,lower,0.07874999999999965,0.012499999999999734
2026-08-16 15:25:40.880,3.755,lower,-0.1112499999999994,-0.038124999999999964
2026-08-16 15:25:40.890,3.765,lower,0.07187500000000013,0.0050000000000005596
2026-08-16 15:25:40.900,3.775,lower,-0.046874999999999556,-0.02062499999999967
2026-08-16 15:25:40.910,3.785,lower,0.02375000000000016,-0.014999999999999458
2026-08-16 15:25:40.920,3.795,lower,0.07624999999999993,0.007500000000000284
2026-08-16 15:25:40.930,3.805,lower,-0.11812500000000004,-0.03750000000000031
2026-08-16 15:25:40.940,3.815,lower,0.06500000000000061,0.0050000000000005596
2026-08-16 15:25:40.950,3.825,lower,-0.07750000000000035,-0.01187500000000008
2026-08-16 15:25:40.960,3.835,lower,0.015625000000000222,-0.010000000000000009
2026-08-16 15:25:40.970,3.845,lower,0.07687499999999958,0.015000000000000568
2026-08-16 15:25:40.980,3.855,lower,-0.1056250000000003,-0.03687499999999955
2026-08-16 15:25:40.990,3.865,lower,0.07187500000000013,0.005625000000000213
2026-08-16 15:25:41.000,3.875,lower,-0.05124999999999935,-0.016249999999999876
2026-08-16 15:25:41.010,3.885,lower,-0.005625000000000213,-0.014999999999999458
2026-08-16 15:25:41.020,3.895,lower,0.07624999999999993,0.009375000000000355
2026-08-16 15:25:41.030,3.905,lower,-0.11937499999999934,-0.038124999999999964
2026-08-16 15:25:41.040,3.915,lower,0.06624999999999992,0.003750000000000142
2026-08-16 15:25:41.050,3.925,lower,-0.08437499999999987,-0.012499999999999734
2026-08-16 15:25:41.060,3.935,lower,0.016249999999999876,-0.022499999999999742
2026-08-16 15:25:41.070,3.945,lower,0.07187500000000013,0.008749999999999591
2026-08-16 15:25:41.080,3.955,lower,-0.1318750000000002,-0.03874999999999962
2026-08-16 15:25:41.090,3.965,lower,0.07687499999999958,0.0024999999999997247
2026-08-16 15:25:41.100,3.975,lower,-0.05562500000000026,-0.014374999999999805
2026-08-16 15:25:41.110,3.985,lower,0.0006249999999996536,-0.017500000000000293
2026-08-16 15:25:41.120,3.995,lower,0.07187500000000013,0.011250000000000426
2026-08-16 15:25:41.130,4.005,lower,-0.11562500000000031,-0.03687499999999955
2026-08-16 15:25:41.140,4.015,lower,0.06437499999999985,0.001875000000000071
2026-08-16 15:25:41.150,4.025,lower,-0.08937500000000043,-0.02187500000000009
2026-08-16 15:25:41.160,4.035,lower,0.02062499999999967,-0.013124999999999387
2026-08-16 15:25:41.170,4.045,lower,0.07562500000000028,0.01187500000000008
2026-08-16 15:25:41.180,4.055,lower,-0.13124999999999942,-0.038124999999999964
2026-08-16 15:25:41.190,4.065,lower,0.07624999999999993,0.0050000000000005596
2026-08-16 15:25:41.200,4.075,lower,-0.06562500000000027,-0.010624999999999662
2026-08-16 15:25:41.210,4.085,lower,0.003750000000000142,-0.010624999999999662
2026-08-16 15:25:41.220,4.095,lower,0.06812499999999999,0.011250000000000426
2026-08-16 15:25:41.230,4.105,lower,-0.11375000000000024,-0.03750000000000031
2026-08-16 15:25:41.240,4.115,lower,0.06624999999999992,0.0050000000000005596
2026-08-16 15:25:41.250,4.125,lower,-0.04249999999999976,-0.013124999999999387
2026-08-16 15:25:41.260,4.135,lower,0.020000000000000018,-0.009375000000000355
2026-08-16 15:25:41.270,4.145,lower,0.07500000000000062,0.011250000000000426
2026-08-16 15:25:41.280,4.155,lower,-0.1287499999999997,-0.03874999999999962
2026-08-16 15:25:41.290,4.165,lower,0.07687499999999958,0.010624999999999662
2026-08-16 15:25:41.300,4.175,lower,-0.0737500000000002,-0.012499999999999734
2026-08-16 15:25:41.310,4.185,lower,0.0050000000000005596,-0.020000000000000018
2026-08-16 15:25:41.320,4.195,lower,0.07687499999999958,0.01187500000000008
2026-08-16 15:25:41.330,4.205,lower,-0.11062499999999975,-0.04062499999999969
2026-08-16 15:25:41.340,4.215,lower,0.06562500000000027,0.0031250000000004885
2026-08-16 15:25:41.350,4.225,lower,-0.04750000000000032,-0.01687499999999953
2026-08-16 15:25:41.360,4.235,lower,0.024374999999999813,-0.0187499999999996
2026-08-16 15:25:41.370,4.245,lower,0.07187500000000013,0.009375000000000355
2026-08-16 15:25:41.380,4.255,lower,-0.1243749999999999,-0.03750000000000031
2026-08-16 15:25:41.390,4.265,lower,0.06249999999999978,-0.0024999999999997247
2026-08-16 15:25:41.400,4.275,lower,-0.07874999999999965,-0.0187499999999996
2026-08-16 15:25:41.410,4.285,lower,0.006875000000000631,-0.018124999999999947
2026-08-16 15:25:41.420,4.295,lower,0.07500000000000062,0.005625000000000213
2026-08-16 15:25:41.430,4.305,lower,-0.11312499999999948,-0.03874999999999962
2026-08-16 15:25:41.440,4.315,lower,0.07125000000000048,0.007500000000000284
2026-08-16 15:25:41.450,4.325,lower,-0.054999999999999494,-0.01187500000000008
2026-08-16 15:25:41.460,4.335,lower,0.028124999999999956,-0.010624999999999662
2026-08-16 15:25:41.470,4.345,lower,0.07062499999999972,0.011250000000000426
2026-08-16 15:25:41.480,4.355,lower,-0.12562500000000032,-0.03437499999999982
2026-08-16 15:25:41.490,4.365,lower,0.06562500000000027,0.008124999999999938
2026-08-16 15:25:41.500,4.375,lower,-0.08499999999999952,-0.014999999999999458
2026-08-16 15:25:41.510,4.385,lower,0.009375000000000355,-0.010624999999999662
2026-08-16 15:25:41.520,4.395,lower,0.07500000000000062,0.008124999999999938
2026-08-16 15:25:41.530,4.405,lower,-0.10750000000000037,-0.03687499999999955
2026-08-16 15:25:41.540,4.415,lower,0.07249999999999979,0.007500000000000284
2026-08-16 15:25:41.550,4.425,lower,-0.06124999999999936,-0.013124999999999387
2026-08-16 15:25:41.560,4.435,lower,-0.0024999999999997247,-0.023124999999999396
2026-08-16 15:25:41.570,4.445,lower,0.06874999999999964,0.008749999999999591
2026-08-16 15:25:41.580,4.455,lower,-0.11812500000000004,-0.03874999999999962
2026-08-16 15:25:41.590,4.465,lower,0.06937500000000041,0.009375000000000355
2026-08-16 15:25:41.600,4.475,lower,-0.09000000000000008,-0.014999999999999458
2026-08-16 15:25:41.610,4.485,lower,0.013750000000000151,-0.018124999999999947
2026-08-16 15:25:41.620,4.495,lower,0.07687499999999958,0.008749999999999591
2026-08-16 15:25:41.630,4.505,lower,-0.1275000000000004,-0.03687499999999955
2026-08-16 15:25:41.640,4.515,lower,0.06874999999999964,0.001875000000000071
2026-08-16 15:25:41.650,4.525,lower,-0.0649999999999995,-0.02375000000000016
2026-08-16 15:25:41.660,4.535,lower,-0.0012500000000004174,-0.014999999999999458
2026-08-16 15:25:41.670,4.545,lower,0.06687500000000068,0.010000000000000009
2026-08-16 15:25:41.680,4.555,lower,-0.11874999999999969,-0.040000000000000036
2026-08-16 15:25:41.690,4.565,lower,0.06562500000000027,0.005625000000000213
2026-08-16 15:25:41.700,4.575,lower,-0.0968749999999996,-0.024999999999999467
2026-08-16 15:25:41.710,4.585,lower,0.02375000000000016,-0.013750000000000151
2026-08-16 15:25:41.720,4.595,lower,0.07624999999999993,0.012499999999999734
2026-08-16 15:25:41.730,4.605,lower,-0.12687499999999963,-0.04124999999999934
2026-08-16 15:25:41.740,4.615,lower,0.07249999999999979,0.006875000000000631
2026-08-16 15:25:41.750,4.625,lower,-0.07062499999999972,-0.009375000000000355
2026-08-16 15:25:41.760,4.635,lower,0.006249999999999867,-0.008749999999999591
2026-08-16 15:25:41.770,4.645,lower,0.06437499999999985,0.011250000000000426
2026-08-16 15:25:41.780,4.655,lower,-0.1143749999999999,-0.03874999999999962
2026-08-16 15:25:41.790,4.665,lower,0.0737500000000002,0.008749999999999591
2026-08-16 15:25:41.800,4.675,lower,-0.044999999999999485,-0.010624999999999662
2026-08-16 15:25:41.810,4.685,lower,0.022499999999999742,-0.019375000000000364
2026-08-16 15:25:41.820,4.695,lower,0.0737500000000002,0.010624999999999662
2026-08-16 15:25:41.830,4.705,lower,-0.12312499999999948,-0.038124999999999964
2026-08-16 15:25:41.840,4.715,lower,0.07500000000000062,0.010000000000000009
2026-08-16 15:25:41.850,4.725,lower,-0.0737500000000002,-0.0187499999999996
2026-08-16 15:25:41.860,4.735,lower,0.010624999999999662,-0.015625000000000222
2026-08-16 15:25:41.870,4.745,lower,0.0737500000000002,0.01187500000000008
2026-08-16 15:25:41.880,4.755,lower,-0.11062499999999975,-0.03687499999999955
2026-08-16 15:25:41.890,4.765,lower,0.07249999999999979,0.003750000000000142
2026-08-16 15:25:41.900,4.775,lower,-0.05312499999999942,-0.018124999999999947
2026-08-16 15:25:41.910,4.785,lower,0.026249999999999885,-0.019375000000000364
2026-08-16 15:25:41.920,4.795,lower,0.07125000000000048,0.008124999999999938
2026-08-16 15:25:41.930,4.805,lower,-0.12312499999999948,-0.03750000000000031
2026-08-16 15:25:41.940,4.815,lower,0.07874999999999965,0.003750000000000142
2026-08-16 15:25:41.950,4.825,lower,-0.08187500000000014,-0.02187500000000009
2026-08-16 15:25:41.960,4.835,lower,0.015000000000000568,-0.011249999999999316
2026-08-16 15:25:41.970,4.845,lower,0.07750000000000035,0.006875000000000631
2026-08-16 15:25:41.980,4.855,lower,-0.10499999999999954,-0.03624999999999989
2026-08-16 15:25:41.990,4.865,lower,0.07312500000000055,0.010000000000000009
2026-08-16 15:25:42.000,4.875,lower,-0.05562500000000026,-0.013124999999999387
2026-08-16 15:25:42.010,4.885,lower,0.02687500000000065,-0.01187500000000008
2026-08-16 15:25:42.020,4.895,lower,0.07125000000000048,0.012499999999999734
2026-08-16 15:25:42.030,4.905,lower,-0.12124999999999941,-0.043124999999999414
2026-08-16 15:25:42.040,4.915,lower,0.0637500000000002,0.005625000000000213
2026-08-16 15:25:42.050,4.925,lower,-0.08499999999999952,-0.014374999999999805
2026-08-16 15:25:42.060,4.935,lower,0.019375000000000364,-0.010000000000000009
2026-08-16 15:25:42.070,4.945,lower,0.07500000000000062,0.008124999999999938
2026-08-16 15:25:42.080,4.955,lower,-0.10375000000000023,-0.04062499999999969
2026-08-16 15:25:42.090,4.965,lower,0.07500000000000062,0.007500000000000284
2026-08-16 15:25:42.100,4.975,lower,-0.06124999999999936,-0.012499999999999734
2026-08-16 15:25:42.110,4.985,lower,-0.0006249999999996536,-0.017500000000000293
2026-08-16 15:25:42.120,4.995,lower,0.07187500000000013,0.008124999999999938
2026-08-16 15:25:42.130,5.005,lower,-0.11874999999999969,-0.03937500000000038
2026-08-16 15:25:42.140,5.015,lower,0.06937500000000041,0.0012500000000004174
2026-08-16 15:25:42.150,5.025,lower,-0.09312499999999946,-0.017500000000000293
2026-08-16 15:25:42.160,5.035,lower,0.018124999999999947,-0.013750000000000151
2026-08-16 15:25:42.170,5.045,lower,0.07312500000000055,0.0050000000000005596
2026-08-16 15:25:42.180,5.055,lower,-0.10062499999999974,-0.04187500000000011
2026-08-16 15:25:42.190,5.065,lower,0.07249999999999979,0.0031250000000004885
2026-08-16 15:25:42.200,5.075,lower,-0.07062499999999972,-0.02562500000000023
2026-08-16 15:25:42.210,5.085,lower,0.006875000000000631,-0.010624999999999662
2026-08-16 15:25:42.220,5.095,lower,0.06750000000000034,0.010000000000000009
2026-08-16 15:25:42.230,5.105,lower,-0.1112499999999994,-0.03624999999999989
2026-08-16 15:25:42.240,5.115,lower,0.0737500000000002,0.010000000000000009
2026-08-16 15:25:42.250,5.125,lower,-0.09937499999999932,-0.015625000000000222
2026-08-16 15:25:42.260,5.135,lower,0.023125000000000506,-0.013750000000000151
2026-08-16 15:25:42.270,5.145,lower,0.07624999999999993,0.01187500000000008
2026-08-16 15:25:42.280,5.155,lower,-0.12249999999999983,-0.038124999999999964
2026-08-16 15:25:42.290,5.165,lower,0.07874999999999965,0.007500000000000284
2026-08-16 15:25:42.300,5.175,lower,-0.07187500000000013,-0.012499999999999734
2026-08-16 15:25:42.310,5.185,lower,0.007500000000000284,-0.005625000000000213
2026-08-16 15:25:42.320,5.195,lower,0.06812499999999999,0.009375000000000355
2026-08-16 15:25:42.330,5.205,lower,-0.10750000000000037,-0.03750000000000031
2026-08-16 15:25:42.340,5.215,lower,0.07187500000000013,0.011250000000000426
2026-08-16 15:25:42.350,5.225,lower,-0.051875000000000115,-0.014374999999999805
2026-08-16 15:25:42.360,5.235,lower,0.031250000000000444,-0.016249999999999876
2026-08-16 15:25:42.370,5.245,lower,0.07312500000000055,0.010000000000000009
2026-08-16 15:25:42.380,5.255,lower,-0.12312499999999948,-0.038124999999999964
2026-08-16 15:25:42.390,5.265,lower,0.078125,-0.0012500000000004174
2026-08-16 15:25:42.400,5.275,lower,-0.08000000000000007,-0.020000000000000018
2026-08-16 15:25:42.410,5.285,lower,0.012499999999999734,-0.016249999999999876
2026-08-16 15:25:42.420,5.295,lower,0.06062499999999971,0.011250000000000426
2026-08-16 15:25:42.430,5.305,lower,-0.10874999999999968,-0.03937500000000038
2026-08-16 15:25:42.440,5.315,lower,0.07125000000000048,0.0050000000000005596
2026-08-16 15:25:42.450,5.325,lower,-0.05624999999999991,-0.024374999999999813
2026-08-16 15:25:42.460,5.335,lower,0.03249999999999975,-0.013124999999999387
2026-08-16 15:25:42.470,5.345,lower,0.07125000000000048,0.012499999999999734
2026-08-16 15:25:42.480,5.355,lower,-0.11812500000000004,-0.03937500000000038
2026-08-16 15:25:42.490,5.365,lower,0.08062499999999972,0.006249999999999867
2026-08-16 15:25:42.500,5.375,lower,-0.08750000000000036,-0.012499999999999734
2026-08-16 15:25:42.510,5.385,lower,0.015625000000000222,-0.008124999999999938
2026-08-16 15:25:42.520,5.395,lower,0.078125,0.012499999999999734
2026-08-16 15:25:42.530,5.405,lower,-0.10437499999999988,-0.03562500000000024
2026-08-16 15:25:42.540,5.415,lower,0.07624999999999993,0.009375000000000355
2026-08-16 15:25:42.550,5.425,lower,-0.056874999999999565,-0.014374999999999805
2026-08-16 15:25:42.560,5.435,lower,0.03249999999999975,-0.007500000000000284
2026-08-16 15:25:42.570,5.445,lower,0.07062499999999972,0.010000000000000009
2026-08-16 15:25:42.580,5.455,lower,-0.11750000000000038,-0.038124999999999964
2026-08-16 15:25:42.590,5.465,lower,0.07125000000000048,0.006249999999999867
2026-08-16 15:25:42.600,5.475,lower,-0.09124999999999939,-0.015625000000000222
2026-08-16 15:25:42.610,5.485,lower,0.02062499999999967,-0.017500000000000293
2026-08-16 15:25:42.620,5.495,lower,0.07624999999999993,0.010624999999999662
2026-08-16 15:25:42.630,5.505,lower,-0.09750000000000036,-0.03750000000000031
2026-08-16 15:25:42.640,5.515,lower,0.07500000000000062,0.0031250000000004885
2026-08-16 15:25:42.650,5.525,lower,-0.06687499999999957,-0.020000000000000018
2026-08-16 15:25:42.660,5.535,lower,0.005625000000000213,-0.017500000000000293
2026-08-16 15:25:42.670,5.545,lower,0.07000000000000006,0.0050000000000005596
2026-08-16 15:25:42.680,5.555,lower,-0.11375000000000024,-0.040000000000000036
2026-08-16 15:25:42.690,5.565,lower,0.07125000000000048,0.0031250000000004885
2026-08-16 15:25:42.700,5.575,lower,-0.09812500000000002,-0.024374999999999813
2026-08-16 15:25:42.710,5.585,lower,0.026249999999999885,-0.012499999999999734
2026-08-16 15:25:42.720,5.595,lower,0.08000000000000007,0.01187500000000008
2026-08-16 15:25:42.730,5.605,lower,-0.09750000000000036,-0.038124999999999964
2026-08-16 15:25:42.740,5.615,lower,0.0737500000000002,0.008749999999999591
2026-08-16 15:25:42.750,5.625,lower,-0.06812499999999999,-0.010624999999999662
2026-08-16 15:25:42.760,5.635,lower,0.010624999999999662,-0.011249999999999316
2026-08-16 15:25:42.770,5.645,lower,0.06500000000000061,0.010624999999999662
2026-08-16 15:25:42.780,5.655,lower,-0.1100000000000001,-0.03874999999999962
2026-08-16 15:25:42.790,5.665,lower,0.07312500000000055,0.008124999999999938
2026-08-16 15:25:42.800,5.675,lower,-0.10187500000000016,-0.01687499999999953
2026-08-16 15:25:42.810,5.685,lower,0.026249999999999885,-0.007500000000000284
2026-08-16 15:25:42.820,5.695,lower,0.07874999999999965,0.011250000000000426
2026-08-16 15:25:42.830,5.705,lower,-0.12187500000000018,-0.04249999999999976
2026-08-16 15:25:42.840,5.715,lower,0.07624999999999993,0.008749999999999591
2026-08-16 15:25:42.850,5.725,lower,-0.07562500000000028,-0.01687499999999953
2026-08-16 15:25:42.860,5.735,lower,0.013125000000000497,-0.022499999999999742
2026-08-16 15:25:42.870,5.745,lower,0.06125000000000047,0.007500000000000284
2026-08-16 15:25:42.880,5.755,lower,-0.1100000000000001,-0.03874999999999962
2026-08-16 15:25:42.890,5.765,lower,0.07187500000000013,0.009375000000000355
2026-08-16 15:25:42.900,5.775,lower,-0.05812499999999998,-0.020000000000000018
2026-08-16 15:25:42.910,5.785,lower,0.024374999999999813,-0.019375000000000364
2026-08-16 15:25:42.920,5.795,lower,0.07312500000000055,0.007500000000000284
2026-08-16 15:25:42.930,5.805,lower,-0.1200000000000001,-0.040000000000000036
2026-08-16 15:25:42.940,5.815,lower,0.078125,0.0050000000000005596
2026-08-16 15:25:42.950,5.825,lower,-0.08562500000000028,-0.023124999999999396
2026-08-16 15:25:42.960,5.835,lower,0.01687500000000064,-0.016249999999999876
2026-08-16 15:25:42.970,5.845,lower,0.05812499999999998,0.01187500000000008
2026-08-16 15:25:42.980,5.855,lower,-0.10499999999999954,-0.03874999999999962
2026-08-16 15:25:42.990,5.865,lower,0.07562500000000028,0.006249999999999867
2026-08-16 15:25:43.000,5.875,lower,-0.06000000000000005,-0.024374999999999813
2026-08-16 15:25:43.010,5.885,lower,0.027500000000000302,-0.013124999999999387
2026-08-16 15:25:43.020,5.895,lower,0.07125000000000048,0.008749999999999591
2026-08-16 15:25:43.030,5.905,lower,-0.11874999999999969,-0.038124999999999964
2026-08-16 15:25:43.040,5.915,lower,0.07500000000000062,0.005625000000000213
2026-08-16 15:25:43.050,5.925,lower,-0.08874999999999966,-0.016249999999999876
2026-08-16 15:25:43.060,5.935,lower,0.018124999999999947,-0.011249999999999316
2026-08-16 15:25:43.070,5.945,lower,0.07437499999999986,0.006249999999999867
2026-08-16 15:25:43.080,5.955,lower,-0.10312499999999947,-0.04124999999999934
2026-08-16 15:25:43.090,5.965,lower,0.07249999999999979,0.008124999999999938
2026-08-16 15:25:43.100,5.975,lower,-0.0649999999999995,-0.019375000000000364
2026-08-16 15:25:43.110,5.985,lower,0.0318750000000001,-0.00687499999999952
2026-08-16 15:25:43.120,5.995,lower,0.07062499999999972,0.007500000000000284
2026-08-16 15:25:43.130,6.005,lower,-0.11562500000000031,-0.04062499999999969
2026-08-16 15:25:43.140,6.015,lower,0.07000000000000006,0.009375000000000355
2026-08-16 15:25:43.150,6.025,lower,-0.0956250000000003,-0.0187499999999996
2026-08-16 15:25:43.160,6.035,lower,0.023125000000000506,-0.020000000000000018
2026-08-16 15:25:43.170,6.045,lower,0.07125000000000048,0.0031250000000004885
2026-08-16 15:25:43.180,6.055,lower,-0.10187500000000016,-0.038124999999999964
2026-08-16 15:25:43.190,6.065,lower,0.07687499999999958,0.0006249999999996536
2026-08-16 15:25:43.200,6.075,lower,-0.07437499999999986,-0.024999999999999467
2026-08-16 15:25:43.210,6.085,lower,0.03562500000000024,-0.01187500000000008
2026-08-16 15:25:43.220,6.095,lower,0.06624999999999992,0.010000000000000009
2026-08-16 15:25:43.230,6.105,lower,-0.1112499999999994,-0.038124999999999964
2026-08-16 15:25:43.240,6.115,lower,0.07062499999999972,0.007500000000000284
2026-08-16 15:25:43.250,6.125,lower,-0.10187500000000016,-0.022499999999999742
2026-08-16 15:25:43.260,6.135,lower,0.024374999999999813,-0.011249999999999316
2026-08-16 15:25:43.270,6.145,lower,0.07187500000000013,0.010624999999999662
2026-08-16 15:25:43.280,6.155,lower,-0.0924999999999998,-0.03750000000000031
2026-08-16 15:25:43.290,6.165,lower,0.08062499999999972,0.006875000000000631
2026-08-16 15:25:43.300,6.175,lower,-0.078125,-0.01687499999999953
2026-08-16 15:25:43.310,6.185,lower,0.008124999999999938,-0.00687499999999952
2026-08-16 15:25:43.320,6.195,lower,0.06500000000000061,0.008124999999999938
2026-08-16 15:25:43.330,6.205,lower,-0.11249999999999982,-0.038124999999999964
2026-08-16 15:25:43.340,6.215,lower,0.07125000000000048,0.007500000000000284
2026-08-16 15:25:43.350,6.225,lower,-0.10687499999999961,-0.015625000000000222
2026-08-16 15:25:43.360,6.235,lower,0.025000000000000577,-0.009375000000000355
2026-08-16 15:25:43.370,6.245,lower,0.07312500000000055,0.012499999999999734
2026-08-16 15:25:43.380,6.255,lower,-0.12499999999999956,-0.04062499999999969
2026-08-16 15:25:43.390,6.265,lower,0.07624999999999993,0.006875000000000631
2026-08-16 15:25:43.400,6.275,lower,-0.08499999999999952,-0.023124999999999396
2026-08-16 15:25:43.410,6.285,lower,0.013125000000000497,-0.016249999999999876
2026-08-16 15:25:43.420,6.295,lower,0.05624999999999991,0.006875000000000631
2026-08-16 15:25:43.430,6.305,lower,-0.1112499999999994,-0.04187500000000011
2026-08-16 15:25:43.440,6.315,lower,0.0737500000000002,-0.0012500000000004174
2026-08-16 15:25:43.450,6.325,lower,-0.11562500000000031,-0.02187500000000009
2026-08-16 15:25:43.460,6.335,lower,0.029375000000000373,-0.015625000000000222
2026-08-16 15:25:43.470,6.345,lower,0.07000000000000006,0.007500000000000284
2026-08-16 15:25:43.480,6.355,lower,-0.11937499999999934,-0.03874999999999962
2026-08-16 15:25:43.490,6.365,lower,0.07687499999999958,0.007500000000000284
2026-08-16 15:25:43.500,6.375,lower,-0.09000000000000008,-0.02375000000000016
2026-08-16 15:25:43.510,6.385,lower,0.0187499999999996,-0.008124999999999938
2026-08-16 15:25:43.520,6.395,lower,0.05125000000000046,0.010000000000000009
2026-08-16 15:25:43.530,6.405,lower,-0.10874999999999968,-0.038124999999999964
2026-08-16 15:25:43.540,6.415,lower,0.07500000000000062,0.006249999999999867
2026-08-16 15:25:43.550,6.425,lower,-0.0649999999999995,-0.014999999999999458
2026-08-16 15:25:43.560,6.435,lower,0.0318750000000001,-0.011249999999999316
2026-08-16 15:25:43.570,6.445,lower,0.06750000000000034,0.01187500000000008
2026-08-16 15:25:43.580,6.455,lower,-0.1200000000000001,-0.03562500000000024
2026-08-16 15:25:43.590,6.465,lower,0.078125,0.006875000000000631
2026-08-16 15:25:43.600,6.475,lower,-0.09874999999999967,-0.015625000000000222
2026-08-16 15:25:43.610,6.485,lower,0.01687500000000064,-0.005625000000000213
2026-08-16 15:25:43.620,6.495,lower,0.07187500000000013,0.009375000000000355
2026-08-16 15:25:43.630,6.505,lower,-0.10000000000000009,-0.038124999999999964
2026-08-16 15:25:43.640,6.515,lower,0.07249999999999979,0.009375000000000355
2026-08-16 15:25:43.650,6.525,lower,-0.07249999999999979,-0.021249999999999325
2026-08-16 15:25:43.660,6.535,lower,0.029375000000000373,-0.018124999999999947
2026-08-16 15:25:43.670,6.545,lower,0.061875000000000124,0.011250000000000426
2026-08-16 15:25:43.680,6.555,lower,-0.11312499999999948,-0.040000000000000036
2026-08-16 15:25:43.690,6.565,lower,0.07500000000000062,0.008749999999999591
2026-08-16 15:25:43.700,6.575,lower,-0.1056250000000003,-0.02562500000000023
2026-08-16 15:25:43.710,6.585,lower,0.02375000000000016,-0.013124999999999387
2026-08-16 15:25:43.720,6.595,lower,0.07187500000000013,0.010000000000000009
2026-08-16 15:25:43.730,6.605,lower,-0.09750000000000036,-0.040000000000000036
2026-08-16 15:25:43.740,6.615,lower,0.0737500000000002,0.008749999999999591
2026-08-16 15:25:43.750,6.625,lower,-0.07624999999999993,-0.02187500000000009
2026-08-16 15:25:43.760,6.635,lower,0.03624999999999989,-0.010624999999999662
2026-08-16 15:25:43.770,6.645,lower,0.06125000000000047,0.011250000000000426
2026-08-16 15:25:43.780,6.655,lower,-0.11499999999999955,-0.03750000000000031
2026-08-16 15:25:43.790,6.665,lower,0.07000000000000006,0.006249999999999867
2026-08-16 15:25:43.800,6.675,lower,-0.10812500000000003,-0.02375000000000016
2026-08-16 15:25:43.810,6.685,lower,0.02687500000000065,-0.011249999999999316
2026-08-16 15:25:43.820,6.695,lower,0.07062499999999972,0.01187500000000008
2026-08-16 15:25:43.830,6.705,lower,-0.09624999999999995,-0.03437499999999982
2026-08-16 15:25:43.840,6.715,lower,0.07500000000000062,0.007500000000000284
2026-08-16 15:25:43.850,6.725,lower,-0.08562500000000028,-0.017500000000000293
2026-08-16 15:25:43.860,6.735,lower,0.009375000000000355,-0.004999999999999449
2026-08-16 15:25:43.870,6.745,lower,0.05562500000000026,0.009375000000000355
2026-08-16 15:25:43.880,6.755,lower,-0.1112499999999994,-0.040000000000000036
2026-08-16 15:25:43.890,6.765,lower,0.06937500000000041,0.009375000000000355
2026-08-16 15:25:43.900,6.775,lower,-0.11312499999999948,-0.021249999999999325
2026-08-16 15:25:43.910,6.785,lower,0.024374999999999813,-0.01687499999999953
2026-08-16 15:25:43.920,6.795,lower,0.07000000000000006,0.006249999999999867
2026-08-16 15:25:43.930,6.805,lower,-0.08874999999999966,-0.03937500000000038
2026-08-16 15:25:43.940,6.815,lower,0.07750000000000035,0.0050000000000005596
2026-08-16 15:25:43.950,6.825,lower,-0.09000000000000008,-0.021249999999999325
2026-08-16 15:25:43.960,6.835,lower,0.014374999999999805,-0.016249999999999876
2026-08-16 15:25:43.970,6.845,lower,0.053750000000000187,0.008124999999999938
2026-08-16 15:25:43.980,6.855,lower,-0.10812500000000003,-0.03874999999999962
2026-08-16 15:25:43.990,6.865,lower,0.07437499999999986,0.006875000000000631
2026-08-16 15:25:44.000,6.875,lower,-0.11750000000000038,-0.02187500000000009
2026-08-16 15:25:44.010,6.885,lower,0.029375000000000373,-0.013124999999999387
2026-08-16 15:25:44.020,6.895,lower,0.06937500000000041,0.009375000000000355
2026-08-16 15:25:44.030,6.905,lower,-0.12249999999999983,-0.03624999999999989
2026-08-16 15:25:44.040,6.915,lower,0.07937500000000042,0.004374999999999796
2026-08-16 15:25:44.050,6.925,lower,-0.09624999999999995,-0.027500000000000302
2026-08-16 15:25:44.060,6.935,lower,0.0187499999999996,-0.010000000000000009
2026-08-16 15:25:44.070,6.945,lower,0.04874999999999963,0.006875000000000631
2026-08-16 15:25:44.080,6.955,lower,-0.1012499999999994,-0.03624999999999989
2026-08-16 15:25:44.090,6.965,lower,0.07125000000000048,0.010624999999999662
2026-08-16 15:25:44.100,6.975,lower,-0.07062499999999972,-0.016249999999999876
2026-08-16 15:25:44.110,6.985,lower,0.03437499999999982,-0.008749999999999591
2026-08-16 15:25:44.120,6.995,lower,0.07000000000000006,0.011250000000000426
2026-08-16 15:25:44.130,7.005,lower,-0.11812500000000004,-0.03750000000000031
2026-08-16 15:25:44.140,7.015,lower,0.08000000000000007,0.010000000000000009
2026-08-16 15:25:44.150,7.025,lower,-0.09874999999999967,-0.020000000000000018
2026-08-16 15:25:44.160,7.035,lower,0.02062499999999967,-0.008124999999999938
2026-08-16 15:25:44.170,7.045,lower,0.06750000000000034,0.010000000000000009
2026-08-16 15:25:44.180,7.055,lower,-0.09937499999999932,-0.04187500000000011
2026-08-16 15:25:44.190,7.065,lower,0.07437499999999986,0.010624999999999662
2026-08-16 15:25:44.200,7.075,lower,-0.07437499999999986,-0.02187500000000009
2026-08-16 15:25:44.210,7.085,lower,0.03624999999999989,-0.016249999999999876
2026-08-16 15:25:44.220,7.095,lower,0.06687500000000068,0.004374999999999796
2026-08-16 15:25:44.230,7.105,lower,-0.11312499999999948,-0.03687499999999955
2026-08-16 15:25:44.240,7.115,lower,0.08125000000000049,0.003750000000000142
2026-08-16 15:25:44.250,7.125,lower,-0.10000000000000009,-0.021249999999999325
2026-08-16 15:25:44.260,7.135,lower,0.02375000000000016,-0.011249999999999316
2026-08-16 15:25:44.270,7.145,lower,0.0737500000000002,0.008124999999999938
2026-08-16 15:25:44.280,7.155,lower,-0.08937500000000043,-0.03375000000000017
2026-08-16 15:25:44.290,7.165,lower,0.07750000000000035,0.010000000000000009
2026-08-16 15:25:44.300,7.175,lower,-0.08000000000000007,-0.02375000000000016
2026-08-16 15:25:44.310,7.185,lower,0.03937500000000038,-0.011249999999999316
2026-08-16 15:25:44.320,7.195,lower,0.0637500000000002,0.011250000000000426
2026-08-16 15:25:44.330,7.205,lower,-0.1143749999999999,-0.03687499999999955
2026-08-16 15:25:44.340,7.215,lower,0.07062499999999972,0.008124999999999938
2026-08-16 15:25:44.350,7.225,lower,-0.10750000000000037,-0.013750000000000151
2026-08-16 15:25:44.360,7.235,lower,0.02687500000000065,-0.008124999999999938
2026-08-16 15:25:44.370,7.245,lower,0.07187500000000013,0.011250000000000426
2026-08-16 15:25:44.380,7.255,lower,-0.08874999999999966,-0.03375000000000017
2026-08-16 15:25:44.390,7.265,lower,0.078125,0.006875000000000631
2026-08-16 15:25:44.400,7.275,lower,-0.08687499999999959,-0.019375000000000364
2026-08-16 15:25:44.410,7.285,lower,0.010000000000000009,-0.008749999999999591
2026-08-16 15:25:44.420,7.295,lower,0.06000000000000005,0.010624999999999662
2026-08-16 15:25:44.430,7.305,lower,-0.1100000000000001,-0.04124999999999934
2026-08-16 15:25:44.440,7.315,lower,0.0737500000000002,0.006875000000000631
2026-08-16 15:25:44.450,7.325,lower,-0.1143749999999999,-0.02062499999999967
2026-08-16 15:25:44.460,7.335,lower,0.031250000000000444,-0.01187500000000008
2026-08-16 15:25:44.470,7.345,lower,0.07125000000000048,0.013125000000000497
2026-08-16 15:25:44.480,7.355,lower,-0.08187500000000014,-0.040000000000000036
2026-08-16 15:25:44.490,7.365,lower,0.08125000000000049,0.0031250000000004885
2026-08-16 15:25:44.500,7.375,lower,-0.08937500000000043,-0.021249999999999325
2026-08-16 15:25:44.510,7.385,lower,0.015625000000000222,-0.011249999999999316
2026-08-16 15:25:44.520,7.395,lower,0.05562500000000026,0.0050000000000005596
2026-08-16 15:25:44.530,7.405,lower,-0.10624999999999996,-0.03437499999999982
2026-08-16 15:25:44.540,7.415,lower,0.07750000000000035,0.004374999999999796
2026-08-16 15:25:44.550,7.425,lower,-0.11499999999999955,-0.023124999999999396
2026-08-16 15:25:44.560,7.435,lower,0.03375000000000017,-0.008749999999999591
2026-08-16 15:25:44.570,7.445,lower,0.07062499999999972,0.008749999999999591
2026-08-16 15:25:44.580,7.455,lower,-0.11750000000000038,-0.03562500000000024
2026-08-16 15:25:44.590,7.465,lower,0.08125000000000049,0.010000000000000009
2026-08-16 15:25:44.600,7.475,lower,-0.09437499999999988,-0.017500000000000293
2026-08-16 15:25:44.610,7.485,lower,0.019375000000000364,-0.008749999999999591
2026-08-16 15:25:44.620,7.495,lower,0.04750000000000032,0.010624999999999662
2026-08-16 15:25:44.630,7.505,lower,-0.09937499999999932,-0.03437499999999982
2026-08-16 15:25:44.640,7.515,lower,0.07437499999999986,0.012499999999999734
2026-08-16 15:25:44.650,7.525,lower,-0.12187500000000018,-0.021249999999999325
2026-08-16 15:25:44.660,7.535,lower,0.033125000000000515,-0.010624999999999662
2026-08-16 15:25:44.670,7.545,lower,0.06562500000000027,0.008749999999999591
2026-08-16 15:25:44.680,7.555,lower,-0.11312499999999948,-0.04124999999999934
2026-08-16 15:25:44.690,7.565,lower,0.08000000000000007,0.008124999999999938
2026-08-16 15:25:44.700,7.575,lower,-0.10187500000000016,-0.026249999999999885
2026-08-16 15:25:44.710,7.585,lower,0.025000000000000577,-0.015625000000000222
2026-08-16 15:25:44.720,7.595,lower,0.04437499999999983,0.006249999999999867
2026-08-16 15:25:44.730,7.605,lower,-0.0968749999999996,-0.03624999999999989
2026-08-16 15:25:44.740,7.615,lower,0.07750000000000035,0.010624999999999662
2026-08-16 15:25:44.750,7.625,lower,-0.07624999999999993,-0.024999999999999467
2026-08-16 15:25:44.760,7.635,lower,0.038124999999999964,-0.012499999999999734
2026-08-16 15:25:44.770,7.645,lower,0.06812499999999999,0.008749999999999591
2026-08-16 15:25:44.780,7.655,lower,-0.11187500000000017,-0.03687499999999955
2026-08-16 15:25:44.790,7.665,lower,0.08000000000000007,0.006249999999999867
2026-08-16 15:25:44.800,7.675,lower,-0.1056250000000003,-0.026249999999999885
2026-08-16 15:25:44.810,7.685,lower,0.030000000000000027,-0.010624999999999662
2026-08-16 15:25:44.820,7.695,lower,0.07624999999999993,0.007500000000000284
2026-08-16 15:25:44.830,7.705,lower,-0.08937500000000043,-0.03687499999999955
2026-08-16 15:25:44.840,7.715,lower,0.07937500000000042,0.007500000000000284
2026-08-16 15:25:44.850,7.725,lower,-0.07750000000000035,-0.03062499999999968
2026-08-16 15:25:44.860,7.735,lower,0.043125000000000524,-0.014374999999999805
2026-08-16 15:25:44.870,7.745,lower,0.0593750000000004,0.008124999999999938
2026-08-16 15:25:44.880,7.755,lower,-0.10874999999999968,-0.03562500000000024
2026-08-16 15:25:44.890,7.765,lower,0.07312500000000055,0.0050000000000005596
2026-08-16 15:25:44.900,7.775,lower,-0.1112499999999994,-0.019375000000000364
2026-08-16 15:25:44.910,7.785,lower,0.029375000000000373,-0.004374999999999796
2026-08-16 15:25:44.920,7.795,lower,0.07187500000000013,0.003750000000000142
2026-08-16 15:25:44.930,7.805,lower,-0.08624999999999994,-0.04124999999999934
2026-08-16 15:25:44.940,7.815,lower,0.08062499999999972,0.010000000000000009
2026-08-16 15:25:44.950,7.825,lower,-0.08562500000000028,-0.02375000000000016
2026-08-16 15:25:44.960,7.835,lower,0.04249999999999976,-0.00687499999999952
2026-08-16 15:25:44.970,7.845,lower,0.05312500000000053,0.007500000000000284
2026-08-16 15:25:44.980,7.855,lower,-0.1056250000000003,-0.03624999999999989
2026-08-16 15:25:44.990,7.865,lower,0.07750000000000035,0.005625000000000213
2026-08-16 15:25:45.000,7.875,lower,-0.11687499999999962,-0.023124999999999396
2026-08-16 15:25:45.010,7.885,lower,0.031250000000000444,-0.015625000000000222
2026-08-16 15:25:45.020,7.895,lower,0.07187500000000013,0.006875000000000631
2026-08-16 15:25:45.030,7.905,lower,-0.08375000000000021,-0.04124999999999934
2026-08-16 15:25:45.040,7.915,lower,0.07750000000000035,0.0031250000000004885
2026-08-16 15:25:45.050,7.925,lower,-0.09187500000000015,-0.027500000000000302
2026-08-16 15:25:45.060,7.935,lower,0.01687500000000064,-0.014374999999999805
2026-08-16 15:25:45.070,7.945,lower,0.051875000000000115,0.004374999999999796
2026-08-16 15:25:45.080,7.955,lower,-0.1012499999999994,-0.03750000000000031
2026-08-16 15:25:45.090,7.965,lower,0.07874999999999965,0.0050000000000005596
2026-08-16 15:25:45.100,7.975,lower,-0.11937499999999934,-0.029375000000000373
2026-08-16 15:25:45.110,7.985,lower,0.03562500000000024,-0.008124999999999938
2026-08-16 15:25:45.120,7.995,lower,0.07125000000000048,0.010000000000000009
2026-08-16 15:25:45.130,8.005,lower,-0.11937499999999934,-0.034999999999999476
2026-08-16 15:25:45.140,8.015,lower,0.08062499999999972,0.006875000000000631
2026-08-16 15:25:45.150,8.025,lower,-0.09812500000000002,-0.022499999999999742
2026-08-16 15:25:45.160,8.035,lower,0.021250000000000435,-0.010624999999999662
2026-08-16 15:25:45.170,8.045,lower,0.04437499999999983,0.005625000000000213
2026-08-16 15:25:45.180,8.055,lower,-0.09874999999999967,-0.04375000000000018
2026-08-16 15:25:45.190,8.065,lower,0.07562500000000028,0.007500000000000284
2026-08-16 15:25:45.200,8.075,lower,-0.12249999999999983,-0.023124999999999396
2026-08-16 15:25:45.210,8.085,lower,0.040000000000000036,-0.0031249999999993783
2026-08-16 15:25:45.220,8.095,lower,0.06687500000000068,0.0050000000000005596
2026-08-16 15:25:45.230,8.105,lower,-0.11750000000000038,-0.03750000000000031
2026-08-16 15:25:45.240,8.115,lower,0.08000000000000007,0.010624999999999662
2026-08-16 15:25:45.250,8.125,lower,-0.10062499999999974,-0.023124999999999396
2026-08-16 15:25:45.260,8.135,lower,0.025000000000000577,-0.013750000000000151
2026-08-16 15:25:45.270,8.145,lower,0.038124999999999964,0.008124999999999938
2026-08-16 15:25:45.280,8.155,lower,-0.09187500000000015,-0.03750000000000031
2026-08-16 15:25:45.290,8.165,lower,0.08187500000000014,0.0050000000000005596
2026-08-16 15:25:45.300,8.175,lower,-0.07874999999999965,-0.02562500000000023
2026-08-16 15:25:45.310,8.185,lower,0.038124999999999964,-0.016249999999999876
2026-08-16 15:25:45.320,8.195,lower,0.06437499999999985,0.0031250000000004885
2026-08-16 15:25:45.330,8.205,lower,-0.11499999999999955,-0.04124999999999934
2026-08-16 15:25:45.340,8.215,lower,0.08312500000000056,0.004374999999999796
2026-08-16 15:25:45.350,8.225,lower,-0.10750000000000037,-0.028124999999999956
2026-08-16 15:25:45.360,8.235,lower,0.02687500000000065,-0.011249999999999316
2026-08-16 15:25:45.370,8.245,lower,0.03249999999999975,0.006875000000000631
2026-08-16 15:25:45.380,8.255,lower,-0.08937500000000043,-0.03624999999999989
2026-08-16 15:25:45.390,8.265,lower,0.07874999999999965,0.003750000000000142
2026-08-16 15:25:45.400,8.275,lower,-0.08937500000000043,-0.02062499999999967
2026-08-16 15:25:45.410,8.285,lower,0.04062499999999969,-0.008124999999999938
2026-08-16 15:25:45.420,8.295,lower,0.06000000000000005,0.006249999999999867
2026-08-16 15:25:45.430,8.305,lower,-0.11249999999999982,-0.03624999999999989
2026-08-16 15:25:45.440,8.315,lower,0.078125,0.006249999999999867
2026-08-16 15:25:45.450,8.325,lower,-0.11375000000000024,-0.02375000000000016
2026-08-16 15:25:45.460,8.335,lower,0.027500000000000302,-0.006249999999999867
2026-08-16 15:25:45.470,8.345,lower,0.07000000000000006,0.008749999999999591
2026-08-16 15:25:45.480,8.355,lower,-0.08687499999999959,-0.03937500000000038
2026-08-16 15:25:45.490,8.365,lower,0.07874999999999965,0.007500000000000284
2026-08-16 15:25:45.500,8.375,lower,-0.09062499999999973,-0.023124999999999396
2026-08-16 15:25:45.510,8.385,lower,0.04062499999999969,-0.014374999999999805
2026-08-16 15:25:45.520,8.395,lower,0.05437499999999984,0.006875000000000631
2026-08-16 15:25:45.530,8.405,lower,-0.10812500000000003,-0.04437499999999983
2026-08-16 15:25:45.540,8.415,lower,0.07249999999999979,0.006875000000000631
2026-08-16 15:25:45.550,8.425,lower,-0.11750000000000038,-0.028124999999999956
2026-08-16 15:25:45.560,8.435,lower,0.033125000000000515,-0.013124999999999387
2026-08-16 15:25:45.570,8.445,lower,0.06500000000000061,0.001875000000000071
2026-08-16 15:25:45.580,8.455,lower,-0.0824999999999998,-0.038124999999999964
2026-08-16 15:25:45.590,8.465,lower,0.08125000000000049,0.0050000000000005596
2026-08-16 15:25:45.600,8.475,lower,-0.09437499999999988,-0.026874999999999538
2026-08-16 15:25:45.610,8.485,lower,0.04249999999999976,-0.01187500000000008
2026-08-16 15:25:45.620,8.495,lower,0.0462499999999999,0.004374999999999796
2026-08-16 15:25:45.630,8.505,lower,-0.10499999999999954,-0.03874999999999962
2026-08-16 15:25:45.640,8.515,lower,0.07187500000000013,0.0024999999999997247
2026-08-16 15:25:45.650,8.525,lower,-0.12312499999999948,-0.033124999999999405
2026-08-16 15:25:45.660,8.535,lower,0.030000000000000027,-0.009375000000000355
2026-08-16 15:25:45.670,8.545,lower,0.06437499999999985,0.0024999999999997247
2026-08-16 15:25:45.680,8.555,lower,-0.07562500000000028,-0.038124999999999964
2026-08-16 15:25:45.690,8.565,lower,0.078125,0.006875000000000631
2026-08-16 15:25:45.700,8.575,lower,-0.10249999999999981,-0.0187499999999996
2026-08-16 15:25:45.710,8.585,lower,0.018124999999999947,-0.009375000000000355
2026-08-16 15:25:45.720,8.595,lower,0.03937500000000038,0.008749999999999591
2026-08-16 15:25:45.730,8.605,lower,-0.1012499999999994,-0.038124999999999964
2026-08-16 15:25:45.740,8.615,lower,0.07187500000000013,0.010624999999999662
2026-08-16 15:25:45.750,8.625,lower,-0.1243749999999999,-0.024999999999999467
2026-08-16 15:25:45.760,8.635,lower,0.035000000000000586,-0.004999999999999449
2026-08-16 15:25:45.770,8.645,lower,0.06312500000000054,0.006875000000000631
2026-08-16 15:25:45.780,8.655,lower,-0.11687499999999962,-0.040000000000000036
2026-08-16 15:25:45.790,8.665,lower,0.07624999999999993,0.008124999999999938
2026-08-16 15:25:45.800,8.675,lower,-0.11375000000000024,-0.024999999999999467
2026-08-16 15:25:45.810,8.685,lower,0.025000000000000577,-0.017500000000000293
2026-08-16 15:25:45.820,8.695,lower,0.03624999999999989,0.005625000000000213
2026-08-16 15:25:45.830,8.705,lower,-0.09750000000000036,-0.04062499999999969
2026-08-16 15:25:45.840,8.715,lower,0.07500000000000062,0.0024999999999997247
2026-08-16 15:25:45.850,8.725,lower,-0.13000000000000012,-0.029375000000000373
2026-08-16 15:25:45.860,8.735,lower,0.040000000000000036,-0.008749999999999591
2026-08-16 15:25:45.870,8.745,lower,0.05812499999999998,0.005625000000000213
2026-08-16 15:25:45.880,8.755,lower,-0.11812500000000004,-0.034999999999999476
2026-08-16 15:25:45.890,8.765,lower,0.07874999999999965,0.005625000000000213
2026-08-16 15:25:45.900,8.775,lower,-0.11562500000000031,-0.031249999999999334
2026-08-16 15:25:45.910,8.785,lower,0.02562500000000023,-0.009375000000000355
2026-08-16 15:25:45.920,8.795,lower,0.026249999999999885,0.005625000000000213
2026-08-16 15:25:45.930,8.805,lower,-0.0924999999999998,-0.040000000000000036
2026-08-16 15:25:45.940,8.815,lower,0.07500000000000062,0.008124999999999938
2026-08-16 15:25:45.950,8.825,lower,-0.09312499999999946,-0.022499999999999742
2026-08-16 15:25:45.960,8.835,lower,0.038124999999999964,-0.006249999999999867
2026-08-16 15:25:45.970,8.845,lower,0.051875000000000115,0.006875000000000631
2026-08-16 15:25:45.980,8.855,lower,-0.11249999999999982,-0.040000000000000036
2026-08-16 15:25:45.990,8.865,lower,0.08187500000000014,0.008124999999999938
2026-08-16 15:25:46.000,8.875,lower,-0.11937499999999934,-0.02375000000000016
2026-08-16 15:25:46.010,8.885,lower,0.02562500000000023,-0.005625000000000213
2026-08-16 15:25:46.020,8.895,lower,0.06812499999999999,0.003750000000000142
2026-08-16 15:25:46.030,8.905,lower,-0.09062499999999973,-0.04187500000000011
2026-08-16 15:25:46.040,8.915,lower,0.07874999999999965,0.008749999999999591
2026-08-16 15:25:46.050,8.925,lower,-0.09375000000000022,-0.028124999999999956
2026-08-16 15:25:46.060,8.935,lower,0.038124999999999964,-0.011249999999999316
2026-08-16 15:25:46.070,8.945,lower,0.051875000000000115,0.006875000000000631
2026-08-16 15:25:46.080,8.955,lower,-0.10750000000000037,-0.03624999999999989
2026-08-16 15:25:46.090,8.965,lower,0.08000000000000007,0.004374999999999796
2026-08-16 15:25:46.100,8.975,lower,-0.12375000000000025,-0.028124999999999956
2026-08-16 15:25:46.110,8.985,lower,0.033125000000000515,-0.012499999999999734
2026-08-16 15:25:46.120,8.995,lower,0.06687500000000068,0.006249999999999867
2026-08-16 15:25:46.130,9.005,lower,-0.08000000000000007,-0.038124999999999964
2026-08-16 15:25:46.140,9.015,lower,0.07750000000000035,0.004374999999999796
2026-08-16 15:25:46.150,9.025,lower,-0.10000000000000009,-0.033124999999999405
2026-08-16 15:25:46.160,9.035,lower,0.04375000000000018,-0.013124999999999387
2026-08-16 15:25:46.170,9.045,lower,0.043125000000000524,0.007500000000000284
2026-08-16 15:25:46.180,9.055,lower,-0.10437499999999988,-0.03687499999999955
2026-08-16 15:25:46.190,9.065,lower,0.07562500000000028,0.0050000000000005596
2026-08-16 15:25:46.200,9.075,lower,-0.12812500000000004,-0.022499999999999742
2026-08-16 15:25:46.210,9.085,lower,0.03687500000000066,-0.004374999999999796
2026-08-16 15:25:46.220,9.095,lower,0.06687500000000068,0.008124999999999938
2026-08-16 15:25:46.230,9.105,lower,-0.07437499999999986,-0.033124999999999405
2026-08-16 15:25:46.240,9.115,lower,0.08000000000000007,0.011250000000000426
2026-08-16 15:25:46.250,9.125,lower,-0.10312499999999947,-0.021249999999999325
2026-08-16 15:25:46.260,9.135,lower,0.019375000000000364,-0.003750000000000142
2026-08-16 15:25:46.270,9.145,lower,0.04062499999999969,0.006875000000000631
2026-08-16 15:25:46.280,9.155,lower,-0.1012499999999994,-0.03874999999999962
2026-08-16 15:25:46.290,9.165,lower,0.07312500000000055,0.009375000000000355
2026-08-16 15:25:46.300,9.175,lower,-0.1287499999999997,-0.02562500000000023
2026-08-16 15:25:46.310,9.185,lower,0.03624999999999989,-0.015625000000000222
2026-08-16 15:25:46.320,9.195,lower,0.061875000000000124,0.005625000000000213
2026-08-16 15:25:46.330,9.205,lower,-0.06874999999999964,-0.03874999999999962
2026-08-16 15:25:46.340,9.215,lower,0.08000000000000007,0.010000000000000009
2026-08-16 15:25:46.350,9.225,lower,-0.10937499999999933,-0.024999999999999467
2026-08-16 15:25:46.360,9.235,lower,0.025000000000000577,-0.01187500000000008
2026-08-16 15:25:46.370,9.245,lower,0.03062499999999968,0.003750000000000142
2026-08-16 15:25:46.380,9.255,lower,-0.0956250000000003,-0.03687499999999955
2026-08-16 15:25:46.390,9.265,lower,0.07500000000000062,0.006249999999999867
2026-08-16 15:25:46.400,9.275,lower,-0.13624999999999998,-0.029375000000000373
2026-08-16 15:25:46.410,9.285,lower,0.03874999999999962,-0.008124999999999938
2026-08-16 15:25:46.420,9.295,lower,0.06000000000000005,0.007500000000000284
2026-08-16 15:25:46.430,9.305,lower,-0.1143749999999999,-0.040000000000000036
2026-08-16 15:25:46.440,9.315,lower,0.078125,0.008749999999999591
2026-08-16 15:25:46.450,9.325,lower,-0.11312499999999948,-0.033124999999999405
2026-08-16 15:25:46.460,9.335,lower,0.02687500000000065,-0.007500000000000284
2026-08-16 15:25:46.470,9.345,lower,0.026249999999999885,0.008124999999999938
2026-08-16 15:25:46.480,9.355,lower,-0.08937500000000043,-0.03687499999999955
2026-08-16 15:25:46.490,9.365,lower,0.08125000000000049,0.006249999999999867
2026-08-16 15:25:46.500,9.375,lower,-0.09124999999999939,-0.021249999999999325
2026-08-16 15:25:46.510,9.385,lower,0.045000000000000595,-0.0031249999999993783
2026-08-16 15:25:46.520,9.395,lower,0.05812499999999998,0.006249999999999867
2026-08-16 15:25:46.530,9.405,lower,-0.11187500000000017,-0.04062499999999969
2026-08-16 15:25:46.540,9.415,lower,0.08312500000000056,0.013125000000000497
2026-08-16 15:25:46.550,9.425,lower,-0.1143749999999999,-0.02375000000000016
2026-08-16 15:25:46.560,9.435,lower,0.02874999999999961,-0.0006249999999996536
2026-08-16 15:25:46.570,9.445,lower,0.022499999999999742,0.008124999999999938
2026-08-16 15:25:46.580,9.455,lower,-0.08624999999999994,-0.03687499999999955
2026-08-16 15:25:46.590,9.465,lower,0.07874999999999965,0.012499999999999734
2026-08-16 15:25:46.600,9.475,lower,-0.0956250000000003,-0.028124999999999956
2026-08-16 15:25:46.610,9.485,lower,0.04062499999999969,-0.010000000000000009
2026-08-16 15:25:46.620,9.495,lower,0.05312500000000053,0.005625000000000213
2026-08-16 15:25:46.630,9.505,lower,-0.10499999999999954,-0.03687499999999955
2026-08-16 15:25:46.640,9.515,lower,0.07874999999999965,0.006249999999999867
2026-08-16 15:25:46.650,9.525,lower,-0.12187500000000018,-0.02874999999999961
2026-08-16 15:25:46.660,9.535,lower,0.03249999999999975,-0.014999999999999458
2026-08-16 15:25:46.670,9.545,lower,0.06500000000000061,0.006875000000000631
2026-08-16 15:25:46.680,9.555,lower,-0.07937500000000042,-0.04062499999999969
2026-08-16 15:25:46.690,9.565,lower,0.08187500000000014,0.003750000000000142
2026-08-16 15:25:46.700,9.575,lower,-0.1012499999999994,-0.030000000000000027
2026-08-16 15:25:46.710,9.585,lower,0.04437499999999983,-0.009375000000000355
2026-08-16 15:25:46.720,9.595,lower,0.04750000000000032,0.005625000000000213
2026-08-16 15:25:46.730,9.605,lower,-0.09624999999999995,-0.0318750000000001
2026-08-16 15:25:46.740,9.615,lower,0.07562500000000028,0.010624999999999662
2026-08-16 15:25:46.750,9.625,lower,-0.12499999999999956,-0.02062499999999967
2026-08-16 15:25:46.760,9.635,lower,0.03750000000000031,-0.004374999999999796
2026-08-16 15:25:46.770,9.645,lower,0.06750000000000034,0.008749999999999591
2026-08-16 15:25:46.780,9.655,lower,-0.07124999999999937,-0.040000000000000036
2026-08-16 15:25:46.790,9.665,lower,0.0824999999999998,0.012499999999999734
2026-08-16 15:25:46.800,9.675,lower,-0.10499999999999954,-0.027500000000000302
2026-08-16 15:25:46.810,9.685,lower,0.046875000000000666,-0.004999999999999449
2026-08-16 15:25:46.820,9.695,lower,0.045000000000000595,0.007500000000000284
2026-08-16 15:25:46.830,9.705,lower,-0.09750000000000036,-0.040000000000000036
2026-08-16 15:25:46.840,9.715,lower,0.07500000000000062,0.01187500000000008
2026-08-16 15:25:46.850,9.725,lower,-0.12312499999999948,-0.024999999999999467
2026-08-16 15:25:46.860,9.735,lower,0.04125000000000045,-0.015625000000000222
2026-08-16 15:25:46.870,9.745,lower,0.06249999999999978,0.006875000000000631
2026-08-16 15:25:46.880,9.755,lower,-0.06687499999999957,-0.03750000000000031
2026-08-16 15:25:46.890,9.765,lower,0.08187500000000014,0.001875000000000071
2026-08-16 15:25:46.900,9.775,lower,-0.10750000000000037,-0.027500000000000302
2026-08-16 15:25:46.910,9.785,lower,0.02375000000000016,-0.01187500000000008
2026-08-16 15:25:46.920,9.795,lower,0.033125000000000515,0.005625000000000213
2026-08-16 15:25:46.930,9.805,lower,-0.0924999999999998,-0.03937500000000038
2026-08-16 15:25:46.940,9.815,lower,0.08062499999999972,0.006249999999999867
2026-08-16 15:25:46.950,9.825,lower,-0.12812500000000004,-0.03437499999999982
2026-08-16 15:25:46.960,9.835,lower,0.043125000000000524,-0.008124999999999938
2026-08-16 15:25:46.970,9.845,lower,0.06062499999999971,0.008749999999999591
2026-08-16 15:25:46.980,9.855,lower,-0.06000000000000005,-0.03687499999999955
2026-08-16 15:25:46.990,9.865,lower,0.08500000000000063,0.007500000000000284
2026-08-16 15:25:47.000,9.875,lower,-0.11375000000000024,-0.021249999999999325
2026-08-16 15:25:47.010,9.885,lower,0.02687500000000065,-0.010624999999999662
2026-08-16 15:25:47.020,9.895,lower,0.02687500000000065,0.005625000000000213
2026-08-16 15:25:47.030,9.905,lower,-0.08562500000000028,-0.03375000000000017
2026-08-16 15:25:47.040,9.915,lower,0.08125000000000049,0.008749999999999591
2026-08-16 15:25:47.050,9.925,lower,-0.13062499999999977,-0.026249999999999885
2026-08-16 15:25:47.060,9.935,lower,0.045000000000000595,-0.003750000000000142
2026-08-16 15:25:47.070,9.945,lower,0.05750000000000033,0.003750000000000142
2026-08-16 15:25:47.080,9.955,lower,-0.10812500000000003,-0.034999999999999476
2026-08-16 15:25:47.090,9.965,lower,0.08437499999999987,0.01187500000000008
2026-08-16 15:25:47.100,9.975,lower,-0.11750000000000038,-0.024999999999999467
2026-08-16 15:25:47.110,9.985,lower,0.033125000000000515,-0.01187500000000008
2026-08-16 15:25:47.120,9.995,lower,0.023125000000000506,0.007500000000000284
2026-08-16 15:25:47.130,10.005,lower,-0.08062499999999972,-0.038124999999999964
2026-08-16 15:25:47.140,10.015,lower,0.07750000000000035,0.004374999999999796
2026-08-16 15:25:47.150,10.025,lower,-0.09750000000000036,-0.031249999999999334
2026-08-16 15:25:47.160,10.035,lower,0.045000000000000595,-0.014999999999999458
2026-08-16 15:25:47.170,10.045,lower,0.04562500000000025,0.003750000000000142
2026-08-16 15:25:47.180,10.055,lower,-0.10812500000000003,-0.038124999999999964
2026-08-16 15:25:47.190,10.065,lower,0.08000000000000007,0.003750000000000142
2026-08-16 15:25:47.200,10.075,lower,-0.12249999999999983,-0.034999999999999476
2026-08-16 15:25:47.210,10.085,lower,0.03624999999999989,-0.010000000000000009
2026-08-16 15:25:47.220,10.095,lower,0.018124999999999947,0.007500000000000284
2026-08-16 15:25:47.230,10.105,lower,-0.08000000000000007,-0.034999999999999476
2026-08-16 15:25:47.240,10.115,lower,0.08187500000000014,0.008749999999999591
2026-08-16 15:25:47.250,10.125,lower,-0.09937499999999932,-0.030000000000000027
2026-08-16 15:25:47.260,10.135,lower,0.0462499999999999,-0.003750000000000142
2026-08-16 15:25:47.270,10.145,lower,0.043125000000000524,0.007500000000000284
2026-08-16 15:25:47.280,10.155,lower,-0.10187500000000016,-0.033124999999999405
2026-08-16 15:25:47.290,10.165,lower,0.08125000000000049,0.010000000000000009
2026-08-16 15:25:47.300,10.175,lower,-0.12624999999999997,-0.024999999999999467
2026-08-16 15:25:47.310,10.185,lower,0.035000000000000586,-0.00687499999999952
2026-08-16 15:25:47.320,10.195,lower,0.06687500000000068,0.006249999999999867
2026-08-16 15:25:47.330,10.205,lower,-0.07624999999999993,-0.040000000000000036
2026-08-16 15:25:47.340,10.215,lower,0.08500000000000063,0.006875000000000631
2026-08-16 15:25:47.350,10.225,lower,-0.10624999999999996,-0.02562500000000023
2026-08-16 15:25:47.360,10.235,lower,0.0462499999999999,-0.006249999999999867
2026-08-16 15:25:47.370,10.245,lower,0.03562500000000024,0.007500000000000284
2026-08-16 15:25:47.380,10.255,lower,-0.0968749999999996,-0.03750000000000031
2026-08-16 15:25:47.390,10.265,lower,0.07624999999999993,0.006249999999999867
2026-08-16 15:25:47.400,10.275,lower,-0.1318750000000002,-0.029375000000000373
2026-08-16 15:25:47.410,10.285,lower,0.03750000000000031,-0.020000000000000018
2026-08-16 15:25:47.420,10.295,lower,0.06062499999999971,0.0050000000000005596
2026-08-16 15:25:47.430,10.305,lower,-0.06874999999999964,-0.03937500000000038
2026-08-16 15:25:47.440,10.315,lower,0.078125,0.0031250000000004885
2026-08-16 15:25:47.450,10.325,lower,-0.11187500000000017,-0.02874999999999961
2026-08-16 15:25:47.460,10.335,lower,0.043125000000000524,-0.008749999999999591
2026-08-16 15:25:47.470,10.345,lower,0.03062499999999968,0.0050000000000005596
2026-08-16 15:25:47.480,10.355,lower,-0.09312499999999946,-0.03624999999999989
2026-08-16 15:25:47.490,10.365,lower,0.08062499999999972,0.008124999999999938
2026-08-16 15:25:47.500,10.375,lower,-0.1318750000000002,-0.03562500000000024
2026-08-16 15:25:47.510,10.385,lower,0.04125000000000045,-0.0024999999999997247
2026-08-16 15:25:47.520,10.395,lower,0.061875000000000124,0.003750000000000142
2026-08-16 15:25:47.530,10.405,lower,-0.06437499999999985,-0.033124999999999405
2026-08-16 15:25:47.540,10.415,lower,0.08000000000000007,0.009375000000000355
2026-08-16 15:25:47.550,10.425,lower,-0.11249999999999982,-0.02375000000000016
2026-08-16 15:25:47.560,10.435,lower,0.02874999999999961,-0.004374999999999796
2026-08-16 15:25:47.570,10.445,lower,0.024374999999999813,0.0050000000000005596
2026-08-16 15:25:47.580,10.455,lower,-0.0924999999999998,-0.03687499999999955
2026-08-16 15:25:47.590,10.465,lower,0.08375000000000021,0.009375000000000355
2026-08-16 15:25:47.600,10.475,lower,-0.13499999999999956,-0.024374999999999813
2026-08-16 15:25:47.610,10.485,lower,0.04062499999999969,-0.004999999999999449
2026-08-16 15:25:47.620,10.495,lower,0.055000000000000604,0.008124999999999938
2026-08-16 15:25:47.630,10.505,lower,-0.11312499999999948,-0.040000000000000036
2026-08-16 15:25:47.640,10.515,lower,0.08000000000000007,0.008749999999999591
2026-08-16 15:25:47.650,10.525,lower,-0.11937499999999934,-0.026874999999999538
2026-08-16 15:25:47.660,10.535,lower,0.029375000000000373,-0.012499999999999734
2026-08-16 15:25:47.670,10.545,lower,0.015000000000000568,0.005625000000000213
2026-08-16 15:25:47.680,10.555,lower,-0.08375000000000021,-0.03937500000000038
2026-08-16 15:25:47.690,10.565,lower,0.07937500000000042,0.0024999999999997247
2026-08-16 15:25:47.700,10.575,lower,-0.1375000000000004,-0.03375000000000017
2026-08-16 15:25:47.710,10.585,lower,0.04125000000000045,-0.01187500000000008
2026-08-16 15:25:47.720,10.595,lower,0.04937500000000039,0.001875000000000071
2026-08-16 15:25:47.730,10.605,lower,-0.10499999999999954,-0.03562500000000024
2026-08-16 15:25:47.740,10.615,lower,0.07937500000000042,0.006875000000000631
2026-08-16 15:25:47.750,10.625,lower,-0.12499999999999956,-0.0318750000000001
2026-08-16 15:25:47.760,10.635,lower,0.033125000000000515,-0.004374999999999796
2026-08-16 15:25:47.770,10.645,lower,0.014374999999999805,0.0050000000000005596
2026-08-16 15:25:47.780,10.655,lower,-0.07874999999999965,-0.033124999999999405
2026-08-16 15:25:47.790,10.665,lower,0.078125,0.010624999999999662
2026-08-16 15:25:47.800,10.675,lower,-0.10375000000000023,-0.02062499999999967
2026-08-16 15:25:47.810,10.685,lower,0.04562500000000025,-0.007500000000000284
2026-08-16 15:25:47.820,10.695,lower,0.04249999999999976,0.006249999999999867
2026-08-16 15:25:47.830,10.705,lower,-0.10187500000000016,-0.034999999999999476
2026-08-16 15:25:47.840,10.715,lower,0.08125000000000049,0.008124999999999938
2026-08-16 15:25:47.850,10.725,lower,-0.12687499999999963,-0.022499999999999742
2026-08-16 15:25:47.860,10.735,lower,0.03562500000000024,-0.004374999999999796
2026-08-16 15:25:47.870,10.745,lower,0.05812499999999998,0.0050000000000005596
2026-08-16 15:25:47.880,10.755,lower,-0.07187500000000013,-0.04062499999999969
2026-08-16 15:25:47.890,10.765,lower,0.08000000000000007,0.006875000000000631
2026-08-16 15:25:47.900,10.775,lower,-0.11062499999999975,-0.028124999999999956
2026-08-16 15:25:47.910,10.785,lower,0.04937500000000039,-0.013124999999999387
2026-08-16 15:25:47.920,10.795,lower,0.03562500000000024,0.0031250000000004885
2026-08-16 15:25:47.930,10.805,lower,-0.10062499999999974,-0.04062499999999969
2026-08-16 15:25:47.940,10.815,lower,0.08187500000000014,0.010000000000000009
2026-08-16 15:25:47.950,10.825,lower,-0.13000000000000012,-0.03062499999999968
2026-08-16 15:25:47.960,10.835,lower,0.03437499999999982,-0.009375000000000355
2026-08-16 15:25:47.970,10.845,lower,0.058749999999999636,0.0006249999999996536
2026-08-16 15:25:47.980,10.855,lower,-0.06750000000000034,-0.03624999999999989
2026-08-16 15:25:47.990,10.865,lower,0.078125,0.006875000000000631
2026-08-16 15:25:48.000,10.875,lower,-0.11624999999999996,-0.031249999999999334
2026-08-16 15:25:48.010,10.885,lower,0.045000000000000595,-0.009375000000000355
2026-08-16 15:25:48.020,10.895,lower,0.028124999999999956,0.007500000000000284
2026-08-16 15:25:48.030,10.905,lower,-0.09874999999999967,-0.03687499999999955
2026-08-16 15:25:48.040,10.915,lower,0.07249999999999979,0.006875000000000631
2026-08-16 15:25:48.050,10.925,lower,-0.13624999999999998,-0.03750000000000031
2026-08-16 15:25:48.060,10.935,lower,0.03624999999999989,-0.008749999999999591
2026-08-16 15:25:48.070,10.945,lower,0.05562500000000026,0.004374999999999796
2026-08-16 15:25:48.080,10.955,lower,-0.06312499999999943,-0.03249999999999975
2026-08-16 15:25:48.090,10.965,lower,0.07624999999999993,0.010624999999999662
2026-08-16 15:25:48.100,10.975,lower,-0.11812500000000004,-0.021249999999999325
2026-08-16 15:25:48.110,10.985,lower,0.025000000000000577,-0.0031249999999993783
2026-08-16 15:25:48.120,10.995,lower,0.026249999999999885,0.005625000000000213
2026-08-16 15:25:48.130,11.005,lower,-0.09375000000000022,-0.04124999999999934
2026-08-16 15:25:48.140,11.015,lower,0.07500000000000062,0.010624999999999662
2026-08-16 15:25:48.150,11.025,lower,-0.1387499999999997,-0.027500000000000302
2026-08-16 15:25:48.160,11.035,lower,0.038124999999999964,-0.003750000000000142
2026-08-16 15:25:48.170,11.045,lower,0.05249999999999977,0.004374999999999796
2026-08-16 15:25:48.180,11.055,lower,-0.06124999999999936,-0.03937500000000038
2026-08-16 15:25:48.190,11.065,lower,0.07750000000000035,0.008124999999999938
2026-08-16 15:25:48.200,11.075,lower,-0.1275000000000004,-0.029375000000000373
2026-08-16 15:25:48.210,11.085,lower,0.028124999999999956,-0.008749999999999591
2026-08-16 15:25:48.220,11.095,lower,0.01687500000000064,0.003750000000000142
2026-08-16 15:25:48.230,11.105,lower,-0.08687499999999959,-0.04062499999999969
2026-08-16 15:25:48.240,11.115,lower,0.07937500000000042,0.005625000000000213
2026-08-16 15:25:48.250,11.125,lower,-0.14062499999999978,-0.029375000000000373
2026-08-16 15:25:48.260,11.135,lower,0.04125000000000045,-0.005625000000000213
2026-08-16 15:25:48.270,11.145,lower,0.04437499999999983,0.004374999999999796
2026-08-16 15:25:48.280,11.155,lower,-0.11062499999999975,-0.03437499999999982
2026-08-16 15:25:48.290,11.165,lower,0.078125,0.010000000000000009
2026-08-16 15:25:48.300,11.175,lower,-0.1287499999999997,-0.034999999999999476
2026-08-16 15:25:48.310,11.185,lower,0.030000000000000027,-0.009375000000000355
2026-08-16 15:25:48.320,11.195,lower,0.012499999999999734,0.008749999999999591
2026-08-16 15:25:48.330,11.205,lower,-0.08062499999999972,-0.03437499999999982
2026-08-16 15:25:48.340,11.215,lower,0.08125000000000049,0.010000000000000009
2026-08-16 15:25:48.350,11.225,lower,-0.10624999999999996,-0.022499999999999742
2026-08-16 15:25:48.360,11.235,lower,0.043125000000000524,-0.0024999999999997247
2026-08-16 15:25:48.370,11.245,lower,0.03562500000000024,0.006249999999999867
2026-08-16 15:25:48.380,11.255,lower,-0.10249999999999981,-0.04187500000000011
2026-08-16 15:25:48.390,11.265,lower,0.07874999999999965,0.010000000000000009
2026-08-16 15:25:48.400,11.275,lower,-0.13624999999999998,-0.0318750000000001
2026-08-16 15:25:48.410,11.285,lower,0.033125000000000515,-0.0024999999999997247
2026-08-16 15:25:48.420,11.295,lower,0.004374999999999796,0.0
2026-08-16 15:25:48.430,11.305,lower,-0.07750000000000035,-0.03750000000000031
2026-08-16 15:25:48.440,11.315,lower,0.08000000000000007,0.006875000000000631
2026-08-16 15:25:48.450,11.325,lower,-0.11249999999999982,-0.028124999999999956
2026-08-16 15:25:48.460,11.335,lower,0.046875000000000666,-0.008124999999999938
2026-08-16 15:25:48.470,11.345,lower,0.03874999999999962,0.006249999999999867
2026-08-16 15:25:48.480,11.355,lower,-0.0956250000000003,-0.03750000000000031
2026-08-16 15:25:48.490,11.365,lower,0.08125000000000049,0.001875000000000071
2026-08-16 15:25:48.500,11.375,lower,-0.13249999999999984,-0.026874999999999538
2026-08-16 15:25:48.510,11.385,lower,0.03874999999999962,-0.007500000000000284
2026-08-16 15:25:48.520,11.395,lower,0.058749999999999636,0.001875000000000071
2026-08-16 15:25:48.530,11.405,lower,-0.07249999999999979,-0.03750000000000031
2026-08-16 15:25:48.540,11.415,lower,0.08187500000000014,0.0050000000000005596
2026-08-16 15:25:48.550,11.425,lower,-0.11375000000000024,-0.03375000000000017
2026-08-16 15:25:48.560,11.435,lower,0.0462499999999999,-0.004999999999999449
2026-08-16 15:25:48.570,11.445,lower,0.031250000000000444,0.007500000000000284
2026-08-16 15:25:48.580,11.455,lower,-0.09750000000000036,-0.0318750000000001
2026-08-16 15:25:48.590,11.465,lower,0.0824999999999998,0.010000000000000009
2026-08-16 15:25:48.600,11.475,lower,-0.13249999999999984,-0.02562500000000023
2026-08-16 15:25:48.610,11.485,lower,0.04062499999999969,-0.003750000000000142
2026-08-16 15:25:48.620,11.495,lower,0.05624999999999991,0.006875000000000631
2026-08-16 15:25:48.630,11.505,lower,-0.06312499999999943,-0.03375000000000017
2026-08-16 15:25:48.640,11.515,lower,0.08000000000000007,0.008124999999999938
2026-08-16 15:25:48.650,11.525,lower,-0.11750000000000038,-0.026874999999999538
2026-08-16 15:25:48.660,11.535,lower,0.04812499999999997,-0.004374999999999796
2026-08-16 15:25:48.670,11.545,lower,0.02187500000000009,0.003750000000000142
2026-08-16 15:25:48.680,11.555,lower,-0.08812500000000001,-0.038124999999999964
2026-08-16 15:25:48.690,11.565,lower,0.07687499999999958,0.008124999999999938
2026-08-16 15:25:48.700,11.575,lower,-0.13562500000000033,-0.026874999999999538
2026-08-16 15:25:48.710,11.585,lower,0.043125000000000524,-0.016249999999999876
2026-08-16 15:25:48.720,11.595,lower,0.05312500000000053,0.0050000000000005596
2026-08-16 15:25:48.730,11.605,lower,-0.05249999999999977,-0.03750000000000031
2026-08-16 15:25:48.740,11.615,lower,0.08437499999999987,0.012499999999999734
2026-08-16 15:25:48.750,11.625,lower,-0.12062499999999976,-0.030000000000000027
2026-08-16 15:25:48.760,11.635,lower,0.030000000000000027,-0.010000000000000009
2026-08-16 15:25:48.770,11.645,lower,0.02062499999999967,0.003750000000000142
2026-08-16 15:25:48.780,11.655,lower,-0.0824999999999998,-0.03624999999999989
2026-08-16 15:25:48.790,11.665,lower,0.07874999999999965,0.006249999999999867
2026-08-16 15:25:48.800,11.675,lower,-0.13375000000000026,-0.03249999999999975
2026-08-16 15:25:48.810,11.685,lower,0.04562500000000025,-0.004374999999999796
2026-08-16 15:25:48.820,11.695,lower,0.04812499999999997,0.008124999999999938
2026-08-16 15:25:48.830,11.705,lower,-0.05124999999999935,-0.033124999999999405
2026-08-16 15:25:48.840,11.715,lower,0.07937500000000042,0.010624999999999662
2026-08-16 15:25:48.850,11.725,lower,-0.12249999999999983,-0.03249999999999975
2026-08-16 15:25:48.860,11.735,lower,0.035000000000000586,-0.004374999999999796
2026-08-16 15:25:48.870,11.745,lower,0.013125000000000497,0.006249999999999867
2026-08-16 15:25:48.880,11.755,lower,-0.07874999999999965,-0.0318750000000001
2026-08-16 15:25:48.890,11.765,lower,0.08125000000000049,0.006875000000000631
2026-08-16 15:25:48.900,11.775,lower,-0.1387499999999997,-0.026249999999999885
2026-08-16 15:25:48.910,11.785,lower,0.043125000000000524,-0.0031249999999993783
2026-08-16 15:25:48.920,11.795,lower,0.04187500000000011,0.0050000000000005596
2026-08-16 15:25:48.930,11.805,lower,-0.10499999999999954,-0.03874999999999962
2026-08-16 15:25:48.940,11.815,lower,0.0824999999999998,0.0050000000000005596
2026-08-16 15:25:48.950,11.825,lower,-0.1275000000000004,-0.02874999999999961
2026-08-16 15:25:48.960,11.835,lower,0.03687500000000066,-0.013124999999999387
2026-08-16 15:25:48.970,11.845,lower,0.008749999999999591,0.0031250000000004885
2026-08-16 15:25:48.980,11.855,lower,-0.07437499999999986,-0.03624999999999989
2026-08-16 15:25:48.990,11.865,lower,0.08500000000000063,0.014374999999999805
2026-08-16 15:25:49.000,11.875,lower,-0.10874999999999968,-0.031249999999999334
2026-08-16 15:25:49.010,11.885,lower,0.04249999999999976,-0.008749999999999591
2026-08-16 15:25:49.020,11.895,lower,0.03437499999999982,0.003750000000000142
2026-08-16 15:25:49.030,11.905,lower,-0.0956250000000003,-0.03437499999999982
2026-08-16 15:25:49.040,11.915,lower,0.08437499999999987,0.006875000000000631
2026-08-16 15:25:49.050,11.925,lower,-0.13499999999999956,-0.034999999999999476
2026-08-16 15:25:49.060,11.935,lower,0.038124999999999964,-0.008749999999999591
2026-08-16 15:25:49.070,11.945,lower,0.0024999999999997247,0.006875000000000631
2026-08-16 15:25:49.080,11.955,lower,-0.07062499999999972,-0.03750000000000031
2026-08-16 15:25:49.090,11.965,lower,0.08375000000000021,0.009375000000000355
2026-08-16 15:25:49.100,11.975,lower,-0.11062499999999975,-0.03624999999999989
2026-08-16 15:25:49.110,11.985,lower,0.051875000000000115,-0.004374999999999796
2026-08-16 15:25:49.120,11.995,lower,0.03562500000000024,0.007500000000000284
2026-08-16 15:25:49.130,12.005,lower,-0.08812500000000001,-0.029375000000000373
2026-08-16 15:25:49.140,12.015,lower,0.08187500000000014,0.006875000000000631
2026-08-16 15:25:49.150,12.025,lower,-0.13562500000000033,-0.027500000000000302
2026-08-16 15:25:49.160,12.035,lower,0.043125000000000524,-0.004999999999999449
2026-08-16 15:25:49.170,12.045,lower,0.056875000000000675,0.0031250000000004885
2026-08-16 15:25:49.180,12.055,lower,-0.061875000000000124,-0.040000000000000036
2026-08-16 15:25:49.190,12.065,lower,0.08312500000000056,0.009375000000000355
2026-08-16 15:25:49.200,12.075,lower,-0.1143749999999999,-0.031249999999999334
2026-08-16 15:25:49.210,12.085,lower,0.05125000000000046,-0.0031249999999993783
2026-08-16 15:25:49.220,12.095,lower,0.028124999999999956,0.005625000000000213
2026-08-16 15:25:49.230,12.105,lower,-0.08562500000000028,-0.03562500000000024
2026-08-16 15:25:49.240,12.115,lower,0.07874999999999965,0.005625000000000213
2026-08-16 15:25:49.250,12.125,lower,-0.13562500000000033,-0.02874999999999961
2026-08-16 15:25:49.260,12.135,lower,0.04562500000000025,-0.013750000000000151
2026-08-16 15:25:49.270,12.145,lower,0.05437499999999984,0.0012500000000004174
2026-08-16 15:25:49.280,12.155,lower,-0.053750000000000187,-0.03874999999999962
2026-08-16 15:25:49.290,12.165,lower,0.08375000000000021,0.007500000000000284
2026-08-16 15:25:49.300,12.175,lower,-0.11937499999999934,-0.031249999999999334
2026-08-16 15:25:49.310,12.185,lower,0.055000000000000604,-0.008749999999999591
2026-08-16 15:25:49.320,12.195,lower,0.019375000000000364,0.0
2026-08-16 15:25:49.330,12.205,lower,-0.08375000000000021,-0.03624999999999989
2026-08-16 15:25:49.340,12.215,lower,0.08187500000000014,0.008749999999999591
2026-08-16 15:25:49.350,12.225,lower,-0.1343749999999999,-0.0318750000000001
2026-08-16 15:25:49.360,12.235,lower,0.04375000000000018,-0.005625000000000213
2026-08-16 15:25:49.370,12.245,lower,0.051875000000000115,0.004374999999999796
2026-08-16 15:25:49.380,12.255,lower,-0.053750000000000187,-0.03437499999999982
2026-08-16 15:25:49.390,12.265,lower,0.08062499999999972,0.008124999999999938
2026-08-16 15:25:49.400,12.275,lower,-0.1243749999999999,-0.033124999999999405
2026-08-16 15:25:49.410,12.285,lower,0.03062499999999968,-0.00687499999999952
2026-08-16 15:25:49.420,12.295,lower,0.018124999999999947,0.004374999999999796
2026-08-16 15:25:49.430,12.305,lower,-0.07937500000000042,-0.03624999999999989
2026-08-16 15:25:49.440,12.315,lower,0.07874999999999965,0.006875000000000631
2026-08-16 15:25:49.450,12.325,lower,-0.1387499999999997,-0.028124999999999956
2026-08-16 15:25:49.460,12.335,lower,0.046875000000000666,-0.0031249999999993783
2026-08-16 15:25:49.470,12.345,lower,0.045000000000000595,0.004374999999999796
2026-08-16 15:25:49.480,12.355,lower,-0.10312499999999947,-0.03562500000000024
2026-08-16 15:25:49.490,12.365,lower,0.08500000000000063,0.007500000000000284
2026-08-16 15:25:49.500,12.375,lower,-0.1287499999999997,-0.029375000000000373
2026-08-16 15:25:49.510,12.385,lower,0.035000000000000586,-0.010624999999999662
2026-08-16 15:25:49.520,12.395,lower,0.011250000000000426,0.0050000000000005596
2026-08-16 15:25:49.530,12.405,lower,-0.07437499999999986,-0.03874999999999962
2026-08-16 15:25:49.540,12.415,lower,0.07937500000000042,0.012499999999999734
2026-08-16 15:25:49.550,12.425,lower,-0.13624999999999998,-0.03062499999999968
2026-08-16 15:25:49.560,12.435,lower,0.04937500000000039,-0.01187500000000008
2026-08-16 15:25:49.570,12.445,lower,0.0318750000000001,0.0
2026-08-16 15:25:49.580,12.455,lower,-0.10062499999999974,-0.03687499999999955
2026-08-16 15:25:49.590,12.465,lower,0.08750000000000036,0.008749999999999591
2026-08-16 15:25:49.600,12.475,lower,-0.12937499999999935,-0.031249999999999334
2026-08-16 15:25:49.610,12.485,lower,0.040000000000000036,-0.003750000000000142
2026-08-16 15:25:49.620,12.495,lower,0.003750000000000142,0.0
2026-08-16 15:25:49.630,12.505,lower,-0.06874999999999964,-0.03375000000000017
2026-08-16 15:25:49.640,12.515,lower,0.08062499999999972,0.006249999999999867
2026-08-16 15:25:49.650,12.525,lower,-0.11499999999999955,-0.03624999999999989
2026-08-16 15:25:49.660,12.535,lower,0.04750000000000032,-0.007500000000000284
2026-08-16 15:25:49.670,12.545,lower,0.029375000000000373,0.001875000000000071
2026-08-16 15:25:49.680,12.555,lower,-0.0968749999999996,-0.033124999999999405
2026-08-16 15:25:49.690,12.565,lower,0.08125000000000049,0.006875000000000631
2026-08-16 15:25:49.700,12.575,lower,-0.1375000000000004,-0.027500000000000302
2026-08-16 15:25:49.710,12.585,lower,0.040000000000000036,-0.005625000000000213
2026-08-16 15:25:49.720,12.595,lower,0.05812499999999998,0.004374999999999796
2026-08-16 15:25:49.730,12.605,lower,-0.061875000000000124,-0.03937500000000038
2026-08-16 15:25:49.740,12.615,lower,0.08187500000000014,0.010624999999999662
2026-08-16 15:25:49.750,12.625,lower,-0.11750000000000038,-0.029375000000000373
2026-08-16 15:25:49.760,12.635,lower,0.0506249999999997,-0.0006249999999996536
2026-08-16 15:25:49.770,12.645,lower,0.02375000000000016,0.003750000000000142
2026-08-16 15:25:49.780,12.655,lower,-0.08937500000000043,-0.03874999999999962
2026-08-16 15:25:49.790,12.665,lower,0.08125000000000049,0.010000000000000009
2026-08-16 15:25:49.800,12.675,lower,-0.14000000000000012,-0.030000000000000027
2026-08-16 15:25:49.810,12.685,lower,0.040000000000000036,-0.009375000000000355
2026-08-16 15:25:49.820,12.695,lower,0.05312500000000053,0.0
2026-08-16 15:25:49.830,12.705,lower,-0.0593750000000004,-0.03687499999999955
2026-08-16 15:25:49.840,12.715,lower,0.07874999999999965,0.009375000000000355
2026-08-16 15:25:49.850,12.725,lower,-0.12187500000000018,-0.03437499999999982
2026-08-16 15:25:49.860,12.735,lower,0.05249999999999977,-0.009375000000000355
2026-08-16 15:25:49.870,12.745,lower,0.017500000000000293,0.006249999999999867
2026-08-16 15:25:49.880,12.755,lower,-0.09124999999999939,-0.03249999999999975
2026-08-16 15:25:49.890,12.765,lower,0.07750000000000035,0.006875000000000631
2026-08-16 15:25:49.900,12.775,lower,-0.14499999999999957,-0.03562500000000024
2026-08-16 15:25:49.910,12.785,lower,0.04249999999999976,-0.010000000000000009
2026-08-16 15:25:49.920,12.795,lower,0.04874999999999963,0.0024999999999997247
2026-08-16 15:25:49.930,12.805,lower,-0.058749999999999636,-0.03375000000000017
2026-08-16 15:25:49.940,12.815,lower,0.08312500000000056,0.008749999999999591
2026-08-16 15:25:49.950,12.825,lower,-0.12249999999999983,-0.027500000000000302
2026-08-16 15:25:49.960,12.835,lower,0.02874999999999961,-0.0031249999999993783
2026-08-16 15:25:49.970,12.845,lower,0.015000000000000568,0.001875000000000071
2026-08-16 15:25:49.980,12.855,lower,-0.08499999999999952,-0.03874999999999962
2026-08-16 15:25:49.990,12.865,lower,0.08125000000000049,0.01187500000000008
2026-08-16 15:25:50.000,12.875,lower,-0.1431249999999995,-0.027500000000000302
2026-08-16 15:25:50.010,12.885,lower,0.040000000000000036,-0.005625000000000213
2026-08-16 15:25:50.020,12.895,lower,0.04187500000000011,0.001875000000000071
2026-08-16 15:25:50.030,12.905,lower,-0.05249999999999977,-0.04187500000000011
2026-08-16 15:25:50.040,12.915,lower,0.08125000000000049,0.008124999999999938
2026-08-16 15:25:50.050,12.925,lower,-0.13062499999999977,-0.033124999999999405
2026-08-16 15:25:50.060,12.935,lower,0.02874999999999961,-0.010000000000000009
2026-08-16 15:25:50.070,12.945,lower,0.008124999999999938,0.0024999999999997247
2026-08-16 15:25:50.080,12.955,lower,-0.07624999999999993,-0.040000000000000036
2026-08-16 15:25:50.090,12.965,lower,0.07937500000000042,0.0050000000000005596
2026-08-16 15:25:50.100,12.975,lower,-0.1418750000000002,-0.03249999999999975
2026-08-16 15:25:50.110,12.985,lower,0.043125000000000524,-0.006249999999999867
2026-08-16 15:25:50.120,12.995,lower,0.03437499999999982,0.0012500000000004174
2026-08-16 15:25:50.130,13.005,lower,-0.10375000000000023,-0.0318750000000001
2026-08-16 15:25:50.140,13.015,lower,0.07874999999999965,0.0031250000000004885
2026-08-16 15:25:50.150,13.025,lower,-0.13687499999999964,-0.03562500000000024
2026-08-16 15:25:50.160,13.035,lower,0.03375000000000017,-0.005625000000000213
2026-08-16 15:25:50.170,13.045,lower,0.003750000000000142,0.005625000000000213
2026-08-16 15:25:50.180,13.055,lower,-0.07249999999999979,-0.03687499999999955
2026-08-16 15:25:50.190,13.065,lower,0.07687499999999958,0.010000000000000009
2026-08-16 15:25:50.200,13.075,lower,-0.14437499999999992,-0.02874999999999961
2026-08-16 15:25:50.210,13.085,lower,0.050000000000000044,-0.008124999999999938
2026-08-16 15:25:50.220,13.095,lower,0.028124999999999956,0.006875000000000631
2026-08-16 15:25:50.230,13.105,lower,-0.1012499999999994,-0.03562500000000024
2026-08-16 15:25:50.240,13.115,lower,0.08312500000000056,0.010000000000000009
2026-08-16 15:25:50.250,13.125,lower,-0.13624999999999998,-0.028124999999999956
2026-08-16 15:25:50.260,13.135,lower,0.035000000000000586,-0.0006249999999996536
2026-08-16 15:25:50.270,13.145,lower,-0.004999999999999449,0.006875000000000631
2026-08-16 15:25:50.280,13.155,lower,-0.06874999999999964,-0.040000000000000036
2026-08-16 15:25:50.290,13.165,lower,0.07624999999999993,0.010624999999999662
2026-08-16 15:25:50.300,13.175,lower,-0.12062499999999976,-0.03062499999999968
2026-08-16 15:25:50.310,13.185,lower,0.05249999999999977,-0.012499999999999734
2026-08-16 15:25:50.320,13.195,lower,0.021250000000000435,0.0024999999999997247
2026-08-16 15:25:50.330,13.205,lower,-0.09624999999999995,-0.03562500000000024
2026-08-16 15:25:50.340,13.215,lower,0.08312500000000056,0.010000000000000009
2026-08-16 15:25:50.350,13.225,lower,-0.14000000000000012,-0.03062499999999968
2026-08-16 15:25:50.360,13.235,lower,0.03687500000000066,-0.004999999999999449
2026-08-16 15:25:50.370,13.245,lower,0.050000000000000044,0.0006249999999996536
2026-08-16 15:25:50.380,13.255,lower,-0.06437499999999985,-0.034999999999999476
2026-08-16 15:25:50.390,13.265,lower,0.07750000000000035,0.006249999999999867
2026-08-16 15:25:50.400,13.275,lower,-0.1243749999999999,-0.034999999999999476
2026-08-16 15:25:50.410,13.285,lower,0.04562500000000025,-0.005625000000000213
2026-08-16 15:25:50.420,13.295,lower,0.016249999999999876,0.0031250000000004885
2026-08-16 15:25:50.430,13.305,lower,-0.08812500000000001,-0.03375000000000017
2026-08-16 15:25:50.440,13.315,lower,0.078125,0.009375000000000355
2026-08-16 15:25:50.450,13.325,lower,-0.14499999999999957,-0.03624999999999989
2026-08-16 15:25:50.460,13.335,lower,0.03874999999999962,-0.003750000000000142
2026-08-16 15:25:50.470,13.345,lower,0.046875000000000666,0.007500000000000284
2026-08-16 15:25:50.480,13.355,lower,-0.0593750000000004,-0.0318750000000001
2026-08-16 15:25:50.490,13.365,lower,0.07874999999999965,0.011250000000000426
2026-08-16 15:25:50.500,13.375,lower,-0.12562500000000032,-0.02874999999999961
2026-08-16 15:25:50.510,13.385,lower,0.0506249999999997,-0.001875000000000071
2026-08-16 15:25:50.520,13.395,lower,0.008124999999999938,0.006875000000000631
2026-08-16 15:25:50.530,13.405,lower,-0.08312499999999945,-0.040000000000000036
2026-08-16 15:25:50.540,13.415,lower,0.07874999999999965,0.006249999999999867
2026-08-16 15:25:50.550,13.425,lower,-0.14437499999999992,-0.027500000000000302
2026-08-16 15:25:50.560,13.435,lower,0.046875000000000666,-0.01187500000000008
2026-08-16 15:25:50.570,13.445,lower,0.045000000000000595,0.0031250000000004885
2026-08-16 15:25:50.580,13.455,lower,-0.05124999999999935,-0.038124999999999964
2026-08-16 15:25:50.590,13.465,lower,0.0824999999999998,0.012499999999999734
2026-08-16 15:25:50.600,13.475,lower,-0.12812500000000004,-0.0318750000000001
2026-08-16 15:25:50.610,13.485,lower,0.033125000000000515,-0.005625000000000213
2026-08-16 15:25:50.620,13.495,lower,0.006875000000000631,0.0031250000000004885
2026-08-16 15:25:50.630,13.505,lower,-0.07687499999999958,-0.034999999999999476
2026-08-16 15:25:50.640,13.515,lower,0.07687499999999958,0.007500000000000284
2026-08-16 15:25:50.650,13.525,lower,-0.1431249999999995,-0.034999999999999476
2026-08-16 15:25:50.660,13.535,lower,0.04562500000000025,-0.008749999999999591
2026-08-16 15:25:50.670,13.545,lower,0.03874999999999962,0.004374999999999796
2026-08-16 15:25:50.680,13.555,lower,-0.04874999999999963,-0.03624999999999989
2026-08-16 15:25:50.690,13.565,lower,0.0824999999999998,0.008749999999999591
2026-08-16 15:25:50.700,13.575,lower,-0.13124999999999942,-0.03562500000000024
2026-08-16 15:25:50.710,13.585,lower,0.03062499999999968,-0.003750000000000142
2026-08-16 15:25:50.720,13.595,lower,0.003750000000000142,0.006875000000000631
2026-08-16 15:25:50.730,13.605,lower,-0.07000000000000006,-0.033124999999999405
2026-08-16 15:25:50.740,13.615,lower,0.08062499999999972,0.011250000000000426
2026-08-16 15:25:50.750,13.625,lower,-0.1418750000000002,-0.02562500000000023
2026-08-16 15:25:50.760,13.635,lower,0.050000000000000044,0.0012500000000004174
2026-08-16 15:25:50.770,13.645,lower,0.031250000000000444,0.0024999999999997247
2026-08-16 15:25:50.780,13.655,lower,-0.10000000000000009,-0.04375000000000018
2026-08-16 15:25:50.790,13.665,lower,0.08187500000000014,0.011250000000000426
2026-08-16 15:25:50.800,13.675,lower,-0.13624999999999998,-0.026874999999999538
2026-08-16 15:25:50.810,13.685,lower,0.03937500000000038,-0.0024999999999997247
2026-08-16 15:25:50.820,13.695,lower,0.001875000000000071,0.0031250000000004885
2026-08-16 15:25:50.830,13.705,lower,-0.06562500000000027,-0.038124999999999964
2026-08-16 15:25:50.840,13.715,lower,0.08062499999999972,0.01187500000000008
2026-08-16 15:25:50.850,13.725,lower,-0.12249999999999983,-0.02874999999999961
2026-08-16 15:25:50.860,13.735,lower,0.0506249999999997,-0.005625000000000213
2026-08-16 15:25:50.870,13.745,lower,0.028124999999999956,0.003750000000000142
2026-08-16 15:25:50.880,13.755,lower,-0.0956250000000003,-0.03375000000000017
2026-08-16 15:25:50.890,13.765,lower,0.08187500000000014,0.006875000000000631
2026-08-16 15:25:50.900,13.775,lower,-0.13624999999999998,-0.030000000000000027
2026-08-16 15:25:50.910,13.785,lower,0.03937500000000038,-0.013750000000000151
2026-08-16 15:25:50.920,13.795,lower,-0.00687499999999952,-0.0012500000000004174
2026-08-16 15:25:50.930,13.805,lower,-0.0649999999999995,-0.03874999999999962
2026-08-16 15:25:50.940,13.815,lower,0.0824999999999998,0.004374999999999796
2026-08-16 15:25:50.950,13.825,lower,-0.12249999999999983,-0.038124999999999964
2026-08-16 15:25:50.960,13.835,lower,0.05437499999999984,-0.004999999999999449
2026-08-16 15:25:50.970,13.845,lower,0.02062499999999967,0.007500000000000284
2026-08-16 15:25:50.980,13.855,lower,-0.08750000000000036,-0.030000000000000027
2026-08-16 15:25:50.990,13.865,lower,0.08500000000000063,0.012499999999999734
2026-08-16 15:25:51.000,13.875,lower,-0.13812500000000005,-0.028124999999999956
2026-08-16 15:25:51.010,13.885,lower,0.04125000000000045,-0.003750000000000142
2026-08-16 15:25:51.020,13.895,lower,0.04750000000000032,0.0012500000000004174
2026-08-16 15:25:51.030,13.905,lower,-0.054999999999999494,-0.0318750000000001
2026-08-16 15:25:51.040,13.915,lower,0.08187500000000014,0.012499999999999734
2026-08-16 15:25:51.050,13.925,lower,-0.12562500000000032,-0.03249999999999975
2026-08-16 15:25:51.060,13.935,lower,0.05312500000000053,-0.005625000000000213
2026-08-16 15:25:51.070,13.945,lower,0.010624999999999662,0.001875000000000071
2026-08-16 15:25:51.080,13.955,lower,-0.07937500000000042,-0.03437499999999982
2026-08-16 15:25:51.090,13.965,lower,0.08187500000000014,0.008124999999999938
2026-08-16 15:25:51.100,13.975,lower,-0.14124999999999943,-0.027500000000000302
2026-08-16 15:25:51.110,13.985,lower,0.04562500000000025,-0.01187500000000008
2026-08-16 15:25:51.120,13.995,lower,0.046875000000000666,0.0012500000000004174
2026-08-16 15:25:51.130,14.005,lower,-0.0506249999999997,-0.03937500000000038
2026-08-16 15:25:51.140,14.015,lower,0.08000000000000007,0.005625000000000213
2026-08-16 15:25:51.150,14.025,lower,-0.1275000000000004,-0.033124999999999405
2026-08-16 15:25:51.160,14.035,lower,0.05437499999999984,-0.010000000000000009
2026-08-16 15:25:51.170,14.045,lower,0.007500000000000284,-0.0012500000000004174
2026-08-16 15:25:51.180,14.055,lower,-0.08000000000000007,-0.03687499999999955
2026-08-16 15:25:51.190,14.065,lower,0.08000000000000007,0.006875000000000631
2026-08-16 15:25:51.200,14.075,lower,-0.14249999999999985,-0.03562500000000024
2026-08-16 15:25:51.210,14.085,lower,0.04874999999999963,-0.008749999999999591
2026-08-16 15:25:51.220,14.095,lower,0.04249999999999976,0.009375000000000355
2026-08-16 15:25:51.230,14.105,lower,-0.046874999999999556,-0.0318750000000001
2026-08-16 15:25:51.240,14.115,lower,0.08562500000000028,0.010624999999999662
2026-08-16 15:25:51.250,14.125,lower,-0.1287499999999997,-0.03624999999999989
2026-08-16 15:25:51.260,14.135,lower,0.038124999999999964,-0.001875000000000071
2026-08-16 15:25:51.270,14.145,lower,0.006875000000000631,0.004374999999999796
2026-08-16 15:25:51.280,14.155,lower,-0.06874999999999964,-0.03062499999999968
2026-08-16 15:25:51.290,14.165,lower,0.08500000000000063,0.008749999999999591
2026-08-16 15:25:51.300,14.175,lower,-0.1375000000000004,-0.030000000000000027
2026-08-16 15:25:51.310,14.185,lower,0.05125000000000046,0.0
2026-08-16 15:25:51.320,14.195,lower,0.03437499999999982,0.001875000000000071
2026-08-16 15:25:51.330,14.205,lower,-0.10000000000000009,-0.03687499999999955
2026-08-16 15:25:51.340,14.215,lower,0.08937500000000043,0.010624999999999662
2026-08-16 15:25:51.350,14.225,lower,-0.13375000000000026,-0.027500000000000302
2026-08-16 15:25:51.360,14.235,lower,0.03562500000000024,-0.009375000000000355
2026-08-16 15:25:51.370,14.245,lower,0.003750000000000142,0.004374999999999796
2026-08-16 15:25:51.380,14.255,lower,-0.06687499999999957,-0.03750000000000031
2026-08-16 15:25:51.390,14.265,lower,0.08375000000000021,0.008124999999999938
2026-08-16 15:25:51.400,14.275,lower,-0.14249999999999985,-0.038124999999999964
2026-08-16 15:25:51.410,14.285,lower,0.04874999999999963,-0.011249999999999316
2026-08-16 15:25:51.420,14.295,lower,0.02874999999999961,0.0006249999999996536
2026-08-16 15:25:51.430,14.305,lower,-0.09437499999999988,-0.043124999999999414
2026-08-16 15:25:51.440,14.315,lower,0.08500000000000063,0.007500000000000284
2026-08-16 15:25:51.450,14.325,lower,-0.14000000000000012,-0.03750000000000031
2026-08-16 15:25:51.460,14.335,lower,0.03937500000000038,-0.009375000000000355
2026-08-16 15:25:51.470,14.345,lower,-0.004374999999999796,0.008749999999999591
2026-08-16 15:25:51.480,14.355,lower,-0.06249999999999978,-0.0318750000000001
2026-08-16 15:25:51.490,14.365,lower,0.08312500000000056,0.008749999999999591
2026-08-16 15:25:51.500,14.375,lower,-0.12499999999999956,-0.03375000000000017
2026-08-16 15:25:51.510,14.385,lower,0.05312500000000053,-0.0024999999999997247
2026-08-16 15:25:51.520,14.395,lower,0.025000000000000577,0.004374999999999796
2026-08-16 15:25:51.530,14.405,lower,-0.08812500000000001,-0.03062499999999968
2026-08-16 15:25:51.540,14.415,lower,0.08687499999999959,0.01187500000000008
2026-08-16 15:25:51.550,14.425,lower,-0.13937499999999936,-0.02874999999999961
2026-08-16 15:25:51.560,14.435,lower,0.04062499999999969,-0.0024999999999997247
2026-08-16 15:25:51.570,14.445,lower,-0.006249999999999867,0.004374999999999796
2026-08-16 15:25:51.580,14.455,lower,-0.05750000000000033,-0.038124999999999964
2026-08-16 15:25:51.590,14.465,lower,0.08125000000000049,0.010624999999999662
2026-08-16 15:25:51.600,14.475,lower,-0.12375000000000025,-0.030000000000000027
2026-08-16 15:25:51.610,14.485,lower,0.055000000000000604,-0.004999999999999449
2026-08-16 15:25:51.620,14.495,lower,0.018124999999999947,0.0024999999999997247
2026-08-16 15:25:51.630,14.505,lower,-0.08687499999999959,-0.03874999999999962
2026-08-16 15:25:51.640,14.515,lower,0.08437499999999987,0.009375000000000355
2026-08-16 15:25:51.650,14.525,lower,-0.13937499999999936,-0.03437499999999982
2026-08-16 15:25:51.660,14.535,lower,0.04249999999999976,-0.013750000000000151
2026-08-16 15:25:51.670,14.545,lower,0.046875000000000666,-0.004374999999999796
2026-08-16 15:25:51.680,14.555,lower,-0.05624999999999991,-0.038124999999999964
2026-08-16 15:25:51.690,14.565,lower,0.08375000000000021,0.004374999999999796
2026-08-16 15:25:51.700,14.575,lower,-0.12499999999999956,-0.03437499999999982
2026-08-16 15:25:51.710,14.585,lower,0.053750000000000187,-0.006249999999999867
2026-08-16 15:25:51.720,14.595,lower,0.01187500000000008,-0.0012500000000004174
2026-08-16 15:25:51.730,14.605,lower,-0.07750000000000035,-0.0318750000000001
2026-08-16 15:25:51.740,14.615,lower,0.08375000000000021,0.010000000000000009
2026-08-16 15:25:51.750,14.625,lower,-0.14249999999999985,-0.03562500000000024
2026-08-16 15:25:51.760,14.635,lower,0.0462499999999999,-0.003750000000000142
2026-08-16 15:25:51.770,14.645,lower,0.04249999999999976,0.0012500000000004174
2026-08-16 15:25:51.780,14.655,lower,-0.04874999999999963,-0.033124999999999405
2026-08-16 15:25:51.790,14.665,lower,0.08312500000000056,0.008124999999999938
2026-08-16 15:25:51.800,14.675,lower,-0.13062499999999977,-0.027500000000000302
2026-08-16 15:25:51.810,14.685,lower,0.0593750000000004,-0.004374999999999796
2026-08-16 15:25:51.820,14.695,lower,0.005625000000000213,0.005625000000000213
2026-08-16 15:25:51.830,14.705,lower,-0.0737500000000002,-0.03062499999999968
2026-08-16 15:25:51.840,14.715,lower,0.07937500000000042,0.006875000000000631
2026-08-16 15:25:51.850,14.725,lower,-0.14375000000000027,-0.029375000000000373
2026-08-16 15:25:51.860,14.735,lower,0.051875000000000115,-0.001875000000000071
2026-08-16 15:25:51.870,14.745,lower,0.035000000000000586,0.0024999999999997247
2026-08-16 15:25:51.880,14.755,lower,-0.04437499999999983,-0.04187500000000011
2026-08-16 15:25:51.890,14.765,lower,0.08062499999999972,0.009375000000000355
2026-08-16 15:25:51.900,14.775,lower,-0.13249999999999984,-0.03375000000000017
2026-08-16 15:25:51.910,14.785,lower,0.03624999999999989,-0.010000000000000009
2026-08-16 15:25:51.920,14.795,lower,-0.0012500000000004174,-0.0012500000000004174
2026-08-16 15:25:51.930,14.805,lower,-0.07249999999999979,-0.038124999999999964
2026-08-16 15:25:51.940,14.815,lower,0.07874999999999965,0.010000000000000009
2026-08-16 15:25:51.950,14.825,lower,-0.14375000000000027,-0.03624999999999989
2026-08-16 15:25:51.960,14.835,lower,0.0506249999999997,-0.004999999999999449
2026-08-16 15:25:51.970,14.845,lower,0.028124999999999956,-0.0024999999999997247
2026-08-16 15:25:51.980,14.855,lower,-0.10187500000000016,-0.03750000000000031
2026-08-16 15:25:51.990,14.865,lower,0.08624999999999994,0.008749999999999591
2026-08-16 15:25:52.000,14.875,lower,-0.13624999999999998,-0.03624999999999989
2026-08-16 15:25:52.010,14.885,lower,0.03437499999999982,-0.008749999999999591
2026-08-16 15:25:52.020,14.895,lower,-0.00687499999999952,0.0031250000000004885
2026-08-16 15:25:52.030,14.905,lower,-0.06687499999999957,-0.03249999999999975
2026-08-16 15:25:52.040,14.915,lower,0.078125,0.0050000000000005596
2026-08-16 15:25:52.050,14.925,lower,-0.1431249999999995,-0.03375000000000017
2026-08-16 15:25:52.060,14.935,lower,0.04812499999999997,-0.003750000000000142
2026-08-16 15:25:52.070,14.945,lower,0.023125000000000506,0.0031250000000004885
2026-08-16 15:25:52.080,14.955,lower,-0.09187500000000015,-0.031249999999999334
2026-08-16 15:25:52.090,14.965,lower,0.08125000000000049,0.010624999999999662
2026-08-16 15:25:52.100,14.975,lower,-0.14249999999999985,-0.029375000000000373
2026-08-16 15:25:52.110,14.985,lower,0.04062499999999969,-0.005625000000000213
2026-08-16 15:25:52.120,14.995,lower,-0.010000000000000009,0.003750000000000142
2026-08-16 15:25:52.130,15.005,lower,-0.06312499999999943,-0.03562500000000024
2026-08-16 15:25:52.140,15.015,lower,0.07562500000000028,0.011250000000000426
2026-08-16 15:25:52.150,15.025,lower,-0.13124999999999942,-0.0318750000000001
2026-08-16 15:25:52.160,15.035,lower,0.050000000000000044,-0.01687499999999953
2026-08-16 15:25:52.170,15.045,lower,0.01187500000000008,-0.0012500000000004174
2026-08-16 15:25:52.180,15.055,lower,-0.08937500000000043,-0.03937500000000038
2026-08-16 15:25:52.190,15.065,lower,0.07937500000000042,0.005625000000000213
2026-08-16 15:25:52.200,15.075,lower,-0.1475000000000004,-0.038124999999999964
2026-08-16 15:25:52.210,15.085,lower,0.04375000000000018,-0.008749999999999591
2026-08-16 15:25:52.220,15.095,lower,0.045000000000000595,-0.001875000000000071
2026-08-16 15:25:52.230,15.105,lower,-0.05562500000000026,-0.03750000000000031
2026-08-16 15:25:52.240,15.115,lower,0.08187500000000014,0.006875000000000631
2026-08-16 15:25:52.250,15.125,lower,-0.13062499999999977,-0.03562500000000024
2026-08-16 15:25:52.260,15.135,lower,0.051875000000000115,-0.00687499999999952
2026-08-16 15:25:52.270,15.145,lower,0.009375000000000355,0.0050000000000005596
2026-08-16 15:25:52.280,15.155,lower,-0.08187500000000014,-0.03062499999999968
2026-08-16 15:25:52.290,15.165,lower,0.07750000000000035,0.007500000000000284
2026-08-16 15:25:52.300,15.175,lower,-0.1431249999999995,-0.03624999999999989
2026-08-16 15:25:52.310,15.185,lower,0.04437499999999983,-0.003750000000000142
2026-08-16 15:25:52.320,15.195,lower,0.040000000000000036,0.0024999999999997247
2026-08-16 15:25:52.330,15.205,lower,-0.051875000000000115,-0.0318750000000001
2026-08-16 15:25:52.340,15.215,lower,0.08062499999999972,0.012499999999999734
2026-08-16 15:25:52.350,15.225,lower,-0.13124999999999942,-0.026874999999999538
2026-08-16 15:25:52.360,15.235,lower,0.05249999999999977,-0.0024999999999997247
2026-08-16 15:25:52.370,15.245,lower,0.0024999999999997247,0.004374999999999796
2026-08-16 15:25:52.380,15.255,lower,-0.08000000000000007,-0.040000000000000036
2026-08-16 15:25:52.390,15.265,lower,0.078125,0.006249999999999867
2026-08-16 15:25:52.400,15.275,lower,-0.14937499999999937,-0.0318750000000001
2026-08-16 15:25:52.410,15.285,lower,0.04562500000000025,-0.003750000000000142
2026-08-16 15:25:52.420,15.295,lower,0.03062499999999968,0.0024999999999997247
2026-08-16 15:25:52.430,15.305,lower,-0.04874999999999963,-0.03874999999999962
2026-08-16 15:25:52.440,15.315,lower,0.0824999999999998,0.006875000000000631
2026-08-16 15:25:52.450,15.325,lower,-0.1387499999999997,-0.0318750000000001
2026-08-16 15:25:52.460,15.335,lower,0.0318750000000001,-0.012499999999999734
2026-08-16 15:25:52.470,15.345,lower,0.0006249999999996536,-0.0024999999999997247
2026-08-16 15:25:52.480,15.355,lower,-0.07437499999999986,-0.03624999999999989
2026-08-16 15:25:52.490,15.365,lower,0.07874999999999965,0.007500000000000284
2026-08-16 15:25:52.500,15.375,lower,-0.1475000000000004,-0.03437499999999982
2026-08-16 15:25:52.510,15.385,lower,0.050000000000000044,-0.00687499999999952
2026-08-16 15:25:52.520,15.395,lower,0.028124999999999956,-0.001875000000000071
2026-08-16 15:25:52.530,15.405,lower,-0.04249999999999976,-0.033124999999999405
2026-08-16 15:25:52.540,15.415,lower,0.08062499999999972,0.010000000000000009
2026-08-16 15:25:52.550,15.425,lower,-0.14000000000000012,-0.034999999999999476
2026-08-16 15:25:52.560,15.435,lower,0.03375000000000017,-0.005625000000000213
2026-08-16 15:25:52.570,15.445,lower,-0.001875000000000071,0.004374999999999796
2026-08-16 15:25:52.580,15.455,lower,-0.07124999999999937,-0.033124999999999405
2026-08-16 15:25:52.590,15.465,lower,0.07937500000000042,0.010624999999999662
2026-08-16 15:25:52.600,15.475,lower,-0.1431249999999995,-0.026874999999999538
2026-08-16 15:25:52.610,15.485,lower,0.04874999999999963,-0.004999999999999449
2026-08-16 15:25:52.620,15.495,lower,0.017500000000000293,0.005625000000000213
2026-08-16 15:25:52.630,15.505,lower,-0.09937499999999932,-0.033124999999999405
2026-08-16 15:25:52.640,15.515,lower,0.08062499999999972,0.008124999999999938
2026-08-16 15:25:52.650,15.525,lower,-0.14499999999999957,-0.031249999999999334
2026-08-16 15:25:52.660,15.535,lower,0.03750000000000031,-0.0006249999999996536
2026-08-16 15:25:52.670,15.545,lower,-0.012499999999999734,-0.0006249999999996536
2026-08-16 15:25:52.680,15.555,lower,-0.06750000000000034,-0.04124999999999934
2026-08-16 15:25:52.690,15.565,lower,0.07937500000000042,0.008124999999999938
2026-08-16 15:25:52.700,15.575,lower,-0.14937499999999937,-0.03437499999999982
2026-08-16 15:25:52.710,15.585,lower,0.050000000000000044,-0.010624999999999662
2026-08-16 15:25:52.720,15.595,lower,0.016249999999999876,-0.0012500000000004174
2026-08-16 15:25:52.730,15.605,lower,-0.09312499999999946,-0.03937500000000038
2026-08-16 15:25:52.740,15.615,lower,0.0824999999999998,0.009375000000000355
2026-08-16 15:25:52.750,15.625,lower,-0.14437499999999992,-0.03562500000000024
2026-08-16 15:25:52.760,15.635,lower,0.038124999999999964,-0.006249999999999867
2026-08-16 15:25:52.770,15.645,lower,-0.014999999999999458,-0.0006249999999996536
2026-08-16 15:25:52.780,15.655,lower,-0.05624999999999991,-0.03375000000000017
2026-08-16 15:25:52.790,15.665,lower,0.08375000000000021,0.006875000000000631
2026-08-16 15:25:52.800,15.675,lower,-0.13124999999999942,-0.03437499999999982
2026-08-16 15:25:52.810,15.685,lower,0.051875000000000115,-0.004374999999999796
2026-08-16 15:25:52.820,15.695,lower,0.013125000000000497,0.005625000000000213
2026-08-16 15:25:52.830,15.705,lower,-0.08187500000000014,-0.0318750000000001
2026-08-16 15:25:52.840,15.715,lower,0.07874999999999965,0.008749999999999591
2026-08-16 15:25:52.850,15.725,lower,-0.14437499999999992,-0.03375000000000017
2026-08-16 15:25:52.860,15.735,lower,0.04562500000000025,-0.0024999999999997247
2026-08-16 15:25:52.870,15.745,lower,0.040000000000000036,0.0012500000000004174
2026-08-16 15:25:52.880,15.755,lower,-0.05437499999999984,-0.0318750000000001
2026-08-16 15:25:52.890,15.765,lower,0.08062499999999972,0.008749999999999591
2026-08-16 15:25:52.900,15.775,lower,-0.13249999999999984,-0.03375000000000017
2026-08-16 15:25:52.910,15.785,lower,0.055000000000000604,-0.00687499999999952
2026-08-16 15:25:52.920,15.795,lower,0.0050000000000005596,0.003750000000000142
2026-08-16 15:25:52.930,15.805,lower,-0.08124999999999938,-0.03750000000000031
2026-08-16 15:25:52.940,15.815,lower,0.07937500000000042,0.009375000000000355
2026-08-16 15:25:52.950,15.825,lower,-0.14375000000000027,-0.033124999999999405
2026-08-16 15:25:52.960,15.835,lower,0.0506249999999997,0.001875000000000071
2026-08-16 15:25:52.970,15.845,lower,0.03375000000000017,-0.001875000000000071
2026-08-16 15:25:52.980,15.855,lower,-0.04437499999999983,-0.040000000000000036
2026-08-16 15:25:52.990,15.865,lower,0.08500000000000063,0.010624999999999662
2026-08-16 15:25:53.000,15.875,lower,-0.1343749999999999,-0.033124999999999405
2026-08-16 15:25:53.010,15.885,lower,0.05312500000000053,-0.009375000000000355
2026-08-16 15:25:53.020,15.895,lower,0.0031250000000004885,-0.0012500000000004174
2026-08-16 15:25:53.030,15.905,lower,-0.07750000000000035,-0.034999999999999476
2026-08-16 15:25:53.040,15.915,lower,0.07874999999999965,0.005625000000000213
2026-08-16 15:25:53.050,15.925,lower,-0.1431249999999995,-0.03249999999999975
2026-08-16 15:25:53.060,15.935,lower,0.04812499999999997,-0.004374999999999796
2026-08-16 15:25:53.070,15.945,lower,0.025000000000000577,0.0050000000000005596
2026-08-16 15:25:53.080,15.955,lower,-0.03750000000000031,-0.03375000000000017
2026-08-16 15:25:53.090,15.965,lower,0.08000000000000007,0.009375000000000355
2026-08-16 15:25:53.100,15.975,lower,-0.13812500000000005,-0.03624999999999989
2026-08-16 15:25:53.110,15.985,lower,0.03249999999999975,-0.006249999999999867
2026-08-16 15:25:53.120,15.995,lower,-0.001875000000000071,0.009375000000000355
2026-08-16 15:25:53.130,16.005,lower,-0.07000000000000006,-0.0318750000000001
2026-08-16 15:25:53.140,16.015,lower,0.0824999999999998,0.009375000000000355
2026-08-16 15:25:53.150,16.025,lower,-0.14499999999999957,-0.031249999999999334
2026-08-16 15:25:53.160,16.035,lower,0.04812499999999997,-0.0006249999999996536
2026-08-16 15:25:53.170,16.045,lower,0.026249999999999885,0.0012500000000004174
2026-08-16 15:25:53.180,16.055,lower,-0.03249999999999975,-0.043124999999999414
2026-08-16 15:25:53.190,16.065,lower,0.08187500000000014,0.009375000000000355
2026-08-16 15:25:53.200,16.075,lower,-0.14062499999999978,-0.03062499999999968
2026-08-16 15:25:53.210,16.085,lower,0.04249999999999976,0.0024999999999997247
2026-08-16 15:25:53.220,16.095,lower,-0.007500000000000284,0.0
2026-08-16 15:25:53.230,16.105,lower,-0.06249999999999978,-0.038124999999999964
2026-08-16 15:25:53.240,16.115,lower,0.08312500000000056,0.010000000000000009
2026-08-16 15:25:53.250,16.125,lower,-0.1431249999999995,-0.0318750000000001
2026-08-16 15:25:53.260,16.135,lower,0.05312500000000053,-0.004999999999999449
2026-08-16 15:25:53.270,16.145,lower,0.019375000000000364,-0.0006249999999996536
2026-08-16 15:25:53.280,16.155,lower,-0.09187500000000015,-0.0318750000000001
2026-08-16 15:25:53.290,16.165,lower,0.08562500000000028,0.008124999999999938
2026-08-16 15:25:53.300,16.175,lower,-0.1418750000000002,-0.033124999999999405
2026-08-16 15:25:53.310,16.185,lower,0.04562500000000025,-0.009375000000000355
2026-08-16 15:25:53.320,16.195,lower,-0.01187500000000008,-0.001875000000000071
2026-08-16 15:25:53.330,16.205,lower,-0.06000000000000005,-0.03249999999999975
2026-08-16 15:25:53.340,16.215,lower,0.08500000000000063,0.011250000000000426
2026-08-16 15:25:53.350,16.225,lower,-0.12624999999999997,-0.03624999999999989
2026-08-16 15:25:53.360,16.235,lower,0.05437499999999984,-0.0031249999999993783
2026-08-16 15:25:53.370,16.245,lower,0.018124999999999947,0.006249999999999867
2026-08-16 15:25:53.380,16.255,lower,-0.08375000000000021,-0.03375000000000017
2026-08-16 15:25:53.390,16.265,lower,0.0824999999999998,0.008749999999999591
2026-08-16 15:25:53.400,16.275,lower,-0.1431249999999995,-0.03249999999999975
2026-08-16 15:25:53.410,16.285,lower,0.045000000000000595,-0.0031249999999993783
2026-08-16 15:25:53.420,16.295,lower,-0.02062499999999967,0.0031250000000004885
2026-08-16 15:25:53.430,16.305,lower,-0.050000000000000044,-0.030000000000000027
2026-08-16 15:25:53.440,16.315,lower,0.08562500000000028,0.006875000000000631
2026-08-16 15:25:53.450,16.325,lower,-0.13687499999999964,-0.030000000000000027
2026-08-16 15:25:53.460,16.335,lower,0.05812499999999998,0.001875000000000071
2026-08-16 15:25:53.470,16.345,lower,0.012499999999999734,0.0
2026-08-16 15:25:53.480,16.355,lower,-0.08062499999999972,-0.03874999999999962
2026-08-16 15:25:53.490,16.365,lower,0.08874999999999966,0.013125000000000497
2026-08-16 15:25:53.500,16.375,lower,-0.14249999999999985,-0.03375000000000017
2026-08-16 15:25:53.510,16.385,lower,0.04562500000000025,-0.006249999999999867
2026-08-16 15:25:53.520,16.395,lower,0.03750000000000031,-0.0012500000000004174
2026-08-16 15:25:53.530,16.405,lower,-0.04062499999999969,-0.03687499999999955
2026-08-16 15:25:53.540,16.415,lower,0.08062499999999972,0.012499999999999734
2026-08-16 15:25:53.550,16.425,lower,-0.13687499999999964,-0.033124999999999405
2026-08-16 15:25:53.560,16.435,lower,0.06000000000000005,-0.004999999999999449
2026-08-16 15:25:53.570,16.445,lower,0.005625000000000213,0.0
2026-08-16 15:25:53.580,16.455,lower,-0.07499999999999951,-0.03562500000000024
2026-08-16 15:25:53.590,16.465,lower,0.08187500000000014,0.007500000000000284
2026-08-16 15:25:53.600,16.475,lower,-0.14499999999999957,-0.03437499999999982
2026-08-16 15:25:53.610,16.485,lower,0.04937500000000039,-0.006249999999999867
2026-08-16 15:25:53.620,16.495,lower,0.030000000000000027,0.006875000000000631
2026-08-16 15:25:53.630,16.505,lower,-0.04187500000000011,-0.034999999999999476
2026-08-16 15:25:53.640,16.515,lower,0.0824999999999998,0.006875000000000631
2026-08-16 15:25:53.650,16.525,lower,-0.13687499999999964,-0.040000000000000036
2026-08-16 15:25:53.660,16.535,lower,0.058749999999999636,-0.003750000000000142
2026-08-16 15:25:53.670,16.545,lower,-0.003750000000000142,0.0012500000000004174
2026-08-16 15:25:53.680,16.555,lower,-0.06874999999999964,-0.029375000000000373
2026-08-16 15:25:53.690,16.565,lower,0.08437499999999987,0.010000000000000009
2026-08-16 15:25:53.700,16.575,lower,-0.1418750000000002,-0.033124999999999405
2026-08-16 15:25:53.710,16.585,lower,0.055000000000000604,-0.0012500000000004174
2026-08-16 15:25:53.720,16.595,lower,0.027500000000000302,0.0012500000000004174
2026-08-16 15:25:53.730,16.605,lower,-0.03624999999999989,-0.03624999999999989
2026-08-16 15:25:53.740,16.615,lower,0.08375000000000021,0.011250000000000426
2026-08-16 15:25:53.750,16.625,lower,-0.13812500000000005,-0.033124999999999405
2026-08-16 15:25:53.760,16.635,lower,0.040000000000000036,-0.0031249999999993783
2026-08-16 15:25:53.770,16.645,lower,-0.007500000000000284,0.0024999999999997247
2026-08-16 15:25:53.780,16.655,lower,-0.061875000000000124,-0.03624999999999989
2026-08-16 15:25:53.790,16.665,lower,0.08624999999999994,0.007500000000000284
2026-08-16 15:25:53.800,16.675,lower,-0.14625,-0.033124999999999405
2026-08-16 15:25:53.810,16.685,lower,0.05312500000000053,-0.010000000000000009
2026-08-16 15:25:53.820,16.695,lower,0.021250000000000435,-0.0024999999999997247
2026-08-16 15:25:53.830,16.705,lower,-0.09187500000000015,-0.03624999999999989
2026-08-16 15:25:53.840,16.715,lower,0.08562500000000028,0.0050000000000005596
2026-08-16 15:25:53.850,16.725,lower,-0.1418750000000002,-0.034999999999999476
2026-08-16 15:25:53.860,16.735,lower,0.043125000000000524,-0.004999999999999449
2026-08-16 15:25:53.870,16.745,lower,-0.010000000000000009,-0.003750000000000142
2026-08-16 15:25:53.880,16.755,lower,-0.05750000000000033,-0.03375000000000017
2026-08-16 15:25:53.890,16.765,lower,0.08187500000000014,0.006875000000000631
2026-08-16 15:25:53.900,16.775,lower,-0.15000000000000013,-0.04062499999999969
2026-08-16 15:25:53.910,16.785,lower,0.05312500000000053,-0.005625000000000213
2026-08-16 15:25:53.920,16.795,lower,0.015625000000000222,0.0006249999999996536
2026-08-16 15:25:53.930,16.805,lower,-0.09000000000000008,-0.033124999999999405
2026-08-16 15:25:53.940,16.815,lower,0.08312500000000056,0.004374999999999796
2026-08-16 15:25:53.950,16.825,lower,-0.14499999999999957,-0.034999999999999476
2026-08-16 15:25:53.960,16.835,lower,0.045000000000000595,0.0
2026-08-16 15:25:53.970,16.845,lower,-0.01687499999999953,0.0012500000000004174
2026-08-16 15:25:53.980,16.855,lower,-0.05312499999999942,-0.04249999999999976
2026-08-16 15:25:53.990,16.865,lower,0.08687499999999959,0.008749999999999591
2026-08-16 15:25:54.000,16.875,lower,-0.13375000000000026,-0.031249999999999334
2026-08-16 15:25:54.010,16.885,lower,0.055000000000000604,-0.0024999999999997247
2026-08-16 15:25:54.020,16.895,lower,0.006875000000000631,-0.0031249999999993783
2026-08-16 15:25:54.030,16.905,lower,-0.08750000000000036,-0.03687499999999955
2026-08-16 15:25:54.040,16.915,lower,0.08312500000000056,0.01187500000000008
2026-08-16 15:25:54.050,16.925,lower,-0.14562500000000034,-0.0318750000000001
2026-08-16 15:25:54.060,16.935,lower,0.04375000000000018,-0.011249999999999316
2026-08-16 15:25:54.070,16.945,lower,0.03687500000000066,-0.0012500000000004174
2026-08-16 15:25:54.080,16.955,lower,-0.04937500000000039,-0.03624999999999989
2026-08-16 15:25:54.090,16.965,lower,0.0824999999999998,0.007500000000000284
2026-08-16 15:25:54.100,16.975,lower,-0.13937499999999936,-0.038124999999999964
2026-08-16 15:25:54.110,16.985,lower,0.05562500000000026,-0.006249999999999867
2026-08-16 15:25:54.120,16.995,lower,0.001875000000000071,-0.0012500000000004174
2026-08-16 15:25:54.130,17.005,lower,-0.08000000000000007,-0.0318750000000001
2026-08-16 15:25:54.140,17.015,lower,0.07937500000000042,0.010624999999999662
2026-08-16 15:25:54.150,17.025,lower,-0.1531249999999995,-0.03750000000000031
2026-08-16 15:25:54.160,17.035,lower,0.045000000000000595,-0.006249999999999867
2026-08-16 15:25:54.170,17.045,lower,0.03062499999999968,0.003750000000000142
2026-08-16 15:25:54.180,17.055,lower,-0.04562500000000025,-0.03249999999999975
2026-08-16 15:25:54.190,17.065,lower,0.08187500000000014,0.0050000000000005596
2026-08-16 15:25:54.200,17.075,lower,-0.1375000000000004,-0.03375000000000017
2026-08-16 15:25:54.210,17.085,lower,0.05750000000000033,-0.0006249999999996536
2026-08-16 15:25:54.220,17.095,lower,0.0012500000000004174,0.003750000000000142
2026-08-16 15:25:54.230,17.105,lower,-0.07124999999999937,-0.029375000000000373
2026-08-16 15:25:54.240,17.115,lower,0.07937500000000042,0.011250000000000426
2026-08-16 15:25:54.250,17.125,lower,-0.15000000000000013,-0.02874999999999961
2026-08-16 15:25:54.260,17.135,lower,0.04937500000000039,-0.004374999999999796
2026-08-16 15:25:54.270,17.145,lower,0.02687500000000065,0.001875000000000071
2026-08-16 15:25:54.280,17.155,lower,-0.04249999999999976,-0.03624999999999989
2026-08-16 15:25:54.290,17.165,lower,0.08125000000000049,0.010000000000000009
2026-08-16 15:25:54.300,17.175,lower,-0.1418750000000002,-0.03249999999999975
2026-08-16 15:25:54.310,17.185,lower,0.0593750000000004,-0.007500000000000284
2026-08-16 15:25:54.320,17.195,lower,-0.007500000000000284,0.0012500000000004174
2026-08-16 15:25:54.330,17.205,lower,-0.06937500000000041,-0.03562500000000024
2026-08-16 15:25:54.340,17.215,lower,0.0824999999999998,0.009375000000000355
2026-08-16 15:25:54.350,17.225,lower,-0.14874999999999972,-0.03687499999999955
2026-08-16 15:25:54.360,17.235,lower,0.051875000000000115,-0.00687499999999952
2026-08-16 15:25:54.370,17.245,lower,0.018124999999999947,-0.004999999999999449
2026-08-16 15:25:54.380,17.255,lower,-0.03562500000000024,-0.033124999999999405
2026-08-16 15:25:54.390,17.265,lower,0.0824999999999998,0.010000000000000009
2026-08-16 15:25:54.400,17.275,lower,-0.14375000000000027,-0.034999999999999476
2026-08-16 15:25:54.410,17.285,lower,0.035000000000000586,-0.003750000000000142
2026-08-16 15:25:54.420,17.295,lower,-0.014999999999999458,0.001875000000000071
2026-08-16 15:25:54.430,17.305,lower,-0.061875000000000124,-0.03062499999999968
2026-08-16 15:25:54.440,17.315,lower,0.08187500000000014,0.008124999999999938
2026-08-16 15:25:54.450,17.325,lower,-0.14687499999999964,-0.034999999999999476
2026-08-16 15:25:54.460,17.335,lower,0.05125000000000046,0.0
2026-08-16 15:25:54.470,17.345,lower,0.013750000000000151,0.0024999999999997247
2026-08-16 15:25:54.480,17.355,lower,-0.09624999999999995,-0.029375000000000373
2026-08-16 15:25:54.490,17.365,lower,0.08375000000000021,0.008124999999999938
2026-08-16 15:25:54.500,17.375,lower,-0.14874999999999972,-0.031249999999999334
2026-08-16 15:25:54.510,17.385,lower,0.040000000000000036,-0.0031249999999993783
2026-08-16 15:25:54.520,17.395,lower,-0.016249999999999876,0.0024999999999997247
2026-08-16 15:25:54.530,17.405,lower,-0.05812499999999998,-0.03937500000000038
2026-08-16 15:25:54.540,17.415,lower,0.07687499999999958,0.013750000000000151
2026-08-16 15:25:54.550,17.425,lower,-0.14687499999999964,-0.03062499999999968
2026-08-16 15:25:54.560,17.435,lower,0.051875000000000115,0.0012500000000004174
2026-08-16 15:25:54.570,17.445,lower,0.006875000000000631,0.0031250000000004885
2026-08-16 15:25:54.580,17.455,lower,-0.08874999999999966,-0.038124999999999964
2026-08-16 15:25:54.590,17.465,lower,0.078125,0.015625000000000222
2026-08-16 15:25:54.600,17.475,lower,-0.1506249999999998,-0.030000000000000027
2026-08-16 15:25:54.610,17.485,lower,0.040000000000000036,-0.00687499999999952
2026-08-16 15:25:54.620,17.495,lower,-0.021249999999999325,-0.0031249999999993783
2026-08-16 15:25:54.630,17.505,lower,-0.054999999999999494,-0.03249999999999975
2026-08-16 15:25:54.640,17.515,lower,0.08000000000000007,0.010624999999999662
2026-08-16 15:25:54.650,17.525,lower,-0.14124999999999943,-0.03687499999999955
2026-08-16 15:25:54.660,17.535,lower,0.05249999999999977,-0.006249999999999867
2026-08-16 15:25:54.670,17.545,lower,0.004374999999999796,-0.003750000000000142
2026-08-16 15:25:54.680,17.555,lower,-0.08375000000000021,-0.034999999999999476
2026-08-16 15:25:54.690,17.565,lower,0.07750000000000035,0.008749999999999591
2026-08-16 15:25:54.700,17.575,lower,-0.15000000000000013,-0.03874999999999962
2026-08-16 15:25:54.710,17.585,lower,0.045000000000000595,-0.001875000000000071
2026-08-16 15:25:54.720,17.595,lower,0.025000000000000577,0.003750000000000142
2026-08-16 15:25:54.730,17.605,lower,-0.04874999999999963,-0.028124999999999956
2026-08-16 15:25:54.740,17.615,lower,0.0824999999999998,0.006249999999999867
2026-08-16 15:25:54.750,17.625,lower,-0.1431249999999995,-0.030000000000000027
2026-08-16 15:25:54.760,17.635,lower,0.05624999999999991,0.0
2026-08-16 15:25:54.770,17.645,lower,-0.0024999999999997247,0.0012500000000004174
2026-08-16 15:25:54.780,17.655,lower,-0.07687499999999958,-0.038124999999999964
2026-08-16 15:25:54.790,17.665,lower,0.07937500000000042,0.014374999999999805
2026-08-16 15:25:54.800,17.675,lower,-0.14937499999999937,-0.03375000000000017
2026-08-16 15:25:54.810,17.685,lower,0.04375000000000018,0.001875000000000071
2026-08-16 15:25:54.820,17.695,lower,0.024374999999999813,0.001875000000000071
2026-08-16 15:25:54.830,17.705,lower,-0.04249999999999976,-0.03437499999999982
2026-08-16 15:25:54.840,17.715,lower,0.08062499999999972,0.013125000000000497
2026-08-16 15:25:54.850,17.725,lower,-0.14562500000000034,-0.033124999999999405
2026-08-16 15:25:54.860,17.735,lower,0.055000000000000604,-0.006249999999999867
2026-08-16 15:25:54.870,17.745,lower,-0.004374999999999796,0.001875000000000071
2026-08-16 15:25:54.880,17.755,lower,-0.0737500000000002,-0.03624999999999989
2026-08-16 15:25:54.890,17.765,lower,0.07937500000000042,0.010000000000000009
2026-08-16 15:25:54.900,17.775,lower,-0.15499999999999958,-0.038124999999999964
2026-08-16 15:25:54.910,17.785,lower,0.04562500000000025,-0.00687499999999952
2026-08-16 15:25:54.920,17.795,lower,0.020000000000000018,-0.0031249999999993783
2026-08-16 15:25:54.930,17.805,lower,-0.03750000000000031,-0.033124999999999405
2026-08-16 15:25:54.940,17.815,lower,0.07937500000000042,0.007500000000000284
2026-08-16 15:25:54.950,17.825,lower,-0.14562500000000034,-0.03687499999999955
2026-08-16 15:25:54.960,17.835,lower,0.03874999999999962,0.0
2026-08-16 15:25:54.970,17.845,lower,-0.010624999999999662,0.0050000000000005596
2026-08-16 15:25:54.980,17.855,lower,-0.06687499999999957,-0.02874999999999961
2026-08-16 15:25:54.990,17.865,lower,0.08187500000000014,0.011250000000000426
2026-08-16 15:25:55.000,17.875,lower,-0.14937499999999937,-0.02874999999999961
2026-08-16 15:25:55.010,17.885,lower,0.046875000000000666,-0.003750000000000142
2026-08-16 15:25:55.020,17.895,lower,0.01187500000000008,0.0012500000000004174
2026-08-16 15:25:55.030,17.905,lower,-0.03375000000000017,-0.0318750000000001
2026-08-16 15:25:55.040,17.915,lower,0.08000000000000007,0.008749999999999591
2026-08-16 15:25:55.050,17.925,lower,-0.1475000000000004,-0.0318750000000001
2026-08-16 15:25:55.060,17.935,lower,0.040000000000000036,0.0006249999999996536
2026-08-16 15:25:55.070,17.945,lower,-0.021249999999999325,0.0024999999999997247
2026-08-16 15:25:55.080,17.955,lower,-0.06062499999999971,-0.038124999999999964
2026-08-16 15:25:55.090,17.965,lower,0.08312500000000056,0.013125000000000497
2026-08-16 15:25:55.100,17.975,lower,-0.1506249999999998,-0.03437499999999982
2026-08-16 15:25:55.110,17.985,lower,0.05249999999999977,-0.011249999999999316
2026-08-16 15:25:55.120,17.995,lower,0.010000000000000009,-0.0012500000000004174
2026-08-16 15:25:55.130,18.005,lower,-0.08624999999999994,-0.03750000000000031
2026-08-16 15:25:55.140,18.015,lower,0.08125000000000049,0.012499999999999734
2026-08-16 15:25:55.150,18.025,lower,-0.14874999999999972,-0.038124999999999964
2026-08-16 15:25:55.160,18.035,lower,0.04375000000000018,-0.0031249999999993783
2026-08-16 15:25:55.170,18.045,lower,-0.02375000000000016,-0.0012500000000004174
2026-08-16 15:25:55.180,18.055,lower,-0.050000000000000044,-0.03062499999999968
2026-08-16 15:25:55.190,18.065,lower,0.08000000000000007,0.010624999999999662
2026-08-16 15:25:55.200,18.075,lower,-0.14937499999999937,-0.03375000000000017
2026-08-16 15:25:55.210,18.085,lower,0.056875000000000675,-0.0006249999999996536
2026-08-16 15:25:55.220,18.095,lower,0.007500000000000284,0.0050000000000005596
2026-08-16 15:25:55.230,18.105,lower,-0.08499999999999952,-0.02874999999999961
2026-08-16 15:25:55.240,18.115,lower,0.08437499999999987,0.006875000000000631
2026-08-16 15:25:55.250,18.125,lower,-0.14687499999999964,-0.03437499999999982
2026-08-16 15:25:55.260,18.135,lower,0.045000000000000595,-0.0024999999999997247
2026-08-16 15:25:55.270,18.145,lower,-0.02062499999999967,0.004374999999999796
2026-08-16 15:25:55.280,18.155,lower,-0.04437499999999983,-0.026874999999999538
2026-08-16 15:25:55.290,18.165,lower,0.08125000000000049,0.014374999999999805
2026-08-16 15:25:55.300,18.175,lower,-0.14062499999999978,-0.026874999999999538
2026-08-16 15:25:55.310,18.185,lower,0.0593750000000004,0.001875000000000071
2026-08-16 15:25:55.320,18.195,lower,-0.0006249999999996536,-0.0006249999999996536
2026-08-16 15:25:55.330,18.205,lower,-0.07937500000000042,-0.03750000000000031
2026-08-16 15:25:55.340,18.215,lower,0.08437499999999987,0.01687500000000064
2026-08-16 15:25:55.350,18.225,lower,-0.14812500000000006,-0.034999999999999476
2026-08-16 15:25:55.360,18.235,lower,0.04937500000000039,0.0012500000000004174
2026-08-16 15:25:55.370,18.245,lower,0.030000000000000027,0.0006249999999996536
2026-08-16 15:25:55.380,18.255,lower,-0.040000000000000036,-0.03562500000000024
2026-08-16 15:25:55.390,18.265,lower,0.08187500000000014,0.008749999999999591
2026-08-16 15:25:55.400,18.275,lower,-0.14437499999999992,-0.03562500000000024
2026-08-16 15:25:55.410,18.285,lower,0.06062499999999971,-0.009375000000000355
2026-08-16 15:25:55.420,18.295,lower,-0.005625000000000213,-0.003750000000000142
2026-08-16 15:25:55.430,18.305,lower,-0.0737500000000002,-0.03437499999999982
2026-08-16 15:25:55.440,18.315,lower,0.08375000000000021,0.008124999999999938
2026-08-16 15:25:55.450,18.325,lower,-0.14874999999999972,-0.03437499999999982
2026-08-16 15:25:55.460,18.335,lower,0.04874999999999963,-0.0024999999999997247
2026-08-16 15:25:55.470,18.345,lower,0.024374999999999813,-0.0024999999999997247
2026-08-16 15:25:55.480,18.355,lower,-0.03750000000000031,-0.031249999999999334
2026-08-16 15:25:55.490,18.365,lower,0.08375000000000021,0.009375000000000355
2026-08-16 15:25:55.500,18.375,lower,-0.1431249999999995,-0.03624999999999989
2026-08-16 15:25:55.510,18.385,lower,0.06062499999999971,-0.001875000000000071
2026-08-16 15:25:55.520,18.395,lower,-0.006249999999999867,0.0031250000000004885
2026-08-16 15:25:55.530,18.405,lower,-0.06562500000000027,-0.0318750000000001
2026-08-16 15:25:55.540,18.415,lower,0.08500000000000063,0.010624999999999662
2026-08-16 15:25:55.550,18.425,lower,-0.1475000000000004,-0.028124999999999956
2026-08-16 15:25:55.560,18.435,lower,0.05624999999999991,0.0
2026-08-16 15:25:55.570,18.445,lower,0.024374999999999813,0.0024999999999997247
2026-08-16 15:25:55.580,18.455,lower,-0.03062499999999968,-0.026874999999999538
2026-08-16 15:25:55.590,18.465,lower,0.08437499999999987,0.010624999999999662
2026-08-16 15:25:55.600,18.475,lower,-0.14437499999999992,-0.03249999999999975
2026-08-16 15:25:55.610,18.485,lower,0.03937500000000038,0.004374999999999796
2026-08-16 15:25:55.620,18.495,lower,-0.011249999999999316,0.001875000000000071
2026-08-16 15:25:55.630,18.505,lower,-0.06062499999999971,-0.04062499999999969
2026-08-16 15:25:55.640,18.515,lower,0.08624999999999994,0.01187500000000008
2026-08-16 15:25:55.650,18.525,lower,-0.14937499999999937,-0.03562500000000024
2026-08-16 15:25:55.660,18.535,lower,0.055000000000000604,-0.007500000000000284
2026-08-16 15:25:55.670,18.545,lower,0.01187500000000008,-0.004374999999999796
2026-08-16 15:25:55.680,18.555,lower,-0.026874999999999538,-0.03249999999999975
2026-08-16 15:25:55.690,18.565,lower,0.08437499999999987,0.010000000000000009
2026-08-16 15:25:55.700,18.575,lower,-0.14687499999999964,-0.03375000000000017
2026-08-16 15:25:55.710,18.585,lower,0.04375000000000018,-0.005625000000000213
2026-08-16 15:25:55.720,18.595,lower,-0.015625000000000222,-0.001875000000000071
2026-08-16 15:25:55.730,18.605,lower,-0.056874999999999565,-0.03562500000000024
2026-08-16 15:25:55.740,18.615,lower,0.08500000000000063,0.008124999999999938
2026-08-16 15:25:55.750,18.625,lower,-0.1475000000000004,-0.03750000000000031
2026-08-16 15:25:55.760,18.635,lower,0.053750000000000187,-0.003750000000000142
2026-08-16 15:25:55.770,18.645,lower,0.006875000000000631,0.001875000000000071
2026-08-16 15:25:55.780,18.655,lower,-0.08375000000000021,-0.030000000000000027
2026-08-16 15:25:55.790,18.665,lower,0.08437499999999987,0.008749999999999591
2026-08-16 15:25:55.800,18.675,lower,-0.14937499999999937,-0.028124999999999956
2026-08-16 15:25:55.810,18.685,lower,0.04874999999999963,0.0006249999999996536
2026-08-16 15:25:55.820,18.695,lower,-0.020000000000000018,0.0
2026-08-16 15:25:55.830,18.705,lower,-0.04874999999999963,-0.04187500000000011
2026-08-16 15:25:55.840,18.715,lower,0.08562500000000028,0.013125000000000497
2026-08-16 15:25:55.850,18.725,lower,-0.13812500000000005,-0.03624999999999989
2026-08-16 15:25:55.860,18.735,lower,0.05562500000000026,-0.0024999999999997247
2026-08-16 15:25:55.870,18.745,lower,0.0050000000000005596,0.001875000000000071
2026-08-16 15:25:55.880,18.755,lower,-0.07437499999999986,-0.03624999999999989
2026-08-16 15:25:55.890,18.765,lower,0.0824999999999998,0.006875000000000631
2026-08-16 15:25:55.900,18.775,lower,-0.14874999999999972,-0.03624999999999989
2026-08-16 15:25:55.910,18.785,lower,0.04812499999999997,-0.009375000000000355
2026-08-16 15:25:55.920,18.795,lower,-0.026249999999999885,-0.004374999999999796
2026-08-16 15:25:55.930,18.805,lower,-0.0462499999999999,-0.03562500000000024
2026-08-16 15:25:55.940,18.815,lower,0.08312500000000056,0.010000000000000009
2026-08-16 15:25:55.950,18.825,lower,-0.14124999999999943,-0.03624999999999989
2026-08-16 15:25:55.960,18.835,lower,0.06062499999999971,-0.007500000000000284
2026-08-16 15:25:55.970,18.845,lower,-0.0024999999999997247,-0.003750000000000142
2026-08-16 15:25:55.980,18.855,lower,-0.07062499999999972,-0.033124999999999405
2026-08-16 15:25:55.990,18.865,lower,0.08125000000000049,0.009375000000000355
2026-08-16 15:25:56.000,18.875,lower,-0.14874999999999972,-0.034999999999999476
2026-08-16 15:25:56.010,18.885,lower,0.05125000000000046,-0.005625000000000213
2026-08-16 15:25:56.020,18.895,lower,0.02062499999999967,0.0
2026-08-16 15:25:56.030,18.905,lower,-0.03937500000000038,-0.0318750000000001
2026-08-16 15:25:56.040,18.915,lower,0.08500000000000063,0.008749999999999591
2026-08-16 15:25:56.050,18.925,lower,-0.14437499999999992,-0.03750000000000031
2026-08-16 15:25:56.060,18.935,lower,0.06249999999999978,-0.007500000000000284
2026-08-16 15:25:56.070,18.945,lower,-0.008124999999999938,0.0024999999999997247
2026-08-16 15:25:56.080,18.955,lower,-0.06812499999999999,-0.031249999999999334
2026-08-16 15:25:56.090,18.965,lower,0.08187500000000014,0.008749999999999591
2026-08-16 15:25:56.100,18.975,lower,-0.14562500000000034,-0.03437499999999982
2026-08-16 15:25:56.110,18.985,lower,0.050000000000000044,0.0
2026-08-16 15:25:56.120,18.995,lower,0.017500000000000293,-0.001875000000000071
2026-08-16 15:25:56.130,19.005,lower,-0.031249999999999334,-0.03937500000000038
2026-08-16 15:25:56.140,19.015,lower,0.08312500000000056,0.01187500000000008
2026-08-16 15:25:56.150,19.025,lower,-0.14874999999999972,-0.034999999999999476
2026-08-16 15:25:56.160,19.035,lower,0.06249999999999978,0.0
2026-08-16 15:25:56.170,19.045,lower,-0.014374999999999805,-0.003750000000000142
2026-08-16 15:25:56.180,19.055,lower,-0.06562500000000027,-0.034999999999999476
2026-08-16 15:25:56.190,19.065,lower,0.08125000000000049,0.008124999999999938
2026-08-16 15:25:56.200,19.075,lower,-0.15000000000000013,-0.03687499999999955
2026-08-16 15:25:56.210,19.085,lower,0.05125000000000046,-0.008124999999999938
2026-08-16 15:25:56.220,19.095,lower,0.014374999999999805,-0.0024999999999997247
2026-08-16 15:25:56.230,19.105,lower,-0.026874999999999538,-0.03249999999999975
2026-08-16 15:25:56.240,19.115,lower,0.08062499999999972,0.008749999999999591
2026-08-16 15:25:56.250,19.125,lower,-0.14874999999999972,-0.03874999999999962
2026-08-16 15:25:56.260,19.135,lower,0.043125000000000524,-0.003750000000000142
2026-08-16 15:25:56.270,19.145,lower,-0.02062499999999967,-0.003750000000000142
2026-08-16 15:25:56.280,19.155,lower,-0.054999999999999494,-0.03062499999999968
2026-08-16 15:25:56.290,19.165,lower,0.08312500000000056,0.004374999999999796
2026-08-16 15:25:56.300,19.175,lower,-0.14937499999999937,-0.038124999999999964
2026-08-16 15:25:56.310,19.185,lower,0.05750000000000033,-0.004999999999999449
2026-08-16 15:25:56.320,19.195,lower,0.008749999999999591,0.004374999999999796
2026-08-16 15:25:56.330,19.205,lower,-0.09375000000000022,-0.03062499999999968
2026-08-16 15:25:56.340,19.215,lower,0.0824999999999998,0.01187500000000008
2026-08-16 15:25:56.350,19.225,lower,-0.14874999999999972,-0.033124999999999405
2026-08-16 15:25:56.360,19.235,lower,0.04187500000000011,-0.0006249999999996536
2026-08-16 15:25:56.370,19.245,lower,-0.023124999999999396,0.0024999999999997247
2026-08-16 15:25:56.380,19.255,lower,-0.05312499999999942,-0.033124999999999405
2026-08-16 15:25:56.390,19.265,lower,0.07624999999999993,0.009375000000000355
2026-08-16 15:25:56.400,19.275,lower,-0.14874999999999972,-0.03562500000000024
2026-08-16 15:25:56.410,19.285,lower,0.05312500000000053,-0.001875000000000071
2026-08-16 15:25:56.420,19.295,lower,-0.0006249999999996536,-0.004374999999999796
2026-08-16 15:25:56.430,19.305,lower,-0.08812500000000001,-0.04249999999999976
2026-08-16 15:25:56.440,19.315,lower,0.07874999999999965,0.007500000000000284
2026-08-16 15:25:56.450,19.325,lower,-0.1531249999999995,-0.033124999999999405
2026-08-16 15:25:56.460,19.335,lower,0.04249999999999976,-0.004999999999999449
2026-08-16 15:25:56.470,19.345,lower,-0.026874999999999538,-0.004374999999999796
2026-08-16 15:25:56.480,19.355,lower,-0.04874999999999963,-0.034999999999999476
2026-08-16 15:25:56.490,19.365,lower,0.07937500000000042,0.006875000000000631
2026-08-16 15:25:56.500,19.375,lower,-0.14562500000000034,-0.03624999999999989
2026-08-16 15:25:56.510,19.385,lower,0.05624999999999991,-0.004374999999999796
2026-08-16 15:25:56.520,19.395,lower,-0.0024999999999997247,-0.004374999999999796
2026-08-16 15:25:56.530,19.405,lower,-0.08124999999999938,-0.03249999999999975
2026-08-16 15:25:56.540,19.415,lower,0.08125000000000049,0.008749999999999591
2026-08-16 15:25:56.550,19.425,lower,-0.15499999999999958,-0.03874999999999962
2026-08-16 15:25:56.560,19.435,lower,0.04249999999999976,-0.005625000000000213
2026-08-16 15:25:56.570,19.445,lower,0.022499999999999742,0.0024999999999997247
2026-08-16 15:25:56.580,19.455,lower,-0.04375000000000018,-0.02874999999999961
2026-08-16 15:25:56.590,19.465,lower,0.07937500000000042,0.005625000000000213
2026-08-16 15:25:56.600,19.475,lower,-0.14812500000000006,-0.034999999999999476
2026-08-16 15:25:56.610,19.485,lower,0.05750000000000033,0.0012500000000004174
2026-08-16 15:25:56.620,19.495,lower,-0.009375000000000355,-0.0012500000000004174
2026-08-16 15:25:56.630,19.505,lower,-0.07437499999999986,-0.028124999999999956
2026-08-16 15:25:56.640,19.515,lower,0.07312500000000055,0.010624999999999662
2026-08-16 15:25:56.650,19.525,lower,-0.15812500000000007,-0.03624999999999989
2026-08-16 15:25:56.660,19.535,lower,0.04375000000000018,0.0006249999999996536
2026-08-16 15:25:56.670,19.545,lower,0.016249999999999876,-0.0024999999999997247
2026-08-16 15:25:56.680,19.555,lower,-0.04937500000000039,-0.038124999999999964
2026-08-16 15:25:56.690,19.565,lower,0.07937500000000042,0.005625000000000213
2026-08-16 15:25:56.700,19.575,lower,-0.15000000000000013,-0.0318750000000001
2026-08-16 15:25:56.710,19.585,lower,0.056875000000000675,-0.004999999999999449
2026-08-16 15:25:56.720,19.595,lower,-0.014999999999999458,-0.003750000000000142
2026-08-16 15:25:56.730,19.605,lower,-0.07062499999999972,-0.04062499999999969
2026-08-16 15:25:56.740,19.615,lower,0.07937500000000042,0.009375000000000355
2026-08-16 15:25:56.750,19.625,lower,-0.15499999999999958,-0.03624999999999989
2026-08-16 15:25:56.760,19.635,lower,0.0506249999999997,-0.006249999999999867
2026-08-16 15:25:56.770,19.645,lower,0.01187500000000008,-0.001875000000000071
2026-08-16 15:25:56.780,19.655,lower,-0.034999999999999476,-0.033124999999999405
2026-08-16 15:25:56.790,19.665,lower,0.0824999999999998,0.008749999999999591
2026-08-16 15:25:56.800,19.675,lower,-0.15124999999999944,-0.038124999999999964
2026-08-16 15:25:56.810,19.685,lower,0.055000000000000604,-0.004374999999999796
2026-08-16 15:25:56.820,19.695,lower,-0.016249999999999876,0.0012500000000004174
2026-08-16 15:25:56.830,19.705,lower,-0.0649999999999995,-0.029375000000000373
2026-08-16 15:25:56.840,19.715,lower,0.07437499999999986,0.012499999999999734
2026-08-16 15:25:56.850,19.725,lower,-0.15124999999999944,-0.03937500000000038
2026-08-16 15:25:56.860,19.735,lower,0.04812499999999997,-0.0031249999999993783
2026-08-16 15:25:56.870,19.745,lower,0.003750000000000142,0.003750000000000142
2026-08-16 15:25:56.880,19.755,lower,-0.029375000000000373,-0.027500000000000302
2026-08-16 15:25:56.890,19.765,lower,0.07750000000000035,0.009375000000000355
2026-08-16 15:25:56.900,19.775,lower,-0.15750000000000042,-0.034999999999999476
2026-08-16 15:25:56.910,19.785,lower,0.03874999999999962,0.0
2026-08-16 15:25:56.920,19.795,lower,-0.024374999999999813,-0.0024999999999997247
2026-08-16 15:25:56.930,19.805,lower,-0.06062499999999971,-0.03750000000000031
2026-08-16 15:25:56.940,19.815,lower,0.08187500000000014,0.006249999999999867
2026-08-16 15:25:56.950,19.825,lower,-0.15812500000000007,-0.0318750000000001
2026-08-16 15:25:56.960,19.835,lower,0.0506249999999997,-0.0012500000000004174
2026-08-16 15:25:56.970,19.845,lower,0.001875000000000071,-0.0006249999999996536
2026-08-16 15:25:56.980,19.855,lower,-0.08687499999999959,-0.03437499999999982
2026-08-16 15:25:56.990,19.865,lower,0.07562500000000028,0.010624999999999662
2026-08-16 15:25:57.000,19.875,lower,-0.15375000000000028,-0.03437499999999982
2026-08-16 15:25:57.010,19.885,lower,0.043125000000000524,-0.008124999999999938
2026-08-16 15:25:57.020,19.895,lower,-0.0318750000000001,-0.0006249999999996536
2026-08-16 15:25:57.030,19.905,lower,-0.05249999999999977,-0.034999999999999476
2026-08-16 15:25:57.040,19.915,lower,0.08187500000000014,0.007500000000000284
2026-08-16 15:25:57.050,19.925,lower,-0.15499999999999958,-0.03687499999999955
2026-08-16 15:25:57.060,19.935,lower,0.05437499999999984,-0.006249999999999867
2026-08-16 15:25:57.070,19.945,lower,-0.006249999999999867,-0.009375000000000355
2026-08-16 15:25:57.080,19.955,lower,-0.08312499999999945,-0.033124999999999405
2026-08-16 15:25:57.090,19.965,lower,0.08125000000000049,0.010000000000000009
2026-08-16 15:25:57.100,19.975,lower,-0.1518750000000002,-0.03624999999999989
2026-08-16 15:25:57.110,19.985,lower,0.04249999999999976,0.0
2026-08-16 15:25:57.120,19.995,lower,-0.03624999999999989,0.0024999999999997247
2026-08-16 15:25:57.130,20.005,lower,-0.044999999999999485,-0.02874999999999961
2026-08-16 15:25:57.140,20.015,lower,0.08062499999999972,0.011250000000000426
2026-08-16 15:25:57.150,20.025,lower,-0.1506249999999998,-0.03375000000000017
2026-08-16 15:25:57.160,20.035,lower,0.055000000000000604,-0.0031249999999993783
2026-08-16 15:25:57.170,20.045,lower,-0.010000000000000009,-0.0024999999999997247
2026-08-16 15:25:57.180,20.055,lower,-0.07750000000000035,-0.027500000000000302
2026-08-16 15:25:57.190,20.065,lower,0.078125,0.008749999999999591
2026-08-16 15:25:57.200,20.075,lower,-0.1531249999999995,-0.03624999999999989
2026-08-16 15:25:57.210,20.085,lower,0.04437499999999983,0.0012500000000004174
2026-08-16 15:25:57.220,20.095,lower,0.020000000000000018,0.0012500000000004174
2026-08-16 15:25:57.230,20.105,lower,-0.03874999999999962,-0.03624999999999989
2026-08-16 15:25:57.240,20.115,lower,0.08062499999999972,0.009375000000000355
2026-08-16 15:25:57.250,20.125,lower,-0.1506249999999998,-0.03437499999999982
2026-08-16 15:25:57.260,20.135,lower,0.06312500000000054,-0.004374999999999796
2026-08-16 15:25:57.270,20.145,lower,-0.01187500000000008,-0.0012500000000004174
2026-08-16 15:25:57.280,20.155,lower,-0.07062499999999972,-0.0318750000000001
2026-08-16 15:25:57.290,20.165,lower,0.08125000000000049,0.01187500000000008
2026-08-16 15:25:57.300,20.175,lower,-0.13375000000000026,-0.024999999999999467
2026-08-16 15:25:57.310,20.185,lower,0.051875000000000115,-0.003750000000000142
2026-08-16 15:25:57.320,20.195,lower,0.015625000000000222,-0.001875000000000071
2026-08-16 15:25:57.330,20.205,lower,-0.03624999999999989,-0.033124999999999405
2026-08-16 15:25:57.340,20.215,lower,0.07937500000000042,0.011250000000000426
2026-08-16 15:25:57.350,20.225,lower,-0.1475000000000004,-0.03624999999999989
2026-08-16 15:25:57.360,20.235,lower,0.06312500000000054,-0.005625000000000213
2026-08-16 15:25:57.370,20.245,lower,-0.018124999999999947,0.0050000000000005596
2026-08-16 15:25:57.380,20.255,lower,-0.0637500000000002,-0.030000000000000027
2026-08-16 15:25:57.390,20.265,lower,0.08125000000000049,0.005625000000000213
2026-08-16 15:25:57.400,20.275,lower,-0.1531249999999995,-0.03249999999999975
2026-08-16 15:25:57.410,20.285,lower,0.055000000000000604,0.0
2026-08-16 15:25:57.420,20.295,lower,0.008749999999999591,0.0006249999999996536
2026-08-16 15:25:57.430,20.305,lower,-0.03062499999999968,-0.028124999999999956
2026-08-16 15:25:57.440,20.315,lower,0.08562500000000028,0.010624999999999662
2026-08-16 15:25:57.450,20.325,lower,-0.1518750000000002,-0.03437499999999982
2026-08-16 15:25:57.460,20.335,lower,0.03874999999999962,0.0012500000000004174
2026-08-16 15:25:57.470,20.345,lower,-0.017500000000000293,-0.001875000000000071
2026-08-16 15:25:57.480,20.355,lower,-0.05624999999999991,-0.038124999999999964
2026-08-16 15:25:57.490,20.365,lower,0.08187500000000014,0.006875000000000631
2026-08-16 15:25:57.500,20.375,lower,-0.14812500000000006,-0.03375000000000017
2026-08-16 15:25:57.510,20.385,lower,0.05624999999999991,-0.009375000000000355
2026-08-16 15:25:57.520,20.395,lower,0.006249999999999867,-0.001875000000000071
2026-08-16 15:25:57.530,20.405,lower,-0.020000000000000018,-0.03687499999999955
2026-08-16 15:25:57.540,20.415,lower,0.08312500000000056,0.013750000000000151
2026-08-16 15:25:57.550,20.425,lower,-0.1518750000000002,-0.03437499999999982
2026-08-16 15:25:57.560,20.435,lower,0.04562500000000025,-0.004999999999999449
2026-08-16 15:25:57.570,20.445,lower,-0.02375000000000016,-0.0024999999999997247
2026-08-16 15:25:57.580,20.455,lower,-0.05124999999999935,-0.029375000000000373
2026-08-16 15:25:57.590,20.465,lower,0.08437499999999987,0.009375000000000355
2026-08-16 15:25:57.600,20.475,lower,-0.15375000000000028,-0.038124999999999964
2026-08-16 15:25:57.610,20.485,lower,0.05562500000000026,-0.0031249999999993783
2026-08-16 15:25:57.620,20.495,lower,0.0031250000000004885,0.0031250000000004885
2026-08-16 15:25:57.630,20.505,lower,-0.08062499999999972,-0.033124999999999405
2026-08-16 15:25:57.640,20.515,lower,0.07937500000000042,0.01187500000000008
2026-08-16 15:25:57.650,20.525,lower,-0.15375000000000028,-0.03874999999999962
2026-08-16 15:25:57.660,20.535,lower,0.046875000000000666,-0.0031249999999993783
2026-08-16 15:25:57.670,20.545,lower,-0.029375000000000373,0.0
2026-08-16 15:25:57.680,20.555,lower,-0.05124999999999935,-0.03375000000000017
2026-08-16 15:25:57.690,20.565,lower,0.08437499999999987,0.007500000000000284
2026-08-16 15:25:57.700,20.575,lower,-0.14375000000000027,-0.034999999999999476
2026-08-16 15:25:57.710,20.585,lower,0.06000000000000005,0.0012500000000004174
2026-08-16 15:25:57.720,20.595,lower,-0.003750000000000142,-0.001875000000000071
2026-08-16 15:25:57.730,20.605,lower,-0.07624999999999993,-0.040000000000000036
2026-08-16 15:25:57.740,20.615,lower,0.08500000000000063,0.008124999999999938
2026-08-16 15:25:57.750,20.625,lower,-0.14937499999999937,-0.03375000000000017
2026-08-16 15:25:57.760,20.635,lower,0.051875000000000115,0.001875000000000071
2026-08-16 15:25:57.770,20.645,lower,-0.03687499999999955,-0.004374999999999796
2026-08-16 15:25:57.780,20.655,lower,-0.04124999999999934,-0.03562500000000024
2026-08-16 15:25:57.790,20.665,lower,0.08687499999999959,0.007500000000000284
2026-08-16 15:25:57.800,20.675,lower,-0.14625,-0.03562500000000024
2026-08-16 15:25:57.810,20.685,lower,0.06000000000000005,-0.003750000000000142
2026-08-16 15:25:57.820,20.695,lower,-0.006249999999999867,-0.003750000000000142
2026-08-16 15:25:57.830,20.705,lower,-0.06937500000000041,-0.0318750000000001
2026-08-16 15:25:57.840,20.715,lower,0.08437499999999987,0.010624999999999662
2026-08-16 15:25:57.850,20.725,lower,-0.1518750000000002,-0.03624999999999989
2026-08-16 15:25:57.860,20.735,lower,0.05125000000000046,-0.00687499999999952
2026-08-16 15:25:57.870,20.745,lower,0.02062499999999967,-0.004374999999999796
2026-08-16 15:25:57.880,20.755,lower,-0.03375000000000017,-0.03687499999999955
2026-08-16 15:25:57.890,20.765,lower,0.08687499999999959,0.005625000000000213
2026-08-16 15:25:57.900,20.775,lower,-0.1518750000000002,-0.04187500000000011
2026-08-16 15:25:57.910,20.785,lower,0.06562500000000027,-0.005625000000000213
2026-08-16 15:25:57.920,20.795,lower,-0.013750000000000151,0.0012500000000004174
2026-08-16 15:25:57.930,20.805,lower,-0.06687499999999957,-0.02874999999999961
2026-08-16 15:25:57.940,20.815,lower,0.08000000000000007,0.008124999999999938
2026-08-16 15:25:57.950,20.825,lower,-0.1506249999999998,-0.03624999999999989
2026-08-16 15:25:57.960,20.835,lower,0.05312500000000053,0.0012500000000004174
2026-08-16 15:25:57.970,20.845,lower,0.014374999999999805,-0.001875000000000071
2026-08-16 15:25:57.980,20.855,lower,-0.029375000000000373,-0.028124999999999956
2026-08-16 15:25:57.990,20.865,lower,0.08062499999999972,0.008749999999999591
2026-08-16 15:25:58.000,20.875,lower,-0.14874999999999972,-0.03437499999999982
2026-08-16 15:25:58.010,20.885,lower,0.06562500000000027,0.0
2026-08-16 15:25:58.020,20.895,lower,-0.02062499999999967,-0.005625000000000213
2026-08-16 15:25:58.030,20.905,lower,-0.061875000000000124,-0.03624999999999989
2026-08-16 15:25:58.040,20.915,lower,0.08687499999999959,0.008749999999999591
2026-08-16 15:25:58.050,20.925,lower,-0.15625,-0.034999999999999476
2026-08-16 15:25:58.060,20.935,lower,0.055000000000000604,-0.004374999999999796
2026-08-16 15:25:58.070,20.945,lower,0.013125000000000497,-0.0031249999999993783
2026-08-16 15:25:58.080,20.955,lower,-0.027500000000000302,-0.03375000000000017
2026-08-16 15:25:58.090,20.965,lower,0.08312500000000056,0.009375000000000355
2026-08-16 15:25:58.100,20.975,lower,-0.14625,-0.03562500000000024
2026-08-16 15:25:58.110,20.985,lower,0.04375000000000018,-0.008124999999999938
2026-08-16 15:25:58.120,20.995,lower,-0.02062499999999967,-0.0031249999999993783
2026-08-16 15:25:58.130,21.005,lower,-0.0506249999999997,-0.034999999999999476
2026-08-16 15:25:58.140,21.015,lower,0.08624999999999994,0.005625000000000213
2026-08-16 15:25:58.150,21.025,lower,-0.1531249999999995,-0.03874999999999962
2026-08-16 15:25:58.160,21.035,lower,0.055000000000000604,-0.004374999999999796
2026-08-16 15:25:58.170,21.045,lower,0.0024999999999997247,-0.0006249999999996536
2026-08-16 15:25:58.180,21.055,lower,-0.02187500000000009,-0.03375000000000017
2026-08-16 15:25:58.190,21.065,lower,0.08187500000000014,0.008124999999999938
2026-08-16 15:25:58.200,21.075,lower,-0.15562500000000035,-0.03437499999999982
2026-08-16 15:25:58.210,21.085,lower,0.04249999999999976,-0.0006249999999996536
2026-08-16 15:25:58.220,21.095,lower,-0.024374999999999813,-0.0024999999999997247
2026-08-16 15:25:58.230,21.105,lower,-0.0506249999999997,-0.02562500000000023
2026-08-16 15:25:58.240,21.115,lower,0.08375000000000021,0.009375000000000355
2026-08-16 15:25:58.250,21.125,lower,-0.15437499999999993,-0.034999999999999476
2026-08-16 15:25:58.260,21.135,lower,0.05624999999999991,0.0012500000000004174
2026-08-16 15:25:58.270,21.145,lower,-0.0024999999999997247,-0.0012500000000004174
2026-08-16 15:25:58.280,21.155,lower,-0.08000000000000007,-0.03562500000000024
2026-08-16 15:25:58.290,21.165,lower,0.08187500000000014,0.010000000000000009
2026-08-16 15:25:58.300,21.175,lower,-0.1531249999999995,-0.03687499999999955
2026-08-16 15:25:58.310,21.185,lower,0.0506249999999997,-0.00687499999999952
2026-08-16 15:25:58.320,21.195,lower,-0.0318750000000001,-0.0012500000000004174
2026-08-16 15:25:58.330,21.205,lower,-0.043124999999999414,-0.034999999999999476
2026-08-16 15:25:58.340,21.215,lower,0.08312500000000056,0.008124999999999938
2026-08-16 15:25:58.350,21.225,lower,-0.14687499999999964,-0.038124999999999964
2026-08-16 15:25:58.360,21.235,lower,0.06249999999999978,-0.010624999999999662
2026-08-16 15:25:58.370,21.245,lower,-0.008124999999999938,-0.006249999999999867
2026-08-16 15:25:58.380,21.255,lower,-0.07750000000000035,-0.03562500000000024
2026-08-16 15:25:58.390,21.265,lower,0.08312500000000056,0.004374999999999796
2026-08-16 15:25:58.400,21.275,lower,-0.15625,-0.043124999999999414
2026-08-16 15:25:58.410,21.285,lower,0.046875000000000666,-0.004999999999999449
2026-08-16 15:25:58.420,21.295,lower,-0.040000000000000036,-0.0024999999999997247
2026-08-16 15:25:58.430,21.305,lower,-0.043124999999999414,-0.0318750000000001
2026-08-16 15:25:58.440,21.315,lower,0.08125000000000049,0.007500000000000284
2026-08-16 15:25:58.450,21.325,lower,-0.1518750000000002,-0.03937500000000038
2026-08-16 15:25:58.460,21.335,lower,0.0593750000000004,-0.0006249999999996536
2026-08-16 15:25:58.470,21.345,lower,-0.013750000000000151,-0.001875000000000071
2026-08-16 15:25:58.480,21.355,lower,-0.07062499999999972,-0.030000000000000027
2026-08-16 15:25:58.490,21.365,lower,0.07937500000000042,0.011250000000000426
2026-08-16 15:25:58.500,21.375,lower,-0.15750000000000042,-0.03624999999999989
2026-08-16 15:25:58.510,21.385,lower,0.04812499999999997,-0.0012500000000004174
2026-08-16 15:25:58.520,21.395,lower,0.013125000000000497,-0.003750000000000142
2026-08-16 15:25:58.530,21.405,lower,-0.038124999999999964,-0.03750000000000031
2026-08-16 15:25:58.540,21.415,lower,0.08062499999999972,0.008749999999999591
2026-08-16 15:25:58.550,21.425,lower,-0.1531249999999995,-0.03874999999999962
2026-08-16 15:25:58.560,21.435,lower,0.0593750000000004,-0.0006249999999996536
2026-08-16 15:25:58.570,21.445,lower,-0.016249999999999876,-0.001875000000000071
2026-08-16 15:25:58.580,21.455,lower,-0.06249999999999978,-0.038124999999999964
2026-08-16 15:25:58.590,21.465,lower,0.07937500000000042,0.004374999999999796
2026-08-16 15:25:58.600,21.475,lower,-0.15562500000000035,-0.03687499999999955
2026-08-16 15:25:58.610,21.485,lower,0.05125000000000046,-0.005625000000000213
2026-08-16 15:25:58.620,21.495,lower,0.0050000000000005596,-0.006249999999999867
2026-08-16 15:25:58.630,21.505,lower,-0.031249999999999334,-0.0318750000000001
2026-08-16 15:25:58.640,21.515,lower,0.07874999999999965,0.006875000000000631
2026-08-16 15:25:58.650,21.525,lower,-0.15687499999999965,-0.03624999999999989
2026-08-16 15:25:58.660,21.535,lower,0.06125000000000047,-0.004999999999999449
2026-08-16 15:25:58.670,21.545,lower,-0.026249999999999885,-0.00687499999999952
2026-08-16 15:25:58.680,21.555,lower,-0.0649999999999995,-0.03437499999999982
2026-08-16 15:25:58.690,21.565,lower,0.08000000000000007,0.005625000000000213
2026-08-16 15:25:58.700,21.575,lower,-0.15562500000000035,-0.04187500000000011
2026-08-16 15:25:58.710,21.585,lower,0.051875000000000115,-0.004374999999999796
2026-08-16 15:25:58.720,21.595,lower,0.0024999999999997247,0.001875000000000071
2026-08-16 15:25:58.730,21.605,lower,-0.029375000000000373,-0.03375000000000017
2026-08-16 15:25:58.740,21.615,lower,0.07874999999999965,0.008124999999999938
2026-08-16 15:25:58.750,21.625,lower,-0.15375000000000028,-0.0318750000000001
2026-08-16 15:25:58.760,21.635,lower,0.04125000000000045,0.001875000000000071
2026-08-16 15:25:58.770,21.645,lower,-0.03624999999999989,-0.001875000000000071
2026-08-16 15:25:58.780,21.655,lower,-0.05437499999999984,-0.02375000000000016
2026-08-16 15:25:58.790,21.665,lower,0.08187500000000014,0.010624999999999662
2026-08-16 15:25:58.800,21.675,lower,-0.15750000000000042,-0.03687499999999955
2026-08-16 15:25:58.810,21.685,lower,0.053750000000000187,0.0006249999999996536
2026-08-16 15:25:58.820,21.695,lower,-0.005625000000000213,-0.00687499999999952
2026-08-16 15:25:58.830,21.705,lower,-0.09000000000000008,-0.03437499999999982
2026-08-16 15:25:58.840,21.715,lower,0.0824999999999998,0.011250000000000426
2026-08-16 15:25:58.850,21.725,lower,-0.15750000000000042,-0.03687499999999955
2026-08-16 15:25:58.860,21.735,lower,0.04125000000000045,-0.00687499999999952
2026-08-16 15:25:58.870,21.745,lower,-0.03562500000000024,-0.004374999999999796
2026-08-16 15:25:58.880,21.755,lower,-0.0506249999999997,-0.03687499999999955
2026-08-16 15:25:58.890,21.765,lower,0.07624999999999993,0.004374999999999796
2026-08-16 15:25:58.900,21.775,lower,-0.15812500000000007,-0.03874999999999962
2026-08-16 15:25:58.910,21.785,lower,0.05249999999999977,-0.006249999999999867
2026-08-16 15:25:58.920,21.795,lower,-0.01187500000000008,-0.007500000000000284
2026-08-16 15:25:58.930,21.805,lower,-0.08812500000000001,-0.03750000000000031
2026-08-16 15:25:58.940,21.815,lower,0.0737500000000002,0.006249999999999867
2026-08-16 15:25:58.950,21.825,lower,-0.16124999999999945,-0.038124999999999964
2026-08-16 15:25:58.960,21.835,lower,0.04187500000000011,-0.008124999999999938
2026-08-16 15:25:58.970,21.845,lower,-0.040000000000000036,0.0050000000000005596
2026-08-16 15:25:58.980,21.855,lower,-0.046874999999999556,-0.03062499999999968
2026-08-16 15:25:58.990,21.865,lower,0.07437499999999986,0.010000000000000009
2026-08-16 15:25:59.000,21.875,lower,-0.15437499999999993,-0.038124999999999964
2026-08-16 15:25:59.010,21.885,lower,0.05249999999999977,-0.0012500000000004174
2026-08-16 15:25:59.020,21.895,lower,-0.014999999999999458,-0.0012500000000004174
2026-08-16 15:25:59.030,21.905,lower,-0.07874999999999965,-0.027500000000000302
2026-08-16 15:25:59.040,21.915,lower,0.07562500000000028,0.009375000000000355
2026-08-16 15:25:59.050,21.925,lower,-0.1606249999999998,-0.03687499999999955
2026-08-16 15:25:59.060,21.935,lower,0.043125000000000524,0.0
2026-08-16 15:25:59.070,21.945,lower,0.010624999999999662,-0.004999999999999449
2026-08-16 15:25:59.080,21.955,lower,-0.04375000000000018,-0.03750000000000031
2026-08-16 15:25:59.090,21.965,lower,0.07937500000000042,0.010000000000000009
2026-08-16 15:25:59.100,21.975,lower,-0.15687499999999965,-0.033124999999999405
2026-08-16 15:25:59.110,21.985,lower,0.055000000000000604,-0.010624999999999662
2026-08-16 15:25:59.120,21.995,lower,-0.018124999999999947,-0.004374999999999796
2026-08-16 15:25:59.130,22.005,lower,-0.07187500000000013,-0.03687499999999955
2026-08-16 15:25:59.140,22.015,lower,0.07500000000000062,0.008124999999999938
2026-08-16 15:25:59.150,22.025,lower,-0.16312499999999952,-0.03624999999999989
2026-08-16 15:25:59.160,22.035,lower,0.04562500000000025,-0.00687499999999952
2026-08-16 15:25:59.170,22.045,lower,0.008124999999999938,-0.00687499999999952
2026-08-16 15:25:59.180,22.055,lower,-0.03687499999999955,-0.03375000000000017
2026-08-16 15:25:59.190,22.065,lower,0.08312500000000056,0.006249999999999867
2026-08-16 15:25:59.200,22.075,lower,-0.16000000000000014,-0.038124999999999964
2026-08-16 15:25:59.210,22.085,lower,0.058749999999999636,-0.0031249999999993783
2026-08-16 15:25:59.220,22.095,lower,-0.020000000000000018,0.0031250000000004885
2026-08-16 15:25:59.230,22.105,lower,-0.061875000000000124,-0.028124999999999956
2026-08-16 15:25:59.240,22.115,lower,0.078125,0.008749999999999591
2026-08-16 15:25:59.250,22.125,lower,-0.15625,-0.038124999999999964
2026-08-16 15:25:59.260,22.135,lower,0.051875000000000115,-0.005625000000000213
2026-08-16 15:25:59.270,22.145,lower,0.0,0.0024999999999997247
2026-08-16 15:25:59.280,22.155,lower,-0.029375000000000373,-0.02874999999999961
2026-08-16 15:25:59.290,22.165,lower,0.078125,0.005625000000000213
2026-08-16 15:25:59.300,22.175,lower,-0.15874999999999972,-0.03437499999999982
2026-08-16 15:25:59.310,22.185,lower,0.04062499999999969,0.0031250000000004885
2026-08-16 15:25:59.320,22.195,lower,-0.029375000000000373,-0.0006249999999996536
2026-08-16 15:25:59.330,22.205,lower,-0.06000000000000005,-0.038124999999999964
2026-08-16 15:25:59.340,22.215,lower,0.078125,0.011250000000000426
2026-08-16 15:25:59.350,22.225,lower,-0.1606249999999998,-0.03750000000000031
2026-08-16 15:25:59.360,22.235,lower,0.05125000000000046,0.0006249999999996536
2026-08-16 15:25:59.370,22.245,lower,-0.0024999999999997247,-0.004374999999999796
2026-08-16 15:25:59.380,22.255,lower,-0.03062499999999968,-0.03874999999999962
2026-08-16 15:25:59.390,22.265,lower,0.07562500000000028,0.008124999999999938
2026-08-16 15:25:59.400,22.275,lower,-0.16000000000000014,-0.038124999999999964
2026-08-16 15:25:59.410,22.285,lower,0.04187500000000011,-0.004999999999999449
2026-08-16 15:25:59.420,22.295,lower,-0.03750000000000031,-0.005625000000000213
2026-08-16 15:25:59.430,22.305,lower,-0.051875000000000115,-0.0318750000000001
2026-08-16 15:25:59.440,22.315,lower,0.08000000000000007,0.007500000000000284
2026-08-16 15:25:59.450,22.325,lower,-0.15874999999999972,-0.03687499999999955
2026-08-16 15:25:59.460,22.335,lower,0.055000000000000604,-0.009375000000000355
2026-08-16 15:25:59.470,22.345,lower,-0.008749999999999591,-0.004999999999999449
2026-08-16 15:25:59.480,22.355,lower,-0.08375000000000021,-0.030000000000000027
2026-08-16 15:25:59.490,22.365,lower,0.0824999999999998,0.006875000000000631
2026-08-16 15:25:59.500,22.375,lower,-0.15625,-0.03937500000000038
2026-08-16 15:25:59.510,22.385,lower,0.043125000000000524,-0.004999999999999449
2026-08-16 15:25:59.520,22.395,lower,-0.038124999999999964,0.001875000000000071
2026-08-16 15:25:59.530,22.405,lower,-0.043124999999999414,-0.026249999999999885
2026-08-16 15:25:59.540,22.415,lower,0.07937500000000042,0.009375000000000355
2026-08-16 15:25:59.550,22.425,lower,-0.15625,-0.03249999999999975
2026-08-16 15:25:59.560,22.435,lower,0.0593750000000004,0.0
2026-08-16 15:25:59.570,22.445,lower,-0.010000000000000009,-0.0012500000000004174
2026-08-16 15:25:59.580,22.455,lower,-0.08312499999999945,-0.026249999999999885
2026-08-16 15:25:59.590,22.465,lower,0.08062499999999972,0.010000000000000009
2026-08-16 15:25:59.600,22.475,lower,-0.15937499999999938,-0.03437499999999982
2026-08-16 15:25:59.610,22.485,lower,0.0462499999999999,0.0024999999999997247
2026-08-16 15:25:59.620,22.495,lower,-0.04249999999999976,-0.004999999999999449
2026-08-16 15:25:59.630,22.505,lower,-0.040000000000000036,-0.03437499999999982
2026-08-16 15:25:59.640,22.515,lower,0.07874999999999965,0.005625000000000213
2026-08-16 15:25:59.650,22.525,lower,-0.15625,-0.038124999999999964
2026-08-16 15:25:59.660,22.535,lower,0.058749999999999636,-0.00687499999999952
2026-08-16 15:25:59.670,22.545,lower,-0.016249999999999876,-0.008749999999999591
2026-08-16 15:25:59.680,22.555,lower,-0.07187500000000013,-0.033124999999999405
2026-08-16 15:25:59.690,22.565,lower,0.08000000000000007,0.010624999999999662
2026-08-16 15:25:59.700,22.575,lower,-0.15499999999999958,-0.03687499999999955
2026-08-16 15:25:59.710,22.585,lower,0.04937500000000039,-0.004374999999999796
2026-08-16 15:25:59.720,22.595,lower,0.013750000000000151,-0.005625000000000213
2026-08-16 15:25:59.730,22.605,lower,-0.03562500000000024,-0.029375000000000373
2026-08-16 15:25:59.740,22.615,lower,0.08187500000000014,0.011250000000000426
2026-08-16 15:25:59.750,22.625,lower,-0.15249999999999986,-0.03687499999999955
2026-08-16 15:25:59.760,22.635,lower,0.061875000000000124,-0.004374999999999796
2026-08-16 15:25:59.770,22.645,lower,-0.018124999999999947,0.0012500000000004174
2026-08-16 15:25:59.780,22.655,lower,-0.0649999999999995,-0.0318750000000001
2026-08-16 15:25:59.790,22.665,lower,0.08187500000000014,0.010000000000000009
2026-08-16 15:25:59.800,22.675,lower,-0.15750000000000042,-0.04124999999999934
2026-08-16 15:25:59.810,22.685,lower,0.053750000000000187,-0.0012500000000004174
2026-08-16 15:25:59.820,22.695,lower,0.006249999999999867,0.001875000000000071
2026-08-16 15:25:59.830,22.705,lower,-0.030000000000000027,-0.028124999999999956
2026-08-16 15:25:59.840,22.715,lower,0.08750000000000036,0.008749999999999591
2026-08-16 15:25:59.850,22.725,lower,-0.15625,-0.034999999999999476
2026-08-16 15:25:59.860,22.735,lower,0.06249999999999978,0.004374999999999796
2026-08-16 15:25:59.870,22.745,lower,-0.023124999999999396,-0.001875000000000071
2026-08-16 15:25:59.880,22.755,lower,-0.05812499999999998,-0.040000000000000036
2026-08-16 15:25:59.890,22.765,lower,0.08062499999999972,0.010624999999999662
2026-08-16 15:25:59.900,22.775,lower,-0.15625,-0.03937500000000038
2026-08-16 15:25:59.910,22.785,lower,0.05312500000000053,-0.007500000000000284
2026-08-16 15:25:59.920,22.795,lower,0.0031250000000004885,-0.004374999999999796
2026-08-16 15:25:59.930,22.805,lower,-0.024374999999999813,-0.03249999999999975
2026-08-16 15:25:59.940,22.815,lower,0.08000000000000007,0.008124999999999938
2026-08-16 15:25:59.950,22.825,lower,-0.15812500000000007,-0.034999999999999476
2026-08-16 15:25:59.960,22.835,lower,0.04249999999999976,-0.004374999999999796
2026-08-16 15:25:59.970,22.845,lower,-0.028124999999999956,-0.005625000000000213
2026-08-16 15:25:59.980,22.855,lower,-0.05624999999999991,-0.03375000000000017
2026-08-16 15:25:59.990,22.865,lower,0.07937500000000042,0.009375000000000355
2026-08-16 15:26:00.000,22.875,lower,-0.15750000000000042,-0.03937500000000038
2026-08-16 15:26:00.010,22.885,lower,0.053750000000000187,-0.007500000000000284
2026-08-16 15:26:00.020,22.895,lower,-0.004374999999999796,-0.001875000000000071
2026-08-16 15:26:00.030,22.905,lower,-0.02375000000000016,-0.03249999999999975
2026-08-16 15:26:00.040,22.915,lower,0.08125000000000049,0.0012500000000004174
2026-08-16 15:26:00.050,22.925,lower,-0.15499999999999958,-0.04249999999999976
2026-08-16 15:26:00.060,22.935,lower,0.050000000000000044,-0.004999999999999449
2026-08-16 15:26:00.070,22.945,lower,-0.03750000000000031,-0.0031249999999993783
2026-08-16 15:26:00.080,22.955,lower,-0.04562500000000025,-0.02874999999999961
2026-08-16 15:26:00.090,22.965,lower,0.08562500000000028,0.010624999999999662
2026-08-16 15:26:00.100,22.975,lower,-0.15499999999999958,-0.03624999999999989
2026-08-16 15:26:00.110,22.985,lower,0.06249999999999978,0.003750000000000142
2026-08-16 15:26:00.120,22.995,lower,-0.007500000000000284,-0.004374999999999796
2026-08-16 15:26:00.130,23.005,lower,-0.07937500000000042,-0.03937500000000038
2026-08-16 15:26:00.140,23.015,lower,0.08437499999999987,0.011250000000000426
2026-08-16 15:26:00.150,23.025,lower,-0.15625,-0.03562500000000024
2026-08-16 15:26:00.160,23.035,lower,0.046875000000000666,-0.0006249999999996536
2026-08-16 15:26:00.170,23.045,lower,-0.04124999999999934,-0.00687499999999952
2026-08-16 15:26:00.180,23.055,lower,-0.038124999999999964,-0.04062499999999969
2026-08-16 15:26:00.190,23.065,lower,0.08062499999999972,0.008749999999999591
2026-08-16 15:26:00.200,23.075,lower,-0.15687499999999965,-0.03874999999999962
2026-08-16 15:26:00.210,23.085,lower,0.06000000000000005,-0.006249999999999867
2026-08-16 15:26:00.220,23.095,lower,-0.014374999999999805,-0.004999999999999449
2026-08-16 15:26:00.230,23.105,lower,-0.07249999999999979,-0.0318750000000001
2026-08-16 15:26:00.240,23.115,lower,0.08624999999999994,0.006875000000000631
2026-08-16 15:26:00.250,23.125,lower,-0.15874999999999972,-0.040000000000000036
2026-08-16 15:26:00.260,23.135,lower,0.04937500000000039,-0.004999999999999449
2026-08-16 15:26:00.270,23.145,lower,-0.043124999999999414,-0.007500000000000284
2026-08-16 15:26:00.280,23.155,lower,-0.03249999999999975,-0.02874999999999961
2026-08-16 15:26:00.290,23.165,lower,0.0824999999999998,0.009375000000000355
2026-08-16 15:26:00.300,23.175,lower,-0.15562500000000035,-0.038124999999999964
2026-08-16 15:26:00.310,23.185,lower,0.06437499999999985,-0.003750000000000142
2026-08-16 15:26:00.320,23.195,lower,-0.015625000000000222,-0.001875000000000071
2026-08-16 15:26:00.330,23.205,lower,-0.0649999999999995,-0.0318750000000001
2026-08-16 15:26:00.340,23.215,lower,0.07874999999999965,0.008124999999999938
2026-08-16 15:26:00.350,23.225,lower,-0.16000000000000014,-0.03624999999999989
2026-08-16 15:26:00.360,23.235,lower,0.05562500000000026,-0.003750000000000142
2026-08-16 15:26:00.370,23.245,lower,0.008124999999999938,-0.001875000000000071
2026-08-16 15:26:00.380,23.255,lower,-0.034999999999999476,-0.026249999999999885
2026-08-16 15:26:00.390,23.265,lower,0.07874999999999965,0.007500000000000284
2026-08-16 15:26:00.400,23.275,lower,-0.15625,-0.03687499999999955
2026-08-16 15:26:00.410,23.285,lower,0.06312500000000054,0.0012500000000004174
2026-08-16 15:26:00.420,23.295,lower,-0.02562500000000023,-0.009375000000000355
2026-08-16 15:26:00.430,23.305,lower,-0.06062499999999971,-0.04124999999999934
2026-08-16 15:26:00.440,23.315,lower,0.08062499999999972,0.008124999999999938
2026-08-16 15:26:00.450,23.325,lower,-0.15937499999999938,-0.04187500000000011
2026-08-16 15:26:00.460,23.335,lower,0.05249999999999977,-0.003750000000000142
2026-08-16 15:26:00.470,23.345,lower,0.001875000000000071,-0.005625000000000213
2026-08-16 15:26:00.480,23.355,lower,-0.026249999999999885,-0.03437499999999982
2026-08-16 15:26:00.490,23.365,lower,0.08375000000000021,0.006875000000000631
2026-08-16 15:26:00.500,23.375,lower,-0.15812500000000007,-0.04062499999999969
2026-08-16 15:26:00.510,23.385,lower,0.06437499999999985,-0.0031249999999993783
2026-08-16 15:26:00.520,23.395,lower,-0.026249999999999885,-0.007500000000000284
2026-08-16 15:26:00.530,23.405,lower,-0.05312499999999942,-0.03249999999999975
2026-08-16 15:26:00.540,23.415,lower,0.08375000000000021,0.006249999999999867
2026-08-16 15:26:00.550,23.425,lower,-0.15437499999999993,-0.03624999999999989
2026-08-16 15:26:00.560,23.435,lower,0.05437499999999984,-0.0031249999999993783
2026-08-16 15:26:00.570,23.445,lower,-0.003750000000000142,-0.0012500000000004174
2026-08-16 15:26:00.580,23.455,lower,-0.0187499999999996,-0.028124999999999956
2026-08-16 15:26:00.590,23.465,lower,0.0824999999999998,0.009375000000000355
2026-08-16 15:26:00.600,23.475,lower,-0.16124999999999945,-0.04124999999999934
2026-08-16 15:26:00.610,23.485,lower,0.04249999999999976,-0.0006249999999996536
2026-08-16 15:26:00.620,23.495,lower,-0.034999999999999476,-0.0012500000000004174
2026-08-16 15:26:00.630,23.505,lower,-0.05437499999999984,-0.029375000000000373
2026-08-16 15:26:00.640,23.515,lower,0.07750000000000035,0.009375000000000355
2026-08-16 15:26:00.650,23.525,lower,-0.15874999999999972,-0.03687499999999955
2026-08-16 15:26:00.660,23.535,lower,0.05312500000000053,0.0006249999999996536
2026-08-16 15:26:00.670,23.545,lower,-0.009375000000000355,-0.003750000000000142
2026-08-16 15:26:00.680,23.555,lower,-0.021249999999999325,-0.03937500000000038
2026-08-16 15:26:00.690,23.565,lower,0.078125,0.010624999999999662
2026-08-16 15:26:00.700,23.575,lower,-0.15812500000000007,-0.038124999999999964
2026-08-16 15:26:00.710,23.585,lower,0.0506249999999997,0.0024999999999997247
2026-08-16 15:26:00.720,23.595,lower,-0.04375000000000018,-0.004374999999999796
2026-08-16 15:26:00.730,23.605,lower,-0.04562500000000025,-0.03687499999999955
2026-08-16 15:26:00.740,23.615,lower,0.08437499999999987,0.008749999999999591
2026-08-16 15:26:00.750,23.625,lower,-0.15874999999999972,-0.03937500000000038
2026-08-16 15:26:00.760,23.635,lower,0.06000000000000005,-0.004999999999999449
2026-08-16 15:26:00.770,23.645,lower,-0.014374999999999805,-0.008124999999999938
2026-08-16 15:26:00.780,23.655,lower,-0.08187500000000014,-0.03562500000000024
2026-08-16 15:26:00.790,23.665,lower,0.08312500000000056,0.008749999999999591
2026-08-16 15:26:00.800,23.675,lower,-0.16000000000000014,-0.03937500000000038
2026-08-16 15:26:00.810,23.685,lower,0.04562500000000025,-0.0031249999999993783
2026-08-16 15:26:00.820,23.695,lower,-0.04812499999999997,0.0
2026-08-16 15:26:00.830,23.705,lower,-0.03874999999999962,-0.027500000000000302
2026-08-16 15:26:00.840,23.715,lower,0.08187500000000014,0.006875000000000631
2026-08-16 15:26:00.850,23.725,lower,-0.16249999999999987,-0.040000000000000036
2026-08-16 15:26:00.860,23.735,lower,0.05624999999999991,-0.0006249999999996536
2026-08-16 15:26:00.870,23.745,lower,-0.02062499999999967,-0.0024999999999997247
2026-08-16 15:26:00.880,23.755,lower,-0.07312499999999944,-0.029375000000000373
2026-08-16 15:26:00.890,23.765,lower,0.07874999999999965,0.008124999999999938
2026-08-16 15:26:00.900,23.775,lower,-0.16562500000000036,-0.03874999999999962
2026-08-16 15:26:00.910,23.785,lower,0.04375000000000018,-0.006249999999999867
2026-08-16 15:26:00.920,23.795,lower,-0.05562500000000026,-0.019375000000000364
2026-08-16 15:26:00.930,23.805,lower,-0.04062499999999969,-0.12562500000000032
2026-08-16 15:26:00.940,23.815,lower,0.07687499999999958,0.02687500000000065
2026-08-16 15:26:00.950,23.825,lower,-0.16375000000000028,-0.13124999999999942
2026-08-16 15:26:00.960,23.835,lower,0.06000000000000005,0.0012500000000004174
2026-08-16 15:26:00.970,23.845,lower,-0.024374999999999813,-0.023124999999999396
2026-08-16 15:26:00.980,23.855,lower,-0.06562500000000027,-0.11874999999999969
2026-08-16 15:26:00.990,23.865,lower,0.07500000000000062,0.02375000000000016
2026-08-16 15:26:01.000,23.875,lower,-0.1649999999999996,-0.13375000000000026
2026-08-16 15:26:01.010,23.885,lower,0.04874999999999963,-0.020000000000000018
2026-08-16 15:26:01.020,23.895,lower,-0.004999999999999449,-0.0318750000000001
2026-08-16 15:26:01.030,23.905,lower,-0.03874999999999962,-0.1112499999999994
2026-08-16 15:26:01.040,23.915,lower,0.07874999999999965,0.02687500000000065
2026-08-16 15:26:01.050,23.925,lower,-0.16437499999999994,-0.1387499999999997
2026-08-16 15:26:01.060,23.935,lower,0.05812499999999998,-0.008749999999999591
2026-08-16 15:26:01.070,23.945,lower,-0.03750000000000031,-0.03874999999999962
2026-08-16 15:26:01.080,23.955,lower,-0.06437499999999985,-0.09937499999999932
2026-08-16 15:26:01.090,23.965,lower,0.07750000000000035,0.03249999999999975
2026-08-16 15:26:01.100,23.975,lower,-0.1606249999999998,-0.13499999999999956
2026-08-16 15:26:01.110,23.985,lower,0.053750000000000187,-0.0031249999999993783
2026-08-16 15:26:01.120,23.995,lower,-0.011249999999999316,-0.011249999999999316
2026-08-16 15:26:01.130,24.005,lower,-0.0318750000000001,-0.08937500000000043
2026-08-16 15:26:01.140,24.015,lower,0.08125000000000049,0.029375000000000373
2026-08-16 15:26:01.150,24.025,lower,-0.16437499999999994,-0.12124999999999941
2026-08-16 15:26:01.160,24.035,lower,0.058749999999999636,0.0031250000000004885
2026-08-16 15:26:01.170,24.045,lower,-0.040000000000000036,-0.013124999999999387
2026-08-16 15:26:01.180,24.055,lower,-0.054999999999999494,-0.08000000000000007
2026-08-16 15:26:01.190,24.065,lower,0.07437499999999986,0.029375000000000373
2026-08-16 15:26:01.200,24.075,lower,-0.15874999999999972,-0.12499999999999956
2026-08-16 15:26:01.210,24.085,lower,0.0506249999999997,0.008124999999999938
2026-08-16 15:26:01.220,24.095,lower,-0.015625000000000222,-0.016249999999999876
2026-08-16 15:26:01.230,24.105,lower,-0.017500000000000293,-0.11249999999999982
2026-08-16 15:26:01.240,24.115,lower,0.07562500000000028,0.03249999999999975
2026-08-16 15:26:01.250,24.125,lower,-0.16687499999999966,-0.12687499999999963
2026-08-16 15:26:01.260,24.135,lower,0.03937500000000038,-0.010624999999999662
2026-08-16 15:26:01.270,24.145,lower,-0.046874999999999556,-0.02375000000000016
2026-08-16 15:26:01.280,24.155,lower,-0.050000000000000044,-0.10187500000000016
2026-08-16 15:26:01.290,24.165,lower,0.078125,0.035000000000000586
2026-08-16 15:26:01.300,24.175,lower,-0.16312499999999952,-0.1287499999999997
2026-08-16 15:26:01.310,24.185,lower,0.05249999999999977,-0.003750000000000142
2026-08-16 15:26:01.320,24.195,lower,-0.016249999999999876,-0.02874999999999961
2026-08-16 15:26:01.330,24.205,lower,-0.08375000000000021,-0.09937499999999932
2026-08-16 15:26:01.340,24.215,lower,0.07249999999999979,0.03937500000000038
2026-08-16 15:26:01.350,24.225,lower,-0.16812500000000008,-0.13000000000000012
2026-08-16 15:26:01.360,24.235,lower,0.04437499999999983,0.001875000000000071
2026-08-16 15:26:01.370,24.245,lower,-0.053750000000000187,-0.0012500000000004174
2026-08-16 15:26:01.380,24.255,lower,-0.04812499999999997,-0.08812500000000001
2026-08-16 15:26:01.390,24.265,lower,0.07687499999999958,0.03437499999999982
2026-08-16 15:26:01.400,24.275,lower,-0.16124999999999945,-0.13062499999999977
2026-08-16 15:26:01.410,24.285,lower,0.056875000000000675,0.008124999999999938
2026-08-16 15:26:01.420,24.295,lower,-0.024374999999999813,-0.00687499999999952
2026-08-16 15:26:01.430,24.305,lower,-0.07874999999999965,-0.07562500000000028
2026-08-16 15:26:01.440,24.315,lower,0.08000000000000007,0.03562500000000024
2026-08-16 15:26:01.450,24.325,lower,-0.16625,-0.1243749999999999
2026-08-16 15:26:01.460,24.335,lower,0.045000000000000595,0.013125000000000497
2026-08-16 15:26:01.470,24.345,lower,-0.05562500000000026,-0.016249999999999876
2026-08-16 15:26:01.480,24.355,lower,-0.04124999999999934,-0.10624999999999996
2026-08-16 15:26:01.490,24.365,lower,0.07937500000000042,0.03874999999999962
2026-08-16 15:26:01.500,24.375,lower,-0.16437499999999994,-0.12375000000000025
2026-08-16 15:26:01.510,24.385,lower,0.05624999999999991,0.013750000000000151
2026-08-16 15:26:01.520,24.395,lower,-0.033124999999999405,-0.016249999999999876
2026-08-16 15:26:01.530,24.405,lower,-0.06937500000000041,-0.1012499999999994
2026-08-16 15:26:01.540,24.415,lower,0.078125,0.03937500000000038
2026-08-16 15:26:01.550,24.425,lower,-0.16625,-0.13124999999999942
2026-08-16 15:26:01.560,24.435,lower,0.046875000000000666,0.0
2026-08-16 15:26:01.570,24.445,lower,-0.061875000000000124,-0.026874999999999538
2026-08-16 15:26:01.580,24.455,lower,-0.03249999999999975,-0.09624999999999995
2026-08-16 15:26:01.590,24.465,lower,0.08062499999999972,0.03687500000000066
2026-08-16 15:26:01.600,24.475,lower,-0.16437499999999994,-0.13124999999999942
2026-08-16 15:26:01.610,24.485,lower,0.06000000000000005,0.001875000000000071
2026-08-16 15:26:01.620,24.495,lower,-0.03375000000000017,0.001875000000000071
2026-08-16 15:26:01.630,24.505,lower,-0.0593750000000004,-0.08375000000000021
2026-08-16 15:26:01.640,24.515,lower,0.0737500000000002,0.03687500000000066
2026-08-16 15:26:01.650,24.525,lower,-0.16562500000000036,-0.13249999999999984
2026-08-16 15:26:01.660,24.535,lower,0.05312500000000053,0.010624999999999662
2026-08-16 15:26:01.670,24.545,lower,-0.008749999999999591,-0.008749999999999591
2026-08-16 15:26:01.680,24.555,lower,-0.031249999999999334,-0.08000000000000007
2026-08-16 15:26:01.690,24.565,lower,0.07687499999999958,0.03874999999999962
2026-08-16 15:26:01.700,24.575,lower,-0.1649999999999996,-0.11750000000000038
2026-08-16 15:26:01.710,24.585,lower,0.06125000000000047,0.014374999999999805
2026-08-16 15:26:01.720,24.595,lower,-0.03750000000000031,-0.010000000000000009
2026-08-16 15:26:01.730,24.605,lower,-0.05624999999999991,-0.1112499999999994
2026-08-16 15:26:01.740,24.615,lower,0.07249999999999979,0.03874999999999962
2026-08-16 15:26:01.750,24.625,lower,-0.15937499999999938,-0.1243749999999999
2026-08-16 15:26:01.760,24.635,lower,0.056875000000000675,0.015000000000000568
2026-08-16 15:26:01.770,24.645,lower,-0.011249999999999316,-0.016249999999999876
2026-08-16 15:26:01.780,24.655,lower,-0.02062499999999967,-0.10249999999999981
2026-08-16 15:26:01.790,24.665,lower,0.08062499999999972,0.03874999999999962
2026-08-16 15:26:01.800,24.675,lower,-0.16312499999999952,-0.12562500000000032
2026-08-16 15:26:01.810,24.685,lower,0.06562500000000027,-0.003750000000000142
2026-08-16 15:26:01.820,24.695,lower,-0.0462499999999999,-0.024999999999999467
2026-08-16 15:26:01.830,24.705,lower,-0.04937500000000039,-0.0924999999999998
2026-08-16 15:26:01.840,24.715,lower,0.08125000000000049,0.03750000000000031
2026-08-16 15:26:01.850,24.725,lower,-0.16000000000000014,-0.12562500000000032
2026-08-16 15:26:01.860,24.735,lower,0.051875000000000115,0.003750000000000142
2026-08-16 15:26:01.870,24.745,lower,-0.016249999999999876,-0.031249999999999334
2026-08-16 15:26:01.880,24.755,lower,-0.015625000000000222,-0.08499999999999952
2026-08-16 15:26:01.890,24.765,lower,0.078125,0.03624999999999989
2026-08-16 15:26:01.900,24.775,lower,-0.1693749999999994,-0.13499999999999956
2026-08-16 15:26:01.910,24.785,lower,0.04437499999999983,0.005625000000000213
2026-08-16 15:26:01.920,24.795,lower,-0.04874999999999963,-0.001875000000000071
2026-08-16 15:26:01.930,24.805,lower,-0.044999999999999485,-0.08124999999999938
2026-08-16 15:26:01.940,24.815,lower,0.08125000000000049,0.04062499999999969
2026-08-16 15:26:01.950,24.825,lower,-0.1606249999999998,-0.11375000000000024
2026-08-16 15:26:01.960,24.835,lower,0.06062499999999971,0.013750000000000151
2026-08-16 15:26:01.970,24.845,lower,-0.015625000000000222,-0.005625000000000213
2026-08-16 15:26:01.980,24.855,lower,-0.07312499999999944,-0.06687499999999957
2026-08-16 15:26:01.990,24.865,lower,0.07874999999999965,0.03624999999999989
2026-08-16 15:26:02.000,24.875,lower,-0.16000000000000014,-0.12375000000000025
2026-08-16 15:26:02.010,24.885,lower,0.04874999999999963,0.0187499999999996
2026-08-16 15:26:02.020,24.895,lower,-0.053750000000000187,-0.017500000000000293
2026-08-16 15:26:02.030,24.905,lower,-0.03874999999999962,-0.10437499999999988
2026-08-16 15:26:02.040,24.915,lower,0.07750000000000035,0.03562500000000024
2026-08-16 15:26:02.050,24.925,lower,-0.15687499999999965,-0.12687499999999963
2026-08-16 15:26:02.060,24.935,lower,0.061875000000000124,-0.005625000000000213
2026-08-16 15:26:02.070,24.945,lower,-0.026874999999999538,-0.024999999999999467
2026-08-16 15:26:02.080,24.955,lower,-0.06562500000000027,-0.09937499999999932
2026-08-16 15:26:02.090,24.965,lower,0.08187500000000014,0.03750000000000031
2026-08-16 15:26:02.100,24.975,lower,-0.16375000000000028,-0.12812500000000004
2026-08-16 15:26:02.110,24.985,lower,0.05562500000000026,0.003750000000000142
2026-08-16 15:26:02.120,24.995,lower,-0.06124999999999936,-0.026249999999999885
2026-08-16 15:26:02.130,25.005,lower,-0.03624999999999989,-0.08874999999999966
2026-08-16 15:26:02.140,25.015,lower,0.08375000000000021,0.03687500000000066
2026-08-16 15:26:02.150,25.025,lower,-0.16562500000000036,-0.13249999999999984
2026-08-16 15:26:02.160,25.035,lower,0.06125000000000047,0.0
2026-08-16 15:26:02.170,25.045,lower,-0.03249999999999975,-0.004999999999999449
2026-08-16 15:26:02.180,25.055,lower,-0.05562500000000026,-0.08312499999999945
2026-08-16 15:26:02.190,25.065,lower,0.08000000000000007,0.03624999999999989
2026-08-16 15:26:02.200,25.075,lower,-0.15874999999999972,-0.1318750000000002
2026-08-16 15:26:02.210,25.085,lower,0.05562500000000026,0.012499999999999734
2026-08-16 15:26:02.220,25.095,lower,-0.009375000000000355,-0.008749999999999591
2026-08-16 15:26:02.230,25.105,lower,-0.024374999999999813,-0.07249999999999979
2026-08-16 15:26:02.240,25.115,lower,0.08500000000000063,0.04187500000000011
2026-08-16 15:26:02.250,25.125,lower,-0.1649999999999996,-0.12375000000000025
2026-08-16 15:26:02.260,25.135,lower,0.06500000000000061,0.014374999999999805
2026-08-16 15:26:02.270,25.145,lower,-0.03249999999999975,-0.015625000000000222
2026-08-16 15:26:02.280,25.155,lower,-0.04812499999999997,-0.10750000000000037
2026-08-16 15:26:02.290,25.165,lower,0.07687499999999958,0.03375000000000017
2026-08-16 15:26:02.300,25.175,lower,-0.15937499999999938,-0.12562500000000032
2026-08-16 15:26:02.310,25.185,lower,0.0593750000000004,0.020000000000000018
2026-08-16 15:26:02.320,25.195,lower,-0.012499999999999734,-0.024374999999999813
2026-08-16 15:26:02.330,25.205,lower,-0.02062499999999967,-0.09812500000000002
2026-08-16 15:26:02.340,25.215,lower,0.08125000000000049,0.03750000000000031
2026-08-16 15:26:02.350,25.225,lower,-0.16437499999999994,-0.12562500000000032
2026-08-16 15:26:02.360,25.235,lower,0.06874999999999964,0.0012500000000004174
2026-08-16 15:26:02.370,25.245,lower,-0.03937500000000038,-0.028124999999999956
2026-08-16 15:26:02.380,25.255,lower,-0.04750000000000032,-0.09499999999999953
2026-08-16 15:26:02.390,25.265,lower,0.07937500000000042,0.035000000000000586
2026-08-16 15:26:02.400,25.275,lower,-0.15750000000000042,-0.1331249999999995
2026-08-16 15:26:02.410,25.285,lower,0.05812499999999998,0.005625000000000213
2026-08-16 15:26:02.420,25.295,lower,-0.014999999999999458,-0.03750000000000031
2026-08-16 15:26:02.430,25.305,lower,-0.020000000000000018,-0.08624999999999994
2026-08-16 15:26:02.440,25.315,lower,0.07874999999999965,0.040000000000000036
2026-08-16 15:26:02.450,25.325,lower,-0.16437499999999994,-0.1331249999999995
2026-08-16 15:26:02.460,25.335,lower,0.046875000000000666,0.009375000000000355
2026-08-16 15:26:02.470,25.345,lower,-0.05124999999999935,-0.003750000000000142
2026-08-16 15:26:02.480,25.355,lower,-0.04249999999999976,-0.07499999999999951
2026-08-16 15:26:02.490,25.365,lower,0.08437499999999987,0.03750000000000031
2026-08-16 15:26:02.500,25.375,lower,-0.15812500000000007,-0.12187500000000018
2026-08-16 15:26:02.510,25.385,lower,0.06000000000000005,0.017500000000000293
2026-08-16 15:26:02.520,25.395,lower,-0.017500000000000293,-0.013124999999999387
2026-08-16 15:26:02.530,25.405,lower,-0.01187500000000008,-0.10874999999999968
2026-08-16 15:26:02.540,25.415,lower,0.08125000000000049,0.038124999999999964
2026-08-16 15:26:02.550,25.425,lower,-0.16312499999999952,-0.12562500000000032
2026-08-16 15:26:02.560,25.435,lower,0.04750000000000032,0.023125000000000506
2026-08-16 15:26:02.570,25.445,lower,-0.05624999999999991,-0.018124999999999947
2026-08-16 15:26:02.580,25.455,lower,-0.03562500000000024,-0.10187500000000016
2026-08-16 15:26:02.590,25.465,lower,0.08375000000000021,0.03937500000000038
2026-08-16 15:26:02.600,25.475,lower,-0.16000000000000014,-0.12812500000000004
2026-08-16 15:26:02.610,25.485,lower,0.06125000000000047,0.0012500000000004174
2026-08-16 15:26:02.620,25.495,lower,-0.02375000000000016,-0.02562500000000023
2026-08-16 15:26:02.630,25.505,lower,-0.07000000000000006,-0.08937500000000043
2026-08-16 15:26:02.640,25.515,lower,0.07750000000000035,0.03687500000000066
2026-08-16 15:26:02.650,25.525,lower,-0.1649999999999996,-0.1287499999999997
2026-08-16 15:26:02.660,25.535,lower,0.0506249999999997,0.0031250000000004885
2026-08-16 15:26:02.670,25.545,lower,-0.05812499999999998,-0.0318750000000001
2026-08-16 15:26:02.680,25.555,lower,-0.03375000000000017,-0.08562500000000028
2026-08-16 15:26:02.690,25.565,lower,0.07687499999999958,0.03624999999999989
2026-08-16 15:26:02.700,25.575,lower,-0.16625,-0.13000000000000012
2026-08-16 15:26:02.710,25.585,lower,0.06624999999999992,0.010624999999999662
2026-08-16 15:26:02.720,25.595,lower,-0.033124999999999405,-0.008124999999999938
2026-08-16 15:26:02.730,25.605,lower,-0.0637500000000002,-0.07874999999999965
2026-08-16 15:26:02.740,25.615,lower,0.07624999999999993,0.03750000000000031
2026-08-16 15:26:02.750,25.625,lower,-0.1693749999999994,-0.11499999999999955
2026-08-16 15:26:02.760,25.635,lower,0.05624999999999991,0.015625000000000222
2026-08-16 15:26:02.770,25.645,lower,-0.07187500000000013,-0.012499999999999734
2026-08-16 15:26:02.780,25.655,lower,-0.031249999999999334,-0.06812499999999999
2026-08-16 15:26:02.790,25.665,lower,0.08062499999999972,0.03874999999999962
2026-08-16 15:26:02.800,25.675,lower,-0.16562500000000036,-0.12187500000000018
2026-08-16 15:26:02.810,25.685,lower,0.06062499999999971,0.020000000000000018
2026-08-16 15:26:02.820,25.695,lower,-0.038124999999999964,-0.018124999999999947
2026-08-16 15:26:02.830,25.705,lower,-0.05437499999999984,-0.10375000000000023
2026-08-16 15:26:02.840,25.715,lower,0.07500000000000062,0.040000000000000036
2026-08-16 15:26:02.850,25.725,lower,-0.16437499999999994,-0.12687499999999963
2026-08-16 15:26:02.860,25.735,lower,0.056875000000000675,-0.0006249999999996536
2026-08-16 15:26:02.870,25.745,lower,-0.016249999999999876,-0.027500000000000302
2026-08-16 15:26:02.880,25.755,lower,-0.021249999999999325,-0.0924999999999998
2026-08-16 15:26:02.890,25.765,lower,0.078125,0.033125000000000515
2026-08-16 15:26:02.900,25.775,lower,-0.1737500000000003,-0.1275000000000004
2026-08-16 15:26:02.910,25.785,lower,0.06437499999999985,0.0031250000000004885
2026-08-16 15:26:02.920,25.795,lower,-0.0462499999999999,-0.03687499999999955
2026-08-16 15:26:02.930,25.805,lower,-0.05312499999999942,-0.08312499999999945
2026-08-16 15:26:02.940,25.815,lower,0.07500000000000062,0.038124999999999964
2026-08-16 15:26:02.950,25.825,lower,-0.16687499999999966,-0.1343749999999999
2026-08-16 15:26:02.960,25.835,lower,0.05437499999999984,0.011250000000000426
2026-08-16 15:26:02.970,25.845,lower,-0.0187499999999996,-0.00687499999999952
2026-08-16 15:26:02.980,25.855,lower,-0.021249999999999325,-0.078125
2026-08-16 15:26:02.990,25.865,lower,0.07562500000000028,0.03874999999999962
2026-08-16 15:26:03.000,25.875,lower,-0.17124999999999946,-0.1331249999999995
2026-08-16 15:26:03.010,25.885,lower,0.06437499999999985,0.010624999999999662
2026-08-16 15:26:03.020,25.895,lower,-0.0593750000000004,-0.008124999999999938
2026-08-16 15:26:03.030,25.905,lower,-0.04812499999999997,-0.07000000000000006
2026-08-16 15:26:03.040,25.915,lower,0.07562500000000028,0.03937500000000038
2026-08-16 15:26:03.050,25.925,lower,-0.16625,-0.12499999999999956
2026-08-16 15:26:03.060,25.935,lower,0.05812499999999998,0.021250000000000435
2026-08-16 15:26:03.070,25.945,lower,-0.028124999999999956,-0.018124999999999947
2026-08-16 15:26:03.080,25.955,lower,-0.019375000000000364,-0.10437499999999988
2026-08-16 15:26:03.090,25.965,lower,0.07624999999999993,0.043125000000000524
2026-08-16 15:26:03.100,25.975,lower,-0.1693749999999994,-0.12624999999999997
2026-08-16 15:26:03.110,25.985,lower,0.040000000000000036,0.024374999999999813
2026-08-16 15:26:03.120,25.995,lower,-0.06312499999999943,-0.024374999999999813
2026-08-16 15:26:03.130,26.005,lower,-0.04249999999999976,-0.09499999999999953
2026-08-16 15:26:03.140,26.015,lower,0.07437499999999986,0.03874999999999962
2026-08-16 15:26:03.150,26.025,lower,-0.16625,-0.12812500000000004
2026-08-16 15:26:03.160,26.035,lower,0.05562500000000026,0.006249999999999867
2026-08-16 15:26:03.170,26.045,lower,-0.03375000000000017,-0.0318750000000001
2026-08-16 15:26:03.180,26.055,lower,-0.014374999999999805,-0.08750000000000036
2026-08-16 15:26:03.190,26.065,lower,0.0737500000000002,0.04187500000000011
2026-08-16 15:26:03.200,26.075,lower,-0.17437499999999995,-0.13375000000000026
2026-08-16 15:26:03.210,26.085,lower,0.04125000000000045,0.008749999999999591
2026-08-16 15:26:03.220,26.095,lower,-0.06937500000000041,-0.04062499999999969
2026-08-16 15:26:03.230,26.105,lower,-0.03687499999999955,-0.07562500000000028
2026-08-16 15:26:03.240,26.115,lower,0.07750000000000035,0.03874999999999962
2026-08-16 15:26:03.250,26.125,lower,-0.1618750000000002,-0.1318750000000002
2026-08-16 15:26:03.260,26.135,lower,0.05562500000000026,0.015000000000000568
2026-08-16 15:26:03.270,26.145,lower,-0.03750000000000031,-0.008124999999999938
2026-08-16 15:26:03.280,26.155,lower,-0.06562500000000027,-0.06562500000000027
2026-08-16 15:26:03.290,26.165,lower,0.06624999999999992,0.040000000000000036
2026-08-16 15:26:03.300,26.175,lower,-0.17124999999999946,-0.12124999999999941
2026-08-16 15:26:03.310,26.185,lower,0.04750000000000032,0.017500000000000293
2026-08-16 15:26:03.320,26.195,lower,-0.07687499999999958,-0.01687499999999953
2026-08-16 15:26:03.330,26.205,lower,-0.033124999999999405,-0.10249999999999981
2026-08-16 15:26:03.340,26.215,lower,0.07312500000000055,0.03937500000000038
2026-08-16 15:26:03.350,26.225,lower,-0.1737500000000003,-0.12375000000000025
2026-08-16 15:26:03.360,26.235,lower,0.0593750000000004,0.022499999999999742
2026-08-16 15:26:03.370,26.245,lower,-0.04375000000000018,-0.020000000000000018
2026-08-16 15:26:03.380,26.255,lower,-0.0649999999999995,-0.09750000000000036
2026-08-16 15:26:03.390,26.265,lower,0.06687500000000068,0.03687500000000066
2026-08-16 15:26:03.400,26.275,lower,-0.17312499999999953,-0.13062499999999977
2026-08-16 15:26:03.410,26.285,lower,0.05125000000000046,-0.0024999999999997247
2026-08-16 15:26:03.420,26.295,lower,-0.08562500000000028,-0.02874999999999961
2026-08-16 15:26:03.430,26.305,lower,-0.027500000000000302,-0.09124999999999939
2026-08-16 15:26:03.440,26.315,lower,0.07312500000000055,0.03437499999999982
2026-08-16 15:26:03.450,26.325,lower,-0.17749999999999932,-0.1331249999999995
2026-08-16 15:26:03.460,26.335,lower,0.06249999999999978,0.010000000000000009
2026-08-16 15:26:03.470,26.345,lower,-0.05562500000000026,-0.043124999999999414
2026-08-16 15:26:03.480,26.355,lower,-0.06000000000000005,-0.07750000000000035
2026-08-16 15:26:03.490,26.365,lower,0.07312500000000055,0.03874999999999962
2026-08-16 15:26:03.500,26.375,lower,-0.1693749999999994,-0.12937499999999935
2026-08-16 15:26:03.510,26.385,lower,0.04937500000000039,0.01687500000000064
2026-08-16 15:26:03.520,26.395,lower,-0.02562500000000023,-0.010000000000000009
2026-08-16 15:26:03.530,26.405,lower,-0.02562500000000023,-0.07312499999999944
2026-08-16 15:26:03.540,26.415,lower,0.07500000000000062,0.04249999999999976
2026-08-16 15:26:03.550,26.425,lower,-0.17000000000000015,-0.12249999999999983
2026-08-16 15:26:03.560,26.435,lower,0.06000000000000005,0.016249999999999876
2026-08-16 15:26:03.570,26.445,lower,-0.058749999999999636,-0.014374999999999805
2026-08-16 15:26:03.580,26.455,lower,-0.04937500000000039,-0.0593750000000004
2026-08-16 15:26:03.590,26.465,lower,0.07687499999999958,0.03937500000000038
2026-08-16 15:26:03.600,26.475,lower,-0.17000000000000015,-0.12249999999999983
2026-08-16 15:26:03.610,26.485,lower,0.056875000000000675,0.021250000000000435
2026-08-16 15:26:03.620,26.495,lower,-0.026874999999999538,-0.022499999999999742
2026-08-16 15:26:03.630,26.505,lower,-0.0187499999999996,-0.09937499999999932
2026-08-16 15:26:03.640,26.515,lower,0.07500000000000062,0.03874999999999962
2026-08-16 15:26:03.650,26.525,lower,-0.1793749999999994,-0.12812500000000004
2026-08-16 15:26:03.660,26.535,lower,0.0637500000000002,0.003750000000000142
2026-08-16 15:26:03.670,26.545,lower,-0.06249999999999978,-0.027500000000000302
2026-08-16 15:26:03.680,26.555,lower,-0.0462499999999999,-0.09312499999999946
2026-08-16 15:26:03.690,26.565,lower,0.06750000000000034,0.03562500000000024
2026-08-16 15:26:03.700,26.575,lower,-0.16625,-0.13249999999999984
2026-08-16 15:26:03.710,26.585,lower,0.055000000000000604,0.006875000000000631
2026-08-16 15:26:03.720,26.595,lower,-0.03437499999999982,-0.03562500000000024
2026-08-16 15:26:03.730,26.605,lower,-0.013750000000000151,-0.08187500000000014
2026-08-16 15:26:03.740,26.615,lower,0.07000000000000006,0.04062499999999969
2026-08-16 15:26:03.750,26.625,lower,-0.17187500000000022,-0.1318750000000002
2026-08-16 15:26:03.760,26.635,lower,0.04874999999999963,0.010624999999999662
2026-08-16 15:26:03.770,26.645,lower,-0.07000000000000006,-0.005625000000000213
2026-08-16 15:26:03.780,26.655,lower,-0.038124999999999964,-0.07312499999999944
2026-08-16 15:26:03.790,26.665,lower,0.07937500000000042,0.03687500000000066
2026-08-16 15:26:03.800,26.675,lower,-0.16437499999999994,-0.1343749999999999
2026-08-16 15:26:03.810,26.685,lower,0.0593750000000004,0.02062499999999967
2026-08-16 15:26:03.820,26.695,lower,-0.03874999999999962,-0.0187499999999996
2026-08-16 15:26:03.830,26.705,lower,-0.06750000000000034,-0.06312499999999943
2026-08-16 15:26:03.840,26.715,lower,0.07125000000000048,0.040000000000000036
2026-08-16 15:26:03.850,26.725,lower,-0.16874999999999973,-0.1275000000000004
2026-08-16 15:26:03.860,26.735,lower,0.046875000000000666,0.019375000000000364
2026-08-16 15:26:03.870,26.745,lower,-0.08000000000000007,-0.021249999999999325
2026-08-16 15:26:03.880,26.755,lower,-0.027500000000000302,-0.10000000000000009
2026-08-16 15:26:03.890,26.765,lower,0.07437499999999986,0.03750000000000031
2026-08-16 15:26:03.900,26.775,lower,-0.16000000000000014,-0.13375000000000026
2026-08-16 15:26:03.910,26.785,lower,0.06000000000000005,0.022499999999999742
2026-08-16 15:26:03.920,26.795,lower,-0.04874999999999963,-0.03249999999999975
2026-08-16 15:26:03.930,26.805,lower,-0.06124999999999936,-0.09312499999999946
2026-08-16 15:26:03.940,26.815,lower,0.07437499999999986,0.033125000000000515
2026-08-16 15:26:03.950,26.825,lower,-0.17000000000000015,-0.13000000000000012
2026-08-16 15:26:03.960,26.835,lower,0.04937500000000039,0.005625000000000213
2026-08-16 15:26:03.970,26.845,lower,-0.08187500000000014,-0.03937500000000038
2026-08-16 15:26:03.980,26.855,lower,-0.02375000000000016,-0.08187500000000014
2026-08-16 15:26:03.990,26.865,lower,0.07750000000000035,0.035000000000000586
2026-08-16 15:26:04.000,26.875,lower,-0.17437499999999995,-0.1318750000000002
2026-08-16 15:26:04.010,26.885,lower,0.06062499999999971,0.008749999999999591
2026-08-16 15:26:04.020,26.895,lower,-0.04812499999999997,-0.044999999999999485
2026-08-16 15:26:04.030,26.905,lower,-0.05312499999999942,-0.078125
2026-08-16 15:26:04.040,26.915,lower,0.06874999999999964,0.035000000000000586
2026-08-16 15:26:04.050,26.925,lower,-0.17249999999999988,-0.13687499999999964
2026-08-16 15:26:04.060,26.935,lower,0.056875000000000675,0.013750000000000151
2026-08-16 15:26:04.070,26.945,lower,-0.08687499999999959,-0.015625000000000222
2026-08-16 15:26:04.080,26.955,lower,-0.0187499999999996,-0.06750000000000034
2026-08-16 15:26:04.090,26.965,lower,0.07874999999999965,0.03562500000000024
2026-08-16 15:26:04.100,26.975,lower,-0.17124999999999946,-0.12562500000000032
2026-08-16 15:26:04.110,26.985,lower,0.06750000000000034,0.021250000000000435
2026-08-16 15:26:04.120,26.995,lower,-0.05312499999999942,-0.02187500000000009
2026-08-16 15:26:04.130,27.005,lower,-0.04437499999999983,-0.05812499999999998
2026-08-16 15:26:04.140,27.015,lower,0.07000000000000006,0.03375000000000017
2026-08-16 15:26:04.150,27.025,lower,-0.1606249999999998,-0.13562500000000033
2026-08-16 15:26:04.160,27.035,lower,0.05812499999999998,0.019375000000000364
2026-08-16 15:26:04.170,27.045,lower,-0.030000000000000027,-0.034999999999999476
2026-08-16 15:26:04.180,27.055,lower,-0.015625000000000222,-0.09750000000000036
2026-08-16 15:26:04.190,27.065,lower,0.07750000000000035,0.033125000000000515
2026-08-16 15:26:04.200,27.075,lower,-0.16687499999999966,-0.1375000000000004
2026-08-16 15:26:04.210,27.085,lower,0.07125000000000048,0.003750000000000142
2026-08-16 15:26:04.220,27.095,lower,-0.06124999999999936,-0.040000000000000036
2026-08-16 15:26:04.230,27.105,lower,-0.038124999999999964,-0.08687499999999959
2026-08-16 15:26:04.240,27.115,lower,0.08312500000000056,0.035000000000000586
2026-08-16 15:26:04.250,27.125,lower,-0.16437499999999994,-0.13499999999999956
2026-08-16 15:26:04.260,27.135,lower,0.058749999999999636,0.006249999999999867
2026-08-16 15:26:04.270,27.145,lower,-0.029375000000000373,-0.04562500000000025
2026-08-16 15:26:04.280,27.155,lower,-0.008749999999999591,-0.07750000000000035
2026-08-16 15:26:04.290,27.165,lower,0.08000000000000007,0.03624999999999989
2026-08-16 15:26:04.300,27.175,lower,-0.17124999999999946,-0.13687499999999964
2026-08-16 15:26:04.310,27.185,lower,0.06937500000000041,0.01187500000000008
2026-08-16 15:26:04.320,27.195,lower,-0.07124999999999937,-0.016249999999999876
2026-08-16 15:26:04.330,27.205,lower,-0.026249999999999885,-0.06812499999999999
2026-08-16 15:26:04.340,27.215,lower,0.08312500000000056,0.03375000000000017
2026-08-16 15:26:04.350,27.225,lower,-0.16249999999999987,-0.12937499999999935
2026-08-16 15:26:04.360,27.235,lower,0.06562500000000027,0.017500000000000293
2026-08-16 15:26:04.370,27.245,lower,-0.034999999999999476,-0.023124999999999396
2026-08-16 15:26:04.380,27.255,lower,-0.004999999999999449,-0.0649999999999995
2026-08-16 15:26:04.390,27.265,lower,0.07937500000000042,0.03562500000000024
2026-08-16 15:26:04.400,27.275,lower,-0.16562500000000036,-0.1318750000000002
2026-08-16 15:26:04.410,27.285,lower,0.053750000000000187,0.0187499999999996
2026-08-16 15:26:04.420,27.295,lower,-0.07124999999999937,-0.02874999999999961
2026-08-16 15:26:04.430,27.305,lower,-0.023124999999999396,-0.10000000000000009
2026-08-16 15:26:04.440,27.315,lower,0.07687499999999958,0.03249999999999975
2026-08-16 15:26:04.450,27.325,lower,-0.1531249999999995,-0.13562500000000033
2026-08-16 15:26:04.460,27.335,lower,0.06750000000000034,0.0012500000000004174
2026-08-16 15:26:04.470,27.345,lower,-0.044999999999999485,-0.03562500000000024
2026-08-16 15:26:04.480,27.355,lower,-0.05624999999999991,-0.09062499999999973
2026-08-16 15:26:04.490,27.365,lower,0.07500000000000062,0.03375000000000017
2026-08-16 15:26:04.500,27.375,lower,-0.16562500000000036,-0.14124999999999943
2026-08-16 15:26:04.510,27.385,lower,0.05750000000000033,0.006249999999999867
2026-08-16 15:26:04.520,27.395,lower,-0.0824999999999998,-0.053750000000000187
2026-08-16 15:26:04.530,27.405,lower,-0.02375000000000016,-0.07750000000000035
2026-08-16 15:26:04.540,27.415,lower,0.08375000000000021,0.03249999999999975
2026-08-16 15:26:04.550,27.425,lower,-0.15750000000000042,-0.13375000000000026
2026-08-16 15:26:04.560,27.435,lower,0.06500000000000061,0.016249999999999876
2026-08-16 15:26:04.570,27.445,lower,-0.04750000000000032,-0.017500000000000293
2026-08-16 15:26:04.580,27.455,lower,-0.04750000000000032,-0.06874999999999964
2026-08-16 15:26:04.590,27.465,lower,0.07562500000000028,0.03687500000000066
2026-08-16 15:26:04.600,27.475,lower,-0.16625,-0.13624999999999998
2026-08-16 15:26:04.610,27.485,lower,0.0593750000000004,0.015625000000000222
2026-08-16 15:26:04.620,27.495,lower,-0.08687499999999959,-0.023124999999999396
2026-08-16 15:26:04.630,27.505,lower,-0.013124999999999387,-0.0637500000000002
2026-08-16 15:26:04.640,27.515,lower,0.0824999999999998,0.03437499999999982
2026-08-16 15:26:04.650,27.525,lower,-0.1781250000000001,-0.1331249999999995
2026-08-16 15:26:04.660,27.535,lower,0.07062499999999972,0.012499999999999734
2026-08-16 15:26:04.670,27.545,lower,-0.053750000000000187,-0.027500000000000302
2026-08-16 15:26:04.680,27.555,lower,-0.04562500000000025,-0.10187500000000016
2026-08-16 15:26:04.690,27.565,lower,0.07437499999999986,0.03437499999999982
2026-08-16 15:26:04.700,27.575,lower,-0.16625,-0.1375000000000004
2026-08-16 15:26:04.710,27.585,lower,0.06000000000000005,0.025000000000000577
2026-08-16 15:26:04.720,27.595,lower,-0.02562500000000023,-0.03687499999999955
2026-08-16 15:26:04.730,27.605,lower,-0.013750000000000151,-0.09187500000000015
2026-08-16 15:26:04.740,27.615,lower,0.07624999999999993,0.0318750000000001
2026-08-16 15:26:04.750,27.625,lower,-0.16874999999999973,-0.13624999999999998
2026-08-16 15:26:04.760,27.635,lower,0.07062499999999972,0.0031250000000004885
2026-08-16 15:26:04.770,27.645,lower,-0.0637500000000002,-0.04874999999999963
2026-08-16 15:26:04.780,27.655,lower,-0.03750000000000031,-0.08375000000000021
2026-08-16 15:26:04.790,27.665,lower,0.07187500000000013,0.03437499999999982
2026-08-16 15:26:04.800,27.675,lower,-0.16312499999999952,-0.14124999999999943
2026-08-16 15:26:04.810,27.685,lower,0.06312500000000054,0.01187500000000008
2026-08-16 15:26:04.820,27.695,lower,-0.033124999999999405,-0.056874999999999565
2026-08-16 15:26:04.830,27.705,lower,-0.013124999999999387,-0.07312499999999944
2026-08-16 15:26:04.840,27.715,lower,0.07687499999999958,0.03750000000000031
2026-08-16 15:26:04.850,27.725,lower,-0.16750000000000043,-0.13562500000000033
2026-08-16 15:26:04.860,27.735,lower,0.06874999999999964,0.0187499999999996
2026-08-16 15:26:04.870,27.745,lower,-0.07062499999999972,-0.022499999999999742
2026-08-16 15:26:04.880,27.755,lower,-0.033124999999999405,-0.06687499999999957
2026-08-16 15:26:04.890,27.765,lower,0.07937500000000042,0.03624999999999989
2026-08-16 15:26:04.900,27.775,lower,-0.16437499999999994,-0.13124999999999942
2026-08-16 15:26:04.910,27.785,lower,0.05750000000000033,0.016249999999999876
2026-08-16 15:26:04.920,27.795,lower,-0.04437499999999983,-0.029375000000000373
2026-08-16 15:26:04.930,27.805,lower,-0.010624999999999662,-0.1012499999999994
2026-08-16 15:26:04.940,27.815,lower,0.07500000000000062,0.03249999999999975
2026-08-16 15:26:04.950,27.825,lower,-0.17249999999999988,-0.13249999999999984
2026-08-16 15:26:04.960,27.835,lower,0.04562500000000025,0.02562500000000023
2026-08-16 15:26:04.970,27.845,lower,-0.07624999999999993,-0.03437499999999982
2026-08-16 15:26:04.980,27.855,lower,-0.027500000000000302,-0.0924999999999998
2026-08-16 15:26:04.990,27.865,lower,0.07937500000000042,0.035000000000000586
2026-08-16 15:26:05.000,27.875,lower,-0.16124999999999945,-0.13687499999999964
2026-08-16 15:26:05.010,27.885,lower,0.0593750000000004,0.006249999999999867
2026-08-16 15:26:05.020,27.895,lower,-0.05124999999999935,-0.04249999999999976
2026-08-16 15:26:05.030,27.905,lower,-0.004374999999999796,-0.08624999999999994
2026-08-16 15:26:05.040,27.915,lower,0.06687500000000068,0.03624999999999989
2026-08-16 15:26:05.050,27.925,lower,-0.17625000000000002,-0.13624999999999998
2026-08-16 15:26:05.060,27.935,lower,0.0462499999999999,0.010000000000000009
2026-08-16 15:26:05.070,27.945,lower,-0.08812500000000001,-0.05124999999999935
2026-08-16 15:26:05.080,27.955,lower,-0.029375000000000373,-0.07312499999999944
2026-08-16 15:26:05.090,27.965,lower,0.07562500000000028,0.03624999999999989
2026-08-16 15:26:05.100,27.975,lower,-0.16437499999999994,-0.1375000000000004
2026-08-16 15:26:05.110,27.985,lower,0.06249999999999978,0.01687500000000064
2026-08-16 15:26:05.120,27.995,lower,-0.053750000000000187,-0.015625000000000222
2026-08-16 15:26:05.130,28.005,lower,-0.056874999999999565,-0.06249999999999978
2026-08-16 15:26:05.140,28.015,lower,0.06812499999999999,0.03375000000000017
2026-08-16 15:26:05.150,28.025,lower,-0.1749999999999996,-0.12937499999999935
2026-08-16 15:26:05.160,28.035,lower,0.053750000000000187,0.021250000000000435
2026-08-16 15:26:05.170,28.045,lower,-0.09812500000000002,-0.029375000000000373
2026-08-16 15:26:05.180,28.055,lower,-0.026249999999999885,-0.05624999999999991
2026-08-16 15:26:05.190,28.065,lower,0.07312500000000055,0.03562500000000024
2026-08-16 15:26:05.200,28.075,lower,-0.08812500000000001,-0.13624999999999998
2026-08-16 15:26:05.210,28.085,lower,0.05437499999999984,0.02375000000000016
2026-08-16 15:26:05.220,28.095,lower,-0.020000000000000018,-0.03624999999999989
2026-08-16 15:26:05.230,28.105,lower,-0.03562500000000024,-0.09437499999999988
2026-08-16 15:26:05.240,28.115,lower,0.05624999999999991,0.033125000000000515
2026-08-16 15:26:05.250,28.125,lower,-0.09874999999999967,-0.14249999999999985
2026-08-16 15:26:05.260,28.135,lower,0.038124999999999964,0.0024999999999997247
2026-08-16 15:26:05.270,28.145,lower,-0.04437499999999983,-0.04062499999999969
2026-08-16 15:26:05.280,28.155,lower,-0.014999999999999458,-0.08499999999999952
2026-08-16 15:26:05.290,28.165,lower,0.05312500000000053,0.031250000000000444
2026-08-16 15:26:05.300,28.175,lower,-0.10312499999999947,-0.13624999999999998
2026-08-16 15:26:05.310,28.185,lower,0.04125000000000045,0.006875000000000631
2026-08-16 15:26:05.320,28.195,lower,-0.029375000000000373,-0.04937500000000039
2026-08-16 15:26:05.330,28.205,lower,-0.031249999999999334,-0.07687499999999958
2026-08-16 15:26:05.340,28.215,lower,0.045000000000000595,0.035000000000000586
2026-08-16 15:26:05.350,28.225,lower,-0.10375000000000023,-0.13937499999999936
2026-08-16 15:26:05.360,28.235,lower,0.03687500000000066,0.013750000000000151
2026-08-16 15:26:05.370,28.245,lower,-0.010000000000000009,-0.02062499999999967
2026-08-16 15:26:05.380,28.255,lower,-0.018124999999999947,-0.07187500000000013
2026-08-16 15:26:05.390,28.265,lower,0.04562500000000025,0.038124999999999964
2026-08-16 15:26:05.400,28.275,lower,-0.10687499999999961,-0.14375000000000027
2026-08-16 15:26:05.410,28.285,lower,0.03937500000000038,0.017500000000000293
2026-08-16 15:26:05.420,28.295,lower,-0.03562500000000024,-0.024999999999999467
2026-08-16 15:26:05.430,28.305,lower,-0.038124999999999964,-0.05812499999999998
2026-08-16 15:26:05.440,28.315,lower,0.03687500000000066,0.035000000000000586
2026-08-16 15:26:05.450,28.325,lower,-0.10812500000000003,-0.1387499999999997
2026-08-16 15:26:05.460,28.335,lower,0.03249999999999975,0.025000000000000577
2026-08-16 15:26:05.470,28.345,lower,-0.02062499999999967,-0.03249999999999975
2026-08-16 15:26:05.480,28.355,lower,-0.018124999999999947,-0.0968749999999996
2026-08-16 15:26:05.490,28.365,lower,0.03937500000000038,0.0318750000000001
2026-08-16 15:26:05.500,28.375,lower,-0.1100000000000001,-0.14000000000000012
2026-08-16 15:26:05.510,28.385,lower,0.03937500000000038,0.026249999999999885
2026-08-16 15:26:05.520,28.395,lower,-0.046874999999999556,-0.043124999999999414
2026-08-16 15:26:05.530,28.405,lower,-0.03874999999999962,-0.08562500000000028
2026-08-16 15:26:05.540,28.415,lower,0.04562500000000025,0.03437499999999982
2026-08-16 15:26:05.550,28.425,lower,-0.10874999999999968,-0.13812500000000005
2026-08-16 15:26:05.560,28.435,lower,0.0318750000000001,0.011250000000000426
2026-08-16 15:26:05.570,28.445,lower,-0.026874999999999538,-0.04874999999999963
2026-08-16 15:26:05.580,28.455,lower,-0.0187499999999996,-0.07624999999999993
2026-08-16 15:26:05.590,28.465,lower,0.03687500000000066,0.03874999999999962
2026-08-16 15:26:05.600,28.475,lower,-0.1112499999999994,-0.1375000000000004
2026-08-16 15:26:05.610,28.485,lower,0.018124999999999947,0.013125000000000497
2026-08-16 15:26:05.620,28.495,lower,-0.053750000000000187,-0.06000000000000005
2026-08-16 15:26:05.630,28.505,lower,-0.034999999999999476,-0.06812499999999999
2026-08-16 15:26:05.640,28.515,lower,0.03562500000000024,0.03249999999999975
2026-08-16 15:26:05.650,28.525,lower,-0.11562500000000031,-0.14375000000000027
2026-08-16 15:26:05.660,28.535,lower,0.026249999999999885,0.0187499999999996
2026-08-16 15:26:05.670,28.545,lower,-0.034999999999999476,-0.028124999999999956
2026-08-16 15:26:05.680,28.555,lower,-0.017500000000000293,-0.06000000000000005
2026-08-16 15:26:05.690,28.565,lower,0.033125000000000515,0.03562500000000024
2026-08-16 15:26:05.700,28.575,lower,-0.1200000000000001,-0.13499999999999956
2026-08-16 15:26:05.710,28.585,lower,0.019375000000000364,0.025000000000000577
2026-08-16 15:26:05.720,28.595,lower,-0.05750000000000033,-0.029375000000000373
2026-08-16 15:26:05.730,28.605,lower,-0.03437499999999982,-0.05249999999999977
2026-08-16 15:26:05.740,28.615,lower,0.03437499999999982,0.03874999999999962
2026-08-16 15:26:05.750,28.625,lower,-0.10874999999999968,-0.1431249999999995
2026-08-16 15:26:05.760,28.635,lower,0.026249999999999885,0.028124999999999956
2026-08-16 15:26:05.770,28.645,lower,-0.03562500000000024,-0.04187500000000011
2026-08-16 15:26:05.780,28.655,lower,-0.05624999999999991,-0.09000000000000008
2026-08-16 15:26:05.790,28.665,lower,0.0318750000000001,0.031250000000000444
2026-08-16 15:26:05.800,28.675,lower,-0.11499999999999955,-0.1387499999999997
2026-08-16 15:26:05.810,28.685,lower,0.023125000000000506,0.004374999999999796
2026-08-16 15:26:05.820,28.695,lower,-0.061875000000000124,-0.050000000000000044
2026-08-16 15:26:05.830,28.705,lower,-0.03375000000000017,-0.08000000000000007
2026-08-16 15:26:05.840,28.715,lower,0.03687500000000066,0.038124999999999964
2026-08-16 15:26:05.850,28.725,lower,-0.1200000000000001,-0.1387499999999997
2026-08-16 15:26:05.860,28.735,lower,0.02687500000000065,0.013125000000000497
2026-08-16 15:26:05.870,28.745,lower,-0.043124999999999414,-0.05624999999999991
2026-08-16 15:26:05.880,28.755,lower,-0.05249999999999977,-0.07187500000000013
2026-08-16 15:26:05.890,28.765,lower,0.02874999999999961,0.03687500000000066
2026-08-16 15:26:05.900,28.775,lower,-0.11687499999999962,-0.1418750000000002
2026-08-16 15:26:05.910,28.785,lower,0.020000000000000018,0.018124999999999947
2026-08-16 15:26:05.920,28.795,lower,-0.06750000000000034,-0.024374999999999813
2026-08-16 15:26:05.930,28.805,lower,-0.030000000000000027,-0.06312499999999943
2026-08-16 15:26:05.940,28.815,lower,0.038124999999999964,0.03624999999999989
2026-08-16 15:26:05.950,28.825,lower,-0.1200000000000001,-0.14062499999999978
2026-08-16 15:26:05.960,28.835,lower,0.02874999999999961,0.017500000000000293
2026-08-16 15:26:05.970,28.845,lower,-0.04937500000000039,-0.030000000000000027
2026-08-16 15:26:05.980,28.855,lower,-0.04812499999999997,-0.05249999999999977
2026-08-16 15:26:05.990,28.865,lower,0.033125000000000515,0.03437499999999982
2026-08-16 15:26:06.000,28.875,lower,-0.11750000000000038,-0.13812500000000005
2026-08-16 15:26:06.010,28.885,lower,0.02062499999999967,0.02562500000000023
2026-08-16 15:26:06.020,28.895,lower,-0.029375000000000373,-0.04249999999999976
2026-08-16 15:26:06.030,28.905,lower,-0.03062499999999968,-0.0924999999999998
2026-08-16 15:26:06.040,28.915,lower,0.033125000000000515,0.03437499999999982
2026-08-16 15:26:06.050,28.925,lower,-0.11562500000000031,-0.1387499999999997
2026-08-16 15:26:06.060,28.935,lower,0.027500000000000302,0.0031250000000004885
2026-08-16 15:26:06.070,28.945,lower,-0.0506249999999997,-0.04437499999999983
2026-08-16 15:26:06.080,28.955,lower,-0.04187500000000011,-0.08812500000000001
2026-08-16 15:26:06.090,28.965,lower,0.03624999999999989,0.02562500000000023
2026-08-16 15:26:06.100,28.975,lower,-0.11499999999999955,-0.14000000000000012
2026-08-16 15:26:06.110,28.985,lower,0.027500000000000302,0.008124999999999938
2026-08-16 15:26:06.120,28.995,lower,-0.03375000000000017,-0.06000000000000005
2026-08-16 15:26:06.130,29.005,lower,-0.026249999999999885,-0.07437499999999986
2026-08-16 15:26:06.140,29.015,lower,0.03249999999999975,0.03249999999999975
2026-08-16 15:26:06.150,29.025,lower,-0.12124999999999941,-0.14499999999999957
2026-08-16 15:26:06.160,29.035,lower,0.031250000000000444,0.014374999999999805
2026-08-16 15:26:06.170,29.045,lower,-0.05562500000000026,-0.026874999999999538
2026-08-16 15:26:06.180,29.055,lower,-0.044999999999999485,-0.06624999999999992
2026-08-16 15:26:06.190,29.065,lower,0.035000000000000586,0.03437499999999982
2026-08-16 15:26:06.200,29.075,lower,-0.11375000000000024,-0.1418750000000002
2026-08-16 15:26:06.210,29.085,lower,0.024374999999999813,0.02187500000000009
2026-08-16 15:26:06.220,29.095,lower,-0.03562500000000024,-0.03375000000000017
2026-08-16 15:26:06.230,29.105,lower,-0.024374999999999813,-0.053750000000000187
2026-08-16 15:26:06.240,29.115,lower,0.03375000000000017,0.03062499999999968
2026-08-16 15:26:06.250,29.125,lower,-0.11499999999999955,-0.14625
2026-08-16 15:26:06.260,29.135,lower,0.020000000000000018,0.02062499999999967
2026-08-16 15:26:06.270,29.145,lower,-0.061875000000000124,-0.04249999999999976
2026-08-16 15:26:06.280,29.155,lower,-0.03624999999999989,-0.09437499999999988
2026-08-16 15:26:06.290,29.165,lower,0.03750000000000031,0.029375000000000373
2026-08-16 15:26:06.300,29.175,lower,-0.11375000000000024,-0.14375000000000027
2026-08-16 15:26:06.310,29.185,lower,0.02874999999999961,0.024374999999999813
2026-08-16 15:26:06.320,29.195,lower,-0.03937500000000038,-0.0506249999999997
2026-08-16 15:26:06.330,29.205,lower,-0.054999999999999494,-0.08624999999999994
2026-08-16 15:26:06.340,29.215,lower,0.03437499999999982,0.03062499999999968
2026-08-16 15:26:06.350,29.225,lower,-0.11812500000000004,-0.14124999999999943
2026-08-16 15:26:06.360,29.235,lower,0.018124999999999947,0.009375000000000355
2026-08-16 15:26:06.370,29.245,lower,-0.06437499999999985,-0.05750000000000033
2026-08-16 15:26:06.380,29.255,lower,-0.033124999999999405,-0.07937500000000042
2026-08-16 15:26:06.390,29.265,lower,0.030000000000000027,0.03249999999999975
2026-08-16 15:26:06.400,29.275,lower,-0.1112499999999994,-0.14437499999999992
2026-08-16 15:26:06.410,29.285,lower,0.02687500000000065,0.010000000000000009
2026-08-16 15:26:06.420,29.295,lower,-0.04874999999999963,-0.06750000000000034
2026-08-16 15:26:06.430,29.305,lower,-0.05312499999999942,-0.06812499999999999
2026-08-16 15:26:06.440,29.315,lower,0.02375000000000016,0.03249999999999975
2026-08-16 15:26:06.450,29.325,lower,-0.11499999999999955,-0.14249999999999985
2026-08-16 15:26:06.460,29.335,lower,0.02687500000000065,0.013750000000000151
2026-08-16 15:26:06.470,29.345,lower,-0.06937500000000041,-0.027500000000000302
2026-08-16 15:26:06.480,29.355,lower,-0.034999999999999476,-0.06249999999999978
2026-08-16 15:26:06.490,29.365,lower,0.03562500000000024,0.033125000000000515
2026-08-16 15:26:06.500,29.375,lower,-0.11624999999999996,-0.13937499999999936
2026-08-16 15:26:06.510,29.385,lower,0.03062499999999968,0.018124999999999947
2026-08-16 15:26:06.520,29.395,lower,-0.04750000000000032,-0.040000000000000036
2026-08-16 15:26:06.530,29.405,lower,-0.046874999999999556,-0.04937500000000039
2026-08-16 15:26:06.540,29.415,lower,0.031250000000000444,0.029375000000000373
2026-08-16 15:26:06.550,29.425,lower,-0.11562500000000031,-0.1475000000000004
2026-08-16 15:26:06.560,29.435,lower,0.025000000000000577,0.026249999999999885
2026-08-16 15:26:06.570,29.445,lower,-0.033124999999999405,-0.051875000000000115
2026-08-16 15:26:06.580,29.455,lower,-0.027500000000000302,-0.09000000000000008
2026-08-16 15:26:06.590,29.465,lower,0.038124999999999964,0.027500000000000302
2026-08-16 15:26:06.600,29.475,lower,-0.11874999999999969,-0.14499999999999957
2026-08-16 15:26:06.610,29.485,lower,0.029375000000000373,0.006249999999999867
2026-08-16 15:26:06.620,29.495,lower,-0.05437499999999984,-0.06062499999999971
2026-08-16 15:26:06.630,29.505,lower,-0.04187500000000011,-0.0824999999999998
2026-08-16 15:26:06.640,29.515,lower,0.027500000000000302,0.0318750000000001
2026-08-16 15:26:06.650,29.525,lower,-0.11750000000000038,-0.14499999999999957
2026-08-16 15:26:06.660,29.535,lower,0.024374999999999813,0.010624999999999662
2026-08-16 15:26:06.670,29.545,lower,-0.033124999999999405,-0.06687499999999957
2026-08-16 15:26:06.680,29.555,lower,-0.022499999999999742,-0.07312499999999944
2026-08-16 15:26:06.690,29.565,lower,0.033125000000000515,0.03062499999999968
2026-08-16 15:26:06.700,29.575,lower,-0.11874999999999969,-0.14437499999999992
2026-08-16 15:26:06.710,29.585,lower,0.035000000000000586,0.013750000000000151
2026-08-16 15:26:06.720,29.595,lower,-0.0593750000000004,-0.0318750000000001
2026-08-16 15:26:06.730,29.605,lower,-0.03624999999999989,-0.061875000000000124
2026-08-16 15:26:06.740,29.615,lower,0.03375000000000017,0.030000000000000027
2026-08-16 15:26:06.750,29.625,lower,-0.1143749999999999,-0.1431249999999995
2026-08-16 15:26:06.760,29.635,lower,0.029375000000000373,0.0187499999999996
2026-08-16 15:26:06.770,29.645,lower,-0.034999999999999476,-0.03874999999999962
2026-08-16 15:26:06.780,29.655,lower,-0.02562500000000023,-0.05562500000000026
2026-08-16 15:26:06.790,29.665,lower,0.029375000000000373,0.030000000000000027
2026-08-16 15:26:06.800,29.675,lower,-0.11562500000000031,-0.1431249999999995
2026-08-16 15:26:06.810,29.685,lower,0.03562500000000024,0.025000000000000577
2026-08-16 15:26:06.820,29.695,lower,-0.05812499999999998,-0.0506249999999997
2026-08-16 15:26:06.830,29.705,lower,-0.03937500000000038,-0.09312499999999946
2026-08-16 15:26:06.840,29.715,lower,0.03562500000000024,0.03062499999999968
2026-08-16 15:26:06.850,29.725,lower,-0.11187500000000017,-0.14437499999999992
2026-08-16 15:26:06.860,29.735,lower,0.027500000000000302,0.006875000000000631
2026-08-16 15:26:06.870,29.745,lower,-0.04187500000000011,-0.05624999999999991
2026-08-16 15:26:06.880,29.755,lower,-0.019375000000000364,-0.08312499999999945
2026-08-16 15:26:06.890,29.765,lower,0.02687500000000065,0.02187500000000009
2026-08-16 15:26:06.900,29.775,lower,-0.11874999999999969,-0.14812500000000006
2026-08-16 15:26:06.910,29.785,lower,0.01687500000000064,0.009375000000000355
2026-08-16 15:26:06.920,29.795,lower,-0.06812499999999999,-0.07062499999999972
2026-08-16 15:26:06.930,29.805,lower,-0.04124999999999934,-0.07312499999999944
2026-08-16 15:26:06.940,29.815,lower,0.03437499999999982,0.03062499999999968
2026-08-16 15:26:06.950,29.825,lower,-0.11187500000000017,-0.14625
2026-08-16 15:26:06.960,29.835,lower,0.02375000000000016,0.013750000000000151
2026-08-16 15:26:06.970,29.845,lower,-0.0462499999999999,-0.030000000000000027
2026-08-16 15:26:06.980,29.855,lower,-0.05437499999999984,-0.06312499999999943
2026-08-16 15:26:06.990,29.865,lower,0.02687500000000065,0.029375000000000373
2026-08-16 15:26:07.000,29.875,lower,-0.11750000000000038,-0.14437499999999992
2026-08-16 15:26:07.010,29.885,lower,0.02062499999999967,0.017500000000000293
2026-08-16 15:26:07.020,29.895,lower,-0.06812499999999999,-0.04249999999999976
2026-08-16 15:26:07.030,29.905,lower,-0.031249999999999334,-0.05437499999999984
2026-08-16 15:26:07.040,29.915,lower,0.0318750000000001,0.027500000000000302
2026-08-16 15:26:07.050,29.925,lower,-0.1143749999999999,-0.14687499999999964
2026-08-16 15:26:07.060,29.935,lower,0.03062499999999968,0.019375000000000364
2026-08-16 15:26:07.070,29.945,lower,-0.04937500000000039,-0.04750000000000032
2026-08-16 15:26:07.080,29.955,lower,-0.050000000000000044,-0.09499999999999953
2026-08-16 15:26:07.090,29.965,lower,0.02874999999999961,0.02874999999999961
2026-08-16 15:26:07.100,29.975,lower,-0.11812500000000004,-0.14625
2026-08-16 15:26:07.110,29.985,lower,0.021250000000000435,0.021250000000000435
2026-08-16 15:26:07.120,29.995,lower,-0.06874999999999964,-0.05562500000000026
2026-08-16 15:26:07.130,30.005,lower,-0.03062499999999968,-0.08312499999999945
2026-08-16 15:26:07.140,30.015,lower,0.025000000000000577,0.024374999999999813
2026-08-16 15:26:07.150,30.025,lower,-0.12124999999999941,-0.14499999999999957
2026-08-16 15:26:07.160,30.035,lower,0.026249999999999885,0.007500000000000284
2026-08-16 15:26:07.170,30.045,lower,-0.058749999999999636,-0.06437499999999985
2026-08-16 15:26:07.180,30.055,lower,-0.04750000000000032,-0.07624999999999993
2026-08-16 15:26:07.190,30.065,lower,0.021250000000000435,0.03375000000000017
2026-08-16 15:26:07.200,30.075,lower,-0.1200000000000001,-0.14874999999999972
2026-08-16 15:26:07.210,30.085,lower,0.026249999999999885,0.012499999999999734
2026-08-16 15:26:07.220,30.095,lower,-0.040000000000000036,-0.07750000000000035
2026-08-16 15:26:07.230,30.105,lower,-0.028124999999999956,-0.0649999999999995
2026-08-16 15:26:07.240,30.115,lower,0.03375000000000017,0.03249999999999975
2026-08-16 15:26:07.250,30.125,lower,-0.12062499999999976,-0.14687499999999964
2026-08-16 15:26:07.260,30.135,lower,0.028124999999999956,0.018124999999999947
2026-08-16 15:26:07.270,30.145,lower,-0.06062499999999971,-0.03874999999999962
2026-08-16 15:26:07.280,30.155,lower,-0.04437499999999983,-0.05812499999999998
2026-08-16 15:26:07.290,30.165,lower,0.03062499999999968,0.03375000000000017
2026-08-16 15:26:07.300,30.175,lower,-0.11812500000000004,-0.14687499999999964
2026-08-16 15:26:07.310,30.185,lower,0.0187499999999996,0.023125000000000506
2026-08-16 15:26:07.320,30.195,lower,-0.043124999999999414,-0.046874999999999556
2026-08-16 15:26:07.330,30.205,lower,-0.02562500000000023,-0.09874999999999967
2026-08-16 15:26:07.340,30.215,lower,0.026249999999999885,0.033125000000000515
2026-08-16 15:26:07.350,30.225,lower,-0.12624999999999997,-0.1475000000000004
2026-08-16 15:26:07.360,30.235,lower,0.02562500000000023,0.026249999999999885
2026-08-16 15:26:07.370,30.245,lower,-0.06874999999999964,-0.05249999999999977
2026-08-16 15:26:07.380,30.255,lower,-0.04062499999999969,-0.08812500000000001
2026-08-16 15:26:07.390,30.265,lower,0.02874999999999961,0.023125000000000506
2026-08-16 15:26:07.400,30.275,lower,-0.12375000000000025,-0.14937499999999937
2026-08-16 15:26:07.410,30.285,lower,0.025000000000000577,0.005625000000000213
2026-08-16 15:26:07.420,30.295,lower,-0.04562500000000025,-0.06874999999999964
2026-08-16 15:26:07.430,30.305,lower,-0.02874999999999961,-0.07437499999999986
2026-08-16 15:26:07.440,30.315,lower,0.022499999999999742,0.03375000000000017
2026-08-16 15:26:07.450,30.325,lower,-0.12375000000000025,-0.14375000000000027
2026-08-16 15:26:07.460,30.335,lower,0.01187500000000008,0.013750000000000151
2026-08-16 15:26:07.470,30.345,lower,-0.06937500000000041,-0.07187500000000013
2026-08-16 15:26:07.480,30.355,lower,-0.04249999999999976,-0.06562500000000027
2026-08-16 15:26:07.490,30.365,lower,0.025000000000000577,0.03062499999999968
2026-08-16 15:26:07.500,30.375,lower,-0.11937499999999934,-0.14625
2026-08-16 15:26:07.510,30.385,lower,0.021250000000000435,0.020000000000000018
2026-08-16 15:26:07.520,30.395,lower,-0.056874999999999565,-0.03750000000000031
2026-08-16 15:26:07.530,30.405,lower,-0.024374999999999813,-0.05624999999999991
2026-08-16 15:26:07.540,30.415,lower,0.018124999999999947,0.03249999999999975
2026-08-16 15:26:07.550,30.425,lower,-0.12812500000000004,-0.1418750000000002
2026-08-16 15:26:07.560,30.435,lower,0.011250000000000426,0.020000000000000018
2026-08-16 15:26:07.570,30.445,lower,-0.0824999999999998,-0.04187500000000011
2026-08-16 15:26:07.580,30.455,lower,-0.04124999999999934,-0.050000000000000044
2026-08-16 15:26:07.590,30.465,lower,0.02562500000000023,0.03249999999999975
2026-08-16 15:26:07.600,30.475,lower,-0.12312499999999948,-0.1475000000000004
2026-08-16 15:26:07.610,30.485,lower,0.01687500000000064,0.025000000000000577
2026-08-16 15:26:07.620,30.495,lower,-0.058749999999999636,-0.05562500000000026
2026-08-16 15:26:07.630,30.505,lower,-0.05812499999999998,-0.08687499999999959
2026-08-16 15:26:07.640,30.515,lower,0.015625000000000222,0.03062499999999968
2026-08-16 15:26:07.650,30.525,lower,-0.12687499999999963,-0.14812500000000006
2026-08-16 15:26:07.660,30.535,lower,0.009375000000000355,0.006875000000000631
2026-08-16 15:26:07.670,30.545,lower,-0.08562500000000028,-0.06437499999999985
2026-08-16 15:26:07.680,30.555,lower,-0.03437499999999982,-0.07937500000000042
2026-08-16 15:26:07.690,30.565,lower,0.022499999999999742,0.025000000000000577
2026-08-16 15:26:07.700,30.575,lower,-0.13375000000000026,-0.14687499999999964
2026-08-16 15:26:07.710,30.585,lower,0.019375000000000364,0.013750000000000151
2026-08-16 15:26:07.720,30.595,lower,-0.06124999999999936,-0.07187500000000013
2026-08-16 15:26:07.730,30.605,lower,-0.050000000000000044,-0.07124999999999937
2026-08-16 15:26:07.740,30.615,lower,0.01687500000000064,0.03562500000000024
2026-08-16 15:26:07.750,30.625,lower,-0.12687499999999963,-0.1506249999999998
2026-08-16 15:26:07.760,30.635,lower,0.015625000000000222,0.014374999999999805
2026-08-16 15:26:07.770,30.645,lower,-0.08812500000000001,-0.034999999999999476
2026-08-16 15:26:07.780,30.655,lower,-0.03750000000000031,-0.05624999999999991
2026-08-16 15:26:07.790,30.665,lower,0.021250000000000435,0.027500000000000302
2026-08-16 15:26:07.800,30.675,lower,-0.13124999999999942,-0.14499999999999957
2026-08-16 15:26:07.810,30.685,lower,0.019375000000000364,0.022499999999999742
2026-08-16 15:26:07.820,30.695,lower,-0.06874999999999964,-0.0462499999999999
2026-08-16 15:26:07.830,30.705,lower,-0.051875000000000115,-0.050000000000000044
2026-08-16 15:26:07.840,30.715,lower,0.01187500000000008,0.03062499999999968
2026-08-16 15:26:07.850,30.725,lower,-0.1243749999999999,-0.14937499999999937
2026-08-16 15:26:07.860,30.735,lower,0.016249999999999876,0.02187500000000009
2026-08-16 15:26:07.870,30.745,lower,-0.04937500000000039,-0.0506249999999997
2026-08-16 15:26:07.880,30.755,lower,-0.03249999999999975,-0.09375000000000022
2026-08-16 15:26:07.890,30.765,lower,0.02375000000000016,0.024374999999999813
2026-08-16 15:26:07.900,30.775,lower,-0.12812500000000004,-0.1531249999999995
2026-08-16 15:26:07.910,30.785,lower,0.019375000000000364,0.026249999999999885
2026-08-16 15:26:07.920,30.795,lower,-0.07562500000000028,-0.06624999999999992
2026-08-16 15:26:07.930,30.805,lower,-0.04812499999999997,-0.078125
2026-08-16 15:26:07.940,30.815,lower,0.02062499999999967,0.02562500000000023
2026-08-16 15:26:07.950,30.825,lower,-0.12312499999999948,-0.15000000000000013
2026-08-16 15:26:07.960,30.835,lower,0.014374999999999805,0.009375000000000355
2026-08-16 15:26:07.970,30.845,lower,-0.05249999999999977,-0.07062499999999972
2026-08-16 15:26:07.980,30.855,lower,-0.026249999999999885,-0.07437499999999986
2026-08-16 15:26:07.990,30.865,lower,0.021250000000000435,0.033125000000000515
2026-08-16 15:26:08.000,30.875,lower,-0.12562500000000032,-0.14562500000000034
2026-08-16 15:26:08.010,30.885,lower,0.021250000000000435,0.010624999999999662
2026-08-16 15:26:08.020,30.895,lower,-0.07624999999999993,-0.08375000000000021
2026-08-16 15:26:08.030,30.905,lower,-0.04375000000000018,-0.06249999999999978
2026-08-16 15:26:08.040,30.915,lower,0.02187500000000009,0.026249999999999885
2026-08-16 15:26:08.050,30.925,lower,-0.1275000000000004,-0.15000000000000013
2026-08-16 15:26:08.060,30.935,lower,0.016249999999999876,0.021250000000000435
2026-08-16 15:26:08.070,30.945,lower,-0.054999999999999494,-0.04437499999999983
2026-08-16 15:26:08.080,30.955,lower,-0.030000000000000027,-0.05437499999999984
2026-08-16 15:26:08.090,30.965,lower,0.020000000000000018,0.029375000000000373
2026-08-16 15:26:08.100,30.975,lower,-0.13062499999999977,-0.14687499999999964
2026-08-16 15:26:08.110,30.985,lower,0.007500000000000284,0.02562500000000023
2026-08-16 15:26:08.120,30.995,lower,-0.07624999999999993,-0.05249999999999977
2026-08-16 15:26:08.130,31.005,lower,-0.03937500000000038,-0.04437499999999983
2026-08-16 15:26:08.140,31.015,lower,0.019375000000000364,0.022499999999999742
2026-08-16 15:26:08.150,31.025,lower,-0.11937499999999934,-0.1531249999999995
2026-08-16 15:26:08.160,31.035,lower,0.019375000000000364,0.024374999999999813
2026-08-16 15:26:08.170,31.045,lower,-0.061875000000000124,-0.06124999999999936
2026-08-16 15:26:08.180,31.055,lower,-0.06312499999999943,-0.08812500000000001
2026-08-16 15:26:08.190,31.065,lower,0.012499999999999734,0.019375000000000364
2026-08-16 15:26:08.200,31.075,lower,-0.12687499999999963,-0.15124999999999944
2026-08-16 15:26:08.210,31.085,lower,0.016249999999999876,0.006249999999999867
2026-08-16 15:26:08.220,31.095,lower,-0.08812500000000001,-0.07499999999999951
2026-08-16 15:26:08.230,31.105,lower,-0.04187500000000011,-0.07249999999999979
2026-08-16 15:26:08.240,31.115,lower,0.026249999999999885,0.02874999999999961
2026-08-16 15:26:08.250,31.125,lower,-0.12375000000000025,-0.14625
2026-08-16 15:26:08.260,31.135,lower,0.019375000000000364,0.014374999999999805
2026-08-16 15:26:08.270,31.145,lower,-0.061875000000000124,-0.08375000000000021
2026-08-16 15:26:08.280,31.155,lower,-0.05624999999999991,-0.06687499999999957
2026-08-16 15:26:08.290,31.165,lower,0.021250000000000435,0.02874999999999961
2026-08-16 15:26:08.300,31.175,lower,-0.12312499999999948,-0.14937499999999937
2026-08-16 15:26:08.310,31.185,lower,0.013750000000000151,0.014374999999999805
2026-08-16 15:26:08.320,31.195,lower,-0.08437499999999987,-0.04375000000000018
2026-08-16 15:26:08.330,31.205,lower,-0.031249999999999334,-0.05750000000000033
2026-08-16 15:26:08.340,31.215,lower,0.022499999999999742,0.028124999999999956
2026-08-16 15:26:08.350,31.225,lower,-0.1343749999999999,-0.14937499999999937
2026-08-16 15:26:08.360,31.235,lower,0.02187500000000009,0.015625000000000222
2026-08-16 15:26:08.370,31.245,lower,-0.06937500000000041,-0.0506249999999997
2026-08-16 15:26:08.380,31.255,lower,-0.046874999999999556,-0.046874999999999556
2026-08-16 15:26:08.390,31.265,lower,0.015625000000000222,0.022499999999999742
2026-08-16 15:26:08.400,31.275,lower,-0.1275000000000004,-0.15625
2026-08-16 15:26:08.410,31.285,lower,0.018124999999999947,0.024374999999999813
2026-08-16 15:26:08.420,31.295,lower,-0.0462499999999999,-0.06312499999999943
2026-08-16 15:26:08.430,31.305,lower,-0.034999999999999476,-0.08812500000000001
2026-08-16 15:26:08.440,31.315,lower,0.02187500000000009,0.022499999999999742
2026-08-16 15:26:08.450,31.325,lower,-0.12624999999999997,-0.15249999999999986
2026-08-16 15:26:08.460,31.335,lower,0.02687500000000065,0.005625000000000213
2026-08-16 15:26:08.470,31.345,lower,-0.06750000000000034,-0.07187500000000013
2026-08-16 15:26:08.480,31.355,lower,-0.04375000000000018,-0.07874999999999965
2026-08-16 15:26:08.490,31.365,lower,0.015625000000000222,0.018124999999999947
2026-08-16 15:26:08.500,31.375,lower,-0.11750000000000038,-0.15750000000000042
2026-08-16 15:26:08.510,31.385,lower,0.024374999999999813,0.012499999999999734
2026-08-16 15:26:08.520,31.395,lower,-0.051875000000000115,-0.08812500000000001
2026-08-16 15:26:08.530,31.405,lower,-0.026249999999999885,-0.0737500000000002
2026-08-16 15:26:08.540,31.415,lower,0.023125000000000506,0.02874999999999961
2026-08-16 15:26:08.550,31.425,lower,-0.1275000000000004,-0.15124999999999944
2026-08-16 15:26:08.560,31.435,lower,0.03062499999999968,0.013750000000000151
2026-08-16 15:26:08.570,31.445,lower,-0.07624999999999993,-0.044999999999999485
2026-08-16 15:26:08.580,31.455,lower,-0.04124999999999934,-0.06000000000000005
2026-08-16 15:26:08.590,31.465,lower,0.029375000000000373,0.021250000000000435
2026-08-16 15:26:08.600,31.475,lower,-0.1200000000000001,-0.14812500000000006
2026-08-16 15:26:08.610,31.485,lower,0.021250000000000435,0.016249999999999876
2026-08-16 15:26:08.620,31.495,lower,-0.051875000000000115,-0.054999999999999494
2026-08-16 15:26:08.630,31.505,lower,-0.02375000000000016,-0.056874999999999565
2026-08-16 15:26:08.640,31.515,lower,0.02062499999999967,0.021250000000000435
2026-08-16 15:26:08.650,31.525,lower,-0.12062499999999976,-0.15499999999999958
2026-08-16 15:26:08.660,31.535,lower,0.013750000000000151,0.016249999999999876
2026-08-16 15:26:08.670,31.545,lower,-0.07624999999999993,-0.06687499999999957
2026-08-16 15:26:08.680,31.555,lower,-0.034999999999999476,-0.0924999999999998
2026-08-16 15:26:08.690,31.565,lower,0.025000000000000577,0.019375000000000364
2026-08-16 15:26:08.700,31.575,lower,-0.12249999999999983,-0.15499999999999958
2026-08-16 15:26:08.710,31.585,lower,0.026249999999999885,0.021250000000000435
2026-08-16 15:26:08.720,31.595,lower,-0.05562500000000026,-0.07249999999999979
2026-08-16 15:26:08.730,31.605,lower,-0.01687499999999953,-0.08687499999999959
2026-08-16 15:26:08.740,31.615,lower,0.02187500000000009,0.01687500000000064
2026-08-16 15:26:08.750,31.625,lower,-0.1243749999999999,-0.15562500000000035
2026-08-16 15:26:08.760,31.635,lower,0.017500000000000293,0.006875000000000631
2026-08-16 15:26:08.770,31.645,lower,-0.07937500000000042,-0.08187500000000014
2026-08-16 15:26:08.780,31.655,lower,-0.03624999999999989,-0.07187500000000013
2026-08-16 15:26:08.790,31.665,lower,0.022499999999999742,0.02375000000000016
2026-08-16 15:26:08.800,31.675,lower,-0.11687499999999962,-0.15874999999999972
2026-08-16 15:26:08.810,31.685,lower,0.026249999999999885,0.012499999999999734
2026-08-16 15:26:08.820,31.695,lower,-0.06437499999999985,-0.09375000000000022
2026-08-16 15:26:08.830,31.705,lower,-0.05124999999999935,-0.06312499999999943
2026-08-16 15:26:08.840,31.715,lower,0.016249999999999876,0.025000000000000577
2026-08-16 15:26:08.850,31.725,lower,-0.11812500000000004,-0.15124999999999944
2026-08-16 15:26:08.860,31.735,lower,0.021250000000000435,0.017500000000000293
2026-08-16 15:26:08.870,31.745,lower,-0.08750000000000036,-0.056874999999999565
2026-08-16 15:26:08.880,31.755,lower,-0.03249999999999975,-0.05562500000000026
2026-08-16 15:26:08.890,31.765,lower,0.024374999999999813,0.018124999999999947
2026-08-16 15:26:08.900,31.775,lower,-0.1275000000000004,-0.16000000000000014
2026-08-16 15:26:08.910,31.785,lower,0.02562500000000023,0.020000000000000018
2026-08-16 15:26:08.920,31.795,lower,-0.06874999999999964,-0.06562500000000027
2026-08-16 15:26:08.930,31.805,lower,-0.050000000000000044,-0.0956250000000003
2026-08-16 15:26:08.940,31.815,lower,0.0187499999999996,0.017500000000000293
2026-08-16 15:26:08.950,31.825,lower,-0.12062499999999976,-0.15812500000000007
2026-08-16 15:26:08.960,31.835,lower,0.020000000000000018,0.019375000000000364
2026-08-16 15:26:08.970,31.845,lower,-0.08624999999999994,-0.07687499999999958
2026-08-16 15:26:08.980,31.855,lower,-0.026874999999999538,-0.08437499999999987
2026-08-16 15:26:08.990,31.865,lower,0.027500000000000302,0.016249999999999876
2026-08-16 15:26:09.000,31.875,lower,-0.12687499999999963,-0.15625
2026-08-16 15:26:09.010,31.885,lower,0.02375000000000016,0.0024999999999997247
2026-08-16 15:26:09.020,31.895,lower,-0.07249999999999979,-0.0824999999999998
2026-08-16 15:26:09.030,31.905,lower,-0.04187500000000011,-0.08000000000000007
2026-08-16 15:26:09.040,31.915,lower,0.015625000000000222,0.02375000000000016
2026-08-16 15:26:09.050,31.925,lower,-0.12562500000000032,-0.15437499999999993
2026-08-16 15:26:09.060,31.935,lower,0.02062499999999967,0.010000000000000009
2026-08-16 15:26:09.070,31.945,lower,-0.05312499999999942,-0.0924999999999998
2026-08-16 15:26:09.080,31.955,lower,-0.024374999999999813,-0.07000000000000006
2026-08-16 15:26:09.090,31.965,lower,0.025000000000000577,0.02562500000000023
2026-08-16 15:26:09.100,31.975,lower,-0.12812500000000004,-0.15687499999999965
2026-08-16 15:26:09.110,31.985,lower,0.029375000000000373,0.012499999999999734
2026-08-16 15:26:09.120,31.995,lower,-0.0737500000000002,-0.054999999999999494
2026-08-16 15:26:09.130,32.005,lower,-0.04187500000000011,-0.05750000000000033
2026-08-16 15:26:09.140,32.015,lower,0.02187500000000009,0.02062499999999967
2026-08-16 15:26:09.150,32.025,lower,-0.12187500000000018,-0.15562500000000035
2026-08-16 15:26:09.160,32.035,lower,0.02187500000000009,0.019375000000000364
2026-08-16 15:26:09.170,32.045,lower,-0.056874999999999565,-0.06124999999999936
2026-08-16 15:26:09.180,32.055,lower,-0.026249999999999885,-0.05124999999999935
2026-08-16 15:26:09.190,32.065,lower,0.019375000000000364,0.021250000000000435
2026-08-16 15:26:09.200,32.075,lower,-0.12687499999999963,-0.16312499999999952
2026-08-16 15:26:09.210,32.085,lower,0.02874999999999961,0.019375000000000364
2026-08-16 15:26:09.220,32.095,lower,-0.07937500000000042,-0.07312499999999944
2026-08-16 15:26:09.230,32.105,lower,-0.038124999999999964,-0.08687499999999959
2026-08-16 15:26:09.240,32.115,lower,0.025000000000000577,0.015000000000000568
2026-08-16 15:26:09.250,32.125,lower,-0.11937499999999934,-0.15687499999999965
2026-08-16 15:26:09.260,32.135,lower,0.02562500000000023,0.004374999999999796
2026-08-16 15:26:09.270,32.145,lower,-0.061875000000000124,-0.0824999999999998
2026-08-16 15:26:09.280,32.155,lower,-0.024374999999999813,-0.07499999999999951
2026-08-16 15:26:09.290,32.165,lower,0.02375000000000016,0.015000000000000568
2026-08-16 15:26:09.300,32.175,lower,-0.12375000000000025,-0.15750000000000042
2026-08-16 15:26:09.310,32.185,lower,0.013125000000000497,0.0050000000000005596
2026-08-16 15:26:09.320,32.195,lower,-0.08187500000000014,-0.09312499999999946
2026-08-16 15:26:09.330,32.205,lower,-0.03375000000000017,-0.07249999999999979
2026-08-16 15:26:09.340,32.215,lower,0.025000000000000577,0.02375000000000016
2026-08-16 15:26:09.350,32.225,lower,-0.12312499999999948,-0.1531249999999995
2026-08-16 15:26:09.360,32.235,lower,0.022499999999999742,0.006249999999999867
2026-08-16 15:26:09.370,32.245,lower,-0.06437499999999985,-0.054999999999999494
2026-08-16 15:26:09.380,32.255,lower,-0.019375000000000364,-0.06437499999999985
2026-08-16 15:26:09.390,32.265,lower,0.016249999999999876,0.019375000000000364
2026-08-16 15:26:09.400,32.275,lower,-0.13124999999999942,-0.15750000000000042
2026-08-16 15:26:09.410,32.285,lower,0.01687500000000064,0.01687500000000064
2026-08-16 15:26:09.420,32.295,lower,-0.09062499999999973,-0.0637500000000002
2026-08-16 15:26:09.430,32.305,lower,-0.03624999999999989,-0.05437499999999984
2026-08-16 15:26:09.440,32.315,lower,0.02187500000000009,0.017500000000000293
2026-08-16 15:26:09.450,32.325,lower,-0.12687499999999963,-0.1606249999999998
2026-08-16 15:26:09.460,32.335,lower,0.022499999999999742,0.019375000000000364
2026-08-16 15:26:09.470,32.345,lower,-0.06874999999999964,-0.07062499999999972
2026-08-16 15:26:09.480,32.355,lower,-0.05312499999999942,-0.09312499999999946
2026-08-16 15:26:09.490,32.365,lower,0.015000000000000568,0.017500000000000293
2026-08-16 15:26:09.500,32.375,lower,-0.12562500000000032,-0.15937499999999938
2026-08-16 15:26:09.510,32.385,lower,0.015000000000000568,0.02375000000000016
2026-08-16 15:26:09.520,32.395,lower,-0.0968749999999996,-0.08124999999999938
2026-08-16 15:26:09.530,32.405,lower,-0.03437499999999982,-0.08000000000000007
2026-08-16 15:26:09.540,32.415,lower,0.0187499999999996,0.015000000000000568
2026-08-16 15:26:09.550,32.425,lower,-0.1343749999999999,-0.16375000000000028
2026-08-16 15:26:09.560,32.435,lower,0.021250000000000435,0.007500000000000284
2026-08-16 15:26:09.570,32.445,lower,-0.08000000000000007,-0.09499999999999953
2026-08-16 15:26:09.580,32.455,lower,-0.051875000000000115,-0.06874999999999964
2026-08-16 15:26:09.590,32.465,lower,0.012499999999999734,0.02375000000000016
2026-08-16 15:26:09.600,32.475,lower,-0.1331249999999995,-0.1531249999999995
2026-08-16 15:26:09.610,32.485,lower,0.014374999999999805,0.014374999999999805
2026-08-16 15:26:09.620,32.495,lower,-0.10187500000000016,-0.09624999999999995
2026-08-16 15:26:09.630,32.505,lower,-0.034999999999999476,-0.06249999999999978
2026-08-16 15:26:09.640,32.515,lower,0.015000000000000568,0.02187500000000009
2026-08-16 15:26:09.650,32.525,lower,-0.1331249999999995,-0.15562500000000035
2026-08-16 15:26:09.660,32.535,lower,0.014374999999999805,0.013750000000000151
2026-08-16 15:26:09.670,32.545,lower,-0.08624999999999994,-0.0649999999999995
2026-08-16 15:26:09.680,32.555,lower,-0.046874999999999556,-0.054999999999999494
2026-08-16 15:26:09.690,32.565,lower,0.006249999999999867,0.014374999999999805
2026-08-16 15:26:09.700,32.575,lower,-0.13124999999999942,-0.16124999999999945
2026-08-16 15:26:09.710,32.585,lower,0.01187500000000008,0.016249999999999876
2026-08-16 15:26:09.720,32.595,lower,-0.06562500000000027,-0.06750000000000034
2026-08-16 15:26:09.730,32.605,lower,-0.026874999999999538,-0.0462499999999999
2026-08-16 15:26:09.740,32.615,lower,0.01187500000000008,0.015000000000000568
2026-08-16 15:26:09.750,32.625,lower,-0.13937499999999936,-0.15937499999999938
2026-08-16 15:26:09.760,32.635,lower,0.0187499999999996,0.02187500000000009
2026-08-16 15:26:09.770,32.645,lower,-0.08874999999999966,-0.07937500000000042
2026-08-16 15:26:09.780,32.655,lower,-0.04812499999999997,-0.078125
2026-08-16 15:26:09.790,32.665,lower,0.014374999999999805,0.015625000000000222
2026-08-16 15:26:09.800,32.675,lower,-0.1343749999999999,-0.15562500000000035
2026-08-16 15:26:09.810,32.685,lower,0.012499999999999734,0.003750000000000142
2026-08-16 15:26:09.820,32.695,lower,-0.0649999999999995,-0.08874999999999966
2026-08-16 15:26:09.830,32.705,lower,-0.02874999999999961,-0.07562500000000028
2026-08-16 15:26:09.840,32.715,lower,0.016249999999999876,0.02687500000000065
