timestamp,elapsed_s,segment,roots_V,grounded_roots_V
2026-08-16 07:04:43.406,0.002,raise,-0.02375000000000016,0.5049999999999999
2026-08-16 07:04:43.418,0.015,raise,0.04750000000000032,0.6025000000000003
2026-08-16 07:04:43.429,0.025,raise,-0.04249999999999976,0.5049999999999999
2026-08-16 07:04:43.439,0.035,raise,0.016249999999999876,0.49000000000000044
2026-08-16 07:04:43.449,0.045,raise,0.06312500000000054,0.5931249999999999
2026-08-16 07:04:43.459,0.055,raise,-0.04874999999999963,0.42874999999999996
2026-08-16 07:04:43.469,0.065,raise,0.07000000000000006,0.6025000000000003
2026-08-16 07:04:43.479,0.075,raise,-0.006249999999999867,0.4949999999999999
2026-08-16 07:04:43.489,0.085,raise,0.015625000000000222,0.5043750000000002
2026-08-16 07:04:43.499,0.095,raise,0.06687500000000068,0.5912499999999998
2026-08-16 07:04:43.509,0.105,raise,-0.04812499999999997,0.42874999999999996
2026-08-16 07:04:43.519,0.115,raise,0.06562500000000027,0.5912499999999998
2026-08-16 07:04:43.529,0.125,raise,-0.03375000000000017,0.48937499999999967
2026-08-16 07:04:43.539,0.135,raise,0.026249999999999885,0.516875
2026-08-16 07:04:43.549,0.145,raise,0.0637500000000002,0.6100000000000005
2026-08-16 07:04:43.559,0.155,raise,-0.06000000000000005,0.4381250000000003
2026-08-16 07:04:43.569,0.165,raise,0.07187500000000013,0.6000000000000005
2026-08-16 07:04:43.579,0.175,raise,-0.013124999999999387,0.48687499999999995
2026-08-16 07:04:43.589,0.185,raise,0.019375000000000364,0.5293749999999997
2026-08-16 07:04:43.599,0.195,raise,0.06812499999999999,0.6093749999999998
2026-08-16 07:04:43.609,0.205,raise,-0.04812499999999997,0.4412499999999997
2026-08-16 07:04:43.619,0.215,raise,0.07249999999999979,0.6081250000000005
2026-08-16 07:04:43.629,0.225,raise,0.0024999999999997247,0.5274999999999996
2026-08-16 07:04:43.639,0.235,raise,0.03062499999999968,0.5412499999999998
2026-08-16 07:04:43.649,0.245,raise,0.06750000000000034,0.6081250000000005
2026-08-16 07:04:43.659,0.255,raise,-0.05562500000000026,0.43875
2026-08-16 07:04:43.669,0.265,raise,0.07437499999999986,0.6106250000000002
2026-08-16 07:04:43.679,0.275,raise,-0.010000000000000009,0.51875
2026-08-16 07:04:43.689,0.285,raise,0.017500000000000293,0.5456250000000007
2026-08-16 07:04:43.699,0.295,raise,0.06687500000000068,0.6081250000000005
2026-08-16 07:04:43.709,0.305,raise,-0.04124999999999934,0.44187500000000046
2026-08-16 07:04:43.719,0.315,raise,0.07062499999999972,0.6137500000000007
2026-08-16 07:04:43.729,0.325,raise,0.005625000000000213,0.5149999999999999
2026-08-16 07:04:43.739,0.335,raise,0.03624999999999989,0.5149999999999999
2026-08-16 07:04:43.749,0.345,raise,0.06874999999999964,0.606875
2026-08-16 07:04:43.759,0.355,raise,-0.0462499999999999,0.44375000000000053
2026-08-16 07:04:43.769,0.365,raise,0.07500000000000062,0.6025000000000003
2026-08-16 07:04:43.779,0.375,raise,-0.012499999999999734,0.50875
2026-08-16 07:04:43.789,0.385,raise,0.024374999999999813,0.5256250000000007
2026-08-16 07:04:43.799,0.395,raise,0.07687499999999958,0.6031249999999999
2026-08-16 07:04:43.809,0.405,raise,-0.04124999999999934,0.4468749999999999
2026-08-16 07:04:43.819,0.415,raise,0.07562500000000028,0.6087500000000001
2026-08-16 07:04:43.829,0.425,raise,0.004374999999999796,0.5018750000000005
2026-08-16 07:04:43.839,0.435,raise,0.03874999999999962,0.5337500000000006
2026-08-16 07:04:43.849,0.445,raise,0.07312500000000055,0.6181250000000005
2026-08-16 07:04:43.859,0.455,raise,-0.0462499999999999,0.45062500000000005
2026-08-16 07:04:43.869,0.465,raise,0.07874999999999965,0.615
2026-08-16 07:04:43.879,0.475,raise,-0.013750000000000151,0.5393749999999997
2026-08-16 07:04:43.889,0.485,raise,0.02562500000000023,0.5412499999999998
2026-08-16 07:04:43.899,0.495,raise,0.08000000000000007,0.6193749999999998
2026-08-16 07:04:43.909,0.505,raise,-0.04124999999999934,0.45499999999999985
2026-08-16 07:04:43.919,0.515,raise,0.07437499999999986,0.6181250000000005
2026-08-16 07:04:43.929,0.525,raise,0.007500000000000284,0.5356250000000007
2026-08-16 07:04:43.939,0.535,raise,0.03750000000000031,0.5487500000000001
2026-08-16 07:04:43.949,0.545,raise,0.07750000000000035,0.6174999999999997
2026-08-16 07:04:43.959,0.555,raise,-0.04187500000000011,0.44875
2026-08-16 07:04:43.969,0.565,raise,0.07000000000000006,0.6212499999999999
2026-08-16 07:04:43.979,0.575,raise,-0.014374999999999805,0.5281250000000004
2026-08-16 07:04:43.989,0.585,raise,0.03062499999999968,0.5156250000000007
2026-08-16 07:04:43.999,0.595,raise,0.07624999999999993,0.6168750000000001
2026-08-16 07:04:44.009,0.605,raise,-0.03874999999999962,0.4531249999999998
2026-08-16 07:04:44.019,0.615,raise,0.07687499999999958,0.6056249999999996
2026-08-16 07:04:44.029,0.625,raise,0.001875000000000071,0.5212499999999998
2026-08-16 07:04:44.039,0.635,raise,0.018124999999999947,0.5249999999999999
2026-08-16 07:04:44.049,0.645,raise,0.07000000000000006,0.6181250000000005
2026-08-16 07:04:44.059,0.655,raise,-0.044999999999999485,0.45499999999999985
2026-08-16 07:04:44.069,0.665,raise,0.07125000000000048,0.6125000000000003
2026-08-16 07:04:44.079,0.675,raise,-0.018124999999999947,0.516875
2026-08-16 07:04:44.089,0.685,raise,0.0318750000000001,0.5343750000000003
2026-08-16 07:04:44.099,0.695,raise,0.07687499999999958,0.625
2026-08-16 07:04:44.109,0.705,raise,-0.03937500000000038,0.4556250000000006
2026-08-16 07:04:44.119,0.715,raise,0.07937500000000042,0.6137500000000007
2026-08-16 07:04:44.129,0.725,raise,0.0024999999999997247,0.5512499999999998
2026-08-16 07:04:44.139,0.735,raise,0.01687500000000064,0.5418750000000006
2026-08-16 07:04:44.149,0.745,raise,0.07187500000000013,0.6262500000000004
2026-08-16 07:04:44.159,0.755,raise,-0.043124999999999414,0.46062500000000006
2026-08-16 07:04:44.169,0.765,raise,0.07500000000000062,0.6200000000000006
2026-08-16 07:04:44.179,0.775,raise,-0.016249999999999876,0.5462500000000003
2026-08-16 07:04:44.189,0.785,raise,0.03375000000000017,0.5506250000000001
2026-08-16 07:04:44.199,0.795,raise,0.07937500000000042,0.6287500000000001
2026-08-16 07:04:44.209,0.805,raise,-0.046874999999999556,0.45625000000000027
2026-08-16 07:04:44.219,0.815,raise,0.07500000000000062,0.6256249999999997
2026-08-16 07:04:44.229,0.825,raise,-0.0006249999999996536,0.5374999999999996
2026-08-16 07:04:44.239,0.835,raise,0.017500000000000293,0.5143750000000002
2026-08-16 07:04:44.249,0.845,raise,0.07062499999999972,0.6231249999999999
2026-08-16 07:04:44.259,0.855,raise,-0.04249999999999976,0.45625000000000027
2026-08-16 07:04:44.269,0.865,raise,0.07500000000000062,0.6081250000000005
2026-08-16 07:04:44.279,0.875,raise,0.015625000000000222,0.5337500000000006
2026-08-16 07:04:44.289,0.885,raise,0.03874999999999962,0.5231249999999998
2026-08-16 07:04:44.299,0.895,raise,0.07687499999999958,0.6243750000000003
2026-08-16 07:04:44.309,0.905,raise,-0.04562500000000025,0.4575000000000007
2026-08-16 07:04:44.319,0.915,raise,0.07874999999999965,0.6131249999999999
2026-08-16 07:04:44.329,0.925,raise,-0.004999999999999449,0.5231249999999998
2026-08-16 07:04:44.339,0.935,raise,0.02375000000000016,0.5312499999999998
2026-08-16 07:04:44.349,0.945,raise,0.07000000000000006,0.6306250000000002
2026-08-16 07:04:44.359,0.955,raise,-0.043124999999999414,0.45937499999999964
2026-08-16 07:04:44.369,0.965,raise,0.07750000000000035,0.6137500000000007
2026-08-16 07:04:44.379,0.975,raise,0.014374999999999805,0.5193749999999997
2026-08-16 07:04:44.389,0.985,raise,0.03937500000000038,0.5393749999999997
2026-08-16 07:04:44.399,0.995,raise,0.07750000000000035,0.6306250000000002
2026-08-16 07:04:44.409,1.005,raise,-0.0462499999999999,0.46062500000000006
2026-08-16 07:04:44.419,1.015,raise,0.08375000000000021,0.6237500000000007
2026-08-16 07:04:44.429,1.025,raise,-0.003750000000000142,0.5562500000000004
2026-08-16 07:04:44.439,1.035,raise,0.022499999999999742,0.5474999999999997
2026-08-16 07:04:44.449,1.045,raise,0.07874999999999965,0.6312499999999999
2026-08-16 07:04:44.459,1.055,raise,-0.04437499999999983,0.4531249999999998
2026-08-16 07:04:44.469,1.065,raise,0.07125000000000048,0.6268750000000001
2026-08-16 07:04:44.479,1.075,raise,0.013125000000000497,0.5474999999999997
2026-08-16 07:04:44.489,1.085,raise,0.03624999999999989,0.5562500000000004
2026-08-16 07:04:44.499,1.095,raise,0.078125,0.6312499999999999
2026-08-16 07:04:44.509,1.105,raise,-0.04437499999999983,0.45937499999999964
2026-08-16 07:04:44.519,1.115,raise,0.07187500000000013,0.6318750000000006
2026-08-16 07:04:44.529,1.125,raise,-0.003750000000000142,0.5418750000000006
2026-08-16 07:04:44.539,1.135,raise,0.028124999999999956,0.5206250000000001
2026-08-16 07:04:44.549,1.145,raise,0.07687499999999958,0.6268750000000001
2026-08-16 07:04:44.559,1.155,raise,-0.03937500000000038,0.4575000000000007
2026-08-16 07:04:44.569,1.165,raise,0.07562500000000028,0.6118750000000006
2026-08-16 07:04:44.579,1.175,raise,0.005625000000000213,0.5349999999999999
2026-08-16 07:04:44.589,1.185,raise,0.04125000000000045,0.5318750000000005
2026-08-16 07:04:44.599,1.195,raise,0.07562500000000028,0.6237500000000007
2026-08-16 07:04:44.609,1.205,raise,-0.04437499999999983,0.4618750000000005
2026-08-16 07:04:44.619,1.215,raise,0.07249999999999979,0.6125000000000003
2026-08-16 07:04:44.629,1.225,raise,-0.008749999999999591,0.5206250000000001
2026-08-16 07:04:44.639,1.235,raise,0.02687500000000065,0.5393749999999997
2026-08-16 07:04:44.649,1.245,raise,0.07874999999999965,0.6362500000000004
2026-08-16 07:04:44.659,1.255,raise,-0.04562500000000025,0.46250000000000013
2026-08-16 07:04:44.669,1.265,raise,0.07750000000000035,0.6225000000000003
2026-08-16 07:04:44.679,1.275,raise,0.006249999999999867,0.5618750000000006
2026-08-16 07:04:44.689,1.285,raise,0.008749999999999591,0.546875
2026-08-16 07:04:44.699,1.295,raise,0.07750000000000035,0.6337499999999996
2026-08-16 07:04:44.709,1.305,raise,-0.044999999999999485,0.4618750000000005
2026-08-16 07:04:44.719,1.315,raise,0.06812499999999999,0.6281250000000005
2026-08-16 07:04:44.729,1.325,raise,-0.008749999999999591,0.5543750000000003
2026-08-16 07:04:44.739,1.335,raise,0.030000000000000027,0.5525000000000002
2026-08-16 07:04:44.749,1.345,raise,0.08000000000000007,0.6312499999999999
2026-08-16 07:04:44.759,1.355,raise,-0.04937500000000039,0.4631249999999998
2026-08-16 07:04:44.769,1.365,raise,0.07437499999999986,0.6293749999999998
2026-08-16 07:04:44.779,1.375,raise,0.0050000000000005596,0.5481250000000004
2026-08-16 07:04:44.789,1.385,raise,0.015625000000000222,0.5162500000000003
2026-08-16 07:04:44.799,1.395,raise,0.07125000000000048,0.6268750000000001
2026-08-16 07:04:44.809,1.405,raise,-0.04249999999999976,0.45812500000000034
2026-08-16 07:04:44.819,1.415,raise,0.06874999999999964,0.6106250000000002
2026-08-16 07:04:44.829,1.425,raise,-0.01187500000000008,0.5381250000000004
2026-08-16 07:04:44.839,1.435,raise,0.03062499999999968,0.52875
2026-08-16 07:04:44.849,1.445,raise,0.07937500000000042,0.6268750000000001
2026-08-16 07:04:44.859,1.455,raise,-0.04750000000000032,0.4631249999999998
2026-08-16 07:04:44.869,1.465,raise,0.07562500000000028,0.6193749999999998
2026-08-16 07:04:44.879,1.475,raise,0.0,0.5349999999999999
2026-08-16 07:04:44.889,1.485,raise,0.013750000000000151,0.5362500000000003
2026-08-16 07:04:44.899,1.495,raise,0.07062499999999972,0.6343750000000004
2026-08-16 07:04:44.909,1.505,raise,-0.04750000000000032,0.46375000000000055
2026-08-16 07:04:44.919,1.515,raise,0.07187500000000013,0.6200000000000006
2026-08-16 07:04:44.929,1.525,raise,0.02062499999999967,0.5643750000000003
2026-08-16 07:04:44.939,1.535,raise,0.030000000000000027,0.5437500000000006
2026-08-16 07:04:44.949,1.545,raise,0.08000000000000007,0.6374999999999997
2026-08-16 07:04:44.959,1.555,raise,-0.0506249999999997,0.4662500000000003
2026-08-16 07:04:44.969,1.565,raise,0.07624999999999993,0.6268750000000001
2026-08-16 07:04:44.979,1.575,raise,0.0024999999999997247,0.5625000000000002
2026-08-16 07:04:44.989,1.585,raise,0.018124999999999947,0.5500000000000005
2026-08-16 07:04:44.999,1.595,raise,0.07062499999999972,0.6343750000000004
2026-08-16 07:04:45.009,1.605,raise,-0.044999999999999485,0.4643750000000002
2026-08-16 07:04:45.019,1.615,raise,0.07000000000000006,0.6262500000000004
2026-08-16 07:04:45.029,1.625,raise,0.015000000000000568,0.556875
2026-08-16 07:04:45.039,1.635,raise,0.03249999999999975,0.5143750000000002
2026-08-16 07:04:45.049,1.645,raise,0.07562500000000028,0.6331249999999999
2026-08-16 07:04:45.059,1.655,raise,-0.04562500000000025,0.4656250000000006
2026-08-16 07:04:45.069,1.665,raise,0.0737500000000002,0.6325000000000003
2026-08-16 07:04:45.079,1.675,raise,0.0,0.5481250000000004
2026-08-16 07:04:45.089,1.685,raise,0.020000000000000018,0.5231249999999998
2026-08-16 07:04:45.099,1.695,raise,0.07624999999999993,0.6293749999999998
2026-08-16 07:04:45.109,1.705,raise,-0.04437499999999983,0.46687499999999993
2026-08-16 07:04:45.119,1.715,raise,0.07187500000000013,0.6162500000000004
2026-08-16 07:04:45.129,1.725,raise,0.013125000000000497,0.5400000000000005
2026-08-16 07:04:45.139,1.735,raise,0.033125000000000515,0.5356250000000007
2026-08-16 07:04:45.149,1.745,raise,0.07187500000000013,0.6368750000000001
2026-08-16 07:04:45.159,1.755,raise,-0.04750000000000032,0.4643750000000002
2026-08-16 07:04:45.169,1.765,raise,0.061875000000000124,0.6181250000000005
2026-08-16 07:04:45.179,1.775,raise,-0.003750000000000142,0.5718750000000006
2026-08-16 07:04:45.189,1.785,raise,0.022499999999999742,0.5381250000000004
2026-08-16 07:04:45.199,1.795,raise,0.07750000000000035,0.6393749999999998
2026-08-16 07:04:45.209,1.805,raise,-0.046874999999999556,0.46875
2026-08-16 07:04:45.219,1.815,raise,0.07249999999999979,0.6243750000000003
2026-08-16 07:04:45.229,1.825,raise,0.016249999999999876,0.5700000000000005
2026-08-16 07:04:45.239,1.835,raise,0.003750000000000142,0.5481250000000004
2026-08-16 07:04:45.249,1.845,raise,0.07750000000000035,0.635
2026-08-16 07:04:45.259,1.855,raise,-0.04937500000000039,0.4662500000000003
2026-08-16 07:04:45.269,1.865,raise,0.06500000000000061,0.6287500000000001
2026-08-16 07:04:45.279,1.875,raise,-0.006249999999999867,0.565
2026-08-16 07:04:45.289,1.885,raise,0.018124999999999947,0.5531249999999999
2026-08-16 07:04:45.299,1.895,raise,0.078125,0.6368750000000001
2026-08-16 07:04:45.309,1.905,raise,-0.044999999999999485,0.4662500000000003
2026-08-16 07:04:45.319,1.915,raise,0.07312500000000055,0.6300000000000006
2026-08-16 07:04:45.329,1.925,raise,0.01187500000000008,0.5574999999999997
2026-08-16 07:04:45.339,1.935,raise,0.004374999999999796,0.5181250000000004
2026-08-16 07:04:45.349,1.945,raise,0.07187500000000013,0.635
2026-08-16 07:04:45.359,1.955,raise,-0.050000000000000044,0.4643750000000002
2026-08-16 07:04:45.369,1.965,raise,0.0637500000000002,0.6125000000000003
2026-08-16 07:04:45.379,1.975,raise,-0.010624999999999662,0.546875
2026-08-16 07:04:45.389,1.985,raise,0.02187500000000009,0.5262500000000003
2026-08-16 07:04:45.399,1.995,raise,0.07624999999999993,0.6393749999999998
2026-08-16 07:04:45.409,2.005,raise,-0.04874999999999963,0.4675000000000007
2026-08-16 07:04:45.419,2.015,raise,0.07312500000000055,0.6181250000000005
2026-08-16 07:04:45.429,2.025,raise,0.007500000000000284,0.5362500000000003
2026-08-16 07:04:45.439,2.035,raise,0.009375000000000355,0.5343750000000003
2026-08-16 07:04:45.449,2.045,raise,0.07187500000000013,0.6418750000000006
2026-08-16 07:04:45.459,2.055,raise,-0.050000000000000044,0.4656250000000006
2026-08-16 07:04:45.469,2.065,raise,0.06812499999999999,0.6231249999999999
2026-08-16 07:04:45.479,2.075,raise,-0.012499999999999734,0.576875
2026-08-16 07:04:45.489,2.085,raise,0.025000000000000577,0.5425000000000002
2026-08-16 07:04:45.499,2.095,raise,0.07624999999999993,0.6362500000000004
2026-08-16 07:04:45.509,2.105,raise,-0.053750000000000187,0.4700000000000004
2026-08-16 07:04:45.519,2.115,raise,0.07500000000000062,0.6274999999999997
2026-08-16 07:04:45.529,2.125,raise,0.006249999999999867,0.5674999999999997
2026-08-16 07:04:45.539,2.135,raise,0.006875000000000631,0.5525000000000002
2026-08-16 07:04:45.549,2.145,raise,0.07312500000000055,0.6393749999999998
2026-08-16 07:04:45.559,2.155,raise,-0.05124999999999935,0.4675000000000007
2026-08-16 07:04:45.569,2.165,raise,0.06687500000000068,0.6331249999999999
2026-08-16 07:04:45.579,2.175,raise,0.023125000000000506,0.5618750000000006
2026-08-16 07:04:45.589,2.185,raise,0.021250000000000435,0.5118750000000005
2026-08-16 07:04:45.599,2.195,raise,0.07687499999999958,0.6362500000000004
2026-08-16 07:04:45.609,2.205,raise,-0.053750000000000187,0.46499999999999986
2026-08-16 07:04:45.619,2.215,raise,0.07125000000000048,0.6106250000000002
2026-08-16 07:04:45.629,2.225,raise,0.0050000000000005596,0.5543750000000003
2026-08-16 07:04:45.639,2.235,raise,0.010624999999999662,0.5218750000000005
2026-08-16 07:04:45.649,2.245,raise,0.07562500000000028,0.6331249999999999
2026-08-16 07:04:45.659,2.255,raise,-0.0462499999999999,0.4631249999999998
2026-08-16 07:04:45.669,2.265,raise,0.06687500000000068,0.615
2026-08-16 07:04:45.679,2.275,raise,0.0187499999999996,0.5437500000000006
2026-08-16 07:04:45.689,2.285,raise,0.023125000000000506,0.5312499999999998
2026-08-16 07:04:45.699,2.295,raise,0.07249999999999979,0.643125
2026-08-16 07:04:45.709,2.305,raise,-0.050000000000000044,0.4643750000000002
2026-08-16 07:04:45.719,2.315,raise,0.07062499999999972,0.6237500000000007
2026-08-16 07:04:45.729,2.325,raise,0.001875000000000071,0.5818750000000006
2026-08-16 07:04:45.739,2.335,raise,0.015000000000000568,0.5387500000000001
2026-08-16 07:04:45.749,2.345,raise,0.078125,0.6437499999999996
2026-08-16 07:04:45.759,2.355,raise,-0.04562500000000025,0.46937499999999965
2026-08-16 07:04:45.769,2.365,raise,0.07249999999999979,0.6262500000000004
2026-08-16 07:04:45.779,2.375,raise,0.013750000000000151,0.5731249999999999
2026-08-16 07:04:45.789,2.385,raise,0.024374999999999813,0.546875
2026-08-16 07:04:45.799,2.395,raise,0.07437499999999986,0.6406250000000002
2026-08-16 07:04:45.809,2.405,raise,-0.05437499999999984,0.4675000000000007
2026-08-16 07:04:45.819,2.415,raise,0.0593750000000004,0.6274999999999997
2026-08-16 07:04:45.829,2.425,raise,-0.0031249999999993783,0.565
2026-08-16 07:04:45.839,2.435,raise,0.013750000000000151,0.5062500000000003
2026-08-16 07:04:45.849,2.445,raise,0.07687499999999958,0.6387500000000002
2026-08-16 07:04:45.859,2.455,raise,-0.04874999999999963,0.46250000000000013
2026-08-16 07:04:45.869,2.465,raise,0.07000000000000006,0.6287500000000001
2026-08-16 07:04:45.879,2.475,raise,0.02062499999999967,0.5549999999999999
2026-08-16 07:04:45.889,2.485,raise,-0.0006249999999996536,0.5162500000000003
2026-08-16 07:04:45.899,2.495,raise,0.07187500000000013,0.6343750000000004
2026-08-16 07:04:45.909,2.505,raise,-0.05124999999999935,0.4675000000000007
2026-08-16 07:04:45.919,2.515,raise,0.06125000000000047,0.6118750000000006
2026-08-16 07:04:45.929,2.525,raise,-0.0006249999999996536,0.5487500000000001
2026-08-16 07:04:45.939,2.535,raise,0.012499999999999734,0.5243750000000003
2026-08-16 07:04:45.949,2.545,raise,0.07562500000000028,0.6418750000000006
2026-08-16 07:04:45.959,2.555,raise,-0.0462499999999999,0.46687499999999993
2026-08-16 07:04:45.969,2.565,raise,0.06874999999999964,0.6206250000000002
2026-08-16 07:04:45.979,2.575,raise,0.013125000000000497,0.5449999999999999
2026-08-16 07:04:45.989,2.585,raise,0.004374999999999796,0.5362500000000003
2026-08-16 07:04:45.999,2.595,raise,0.07062499999999972,0.6400000000000006
2026-08-16 07:04:46.009,2.605,raise,-0.05124999999999935,0.4718750000000005
2026-08-16 07:04:46.019,2.615,raise,0.06500000000000061,0.6200000000000006
2026-08-16 07:04:46.029,2.625,raise,-0.00687499999999952,0.575
2026-08-16 07:04:46.039,2.635,raise,0.018124999999999947,0.5412499999999998
2026-08-16 07:04:46.049,2.645,raise,0.07500000000000062,0.6387500000000002
2026-08-16 07:04:46.059,2.655,raise,-0.053750000000000187,0.46812500000000035
2026-08-16 07:04:46.069,2.665,raise,0.07312500000000055,0.6237500000000007
2026-08-16 07:04:46.079,2.675,raise,0.01187500000000008,0.5693749999999997
2026-08-16 07:04:46.089,2.685,raise,0.003750000000000142,0.5049999999999999
2026-08-16 07:04:46.099,2.695,raise,0.07187500000000013,0.6381250000000005
2026-08-16 07:04:46.109,2.705,raise,-0.0506249999999997,0.46937499999999965
2026-08-16 07:04:46.119,2.715,raise,0.06687500000000068,0.6274999999999997
2026-08-16 07:04:46.129,2.725,raise,0.027500000000000302,0.5612499999999998
2026-08-16 07:04:46.139,2.735,raise,0.016249999999999876,0.5125000000000002
2026-08-16 07:04:46.149,2.745,raise,0.078125,0.635
2026-08-16 07:04:46.159,2.755,raise,-0.051875000000000115,0.46812500000000035
2026-08-16 07:04:46.169,2.765,raise,0.06812499999999999,0.6112499999999998
2026-08-16 07:04:46.179,2.775,raise,0.010624999999999662,0.5587500000000001
2026-08-16 07:04:46.189,2.785,raise,0.0024999999999997247,0.5218750000000005
2026-08-16 07:04:46.199,2.795,raise,0.07750000000000035,0.6381250000000005
2026-08-16 07:04:46.209,2.805,raise,-0.05124999999999935,0.46937499999999965
2026-08-16 07:04:46.219,2.815,raise,0.06312500000000054,0.6137500000000007
2026-08-16 07:04:46.229,2.825,raise,0.02375000000000016,0.5493749999999997
2026-08-16 07:04:46.239,2.835,raise,0.0187499999999996,0.52875
2026-08-16 07:04:46.249,2.845,raise,0.07312500000000055,0.6400000000000006
2026-08-16 07:04:46.259,2.855,raise,-0.04937500000000039,0.46812500000000035
2026-08-16 07:04:46.269,2.865,raise,0.06562500000000027,0.6156249999999996
2026-08-16 07:04:46.279,2.875,raise,0.007500000000000284,0.5818750000000006
2026-08-16 07:04:46.289,2.885,raise,0.006875000000000631,0.5356250000000007
2026-08-16 07:04:46.299,2.895,raise,0.07562500000000028,0.6400000000000006
2026-08-16 07:04:46.309,2.905,raise,-0.0462499999999999,0.47499999999999987
2026-08-16 07:04:46.319,2.915,raise,0.06687500000000068,0.6225000000000003
2026-08-16 07:04:46.329,2.925,raise,0.022499999999999742,0.5762500000000004
2026-08-16 07:04:46.339,2.935,raise,0.026249999999999885,0.5406250000000001
2026-08-16 07:04:46.349,2.945,raise,0.07687499999999958,0.6393749999999998
2026-08-16 07:04:46.359,2.955,raise,-0.050000000000000044,0.46875
2026-08-16 07:04:46.369,2.965,raise,0.0737500000000002,0.6243750000000003
2026-08-16 07:04:46.379,2.975,raise,0.0012500000000004174,0.5687500000000001
2026-08-16 07:04:46.389,2.985,raise,0.0050000000000005596,0.5074999999999996
2026-08-16 07:04:46.399,2.995,raise,0.08000000000000007,0.6381250000000005
2026-08-16 07:04:46.409,3.005,raise,-0.0506249999999997,0.46687499999999993
2026-08-16 07:04:46.419,3.015,raise,0.06937500000000041,0.605
2026-08-16 07:04:46.429,3.025,raise,0.024374999999999813,0.5625000000000002
2026-08-16 07:04:46.439,3.035,raise,0.02375000000000016,0.5149999999999999
2026-08-16 07:04:46.449,3.045,raise,0.08000000000000007,0.6362500000000004
2026-08-16 07:04:46.459,3.055,raise,-0.04874999999999963,0.46875
2026-08-16 07:04:46.469,3.065,raise,0.058749999999999636,0.6081250000000005
2026-08-16 07:04:46.479,3.075,raise,0.0050000000000005596,0.5537500000000006
2026-08-16 07:04:46.489,3.085,raise,0.009375000000000355,0.5231249999999998
2026-08-16 07:04:46.499,3.095,raise,0.07437499999999986,0.6418750000000006
2026-08-16 07:04:46.509,3.105,raise,-0.0506249999999997,0.4675000000000007
2026-08-16 07:04:46.519,3.115,raise,0.06624999999999992,0.6137500000000007
2026-08-16 07:04:46.529,3.125,raise,0.021250000000000435,0.5862500000000004
2026-08-16 07:04:46.539,3.135,raise,-0.0031249999999993783,0.5300000000000005
2026-08-16 07:04:46.549,3.145,raise,0.07437499999999986,0.6400000000000006
2026-08-16 07:04:46.559,3.155,raise,-0.04937500000000039,0.4662500000000003
2026-08-16 07:04:46.569,3.165,raise,0.06249999999999978,0.6193749999999998
2026-08-16 07:04:46.579,3.175,raise,0.0031250000000004885,0.5793749999999998
2026-08-16 07:04:46.589,3.185,raise,0.014374999999999805,0.5343750000000003
2026-08-16 07:04:46.599,3.195,raise,0.07624999999999993,0.6381250000000005
2026-08-16 07:04:46.609,3.205,raise,-0.0462499999999999,0.4718750000000005
2026-08-16 07:04:46.619,3.215,raise,0.06937500000000041,0.6225000000000003
2026-08-16 07:04:46.629,3.225,raise,0.0187499999999996,0.5737500000000006
2026-08-16 07:04:46.639,3.235,raise,-0.0031249999999993783,0.4993749999999997
2026-08-16 07:04:46.649,3.245,raise,0.07562500000000028,0.6374999999999997
2026-08-16 07:04:46.659,3.255,raise,-0.05124999999999935,0.46875
2026-08-16 07:04:46.669,3.265,raise,0.06312500000000054,0.5987500000000001
2026-08-16 07:04:46.679,3.275,raise,-0.001875000000000071,0.5662500000000004
2026-08-16 07:04:46.689,3.285,raise,0.011250000000000426,0.5037500000000006
2026-08-16 07:04:46.699,3.295,raise,0.078125,0.6400000000000006
2026-08-16 07:04:46.709,3.305,raise,-0.0506249999999997,0.4662500000000003
2026-08-16 07:04:46.719,3.315,raise,0.06750000000000034,0.606875
2026-08-16 07:04:46.729,3.325,raise,0.0187499999999996,0.5549999999999999
2026-08-16 07:04:46.739,3.335,raise,-0.0012500000000004174,0.5162500000000003
2026-08-16 07:04:46.749,3.345,raise,0.07687499999999958,0.6400000000000006
2026-08-16 07:04:46.759,3.355,raise,-0.04750000000000032,0.46499999999999986
2026-08-16 07:04:46.769,3.365,raise,0.06500000000000061,0.6118750000000006
2026-08-16 07:04:46.779,3.375,raise,0.03375000000000017,0.5881250000000005
2026-08-16 07:04:46.789,3.385,raise,0.014374999999999805,0.5243750000000003
2026-08-16 07:04:46.799,3.395,raise,0.078125,0.6406250000000002
2026-08-16 07:04:46.809,3.405,raise,-0.04874999999999963,0.4662500000000003
2026-08-16 07:04:46.819,3.415,raise,0.06562500000000027,0.6162500000000004
2026-08-16 07:04:46.829,3.425,raise,0.015625000000000222,0.5806250000000002
2026-08-16 07:04:46.839,3.435,raise,-0.0012500000000004174,0.5306250000000001
2026-08-16 07:04:46.849,3.445,raise,0.07437499999999986,0.6381250000000005
2026-08-16 07:04:46.859,3.455,raise,-0.04750000000000032,0.4712499999999997
2026-08-16 07:04:46.869,3.465,raise,0.06562500000000027,0.6200000000000006
2026-08-16 07:04:46.879,3.475,raise,0.0318750000000001,0.5781250000000004
2026-08-16 07:04:46.889,3.485,raise,0.0187499999999996,0.4906250000000001
2026-08-16 07:04:46.899,3.495,raise,0.07624999999999993,0.6387500000000002
2026-08-16 07:04:46.909,3.505,raise,-0.050000000000000044,0.46937499999999965
2026-08-16 07:04:46.919,3.515,raise,0.07187500000000013,0.6237500000000007
2026-08-16 07:04:46.929,3.525,raise,0.010624999999999662,0.5681250000000004
2026-08-16 07:04:46.939,3.535,raise,0.003750000000000142,0.5018750000000005
2026-08-16 07:04:46.949,3.545,raise,0.07624999999999993,0.6362500000000004
2026-08-16 07:04:46.959,3.555,raise,-0.05124999999999935,0.4643750000000002
2026-08-16 07:04:46.969,3.565,raise,0.0637500000000002,0.6031249999999999
2026-08-16 07:04:46.979,3.575,raise,0.029375000000000373,0.5625000000000002
2026-08-16 07:04:46.989,3.585,raise,0.016249999999999876,0.5093749999999997
2026-08-16 07:04:46.999,3.595,raise,0.07562500000000028,0.6368750000000001
2026-08-16 07:04:47.009,3.605,raise,-0.0462499999999999,0.4643750000000002
2026-08-16 07:04:47.019,3.615,raise,0.05750000000000033,0.6074999999999997
2026-08-16 07:04:47.029,3.625,raise,0.012499999999999734,0.5531249999999999
2026-08-16 07:04:47.039,3.635,raise,0.005625000000000213,0.516875
2026-08-16 07:04:47.049,3.645,raise,0.07937500000000042,0.6387500000000002
2026-08-16 07:04:47.059,3.655,raise,-0.05249999999999977,0.4643750000000002
2026-08-16 07:04:47.069,3.665,raise,0.06687500000000068,0.6112499999999998
2026-08-16 07:04:47.079,3.675,raise,0.02687500000000065,0.5831249999999999
2026-08-16 07:04:47.089,3.685,raise,0.02187500000000009,0.5243750000000003
2026-08-16 07:04:47.099,3.695,raise,0.078125,0.6400000000000006
2026-08-16 07:04:47.109,3.705,raise,-0.04874999999999963,0.47375000000000056
2026-08-16 07:04:47.119,3.715,raise,0.0593750000000004,0.6162500000000004
2026-08-16 07:04:47.129,3.725,raise,0.01187500000000008,0.5781250000000004
2026-08-16 07:04:47.139,3.735,raise,0.008749999999999591,0.5293749999999997
2026-08-16 07:04:47.149,3.745,raise,0.08000000000000007,0.6368750000000001
2026-08-16 07:04:47.159,3.755,raise,-0.046874999999999556,0.4712499999999997
2026-08-16 07:04:47.169,3.765,raise,0.06500000000000061,0.6168750000000001
2026-08-16 07:04:47.179,3.775,raise,0.026249999999999885,0.5725000000000002
2026-08-16 07:04:47.189,3.785,raise,-0.010624999999999662,0.4993749999999997
2026-08-16 07:04:47.199,3.795,raise,0.07687499999999958,0.6368750000000001
2026-08-16 07:04:47.209,3.805,raise,-0.044999999999999485,0.46875
2026-08-16 07:04:47.219,3.815,raise,0.061875000000000124,0.5974999999999997
2026-08-16 07:04:47.229,3.825,raise,0.013750000000000151,0.5674999999999997
2026-08-16 07:04:47.239,3.835,raise,0.013125000000000497,0.5043750000000002
2026-08-16 07:04:47.249,3.845,raise,0.07624999999999993,0.6356249999999997
2026-08-16 07:04:47.259,3.855,raise,-0.04562500000000025,0.46875
2026-08-16 07:04:47.269,3.865,raise,0.06500000000000061,0.6006250000000002
2026-08-16 07:04:47.279,3.875,raise,0.025000000000000577,0.5600000000000005
2026-08-16 07:04:47.289,3.885,raise,-0.005625000000000213,0.5112499999999998
2026-08-16 07:04:47.299,3.895,raise,0.07687499999999958,0.635
2026-08-16 07:04:47.309,3.905,raise,-0.04874999999999963,0.4656250000000006
2026-08-16 07:04:47.319,3.915,raise,0.06624999999999992,0.6074999999999997
2026-08-16 07:04:47.329,3.925,raise,0.004374999999999796,0.586875
2026-08-16 07:04:47.339,3.935,raise,0.01187500000000008,0.5174999999999996
2026-08-16 07:04:47.349,3.945,raise,0.07937500000000042,0.6362500000000004
2026-08-16 07:04:47.359,3.955,raise,-0.05124999999999935,0.4643750000000002
2026-08-16 07:04:47.369,3.965,raise,0.06562500000000027,0.6125000000000003
2026-08-16 07:04:47.379,3.975,raise,0.021250000000000435,0.5843750000000003
2026-08-16 07:04:47.389,3.985,raise,-0.006249999999999867,0.5218750000000005
2026-08-16 07:04:47.399,3.995,raise,0.07624999999999993,0.6362500000000004
2026-08-16 07:04:47.409,4.005,raise,-0.050000000000000044,0.47499999999999987
2026-08-16 07:04:47.419,4.015,raise,0.061875000000000124,0.6106250000000002
2026-08-16 07:04:47.429,4.025,raise,0.03687500000000066,0.5774999999999997
2026-08-16 07:04:47.439,4.035,raise,0.01187500000000008,0.4931249999999998
2026-08-16 07:04:47.449,4.045,raise,0.08000000000000007,0.6362500000000004
2026-08-16 07:04:47.459,4.055,raise,-0.046874999999999556,0.4700000000000004
2026-08-16 07:04:47.469,4.065,raise,0.0637500000000002,0.6200000000000006
2026-08-16 07:04:47.479,4.075,raise,0.022499999999999742,0.5712499999999998
2026-08-16 07:04:47.489,4.085,raise,-0.0006249999999996536,0.49562500000000065
2026-08-16 07:04:47.499,4.095,raise,0.07500000000000062,0.6356249999999997
2026-08-16 07:04:47.509,4.105,raise,-0.046874999999999556,0.46875
2026-08-16 07:04:47.519,4.115,raise,0.06125000000000047,0.5974999999999997
2026-08-16 07:04:47.529,4.125,raise,0.03375000000000017,0.5637500000000006
2026-08-16 07:04:47.539,4.135,raise,0.015625000000000222,0.5025000000000002
2026-08-16 07:04:47.549,4.145,raise,0.07750000000000035,0.6374999999999997
2026-08-16 07:04:47.559,4.155,raise,-0.04812499999999997,0.4631249999999998
2026-08-16 07:04:47.569,4.165,raise,0.06687500000000068,0.5981250000000005
2026-08-16 07:04:47.579,4.175,raise,0.015625000000000222,0.5893749999999998
2026-08-16 07:04:47.589,4.185,raise,-0.0012500000000004174,0.5137500000000006
2026-08-16 07:04:47.599,4.195,raise,0.07874999999999965,0.6337499999999996
2026-08-16 07:04:47.609,4.205,raise,-0.04937500000000039,0.46062500000000006
2026-08-16 07:04:47.619,4.215,raise,0.06312500000000054,0.6081250000000005
2026-08-16 07:04:47.629,4.225,raise,0.030000000000000027,0.5874999999999997
2026-08-16 07:04:47.639,4.235,raise,0.0187499999999996,0.516875
2026-08-16 07:04:47.649,4.245,raise,0.07687499999999958,0.6393749999999998
2026-08-16 07:04:47.659,4.255,raise,-0.0506249999999997,0.4774999999999996
2026-08-16 07:04:47.669,4.265,raise,0.05562500000000026,0.6131249999999999
2026-08-16 07:04:47.679,4.275,raise,0.018124999999999947,0.5793749999999998
2026-08-16 07:04:47.689,4.285,raise,-0.003750000000000142,0.4849999999999999
2026-08-16 07:04:47.699,4.295,raise,0.08062499999999972,0.6368750000000001
2026-08-16 07:04:47.709,4.305,raise,-0.051875000000000115,0.46937499999999965
2026-08-16 07:04:47.719,4.315,raise,0.06125000000000047,0.6168750000000001
2026-08-16 07:04:47.729,4.325,raise,0.033125000000000515,0.5725000000000002
2026-08-16 07:04:47.739,4.335,raise,0.013125000000000497,0.4906250000000001
2026-08-16 07:04:47.749,4.345,raise,0.07874999999999965,0.635
2026-08-16 07:04:47.759,4.355,raise,-0.04937500000000039,0.4675000000000007
2026-08-16 07:04:47.769,4.365,raise,0.05562500000000026,0.5918750000000006
2026-08-16 07:04:47.779,4.375,raise,0.015625000000000222,0.566875
2026-08-16 07:04:47.789,4.385,raise,0.0031250000000004885,0.4962500000000003
2026-08-16 07:04:47.799,4.395,raise,0.07624999999999993,0.6368750000000001
2026-08-16 07:04:47.809,4.405,raise,-0.04937500000000039,0.46499999999999986
2026-08-16 07:04:47.819,4.415,raise,0.06312500000000054,0.6006250000000002
2026-08-16 07:04:47.829,4.425,raise,0.029375000000000373,0.556875
2026-08-16 07:04:47.839,4.435,raise,-0.01187500000000008,0.5062500000000003
2026-08-16 07:04:47.849,4.445,raise,0.07187500000000013,0.6374999999999997
2026-08-16 07:04:47.859,4.455,raise,-0.050000000000000044,0.4612499999999997
2026-08-16 07:04:47.869,4.465,raise,0.05812499999999998,0.6062500000000004
2026-08-16 07:04:47.879,4.475,raise,0.011250000000000426,0.5881250000000005
2026-08-16 07:04:47.889,4.485,raise,0.006875000000000631,0.5137500000000006
2026-08-16 07:04:47.899,4.495,raise,0.08000000000000007,0.6368750000000001
2026-08-16 07:04:47.909,4.505,raise,-0.04874999999999963,0.4806250000000001
2026-08-16 07:04:47.919,4.515,raise,0.06750000000000034,0.6087500000000001
2026-08-16 07:04:47.929,4.525,raise,0.029375000000000373,0.5825000000000002
2026-08-16 07:04:47.939,4.535,raise,-0.013750000000000151,0.5237500000000006
2026-08-16 07:04:47.949,4.545,raise,0.07687499999999958,0.6381250000000005
2026-08-16 07:04:47.959,4.555,raise,-0.05562500000000026,0.4712499999999997
2026-08-16 07:04:47.969,4.565,raise,0.05437499999999984,0.6156249999999996
2026-08-16 07:04:47.979,4.575,raise,0.008749999999999591,0.5781250000000004
2026-08-16 07:04:47.989,4.585,raise,0.003750000000000142,0.4906250000000001
2026-08-16 07:04:47.999,4.595,raise,0.078125,0.6368750000000001
2026-08-16 07:04:48.009,4.605,raise,-0.04937500000000039,0.4718750000000005
2026-08-16 07:04:48.019,4.615,raise,0.06874999999999964,0.5925000000000002
2026-08-16 07:04:48.029,4.625,raise,0.027500000000000302,0.5725000000000002
2026-08-16 07:04:48.039,4.635,raise,-0.00687499999999952,0.49437500000000023
2026-08-16 07:04:48.049,4.645,raise,0.07750000000000035,0.6368750000000001
2026-08-16 07:04:48.059,4.655,raise,-0.04874999999999963,0.46875
2026-08-16 07:04:48.069,4.665,raise,0.0593750000000004,0.5937500000000007
2026-08-16 07:04:48.079,4.675,raise,0.038124999999999964,0.5662500000000004
2026-08-16 07:04:48.089,4.685,raise,0.008124999999999938,0.5049999999999999
2026-08-16 07:04:48.099,4.695,raise,0.07937500000000042,0.6381250000000005
2026-08-16 07:04:48.109,4.705,raise,-0.0462499999999999,0.4662500000000003
2026-08-16 07:04:48.119,4.715,raise,0.06937500000000041,0.6006250000000002
2026-08-16 07:04:48.129,4.725,raise,0.026249999999999885,0.5937500000000007
2026-08-16 07:04:48.139,4.735,raise,-0.003750000000000142,0.5149999999999999
2026-08-16 07:04:48.149,4.745,raise,0.07937500000000042,0.6374999999999997
2026-08-16 07:04:48.159,4.755,raise,-0.04937500000000039,0.48375000000000057
2026-08-16 07:04:48.169,4.765,raise,0.06312500000000054,0.605
2026-08-16 07:04:48.179,4.775,raise,0.03687500000000066,0.5862500000000004
2026-08-16 07:04:48.189,4.785,raise,0.009375000000000355,0.5174999999999996
2026-08-16 07:04:48.199,4.795,raise,0.07687499999999958,0.6356249999999997
2026-08-16 07:04:48.209,4.805,raise,-0.050000000000000044,0.4774999999999996
2026-08-16 07:04:48.219,4.815,raise,0.06937500000000041,0.6118750000000006
2026-08-16 07:04:48.229,4.825,raise,0.02375000000000016,0.5818750000000006
2026-08-16 07:04:48.239,4.835,raise,-0.004999999999999449,0.4849999999999999
2026-08-16 07:04:48.249,4.845,raise,0.07937500000000042,0.6362500000000004
2026-08-16 07:04:48.259,4.855,raise,-0.050000000000000044,0.47499999999999987
2026-08-16 07:04:48.269,4.865,raise,0.061875000000000124,0.5925000000000002
2026-08-16 07:04:48.279,4.875,raise,0.040000000000000036,0.5774999999999997
2026-08-16 07:04:48.289,4.885,raise,0.010624999999999662,0.49000000000000044
2026-08-16 07:04:48.299,4.895,raise,0.07874999999999965,0.6374999999999997
2026-08-16 07:04:48.309,4.905,raise,-0.04812499999999997,0.4731249999999998
2026-08-16 07:04:48.319,4.915,raise,0.053750000000000187,0.5943750000000003
2026-08-16 07:04:48.329,4.925,raise,0.020000000000000018,0.5731249999999999
2026-08-16 07:04:48.339,4.935,raise,-0.001875000000000071,0.5006250000000001
2026-08-16 07:04:48.349,4.945,raise,0.07750000000000035,0.6381250000000005
2026-08-16 07:04:48.359,4.955,raise,-0.044999999999999485,0.46875
2026-08-16 07:04:48.369,4.965,raise,0.0637500000000002,0.6000000000000005
2026-08-16 07:04:48.379,4.975,raise,0.03687500000000066,0.5962500000000004
2026-08-16 07:04:48.389,4.985,raise,-0.02062499999999967,0.5074999999999996
2026-08-16 07:04:48.399,4.995,raise,0.07562500000000028,0.6412499999999999
2026-08-16 07:04:48.409,5.005,raise,-0.04812499999999997,0.46687499999999993
2026-08-16 07:04:48.419,5.015,raise,0.05249999999999977,0.6018750000000006
2026-08-16 07:04:48.429,5.025,raise,0.018124999999999947,0.5943750000000003
2026-08-16 07:04:48.439,5.035,raise,-0.0012500000000004174,0.5143750000000002
2026-08-16 07:04:48.449,5.045,raise,0.078125,0.6425000000000003
2026-08-16 07:04:48.459,5.055,raise,-0.050000000000000044,0.48124999999999973
2026-08-16 07:04:48.469,5.065,raise,0.06249999999999978,0.6074999999999997
2026-08-16 07:04:48.479,5.075,raise,0.03437499999999982,0.5881250000000005
2026-08-16 07:04:48.489,5.085,raise,-0.0187499999999996,0.4818750000000005
2026-08-16 07:04:48.499,5.095,raise,0.07562500000000028,0.643125
2026-08-16 07:04:48.509,5.105,raise,-0.050000000000000044,0.4800000000000004
2026-08-16 07:04:48.519,5.115,raise,0.05249999999999977,0.6137500000000007
2026-08-16 07:04:48.529,5.125,raise,0.014374999999999805,0.5837500000000007
2026-08-16 07:04:48.539,5.135,raise,-0.003750000000000142,0.48937499999999967
2026-08-16 07:04:48.549,5.145,raise,0.07500000000000062,0.6418750000000006
2026-08-16 07:04:48.559,5.155,raise,-0.04874999999999963,0.47687499999999994
2026-08-16 07:04:48.569,5.165,raise,0.0637500000000002,0.5918750000000006
2026-08-16 07:04:48.579,5.175,raise,0.033125000000000515,0.5762500000000004
2026-08-16 07:04:48.589,5.185,raise,-0.017500000000000293,0.4974999999999996
2026-08-16 07:04:48.599,5.195,raise,0.07687499999999958,0.6425000000000003
2026-08-16 07:04:48.609,5.205,raise,-0.04874999999999963,0.47375000000000056
2026-08-16 07:04:48.619,5.215,raise,0.055000000000000604,0.5993749999999998
2026-08-16 07:04:48.629,5.225,raise,0.012499999999999734,0.5712499999999998
2026-08-16 07:04:48.639,5.235,raise,0.001875000000000071,0.5049999999999999
2026-08-16 07:04:48.649,5.245,raise,0.07437499999999986,0.6412499999999999
2026-08-16 07:04:48.659,5.255,raise,-0.046874999999999556,0.4675000000000007
2026-08-16 07:04:48.669,5.265,raise,0.06062499999999971,0.6037500000000007
2026-08-16 07:04:48.679,5.275,raise,0.029375000000000373,0.5987500000000001
2026-08-16 07:04:48.689,5.285,raise,-0.014374999999999805,0.5137500000000006
2026-08-16 07:04:48.699,5.295,raise,0.07437499999999986,0.6418750000000006
2026-08-16 07:04:48.709,5.305,raise,-0.050000000000000044,0.4849999999999999
2026-08-16 07:04:48.719,5.315,raise,0.05624999999999991,0.6112499999999998
2026-08-16 07:04:48.729,5.325,raise,0.038124999999999964,0.5918750000000006
2026-08-16 07:04:48.739,5.335,raise,-0.0012500000000004174,0.5225000000000002
2026-08-16 07:04:48.749,5.345,raise,0.07624999999999993,0.6412499999999999
2026-08-16 07:04:48.759,5.355,raise,-0.04750000000000032,0.4800000000000004
2026-08-16 07:04:48.769,5.365,raise,0.06687500000000068,0.615
2026-08-16 07:04:48.779,5.375,raise,0.030000000000000027,0.5881250000000005
2026-08-16 07:04:48.789,5.385,raise,-0.014374999999999805,0.48812500000000036
2026-08-16 07:04:48.799,5.395,raise,0.07874999999999965,0.6418750000000006
2026-08-16 07:04:48.809,5.405,raise,-0.05124999999999935,0.4800000000000004
2026-08-16 07:04:48.819,5.415,raise,0.05812499999999998,0.5912499999999998
2026-08-16 07:04:48.829,5.425,raise,0.04249999999999976,0.5825000000000002
2026-08-16 07:04:48.839,5.435,raise,0.003750000000000142,0.4931249999999998
2026-08-16 07:04:48.849,5.445,raise,0.078125,0.6406250000000002
2026-08-16 07:04:48.859,5.455,raise,-0.04874999999999963,0.47812500000000036
2026-08-16 07:04:48.869,5.465,raise,0.0637500000000002,0.5987500000000001
2026-08-16 07:04:48.879,5.475,raise,0.024374999999999813,0.5787500000000001
2026-08-16 07:04:48.889,5.485,raise,-0.008749999999999591,0.4981250000000004
2026-08-16 07:04:48.899,5.495,raise,0.07312500000000055,0.6437499999999996
2026-08-16 07:04:48.909,5.505,raise,-0.04874999999999963,0.4743750000000002
2026-08-16 07:04:48.919,5.515,raise,0.056875000000000675,0.6037500000000007
2026-08-16 07:04:48.929,5.525,raise,0.03687500000000066,0.6031249999999999
2026-08-16 07:04:48.939,5.535,raise,0.005625000000000213,0.5081250000000004
2026-08-16 07:04:48.949,5.545,raise,0.07312500000000055,0.6425000000000003
2026-08-16 07:04:48.959,5.555,raise,-0.0506249999999997,0.46937499999999965
2026-08-16 07:04:48.969,5.565,raise,0.04812499999999997,0.6056249999999996
2026-08-16 07:04:48.979,5.575,raise,0.02187500000000009,0.596875
2026-08-16 07:04:48.989,5.585,raise,-0.008749999999999591,0.5143750000000002
2026-08-16 07:04:48.999,5.595,raise,0.07687499999999958,0.6412499999999999
2026-08-16 07:04:49.009,5.605,raise,-0.05249999999999977,0.49000000000000044
2026-08-16 07:04:49.019,5.615,raise,0.06312500000000054,0.6125000000000003
2026-08-16 07:04:49.029,5.625,raise,0.03874999999999962,0.5893749999999998
2026-08-16 07:04:49.039,5.635,raise,-0.029375000000000373,0.4843750000000002
2026-08-16 07:04:49.049,5.645,raise,0.07687499999999958,0.6425000000000003
2026-08-16 07:04:49.059,5.655,raise,-0.05124999999999935,0.4843750000000002
2026-08-16 07:04:49.069,5.665,raise,0.050000000000000044,0.615
2026-08-16 07:04:49.079,5.675,raise,0.02187500000000009,0.5874999999999997
2026-08-16 07:04:49.089,5.685,raise,-0.013124999999999387,0.4906250000000001
2026-08-16 07:04:49.099,5.695,raise,0.07562500000000028,0.6443750000000004
2026-08-16 07:04:49.109,5.705,raise,-0.054999999999999494,0.4800000000000004
2026-08-16 07:04:49.119,5.715,raise,0.05750000000000033,0.595
2026-08-16 07:04:49.129,5.725,raise,0.03687500000000066,0.5837500000000007
2026-08-16 07:04:49.139,5.735,raise,-0.022499999999999742,0.4962500000000003
2026-08-16 07:04:49.149,5.745,raise,0.07437499999999986,0.6393749999999998
2026-08-16 07:04:49.159,5.755,raise,-0.04750000000000032,0.47687499999999994
2026-08-16 07:04:49.169,5.765,raise,0.04874999999999963,0.5956249999999996
2026-08-16 07:04:49.179,5.775,raise,0.016249999999999876,0.606875
2026-08-16 07:04:49.189,5.785,raise,-0.008749999999999591,0.5006250000000001
2026-08-16 07:04:49.199,5.795,raise,0.07062499999999972,0.6425000000000003
2026-08-16 07:04:49.209,5.805,raise,-0.04750000000000032,0.4700000000000004
2026-08-16 07:04:49.219,5.815,raise,0.05812499999999998,0.6025000000000003
2026-08-16 07:04:49.229,5.825,raise,0.02874999999999961,0.6037500000000007
2026-08-16 07:04:49.239,5.835,raise,-0.023124999999999396,0.5093749999999997
2026-08-16 07:04:49.249,5.845,raise,0.07312500000000055,0.643125
2026-08-16 07:04:49.259,5.855,raise,-0.051875000000000115,0.4906250000000001
2026-08-16 07:04:49.269,5.865,raise,0.053750000000000187,0.6118750000000006
2026-08-16 07:04:49.279,5.875,raise,0.04187500000000011,0.5974999999999997
2026-08-16 07:04:49.289,5.885,raise,-0.00687499999999952,0.48124999999999973
2026-08-16 07:04:49.299,5.895,raise,0.07312500000000055,0.6418750000000006
2026-08-16 07:04:49.309,5.905,raise,-0.051875000000000115,0.48124999999999973
2026-08-16 07:04:49.319,5.915,raise,0.06125000000000047,0.615
2026-08-16 07:04:49.329,5.925,raise,0.031250000000000444,0.5937500000000007
2026-08-16 07:04:49.339,5.935,raise,-0.021249999999999325,0.4818750000000005
2026-08-16 07:04:49.349,5.945,raise,0.0737500000000002,0.6437499999999996
2026-08-16 07:04:49.359,5.955,raise,-0.05124999999999935,0.4800000000000004
2026-08-16 07:04:49.369,5.965,raise,0.05437499999999984,0.5900000000000005
2026-08-16 07:04:49.379,5.975,raise,0.04249999999999976,0.5843750000000003
2026-08-16 07:04:49.389,5.985,raise,-0.00687499999999952,0.4906250000000001
2026-08-16 07:04:49.399,5.995,raise,0.07562500000000028,0.6418750000000006
2026-08-16 07:04:49.409,6.005,raise,-0.04812499999999997,0.4774999999999996
2026-08-16 07:04:49.419,6.015,raise,0.05562500000000026,0.596875
2026-08-16 07:04:49.429,6.025,raise,0.02687500000000065,0.5756249999999996
2026-08-16 07:04:49.439,6.035,raise,-0.019375000000000364,0.49875
2026-08-16 07:04:49.449,6.045,raise,0.07000000000000006,0.6412499999999999
2026-08-16 07:04:49.459,6.055,raise,-0.05124999999999935,0.4743750000000002
2026-08-16 07:04:49.469,6.065,raise,0.05437499999999984,0.5993749999999998
2026-08-16 07:04:49.479,6.075,raise,0.04187500000000011,0.6062500000000004
2026-08-16 07:04:49.489,6.085,raise,0.0006249999999996536,0.5081250000000004
2026-08-16 07:04:49.499,6.095,raise,0.07562500000000028,0.645
2026-08-16 07:04:49.509,6.105,raise,-0.04874999999999963,0.49437500000000023
2026-08-16 07:04:49.519,6.115,raise,0.0593750000000004,0.6074999999999997
2026-08-16 07:04:49.529,6.125,raise,0.025000000000000577,0.6000000000000005
2026-08-16 07:04:49.539,6.135,raise,-0.01687499999999953,0.5156250000000007
2026-08-16 07:04:49.549,6.145,raise,0.07437499999999986,0.6425000000000003
2026-08-16 07:04:49.559,6.155,raise,-0.05312499999999942,0.48875
2026-08-16 07:04:49.569,6.165,raise,0.05562500000000026,0.6112499999999998
2026-08-16 07:04:49.579,6.175,raise,0.043125000000000524,0.5931249999999999
2026-08-16 07:04:49.589,6.185,raise,0.0031250000000004885,0.4849999999999999
2026-08-16 07:04:49.599,6.195,raise,0.078125,0.645
2026-08-16 07:04:49.609,6.205,raise,-0.04750000000000032,0.4831249999999998
2026-08-16 07:04:49.619,6.215,raise,0.04125000000000045,0.5893749999999998
2026-08-16 07:04:49.629,6.225,raise,0.025000000000000577,0.5912499999999998
2026-08-16 07:04:49.639,6.235,raise,-0.017500000000000293,0.48875
2026-08-16 07:04:49.649,6.245,raise,0.07500000000000062,0.6406250000000002
2026-08-16 07:04:49.659,6.255,raise,-0.05312499999999942,0.48124999999999973
2026-08-16 07:04:49.669,6.265,raise,0.04874999999999963,0.5918750000000006
2026-08-16 07:04:49.679,6.275,raise,0.03750000000000031,0.5837500000000007
2026-08-16 07:04:49.689,6.285,raise,-0.03249999999999975,0.49687499999999996
2026-08-16 07:04:49.699,6.295,raise,0.07312500000000055,0.6412499999999999
2026-08-16 07:04:49.709,6.305,raise,-0.05124999999999935,0.47687499999999994
2026-08-16 07:04:49.719,6.315,raise,0.04437499999999983,0.596875
2026-08-16 07:04:49.729,6.325,raise,0.02375000000000016,0.6093749999999998
2026-08-16 07:04:49.739,6.335,raise,-0.012499999999999734,0.5018750000000005
2026-08-16 07:04:49.749,6.345,raise,0.07500000000000062,0.6418750000000006
2026-08-16 07:04:49.759,6.355,raise,-0.05124999999999935,0.47499999999999987
2026-08-16 07:04:49.769,6.365,raise,0.05312500000000053,0.6006250000000002
2026-08-16 07:04:49.779,6.375,raise,0.03687500000000066,0.6037500000000007
2026-08-16 07:04:49.789,6.385,raise,-0.027500000000000302,0.50875
2026-08-16 07:04:49.799,6.395,raise,0.07687499999999958,0.6443750000000004
2026-08-16 07:04:49.809,6.405,raise,-0.04937500000000039,0.4974999999999996
2026-08-16 07:04:49.819,6.415,raise,0.0506249999999997,0.6087500000000001
2026-08-16 07:04:49.829,6.425,raise,0.021250000000000435,0.5993749999999998
2026-08-16 07:04:49.839,6.435,raise,-0.013124999999999387,0.4818750000000005
2026-08-16 07:04:49.849,6.445,raise,0.07562500000000028,0.6443750000000004
2026-08-16 07:04:49.859,6.455,raise,-0.0462499999999999,0.4918750000000005
2026-08-16 07:04:49.869,6.465,raise,0.055000000000000604,0.6106250000000002
2026-08-16 07:04:49.879,6.475,raise,0.03562500000000024,0.5981250000000005
2026-08-16 07:04:49.889,6.485,raise,-0.030000000000000027,0.48562500000000064
2026-08-16 07:04:49.899,6.495,raise,0.07437499999999986,0.6474999999999997
2026-08-16 07:04:49.909,6.505,raise,-0.053750000000000187,0.4849999999999999
2026-08-16 07:04:49.919,6.515,raise,0.045000000000000595,0.5881250000000005
2026-08-16 07:04:49.929,6.525,raise,0.02062499999999967,0.5900000000000005
2026-08-16 07:04:49.939,6.535,raise,-0.014999999999999458,0.49000000000000044
2026-08-16 07:04:49.949,6.545,raise,0.07187500000000013,0.6437499999999996
2026-08-16 07:04:49.959,6.555,raise,-0.04562500000000025,0.4800000000000004
2026-08-16 07:04:49.969,6.565,raise,0.04937500000000039,0.5912499999999998
2026-08-16 07:04:49.979,6.575,raise,0.03062499999999968,0.5843750000000003
2026-08-16 07:04:49.989,6.585,raise,-0.026249999999999885,0.49562500000000065
2026-08-16 07:04:49.999,6.595,raise,0.07249999999999979,0.643125
2026-08-16 07:04:50.009,6.605,raise,-0.054999999999999494,0.4743750000000002
2026-08-16 07:04:50.019,6.615,raise,0.04750000000000032,0.5993749999999998
2026-08-16 07:04:50.029,6.625,raise,0.04375000000000018,0.6118750000000006
2026-08-16 07:04:50.039,6.635,raise,-0.010624999999999662,0.5037500000000006
2026-08-16 07:04:50.049,6.645,raise,0.07500000000000062,0.645
2026-08-16 07:04:50.059,6.655,raise,-0.04562500000000025,0.5006250000000001
2026-08-16 07:04:50.069,6.665,raise,0.055000000000000604,0.606875
2026-08-16 07:04:50.079,6.675,raise,0.03062499999999968,0.6074999999999997
2026-08-16 07:04:50.089,6.685,raise,-0.026874999999999538,0.5131249999999998
2026-08-16 07:04:50.099,6.695,raise,0.07062499999999972,0.645
2026-08-16 07:04:50.109,6.705,raise,-0.05750000000000033,0.4937500000000006
2026-08-16 07:04:50.119,6.715,raise,0.050000000000000044,0.6118750000000006
2026-08-16 07:04:50.129,6.725,raise,0.04375000000000018,0.6012499999999998
2026-08-16 07:04:50.139,6.735,raise,-0.013124999999999387,0.4849999999999999
2026-08-16 07:04:50.149,6.745,raise,0.07125000000000048,0.6437499999999996
2026-08-16 07:04:50.159,6.755,raise,-0.04937500000000039,0.49000000000000044
2026-08-16 07:04:50.169,6.765,raise,0.03874999999999962,0.5887500000000001
2026-08-16 07:04:50.179,6.775,raise,0.028124999999999956,0.5925000000000002
2026-08-16 07:04:50.189,6.785,raise,-0.026874999999999538,0.48812500000000036
2026-08-16 07:04:50.199,6.795,raise,0.07000000000000006,0.6393749999999998
2026-08-16 07:04:50.209,6.805,raise,-0.0593750000000004,0.4831249999999998
2026-08-16 07:04:50.219,6.815,raise,0.04375000000000018,0.5906250000000002
2026-08-16 07:04:50.229,6.825,raise,0.04249999999999976,0.5856249999999996
2026-08-16 07:04:50.239,6.835,raise,-0.011249999999999316,0.4918750000000005
2026-08-16 07:04:50.249,6.845,raise,0.07187500000000013,0.643125
2026-08-16 07:04:50.259,6.855,raise,-0.04812499999999997,0.4806250000000001
2026-08-16 07:04:50.269,6.865,raise,0.03937500000000038,0.596875
2026-08-16 07:04:50.279,6.875,raise,0.028124999999999956,0.6125000000000003
2026-08-16 07:04:50.289,6.885,raise,-0.023124999999999396,0.5031249999999998
2026-08-16 07:04:50.299,6.895,raise,0.06937500000000041,0.6443750000000004
2026-08-16 07:04:50.309,6.905,raise,-0.05562500000000026,0.5000000000000004
2026-08-16 07:04:50.319,6.915,raise,0.04937500000000039,0.6012499999999998
2026-08-16 07:04:50.329,6.925,raise,0.038124999999999964,0.606875
2026-08-16 07:04:50.339,6.935,raise,-0.03937500000000038,0.5056250000000007
2026-08-16 07:04:50.349,6.945,raise,0.07125000000000048,0.6400000000000006
2026-08-16 07:04:50.359,6.955,raise,-0.050000000000000044,0.4974999999999996
2026-08-16 07:04:50.369,6.965,raise,0.043125000000000524,0.6081250000000005
2026-08-16 07:04:50.379,6.975,raise,0.026249999999999885,0.6018750000000006
2026-08-16 07:04:50.389,6.985,raise,-0.018124999999999947,0.48124999999999973
2026-08-16 07:04:50.399,6.995,raise,0.07249999999999979,0.6456249999999997
2026-08-16 07:04:50.409,7.005,raise,-0.05437499999999984,0.4962500000000003
2026-08-16 07:04:50.419,7.015,raise,0.0506249999999997,0.5831249999999999
2026-08-16 07:04:50.429,7.025,raise,0.035000000000000586,0.6012499999999998
2026-08-16 07:04:50.439,7.035,raise,-0.04062499999999969,0.48562500000000064
2026-08-16 07:04:50.449,7.045,raise,0.07125000000000048,0.645
2026-08-16 07:04:50.459,7.055,raise,-0.05750000000000033,0.48812500000000036
2026-08-16 07:04:50.469,7.065,raise,0.04187500000000011,0.586875
2026-08-16 07:04:50.479,7.075,raise,0.020000000000000018,0.5937500000000007
2026-08-16 07:04:50.489,7.085,raise,-0.023124999999999396,0.48875
2026-08-16 07:04:50.499,7.095,raise,0.0737500000000002,0.6437499999999996
2026-08-16 07:04:50.509,7.105,raise,-0.04249999999999976,0.4849999999999999
2026-08-16 07:04:50.519,7.115,raise,0.05125000000000046,0.5912499999999998
2026-08-16 07:04:50.529,7.125,raise,0.04062499999999969,0.6156249999999996
2026-08-16 07:04:50.539,7.135,raise,-0.034999999999999476,0.49562500000000065
2026-08-16 07:04:50.549,7.145,raise,0.07000000000000006,0.6425000000000003
2026-08-16 07:04:50.559,7.155,raise,-0.05124999999999935,0.4806250000000001
2026-08-16 07:04:50.569,7.165,raise,0.040000000000000036,0.5987500000000001
2026-08-16 07:04:50.579,7.175,raise,0.02562500000000023,0.615
2026-08-16 07:04:50.589,7.185,raise,-0.018124999999999947,0.5018750000000005
2026-08-16 07:04:50.599,7.195,raise,0.07000000000000006,0.6481250000000005
2026-08-16 07:04:50.609,7.205,raise,-0.044999999999999485,0.5049999999999999
2026-08-16 07:04:50.619,7.215,raise,0.051875000000000115,0.6062500000000004
2026-08-16 07:04:50.629,7.225,raise,0.03750000000000031,0.6125000000000003
2026-08-16 07:04:50.639,7.235,raise,-0.02874999999999961,0.47499999999999987
2026-08-16 07:04:50.649,7.245,raise,0.06750000000000034,0.6474999999999997
2026-08-16 07:04:50.659,7.255,raise,-0.05562500000000026,0.49437500000000023
2026-08-16 07:04:50.669,7.265,raise,0.045000000000000595,0.6056249999999996
2026-08-16 07:04:50.679,7.275,raise,0.04750000000000032,0.6012499999999998
2026-08-16 07:04:50.689,7.285,raise,-0.01687499999999953,0.48124999999999973
2026-08-16 07:04:50.699,7.295,raise,0.07125000000000048,0.6481250000000005
2026-08-16 07:04:50.709,7.305,raise,-0.04937500000000039,0.49250000000000016
2026-08-16 07:04:50.719,7.315,raise,0.055000000000000604,0.5825000000000002
2026-08-16 07:04:50.729,7.325,raise,0.03437499999999982,0.5974999999999997
2026-08-16 07:04:50.739,7.335,raise,-0.033124999999999405,0.4874999999999996
2026-08-16 07:04:50.749,7.345,raise,0.07249999999999979,0.6412499999999999
2026-08-16 07:04:50.759,7.355,raise,-0.05312499999999942,0.4862500000000003
2026-08-16 07:04:50.769,7.365,raise,0.045000000000000595,0.5881250000000005
2026-08-16 07:04:50.779,7.375,raise,0.04937500000000039,0.5893749999999998
2026-08-16 07:04:50.789,7.385,raise,-0.016249999999999876,0.48937499999999967
2026-08-16 07:04:50.799,7.395,raise,0.07249999999999979,0.6425000000000003
2026-08-16 07:04:50.809,7.405,raise,-0.04437499999999983,0.4818750000000005
2026-08-16 07:04:50.819,7.415,raise,0.0506249999999997,0.5937500000000007
2026-08-16 07:04:50.829,7.425,raise,0.03624999999999989,0.6187500000000001
2026-08-16 07:04:50.839,7.435,raise,-0.030000000000000027,0.49562500000000065
2026-08-16 07:04:50.849,7.445,raise,0.06937500000000041,0.6462500000000004
2026-08-16 07:04:50.859,7.455,raise,-0.0506249999999997,0.5093749999999997
2026-08-16 07:04:50.869,7.465,raise,0.045000000000000595,0.6031249999999999
2026-08-16 07:04:50.879,7.475,raise,0.04125000000000045,0.6137500000000007
2026-08-16 07:04:50.889,7.485,raise,-0.011249999999999316,0.5062500000000003
2026-08-16 07:04:50.899,7.495,raise,0.06750000000000034,0.6474999999999997
2026-08-16 07:04:50.909,7.505,raise,-0.04812499999999997,0.5018750000000005
2026-08-16 07:04:50.919,7.515,raise,0.035000000000000586,0.6062500000000004
2026-08-16 07:04:50.929,7.525,raise,0.03062499999999968,0.6037500000000007
2026-08-16 07:04:50.939,7.535,raise,-0.028124999999999956,0.47937499999999966
2026-08-16 07:04:50.949,7.545,raise,0.07000000000000006,0.6456249999999997
2026-08-16 07:04:50.959,7.555,raise,-0.056874999999999565,0.49562500000000065
2026-08-16 07:04:50.969,7.565,raise,0.04750000000000032,0.5793749999999998
2026-08-16 07:04:50.979,7.575,raise,0.04437499999999983,0.6006250000000002
2026-08-16 07:04:50.989,7.585,raise,-0.012499999999999734,0.48250000000000015
2026-08-16 07:04:50.999,7.595,raise,0.07312500000000055,0.643125
2026-08-16 07:04:51.009,7.605,raise,-0.0506249999999997,0.48687499999999995
2026-08-16 07:04:51.019,7.615,raise,0.03687500000000066,0.585
2026-08-16 07:04:51.029,7.625,raise,0.0318750000000001,0.5943750000000003
2026-08-16 07:04:51.039,7.635,raise,-0.03062499999999968,0.4874999999999996
2026-08-16 07:04:51.049,7.645,raise,0.07187500000000013,0.643125
2026-08-16 07:04:51.059,7.655,raise,-0.054999999999999494,0.48375000000000057
2026-08-16 07:04:51.069,7.665,raise,0.04562500000000025,0.5925000000000002
2026-08-16 07:04:51.079,7.675,raise,0.04562500000000025,0.6200000000000006
2026-08-16 07:04:51.089,7.685,raise,-0.04062499999999969,0.49562500000000065
2026-08-16 07:04:51.099,7.695,raise,0.07062499999999972,0.6437499999999996
2026-08-16 07:04:51.109,7.705,raise,-0.04874999999999963,0.4843750000000002
2026-08-16 07:04:51.119,7.715,raise,0.038124999999999964,0.5956249999999996
2026-08-16 07:04:51.129,7.725,raise,0.028124999999999956,0.6168750000000001
2026-08-16 07:04:51.139,7.735,raise,-0.02562500000000023,0.5006250000000001
2026-08-16 07:04:51.149,7.745,raise,0.07000000000000006,0.6456249999999997
2026-08-16 07:04:51.159,7.755,raise,-0.03874999999999962,0.5043750000000002
2026-08-16 07:04:51.169,7.765,raise,0.04750000000000032,0.6006250000000002
2026-08-16 07:04:51.179,7.775,raise,0.040000000000000036,0.6093749999999998
2026-08-16 07:04:51.189,7.785,raise,-0.04375000000000018,0.4762500000000003
2026-08-16 07:04:51.199,7.795,raise,0.06750000000000034,0.6437499999999996
2026-08-16 07:04:51.209,7.805,raise,-0.0506249999999997,0.4981250000000004
2026-08-16 07:04:51.219,7.815,raise,0.04062499999999969,0.575
2026-08-16 07:04:51.229,7.825,raise,0.02375000000000016,0.6062500000000004
2026-08-16 07:04:51.239,7.835,raise,-0.024999999999999467,0.4806250000000001
2026-08-16 07:04:51.249,7.845,raise,0.07187500000000013,0.643125
2026-08-16 07:04:51.259,7.855,raise,-0.04187500000000011,0.49562500000000065
2026-08-16 07:04:51.269,7.865,raise,0.051875000000000115,0.5812499999999998
2026-08-16 07:04:51.279,7.875,raise,0.04187500000000011,0.6012499999999998
2026-08-16 07:04:51.289,7.885,raise,-0.03687499999999955,0.48562500000000064
2026-08-16 07:04:51.299,7.895,raise,0.07000000000000006,0.6406250000000002
2026-08-16 07:04:51.309,7.905,raise,-0.05562500000000026,0.49000000000000044
2026-08-16 07:04:51.319,7.915,raise,0.04249999999999976,0.585
2026-08-16 07:04:51.329,7.925,raise,0.05125000000000046,0.6243750000000003
2026-08-16 07:04:51.339,7.935,raise,-0.02375000000000016,0.4874999999999996
2026-08-16 07:04:51.349,7.945,raise,0.07000000000000006,0.6418750000000006
2026-08-16 07:04:51.359,7.955,raise,-0.04249999999999976,0.4831249999999998
2026-08-16 07:04:51.369,7.965,raise,0.0506249999999997,0.5912499999999998
2026-08-16 07:04:51.379,7.975,raise,0.040000000000000036,0.6187500000000001
2026-08-16 07:04:51.389,7.985,raise,-0.03562500000000024,0.49250000000000016
2026-08-16 07:04:51.399,7.995,raise,0.06750000000000034,0.645
2026-08-16 07:04:51.409,8.005,raise,-0.053750000000000187,0.5149999999999999
2026-08-16 07:04:51.419,8.015,raise,0.03937500000000038,0.5956249999999996
2026-08-16 07:04:51.429,8.025,raise,0.05249999999999977,0.6137500000000007
2026-08-16 07:04:51.439,8.035,raise,-0.021249999999999325,0.47687499999999994
2026-08-16 07:04:51.449,8.045,raise,0.06874999999999964,0.643125
2026-08-16 07:04:51.459,8.055,raise,-0.04437499999999983,0.5043750000000002
2026-08-16 07:04:51.469,8.065,raise,0.04750000000000032,0.6012499999999998
2026-08-16 07:04:51.479,8.075,raise,0.03562500000000024,0.6062500000000004
2026-08-16 07:04:51.489,8.085,raise,-0.033124999999999405,0.47499999999999987
2026-08-16 07:04:51.499,8.095,raise,0.06624999999999992,0.6474999999999997
2026-08-16 07:04:51.509,8.105,raise,-0.051875000000000115,0.49875
2026-08-16 07:04:51.519,8.115,raise,0.03937500000000038,0.575
2026-08-16 07:04:51.529,8.125,raise,0.05125000000000046,0.6018750000000006
2026-08-16 07:04:51.539,8.135,raise,-0.016249999999999876,0.48124999999999973
2026-08-16 07:04:51.549,8.145,raise,0.07000000000000006,0.6412499999999999
2026-08-16 07:04:51.559,8.155,raise,-0.04375000000000018,0.4906250000000001
2026-08-16 07:04:51.569,8.165,raise,0.03437499999999982,0.5831249999999999
2026-08-16 07:04:51.579,8.175,raise,0.029375000000000373,0.5956249999999996
2026-08-16 07:04:51.589,8.185,raise,-0.03249999999999975,0.48562500000000064
2026-08-16 07:04:51.599,8.195,raise,0.07249999999999979,0.6393749999999998
2026-08-16 07:04:51.609,8.205,raise,-0.054999999999999494,0.48687499999999995
2026-08-16 07:04:51.619,8.215,raise,0.04375000000000018,0.5912499999999998
2026-08-16 07:04:51.629,8.225,raise,0.05125000000000046,0.6243750000000003
2026-08-16 07:04:51.639,8.235,raise,-0.0187499999999996,0.4906250000000001
2026-08-16 07:04:51.649,8.245,raise,0.07312500000000055,0.6437499999999996
2026-08-16 07:04:51.659,8.255,raise,-0.046874999999999556,0.5137500000000006
2026-08-16 07:04:51.669,8.265,raise,0.03437499999999982,0.5956249999999996
2026-08-16 07:04:51.679,8.275,raise,0.033125000000000515,0.6174999999999997
2026-08-16 07:04:51.689,8.285,raise,-0.03750000000000031,0.49687499999999996
2026-08-16 07:04:51.699,8.295,raise,0.06750000000000034,0.643125
2026-08-16 07:04:51.709,8.305,raise,-0.05624999999999991,0.5074999999999996
2026-08-16 07:04:51.719,8.315,raise,0.04062499999999969,0.5987500000000001
2026-08-16 07:04:51.729,8.325,raise,0.04874999999999963,0.6125000000000003
2026-08-16 07:04:51.739,8.335,raise,-0.04249999999999976,0.47250000000000014
2026-08-16 07:04:51.749,8.345,raise,0.07249999999999979,0.6437499999999996
2026-08-16 07:04:51.759,8.355,raise,-0.04562500000000025,0.5012499999999998
2026-08-16 07:04:51.769,8.365,raise,0.035000000000000586,0.5731249999999999
2026-08-16 07:04:51.779,8.375,raise,0.03437499999999982,0.6062500000000004
2026-08-16 07:04:51.789,8.385,raise,-0.027500000000000302,0.47812500000000036
2026-08-16 07:04:51.799,8.395,raise,0.06874999999999964,0.6412499999999999
2026-08-16 07:04:51.809,8.405,raise,-0.03937500000000038,0.4962500000000003
2026-08-16 07:04:51.819,8.415,raise,0.046875000000000666,0.576875
2026-08-16 07:04:51.829,8.425,raise,0.043125000000000524,0.6012499999999998
2026-08-16 07:04:51.839,8.435,raise,-0.04062499999999969,0.4831249999999998
2026-08-16 07:04:51.849,8.445,raise,0.07125000000000048,0.6425000000000003
2026-08-16 07:04:51.859,8.455,raise,-0.04937500000000039,0.4931249999999998
2026-08-16 07:04:51.869,8.465,raise,0.04249999999999976,0.5843750000000003
2026-08-16 07:04:51.879,8.475,raise,0.0318750000000001,0.6231249999999999
2026-08-16 07:04:51.889,8.485,raise,-0.029375000000000373,0.48937499999999967
2026-08-16 07:04:51.899,8.495,raise,0.07312500000000055,0.6412499999999999
2026-08-16 07:04:51.909,8.505,raise,-0.034999999999999476,0.4862500000000003
2026-08-16 07:04:51.919,8.515,raise,0.04874999999999963,0.5906250000000002
2026-08-16 07:04:51.929,8.525,raise,0.0462499999999999,0.6162500000000004
2026-08-16 07:04:51.939,8.535,raise,-0.04437499999999983,0.4906250000000001
2026-08-16 07:04:51.949,8.545,raise,0.07249999999999979,0.6400000000000006
2026-08-16 07:04:51.959,8.555,raise,-0.04937500000000039,0.5118750000000005
2026-08-16 07:04:51.969,8.565,raise,0.038124999999999964,0.5918750000000006
2026-08-16 07:04:51.979,8.575,raise,0.056875000000000675,0.6162500000000004
2026-08-16 07:04:51.989,8.585,raise,-0.029375000000000373,0.4718750000000005
2026-08-16 07:04:51.999,8.595,raise,0.06812499999999999,0.6425000000000003
2026-08-16 07:04:52.009,8.605,raise,-0.034999999999999476,0.5037500000000006
2026-08-16 07:04:52.019,8.615,raise,0.045000000000000595,0.596875
2026-08-16 07:04:52.029,8.625,raise,0.045000000000000595,0.6081250000000005
2026-08-16 07:04:52.039,8.635,raise,-0.040000000000000036,0.4762500000000003
2026-08-16 07:04:52.049,8.645,raise,0.06687500000000068,0.6425000000000003
2026-08-16 07:04:52.059,8.655,raise,-0.04562500000000025,0.5018750000000005
2026-08-16 07:04:52.069,8.665,raise,0.04249999999999976,0.5743750000000003
2026-08-16 07:04:52.079,8.675,raise,0.055000000000000604,0.6043750000000003
2026-08-16 07:04:52.089,8.685,raise,-0.02187500000000009,0.4806250000000001
2026-08-16 07:04:52.099,8.695,raise,0.07125000000000048,0.6368750000000001
2026-08-16 07:04:52.109,8.705,raise,-0.03874999999999962,0.49687499999999996
2026-08-16 07:04:52.119,8.715,raise,0.050000000000000044,0.5774999999999997
2026-08-16 07:04:52.129,8.725,raise,0.04062499999999969,0.6000000000000005
2026-08-16 07:04:52.139,8.735,raise,-0.04249999999999976,0.48375000000000057
2026-08-16 07:04:52.149,8.745,raise,0.07062499999999972,0.6387500000000002
2026-08-16 07:04:52.159,8.755,raise,-0.05249999999999977,0.4906250000000001
2026-08-16 07:04:52.169,8.765,raise,0.03874999999999962,0.585
2026-08-16 07:04:52.179,8.775,raise,0.05624999999999991,0.6181250000000005
2026-08-16 07:04:52.189,8.785,raise,-0.02187500000000009,0.4849999999999999
2026-08-16 07:04:52.199,8.795,raise,0.07249999999999979,0.6381250000000005
2026-08-16 07:04:52.209,8.805,raise,-0.04249999999999976,0.51875
2026-08-16 07:04:52.219,8.815,raise,0.029375000000000373,0.5887500000000001
2026-08-16 07:04:52.229,8.825,raise,0.03874999999999962,0.6174999999999997
2026-08-16 07:04:52.239,8.835,raise,-0.03937500000000038,0.4700000000000004
2026-08-16 07:04:52.249,8.845,raise,0.07125000000000048,0.6412499999999999
2026-08-16 07:04:52.259,8.855,raise,-0.05437499999999984,0.5093749999999997
2026-08-16 07:04:52.269,8.865,raise,0.03874999999999962,0.5937500000000007
2026-08-16 07:04:52.279,8.875,raise,0.05562500000000026,0.6143750000000003
2026-08-16 07:04:52.289,8.885,raise,-0.050000000000000044,0.4712499999999997
2026-08-16 07:04:52.299,8.895,raise,0.07312500000000055,0.6418750000000006
2026-08-16 07:04:52.309,8.905,raise,-0.03750000000000031,0.5031249999999998
2026-08-16 07:04:52.319,8.915,raise,0.03375000000000017,0.5643750000000003
2026-08-16 07:04:52.329,8.925,raise,0.04249999999999976,0.6081250000000005
2026-08-16 07:04:52.339,8.935,raise,-0.03624999999999989,0.47687499999999994
2026-08-16 07:04:52.349,8.945,raise,0.06874999999999964,0.635
2026-08-16 07:04:52.359,8.955,raise,-0.0506249999999997,0.4993749999999997
2026-08-16 07:04:52.369,8.965,raise,0.04062499999999969,0.5706250000000002
2026-08-16 07:04:52.379,8.975,raise,0.05249999999999977,0.605
2026-08-16 07:04:52.389,8.985,raise,-0.04874999999999963,0.47812500000000036
2026-08-16 07:04:52.399,8.995,raise,0.07187500000000013,0.6393749999999998
2026-08-16 07:04:52.409,9.005,raise,-0.04187500000000011,0.4931249999999998
2026-08-16 07:04:52.419,9.015,raise,0.03562500000000024,0.5781250000000004
2026-08-16 07:04:52.429,9.025,raise,0.03937500000000038,0.6243750000000003
2026-08-16 07:04:52.439,9.035,raise,-0.03687499999999955,0.48250000000000015
2026-08-16 07:04:52.449,9.045,raise,0.06874999999999964,0.6381250000000005
2026-08-16 07:04:52.459,9.055,raise,-0.0318750000000001,0.5237500000000006
2026-08-16 07:04:52.469,9.065,raise,0.04249999999999976,0.5831249999999999
2026-08-16 07:04:52.479,9.075,raise,0.04937500000000039,0.6181250000000005
2026-08-16 07:04:52.489,9.085,raise,-0.04750000000000032,0.4906250000000001
2026-08-16 07:04:52.499,9.095,raise,0.07062499999999972,0.6406250000000002
2026-08-16 07:04:52.509,9.105,raise,-0.044999999999999485,0.5137500000000006
2026-08-16 07:04:52.519,9.115,raise,0.03437499999999982,0.5918750000000006
2026-08-16 07:04:52.529,9.125,raise,0.03874999999999962,0.6187500000000001
2026-08-16 07:04:52.539,9.135,raise,-0.033124999999999405,0.4700000000000004
2026-08-16 07:04:52.549,9.145,raise,0.07249999999999979,0.6418750000000006
2026-08-16 07:04:52.559,9.155,raise,-0.03375000000000017,0.5093749999999997
2026-08-16 07:04:52.569,9.165,raise,0.04375000000000018,0.5631249999999999
2026-08-16 07:04:52.579,9.175,raise,0.051875000000000115,0.6112499999999998
2026-08-16 07:04:52.589,9.185,raise,-0.04874999999999963,0.47250000000000014
2026-08-16 07:04:52.599,9.195,raise,0.07249999999999979,0.6393749999999998
2026-08-16 07:04:52.609,9.205,raise,-0.0462499999999999,0.5006250000000001
2026-08-16 07:04:52.619,9.215,raise,0.03624999999999989,0.5687500000000001
2026-08-16 07:04:52.629,9.225,raise,0.06062499999999971,0.6081250000000005
2026-08-16 07:04:52.639,9.235,raise,-0.033124999999999405,0.4762500000000003
2026-08-16 07:04:52.649,9.245,raise,0.07125000000000048,0.6368750000000001
2026-08-16 07:04:52.659,9.255,raise,-0.03062499999999968,0.49875
2026-08-16 07:04:52.669,9.265,raise,0.04562500000000025,0.575
2026-08-16 07:04:52.679,9.275,raise,0.046875000000000666,0.6243750000000003
2026-08-16 07:04:52.689,9.285,raise,-0.04562500000000025,0.47812500000000036
2026-08-16 07:04:52.699,9.295,raise,0.061875000000000124,0.6362500000000004
2026-08-16 07:04:52.709,9.305,raise,-0.04937500000000039,0.49124999999999974
2026-08-16 07:04:52.719,9.315,raise,0.03562500000000024,0.5800000000000005
2026-08-16 07:04:52.729,9.325,raise,0.055000000000000604,0.6225000000000003
2026-08-16 07:04:52.739,9.335,raise,-0.029375000000000373,0.4862500000000003
2026-08-16 07:04:52.749,9.345,raise,0.07062499999999972,0.6387500000000002
2026-08-16 07:04:52.759,9.355,raise,-0.033124999999999405,0.5181250000000004
2026-08-16 07:04:52.769,9.365,raise,0.046875000000000666,0.5862500000000004
2026-08-16 07:04:52.779,9.375,raise,0.04437499999999983,0.6174999999999997
2026-08-16 07:04:52.789,9.385,raise,-0.04187500000000011,0.4718750000000005
2026-08-16 07:04:52.799,9.395,raise,0.06687500000000068,0.6412499999999999
2026-08-16 07:04:52.809,9.405,raise,-0.04937500000000039,0.5156250000000007
2026-08-16 07:04:52.819,9.415,raise,0.03937500000000038,0.5881250000000005
2026-08-16 07:04:52.829,9.425,raise,0.05624999999999991,0.615
2026-08-16 07:04:52.839,9.435,raise,-0.02874999999999961,0.47250000000000014
2026-08-16 07:04:52.849,9.445,raise,0.07312500000000055,0.6418750000000006
2026-08-16 07:04:52.859,9.455,raise,-0.03687499999999955,0.50875
2026-08-16 07:04:52.869,9.465,raise,0.02874999999999961,0.565
2026-08-16 07:04:52.879,9.475,raise,0.04750000000000032,0.6100000000000005
2026-08-16 07:04:52.889,9.485,raise,-0.04562500000000025,0.4762500000000003
2026-08-16 07:04:52.899,9.495,raise,0.07062499999999972,0.6325000000000003
2026-08-16 07:04:52.909,9.505,raise,-0.051875000000000115,0.5037500000000006
2026-08-16 07:04:52.919,9.515,raise,0.040000000000000036,0.5700000000000005
2026-08-16 07:04:52.929,9.525,raise,0.058749999999999636,0.6087500000000001
2026-08-16 07:04:52.939,9.535,raise,-0.03249999999999975,0.4762500000000003
2026-08-16 07:04:52.949,9.545,raise,0.07187500000000013,0.6300000000000006
2026-08-16 07:04:52.959,9.555,raise,-0.03874999999999962,0.4949999999999999
2026-08-16 07:04:52.969,9.565,raise,0.02687500000000065,0.5712499999999998
2026-08-16 07:04:52.979,9.575,raise,0.04562500000000025,0.6218750000000006
2026-08-16 07:04:52.989,9.585,raise,-0.040000000000000036,0.4818750000000005
2026-08-16 07:04:52.999,9.595,raise,0.06937500000000041,0.6356249999999997
2026-08-16 07:04:53.009,9.605,raise,-0.04750000000000032,0.5262500000000003
2026-08-16 07:04:53.019,9.615,raise,0.040000000000000036,0.5774999999999997
2026-08-16 07:04:53.029,9.625,raise,0.05437499999999984,0.6218750000000006
2026-08-16 07:04:53.039,9.635,raise,-0.04874999999999963,0.47875
2026-08-16 07:04:53.049,9.645,raise,0.07125000000000048,0.6393749999999998
2026-08-16 07:04:53.059,9.655,raise,-0.03750000000000031,0.5200000000000005
2026-08-16 07:04:53.069,9.665,raise,0.0318750000000001,0.585
2026-08-16 07:04:53.079,9.675,raise,0.04249999999999976,0.6193749999999998
2026-08-16 07:04:53.089,9.685,raise,-0.03375000000000017,0.46937499999999965
2026-08-16 07:04:53.099,9.695,raise,0.0737500000000002,0.6406250000000002
2026-08-16 07:04:53.109,9.705,raise,-0.02562500000000023,0.5131249999999998
2026-08-16 07:04:53.119,9.715,raise,0.04437499999999983,0.5543750000000003
2026-08-16 07:04:53.129,9.725,raise,0.05750000000000033,0.6112499999999998
2026-08-16 07:04:53.139,9.735,raise,-0.051875000000000115,0.4700000000000004
2026-08-16 07:04:53.149,9.745,raise,0.0737500000000002,0.643125
2026-08-16 07:04:53.159,9.755,raise,-0.04187500000000011,0.5043750000000002
2026-08-16 07:04:53.169,9.765,raise,0.029375000000000373,0.5593749999999997
2026-08-16 07:04:53.179,9.775,raise,0.03937500000000038,0.6081250000000005
2026-08-16 07:04:53.189,9.785,raise,-0.04187500000000011,0.4718750000000005
2026-08-16 07:04:53.199,9.795,raise,0.0737500000000002,0.6268750000000001
2026-08-16 07:04:53.209,9.805,raise,-0.023124999999999396,0.4949999999999999
2026-08-16 07:04:53.219,9.815,raise,0.03937500000000038,0.566875
2026-08-16 07:04:53.229,9.825,raise,0.05750000000000033,0.6256249999999997
2026-08-16 07:04:53.239,9.835,raise,-0.04937500000000039,0.4743750000000002
2026-08-16 07:04:53.249,9.845,raise,0.07249999999999979,0.635
2026-08-16 07:04:53.259,9.855,raise,-0.03750000000000031,0.48812500000000036
2026-08-16 07:04:53.269,9.865,raise,0.03375000000000017,0.5731249999999999
2026-08-16 07:04:53.279,9.875,raise,0.06249999999999978,0.6231249999999999
2026-08-16 07:04:53.289,9.885,raise,-0.03624999999999989,0.4774999999999996
2026-08-16 07:04:53.299,9.895,raise,0.07125000000000048,0.6362500000000004
2026-08-16 07:04:53.309,9.905,raise,-0.024374999999999813,0.5231249999999998
2026-08-16 07:04:53.319,9.915,raise,0.04437499999999983,0.5825000000000002
2026-08-16 07:04:53.329,9.925,raise,0.05437499999999984,0.6200000000000006
2026-08-16 07:04:53.339,9.935,raise,-0.043124999999999414,0.4656250000000006
2026-08-16 07:04:53.349,9.945,raise,0.07125000000000048,0.6381250000000005
2026-08-16 07:04:53.359,9.955,raise,-0.043124999999999414,0.5174999999999996
2026-08-16 07:04:53.369,9.965,raise,0.035000000000000586,0.546875
2026-08-16 07:04:53.379,9.975,raise,0.06312500000000054,0.615
2026-08-16 07:04:53.389,9.985,raise,-0.034999999999999476,0.46499999999999986
2026-08-16 07:04:53.399,9.995,raise,0.07125000000000048,0.6425000000000003
2026-08-16 07:04:53.409,10.005,raise,-0.03062499999999968,0.5118750000000005
2026-08-16 07:04:53.419,10.015,raise,0.0462499999999999,0.556875
2026-08-16 07:04:53.429,10.025,raise,0.04937500000000039,0.6112499999999998
2026-08-16 07:04:53.439,10.035,raise,-0.046874999999999556,0.46812500000000035
2026-08-16 07:04:53.449,10.045,raise,0.06624999999999992,0.6281250000000005
2026-08-16 07:04:53.459,10.055,raise,-0.046874999999999556,0.5000000000000004
2026-08-16 07:04:53.469,10.065,raise,0.03624999999999989,0.5662500000000004
2026-08-16 07:04:53.479,10.075,raise,0.06437499999999985,0.6256249999999997
2026-08-16 07:04:53.489,10.085,raise,-0.03437499999999982,0.47250000000000014
2026-08-16 07:04:53.499,10.095,raise,0.07125000000000048,0.6287500000000001
2026-08-16 07:04:53.509,10.105,raise,-0.028124999999999956,0.4937500000000006
2026-08-16 07:04:53.519,10.115,raise,0.026249999999999885,0.5718750000000006
2026-08-16 07:04:53.529,10.125,raise,0.053750000000000187,0.6268750000000001
2026-08-16 07:04:53.539,10.135,raise,-0.04437499999999983,0.47812500000000036
2026-08-16 07:04:53.549,10.145,raise,0.06937500000000041,0.6356249999999997
2026-08-16 07:04:53.559,10.155,raise,-0.04375000000000018,0.5274999999999996
2026-08-16 07:04:53.569,10.165,raise,0.03562500000000024,0.5762500000000004
2026-08-16 07:04:53.579,10.175,raise,0.06000000000000005,0.6200000000000006
2026-08-16 07:04:53.589,10.185,raise,-0.03562500000000024,0.4656250000000006
2026-08-16 07:04:53.599,10.195,raise,0.06937500000000041,0.635
2026-08-16 07:04:53.609,10.205,raise,-0.031249999999999334,0.5225000000000002
2026-08-16 07:04:53.619,10.215,raise,0.024374999999999813,0.5831249999999999
2026-08-16 07:04:53.629,10.225,raise,0.05125000000000046,0.6187500000000001
2026-08-16 07:04:53.639,10.235,raise,-0.04249999999999976,0.4675000000000007
2026-08-16 07:04:53.649,10.245,raise,0.07125000000000048,0.6362500000000004
2026-08-16 07:04:53.659,10.255,raise,-0.0462499999999999,0.5174999999999996
2026-08-16 07:04:53.669,10.265,raise,0.03562500000000024,0.5543750000000003
2026-08-16 07:04:53.679,10.275,raise,0.0593750000000004,0.6137500000000007
2026-08-16 07:04:53.689,10.285,raise,-0.053750000000000187,0.46875
2026-08-16 07:04:53.699,10.295,raise,0.06937500000000041,0.6274999999999997
2026-08-16 07:04:53.709,10.305,raise,-0.03624999999999989,0.50875
2026-08-16 07:04:53.719,10.315,raise,0.02687500000000065,0.5593749999999997
2026-08-16 07:04:53.729,10.325,raise,0.04562500000000025,0.6100000000000005
2026-08-16 07:04:53.739,10.335,raise,-0.03937500000000038,0.47375000000000056
2026-08-16 07:04:53.749,10.345,raise,0.06937500000000041,0.6281250000000005
2026-08-16 07:04:53.759,10.355,raise,-0.02062499999999967,0.5025000000000002
2026-08-16 07:04:53.769,10.365,raise,0.03937500000000038,0.566875
2026-08-16 07:04:53.779,10.375,raise,0.0593750000000004,0.6237500000000007
2026-08-16 07:04:53.789,10.385,raise,-0.053750000000000187,0.47562500000000063
2026-08-16 07:04:53.799,10.395,raise,0.07187500000000013,0.6318750000000006
2026-08-16 07:04:53.809,10.405,raise,-0.03687499999999955,0.5349999999999999
2026-08-16 07:04:53.819,10.415,raise,0.025000000000000577,0.575
2026-08-16 07:04:53.829,10.425,raise,0.045000000000000595,0.6206250000000002
2026-08-16 07:04:53.839,10.435,raise,-0.04375000000000018,0.47562500000000063
2026-08-16 07:04:53.849,10.445,raise,0.07187500000000013,0.635
2026-08-16 07:04:53.859,10.455,raise,-0.020000000000000018,0.5274999999999996
2026-08-16 07:04:53.869,10.465,raise,0.03874999999999962,0.575
2026-08-16 07:04:53.879,10.475,raise,0.06125000000000047,0.6187500000000001
2026-08-16 07:04:53.889,10.485,raise,-0.05312499999999942,0.46499999999999986
2026-08-16 07:04:53.899,10.495,raise,0.07187500000000013,0.6374999999999997
2026-08-16 07:04:53.909,10.505,raise,-0.03375000000000017,0.5218750000000005
2026-08-16 07:04:53.919,10.515,raise,0.027500000000000302,0.5500000000000005
2026-08-16 07:04:53.929,10.525,raise,0.06125000000000047,0.6200000000000006
2026-08-16 07:04:53.939,10.535,raise,-0.043124999999999414,0.46687499999999993
2026-08-16 07:04:53.949,10.545,raise,0.06624999999999992,0.6400000000000006
2026-08-16 07:04:53.959,10.555,raise,-0.024999999999999467,0.5156250000000007
2026-08-16 07:04:53.969,10.565,raise,0.03687500000000066,0.5518750000000006
2026-08-16 07:04:53.979,10.575,raise,0.05624999999999991,0.615
2026-08-16 07:04:53.989,10.585,raise,-0.04812499999999997,0.47062500000000007
2026-08-16 07:04:53.999,10.595,raise,0.07249999999999979,0.6256249999999997
2026-08-16 07:04:54.009,10.605,raise,-0.03624999999999989,0.5074999999999996
2026-08-16 07:04:54.019,10.615,raise,0.03062499999999968,0.5581250000000004
2026-08-16 07:04:54.029,10.625,raise,0.06125000000000047,0.6256249999999997
2026-08-16 07:04:54.039,10.635,raise,-0.038124999999999964,0.46875
2026-08-16 07:04:54.049,10.645,raise,0.07000000000000006,0.6312499999999999
2026-08-16 07:04:54.059,10.655,raise,-0.027500000000000302,0.4993749999999997
2026-08-16 07:04:54.069,10.665,raise,0.03874999999999962,0.566875
2026-08-16 07:04:54.079,10.675,raise,0.05312500000000053,0.6287500000000001
2026-08-16 07:04:54.089,10.685,raise,-0.051875000000000115,0.4743750000000002
2026-08-16 07:04:54.099,10.695,raise,0.06687500000000068,0.6325000000000003
2026-08-16 07:04:54.109,10.705,raise,-0.043124999999999414,0.5349999999999999
2026-08-16 07:04:54.119,10.715,raise,0.03562500000000024,0.5743750000000003
2026-08-16 07:04:54.129,10.725,raise,0.06750000000000034,0.6225000000000003
2026-08-16 07:04:54.139,10.735,raise,-0.03874999999999962,0.46499999999999986
2026-08-16 07:04:54.149,10.745,raise,0.07249999999999979,0.6381250000000005
2026-08-16 07:04:54.159,10.755,raise,-0.02562500000000023,0.5256250000000007
2026-08-16 07:04:54.169,10.765,raise,0.015625000000000222,0.5374999999999996
2026-08-16 07:04:54.179,10.775,raise,0.05750000000000033,0.6200000000000006
2026-08-16 07:04:54.189,10.785,raise,-0.05249999999999977,0.4631249999999998
2026-08-16 07:04:54.199,10.795,raise,0.0637500000000002,0.6374999999999997
2026-08-16 07:04:54.209,10.805,raise,-0.043124999999999414,0.51875
2026-08-16 07:04:54.219,10.815,raise,0.02687500000000065,0.5449999999999999
2026-08-16 07:04:54.229,10.825,raise,0.0637500000000002,0.6156249999999996
2026-08-16 07:04:54.239,10.835,raise,-0.04062499999999969,0.4662500000000003
2026-08-16 07:04:54.249,10.845,raise,0.07000000000000006,0.6231249999999999
2026-08-16 07:04:54.259,10.855,raise,-0.024374999999999813,0.5125000000000002
2026-08-16 07:04:54.269,10.865,raise,0.02187500000000009,0.5537500000000006
2026-08-16 07:04:54.279,10.875,raise,0.056875000000000675,0.6118750000000006
2026-08-16 07:04:54.289,10.885,raise,-0.04874999999999963,0.46875
2026-08-16 07:04:54.299,10.895,raise,0.06437499999999985,0.6293749999999998
2026-08-16 07:04:54.309,10.905,raise,-0.043124999999999414,0.5043750000000002
2026-08-16 07:04:54.319,10.915,raise,0.035000000000000586,0.5625000000000002
2026-08-16 07:04:54.329,10.925,raise,0.06249999999999978,0.6306250000000002
2026-08-16 07:04:54.339,10.935,raise,-0.054999999999999494,0.47250000000000014
2026-08-16 07:04:54.349,10.945,raise,0.07125000000000048,0.6306250000000002
2026-08-16 07:04:54.359,10.955,raise,-0.0318750000000001,0.5387500000000001
2026-08-16 07:04:54.369,10.965,raise,0.024374999999999813,0.5725000000000002
2026-08-16 07:04:54.379,10.975,raise,0.04937500000000039,0.6268750000000001
2026-08-16 07:04:54.389,10.985,raise,-0.04812499999999997,0.4631249999999998
2026-08-16 07:04:54.399,10.995,raise,0.06812499999999999,0.6343750000000004
2026-08-16 07:04:54.409,11.005,raise,-0.0462499999999999,0.5318750000000005
2026-08-16 07:04:54.419,11.015,raise,0.03687500000000066,0.5762500000000004
2026-08-16 07:04:54.429,11.025,raise,0.06249999999999978,0.6218750000000006
2026-08-16 07:04:54.439,11.035,raise,-0.0593750000000004,0.4656250000000006
2026-08-16 07:04:54.449,11.045,raise,0.07187500000000013,0.6356249999999997
2026-08-16 07:04:54.459,11.055,raise,-0.034999999999999476,0.5200000000000005
2026-08-16 07:04:54.469,11.065,raise,0.024374999999999813,0.5406250000000001
2026-08-16 07:04:54.479,11.075,raise,0.05312500000000053,0.6162500000000004
2026-08-16 07:04:54.489,11.085,raise,-0.04874999999999963,0.4675000000000007
2026-08-16 07:04:54.499,11.095,raise,0.06750000000000034,0.6225000000000003
2026-08-16 07:04:54.509,11.105,raise,-0.016249999999999876,0.5174999999999996
2026-08-16 07:04:54.519,11.115,raise,0.03437499999999982,0.5518750000000006
2026-08-16 07:04:54.529,11.125,raise,0.061875000000000124,0.6162500000000004
2026-08-16 07:04:54.539,11.135,raise,-0.05312499999999942,0.4700000000000004
2026-08-16 07:04:54.549,11.145,raise,0.07187500000000013,0.6212499999999999
2026-08-16 07:04:54.559,11.155,raise,-0.03062499999999968,0.5112499999999998
2026-08-16 07:04:54.569,11.165,raise,0.02687500000000065,0.5593749999999997
2026-08-16 07:04:54.579,11.175,raise,0.06687500000000068,0.6281250000000005
2026-08-16 07:04:54.589,11.185,raise,-0.04375000000000018,0.47375000000000056
2026-08-16 07:04:54.599,11.195,raise,0.06500000000000061,0.6293749999999998
2026-08-16 07:04:54.609,11.205,raise,-0.016249999999999876,0.5431249999999999
2026-08-16 07:04:54.619,11.215,raise,0.03687500000000066,0.5637500000000006
2026-08-16 07:04:54.629,11.225,raise,0.06000000000000005,0.625
2026-08-16 07:04:54.639,11.235,raise,-0.05562500000000026,0.4743750000000002
2026-08-16 07:04:54.649,11.245,raise,0.06874999999999964,0.6287500000000001
2026-08-16 07:04:54.659,11.255,raise,-0.03562500000000024,0.536875
2026-08-16 07:04:54.669,11.265,raise,0.028124999999999956,0.5656249999999996
2026-08-16 07:04:54.679,11.275,raise,0.0637500000000002,0.6225000000000003
2026-08-16 07:04:54.689,11.285,raise,-0.04750000000000032,0.4656250000000006
2026-08-16 07:04:54.699,11.295,raise,0.06812499999999999,0.635
2026-08-16 07:04:54.709,11.305,raise,-0.020000000000000018,0.5306250000000001
2026-08-16 07:04:54.719,11.315,raise,0.03375000000000017,0.5356250000000007
2026-08-16 07:04:54.729,11.325,raise,0.056875000000000675,0.6212499999999999
2026-08-16 07:04:54.739,11.335,raise,-0.054999999999999494,0.4675000000000007
2026-08-16 07:04:54.749,11.345,raise,0.06062499999999971,0.6343750000000004
2026-08-16 07:04:54.759,11.355,raise,-0.03750000000000031,0.5218750000000005
2026-08-16 07:04:54.769,11.365,raise,0.028124999999999956,0.5443750000000003
2026-08-16 07:04:54.779,11.375,raise,0.06624999999999992,0.6187500000000001
2026-08-16 07:04:54.789,11.385,raise,-0.0462499999999999,0.46937499999999965
2026-08-16 07:04:54.799,11.395,raise,0.07000000000000006,0.6237500000000007
2026-08-16 07:04:54.809,11.405,raise,-0.02375000000000016,0.5193749999999997
2026-08-16 07:04:54.819,11.415,raise,0.013750000000000151,0.5525000000000002
2026-08-16 07:04:54.829,11.425,raise,0.0593750000000004,0.6306250000000002
2026-08-16 07:04:54.839,11.435,raise,-0.05624999999999991,0.47062500000000007
2026-08-16 07:04:54.849,11.445,raise,0.06500000000000061,0.6237500000000007
2026-08-16 07:04:54.859,11.455,raise,-0.04124999999999934,0.5125000000000002
2026-08-16 07:04:54.869,11.465,raise,0.027500000000000302,0.5574999999999997
2026-08-16 07:04:54.879,11.475,raise,0.0637500000000002,0.6287500000000001
2026-08-16 07:04:54.889,11.485,raise,-0.04437499999999983,0.47375000000000056
2026-08-16 07:04:54.899,11.495,raise,0.07125000000000048,0.6281250000000005
2026-08-16 07:04:54.909,11.505,raise,-0.02187500000000009,0.5449999999999999
2026-08-16 07:04:54.919,11.515,raise,0.015000000000000568,0.5618750000000006
2026-08-16 07:04:54.929,11.525,raise,0.05562500000000026,0.625
2026-08-16 07:04:54.939,11.535,raise,-0.05750000000000033,0.4643750000000002
2026-08-16 07:04:54.949,11.545,raise,0.061875000000000124,0.6312499999999999
2026-08-16 07:04:54.959,11.555,raise,-0.04249999999999976,0.5374999999999996
2026-08-16 07:04:54.969,11.565,raise,0.02687500000000065,0.5681250000000004
2026-08-16 07:04:54.979,11.575,raise,0.06312500000000054,0.6237500000000007
2026-08-16 07:04:54.989,11.585,raise,-0.06124999999999936,0.46687499999999993
2026-08-16 07:04:54.999,11.595,raise,0.06874999999999964,0.635
2026-08-16 07:04:55.009,11.605,raise,-0.02375000000000016,0.5331249999999998
2026-08-16 07:04:55.019,11.615,raise,0.015625000000000222,0.5406250000000001
2026-08-16 07:04:55.029,11.625,raise,0.05562500000000026,0.625
2026-08-16 07:04:55.039,11.635,raise,-0.051875000000000115,0.46812500000000035
2026-08-16 07:04:55.049,11.645,raise,0.06812499999999999,0.6174999999999997
2026-08-16 07:04:55.059,11.655,raise,-0.043124999999999414,0.5225000000000002
2026-08-16 07:04:55.069,11.665,raise,0.03062499999999968,0.546875
2026-08-16 07:04:55.079,11.675,raise,0.06312500000000054,0.6187500000000001
2026-08-16 07:04:55.089,11.685,raise,-0.0637500000000002,0.4700000000000004
2026-08-16 07:04:55.099,11.695,raise,0.07062499999999972,0.6218750000000006
2026-08-16 07:04:55.109,11.705,raise,-0.029375000000000373,0.5181250000000004
2026-08-16 07:04:55.119,11.715,raise,0.021250000000000435,0.5518750000000006
2026-08-16 07:04:55.129,11.725,raise,0.05624999999999991,0.6325000000000003
2026-08-16 07:04:55.139,11.735,raise,-0.054999999999999494,0.46812500000000035
2026-08-16 07:04:55.149,11.745,raise,0.06750000000000034,0.6274999999999997
2026-08-16 07:04:55.159,11.755,raise,-0.011249999999999316,0.5537500000000006
2026-08-16 07:04:55.169,11.765,raise,0.028124999999999956,0.5556249999999996
2026-08-16 07:04:55.179,11.775,raise,0.06437499999999985,0.6306250000000002
2026-08-16 07:04:55.189,11.785,raise,-0.0637500000000002,0.4631249999999998
2026-08-16 07:04:55.199,11.795,raise,0.13812500000000005,0.6281250000000005
2026-08-16 07:04:55.209,11.805,raise,-0.034999999999999476,0.5425000000000002
2026-08-16 07:04:55.219,11.815,raise,0.06562500000000027,0.565
2026-08-16 07:04:55.229,11.825,raise,0.1287499999999997,0.625
2026-08-16 07:04:55.239,11.835,raise,-0.05750000000000033,0.46499999999999986
2026-08-16 07:04:55.249,11.845,raise,0.1243749999999999,0.6325000000000003
2026-08-16 07:04:55.259,11.855,raise,-0.008124999999999938,0.5362500000000003
2026-08-16 07:04:55.269,11.865,raise,0.07624999999999993,0.5281250000000004
2026-08-16 07:04:55.279,11.875,raise,0.12249999999999983,0.625
2026-08-16 07:04:55.289,11.885,raise,-0.07249999999999979,0.4656250000000006
2026-08-16 07:04:55.299,11.895,raise,0.12687499999999963,0.6118750000000006
2026-08-16 07:04:55.309,11.905,raise,-0.0462499999999999,0.52875
2026-08-16 07:04:55.319,11.915,raise,0.06312500000000054,0.5374999999999996
2026-08-16 07:04:55.329,11.925,raise,0.12187500000000018,0.6181250000000005
2026-08-16 07:04:55.339,11.935,raise,-0.058749999999999636,0.46499999999999986
2026-08-16 07:04:55.349,11.945,raise,0.12125000000000052,0.6162500000000004
2026-08-16 07:04:55.359,11.955,raise,-0.02375000000000016,0.5200000000000005
2026-08-16 07:04:55.369,11.965,raise,0.07750000000000035,0.5456250000000007
2026-08-16 07:04:55.379,11.975,raise,0.11312500000000059,0.6306250000000002
2026-08-16 07:04:55.389,11.985,raise,-0.08000000000000007,0.4700000000000004
2026-08-16 07:04:55.399,11.995,raise,0.11062499999999975,0.6200000000000006
2026-08-16 07:04:55.409,12.005,raise,-0.06000000000000005,0.5525000000000002
2026-08-16 07:04:55.419,12.015,raise,0.05750000000000033,0.5512499999999998
2026-08-16 07:04:55.429,12.025,raise,0.11375000000000024,0.6287500000000001
2026-08-16 07:04:55.439,12.035,raise,-0.06874999999999964,0.4700000000000004
2026-08-16 07:04:55.449,12.045,raise,0.11562500000000031,0.6237500000000007
2026-08-16 07:04:55.459,12.055,raise,-0.033124999999999405,0.5481250000000004
2026-08-16 07:04:55.469,12.065,raise,0.03437499999999982,0.5581250000000004
2026-08-16 07:04:55.479,12.075,raise,0.10437499999999988,0.6256249999999997
2026-08-16 07:04:55.489,12.085,raise,-0.08312499999999945,0.4643750000000002
2026-08-16 07:04:55.499,12.095,raise,0.10624999999999996,0.6300000000000006
2026-08-16 07:04:55.509,12.105,raise,-0.0649999999999995,0.5412499999999998
2026-08-16 07:04:55.519,12.115,raise,0.051875000000000115,0.5262500000000003
2026-08-16 07:04:55.529,12.125,raise,0.10937500000000044,0.6237500000000007
2026-08-16 07:04:55.539,12.135,raise,-0.0737500000000002,0.46375000000000055
2026-08-16 07:04:55.549,12.145,raise,0.10937500000000044,0.6306250000000002
2026-08-16 07:04:55.559,12.155,raise,-0.04062499999999969,0.5343750000000003
2026-08-16 07:04:55.569,12.165,raise,0.0318750000000001,0.5331249999999998
2026-08-16 07:04:55.579,12.175,raise,0.10187500000000016,0.6218750000000006
2026-08-16 07:04:55.589,12.185,raise,-0.08812500000000001,0.46687499999999993
2026-08-16 07:04:55.599,12.195,raise,0.10500000000000065,0.6174999999999997
2026-08-16 07:04:55.609,12.205,raise,-0.07124999999999937,0.5281250000000004
2026-08-16 07:04:55.619,12.215,raise,0.05125000000000046,0.5443750000000003
2026-08-16 07:04:55.629,12.225,raise,0.10750000000000037,0.6325000000000003
2026-08-16 07:04:55.639,12.235,raise,-0.10375000000000023,0.46937499999999965
2026-08-16 07:04:55.649,12.245,raise,0.10624999999999996,0.6225000000000003
2026-08-16 07:04:55.659,12.255,raise,-0.04437499999999983,0.5237500000000006
2026-08-16 07:04:55.669,12.265,raise,0.03249999999999975,0.5481250000000004
2026-08-16 07:04:55.679,12.275,raise,0.09375000000000022,0.6312499999999999
2026-08-16 07:04:55.689,12.285,raise,-0.08812500000000001,0.4712499999999997
2026-08-16 07:04:55.699,12.295,raise,0.09750000000000036,0.6218750000000006
2026-08-16 07:04:55.709,12.305,raise,-0.07687499999999958,0.5531249999999999
2026-08-16 07:04:55.719,12.315,raise,0.04562500000000025,0.5537500000000006
2026-08-16 07:04:55.729,12.325,raise,0.09812500000000002,0.6256249999999997
2026-08-16 07:04:55.739,12.335,raise,-0.10249999999999981,0.4675000000000007
2026-08-16 07:04:55.749,12.345,raise,0.10187500000000016,0.6256249999999997
2026-08-16 07:04:55.759,12.355,raise,-0.05312499999999942,0.5474999999999997
2026-08-16 07:04:55.769,12.365,raise,0.031250000000000444,0.5593749999999997
2026-08-16 07:04:55.779,12.375,raise,0.08750000000000036,0.6274999999999997
2026-08-16 07:04:55.789,12.385,raise,-0.08937500000000043,0.4675000000000007
2026-08-16 07:04:55.799,12.395,raise,0.10249999999999981,0.6274999999999997
2026-08-16 07:04:55.809,12.405,raise,-0.026874999999999538,0.5437500000000006
2026-08-16 07:04:55.819,12.415,raise,0.0506249999999997,0.5325000000000002
2026-08-16 07:04:55.829,12.425,raise,0.09812500000000002,0.6256249999999997
2026-08-16 07:04:55.839,12.435,raise,-0.10750000000000037,0.46812500000000035
2026-08-16 07:04:55.849,12.445,raise,0.10750000000000037,0.6131249999999999
2026-08-16 07:04:55.859,12.455,raise,-0.05750000000000033,0.5387500000000001
2026-08-16 07:04:55.869,12.465,raise,0.03249999999999975,0.5306250000000001
2026-08-16 07:04:55.879,12.475,raise,0.10187500000000016,0.6243750000000003
2026-08-16 07:04:55.889,12.485,raise,-0.09187500000000015,0.4675000000000007
2026-08-16 07:04:55.899,12.495,raise,0.09937500000000044,0.615
2026-08-16 07:04:55.909,12.505,raise,-0.029375000000000373,0.5306250000000001
2026-08-16 07:04:55.919,12.515,raise,0.046875000000000666,0.5406250000000001
2026-08-16 07:04:55.929,12.525,raise,0.09874999999999967,0.6293749999999998
2026-08-16 07:04:55.939,12.535,raise,-0.10499999999999954,0.46812500000000035
2026-08-16 07:04:55.949,12.545,raise,0.10187500000000016,0.6181250000000005
2026-08-16 07:04:55.959,12.555,raise,-0.061875000000000124,0.5600000000000005
2026-08-16 07:04:55.969,12.565,raise,0.03249999999999975,0.5456250000000007
2026-08-16 07:04:55.979,12.575,raise,0.09937500000000044,0.6312499999999999
2026-08-16 07:04:55.989,12.585,raise,-0.09312499999999946,0.46812500000000035
2026-08-16 07:04:55.999,12.595,raise,0.09312500000000057,0.6218750000000006
2026-08-16 07:04:56.009,12.605,raise,-0.03624999999999989,0.5587500000000001
2026-08-16 07:04:56.019,12.615,raise,0.04812499999999997,0.5543750000000003
2026-08-16 07:04:56.029,12.625,raise,0.09750000000000036,0.6318750000000006
2026-08-16 07:04:56.039,12.635,raise,-0.10312499999999947,0.4675000000000007
2026-08-16 07:04:56.049,12.645,raise,0.08687499999999959,0.6281250000000005
2026-08-16 07:04:56.059,12.655,raise,-0.0637500000000002,0.5506250000000001
2026-08-16 07:04:56.069,12.665,raise,0.035000000000000586,0.5206250000000001
2026-08-16 07:04:56.079,12.675,raise,0.09937500000000044,0.6293749999999998
2026-08-16 07:04:56.089,12.685,raise,-0.09000000000000008,0.46875
2026-08-16 07:04:56.099,12.695,raise,0.09437499999999988,0.6318750000000006
2026-08-16 07:04:56.109,12.705,raise,-0.03937500000000038,0.5412499999999998
2026-08-16 07:04:56.119,12.715,raise,0.051875000000000115,0.5274999999999996
2026-08-16 07:04:56.129,12.725,raise,0.09375000000000022,0.6281250000000005
2026-08-16 07:04:56.139,12.735,raise,-0.10312499999999947,0.46687499999999993
2026-08-16 07:04:56.149,12.745,raise,0.0912500000000005,0.6143750000000003
2026-08-16 07:04:56.159,12.755,raise,-0.07124999999999937,0.5343750000000003
2026-08-16 07:04:56.169,12.765,raise,0.03437499999999982,0.5356250000000007
2026-08-16 07:04:56.179,12.775,raise,0.09937500000000044,0.635
2026-08-16 07:04:56.189,12.785,raise,-0.09437499999999988,0.46687499999999993
2026-08-16 07:04:56.199,12.795,raise,0.09375000000000022,0.6168750000000001
2026-08-16 07:04:56.209,12.805,raise,-0.04375000000000018,0.5243750000000003
2026-08-16 07:04:56.219,12.815,raise,0.013125000000000497,0.5431249999999999
2026-08-16 07:04:56.229,12.825,raise,0.0924999999999998,0.6318750000000006
2026-08-16 07:04:56.239,12.835,raise,-0.10812500000000003,0.46875
2026-08-16 07:04:56.249,12.845,raise,0.08750000000000036,0.6212499999999999
2026-08-16 07:04:56.259,12.855,raise,-0.07062499999999972,0.5606250000000002
2026-08-16 07:04:56.269,12.865,raise,0.033125000000000515,0.5506250000000001
2026-08-16 07:04:56.279,12.875,raise,0.09874999999999967,0.6331249999999999
2026-08-16 07:04:56.289,12.885,raise,-0.11624999999999996,0.4675000000000007
2026-08-16 07:04:56.299,12.895,raise,0.09624999999999995,0.6274999999999997
2026-08-16 07:04:56.309,12.905,raise,-0.04437499999999983,0.5537500000000006
2026-08-16 07:04:56.319,12.915,raise,0.017500000000000293,0.5574999999999997
2026-08-16 07:04:56.329,12.925,raise,0.0912500000000005,0.6274999999999997
2026-08-16 07:04:56.339,12.935,raise,-0.10249999999999981,0.4675000000000007
2026-08-16 07:04:56.349,12.945,raise,0.08750000000000036,0.6300000000000006
2026-08-16 07:04:56.359,12.955,raise,-0.07437499999999986,0.5456250000000007
2026-08-16 07:04:56.369,12.965,raise,0.03687500000000066,0.5243750000000003
2026-08-16 07:04:56.379,12.975,raise,0.0956250000000003,0.6256249999999997
2026-08-16 07:04:56.389,12.985,raise,-0.11187500000000017,0.46687499999999993
2026-08-16 07:04:56.399,12.995,raise,0.0956250000000003,0.6131249999999999
2026-08-16 07:04:56.409,13.005,raise,-0.04937500000000039,0.5387500000000001
2026-08-16 07:04:56.419,13.015,raise,0.018124999999999947,0.5300000000000005
2026-08-16 07:04:56.429,13.025,raise,0.08687499999999959,0.6343750000000004
2026-08-16 07:04:56.439,13.035,raise,-0.10312499999999947,0.4675000000000007
2026-08-16 07:04:56.449,13.045,raise,0.08624999999999994,0.6168750000000001
2026-08-16 07:04:56.459,13.055,raise,-0.021249999999999325,0.5293749999999997
2026-08-16 07:04:56.469,13.065,raise,0.03624999999999989,0.5406250000000001
2026-08-16 07:04:56.479,13.075,raise,0.0956250000000003,0.6331249999999999
2026-08-16 07:04:56.489,13.085,raise,-0.11312499999999948,0.46812500000000035
2026-08-16 07:04:56.499,13.095,raise,0.09500000000000064,0.6200000000000006
2026-08-16 07:04:56.509,13.105,raise,-0.053750000000000187,0.5662500000000004
2026-08-16 07:04:56.519,13.115,raise,0.02187500000000009,0.5449999999999999
2026-08-16 07:04:56.529,13.125,raise,0.09624999999999995,0.6306250000000002
2026-08-16 07:04:56.539,13.135,raise,-0.10437499999999988,0.46937499999999965
2026-08-16 07:04:56.549,13.145,raise,0.08687499999999959,0.6225000000000003
2026-08-16 07:04:56.559,13.155,raise,-0.023124999999999396,0.5549999999999999
2026-08-16 07:04:56.569,13.165,raise,0.04062499999999969,0.5518750000000006
2026-08-16 07:04:56.579,13.175,raise,0.0924999999999998,0.6256249999999997
2026-08-16 07:04:56.589,13.185,raise,-0.1112499999999994,0.4675000000000007
2026-08-16 07:04:56.599,13.195,raise,0.09937500000000044,0.6256249999999997
2026-08-16 07:04:56.609,13.205,raise,-0.053750000000000187,0.5525000000000002
2026-08-16 07:04:56.619,13.215,raise,0.024374999999999813,0.51875
2026-08-16 07:04:56.629,13.225,raise,0.10187500000000016,0.6274999999999997
2026-08-16 07:04:56.639,13.235,raise,-0.10000000000000009,0.46875
2026-08-16 07:04:56.649,13.245,raise,0.08812500000000001,0.606875
2026-08-16 07:04:56.659,13.255,raise,-0.026249999999999885,0.5456250000000007
2026-08-16 07:04:56.669,13.265,raise,0.03687500000000066,0.5243750000000003
2026-08-16 07:04:56.679,13.275,raise,0.09437499999999988,0.6243750000000003
2026-08-16 07:04:56.689,13.285,raise,-0.11312499999999948,0.4662500000000003
2026-08-16 07:04:56.699,13.295,raise,0.078125,0.6100000000000005
2026-08-16 07:04:56.709,13.305,raise,-0.05750000000000033,0.5374999999999996
2026-08-16 07:04:56.719,13.315,raise,0.019375000000000364,0.5300000000000005
2026-08-16 07:04:56.729,13.325,raise,0.09874999999999967,0.6325000000000003
2026-08-16 07:04:56.739,13.335,raise,-0.09750000000000036,0.46812500000000035
2026-08-16 07:04:56.749,13.345,raise,0.08874999999999966,0.6168750000000001
2026-08-16 07:04:56.759,13.355,raise,-0.026874999999999538,0.5706250000000002
2026-08-16 07:04:56.769,13.365,raise,0.03937500000000038,0.5418750000000006
2026-08-16 07:04:56.779,13.375,raise,0.09187500000000015,0.6331249999999999
2026-08-16 07:04:56.789,13.385,raise,-0.10937499999999933,0.46937499999999965
2026-08-16 07:04:56.799,13.395,raise,0.08000000000000007,0.6174999999999997
2026-08-16 07:04:56.809,13.405,raise,-0.05812499999999998,0.5631249999999999
2026-08-16 07:04:56.819,13.415,raise,0.02375000000000016,0.5462500000000003
2026-08-16 07:04:56.829,13.425,raise,0.09437499999999988,0.6306250000000002
2026-08-16 07:04:56.839,13.435,raise,-0.09499999999999953,0.4700000000000004
2026-08-16 07:04:56.849,13.445,raise,0.09062499999999973,0.6218750000000006
2026-08-16 07:04:56.859,13.455,raise,-0.03437499999999982,0.5600000000000005
2026-08-16 07:04:56.869,13.465,raise,0.007500000000000284,0.5112499999999998
2026-08-16 07:04:56.879,13.475,raise,0.08687499999999959,0.6306250000000002
2026-08-16 07:04:56.889,13.485,raise,-0.11187500000000017,0.46875
2026-08-16 07:04:56.899,13.495,raise,0.08500000000000063,0.6243750000000003
2026-08-16 07:04:56.909,13.505,raise,-0.0649999999999995,0.5537500000000006
2026-08-16 07:04:56.919,13.515,raise,0.029375000000000373,0.5225000000000002
2026-08-16 07:04:56.929,13.525,raise,0.0956250000000003,0.6300000000000006
2026-08-16 07:04:56.939,13.535,raise,-0.12312499999999948,0.46812500000000035
2026-08-16 07:04:56.949,13.545,raise,0.09312500000000057,0.6062500000000004
2026-08-16 07:04:56.959,13.555,raise,-0.03624999999999989,0.5443750000000003
2026-08-16 07:04:56.969,13.565,raise,0.0024999999999997247,0.5262500000000003
2026-08-16 07:04:56.979,13.575,raise,0.09062499999999973,0.6293749999999998
2026-08-16 07:04:56.989,13.585,raise,-0.11375000000000024,0.4675000000000007
2026-08-16 07:04:56.999,13.595,raise,0.08500000000000063,0.6112499999999998
2026-08-16 07:04:57.009,13.605,raise,-0.06687499999999957,0.536875
2026-08-16 07:04:57.019,13.615,raise,0.02874999999999961,0.5306250000000001
2026-08-16 07:04:57.029,13.625,raise,0.0968749999999996,0.6312499999999999
2026-08-16 07:04:57.039,13.635,raise,-0.11687499999999962,0.4675000000000007
2026-08-16 07:04:57.049,13.645,raise,0.09187500000000015,0.6156249999999996
2026-08-16 07:04:57.059,13.655,raise,-0.03562500000000024,0.5681250000000004
2026-08-16 07:04:57.069,13.665,raise,0.008749999999999591,0.5387500000000001
2026-08-16 07:04:57.079,13.675,raise,0.09624999999999995,0.6312499999999999
2026-08-16 07:04:57.089,13.685,raise,-0.10937499999999933,0.47062500000000007
2026-08-16 07:04:57.099,13.695,raise,0.08687499999999959,0.6174999999999997
2026-08-16 07:04:57.109,13.705,raise,-0.008749999999999591,0.5631249999999999
2026-08-16 07:04:57.119,13.715,raise,0.026249999999999885,0.546875
2026-08-16 07:04:57.129,13.725,raise,0.09624999999999995,0.6318750000000006
2026-08-16 07:04:57.139,13.735,raise,-0.1143749999999999,0.46937499999999965
2026-08-16 07:04:57.149,13.745,raise,0.09375000000000022,0.6225000000000003
2026-08-16 07:04:57.159,13.755,raise,-0.03874999999999962,0.5543750000000003
2026-08-16 07:04:57.169,13.765,raise,0.014374999999999805,0.5100000000000005
2026-08-16 07:04:57.179,13.775,raise,0.0968749999999996,0.6293749999999998
2026-08-16 07:04:57.189,13.785,raise,-0.10687499999999961,0.4662500000000003
2026-08-16 07:04:57.199,13.795,raise,0.08437499999999987,0.6025000000000003
2026-08-16 07:04:57.209,13.805,raise,-0.014999999999999458,0.5474999999999997
2026-08-16 07:04:57.219,13.815,raise,0.031250000000000444,0.516875
2026-08-16 07:04:57.229,13.825,raise,0.09312500000000057,0.6218750000000006
2026-08-16 07:04:57.239,13.835,raise,-0.11624999999999996,0.4656250000000006
2026-08-16 07:04:57.249,13.845,raise,0.0912500000000005,0.6087500000000001
2026-08-16 07:04:57.259,13.855,raise,-0.043124999999999414,0.5418750000000006
2026-08-16 07:04:57.269,13.865,raise,0.015000000000000568,0.5262500000000003
2026-08-16 07:04:57.279,13.875,raise,0.09750000000000036,0.6356249999999997
2026-08-16 07:04:57.289,13.885,raise,-0.10624999999999996,0.4656250000000006
2026-08-16 07:04:57.299,13.895,raise,0.09062499999999973,0.6131249999999999
2026-08-16 07:04:57.309,13.905,raise,-0.014374999999999805,0.5737500000000006
2026-08-16 07:04:57.319,13.915,raise,0.03624999999999989,0.5343750000000003
2026-08-16 07:04:57.329,13.925,raise,0.09500000000000064,0.6337499999999996
2026-08-16 07:04:57.339,13.935,raise,-0.11312499999999948,0.46687499999999993
2026-08-16 07:04:57.349,13.945,raise,0.07874999999999965,0.6200000000000006
2026-08-16 07:04:57.359,13.955,raise,-0.04812499999999997,0.566875
2026-08-16 07:04:57.369,13.965,raise,0.014374999999999805,0.5431249999999999
2026-08-16 07:04:57.379,13.975,raise,0.09812500000000002,0.6337499999999996
2026-08-16 07:04:57.389,13.985,raise,-0.10062499999999974,0.46812500000000035
2026-08-16 07:04:57.399,13.995,raise,0.08874999999999966,0.6187500000000001
2026-08-16 07:04:57.409,14.005,raise,-0.01687499999999953,0.5600000000000005
2026-08-16 07:04:57.419,14.015,raise,-0.01187500000000008,0.5056250000000007
2026-08-16 07:04:57.429,14.025,raise,0.09750000000000036,0.6281250000000005
2026-08-16 07:04:57.439,14.035,raise,-0.11562500000000031,0.4643750000000002
2026-08-16 07:04:57.449,14.045,raise,0.078125,0.6206250000000002
2026-08-16 07:04:57.459,14.055,raise,-0.0506249999999997,0.5531249999999999
2026-08-16 07:04:57.469,14.065,raise,0.016249999999999876,0.5100000000000005
2026-08-16 07:04:57.479,14.075,raise,0.10249999999999981,0.6293749999999998
2026-08-16 07:04:57.489,14.085,raise,-0.10062499999999974,0.46937499999999965
2026-08-16 07:04:57.499,14.095,raise,0.09312500000000057,0.6025000000000003
2026-08-16 07:04:57.509,14.105,raise,-0.01687499999999953,0.5456250000000007
2026-08-16 07:04:57.519,14.115,raise,-0.004999999999999449,0.5200000000000005
2026-08-16 07:04:57.529,14.125,raise,0.09812500000000002,0.6331249999999999
2026-08-16 07:04:57.539,14.135,raise,-0.1112499999999994,0.46687499999999993
2026-08-16 07:04:57.549,14.145,raise,0.08000000000000007,0.6093749999999998
2026-08-16 07:04:57.559,14.155,raise,-0.05124999999999935,0.5812499999999998
2026-08-16 07:04:57.569,14.165,raise,0.021250000000000435,0.5274999999999996
2026-08-16 07:04:57.579,14.175,raise,0.09437499999999988,0.6337499999999996
2026-08-16 07:04:57.589,14.185,raise,-0.11812500000000004,0.46687499999999993
2026-08-16 07:04:57.599,14.195,raise,0.08812500000000001,0.6156249999999996
2026-08-16 07:04:57.609,14.205,raise,-0.02187500000000009,0.5718750000000006
2026-08-16 07:04:57.619,14.215,raise,0.0031250000000004885,0.5381250000000004
2026-08-16 07:04:57.629,14.225,raise,0.0924999999999998,0.6325000000000003
2026-08-16 07:04:57.639,14.235,raise,-0.10750000000000037,0.47375000000000056
2026-08-16 07:04:57.649,14.245,raise,0.08437499999999987,0.6181250000000005
2026-08-16 07:04:57.659,14.255,raise,-0.05437499999999984,0.5637500000000006
2026-08-16 07:04:57.669,14.265,raise,0.025000000000000577,0.4981250000000004
2026-08-16 07:04:57.679,14.275,raise,0.09500000000000064,0.6293749999999998
2026-08-16 07:04:57.689,14.285,raise,-0.12124999999999941,0.4662500000000003
2026-08-16 07:04:57.699,14.295,raise,0.08874999999999966,0.6193749999999998
2026-08-16 07:04:57.709,14.305,raise,-0.02874999999999961,0.5593749999999997
2026-08-16 07:04:57.719,14.315,raise,0.0031250000000004885,0.5081250000000004
2026-08-16 07:04:57.729,14.325,raise,0.08874999999999966,0.6268750000000001
2026-08-16 07:04:57.739,14.335,raise,-0.11062499999999975,0.46812500000000035
2026-08-16 07:04:57.749,14.345,raise,0.08687499999999959,0.6037500000000007
2026-08-16 07:04:57.759,14.355,raise,0.0024999999999997247,0.5481250000000004
2026-08-16 07:04:57.769,14.365,raise,0.026249999999999885,0.5137500000000006
2026-08-16 07:04:57.779,14.375,raise,0.09750000000000036,0.635
2026-08-16 07:04:57.789,14.385,raise,-0.12187500000000018,0.4675000000000007
2026-08-16 07:04:57.799,14.395,raise,0.0912500000000005,0.605
2026-08-16 07:04:57.809,14.405,raise,-0.030000000000000027,0.5437500000000006
2026-08-16 07:04:57.819,14.415,raise,0.004374999999999796,0.5249999999999999
2026-08-16 07:04:57.829,14.425,raise,0.10062499999999974,0.6343750000000004
2026-08-16 07:04:57.839,14.435,raise,-0.11062499999999975,0.46812500000000035
2026-08-16 07:04:57.849,14.445,raise,0.08312500000000056,0.6100000000000005
2026-08-16 07:04:57.859,14.455,raise,0.0024999999999997247,0.576875
2026-08-16 07:04:57.869,14.465,raise,0.021250000000000435,0.5325000000000002
2026-08-16 07:04:57.879,14.475,raise,0.10062499999999974,0.6331249999999999
2026-08-16 07:04:57.889,14.485,raise,-0.11624999999999996,0.47375000000000056
2026-08-16 07:04:57.899,14.495,raise,0.09062499999999973,0.615
2026-08-16 07:04:57.909,14.505,raise,-0.03062499999999968,0.5718750000000006
2026-08-16 07:04:57.919,14.515,raise,0.004374999999999796,0.5349999999999999
2026-08-16 07:04:57.929,14.525,raise,0.0968749999999996,0.6281250000000005
2026-08-16 07:04:57.939,14.535,raise,-0.11062499999999975,0.4700000000000004
2026-08-16 07:04:57.949,14.545,raise,0.08000000000000007,0.6181250000000005
2026-08-16 07:04:57.959,14.555,raise,-0.003750000000000142,0.5637500000000006
2026-08-16 07:04:57.969,14.565,raise,0.024374999999999813,0.5018750000000005
2026-08-16 07:04:57.979,14.575,raise,0.0968749999999996,0.6312499999999999
2026-08-16 07:04:57.989,14.585,raise,-0.1143749999999999,0.46875
2026-08-16 07:04:57.999,14.595,raise,0.0737500000000002,0.5987500000000001
2026-08-16 07:04:58.009,14.605,raise,-0.03624999999999989,0.5593749999999997
2026-08-16 07:04:58.019,14.615,raise,0.006875000000000631,0.5093749999999997
2026-08-16 07:04:58.029,14.625,raise,0.09624999999999995,0.6274999999999997
2026-08-16 07:04:58.039,14.635,raise,-0.10687499999999961,0.4675000000000007
2026-08-16 07:04:58.049,14.645,raise,0.08687499999999959,0.6031249999999999
2026-08-16 07:04:58.059,14.655,raise,-0.005625000000000213,0.5537500000000006
2026-08-16 07:04:58.069,14.665,raise,0.031250000000000444,0.5156250000000007
2026-08-16 07:04:58.079,14.675,raise,0.09624999999999995,0.6312499999999999
2026-08-16 07:04:58.089,14.685,raise,-0.11375000000000024,0.4662500000000003
2026-08-16 07:04:58.099,14.695,raise,0.07624999999999993,0.6062500000000004
2026-08-16 07:04:58.109,14.705,raise,-0.03874999999999962,0.5787500000000001
2026-08-16 07:04:58.119,14.715,raise,0.01187500000000008,0.5237500000000006
2026-08-16 07:04:58.129,14.725,raise,0.09812500000000002,0.6331249999999999
2026-08-16 07:04:58.139,14.735,raise,-0.10624999999999996,0.46687499999999993
2026-08-16 07:04:58.149,14.745,raise,0.08500000000000063,0.6087500000000001
2026-08-16 07:04:58.159,14.755,raise,-0.008124999999999938,0.5737500000000006
2026-08-16 07:04:58.169,14.765,raise,-0.013750000000000151,0.5331249999999998
2026-08-16 07:04:58.179,14.775,raise,0.09500000000000064,0.6312499999999999
2026-08-16 07:04:58.189,14.785,raise,-0.11499999999999955,0.47062500000000007
2026-08-16 07:04:58.199,14.795,raise,0.078125,0.6137500000000007
2026-08-16 07:04:58.209,14.805,raise,-0.040000000000000036,0.5693749999999997
2026-08-16 07:04:58.219,14.815,raise,0.015000000000000568,0.5000000000000004
2026-08-16 07:04:58.229,14.825,raise,0.09750000000000036,0.6293749999999998
2026-08-16 07:04:58.239,14.835,raise,-0.12375000000000025,0.47250000000000014
2026-08-16 07:04:58.249,14.845,raise,0.08687499999999959,0.5918750000000006
2026-08-16 07:04:58.259,14.855,raise,-0.016249999999999876,0.5643750000000003
2026-08-16 07:04:58.269,14.865,raise,-0.012499999999999734,0.5031249999999998
2026-08-16 07:04:58.279,14.875,raise,0.09750000000000036,0.6312499999999999
2026-08-16 07:04:58.289,14.885,raise,-0.11812500000000004,0.4700000000000004
2026-08-16 07:04:58.299,14.895,raise,0.08312500000000056,0.5993749999999998
2026-08-16 07:04:58.309,14.905,raise,-0.044999999999999485,0.5581250000000004
2026-08-16 07:04:58.319,14.915,raise,0.01687500000000064,0.50875
2026-08-16 07:04:58.329,14.925,raise,0.10312500000000058,0.6300000000000006
2026-08-16 07:04:58.339,14.935,raise,-0.11812500000000004,0.4675000000000007
2026-08-16 07:04:58.349,14.945,raise,0.08812500000000001,0.6012499999999998
2026-08-16 07:04:58.359,14.955,raise,-0.014374999999999805,0.5506250000000001
2026-08-16 07:04:58.369,14.965,raise,-0.008124999999999938,0.5156250000000007
2026-08-16 07:04:58.379,14.975,raise,0.09812500000000002,0.6318750000000006
2026-08-16 07:04:58.389,14.985,raise,-0.10937499999999933,0.46687499999999993
2026-08-16 07:04:58.399,14.995,raise,0.08187500000000014,0.6037500000000007
2026-08-16 07:04:58.409,15.005,raise,0.013125000000000497,0.5787500000000001
2026-08-16 07:04:58.419,15.015,raise,0.015000000000000568,0.51875
2026-08-16 07:04:58.429,15.025,raise,0.09937500000000044,0.6306250000000002
2026-08-16 07:04:58.439,15.035,raise,-0.11687499999999962,0.4762500000000003
2026-08-16 07:04:58.449,15.045,raise,0.08187500000000014,0.6081250000000005
2026-08-16 07:04:58.459,15.055,raise,-0.014374999999999805,0.5725000000000002
2026-08-16 07:04:58.469,15.065,raise,-0.005625000000000213,0.4874999999999996
2026-08-16 07:04:58.479,15.075,raise,0.09624999999999995,0.6300000000000006
2026-08-16 07:04:58.489,15.085,raise,-0.10874999999999968,0.4712499999999997
2026-08-16 07:04:58.499,15.095,raise,0.0824999999999998,0.6118750000000006
2026-08-16 07:04:58.509,15.105,raise,0.007500000000000284,0.5662500000000004
2026-08-16 07:04:58.519,15.115,raise,0.02187500000000009,0.49562500000000065
2026-08-16 07:04:58.529,15.125,raise,0.09937500000000044,0.6287500000000001
2026-08-16 07:04:58.539,15.135,raise,-0.11750000000000038,0.46812500000000035
2026-08-16 07:04:58.549,15.145,raise,0.09062499999999973,0.5912499999999998
2026-08-16 07:04:58.559,15.155,raise,-0.02062499999999967,0.5593749999999997
2026-08-16 07:04:58.569,15.165,raise,0.0006249999999996536,0.5018750000000005
2026-08-16 07:04:58.579,15.175,raise,0.09750000000000036,0.6300000000000006
2026-08-16 07:04:58.589,15.185,raise,-0.1100000000000001,0.46687499999999993
2026-08-16 07:04:58.599,15.195,raise,0.08624999999999994,0.5956249999999996
2026-08-16 07:04:58.609,15.205,raise,0.006249999999999867,0.5543750000000003
2026-08-16 07:04:58.619,15.215,raise,0.024374999999999813,0.5112499999999998
2026-08-16 07:04:58.629,15.225,raise,0.10312500000000058,0.6287500000000001
2026-08-16 07:04:58.639,15.235,raise,-0.11562500000000031,0.4656250000000006
2026-08-16 07:04:58.649,15.245,raise,0.07312500000000055,0.6025000000000003
2026-08-16 07:04:58.659,15.255,raise,-0.020000000000000018,0.5843750000000003
2026-08-16 07:04:58.669,15.265,raise,0.0,0.5143750000000002
2026-08-16 07:04:58.679,15.275,raise,0.10187500000000016,0.6325000000000003
2026-08-16 07:04:58.689,15.285,raise,-0.11249999999999982,0.47562500000000063
2026-08-16 07:04:58.699,15.295,raise,0.08125000000000049,0.6062500000000004
2026-08-16 07:04:58.709,15.305,raise,0.0024999999999997247,0.5762500000000004
2026-08-16 07:04:58.719,15.315,raise,0.023125000000000506,0.5231249999999998
2026-08-16 07:04:58.729,15.325,raise,0.10062499999999974,0.6312499999999999
2026-08-16 07:04:58.739,15.335,raise,-0.11687499999999962,0.4700000000000004
2026-08-16 07:04:58.749,15.345,raise,0.07500000000000062,0.6131249999999999
2026-08-16 07:04:58.759,15.355,raise,-0.02062499999999967,0.5712499999999998
2026-08-16 07:04:58.769,15.365,raise,0.001875000000000071,0.48937499999999967
2026-08-16 07:04:58.779,15.375,raise,0.10000000000000009,0.6331249999999999
2026-08-16 07:04:58.789,15.385,raise,-0.10812500000000003,0.4675000000000007
2026-08-16 07:04:58.799,15.395,raise,0.08312500000000056,0.5881250000000005
2026-08-16 07:04:58.809,15.405,raise,0.003750000000000142,0.5637500000000006
2026-08-16 07:04:58.819,15.415,raise,-0.024999999999999467,0.49687499999999996
2026-08-16 07:04:58.829,15.425,raise,0.10000000000000009,0.6293749999999998
2026-08-16 07:04:58.839,15.435,raise,-0.11499999999999955,0.4700000000000004
2026-08-16 07:04:58.849,15.445,raise,0.07937500000000042,0.5943750000000003
2026-08-16 07:04:58.859,15.455,raise,-0.026249999999999885,0.5600000000000005
2026-08-16 07:04:58.869,15.465,raise,0.006875000000000631,0.506875
2026-08-16 07:04:58.879,15.475,raise,0.10000000000000009,0.6306250000000002
2026-08-16 07:04:58.889,15.485,raise,-0.11375000000000024,0.4643750000000002
2026-08-16 07:04:58.899,15.495,raise,0.08312500000000056,0.5993749999999998
2026-08-16 07:04:58.909,15.505,raise,0.0,0.5862500000000004
2026-08-16 07:04:58.919,15.515,raise,-0.02187500000000009,0.5125000000000002
2026-08-16 07:04:58.929,15.525,raise,0.0956250000000003,0.6268750000000001
2026-08-16 07:04:58.939,15.535,raise,-0.1143749999999999,0.4612499999999997
2026-08-16 07:04:58.949,15.545,raise,0.07562500000000028,0.5993749999999998
2026-08-16 07:04:58.959,15.555,raise,-0.03249999999999975,0.5818750000000006
2026-08-16 07:04:58.969,15.565,raise,0.007500000000000284,0.5200000000000005
2026-08-16 07:04:58.979,15.575,raise,0.09750000000000036,0.6293749999999998
2026-08-16 07:04:58.989,15.585,raise,-0.11624999999999996,0.47499999999999987
2026-08-16 07:04:58.999,15.595,raise,0.08500000000000063,0.6093749999999998
2026-08-16 07:04:59.009,15.605,raise,-0.003750000000000142,0.5762500000000004
2026-08-16 07:04:59.019,15.615,raise,-0.018124999999999947,0.4862500000000003
2026-08-16 07:04:59.029,15.625,raise,0.0968749999999996,0.6293749999999998
2026-08-16 07:04:59.039,15.635,raise,-0.11375000000000024,0.4700000000000004
2026-08-16 07:04:59.049,15.645,raise,0.07937500000000042,0.6106250000000002
2026-08-16 07:04:59.059,15.655,raise,0.020000000000000018,0.5687500000000001
2026-08-16 07:04:59.069,15.665,raise,0.01187500000000008,0.48812500000000036
2026-08-16 07:04:59.079,15.675,raise,0.1012500000000005,0.6306250000000002
2026-08-16 07:04:59.089,15.685,raise,-0.11750000000000038,0.46812500000000035
2026-08-16 07:04:59.099,15.695,raise,0.08812500000000001,0.5937500000000007
2026-08-16 07:04:59.109,15.705,raise,-0.007500000000000284,0.5631249999999999
2026-08-16 07:04:59.119,15.715,raise,-0.013124999999999387,0.5000000000000004
2026-08-16 07:04:59.129,15.725,raise,0.09437499999999988,0.6318750000000006
2026-08-16 07:04:59.139,15.735,raise,-0.12062499999999976,0.4675000000000007
2026-08-16 07:04:59.149,15.745,raise,0.07624999999999993,0.5974999999999997
2026-08-16 07:04:59.159,15.755,raise,0.020000000000000018,0.5931249999999999
2026-08-16 07:04:59.169,15.765,raise,0.01187500000000008,0.5037500000000006
2026-08-16 07:04:59.179,15.775,raise,0.1012500000000005,0.6318750000000006
2026-08-16 07:04:59.189,15.785,raise,-0.11624999999999996,0.4662500000000003
2026-08-16 07:04:59.199,15.795,raise,0.08750000000000036,0.6018750000000006
2026-08-16 07:04:59.209,15.805,raise,-0.010624999999999662,0.585
2026-08-16 07:04:59.219,15.815,raise,-0.015625000000000222,0.5149999999999999
2026-08-16 07:04:59.229,15.825,raise,0.09812500000000002,0.6312499999999999
2026-08-16 07:04:59.239,15.835,raise,-0.11624999999999996,0.4762500000000003
2026-08-16 07:04:59.249,15.845,raise,0.07624999999999993,0.6025000000000003
2026-08-16 07:04:59.259,15.855,raise,0.015625000000000222,0.5812499999999998
2026-08-16 07:04:59.269,15.865,raise,0.01187500000000008,0.5206250000000001
2026-08-16 07:04:59.279,15.875,raise,0.10000000000000009,0.6293749999999998
2026-08-16 07:04:59.289,15.885,raise,-0.1143749999999999,0.4712499999999997
2026-08-16 07:04:59.299,15.895,raise,0.06937500000000041,0.606875
2026-08-16 07:04:59.309,15.905,raise,-0.012499999999999734,0.5737500000000006
2026-08-16 07:04:59.319,15.915,raise,-0.008749999999999591,0.48562500000000064
2026-08-16 07:04:59.329,15.925,raise,0.09874999999999967,0.6281250000000005
2026-08-16 07:04:59.339,15.935,raise,-0.1100000000000001,0.4718750000000005
2026-08-16 07:04:59.349,15.945,raise,0.07874999999999965,0.5881250000000005
2026-08-16 07:04:59.359,15.955,raise,0.010624999999999662,0.5687500000000001
2026-08-16 07:04:59.369,15.965,raise,0.018124999999999947,0.4962500000000003
2026-08-16 07:04:59.379,15.975,raise,0.0956250000000003,0.6281250000000005
2026-08-16 07:04:59.389,15.985,raise,-0.11687499999999962,0.4712499999999997
2026-08-16 07:04:59.399,15.995,raise,0.07312500000000055,0.5918750000000006
2026-08-16 07:04:59.409,16.005,raise,-0.016249999999999876,0.5618750000000006
2026-08-16 07:04:59.419,16.015,raise,-0.006249999999999867,0.5018750000000005
2026-08-16 07:04:59.429,16.025,raise,0.10000000000000009,0.6287500000000001
2026-08-16 07:04:59.439,16.035,raise,-0.11249999999999982,0.4662500000000003
2026-08-16 07:04:59.449,16.045,raise,0.0824999999999998,0.5962500000000004
2026-08-16 07:04:59.459,16.055,raise,0.011250000000000426,0.586875
2026-08-16 07:04:59.469,16.065,raise,-0.038124999999999964,0.5074999999999996
2026-08-16 07:04:59.479,16.075,raise,0.09750000000000036,0.6287500000000001
2026-08-16 07:04:59.489,16.085,raise,-0.12062499999999976,0.4818750000000005
2026-08-16 07:04:59.499,16.095,raise,0.07249999999999979,0.6012499999999998
2026-08-16 07:04:59.509,16.105,raise,-0.019375000000000364,0.5837500000000007
2026-08-16 07:04:59.519,16.115,raise,-0.004374999999999796,0.5149999999999999
2026-08-16 07:04:59.529,16.125,raise,0.10375000000000023,0.6331249999999999
2026-08-16 07:04:59.539,16.135,raise,-0.11312499999999948,0.47812500000000036
2026-08-16 07:04:59.549,16.145,raise,0.08062499999999972,0.6037500000000007
2026-08-16 07:04:59.559,16.155,raise,0.01187500000000008,0.5800000000000005
2026-08-16 07:04:59.569,16.165,raise,-0.031249999999999334,0.4849999999999999
2026-08-16 07:04:59.579,16.175,raise,0.10000000000000009,0.6300000000000006
2026-08-16 07:04:59.589,16.185,raise,-0.11687499999999962,0.4718750000000005
2026-08-16 07:04:59.599,16.195,raise,0.07187500000000013,0.5818750000000006
2026-08-16 07:04:59.609,16.205,raise,-0.0187499999999996,0.5725000000000002
2026-08-16 07:04:59.619,16.215,raise,-0.0031249999999993783,0.48937499999999967
2026-08-16 07:04:59.629,16.225,raise,0.1012500000000005,0.6325000000000003
2026-08-16 07:04:59.639,16.235,raise,-0.11750000000000038,0.47375000000000056
2026-08-16 07:04:59.649,16.245,raise,0.08312500000000056,0.5887500000000001
2026-08-16 07:04:59.659,16.255,raise,0.008124999999999938,0.5693749999999997
2026-08-16 07:04:59.669,16.265,raise,-0.027500000000000302,0.49562500000000065
2026-08-16 07:04:59.679,16.275,raise,0.10000000000000009,0.6287500000000001
2026-08-16 07:04:59.689,16.285,raise,-0.11874999999999969,0.46937499999999965
2026-08-16 07:04:59.699,16.295,raise,0.06812499999999999,0.5918750000000006
2026-08-16 07:04:59.709,16.305,raise,0.027500000000000302,0.5900000000000005
2026-08-16 07:04:59.719,16.315,raise,0.0,0.5006250000000001
2026-08-16 07:04:59.729,16.325,raise,0.10000000000000009,0.6287500000000001
2026-08-16 07:04:59.739,16.335,raise,-0.11750000000000038,0.46812500000000035
2026-08-16 07:04:59.749,16.345,raise,0.08125000000000049,0.5981250000000005
2026-08-16 07:04:59.759,16.355,raise,0.004374999999999796,0.5856249999999996
2026-08-16 07:04:59.769,16.365,raise,-0.026249999999999885,0.5106250000000001
2026-08-16 07:04:59.779,16.375,raise,0.10000000000000009,0.6318750000000006
2026-08-16 07:04:59.789,16.385,raise,-0.11249999999999982,0.4800000000000004
2026-08-16 07:04:59.799,16.395,raise,0.07062499999999972,0.6018750000000006
2026-08-16 07:04:59.809,16.405,raise,0.02687500000000065,0.5818750000000006
2026-08-16 07:04:59.819,16.415,raise,0.0,0.4818750000000005
2026-08-16 07:04:59.829,16.425,raise,0.0956250000000003,0.6287500000000001
2026-08-16 07:04:59.839,16.435,raise,-0.11624999999999996,0.47687499999999994
2026-08-16 07:04:59.849,16.445,raise,0.08000000000000007,0.6018750000000006
2026-08-16 07:04:59.859,16.455,raise,-0.0006249999999996536,0.5774999999999997
2026-08-16 07:04:59.869,16.465,raise,-0.02062499999999967,0.4849999999999999
2026-08-16 07:04:59.879,16.475,raise,0.09750000000000036,0.6268750000000001
2026-08-16 07:04:59.889,16.485,raise,-0.11249999999999982,0.47499999999999987
2026-08-16 07:04:59.899,16.495,raise,0.07562500000000028,0.5862500000000004
2026-08-16 07:04:59.909,16.505,raise,0.024374999999999813,0.5725000000000002
2026-08-16 07:04:59.919,16.515,raise,0.0024999999999997247,0.49250000000000016
2026-08-16 07:04:59.929,16.525,raise,0.09500000000000064,0.6274999999999997
2026-08-16 07:04:59.939,16.535,raise,-0.11812500000000004,0.4700000000000004
2026-08-16 07:04:59.949,16.545,raise,0.06437499999999985,0.5881250000000005
2026-08-16 07:04:59.959,16.555,raise,-0.003750000000000142,0.5631249999999999
2026-08-16 07:04:59.969,16.565,raise,-0.019375000000000364,0.49687499999999996
2026-08-16 07:04:59.979,16.575,raise,0.09812500000000002,0.6256249999999997
2026-08-16 07:04:59.989,16.585,raise,-0.11249999999999982,0.46875
2026-08-16 07:04:59.999,16.595,raise,0.07750000000000035,0.5937500000000007
2026-08-16 07:05:00.009,16.605,raise,0.02375000000000016,0.5912499999999998
2026-08-16 07:05:00.019,16.615,raise,0.01187500000000008,0.5025000000000002
2026-08-16 07:05:00.029,16.625,raise,0.09937500000000044,0.6268750000000001
2026-08-16 07:05:00.039,16.635,raise,-0.11874999999999969,0.4849999999999999
2026-08-16 07:05:00.049,16.645,raise,0.06812499999999999,0.5956249999999996
2026-08-16 07:05:00.059,16.655,raise,-0.010000000000000009,0.5843750000000003
2026-08-16 07:05:00.069,16.665,raise,-0.015625000000000222,0.50875
2026-08-16 07:05:00.079,16.675,raise,0.1012500000000005,0.6293749999999998
2026-08-16 07:05:00.089,16.685,raise,-0.11624999999999996,0.4762500000000003
2026-08-16 07:05:00.099,16.695,raise,0.078125,0.6006250000000002
2026-08-16 07:05:00.109,16.705,raise,0.023125000000000506,0.5793749999999998
2026-08-16 07:05:00.119,16.715,raise,-0.04562500000000025,0.48250000000000015
2026-08-16 07:05:00.129,16.725,raise,0.10187500000000016,0.6293749999999998
2026-08-16 07:05:00.139,16.735,raise,-0.11874999999999969,0.47562500000000063
2026-08-16 07:05:00.149,16.745,raise,0.0637500000000002,0.5793749999999998
2026-08-16 07:05:00.159,16.755,raise,-0.00687499999999952,0.5762500000000004
2026-08-16 07:05:00.169,16.765,raise,-0.0187499999999996,0.4849999999999999
2026-08-16 07:05:00.179,16.775,raise,0.09500000000000064,0.6300000000000006
2026-08-16 07:05:00.189,16.785,raise,-0.11249999999999982,0.47250000000000014
2026-08-16 07:05:00.199,16.795,raise,0.0737500000000002,0.5812499999999998
2026-08-16 07:05:00.209,16.805,raise,0.014374999999999805,0.5700000000000005
2026-08-16 07:05:00.219,16.815,raise,-0.04249999999999976,0.4937500000000006
2026-08-16 07:05:00.229,16.825,raise,0.0968749999999996,0.6281250000000005
2026-08-16 07:05:00.239,16.835,raise,-0.11937499999999934,0.46937499999999965
2026-08-16 07:05:00.249,16.845,raise,0.07000000000000006,0.5887500000000001
2026-08-16 07:05:00.259,16.855,raise,-0.01187500000000008,0.5925000000000002
2026-08-16 07:05:00.269,16.865,raise,-0.015625000000000222,0.49875
2026-08-16 07:05:00.279,16.875,raise,0.09750000000000036,0.6281250000000005
2026-08-16 07:05:00.289,16.885,raise,-0.11249999999999982,0.4656250000000006
2026-08-16 07:05:00.299,16.895,raise,0.07687499999999958,0.5943750000000003
2026-08-16 07:05:00.309,16.905,raise,0.014374999999999805,0.5912499999999998
2026-08-16 07:05:00.319,16.915,raise,-0.03937500000000038,0.5056250000000007
2026-08-16 07:05:00.329,16.925,raise,0.09874999999999967,0.6300000000000006
2026-08-16 07:05:00.339,16.935,raise,-0.11687499999999962,0.48562500000000064
2026-08-16 07:05:00.349,16.945,raise,0.07000000000000006,0.5987500000000001
2026-08-16 07:05:00.359,16.955,raise,0.038124999999999964,0.5825000000000002
2026-08-16 07:05:00.369,16.965,raise,-0.007500000000000284,0.47812500000000036
2026-08-16 07:05:00.379,16.975,raise,0.09500000000000064,0.6300000000000006
2026-08-16 07:05:00.389,16.985,raise,-0.1143749999999999,0.47812500000000036
2026-08-16 07:05:00.399,16.995,raise,0.08000000000000007,0.6000000000000005
2026-08-16 07:05:00.409,17.005,raise,0.007500000000000284,0.5818750000000006
2026-08-16 07:05:00.419,17.015,raise,-0.040000000000000036,0.4800000000000004
2026-08-16 07:05:00.429,17.025,raise,0.0912500000000005,0.6293749999999998
2026-08-16 07:05:00.439,17.035,raise,-0.11687499999999962,0.47250000000000014
2026-08-16 07:05:00.449,17.045,raise,0.06937500000000041,0.5781250000000004
2026-08-16 07:05:00.459,17.055,raise,0.03375000000000017,0.5737500000000006
2026-08-16 07:05:00.469,17.065,raise,-0.006249999999999867,0.48375000000000057
2026-08-16 07:05:00.479,17.075,raise,0.09624999999999995,0.6268750000000001
2026-08-16 07:05:00.489,17.085,raise,-0.11562500000000031,0.47250000000000014
2026-08-16 07:05:00.499,17.095,raise,0.078125,0.5800000000000005
2026-08-16 07:05:00.509,17.105,raise,0.001875000000000071,0.5956249999999996
2026-08-16 07:05:00.519,17.115,raise,-0.03062499999999968,0.4931249999999998
2026-08-16 07:05:00.529,17.125,raise,0.09750000000000036,0.6281250000000005
2026-08-16 07:05:00.539,17.135,raise,-0.11624999999999996,0.46875
2026-08-16 07:05:00.549,17.145,raise,0.07249999999999979,0.5887500000000001
2026-08-16 07:05:00.559,17.155,raise,0.035000000000000586,0.5906250000000002
2026-08-16 07:05:00.569,17.165,raise,0.001875000000000071,0.49687499999999996
2026-08-16 07:05:00.579,17.175,raise,0.0968749999999996,0.6300000000000006
2026-08-16 07:05:00.589,17.185,raise,-0.11874999999999969,0.4862500000000003
2026-08-16 07:05:00.599,17.195,raise,0.06125000000000047,0.5925000000000002
2026-08-16 07:05:00.609,17.205,raise,0.001875000000000071,0.5874999999999997
2026-08-16 07:05:00.619,17.215,raise,-0.031249999999999334,0.47250000000000014
2026-08-16 07:05:00.629,17.225,raise,0.09937500000000044,0.6281250000000005
2026-08-16 07:05:00.639,17.235,raise,-0.11937499999999934,0.4843750000000002
2026-08-16 07:05:00.649,17.245,raise,0.07249999999999979,0.5987500000000001
2026-08-16 07:05:00.659,17.255,raise,0.03249999999999975,0.585
2026-08-16 07:05:00.669,17.265,raise,-0.06062499999999971,0.4762500000000003
2026-08-16 07:05:00.679,17.275,raise,0.09750000000000036,0.6300000000000006
2026-08-16 07:05:00.689,17.285,raise,-0.12124999999999941,0.47875
2026-08-16 07:05:00.699,17.295,raise,0.06000000000000005,0.5756249999999996
2026-08-16 07:05:00.709,17.305,raise,-0.0006249999999996536,0.576875
2026-08-16 07:05:00.719,17.315,raise,-0.03249999999999975,0.4818750000000005
2026-08-16 07:05:00.729,17.325,raise,0.09624999999999995,0.6243750000000003
2026-08-16 07:05:00.739,17.335,raise,-0.11812500000000004,0.47562500000000063
2026-08-16 07:05:00.749,17.345,raise,0.07249999999999979,0.5793749999999998
2026-08-16 07:05:00.759,17.355,raise,0.030000000000000027,0.5725000000000002
2026-08-16 07:05:00.769,17.365,raise,-0.058749999999999636,0.48937499999999967
2026-08-16 07:05:00.779,17.375,raise,0.09937500000000044,0.6268750000000001
2026-08-16 07:05:00.789,17.385,raise,-0.11624999999999996,0.47062500000000007
2026-08-16 07:05:00.799,17.395,raise,0.061875000000000124,0.5843750000000003
2026-08-16 07:05:00.809,17.405,raise,0.0006249999999996536,0.5981250000000005
2026-08-16 07:05:00.819,17.415,raise,-0.02562500000000023,0.4949999999999999
2026-08-16 07:05:00.829,17.425,raise,0.0968749999999996,0.6293749999999998
2026-08-16 07:05:00.839,17.435,raise,-0.10750000000000037,0.49124999999999974
2026-08-16 07:05:00.849,17.445,raise,0.07125000000000048,0.5874999999999997
2026-08-16 07:05:00.859,17.455,raise,0.02687500000000065,0.5918750000000006
2026-08-16 07:05:00.869,17.465,raise,-0.051875000000000115,0.5006250000000001
2026-08-16 07:05:00.879,17.475,raise,0.09750000000000036,0.6300000000000006
2026-08-16 07:05:00.889,17.485,raise,-0.1143749999999999,0.4849999999999999
2026-08-16 07:05:00.899,17.495,raise,0.0637500000000002,0.5956249999999996
2026-08-16 07:05:00.909,17.505,raise,-0.003750000000000142,0.586875
2026-08-16 07:05:00.919,17.515,raise,-0.02062499999999967,0.47499999999999987
2026-08-16 07:05:00.929,17.525,raise,0.09500000000000064,0.6256249999999997
2026-08-16 07:05:00.939,17.535,raise,-0.11312499999999948,0.4806250000000001
2026-08-16 07:05:00.949,17.545,raise,0.07000000000000006,0.5687500000000001
2026-08-16 07:05:00.959,17.555,raise,0.0187499999999996,0.5781250000000004
2026-08-16 07:05:00.969,17.565,raise,-0.04937500000000039,0.4774999999999996
2026-08-16 07:05:00.979,17.575,raise,0.09437499999999988,0.6281250000000005
2026-08-16 07:05:00.989,17.585,raise,-0.11937499999999934,0.4762500000000003
2026-08-16 07:05:00.999,17.595,raise,0.06750000000000034,0.576875
2026-08-16 07:05:01.009,17.605,raise,0.04937500000000039,0.5781250000000004
2026-08-16 07:05:01.019,17.615,raise,-0.01687499999999953,0.4862500000000003
2026-08-16 07:05:01.029,17.625,raise,0.09624999999999995,0.6287500000000001
2026-08-16 07:05:01.039,17.635,raise,-0.11312499999999948,0.46875
2026-08-16 07:05:01.049,17.645,raise,0.07500000000000062,0.5818750000000006
2026-08-16 07:05:01.059,17.655,raise,0.015625000000000222,0.5974999999999997
2026-08-16 07:05:01.069,17.665,raise,-0.044999999999999485,0.48812500000000036
2026-08-16 07:05:01.079,17.675,raise,0.09437499999999988,0.6287500000000001
2026-08-16 07:05:01.089,17.685,raise,-0.11937499999999934,0.4675000000000007
2026-08-16 07:05:01.099,17.695,raise,0.06437499999999985,0.5874999999999997
2026-08-16 07:05:01.109,17.705,raise,0.046875000000000666,0.5962500000000004
2026-08-16 07:05:01.119,17.715,raise,-0.014999999999999458,0.49687499999999996
2026-08-16 07:05:01.129,17.725,raise,0.0968749999999996,0.6281250000000005
2026-08-16 07:05:01.139,17.735,raise,-0.11249999999999982,0.4906250000000001
2026-08-16 07:05:01.149,17.745,raise,0.07750000000000035,0.5912499999999998
2026-08-16 07:05:01.159,17.755,raise,0.013125000000000497,0.5918750000000006
2026-08-16 07:05:01.169,17.765,raise,-0.04812499999999997,0.4712499999999997
2026-08-16 07:05:01.179,17.775,raise,0.09437499999999988,0.6281250000000005
2026-08-16 07:05:01.189,17.785,raise,-0.12187500000000018,0.48375000000000057
2026-08-16 07:05:01.199,17.795,raise,0.06750000000000034,0.5943750000000003
2026-08-16 07:05:01.209,17.805,raise,0.03624999999999989,0.5874999999999997
2026-08-16 07:05:01.219,17.815,raise,-0.015625000000000222,0.47499999999999987
2026-08-16 07:05:01.229,17.825,raise,0.09812500000000002,0.6300000000000006
2026-08-16 07:05:01.239,17.835,raise,-0.11750000000000038,0.47875
2026-08-16 07:05:01.249,17.845,raise,0.05624999999999991,0.5731249999999999
2026-08-16 07:05:01.259,17.855,raise,0.011250000000000426,0.5800000000000005
2026-08-16 07:05:01.269,17.865,raise,-0.040000000000000036,0.4800000000000004
2026-08-16 07:05:01.279,17.875,raise,0.0956250000000003,0.6262500000000004
2026-08-16 07:05:01.289,17.885,raise,-0.12249999999999983,0.4774999999999996
2026-08-16 07:05:01.299,17.895,raise,0.06750000000000034,0.5787500000000001
2026-08-16 07:05:01.309,17.905,raise,0.04125000000000045,0.6062500000000004
2026-08-16 07:05:01.319,17.915,raise,-0.010000000000000009,0.48687499999999995
2026-08-16 07:05:01.329,17.925,raise,0.09750000000000036,0.6293749999999998
2026-08-16 07:05:01.339,17.935,raise,-0.11499999999999955,0.4700000000000004
2026-08-16 07:05:01.349,17.945,raise,0.05750000000000033,0.5831249999999999
2026-08-16 07:05:01.359,17.955,raise,0.007500000000000284,0.6018750000000006
2026-08-16 07:05:01.369,17.965,raise,-0.038124999999999964,0.49124999999999974
2026-08-16 07:05:01.379,17.975,raise,0.09500000000000064,0.6325000000000003
2026-08-16 07:05:01.389,17.985,raise,-0.11937499999999934,0.49875
2026-08-16 07:05:01.399,17.995,raise,0.06437499999999985,0.5887500000000001
2026-08-16 07:05:01.409,18.005,raise,0.03874999999999962,0.5956249999999996
2026-08-16 07:05:01.419,18.015,raise,-0.06437499999999985,0.46375000000000055
2026-08-16 07:05:01.429,18.025,raise,0.09312500000000057,0.6300000000000006
2026-08-16 07:05:01.439,18.035,raise,-0.11812500000000004,0.48812500000000036
2026-08-16 07:05:01.449,18.045,raise,0.05437499999999984,0.5943750000000003
2026-08-16 07:05:01.459,18.055,raise,0.008124999999999938,0.5918750000000006
2026-08-16 07:05:01.469,18.065,raise,-0.034999999999999476,0.4718750000000005
2026-08-16 07:05:01.479,18.075,raise,0.09187500000000015,0.6300000000000006
2026-08-16 07:05:01.489,18.085,raise,-0.10437499999999988,0.48375000000000057
2026-08-16 07:05:01.499,18.095,raise,0.06562500000000027,0.5712499999999998
2026-08-16 07:05:01.509,18.105,raise,0.03249999999999975,0.5874999999999997
2026-08-16 07:05:01.519,18.115,raise,-0.06000000000000005,0.47562500000000063
2026-08-16 07:05:01.529,18.125,raise,0.09312500000000057,0.625
2026-08-16 07:05:01.539,18.135,raise,-0.11687499999999962,0.4774999999999996
2026-08-16 07:05:01.549,18.145,raise,0.06125000000000047,0.5756249999999996
2026-08-16 07:05:01.559,18.155,raise,0.003750000000000142,0.5793749999999998
2026-08-16 07:05:01.569,18.165,raise,-0.027500000000000302,0.4818750000000005
2026-08-16 07:05:01.579,18.175,raise,0.09187500000000015,0.6287500000000001
2026-08-16 07:05:01.589,18.185,raise,-0.10812500000000003,0.47562500000000063
2026-08-16 07:05:01.599,18.195,raise,0.07125000000000048,0.5793749999999998
2026-08-16 07:05:01.609,18.205,raise,0.026249999999999885,0.6043750000000003
2026-08-16 07:05:01.619,18.215,raise,-0.0593750000000004,0.48812500000000036
2026-08-16 07:05:01.629,18.225,raise,0.09437499999999988,0.6256249999999997
2026-08-16 07:05:01.639,18.235,raise,-0.12124999999999941,0.5012499999999998
2026-08-16 07:05:01.649,18.245,raise,0.06437499999999985,0.5837500000000007
2026-08-16 07:05:01.659,18.255,raise,0.05624999999999991,0.6000000000000005
2026-08-16 07:05:01.669,18.265,raise,-0.026249999999999885,0.49250000000000016
2026-08-16 07:05:01.679,18.275,raise,0.09437499999999988,0.6306250000000002
2026-08-16 07:05:01.689,18.285,raise,-0.10874999999999968,0.49250000000000016
2026-08-16 07:05:01.699,18.295,raise,0.07187500000000013,0.5931249999999999
2026-08-16 07:05:01.709,18.305,raise,0.023125000000000506,0.5931249999999999
2026-08-16 07:05:01.719,18.315,raise,-0.058749999999999636,0.4712499999999997
2026-08-16 07:05:01.729,18.325,raise,0.09312500000000057,0.6287500000000001
2026-08-16 07:05:01.739,18.335,raise,-0.12312499999999948,0.49000000000000044
2026-08-16 07:05:01.749,18.345,raise,0.061875000000000124,0.565
2026-08-16 07:05:01.759,18.355,raise,0.051875000000000115,0.5906250000000002
2026-08-16 07:05:01.769,18.365,raise,-0.024999999999999467,0.47250000000000014
2026-08-16 07:05:01.779,18.375,raise,0.0968749999999996,0.6306250000000002
2026-08-16 07:05:01.789,18.385,raise,-0.1100000000000001,0.4843750000000002
2026-08-16 07:05:01.799,18.395,raise,0.07312500000000055,0.575
2026-08-16 07:05:01.809,18.405,raise,0.025000000000000577,0.5843750000000003
2026-08-16 07:05:01.819,18.415,raise,-0.05249999999999977,0.47875
2026-08-16 07:05:01.829,18.425,raise,0.09624999999999995,0.6293749999999998
2026-08-16 07:05:01.839,18.435,raise,-0.11812500000000004,0.47812500000000036
2026-08-16 07:05:01.849,18.445,raise,0.058749999999999636,0.5800000000000005
2026-08-16 07:05:01.859,18.455,raise,0.050000000000000044,0.606875
2026-08-16 07:05:01.869,18.465,raise,-0.023124999999999396,0.48562500000000064
2026-08-16 07:05:01.879,18.475,raise,0.0956250000000003,0.6331249999999999
2026-08-16 07:05:01.889,18.485,raise,-0.11312499999999948,0.4743750000000002
2026-08-16 07:05:01.899,18.495,raise,0.051875000000000115,0.5862500000000004
2026-08-16 07:05:01.909,18.505,raise,0.019375000000000364,0.6037500000000007
2026-08-16 07:05:01.919,18.515,raise,-0.051875000000000115,0.4931249999999998
2026-08-16 07:05:01.929,18.525,raise,0.09750000000000036,0.6300000000000006
2026-08-16 07:05:01.939,18.535,raise,-0.12187500000000018,0.49687499999999996
2026-08-16 07:05:01.949,18.545,raise,0.06125000000000047,0.5893749999999998
2026-08-16 07:05:01.959,18.555,raise,0.0462499999999999,0.5993749999999998
2026-08-16 07:05:01.969,18.565,raise,-0.020000000000000018,0.4675000000000007
2026-08-16 07:05:01.979,18.575,raise,0.09375000000000022,0.6312499999999999
2026-08-16 07:05:01.989,18.585,raise,-0.11312499999999948,0.49000000000000044
2026-08-16 07:05:01.999,18.595,raise,0.050000000000000044,0.5931249999999999
2026-08-16 07:05:02.009,18.605,raise,0.015000000000000568,0.5925000000000002
2026-08-16 07:05:02.019,18.615,raise,-0.0462499999999999,0.4731249999999998
2026-08-16 07:05:02.029,18.625,raise,0.09500000000000064,0.6343750000000004
2026-08-16 07:05:02.039,18.635,raise,-0.11874999999999969,0.48687499999999995
2026-08-16 07:05:02.049,18.645,raise,0.0637500000000002,0.566875
2026-08-16 07:05:02.059,18.655,raise,0.04562500000000025,0.586875
2026-08-16 07:05:02.069,18.665,raise,-0.0737500000000002,0.47562500000000063
2026-08-16 07:05:02.079,18.675,raise,0.0968749999999996,0.6293749999999998
2026-08-16 07:05:02.089,18.685,raise,-0.11499999999999955,0.4818750000000005
2026-08-16 07:05:02.099,18.695,raise,0.055000000000000604,0.575
2026-08-16 07:05:02.109,18.705,raise,0.013125000000000497,0.5818750000000006
2026-08-16 07:05:02.119,18.715,raise,-0.044999999999999485,0.4831249999999998
2026-08-16 07:05:02.129,18.725,raise,0.0924999999999998,0.6325000000000003
2026-08-16 07:05:02.139,18.735,raise,-0.0968749999999996,0.47937499999999966
2026-08-16 07:05:02.149,18.745,raise,0.06312500000000054,0.585
2026-08-16 07:05:02.159,18.755,raise,0.04125000000000045,0.6081250000000005
2026-08-16 07:05:02.169,18.765,raise,-0.06874999999999964,0.48875
2026-08-16 07:05:02.179,18.775,raise,0.09312500000000057,0.6325000000000003
2026-08-16 07:05:02.189,18.785,raise,-0.11750000000000038,0.5031249999999998
2026-08-16 07:05:02.199,18.795,raise,0.053750000000000187,0.586875
2026-08-16 07:05:02.209,18.805,raise,0.006249999999999867,0.5993749999999998
2026-08-16 07:05:02.219,18.815,raise,-0.03874999999999962,0.4918750000000005
2026-08-16 07:05:02.229,18.825,raise,0.09375000000000022,0.635
2026-08-16 07:05:02.239,18.835,raise,-0.10624999999999996,0.4974999999999996
2026-08-16 07:05:02.249,18.845,raise,0.06624999999999992,0.5937500000000007
2026-08-16 07:05:02.259,18.855,raise,0.031250000000000444,0.6000000000000005
2026-08-16 07:05:02.269,18.865,raise,-0.06812499999999999,0.4731249999999998
2026-08-16 07:05:02.279,18.875,raise,0.0912500000000005,0.6356249999999997
2026-08-16 07:05:02.289,18.885,raise,-0.11874999999999969,0.4937500000000006
2026-08-16 07:05:02.299,18.895,raise,0.058749999999999636,0.5662500000000004
2026-08-16 07:05:02.309,18.905,raise,0.06062499999999971,0.5931249999999999
2026-08-16 07:05:02.319,18.915,raise,-0.03562500000000024,0.47562500000000063
2026-08-16 07:05:02.329,18.925,raise,0.0956250000000003,0.6281250000000005
2026-08-16 07:05:02.339,18.935,raise,-0.10437499999999988,0.48812500000000036
2026-08-16 07:05:02.349,18.945,raise,0.07125000000000048,0.5737500000000006
2026-08-16 07:05:02.359,18.955,raise,0.03375000000000017,0.5887500000000001
2026-08-16 07:05:02.369,18.965,raise,-0.0637500000000002,0.48124999999999973
2026-08-16 07:05:02.379,18.975,raise,0.0924999999999998,0.6325000000000003
2026-08-16 07:05:02.389,18.985,raise,-0.12062499999999976,0.4818750000000005
2026-08-16 07:05:02.399,18.995,raise,0.05750000000000033,0.5787500000000001
2026-08-16 07:05:02.409,19.005,raise,0.06000000000000005,0.6087500000000001
2026-08-16 07:05:02.419,19.015,raise,-0.03687499999999955,0.48375000000000057
2026-08-16 07:05:02.429,19.025,raise,0.09500000000000064,0.6262500000000004
2026-08-16 07:05:02.439,19.035,raise,-0.10937499999999933,0.5074999999999996
2026-08-16 07:05:02.449,19.045,raise,0.06687500000000068,0.5818750000000006
2026-08-16 07:05:02.459,19.055,raise,0.028124999999999956,0.606875
2026-08-16 07:05:02.469,19.065,raise,-0.061875000000000124,0.4906250000000001
2026-08-16 07:05:02.479,19.075,raise,0.09187500000000015,0.6312499999999999
2026-08-16 07:05:02.489,19.085,raise,-0.1200000000000001,0.5018750000000005
2026-08-16 07:05:02.499,19.095,raise,0.058749999999999636,0.5912499999999998
2026-08-16 07:05:02.509,19.105,raise,0.05812499999999998,0.6031249999999999
2026-08-16 07:05:02.519,19.115,raise,-0.03062499999999968,0.4712499999999997
2026-08-16 07:05:02.529,19.125,raise,0.09375000000000022,0.6300000000000006
2026-08-16 07:05:02.539,19.135,raise,-0.10937499999999933,0.49437500000000023
2026-08-16 07:05:02.549,19.145,raise,0.04750000000000032,0.5618750000000006
2026-08-16 07:05:02.559,19.155,raise,0.027500000000000302,0.5962500000000004
2026-08-16 07:05:02.569,19.165,raise,-0.05812499999999998,0.47250000000000014
2026-08-16 07:05:02.579,19.175,raise,0.09375000000000022,0.6343750000000004
2026-08-16 07:05:02.589,19.185,raise,-0.12062499999999976,0.4906250000000001
2026-08-16 07:05:02.599,19.195,raise,0.06000000000000005,0.5700000000000005
2026-08-16 07:05:02.609,19.205,raise,0.05812499999999998,0.5893749999999998
2026-08-16 07:05:02.619,19.215,raise,-0.08437499999999987,0.4774999999999996
2026-08-16 07:05:02.629,19.225,raise,0.09500000000000064,0.6312499999999999
2026-08-16 07:05:02.639,19.235,raise,-0.11312499999999948,0.48875
2026-08-16 07:05:02.649,19.245,raise,0.04874999999999963,0.5737500000000006
2026-08-16 07:05:02.659,19.255,raise,0.02375000000000016,0.6143750000000003
2026-08-16 07:05:02.669,19.265,raise,-0.05812499999999998,0.48250000000000015
2026-08-16 07:05:02.679,19.275,raise,0.0924999999999998,0.6312499999999999
2026-08-16 07:05:02.689,19.285,raise,-0.12062499999999976,0.47937499999999966
2026-08-16 07:05:02.699,19.295,raise,0.0593750000000004,0.5818750000000006
2026-08-16 07:05:02.709,19.305,raise,0.053750000000000187,0.605
2026-08-16 07:05:02.719,19.315,raise,-0.078125,0.48812500000000036
2026-08-16 07:05:02.729,19.325,raise,0.09375000000000022,0.6318750000000006
2026-08-16 07:05:02.739,19.335,raise,-0.10937499999999933,0.5062500000000003
2026-08-16 07:05:02.749,19.345,raise,0.04937500000000039,0.586875
2026-08-16 07:05:02.759,19.355,raise,0.02187500000000009,0.6056249999999996
2026-08-16 07:05:02.769,19.365,raise,-0.053750000000000187,0.46812500000000035
2026-08-16 07:05:02.779,19.375,raise,0.09187500000000015,0.6343750000000004
2026-08-16 07:05:02.789,19.385,raise,-0.09187500000000015,0.49875
2026-08-16 07:05:02.799,19.395,raise,0.06000000000000005,0.5931249999999999
2026-08-16 07:05:02.809,19.405,raise,0.04812499999999997,0.6000000000000005
2026-08-16 07:05:02.819,19.415,raise,-0.07249999999999979,0.47062500000000007
2026-08-16 07:05:02.829,19.425,raise,0.09624999999999995,0.6293749999999998
2026-08-16 07:05:02.839,19.435,raise,-0.11312499999999948,0.4949999999999999
2026-08-16 07:05:02.849,19.445,raise,0.055000000000000604,0.5662500000000004
2026-08-16 07:05:02.859,19.455,raise,0.009375000000000355,0.5931249999999999
2026-08-16 07:05:02.869,19.465,raise,-0.04750000000000032,0.47375000000000056
2026-08-16 07:05:02.879,19.475,raise,0.09500000000000064,0.6274999999999997
2026-08-16 07:05:02.889,19.485,raise,-0.09874999999999967,0.49124999999999974
2026-08-16 07:05:02.899,19.495,raise,0.06500000000000061,0.5731249999999999
2026-08-16 07:05:02.909,19.505,raise,0.04249999999999976,0.5893749999999998
2026-08-16 07:05:02.919,19.515,raise,-0.07437499999999986,0.47875
2026-08-16 07:05:02.929,19.525,raise,0.09437499999999988,0.6287500000000001
2026-08-16 07:05:02.939,19.535,raise,-0.11499999999999955,0.48124999999999973
2026-08-16 07:05:02.949,19.545,raise,0.051875000000000115,0.5774999999999997
2026-08-16 07:05:02.959,19.555,raise,0.06687500000000068,0.6125000000000003
2026-08-16 07:05:02.969,19.565,raise,-0.04437499999999983,0.48375000000000057
2026-08-16 07:05:02.979,19.575,raise,0.09437499999999988,0.6306250000000002
2026-08-16 07:05:02.989,19.585,raise,-0.09937499999999932,0.5074999999999996
2026-08-16 07:05:02.999,19.595,raise,0.06750000000000034,0.5812499999999998
2026-08-16 07:05:03.009,19.605,raise,0.03874999999999962,0.6093749999999998
2026-08-16 07:05:03.019,19.615,raise,-0.07187500000000013,0.4906250000000001
2026-08-16 07:05:03.029,19.625,raise,0.09062499999999973,0.6325000000000003
2026-08-16 07:05:03.039,19.635,raise,-0.11874999999999969,0.5031249999999998
2026-08-16 07:05:03.049,19.645,raise,0.056875000000000675,0.586875
2026-08-16 07:05:03.059,19.655,raise,0.06750000000000034,0.6056249999999996
2026-08-16 07:05:03.069,19.665,raise,-0.04249999999999976,0.4700000000000004
2026-08-16 07:05:03.079,19.675,raise,0.09375000000000022,0.6331249999999999
2026-08-16 07:05:03.089,19.685,raise,-0.10000000000000009,0.49687499999999996
2026-08-16 07:05:03.099,19.695,raise,0.06437499999999985,0.5625000000000002
2026-08-16 07:05:03.109,19.705,raise,0.03750000000000031,0.5974999999999997
2026-08-16 07:05:03.119,19.715,raise,-0.06812499999999999,0.47250000000000014
2026-08-16 07:05:03.129,19.725,raise,0.09437499999999988,0.6318750000000006
2026-08-16 07:05:03.139,19.735,raise,-0.11562500000000031,0.49250000000000016
2026-08-16 07:05:03.149,19.745,raise,0.0593750000000004,0.5693749999999997
2026-08-16 07:05:03.159,19.755,raise,0.06874999999999964,0.5937500000000007
2026-08-16 07:05:03.169,19.765,raise,-0.038124999999999964,0.47687499999999994
2026-08-16 07:05:03.179,19.775,raise,0.09437499999999988,0.6293749999999998
2026-08-16 07:05:03.189,19.785,raise,-0.10437499999999988,0.4862500000000003
2026-08-16 07:05:03.199,19.795,raise,0.043125000000000524,0.5712499999999998
2026-08-16 07:05:03.209,19.805,raise,0.03249999999999975,0.6125000000000003
2026-08-16 07:05:03.219,19.815,raise,-0.06687499999999957,0.4800000000000004
2026-08-16 07:05:03.229,19.825,raise,0.09500000000000064,0.6274999999999997
2026-08-16 07:05:03.239,19.835,raise,-0.12124999999999941,0.4806250000000001
2026-08-16 07:05:03.249,19.845,raise,0.05437499999999984,0.5818750000000006
2026-08-16 07:05:03.259,19.855,raise,0.06312500000000054,0.6093749999999998
2026-08-16 07:05:03.269,19.865,raise,-0.033124999999999405,0.48687499999999995
2026-08-16 07:05:03.279,19.875,raise,0.09812500000000002,0.6318750000000006
2026-08-16 07:05:03.289,19.885,raise,-0.10187500000000016,0.5081250000000004
2026-08-16 07:05:03.299,19.895,raise,0.045000000000000595,0.585
2026-08-16 07:05:03.309,19.905,raise,0.0318750000000001,0.605
2026-08-16 07:05:03.319,19.915,raise,-0.061875000000000124,0.4662500000000003
2026-08-16 07:05:03.329,19.925,raise,0.0912500000000005,0.6312499999999999
2026-08-16 07:05:03.339,19.935,raise,-0.11624999999999996,0.4993749999999997
2026-08-16 07:05:03.349,19.945,raise,0.055000000000000604,0.5574999999999997
2026-08-16 07:05:03.359,19.955,raise,0.0593750000000004,0.6018750000000006
2026-08-16 07:05:03.369,19.965,raise,-0.0824999999999998,0.4731249999999998
2026-08-16 07:05:03.379,19.975,raise,0.09500000000000064,0.6300000000000006
2026-08-16 07:05:03.389,19.985,raise,-0.10312499999999947,0.4981250000000004
2026-08-16 07:05:03.399,19.995,raise,0.05125000000000046,0.5643750000000003
2026-08-16 07:05:03.409,20.005,raise,0.027500000000000302,0.5956249999999996
2026-08-16 07:05:03.419,20.015,raise,-0.058749999999999636,0.47499999999999987
2026-08-16 07:05:03.429,20.025,raise,0.09312500000000057,0.6256249999999997
2026-08-16 07:05:03.439,20.035,raise,-0.09124999999999939,0.48812500000000036
2026-08-16 07:05:03.449,20.045,raise,0.058749999999999636,0.5662500000000004
2026-08-16 07:05:03.459,20.055,raise,0.05125000000000046,0.6125000000000003
2026-08-16 07:05:03.469,20.065,raise,-0.08124999999999938,0.47812500000000036
2026-08-16 07:05:03.479,20.075,raise,0.09187500000000015,0.6274999999999997
2026-08-16 07:05:03.489,20.085,raise,-0.10750000000000037,0.48562500000000064
2026-08-16 07:05:03.499,20.095,raise,0.05437499999999984,0.5743750000000003
2026-08-16 07:05:03.509,20.105,raise,0.02187500000000009,0.6118750000000006
2026-08-16 07:05:03.519,20.115,raise,-0.05124999999999935,0.48562500000000064
2026-08-16 07:05:03.529,20.125,raise,0.09500000000000064,0.6300000000000006
2026-08-16 07:05:03.539,20.135,raise,-0.09124999999999939,0.5143750000000002
2026-08-16 07:05:03.549,20.145,raise,0.061875000000000124,0.5806250000000002
2026-08-16 07:05:03.559,20.155,raise,0.0506249999999997,0.605
2026-08-16 07:05:03.569,20.165,raise,-0.07937500000000042,0.46875
2026-08-16 07:05:03.579,20.175,raise,0.0956250000000003,0.6287500000000001
2026-08-16 07:05:03.589,20.185,raise,-0.11187500000000017,0.5056250000000007
2026-08-16 07:05:03.599,20.195,raise,0.053750000000000187,0.5874999999999997
2026-08-16 07:05:03.609,20.205,raise,0.07624999999999993,0.6018750000000006
2026-08-16 07:05:03.619,20.215,raise,-0.0506249999999997,0.46875
2026-08-16 07:05:03.629,20.225,raise,0.09624999999999995,0.6293749999999998
2026-08-16 07:05:03.639,20.235,raise,-0.09187500000000015,0.49687499999999996
2026-08-16 07:05:03.649,20.245,raise,0.06249999999999978,0.5600000000000005
2026-08-16 07:05:03.659,20.255,raise,0.05312500000000053,0.5974999999999997
2026-08-16 07:05:03.669,20.265,raise,-0.07750000000000035,0.47250000000000014
2026-08-16 07:05:03.679,20.275,raise,0.0924999999999998,0.6206250000000002
2026-08-16 07:05:03.689,20.285,raise,-0.11249999999999982,0.4931249999999998
2026-08-16 07:05:03.699,20.295,raise,0.053750000000000187,0.5625000000000002
2026-08-16 07:05:03.709,20.305,raise,0.07562500000000028,0.5918750000000006
2026-08-16 07:05:03.719,20.315,raise,-0.04937500000000039,0.47499999999999987
2026-08-16 07:05:03.729,20.325,raise,0.09375000000000022,0.6256249999999997
2026-08-16 07:05:03.739,20.335,raise,-0.09187500000000015,0.48875
2026-08-16 07:05:03.749,20.345,raise,0.06500000000000061,0.5700000000000005
2026-08-16 07:05:03.759,20.355,raise,0.04812499999999997,0.6125000000000003
2026-08-16 07:05:03.769,20.365,raise,-0.07312499999999944,0.4800000000000004
2026-08-16 07:05:03.779,20.375,raise,0.0912500000000005,0.6125000000000003
2026-08-16 07:05:03.789,20.385,raise,-0.11562500000000031,0.5125000000000002
2026-08-16 07:05:03.799,20.395,raise,0.056875000000000675,0.5737500000000006
2026-08-16 07:05:03.809,20.405,raise,0.07562500000000028,0.6100000000000005
2026-08-16 07:05:03.819,20.415,raise,-0.043124999999999414,0.4843750000000002
2026-08-16 07:05:03.829,20.425,raise,0.09375000000000022,0.6281250000000005
2026-08-16 07:05:03.839,20.435,raise,-0.09437499999999988,0.5106250000000001
2026-08-16 07:05:03.849,20.445,raise,0.04187500000000011,0.5825000000000002
2026-08-16 07:05:03.859,20.455,raise,0.04562500000000025,0.6018750000000006
2026-08-16 07:05:03.869,20.465,raise,-0.07187500000000013,0.4662500000000003
2026-08-16 07:05:03.879,20.475,raise,0.09312500000000057,0.6293749999999998
2026-08-16 07:05:03.889,20.485,raise,-0.11624999999999996,0.5012499999999998
2026-08-16 07:05:03.899,20.495,raise,0.05562500000000026,0.5556249999999996
2026-08-16 07:05:03.909,20.505,raise,0.0737500000000002,0.6000000000000005
2026-08-16 07:05:03.919,20.515,raise,-0.0924999999999998,0.4662500000000003
2026-08-16 07:05:03.929,20.525,raise,0.09437499999999988,0.6287500000000001
2026-08-16 07:05:03.939,20.535,raise,-0.09812500000000002,0.4974999999999996
2026-08-16 07:05:03.949,20.545,raise,0.04437499999999983,0.5618750000000006
2026-08-16 07:05:03.959,20.555,raise,0.04249999999999976,0.596875
2026-08-16 07:05:03.969,20.565,raise,-0.06750000000000034,0.47250000000000014
2026-08-16 07:05:03.979,20.575,raise,0.09375000000000022,0.6237500000000007
2026-08-16 07:05:03.989,20.585,raise,-0.11562500000000031,0.49250000000000016
2026-08-16 07:05:03.999,20.595,raise,0.05249999999999977,0.5687500000000001
2026-08-16 07:05:04.009,20.605,raise,0.06874999999999964,0.6118750000000006
2026-08-16 07:05:04.019,20.615,raise,-0.08937500000000043,0.4731249999999998
2026-08-16 07:05:04.029,20.625,raise,0.09187500000000015,0.6243750000000003
2026-08-16 07:05:04.039,20.635,raise,-0.09812500000000002,0.4862500000000003
2026-08-16 07:05:04.049,20.645,raise,0.046875000000000666,0.5737500000000006
2026-08-16 07:05:04.059,20.655,raise,0.03624999999999989,0.6112499999999998
2026-08-16 07:05:04.069,20.665,raise,-0.06124999999999936,0.4800000000000004
2026-08-16 07:05:04.079,20.675,raise,0.09375000000000022,0.6268750000000001
2026-08-16 07:05:04.089,20.685,raise,-0.08124999999999938,0.5162500000000003
2026-08-16 07:05:04.099,20.695,raise,0.05812499999999998,0.5781250000000004
2026-08-16 07:05:04.109,20.705,raise,0.06500000000000061,0.6062500000000004
2026-08-16 07:05:04.119,20.715,raise,-0.08624999999999994,0.4662500000000003
2026-08-16 07:05:04.129,20.725,raise,0.0956250000000003,0.6293749999999998
2026-08-16 07:05:04.139,20.735,raise,-0.10499999999999954,0.5100000000000005
2026-08-16 07:05:04.149,20.745,raise,0.04874999999999963,0.5800000000000005
2026-08-16 07:05:04.159,20.755,raise,0.031250000000000444,0.6056249999999996
2026-08-16 07:05:04.169,20.765,raise,-0.061875000000000124,0.4675000000000007
2026-08-16 07:05:04.179,20.775,raise,0.09624999999999995,0.6293749999999998
2026-08-16 07:05:04.189,20.785,raise,-0.08499999999999952,0.5031249999999998
2026-08-16 07:05:04.199,20.795,raise,0.058749999999999636,0.5549999999999999
2026-08-16 07:05:04.209,20.805,raise,0.05812499999999998,0.5981250000000005
2026-08-16 07:05:04.219,20.815,raise,-0.08499999999999952,0.4700000000000004
2026-08-16 07:05:04.229,20.825,raise,0.09500000000000064,0.6206250000000002
2026-08-16 07:05:04.239,20.835,raise,-0.10687499999999961,0.49437500000000023
2026-08-16 07:05:04.249,20.845,raise,0.0462499999999999,0.5612499999999998
2026-08-16 07:05:04.259,20.855,raise,0.08187500000000014,0.5937500000000007
2026-08-16 07:05:04.269,20.865,raise,-0.05750000000000033,0.47562500000000063
2026-08-16 07:05:04.279,20.875,raise,0.09874999999999967,0.6237500000000007
2026-08-16 07:05:04.289,20.885,raise,-0.08624999999999994,0.48937499999999967
2026-08-16 07:05:04.299,20.895,raise,0.0637500000000002,0.5700000000000005
2026-08-16 07:05:04.309,20.905,raise,0.05624999999999991,0.6125000000000003
2026-08-16 07:05:04.319,20.915,raise,-0.08187500000000014,0.47812500000000036
2026-08-16 07:05:04.329,20.925,raise,0.08937500000000043,0.6274999999999997
2026-08-16 07:05:04.339,20.935,raise,-0.10812500000000003,0.516875
2026-08-16 07:05:04.349,20.945,raise,0.0506249999999997,0.5718750000000006
2026-08-16 07:05:04.359,20.955,raise,0.07874999999999965,0.6112499999999998
2026-08-16 07:05:04.369,20.965,raise,-0.053750000000000187,0.4662500000000003
2026-08-16 07:05:04.379,20.975,raise,0.09375000000000022,0.6262500000000004
2026-08-16 07:05:04.389,20.985,raise,-0.08874999999999966,0.5112499999999998
2026-08-16 07:05:04.399,20.995,raise,0.06437499999999985,0.5787500000000001
2026-08-16 07:05:04.409,21.005,raise,0.05750000000000033,0.6081250000000005
2026-08-16 07:05:04.419,21.015,raise,-0.07874999999999965,0.4662500000000003
2026-08-16 07:05:04.429,21.025,raise,0.08874999999999966,0.6287500000000001
2026-08-16 07:05:04.439,21.035,raise,-0.10874999999999968,0.5062500000000003
2026-08-16 07:05:04.449,21.045,raise,0.04937500000000039,0.5474999999999997
2026-08-16 07:05:04.459,21.055,raise,0.08000000000000007,0.6012499999999998
2026-08-16 07:05:04.469,21.065,raise,-0.051875000000000115,0.46937499999999965
2026-08-16 07:05:04.479,21.075,raise,0.0956250000000003,0.6162500000000004
2026-08-16 07:05:04.489,21.085,raise,-0.08874999999999966,0.4981250000000004
2026-08-16 07:05:04.499,21.095,raise,0.03937500000000038,0.5581250000000004
2026-08-16 07:05:04.509,21.105,raise,0.05249999999999977,0.5987500000000001
2026-08-16 07:05:04.519,21.115,raise,-0.07437499999999986,0.47375000000000056
2026-08-16 07:05:04.529,21.125,raise,0.09437499999999988,0.6225000000000003
2026-08-16 07:05:04.539,21.135,raise,-0.10937499999999933,0.4949999999999999
2026-08-16 07:05:04.549,21.145,raise,0.05312500000000053,0.5662500000000004
2026-08-16 07:05:04.559,21.155,raise,0.07750000000000035,0.6156249999999996
2026-08-16 07:05:04.569,21.165,raise,-0.04812499999999997,0.47375000000000056
2026-08-16 07:05:04.579,21.175,raise,0.09437499999999988,0.6218750000000006
2026-08-16 07:05:04.589,21.185,raise,-0.09124999999999939,0.5193749999999997
2026-08-16 07:05:04.599,21.195,raise,0.04187500000000011,0.5700000000000005
2026-08-16 07:05:04.609,21.205,raise,0.04937500000000039,0.6118750000000006
2026-08-16 07:05:04.619,21.215,raise,-0.06937500000000041,0.47687499999999994
2026-08-16 07:05:04.629,21.225,raise,0.09062499999999973,0.6256249999999997
2026-08-16 07:05:04.639,21.235,raise,-0.10937499999999933,0.5162500000000003
2026-08-16 07:05:04.649,21.245,raise,0.05562500000000026,0.5756249999999996
2026-08-16 07:05:04.659,21.255,raise,0.07312500000000055,0.6093749999999998
2026-08-16 07:05:04.669,21.265,raise,-0.0924999999999998,0.4656250000000006
2026-08-16 07:05:04.679,21.275,raise,0.0924999999999998,0.6268750000000001
2026-08-16 07:05:04.689,21.285,raise,-0.0956250000000003,0.5081250000000004
2026-08-16 07:05:04.699,21.295,raise,0.045000000000000595,0.5462500000000003
2026-08-16 07:05:04.709,21.305,raise,0.04125000000000045,0.6056249999999996
2026-08-16 07:05:04.719,21.315,raise,-0.06812499999999999,0.4675000000000007
2026-08-16 07:05:04.729,21.325,raise,0.09437499999999988,0.6256249999999997
2026-08-16 07:05:04.739,21.335,raise,-0.07187500000000013,0.5012499999999998
2026-08-16 07:05:04.749,21.345,raise,0.05750000000000033,0.5537500000000006
2026-08-16 07:05:04.759,21.355,raise,0.06750000000000034,0.6018750000000006
2026-08-16 07:05:04.769,21.365,raise,-0.09312499999999946,0.46812500000000035
2026-08-16 07:05:04.779,21.375,raise,0.09437499999999988,0.6212499999999999
2026-08-16 07:05:04.789,21.385,raise,-0.09750000000000036,0.4949999999999999
2026-08-16 07:05:04.799,21.395,raise,0.04375000000000018,0.5612499999999998
2026-08-16 07:05:04.809,21.405,raise,0.038124999999999964,0.615
2026-08-16 07:05:04.819,21.415,raise,-0.06562500000000027,0.47499999999999987
2026-08-16 07:05:04.829,21.425,raise,0.09750000000000036,0.6218750000000006
2026-08-16 07:05:04.839,21.435,raise,-0.07499999999999951,0.49250000000000016
2026-08-16 07:05:04.849,21.445,raise,0.06125000000000047,0.5662500000000004
2026-08-16 07:05:04.859,21.455,raise,0.06750000000000034,0.6118750000000006
2026-08-16 07:05:04.869,21.465,raise,-0.08812500000000001,0.47875
2026-08-16 07:05:04.879,21.475,raise,0.09812500000000002,0.6281250000000005
2026-08-16 07:05:04.889,21.485,raise,-0.10000000000000009,0.5225000000000002
2026-08-16 07:05:04.899,21.495,raise,0.046875000000000666,0.5712499999999998
2026-08-16 07:05:04.909,21.505,raise,0.08500000000000063,0.6131249999999999
2026-08-16 07:05:04.919,21.515,raise,-0.0637500000000002,0.4643750000000002
2026-08-16 07:05:04.929,21.525,raise,0.09187500000000015,0.6274999999999997
2026-08-16 07:05:04.939,21.535,raise,-0.07874999999999965,0.5149999999999999
2026-08-16 07:05:04.949,21.545,raise,0.05750000000000033,0.5781250000000004
2026-08-16 07:05:04.959,21.555,raise,0.06687500000000068,0.6062500000000004
2026-08-16 07:05:04.969,21.565,raise,-0.08687499999999959,0.4656250000000006
2026-08-16 07:05:04.979,21.575,raise,0.09750000000000036,0.6274999999999997
2026-08-16 07:05:04.989,21.585,raise,-0.10062499999999974,0.5081250000000004
2026-08-16 07:05:04.999,21.595,raise,0.0462499999999999,0.5512499999999998
2026-08-16 07:05:05.009,21.605,raise,0.08437499999999987,0.6056249999999996
2026-08-16 07:05:05.019,21.615,raise,-0.06000000000000005,0.4700000000000004
2026-08-16 07:05:05.029,21.625,raise,0.0956250000000003,0.6193749999999998
2026-08-16 07:05:05.039,21.635,raise,-0.0824999999999998,0.5025000000000002
2026-08-16 07:05:05.049,21.645,raise,0.06000000000000005,0.556875
2026-08-16 07:05:05.059,21.655,raise,0.06249999999999978,0.6031249999999999
2026-08-16 07:05:05.069,21.665,raise,-0.0824999999999998,0.4712499999999997
2026-08-16 07:05:05.079,21.675,raise,0.0924999999999998,0.6225000000000003
2026-08-16 07:05:05.089,21.685,raise,-0.10312499999999947,0.49437500000000023
2026-08-16 07:05:05.099,21.695,raise,0.051875000000000115,0.5631249999999999
2026-08-16 07:05:05.109,21.705,raise,0.08375000000000021,0.6131249999999999
2026-08-16 07:05:05.119,21.715,raise,-0.05812499999999998,0.4743750000000002
2026-08-16 07:05:05.129,21.725,raise,0.09624999999999995,0.6243750000000003
2026-08-16 07:05:05.139,21.735,raise,-0.08312499999999945,0.5249999999999999
2026-08-16 07:05:05.149,21.745,raise,0.03562500000000024,0.566875
2026-08-16 07:05:05.159,21.755,raise,0.06125000000000047,0.615
2026-08-16 07:05:05.169,21.765,raise,-0.08312499999999945,0.4656250000000006
2026-08-16 07:05:05.179,21.775,raise,0.08812500000000001,0.6268750000000001
2026-08-16 07:05:05.189,21.785,raise,-0.10812500000000003,0.5162500000000003
2026-08-16 07:05:05.199,21.795,raise,0.04874999999999963,0.5718750000000006
2026-08-16 07:05:05.209,21.805,raise,0.07937500000000042,0.6112499999999998
2026-08-16 07:05:05.219,21.815,raise,-0.05750000000000033,0.46499999999999986
2026-08-16 07:05:05.229,21.825,raise,0.09312500000000057,0.6262500000000004
2026-08-16 07:05:05.239,21.835,raise,-0.08687499999999959,0.5118750000000005
2026-08-16 07:05:05.249,21.845,raise,0.03437499999999982,0.5449999999999999
2026-08-16 07:05:05.259,21.855,raise,0.053750000000000187,0.605
2026-08-16 07:05:05.269,21.865,raise,-0.07687499999999958,0.4675000000000007
2026-08-16 07:05:05.279,21.875,raise,0.09187500000000015,0.6156249999999996
2026-08-16 07:05:05.289,21.885,raise,-0.10624999999999996,0.5049999999999999
2026-08-16 07:05:05.299,21.895,raise,0.05249999999999977,0.5506250000000001
2026-08-16 07:05:05.309,21.905,raise,0.08000000000000007,0.6000000000000005
2026-08-16 07:05:05.319,21.915,raise,-0.09375000000000022,0.4712499999999997
2026-08-16 07:05:05.329,21.925,raise,0.09437499999999988,0.6168750000000001
2026-08-16 07:05:05.339,21.935,raise,-0.08624999999999994,0.4993749999999997
2026-08-16 07:05:05.349,21.945,raise,0.04125000000000045,0.5600000000000005
2026-08-16 07:05:05.359,21.955,raise,0.051875000000000115,0.6168750000000001
2026-08-16 07:05:05.369,21.965,raise,-0.0737500000000002,0.4731249999999998
2026-08-16 07:05:05.379,21.975,raise,0.09187500000000015,0.6231249999999999
2026-08-16 07:05:05.389,21.985,raise,-0.0649999999999995,0.52875
2026-08-16 07:05:05.399,21.995,raise,0.056875000000000675,0.5656249999999996
2026-08-16 07:05:05.409,22.005,raise,0.07500000000000062,0.6143750000000003
2026-08-16 07:05:05.419,22.015,raise,-0.0924999999999998,0.47250000000000014
2026-08-16 07:05:05.429,22.025,raise,0.09312500000000057,0.6237500000000007
2026-08-16 07:05:05.439,22.035,raise,-0.0924999999999998,0.5212499999999998
2026-08-16 07:05:05.449,22.045,raise,0.043125000000000524,0.5681250000000004
2026-08-16 07:05:05.459,22.055,raise,0.04249999999999976,0.6093749999999998
2026-08-16 07:05:05.469,22.065,raise,-0.07437499999999986,0.46250000000000013
2026-08-16 07:05:05.479,22.075,raise,0.09375000000000022,0.6287500000000001
2026-08-16 07:05:05.489,22.085,raise,-0.07000000000000006,0.5131249999999998
2026-08-16 07:05:05.499,22.095,raise,0.056875000000000675,0.5412499999999998
2026-08-16 07:05:05.509,22.105,raise,0.07249999999999979,0.6093749999999998
2026-08-16 07:05:05.519,22.115,raise,-0.09124999999999939,0.46687499999999993
2026-08-16 07:05:05.529,22.125,raise,0.0956250000000003,0.6312499999999999
2026-08-16 07:05:05.539,22.135,raise,-0.09624999999999995,0.5106250000000001
2026-08-16 07:05:05.549,22.145,raise,0.043125000000000524,0.5481250000000004
2026-08-16 07:05:05.559,22.155,raise,0.08437499999999987,0.6081250000000005
2026-08-16 07:05:05.569,22.165,raise,-0.07124999999999937,0.46937499999999965
2026-08-16 07:05:05.579,22.175,raise,0.09312500000000057,0.6181250000000005
2026-08-16 07:05:05.589,22.185,raise,-0.07312499999999944,0.5043750000000002
2026-08-16 07:05:05.599,22.195,raise,0.056875000000000675,0.5543750000000003
2026-08-16 07:05:05.609,22.205,raise,0.07000000000000006,0.6206250000000002
2026-08-16 07:05:05.619,22.215,raise,-0.08874999999999966,0.4712499999999997
2026-08-16 07:05:05.629,22.225,raise,0.0956250000000003,0.6200000000000006
2026-08-16 07:05:05.639,22.235,raise,-0.09812500000000002,0.4974999999999996
2026-08-16 07:05:05.649,22.245,raise,0.046875000000000666,0.5606250000000002
2026-08-16 07:05:05.659,22.255,raise,0.08187500000000014,0.615
2026-08-16 07:05:05.669,22.265,raise,-0.07062499999999972,0.47250000000000014
2026-08-16 07:05:05.679,22.275,raise,0.09375000000000022,0.6225000000000003
2026-08-16 07:05:05.689,22.285,raise,-0.078125,0.5262500000000003
2026-08-16 07:05:05.699,22.295,raise,0.05312500000000053,0.5674999999999997
2026-08-16 07:05:05.709,22.305,raise,0.06687500000000068,0.6131249999999999
2026-08-16 07:05:05.719,22.315,raise,-0.09000000000000008,0.46375000000000055
2026-08-16 07:05:05.729,22.325,raise,0.09000000000000008,0.6274999999999997
2026-08-16 07:05:05.739,22.335,raise,-0.10000000000000009,0.5212499999999998
2026-08-16 07:05:05.749,22.345,raise,0.04937500000000039,0.5737500000000006
2026-08-16 07:05:05.759,22.355,raise,0.08437499999999987,0.6137500000000007
2026-08-16 07:05:05.769,22.365,raise,-0.06312499999999943,0.4656250000000006
2026-08-16 07:05:05.779,22.375,raise,0.09624999999999995,0.6300000000000006
2026-08-16 07:05:05.789,22.385,raise,-0.07874999999999965,0.5131249999999998
2026-08-16 07:05:05.799,22.395,raise,0.02687500000000065,0.5412499999999998
2026-08-16 07:05:05.809,22.405,raise,0.0637500000000002,0.6093749999999998
2026-08-16 07:05:05.819,22.415,raise,-0.08937500000000043,0.46875
2026-08-16 07:05:05.829,22.425,raise,0.09062499999999973,0.6200000000000006
2026-08-16 07:05:05.839,22.435,raise,-0.10312499999999947,0.5081250000000004
2026-08-16 07:05:05.849,22.445,raise,0.0462499999999999,0.5512499999999998
2026-08-16 07:05:05.859,22.455,raise,0.08437499999999987,0.6062500000000004
2026-08-16 07:05:05.869,22.465,raise,-0.06249999999999978,0.47062500000000007
2026-08-16 07:05:05.879,22.475,raise,0.0956250000000003,0.6218750000000006
2026-08-16 07:05:05.889,22.485,raise,-0.078125,0.5018750000000005
2026-08-16 07:05:05.899,22.495,raise,0.0318750000000001,0.5593749999999997
2026-08-16 07:05:05.909,22.505,raise,0.0637500000000002,0.6212499999999999
2026-08-16 07:05:05.919,22.515,raise,-0.08437499999999987,0.4712499999999997
2026-08-16 07:05:05.929,22.525,raise,0.08624999999999994,0.6206250000000002
2026-08-16 07:05:05.939,22.535,raise,-0.10687499999999961,0.5331249999999998
2026-08-16 07:05:05.949,22.545,raise,0.043125000000000524,0.5593749999999997
2026-08-16 07:05:05.959,22.555,raise,0.08125000000000049,0.6131249999999999
2026-08-16 07:05:05.969,22.565,raise,-0.09750000000000036,0.4743750000000002
2026-08-16 07:05:05.979,22.575,raise,0.09624999999999995,0.6218750000000006
2026-08-16 07:05:05.989,22.585,raise,-0.08187500000000014,0.5249999999999999
2026-08-16 07:05:05.999,22.595,raise,0.040000000000000036,0.5731249999999999
2026-08-16 07:05:06.009,22.605,raise,0.05812499999999998,0.6137500000000007
2026-08-16 07:05:06.019,22.615,raise,-0.08062499999999972,0.46375000000000055
2026-08-16 07:05:06.029,22.625,raise,0.08937500000000043,0.6281250000000005
2026-08-16 07:05:06.039,22.635,raise,-0.06124999999999936,0.5181250000000004
2026-08-16 07:05:06.049,22.645,raise,0.050000000000000044,0.5406250000000001
2026-08-16 07:05:06.059,22.655,raise,0.07624999999999993,0.6081250000000005
2026-08-16 07:05:06.069,22.665,raise,-0.09750000000000036,0.46875
2026-08-16 07:05:06.079,22.675,raise,0.09375000000000022,0.6318750000000006
2026-08-16 07:05:06.089,22.685,raise,-0.08624999999999994,0.5131249999999998
2026-08-16 07:05:06.099,22.695,raise,0.04062499999999969,0.5487500000000001
2026-08-16 07:05:06.109,22.705,raise,0.051875000000000115,0.6093749999999998
2026-08-16 07:05:06.119,22.715,raise,-0.078125,0.46812500000000035
2026-08-16 07:05:06.129,22.725,raise,0.0912500000000005,0.6162500000000004
2026-08-16 07:05:06.139,22.735,raise,-0.06249999999999978,0.5049999999999999
2026-08-16 07:05:06.149,22.745,raise,0.05312500000000053,0.5543750000000003
2026-08-16 07:05:06.159,22.755,raise,0.07437499999999986,0.6206250000000002
2026-08-16 07:05:06.169,22.765,raise,-0.09750000000000036,0.4712499999999997
2026-08-16 07:05:06.179,22.775,raise,0.09187500000000015,0.6218750000000006
2026-08-16 07:05:06.189,22.785,raise,-0.09124999999999939,0.49687499999999996
2026-08-16 07:05:06.199,22.795,raise,0.03687500000000066,0.5606250000000002
2026-08-16 07:05:06.209,22.805,raise,0.0824999999999998,0.6168750000000001
2026-08-16 07:05:06.219,22.815,raise,-0.07562500000000028,0.4731249999999998
2026-08-16 07:05:06.229,22.825,raise,0.09187500000000015,0.625
2026-08-16 07:05:06.239,22.835,raise,-0.06562500000000027,0.5325000000000002
2026-08-16 07:05:06.249,22.845,raise,0.05249999999999977,0.5637500000000006
2026-08-16 07:05:06.259,22.855,raise,0.0737500000000002,0.6168750000000001
2026-08-16 07:05:06.269,22.865,raise,-0.09499999999999953,0.46375000000000055
2026-08-16 07:05:06.279,22.875,raise,0.09312500000000057,0.6281250000000005
2026-08-16 07:05:06.289,22.885,raise,-0.09499999999999953,0.5243750000000003
2026-08-16 07:05:06.299,22.895,raise,0.04249999999999976,0.536875
2026-08-16 07:05:06.309,22.905,raise,0.08312500000000056,0.6162500000000004
2026-08-16 07:05:06.319,22.915,raise,-0.07249999999999979,0.4656250000000006
2026-08-16 07:05:06.329,22.925,raise,0.09000000000000008,0.6312499999999999
2026-08-16 07:05:06.339,22.935,raise,-0.06624999999999992,0.5174999999999996
2026-08-16 07:05:06.349,22.945,raise,0.055000000000000604,0.5456250000000007
2026-08-16 07:05:06.359,22.955,raise,0.07249999999999979,0.6131249999999999
2026-08-16 07:05:06.369,22.965,raise,-0.09312499999999946,0.46875
2026-08-16 07:05:06.379,22.975,raise,0.08500000000000063,0.6143750000000003
2026-08-16 07:05:06.389,22.985,raise,-0.0968749999999996,0.5100000000000005
2026-08-16 07:05:06.399,22.995,raise,0.045000000000000595,0.5493749999999997
2026-08-16 07:05:06.409,23.005,raise,0.08687499999999959,0.6206250000000002
2026-08-16 07:05:06.419,23.015,raise,-0.07124999999999937,0.46812500000000035
2026-08-16 07:05:06.429,23.025,raise,0.09312500000000057,0.6187500000000001
2026-08-16 07:05:06.439,23.035,raise,-0.07562500000000028,0.5031249999999998
2026-08-16 07:05:06.449,23.045,raise,0.023125000000000506,0.5556249999999996
2026-08-16 07:05:06.459,23.055,raise,0.07062499999999972,0.6174999999999997
2026-08-16 07:05:06.469,23.065,raise,-0.09437499999999988,0.47062500000000007
2026-08-16 07:05:06.479,23.075,raise,0.08687499999999959,0.6218750000000006
2026-08-16 07:05:06.489,23.085,raise,-0.10000000000000009,0.5318750000000005
2026-08-16 07:05:06.499,23.095,raise,0.04375000000000018,0.5600000000000005
2026-08-16 07:05:06.509,23.105,raise,0.08687499999999959,0.6181250000000005
2026-08-16 07:05:06.519,23.115,raise,-0.07124999999999937,0.4618750000000005
2026-08-16 07:05:06.529,23.125,raise,0.0912500000000005,0.6274999999999997
2026-08-16 07:05:06.539,23.135,raise,-0.0737500000000002,0.5274999999999996
2026-08-16 07:05:06.549,23.145,raise,0.029375000000000373,0.410625
2026-08-16 07:05:06.559,23.155,raise,0.06812499999999999,0.4237500000000005
2026-08-16 07:05:06.569,23.165,raise,-0.09124999999999939,0.3718750000000004
2026-08-16 07:05:06.579,23.175,raise,0.08874999999999966,0.4249999999999998
2026-08-16 07:05:06.589,23.185,raise,-0.10187500000000016,0.39562500000000056
2026-08-16 07:05:06.599,23.195,raise,0.04375000000000018,0.3962500000000002
2026-08-16 07:05:06.609,23.205,raise,0.08312500000000056,0.4249999999999998
2026-08-16 07:05:06.619,23.215,raise,-0.10437499999999988,0.38250000000000006
2026-08-16 07:05:06.629,23.225,raise,0.0912500000000005,0.4268749999999999
2026-08-16 07:05:06.639,23.235,raise,-0.07624999999999993,0.4018750000000004
2026-08-16 07:05:06.649,23.245,raise,0.03249999999999975,0.40874999999999995
2026-08-16 07:05:06.659,23.255,raise,0.06624999999999992,0.4356250000000006
2026-08-16 07:05:06.669,23.265,raise,-0.09124999999999939,0.38874999999999993
2026-08-16 07:05:06.679,23.275,raise,0.08500000000000063,0.4368749999999999
2026-08-16 07:05:06.689,23.285,raise,-0.05812499999999998,0.40750000000000064
2026-08-16 07:05:06.699,23.295,raise,0.04437499999999983,0.41750000000000065
2026-08-16 07:05:06.709,23.305,raise,0.08000000000000007,0.44187500000000046
2026-08-16 07:05:06.719,23.315,raise,-0.10437499999999988,0.39750000000000063
2026-08-16 07:05:06.729,23.325,raise,0.08937500000000043,0.4456250000000006
2026-08-16 07:05:06.739,23.335,raise,-0.0824999999999998,0.42625000000000024
2026-08-16 07:05:06.749,23.345,raise,0.035000000000000586,0.4300000000000004
2026-08-16 07:05:06.759,23.355,raise,0.05750000000000033,0.4531249999999998
2026-08-16 07:05:06.769,23.365,raise,-0.08499999999999952,0.40750000000000064
2026-08-16 07:05:06.779,23.375,raise,0.08624999999999994,0.4600000000000004
2026-08-16 07:05:06.789,23.385,raise,-0.056874999999999565,0.4343750000000002
2026-08-16 07:05:06.799,23.395,raise,0.04750000000000032,0.44312499999999977
2026-08-16 07:05:06.809,23.405,raise,0.07750000000000035,0.4612499999999997
2026-08-16 07:05:06.819,23.415,raise,-0.09937499999999932,0.41312499999999974
2026-08-16 07:05:06.829,23.425,raise,0.09000000000000008,0.4675000000000007
2026-08-16 07:05:06.839,23.435,raise,-0.08562500000000028,0.4412499999999997
2026-08-16 07:05:06.849,23.445,raise,0.035000000000000586,0.43750000000000067
2026-08-16 07:05:06.859,23.455,raise,0.08500000000000063,0.47250000000000014
2026-08-16 07:05:06.869,23.465,raise,-0.08312499999999945,0.4237500000000005
2026-08-16 07:05:06.879,23.475,raise,0.08937500000000043,0.4774999999999996
2026-08-16 07:05:06.889,23.485,raise,-0.058749999999999636,0.4443750000000002
2026-08-16 07:05:06.899,23.495,raise,0.046875000000000666,0.4500000000000004
2026-08-16 07:05:06.909,23.505,raise,0.078125,0.47562500000000063
2026-08-16 07:05:06.919,23.515,raise,-0.1012499999999994,0.4300000000000004
2026-08-16 07:05:06.929,23.525,raise,0.09000000000000008,0.47687499999999994
2026-08-16 07:05:06.939,23.535,raise,-0.09124999999999939,0.44812500000000033
2026-08-16 07:05:06.949,23.545,raise,0.03687500000000066,0.45499999999999985
2026-08-16 07:05:06.959,23.555,raise,0.08062499999999972,0.48375000000000057
2026-08-16 07:05:06.969,23.565,raise,-0.08062499999999972,0.4337500000000005
2026-08-16 07:05:06.979,23.575,raise,0.08687499999999959,0.48375000000000057
2026-08-16 07:05:06.989,23.585,raise,-0.0637500000000002,0.4531249999999998
2026-08-16 07:05:06.999,23.595,raise,0.051875000000000115,0.46687499999999993
2026-08-16 07:05:07.009,23.605,raise,0.07500000000000062,0.49687499999999996
2026-08-16 07:05:07.019,23.615,raise,-0.09750000000000036,0.4443750000000002
2026-08-16 07:05:07.029,23.625,raise,0.08437499999999987,0.4931249999999998
2026-08-16 07:05:07.039,23.635,raise,-0.09499999999999953,0.4731249999999998
2026-08-16 07:05:07.049,23.645,raise,0.038124999999999964,0.47562500000000063
2026-08-16 07:05:07.059,23.655,raise,0.08437499999999987,0.5000000000000004
2026-08-16 07:05:07.069,23.665,raise,-0.08062499999999972,0.44812500000000033
2026-08-16 07:05:07.079,23.675,raise,0.09062499999999973,0.5043750000000002
2026-08-16 07:05:07.089,23.685,raise,-0.06750000000000034,0.47499999999999987
2026-08-16 07:05:07.099,23.695,raise,0.02375000000000016,0.46687499999999993
2026-08-16 07:05:07.109,23.705,raise,0.07437499999999986,0.5025000000000002
2026-08-16 07:05:07.119,23.715,raise,-0.09750000000000036,0.45625000000000027
2026-08-16 07:05:07.129,23.725,raise,0.08500000000000063,0.5112499999999998
2026-08-16 07:05:07.139,23.735,raise,-0.0956250000000003,0.47875
2026-08-16 07:05:07.149,23.745,raise,0.03562500000000024,0.47812500000000036
2026-08-16 07:05:07.159,23.755,raise,0.08624999999999994,0.50875
2026-08-16 07:05:07.169,23.765,raise,-0.11624999999999996,0.45875
2026-08-16 07:05:07.179,23.775,raise,0.08750000000000036,0.5037500000000006
2026-08-16 07:05:07.189,23.785,raise,-0.06812499999999999,0.47875
2026-08-16 07:05:07.199,23.795,raise,0.0187499999999996,0.4831249999999998
2026-08-16 07:05:07.209,23.805,raise,0.07062499999999972,0.5118750000000005
2026-08-16 07:05:07.219,23.815,raise,-0.09750000000000036,0.4656250000000006
2026-08-16 07:05:07.229,23.825,raise,0.08375000000000021,0.50875
2026-08-16 07:05:07.239,23.835,raise,-0.10062499999999974,0.48124999999999973
2026-08-16 07:05:07.249,23.845,raise,0.038124999999999964,0.4906250000000001
2026-08-16 07:05:07.259,23.855,raise,0.08624999999999994,0.5174999999999996
2026-08-16 07:05:07.269,23.865,raise,-0.10874999999999968,0.4700000000000004
2026-08-16 07:05:07.279,23.875,raise,0.08874999999999966,0.5181250000000004
2026-08-16 07:05:07.289,23.885,raise,-0.07187500000000013,0.4949999999999999
2026-08-16 07:05:07.299,23.895,raise,0.02562500000000023,0.4974999999999996
2026-08-16 07:05:07.309,23.905,raise,0.06937500000000041,0.5212499999999998
2026-08-16 07:05:07.319,23.915,raise,-0.09312499999999946,0.4700000000000004
2026-08-16 07:05:07.329,23.925,raise,0.08624999999999994,0.5249999999999999
2026-08-16 07:05:07.339,23.935,raise,-0.09750000000000036,0.49875
2026-08-16 07:05:07.349,23.945,raise,0.03874999999999962,0.5062500000000003
2026-08-16 07:05:07.359,23.955,raise,0.08312500000000056,0.5256250000000007
2026-08-16 07:05:07.369,23.965,raise,-0.10812500000000003,0.47375000000000056
2026-08-16 07:05:07.379,23.975,raise,0.08500000000000063,0.5306250000000001
2026-08-16 07:05:07.389,23.985,raise,-0.07687499999999958,0.4993749999999997
2026-08-16 07:05:07.399,23.995,raise,0.026249999999999885,0.4974999999999996
2026-08-16 07:05:07.409,24.005,raise,0.0637500000000002,0.5306250000000001
2026-08-16 07:05:07.419,24.015,raise,-0.09124999999999939,0.47875
2026-08-16 07:05:07.429,24.025,raise,0.08187500000000014,0.5237500000000006
2026-08-16 07:05:07.439,24.035,raise,-0.05312499999999942,0.4993749999999997
2026-08-16 07:05:07.449,24.045,raise,0.04125000000000045,0.4993749999999997
2026-08-16 07:05:07.459,24.055,raise,0.08000000000000007,0.5325000000000002
2026-08-16 07:05:07.469,24.065,raise,-0.1056250000000003,0.4831249999999998
2026-08-16 07:05:07.479,24.075,raise,0.08812500000000001,0.526875
2026-08-16 07:05:07.489,24.085,raise,-0.08124999999999938,0.5025000000000002
2026-08-16 07:05:07.499,24.095,raise,0.031250000000000444,0.5093749999999997
2026-08-16 07:05:07.509,24.105,raise,0.08187500000000014,0.5356250000000007
2026-08-16 07:05:07.519,24.115,raise,-0.08687499999999959,0.48687499999999995
2026-08-16 07:05:07.529,24.125,raise,0.0824999999999998,0.5337500000000006
2026-08-16 07:05:07.539,24.135,raise,-0.05437499999999984,0.5118750000000005
2026-08-16 07:05:07.549,24.145,raise,0.04375000000000018,0.5131249999999998
2026-08-16 07:05:07.559,24.155,raise,0.08125000000000049,0.5381250000000004
2026-08-16 07:05:07.569,24.165,raise,-0.10249999999999981,0.48875
2026-08-16 07:05:07.579,24.175,raise,0.0924999999999998,0.5393749999999997
2026-08-16 07:05:07.589,24.185,raise,-0.08187500000000014,0.5149999999999999
2026-08-16 07:05:07.599,24.195,raise,0.033125000000000515,0.5174999999999996
2026-08-16 07:05:07.609,24.205,raise,0.08624999999999994,0.5400000000000005
2026-08-16 07:05:07.619,24.215,raise,-0.08562500000000028,0.4931249999999998
2026-08-16 07:05:07.629,24.225,raise,0.08375000000000021,0.5437500000000006
2026-08-16 07:05:07.639,24.235,raise,-0.0593750000000004,0.5181250000000004
2026-08-16 07:05:07.649,24.245,raise,0.0462499999999999,0.5131249999999998
2026-08-16 07:05:07.659,24.255,raise,0.07937500000000042,0.5456250000000007
2026-08-16 07:05:07.669,24.265,raise,-0.09874999999999967,0.4949999999999999
2026-08-16 07:05:07.679,24.275,raise,0.07937500000000042,0.5449999999999999
2026-08-16 07:05:07.689,24.285,raise,-0.08499999999999952,0.5137500000000006
2026-08-16 07:05:07.699,24.295,raise,0.03687500000000066,0.5125000000000002
2026-08-16 07:05:07.709,24.305,raise,0.08437499999999987,0.5431249999999999
2026-08-16 07:05:07.719,24.315,raise,-0.08187500000000014,0.4962500000000003
2026-08-16 07:05:07.729,24.325,raise,0.08437499999999987,0.5325000000000002
2026-08-16 07:05:07.739,24.335,raise,-0.061875000000000124,0.5149999999999999
2026-08-16 07:05:07.749,24.345,raise,0.016249999999999876,0.5193749999999997
2026-08-16 07:05:07.759,24.355,raise,0.07187500000000013,0.546875
2026-08-16 07:05:07.769,24.365,raise,-0.09750000000000036,0.4993749999999997
2026-08-16 07:05:07.779,24.375,raise,0.08375000000000021,0.5437500000000006
2026-08-16 07:05:07.789,24.385,raise,-0.09062499999999973,0.5162500000000003
2026-08-16 07:05:07.799,24.395,raise,0.03750000000000031,0.5249999999999999
2026-08-16 07:05:07.809,24.405,raise,0.08562500000000028,0.5506250000000001
2026-08-16 07:05:07.819,24.415,raise,-0.08000000000000007,0.4993749999999997
2026-08-16 07:05:07.829,24.425,raise,0.08874999999999966,0.5487500000000001
2026-08-16 07:05:07.839,24.435,raise,-0.06437499999999985,0.5274999999999996
2026-08-16 07:05:07.849,24.445,raise,0.020000000000000018,0.5274999999999996
2026-08-16 07:05:07.859,24.455,raise,0.07187500000000013,0.5531249999999999
2026-08-16 07:05:07.869,24.465,raise,-0.09874999999999967,0.49875
2026-08-16 07:05:07.879,24.475,raise,0.08125000000000049,0.5512499999999998
2026-08-16 07:05:07.889,24.485,raise,-0.09437499999999988,0.5274999999999996
2026-08-16 07:05:07.899,24.495,raise,0.038124999999999964,0.5318750000000005
2026-08-16 07:05:07.909,24.505,raise,0.08687499999999959,0.5525000000000002
2026-08-16 07:05:07.919,24.515,raise,-0.11562500000000031,0.5031249999999998
2026-08-16 07:05:07.929,24.525,raise,0.09000000000000008,0.5531249999999999
2026-08-16 07:05:07.939,24.535,raise,-0.06937500000000041,0.5243750000000003
2026-08-16 07:05:07.949,24.545,raise,0.022499999999999742,0.5181250000000004
2026-08-16 07:05:07.959,24.555,raise,0.07187500000000013,0.5518750000000006
2026-08-16 07:05:07.969,24.565,raise,-0.09812500000000002,0.5018750000000005
2026-08-16 07:05:07.979,24.575,raise,0.08500000000000063,0.5481250000000004
2026-08-16 07:05:07.989,24.585,raise,-0.09499999999999953,0.5249999999999999
2026-08-16 07:05:07.999,24.595,raise,0.03624999999999989,0.5243750000000003
2026-08-16 07:05:08.009,24.605,raise,0.08312500000000056,0.5531249999999999
2026-08-16 07:05:08.019,24.615,raise,-0.10937499999999933,0.5049999999999999
2026-08-16 07:05:08.029,24.625,raise,0.08812500000000001,0.5525000000000002
2026-08-16 07:05:08.039,24.635,raise,-0.07000000000000006,0.5243750000000003
2026-08-16 07:05:08.049,24.645,raise,0.02562500000000023,0.52875
2026-08-16 07:05:08.059,24.655,raise,0.06937500000000041,0.5543750000000003
2026-08-16 07:05:08.069,24.665,raise,-0.0956250000000003,0.5062500000000003
2026-08-16 07:05:08.079,24.675,raise,0.08437499999999987,0.5525000000000002
2026-08-16 07:05:08.089,24.685,raise,-0.044999999999999485,0.5325000000000002
2026-08-16 07:05:08.099,24.695,raise,0.03874999999999962,0.5331249999999998
2026-08-16 07:05:08.109,24.705,raise,0.08687499999999959,0.5600000000000005
2026-08-16 07:05:08.119,24.715,raise,-0.10874999999999968,0.5106250000000001
2026-08-16 07:05:08.129,24.725,raise,0.08812500000000001,0.5549999999999999
2026-08-16 07:05:08.139,24.735,raise,-0.0737500000000002,0.5325000000000002
2026-08-16 07:05:08.149,24.745,raise,0.02375000000000016,0.5393749999999997
2026-08-16 07:05:08.159,24.755,raise,0.08624999999999994,0.5600000000000005
2026-08-16 07:05:08.169,24.765,raise,-0.09437499999999988,0.5043750000000002
2026-08-16 07:05:08.179,24.775,raise,0.08312500000000056,0.5556249999999996
2026-08-16 07:05:08.189,24.785,raise,-0.04874999999999963,0.5325000000000002
2026-08-16 07:05:08.199,24.795,raise,0.03937500000000038,0.5225000000000002
2026-08-16 07:05:08.209,24.805,raise,0.08000000000000007,0.5593749999999997
2026-08-16 07:05:08.219,24.815,raise,-0.10874999999999968,0.5074999999999996
2026-08-16 07:05:08.229,24.825,raise,0.08937500000000043,0.5587500000000001
2026-08-16 07:05:08.239,24.835,raise,-0.07874999999999965,0.5312499999999998
2026-08-16 07:05:08.249,24.845,raise,0.02687500000000065,0.5300000000000005
2026-08-16 07:05:08.259,24.855,raise,0.08937500000000043,0.5618750000000006
2026-08-16 07:05:08.269,24.865,raise,-0.09312499999999946,0.5106250000000001
2026-08-16 07:05:08.279,24.875,raise,0.08500000000000063,0.5531249999999999
2026-08-16 07:05:08.289,24.885,raise,-0.05124999999999935,0.5306250000000001
2026-08-16 07:05:08.299,24.895,raise,0.04187500000000011,0.5337500000000006
2026-08-16 07:05:08.309,24.905,raise,0.08062499999999972,0.5593749999999997
2026-08-16 07:05:08.319,24.915,raise,-0.10437499999999988,0.5112499999999998
2026-08-16 07:05:08.329,24.925,raise,0.07562500000000028,0.556875
2026-08-16 07:05:08.339,24.935,raise,-0.078125,0.5381250000000004
2026-08-16 07:05:08.349,24.945,raise,0.02874999999999961,0.5356250000000007
2026-08-16 07:05:08.359,24.955,raise,0.08937500000000043,0.5618750000000006
2026-08-16 07:05:08.369,24.965,raise,-0.09062499999999973,0.5137500000000006
2026-08-16 07:05:08.379,24.975,raise,0.08500000000000063,0.5612499999999998
2026-08-16 07:05:08.389,24.985,raise,-0.05750000000000033,0.536875
2026-08-16 07:05:08.399,24.995,raise,0.010000000000000009,0.5400000000000005
2026-08-16 07:05:08.409,25.005,raise,0.08187500000000014,0.5618750000000006
2026-08-16 07:05:08.419,25.015,raise,-0.10312499999999947,0.5112499999999998
2026-08-16 07:05:08.429,25.025,raise,0.07687499999999958,0.5587500000000001
2026-08-16 07:05:08.439,25.035,raise,-0.08437499999999987,0.5337500000000006
2026-08-16 07:05:08.449,25.045,raise,0.03375000000000017,0.5249999999999999
2026-08-16 07:05:08.459,25.055,raise,0.08437499999999987,0.5612499999999998
2026-08-16 07:05:08.469,25.065,raise,-0.08437499999999987,0.5112499999999998
2026-08-16 07:05:08.479,25.075,raise,0.08437499999999987,0.5625000000000002
2026-08-16 07:05:08.489,25.085,raise,-0.05624999999999991,0.5374999999999996
2026-08-16 07:05:08.499,25.095,raise,0.01687500000000064,0.5325000000000002
2026-08-16 07:05:08.509,25.105,raise,0.07562500000000028,0.5625000000000002
2026-08-16 07:05:08.519,25.115,raise,-0.1012499999999994,0.5137500000000006
2026-08-16 07:05:08.529,25.125,raise,0.08125000000000049,0.556875
2026-08-16 07:05:08.539,25.135,raise,-0.08687499999999959,0.5337500000000006
2026-08-16 07:05:08.549,25.145,raise,0.031250000000000444,0.5356250000000007
2026-08-16 07:05:08.559,25.155,raise,0.08812500000000001,0.5618750000000006
2026-08-16 07:05:08.569,25.165,raise,-0.11187500000000017,0.5149999999999999
2026-08-16 07:05:08.579,25.175,raise,0.08874999999999966,0.5587500000000001
2026-08-16 07:05:08.589,25.185,raise,-0.06062499999999971,0.5343750000000003
2026-08-16 07:05:08.599,25.195,raise,0.019375000000000364,0.5381250000000004
2026-08-16 07:05:08.609,25.205,raise,0.07687499999999958,0.5612499999999998
2026-08-16 07:05:08.619,25.215,raise,-0.0968749999999996,0.5143750000000002
2026-08-16 07:05:08.629,25.225,raise,0.07874999999999965,0.5581250000000004
2026-08-16 07:05:08.639,25.235,raise,-0.09124999999999939,0.5456250000000007
2026-08-16 07:05:08.649,25.245,raise,0.03562500000000024,0.5406250000000001
2026-08-16 07:05:08.659,25.255,raise,0.08500000000000063,0.5643750000000003
2026-08-16 07:05:08.669,25.265,raise,-0.11062499999999975,0.5118750000000005
2026-08-16 07:05:08.679,25.275,raise,0.08750000000000036,0.5612499999999998
2026-08-16 07:05:08.689,25.285,raise,-0.06312499999999943,0.5400000000000005
2026-08-16 07:05:08.699,25.295,raise,0.02187500000000009,0.5393749999999997
2026-08-16 07:05:08.709,25.305,raise,0.07312500000000055,0.565
2026-08-16 07:05:08.719,25.315,raise,-0.09937499999999932,0.5125000000000002
2026-08-16 07:05:08.729,25.325,raise,0.07937500000000042,0.5625000000000002
2026-08-16 07:05:08.739,25.335,raise,-0.03874999999999962,0.5381250000000004
2026-08-16 07:05:08.749,25.345,raise,0.03624999999999989,0.5337500000000006
2026-08-16 07:05:08.759,25.355,raise,0.0824999999999998,0.5625000000000002
2026-08-16 07:05:08.769,25.365,raise,-0.10687499999999961,0.5143750000000002
2026-08-16 07:05:08.779,25.375,raise,0.08500000000000063,0.5612499999999998
2026-08-16 07:05:08.789,25.385,raise,-0.06624999999999992,0.5412499999999998
2026-08-16 07:05:08.799,25.395,raise,0.028124999999999956,0.536875
2026-08-16 07:05:08.809,25.405,raise,0.0824999999999998,0.5631249999999999
2026-08-16 07:05:08.819,25.415,raise,-0.09312499999999946,0.516875
2026-08-16 07:05:08.829,25.425,raise,0.08624999999999994,0.5606250000000002
2026-08-16 07:05:08.839,25.435,raise,-0.04375000000000018,0.5356250000000007
2026-08-16 07:05:08.849,25.445,raise,0.04062499999999969,0.5393749999999997
2026-08-16 07:05:08.859,25.455,raise,0.08375000000000021,0.5674999999999997
2026-08-16 07:05:08.869,25.465,raise,-0.10874999999999968,0.51875
2026-08-16 07:05:08.879,25.475,raise,0.08624999999999994,0.5612499999999998
2026-08-16 07:05:08.889,25.485,raise,-0.07062499999999972,0.5425000000000002
2026-08-16 07:05:08.899,25.495,raise,0.026249999999999885,0.5443750000000003
2026-08-16 07:05:08.909,25.505,raise,0.08624999999999994,0.5662500000000004
2026-08-16 07:05:08.919,25.515,raise,-0.09375000000000022,0.5137500000000006
2026-08-16 07:05:08.929,25.525,raise,0.08562500000000028,0.5637500000000006
2026-08-16 07:05:08.939,25.535,raise,-0.044999999999999485,0.5412499999999998
2026-08-16 07:05:08.949,25.545,raise,0.04125000000000045,0.5412499999999998
2026-08-16 07:05:08.959,25.555,raise,0.08125000000000049,0.5637500000000006
2026-08-16 07:05:08.969,25.565,raise,-0.10937499999999933,0.5156250000000007
2026-08-16 07:05:08.979,25.575,raise,0.07562500000000028,0.5637500000000006
2026-08-16 07:05:08.989,25.585,raise,-0.0737500000000002,0.5406250000000001
2026-08-16 07:05:08.999,25.595,raise,0.02687500000000065,0.5337500000000006
2026-08-16 07:05:09.009,25.605,raise,0.08812500000000001,0.5643750000000003
2026-08-16 07:05:09.019,25.615,raise,-0.0924999999999998,0.5149999999999999
2026-08-16 07:05:09.029,25.625,raise,0.08812500000000001,0.5656249999999996
2026-08-16 07:05:09.039,25.635,raise,-0.04812499999999997,0.5400000000000005
2026-08-16 07:05:09.049,25.645,raise,0.008749999999999591,0.5381250000000004
2026-08-16 07:05:09.059,25.655,raise,0.0824999999999998,0.565
2026-08-16 07:05:09.069,25.665,raise,-0.10624999999999996,0.5181250000000004
2026-08-16 07:05:09.079,25.675,raise,0.07874999999999965,0.5606250000000002
2026-08-16 07:05:09.089,25.685,raise,-0.07937500000000042,0.5374999999999996
2026-08-16 07:05:09.099,25.695,raise,0.030000000000000027,0.5362500000000003
2026-08-16 07:05:09.109,25.705,raise,0.08750000000000036,0.5656249999999996
2026-08-16 07:05:09.119,25.715,raise,-0.09062499999999973,0.5193749999999997
2026-08-16 07:05:09.129,25.725,raise,0.08750000000000036,0.5656249999999996
2026-08-16 07:05:09.139,25.735,raise,-0.05249999999999977,0.536875
2026-08-16 07:05:09.149,25.745,raise,0.015000000000000568,0.5387500000000001
2026-08-16 07:05:09.159,25.755,raise,0.08062499999999972,0.5681250000000004
2026-08-16 07:05:09.169,25.765,raise,-0.10312499999999947,0.5162500000000003
2026-08-16 07:05:09.179,25.775,raise,0.07937500000000042,0.5631249999999999
2026-08-16 07:05:09.189,25.785,raise,-0.08124999999999938,0.5387500000000001
2026-08-16 07:05:09.199,25.795,raise,0.0318750000000001,0.5412499999999998
2026-08-16 07:05:09.209,25.805,raise,0.08624999999999994,0.5656249999999996
2026-08-16 07:05:09.219,25.815,raise,-0.11687499999999962,0.5125000000000002
2026-08-16 07:05:09.229,25.825,raise,0.08874999999999966,0.5625000000000002
2026-08-16 07:05:09.239,25.835,raise,-0.05562500000000026,0.5406250000000001
2026-08-16 07:05:09.249,25.845,raise,0.015000000000000568,0.5418750000000006
2026-08-16 07:05:09.259,25.855,raise,0.07937500000000042,0.5674999999999997
2026-08-16 07:05:09.269,25.865,raise,-0.10375000000000023,0.5174999999999996
2026-08-16 07:05:09.279,25.875,raise,0.08187500000000014,0.5662500000000004
2026-08-16 07:05:09.289,25.885,raise,-0.08562500000000028,0.5374999999999996
2026-08-16 07:05:09.299,25.895,raise,0.0318750000000001,0.5349999999999999
2026-08-16 07:05:09.309,25.905,raise,0.08874999999999966,0.5656249999999996
2026-08-16 07:05:09.319,25.915,raise,-0.11312499999999948,0.5156250000000007
2026-08-16 07:05:09.329,25.925,raise,0.09000000000000008,0.5587500000000001
2026-08-16 07:05:09.339,25.935,raise,-0.05750000000000033,0.5393749999999997
2026-08-16 07:05:09.349,25.945,raise,0.017500000000000293,0.5362500000000003
2026-08-16 07:05:09.359,25.955,raise,0.08000000000000007,0.5662500000000004
2026-08-16 07:05:09.369,25.965,raise,-0.10062499999999974,0.51875
2026-08-16 07:05:09.379,25.975,raise,0.08312500000000056,0.556875
2026-08-16 07:05:09.389,25.985,raise,-0.029375000000000373,0.5374999999999996
2026-08-16 07:05:09.399,25.995,raise,0.035000000000000586,0.5400000000000005
2026-08-16 07:05:09.409,26.005,raise,0.08750000000000036,0.5700000000000005
2026-08-16 07:05:09.419,26.015,raise,-0.11187500000000017,0.51875
2026-08-16 07:05:09.429,26.025,raise,0.08750000000000036,0.5600000000000005
2026-08-16 07:05:09.439,26.035,raise,-0.0593750000000004,0.5443750000000003
2026-08-16 07:05:09.449,26.045,raise,0.016249999999999876,0.5406250000000001
2026-08-16 07:05:09.459,26.055,raise,0.08624999999999994,0.5637500000000006
2026-08-16 07:05:09.469,26.065,raise,-0.09812500000000002,0.5131249999999998
2026-08-16 07:05:09.479,26.075,raise,0.08500000000000063,0.5625000000000002
2026-08-16 07:05:09.489,26.085,raise,-0.034999999999999476,0.5431249999999999
2026-08-16 07:05:09.499,26.095,raise,0.03562500000000024,0.5449999999999999
2026-08-16 07:05:09.509,26.105,raise,0.08312500000000056,0.5681250000000004
2026-08-16 07:05:09.519,26.115,raise,-0.10937499999999933,0.516875
2026-08-16 07:05:09.529,26.125,raise,0.08812500000000001,0.5656249999999996
2026-08-16 07:05:09.539,26.135,raise,-0.06437499999999985,0.5400000000000005
2026-08-16 07:05:09.549,26.145,raise,0.02187500000000009,0.5318750000000005
2026-08-16 07:05:09.559,26.155,raise,0.08874999999999966,0.5681250000000004
2026-08-16 07:05:09.569,26.165,raise,-0.0956250000000003,0.5181250000000004
2026-08-16 07:05:09.579,26.175,raise,0.0824999999999998,0.5593749999999997
2026-08-16 07:05:09.589,26.185,raise,-0.03562500000000024,0.5406250000000001
2026-08-16 07:05:09.599,26.195,raise,0.03937500000000038,0.5337500000000006
2026-08-16 07:05:09.609,26.205,raise,0.08562500000000028,0.566875
2026-08-16 07:05:09.619,26.215,raise,-0.10687499999999961,0.51875
2026-08-16 07:05:09.629,26.225,raise,0.07562500000000028,0.5593749999999997
2026-08-16 07:05:09.639,26.235,raise,-0.06687499999999957,0.5381250000000004
2026-08-16 07:05:09.649,26.245,raise,0.024374999999999813,0.5374999999999996
2026-08-16 07:05:09.659,26.255,raise,0.08937500000000043,0.5681250000000004
2026-08-16 07:05:09.669,26.265,raise,-0.0968749999999996,0.5156250000000007
2026-08-16 07:05:09.679,26.275,raise,0.0824999999999998,0.5581250000000004
2026-08-16 07:05:09.689,26.285,raise,-0.04187500000000011,0.5474999999999997
2026-08-16 07:05:09.699,26.295,raise,0.006875000000000631,0.5387500000000001
2026-08-16 07:05:09.709,26.305,raise,0.08624999999999994,0.5643750000000003
2026-08-16 07:05:09.719,26.315,raise,-0.10812500000000003,0.5143750000000002
2026-08-16 07:05:09.729,26.325,raise,0.078125,0.5612499999999998
2026-08-16 07:05:09.739,26.335,raise,-0.06874999999999964,0.5462500000000003
2026-08-16 07:05:09.749,26.345,raise,0.025000000000000577,0.5412499999999998
2026-08-16 07:05:09.759,26.355,raise,0.08874999999999966,0.5681250000000004
2026-08-16 07:05:09.769,26.365,raise,-0.09062499999999973,0.516875
2026-08-16 07:05:09.779,26.375,raise,0.08187500000000014,0.565
2026-08-16 07:05:09.789,26.385,raise,-0.04249999999999976,0.5425000000000002
2026-08-16 07:05:09.799,26.395,raise,0.015625000000000222,0.5318750000000005
2026-08-16 07:05:09.809,26.405,raise,0.08624999999999994,0.566875
2026-08-16 07:05:09.819,26.415,raise,-0.10249999999999981,0.5174999999999996
2026-08-16 07:05:09.829,26.425,raise,0.08125000000000049,0.565
2026-08-16 07:05:09.839,26.435,raise,-0.07249999999999979,0.5406250000000001
2026-08-16 07:05:09.849,26.445,raise,0.030000000000000027,0.5300000000000005
2026-08-16 07:05:09.859,26.455,raise,0.08624999999999994,0.5681250000000004
2026-08-16 07:05:09.869,26.465,raise,-0.11750000000000038,0.5181250000000004
2026-08-16 07:05:09.879,26.475,raise,0.08375000000000021,0.5618750000000006
2026-08-16 07:05:09.889,26.485,raise,-0.0506249999999997,0.5406250000000001
2026-08-16 07:05:09.899,26.495,raise,0.01187500000000008,0.5393749999999997
2026-08-16 07:05:09.909,26.505,raise,0.07562500000000028,0.5656249999999996
2026-08-16 07:05:09.919,26.515,raise,-0.10375000000000023,0.51875
2026-08-16 07:05:09.929,26.525,raise,0.0824999999999998,0.5581250000000004
2026-08-16 07:05:09.939,26.535,raise,-0.078125,0.536875
2026-08-16 07:05:09.949,26.545,raise,0.03249999999999975,0.5362500000000003
2026-08-16 07:05:09.959,26.555,raise,0.08187500000000014,0.566875
2026-08-16 07:05:09.969,26.565,raise,-0.11624999999999996,0.5162500000000003
2026-08-16 07:05:09.979,26.575,raise,0.08500000000000063,0.5637500000000006
2026-08-16 07:05:09.989,26.585,raise,-0.05249999999999977,0.5456250000000007
2026-08-16 07:05:09.999,26.595,raise,0.015000000000000568,0.5387500000000001
2026-08-16 07:05:10.009,26.605,raise,0.07750000000000035,0.5693749999999997
2026-08-16 07:05:10.019,26.615,raise,-0.1012499999999994,0.516875
2026-08-16 07:05:10.029,26.625,raise,0.08187500000000014,0.565
2026-08-16 07:05:10.039,26.635,raise,-0.023124999999999396,0.5449999999999999
2026-08-16 07:05:10.049,26.645,raise,0.03624999999999989,0.5437500000000006
2026-08-16 07:05:10.059,26.655,raise,0.08874999999999966,0.5693749999999997
2026-08-16 07:05:10.069,26.665,raise,-0.10937499999999933,0.5181250000000004
2026-08-16 07:05:10.079,26.675,raise,0.08812500000000001,0.566875
2026-08-16 07:05:10.089,26.685,raise,-0.054999999999999494,0.5431249999999999
2026-08-16 07:05:10.099,26.695,raise,0.0187499999999996,0.5331249999999998
2026-08-16 07:05:10.109,26.705,raise,0.08750000000000036,0.5674999999999997
2026-08-16 07:05:10.119,26.715,raise,-0.10000000000000009,0.51875
2026-08-16 07:05:10.129,26.725,raise,0.08125000000000049,0.5581250000000004
2026-08-16 07:05:10.139,26.735,raise,-0.031249999999999334,0.546875
2026-08-16 07:05:10.149,26.745,raise,0.03562500000000024,0.5343750000000003
2026-08-16 07:05:10.159,26.755,raise,0.08687499999999959,0.5687500000000001
2026-08-16 07:05:10.169,26.765,raise,-0.1100000000000001,0.5137500000000006
2026-08-16 07:05:10.179,26.775,raise,0.08687499999999959,0.556875
2026-08-16 07:05:10.189,26.785,raise,-0.0593750000000004,0.5400000000000005
2026-08-16 07:05:10.199,26.795,raise,0.019375000000000364,0.5318750000000005
2026-08-16 07:05:10.209,26.805,raise,0.08812500000000001,0.566875
2026-08-16 07:05:10.219,26.815,raise,-0.09937499999999932,0.5162500000000003
2026-08-16 07:05:10.229,26.825,raise,0.08437499999999987,0.5618750000000006
2026-08-16 07:05:10.239,26.835,raise,-0.0318750000000001,0.5449999999999999
2026-08-16 07:05:10.249,26.845,raise,0.03687500000000066,0.5406250000000001
2026-08-16 07:05:10.259,26.855,raise,0.08437499999999987,0.565
2026-08-16 07:05:10.269,26.865,raise,-0.10812500000000003,0.51875
2026-08-16 07:05:10.279,26.875,raise,0.07624999999999993,0.565
2026-08-16 07:05:10.289,26.885,raise,-0.06000000000000005,0.546875
2026-08-16 07:05:10.299,26.895,raise,0.02562500000000023,0.5400000000000005
2026-08-16 07:05:10.309,26.905,raise,0.08812500000000001,0.5706250000000002
2026-08-16 07:05:10.319,26.915,raise,-0.0968749999999996,0.5181250000000004
2026-08-16 07:05:10.329,26.925,raise,0.08624999999999994,0.5618750000000006
2026-08-16 07:05:10.339,26.935,raise,-0.03562500000000024,0.5462500000000003
2026-08-16 07:05:10.349,26.945,raise,-0.0031249999999993783,0.5325000000000002
2026-08-16 07:05:10.359,26.955,raise,0.08687499999999959,0.5643750000000003
2026-08-16 07:05:10.369,26.965,raise,-0.10937499999999933,0.5181250000000004
2026-08-16 07:05:10.379,26.975,raise,0.07874999999999965,0.566875
2026-08-16 07:05:10.389,26.985,raise,-0.0637500000000002,0.5462500000000003
2026-08-16 07:05:10.399,26.995,raise,0.025000000000000577,0.5337500000000006
2026-08-16 07:05:10.409,27.005,raise,0.0924999999999998,0.5674999999999997
2026-08-16 07:05:10.419,27.015,raise,-0.12062499999999976,0.5174999999999996
2026-08-16 07:05:10.429,27.025,raise,0.08125000000000049,0.5593749999999997
2026-08-16 07:05:10.439,27.035,raise,-0.038124999999999964,0.5393749999999997
2026-08-16 07:05:10.449,27.045,raise,0.001875000000000071,0.5349999999999999
2026-08-16 07:05:10.459,27.055,raise,0.08375000000000021,0.566875
2026-08-16 07:05:10.469,27.065,raise,-0.10937499999999933,0.5137500000000006
2026-08-16 07:05:10.479,27.075,raise,0.08000000000000007,0.5612499999999998
2026-08-16 07:05:10.489,27.085,raise,-0.06750000000000034,0.5487500000000001
2026-08-16 07:05:10.499,27.095,raise,0.026249999999999885,0.5393749999999997
2026-08-16 07:05:10.509,27.105,raise,0.09000000000000008,0.5681250000000004
2026-08-16 07:05:10.519,27.115,raise,-0.11937499999999934,0.5174999999999996
2026-08-16 07:05:10.529,27.125,raise,0.08812500000000001,0.5631249999999999
2026-08-16 07:05:10.539,27.135,raise,-0.04249999999999976,0.5456250000000007
2026-08-16 07:05:10.549,27.145,raise,0.006875000000000631,0.5431249999999999
2026-08-16 07:05:10.559,27.155,raise,0.08500000000000063,0.566875
2026-08-16 07:05:10.569,27.165,raise,-0.10750000000000037,0.5162500000000003
2026-08-16 07:05:10.579,27.175,raise,0.08062499999999972,0.5631249999999999
2026-08-16 07:05:10.589,27.185,raise,-0.07124999999999937,0.5449999999999999
2026-08-16 07:05:10.599,27.195,raise,0.02687500000000065,0.5312499999999998
2026-08-16 07:05:10.609,27.205,raise,0.08874999999999966,0.5725000000000002
2026-08-16 07:05:10.619,27.215,raise,-0.11312499999999948,0.51875
2026-08-16 07:05:10.629,27.225,raise,0.08624999999999994,0.565
2026-08-16 07:05:10.639,27.235,raise,-0.04437499999999983,0.5462500000000003
2026-08-16 07:05:10.649,27.245,raise,0.010000000000000009,0.5300000000000005
2026-08-16 07:05:10.659,27.255,raise,0.08687499999999959,0.5674999999999997
2026-08-16 07:05:10.669,27.265,raise,-0.10624999999999996,0.5181250000000004
2026-08-16 07:05:10.679,27.275,raise,0.07937500000000042,0.556875
2026-08-16 07:05:10.689,27.285,raise,-0.02187500000000009,0.5412499999999998
2026-08-16 07:05:10.699,27.295,raise,0.02375000000000016,0.5318750000000005
2026-08-16 07:05:10.709,27.305,raise,0.08750000000000036,0.5674999999999997
2026-08-16 07:05:10.719,27.315,raise,-0.1143749999999999,0.5162500000000003
2026-08-16 07:05:10.729,27.325,raise,0.08500000000000063,0.5581250000000004
2026-08-16 07:05:10.739,27.335,raise,-0.04750000000000032,0.5406250000000001
2026-08-16 07:05:10.749,27.345,raise,0.013125000000000497,0.5381250000000004
2026-08-16 07:05:10.759,27.355,raise,0.09000000000000008,0.565
2026-08-16 07:05:10.769,27.365,raise,-0.10375000000000023,0.5200000000000005
2026-08-16 07:05:10.779,27.375,raise,0.0824999999999998,0.5625000000000002
2026-08-16 07:05:10.789,27.385,raise,-0.019375000000000364,0.5493749999999997
2026-08-16 07:05:10.799,27.395,raise,0.03375000000000017,0.5406250000000001
2026-08-16 07:05:10.809,27.405,raise,0.0912500000000005,0.5693749999999997
2026-08-16 07:05:10.819,27.415,raise,-0.11375000000000024,0.5181250000000004
2026-08-16 07:05:10.829,27.425,raise,0.08812500000000001,0.5637500000000006
2026-08-16 07:05:10.839,27.435,raise,-0.04937500000000039,0.5418750000000006
2026-08-16 07:05:10.849,27.445,raise,0.015625000000000222,0.5412499999999998
2026-08-16 07:05:10.859,27.455,raise,0.08937500000000043,0.566875
2026-08-16 07:05:10.869,27.465,raise,-0.10062499999999974,0.5193749999999997
2026-08-16 07:05:10.879,27.475,raise,0.07687499999999958,0.5662500000000004
2026-08-16 07:05:10.889,27.485,raise,-0.02187500000000009,0.5481250000000004
2026-08-16 07:05:10.899,27.495,raise,0.02874999999999961,0.5331249999999998
2026-08-16 07:05:10.909,27.505,raise,0.08562500000000028,0.5681250000000004
2026-08-16 07:05:10.919,27.515,raise,-0.11187500000000017,0.516875
2026-08-16 07:05:10.929,27.525,raise,0.06937500000000041,0.5606250000000002
2026-08-16 07:05:10.939,27.535,raise,-0.053750000000000187,0.5449999999999999
2026-08-16 07:05:10.949,27.545,raise,0.016249999999999876,0.5325000000000002
2026-08-16 07:05:10.959,27.555,raise,0.08812500000000001,0.5656249999999996
2026-08-16 07:05:10.969,27.565,raise,-0.1012499999999994,0.516875
2026-08-16 07:05:10.979,27.575,raise,0.078125,0.5593749999999997
2026-08-16 07:05:10.989,27.585,raise,-0.026249999999999885,0.5406250000000001
2026-08-16 07:05:10.999,27.595,raise,-0.001875000000000071,0.5374999999999996
2026-08-16 07:05:11.009,27.605,raise,0.08500000000000063,0.5700000000000005
2026-08-16 07:05:11.019,27.615,raise,-0.10874999999999968,0.516875
2026-08-16 07:05:11.029,27.625,raise,0.07562500000000028,0.5612499999999998
2026-08-16 07:05:11.039,27.635,raise,-0.054999999999999494,0.5531249999999999
2026-08-16 07:05:11.049,27.645,raise,0.02062499999999967,0.5418750000000006
2026-08-16 07:05:11.059,27.655,raise,0.08874999999999966,0.5706250000000002
2026-08-16 07:05:11.069,27.665,raise,-0.0956250000000003,0.5193749999999997
2026-08-16 07:05:11.079,27.675,raise,0.07937500000000042,0.5637500000000006
2026-08-16 07:05:11.089,27.685,raise,-0.03062499999999968,0.5481250000000004
2026-08-16 07:05:11.099,27.695,raise,0.0,0.5412499999999998
2026-08-16 07:05:11.109,27.705,raise,0.08624999999999994,0.5712499999999998
2026-08-16 07:05:11.119,27.715,raise,-0.10750000000000037,0.5181250000000004
2026-08-16 07:05:11.129,27.725,raise,0.07500000000000062,0.5662500000000004
2026-08-16 07:05:11.139,27.735,raise,-0.06062499999999971,0.5456250000000007
2026-08-16 07:05:11.149,27.745,raise,0.025000000000000577,0.52875
2026-08-16 07:05:11.159,27.755,raise,0.08937500000000043,0.5693749999999997
2026-08-16 07:05:11.169,27.765,raise,-0.11812500000000004,0.516875
2026-08-16 07:05:11.179,27.775,raise,0.08062499999999972,0.5662500000000004
2026-08-16 07:05:11.189,27.785,raise,-0.03562500000000024,0.5425000000000002
2026-08-16 07:05:11.199,27.795,raise,0.005625000000000213,0.5281250000000004
2026-08-16 07:05:11.209,27.805,raise,0.08062499999999972,0.5681250000000004
2026-08-16 07:05:11.219,27.815,raise,-0.10874999999999968,0.5156250000000007
2026-08-16 07:05:11.229,27.825,raise,0.07687499999999958,0.5600000000000005
2026-08-16 07:05:11.239,27.835,raise,-0.06687499999999957,0.5412499999999998
2026-08-16 07:05:11.249,27.845,raise,0.022499999999999742,0.5349999999999999
2026-08-16 07:05:11.259,27.855,raise,0.08812500000000001,0.5681250000000004
2026-08-16 07:05:11.269,27.865,raise,-0.11499999999999955,0.5193749999999997
2026-08-16 07:05:11.279,27.875,raise,0.08500000000000063,0.5618750000000006
2026-08-16 07:05:11.289,27.885,raise,-0.03687499999999955,0.5393749999999997
2026-08-16 07:05:11.299,27.895,raise,0.008749999999999591,0.536875
2026-08-16 07:05:11.309,27.905,raise,0.08624999999999994,0.5700000000000005
2026-08-16 07:05:11.319,27.915,raise,-0.10624999999999996,0.5193749999999997
2026-08-16 07:05:11.329,27.925,raise,0.07750000000000035,0.565
2026-08-16 07:05:11.339,27.935,raise,-0.013750000000000151,0.5500000000000005
2026-08-16 07:05:11.349,27.945,raise,0.028124999999999956,0.5393749999999997
2026-08-16 07:05:11.359,27.955,raise,0.08874999999999966,0.5674999999999997
2026-08-16 07:05:11.369,27.965,raise,-0.11375000000000024,0.5193749999999997
2026-08-16 07:05:11.379,27.975,raise,0.08375000000000021,0.5656249999999996
2026-08-16 07:05:11.389,27.985,raise,-0.04062499999999969,0.5462500000000003
2026-08-16 07:05:11.399,27.995,raise,0.011250000000000426,0.5437500000000006
2026-08-16 07:05:11.409,28.005,raise,0.08812500000000001,0.5687500000000001
2026-08-16 07:05:11.419,28.015,raise,-0.10624999999999996,0.516875
2026-08-16 07:05:11.429,28.025,raise,0.07874999999999965,0.5637500000000006
2026-08-16 07:05:11.439,28.035,raise,-0.018124999999999947,0.5437500000000006
2026-08-16 07:05:11.449,28.045,raise,0.02687500000000065,0.5306250000000001
2026-08-16 07:05:11.459,28.055,raise,0.08375000000000021,0.5700000000000005
2026-08-16 07:05:11.469,28.065,raise,-0.11499999999999955,0.5156250000000007
2026-08-16 07:05:11.479,28.075,raise,0.08187500000000014,0.556875
2026-08-16 07:05:11.489,28.085,raise,-0.04812499999999997,0.5431249999999999
2026-08-16 07:05:11.499,28.095,raise,0.014374999999999805,0.5293749999999997
2026-08-16 07:05:11.509,28.105,raise,0.09187500000000015,0.5674999999999997
2026-08-16 07:05:11.519,28.115,raise,-0.10312499999999947,0.51875
2026-08-16 07:05:11.529,28.125,raise,0.08187500000000014,0.5612499999999998
2026-08-16 07:05:11.539,28.135,raise,-0.02062499999999967,0.5431249999999999
2026-08-16 07:05:11.549,28.145,raise,0.03062499999999968,0.536875
2026-08-16 07:05:11.559,28.155,raise,0.08812500000000001,0.5718750000000006
2026-08-16 07:05:11.569,28.165,raise,-0.11624999999999996,0.51875
2026-08-16 07:05:11.579,28.175,raise,0.07187500000000013,0.5631249999999999
2026-08-16 07:05:11.589,28.185,raise,-0.05312499999999942,0.5512499999999998
2026-08-16 07:05:11.599,28.195,raise,0.012499999999999734,0.5393749999999997
2026-08-16 07:05:11.609,28.205,raise,0.0912500000000005,0.5712499999999998
2026-08-16 07:05:11.619,28.215,raise,-0.10375000000000023,0.5181250000000004
2026-08-16 07:05:11.629,28.225,raise,0.08000000000000007,0.5662500000000004
2026-08-16 07:05:11.639,28.235,raise,-0.02187500000000009,0.5506250000000001
2026-08-16 07:05:11.649,28.245,raise,-0.010624999999999662,0.5406250000000001
2026-08-16 07:05:11.659,28.255,raise,0.08624999999999994,0.5718750000000006
2026-08-16 07:05:11.669,28.265,raise,-0.1143749999999999,0.516875
2026-08-16 07:05:11.679,28.275,raise,0.06937500000000041,0.5662500000000004
2026-08-16 07:05:11.689,28.285,raise,-0.05562500000000026,0.5462500000000003
2026-08-16 07:05:11.699,28.295,raise,0.012499999999999734,0.5262500000000003
2026-08-16 07:05:11.709,28.305,raise,0.08750000000000036,0.5674999999999997
2026-08-16 07:05:11.719,28.315,raise,-0.10187500000000016,0.5143750000000002
2026-08-16 07:05:11.729,28.325,raise,0.07874999999999965,0.556875
2026-08-16 07:05:11.739,28.335,raise,-0.023124999999999396,0.546875
2026-08-16 07:05:11.749,28.345,raise,-0.006249999999999867,0.5293749999999997
2026-08-16 07:05:11.759,28.355,raise,0.08874999999999966,0.5712499999999998
2026-08-16 07:05:11.769,28.365,raise,-0.1100000000000001,0.5193749999999997
2026-08-16 07:05:11.779,28.375,raise,0.07437499999999986,0.5606250000000002
2026-08-16 07:05:11.789,28.385,raise,-0.056874999999999565,0.5431249999999999
2026-08-16 07:05:11.799,28.395,raise,0.016249999999999876,0.5337500000000006
2026-08-16 07:05:11.809,28.405,raise,0.08874999999999966,0.5712499999999998
2026-08-16 07:05:11.819,28.415,raise,-0.11937499999999934,0.5193749999999997
2026-08-16 07:05:11.829,28.425,raise,0.08187500000000014,0.5631249999999999
2026-08-16 07:05:11.839,28.435,raise,-0.027500000000000302,0.5525000000000002
2026-08-16 07:05:11.849,28.445,raise,0.0,0.5381250000000004
2026-08-16 07:05:11.859,28.455,raise,0.08562500000000028,0.5706250000000002
2026-08-16 07:05:11.869,28.465,raise,-0.11062499999999975,0.5193749999999997
2026-08-16 07:05:11.879,28.475,raise,0.07562500000000028,0.5637500000000006
2026-08-16 07:05:11.889,28.485,raise,-0.0593750000000004,0.5518750000000006
2026-08-16 07:05:11.899,28.495,raise,0.015625000000000222,0.5406250000000001
2026-08-16 07:05:11.909,28.505,raise,0.09000000000000008,0.5712499999999998
2026-08-16 07:05:11.919,28.515,raise,-0.1200000000000001,0.5149999999999999
2026-08-16 07:05:11.929,28.525,raise,0.07750000000000035,0.5625000000000002
2026-08-16 07:05:11.939,28.535,raise,-0.033124999999999405,0.5481250000000004
2026-08-16 07:05:11.949,28.545,raise,-0.0024999999999997247,0.5249999999999999
2026-08-16 07:05:11.959,28.555,raise,0.08312500000000056,0.5674999999999997
2026-08-16 07:05:11.969,28.565,raise,-0.11249999999999982,0.5162500000000003
2026-08-16 07:05:11.979,28.575,raise,0.07249999999999979,0.566875
2026-08-16 07:05:11.989,28.585,raise,-0.003750000000000142,0.5487500000000001
2026-08-16 07:05:11.999,28.595,raise,0.01687500000000064,0.5293749999999997
2026-08-16 07:05:12.009,28.605,raise,0.08937500000000043,0.5706250000000002
2026-08-16 07:05:12.019,28.615,raise,-0.11937499999999934,0.516875
2026-08-16 07:05:12.029,28.625,raise,0.0824999999999998,0.5587500000000001
2026-08-16 07:05:12.039,28.635,raise,-0.038124999999999964,0.5462500000000003
2026-08-16 07:05:12.049,28.645,raise,0.0031250000000004885,0.5318750000000005
2026-08-16 07:05:12.059,28.655,raise,0.08937500000000043,0.5700000000000005
2026-08-16 07:05:12.069,28.665,raise,-0.1100000000000001,0.5181250000000004
2026-08-16 07:05:12.079,28.675,raise,0.07687499999999958,0.5631249999999999
2026-08-16 07:05:12.089,28.685,raise,-0.005625000000000213,0.5431249999999999
2026-08-16 07:05:12.099,28.695,raise,0.023125000000000506,0.5337500000000006
2026-08-16 07:05:12.109,28.705,raise,0.08937500000000043,0.5693749999999997
2026-08-16 07:05:12.119,28.715,raise,-0.1143749999999999,0.5200000000000005
2026-08-16 07:05:12.129,28.725,raise,0.08187500000000014,0.5643750000000003
2026-08-16 07:05:12.139,28.735,raise,-0.03750000000000031,0.5531249999999999
2026-08-16 07:05:12.149,28.745,raise,0.006249999999999867,0.5362500000000003
2026-08-16 07:05:12.159,28.755,raise,0.08812500000000001,0.5725000000000002
2026-08-16 07:05:12.169,28.765,raise,-0.10874999999999968,0.516875
2026-08-16 07:05:12.179,28.775,raise,0.07249999999999979,0.5637500000000006
2026-08-16 07:05:12.189,28.785,raise,-0.011249999999999316,0.5512499999999998
2026-08-16 07:05:12.199,28.795,raise,0.024374999999999813,0.5387500000000001
2026-08-16 07:05:12.209,28.805,raise,0.08624999999999994,0.5700000000000005
2026-08-16 07:05:12.219,28.815,raise,-0.11562500000000031,0.5181250000000004
2026-08-16 07:05:12.229,28.825,raise,0.06437499999999985,0.5662500000000004
2026-08-16 07:05:12.239,28.835,raise,-0.04124999999999934,0.5487500000000001
2026-08-16 07:05:12.249,28.845,raise,0.0050000000000005596,0.5274999999999996
2026-08-16 07:05:12.259,28.855,raise,0.08750000000000036,0.5706250000000002
2026-08-16 07:05:12.269,28.865,raise,-0.10624999999999996,0.5193749999999997
2026-08-16 07:05:12.279,28.875,raise,0.07562500000000028,0.5581250000000004
2026-08-16 07:05:12.289,28.885,raise,-0.016249999999999876,0.5512499999999998
2026-08-16 07:05:12.299,28.895,raise,-0.017500000000000293,0.5300000000000005
2026-08-16 07:05:12.309,28.905,raise,0.08437499999999987,0.5725000000000002
2026-08-16 07:05:12.319,28.915,raise,-0.11312499999999948,0.5200000000000005
2026-08-16 07:05:12.329,28.925,raise,0.06687500000000068,0.5587500000000001
2026-08-16 07:05:12.339,28.935,raise,-0.04812499999999997,0.5431249999999999
2026-08-16 07:05:12.349,28.945,raise,0.010000000000000009,0.5356250000000007
2026-08-16 07:05:12.359,28.955,raise,0.08750000000000036,0.5693749999999997
2026-08-16 07:05:12.369,28.965,raise,-0.10687499999999961,0.516875
2026-08-16 07:05:12.379,28.975,raise,0.0737500000000002,0.5606250000000002
2026-08-16 07:05:12.389,28.985,raise,-0.02187500000000009,0.5537500000000006
2026-08-16 07:05:12.399,28.995,raise,-0.013124999999999387,0.5374999999999996
2026-08-16 07:05:12.409,29.005,raise,0.08750000000000036,0.5712499999999998
2026-08-16 07:05:12.419,29.015,raise,-0.11249999999999982,0.5162500000000003
2026-08-16 07:05:12.429,29.025,raise,0.06874999999999964,0.5618750000000006
2026-08-16 07:05:12.439,29.035,raise,-0.0506249999999997,0.5512499999999998
2026-08-16 07:05:12.449,29.045,raise,0.01187500000000008,0.5387500000000001
2026-08-16 07:05:12.459,29.055,raise,0.08562500000000028,0.5712499999999998
2026-08-16 07:05:12.469,29.065,raise,-0.1200000000000001,0.5174999999999996
2026-08-16 07:05:12.479,29.075,raise,0.07500000000000062,0.5612499999999998
2026-08-16 07:05:12.489,29.085,raise,-0.02187500000000009,0.5500000000000005
2026-08-16 07:05:12.499,29.095,raise,-0.008749999999999591,0.5249999999999999
2026-08-16 07:05:12.509,29.105,raise,0.08687499999999959,0.5718750000000006
2026-08-16 07:05:12.519,29.115,raise,-0.1100000000000001,0.5212499999999998
2026-08-16 07:05:12.529,29.125,raise,0.07000000000000006,0.5556249999999996
2026-08-16 07:05:12.539,29.135,raise,-0.05312499999999942,0.5487500000000001
2026-08-16 07:05:12.549,29.145,raise,0.014374999999999805,0.5274999999999996
2026-08-16 07:05:12.559,29.155,raise,0.08562500000000028,0.5712499999999998
2026-08-16 07:05:12.569,29.165,raise,-0.12062499999999976,0.5174999999999996
2026-08-16 07:05:12.579,29.175,raise,0.07687499999999958,0.5587500000000001
2026-08-16 07:05:12.589,29.185,raise,-0.029375000000000373,0.546875
2026-08-16 07:05:12.599,29.195,raise,-0.006249999999999867,0.5343750000000003
2026-08-16 07:05:12.609,29.205,raise,0.08125000000000049,0.5693749999999997
2026-08-16 07:05:12.619,29.215,raise,-0.1100000000000001,0.51875
2026-08-16 07:05:12.629,29.225,raise,0.07062499999999972,0.5612499999999998
2026-08-16 07:05:12.639,29.235,raise,-0.0031249999999993783,0.5587500000000001
2026-08-16 07:05:12.649,29.245,raise,0.02062499999999967,0.5356250000000007
2026-08-16 07:05:12.659,29.255,raise,0.08500000000000063,0.5737500000000006
2026-08-16 07:05:12.669,29.265,raise,-0.11874999999999969,0.516875
2026-08-16 07:05:12.679,29.275,raise,0.07562500000000028,0.5600000000000005
2026-08-16 07:05:12.689,29.285,raise,-0.034999999999999476,0.5556249999999996
2026-08-16 07:05:12.699,29.295,raise,-0.004999999999999449,0.5349999999999999
2026-08-16 07:05:12.709,29.305,raise,0.08062499999999972,0.5706250000000002
2026-08-16 07:05:12.719,29.315,raise,-0.11312499999999948,0.5212499999999998
2026-08-16 07:05:12.729,29.325,raise,0.0737500000000002,0.5618750000000006
2026-08-16 07:05:12.739,29.335,raise,-0.006249999999999867,0.5543750000000003
2026-08-16 07:05:12.749,29.345,raise,0.02062499999999967,0.526875
2026-08-16 07:05:12.759,29.355,raise,0.08437499999999987,0.5725000000000002
2026-08-16 07:05:12.769,29.365,raise,-0.11687499999999962,0.51875
2026-08-16 07:05:12.779,29.375,raise,0.07874999999999965,0.5656249999999996
2026-08-16 07:05:12.789,29.385,raise,-0.034999999999999476,0.5487500000000001
2026-08-16 07:05:12.799,29.395,raise,-0.0031249999999993783,0.5318750000000005
2026-08-16 07:05:12.809,29.405,raise,0.08687499999999959,0.5731249999999999
2026-08-16 07:05:12.819,29.415,raise,-0.11187500000000017,0.5181250000000004
2026-08-16 07:05:12.829,29.425,raise,0.07249999999999979,0.5587500000000001
2026-08-16 07:05:12.839,29.435,raise,-0.00687499999999952,0.5512499999999998
2026-08-16 07:05:12.849,29.445,raise,0.0187499999999996,0.52875
2026-08-16 07:05:12.859,29.455,raise,0.08312500000000056,0.5731249999999999
2026-08-16 07:05:12.869,29.465,raise,-0.11750000000000038,0.5181250000000004
2026-08-16 07:05:12.879,29.475,raise,0.06437499999999985,0.5581250000000004
2026-08-16 07:05:12.889,29.485,raise,-0.03687499999999955,0.546875
2026-08-16 07:05:12.899,29.495,raise,0.001875000000000071,0.5331249999999998
2026-08-16 07:05:12.909,29.505,raise,0.08687499999999959,0.5700000000000005
2026-08-16 07:05:12.919,29.515,raise,-0.11187500000000017,0.516875
2026-08-16 07:05:12.929,29.525,raise,0.07187500000000013,0.5606250000000002
2026-08-16 07:05:12.939,29.535,raise,-0.01687499999999953,0.5556249999999996
2026-08-16 07:05:12.949,29.545,raise,-0.026249999999999885,0.5362500000000003
2026-08-16 07:05:12.959,29.555,raise,0.08312500000000056,0.5700000000000005
2026-08-16 07:05:12.969,29.565,raise,-0.1200000000000001,0.5206250000000001
2026-08-16 07:05:12.979,29.575,raise,0.06687500000000068,0.5643750000000003
2026-08-16 07:05:12.989,29.585,raise,-0.04124999999999934,0.5543750000000003
2026-08-16 07:05:12.999,29.595,raise,0.001875000000000071,0.5381250000000004
2026-08-16 07:05:13.009,29.605,raise,0.08687499999999959,0.5731249999999999
2026-08-16 07:05:13.019,29.615,raise,-0.10750000000000037,0.5206250000000001
2026-08-16 07:05:13.029,29.625,raise,0.07500000000000062,0.5662500000000004
2026-08-16 07:05:13.039,29.635,raise,-0.0187499999999996,0.5537500000000006
2026-08-16 07:05:13.049,29.645,raise,-0.0187499999999996,0.526875
2026-08-16 07:05:13.059,29.655,raise,0.08437499999999987,0.5731249999999999
2026-08-16 07:05:13.069,29.665,raise,-0.11812500000000004,0.5174999999999996
2026-08-16 07:05:13.079,29.675,raise,0.07125000000000048,0.5556249999999996
2026-08-16 07:05:13.089,29.685,raise,-0.044999999999999485,0.5518750000000006
2026-08-16 07:05:13.099,29.695,raise,0.008749999999999591,0.5306250000000001
2026-08-16 07:05:13.109,29.705,raise,0.09000000000000008,0.5712499999999998
2026-08-16 07:05:13.119,29.715,raise,-0.12499999999999956,0.5206250000000001
2026-08-16 07:05:13.129,29.725,raise,0.07687499999999958,0.5618750000000006
2026-08-16 07:05:13.139,29.735,raise,-0.020000000000000018,0.5481250000000004
2026-08-16 07:05:13.149,29.745,raise,-0.01687499999999953,0.5293749999999997
2026-08-16 07:05:13.159,29.755,raise,0.0824999999999998,0.5700000000000005
2026-08-16 07:05:13.169,29.765,raise,-0.11874999999999969,0.5193749999999997
2026-08-16 07:05:13.179,29.775,raise,0.06874999999999964,0.5593749999999997
2026-08-16 07:05:13.189,29.785,raise,-0.05562500000000026,0.5537500000000006
2026-08-16 07:05:13.199,29.795,raise,0.010000000000000009,0.5325000000000002
2026-08-16 07:05:13.209,29.805,raise,0.08812500000000001,0.5700000000000005
2026-08-16 07:05:13.219,29.815,raise,-0.12312499999999948,0.51875
2026-08-16 07:05:13.229,29.825,raise,0.07562500000000028,0.5600000000000005
2026-08-16 07:05:13.239,29.835,raise,-0.021249999999999325,0.5537500000000006
2026-08-16 07:05:13.249,29.845,raise,-0.014374999999999805,0.5362500000000003
2026-08-16 07:05:13.259,29.855,raise,0.08312500000000056,0.5693749999999997
2026-08-16 07:05:13.269,29.865,raise,-0.11750000000000038,0.5193749999999997
2026-08-16 07:05:13.279,29.875,raise,0.06687500000000068,0.565
2026-08-16 07:05:13.289,29.885,raise,0.0031250000000004885,0.5512499999999998
2026-08-16 07:05:13.299,29.895,raise,0.012499999999999734,0.5256250000000007
2026-08-16 07:05:13.309,29.905,raise,0.08500000000000063,0.5693749999999997
2026-08-16 07:05:13.319,29.915,raise,-0.11937499999999934,0.5218750000000005
2026-08-16 07:05:13.329,29.925,raise,0.08000000000000007,0.5612499999999998
2026-08-16 07:05:13.339,29.935,raise,-0.026874999999999538,0.5518750000000006
2026-08-16 07:05:13.349,29.945,raise,-0.008749999999999591,0.5274999999999996
2026-08-16 07:05:13.359,29.955,raise,0.08437499999999987,0.5700000000000005
2026-08-16 07:05:13.369,29.965,raise,-0.11312499999999948,0.5200000000000005
2026-08-16 07:05:13.379,29.975,raise,0.07062499999999972,0.5574999999999997
2026-08-16 07:05:13.389,29.985,raise,-0.006249999999999867,0.5506250000000001
2026-08-16 07:05:13.399,29.995,raise,0.016249999999999876,0.5312499999999998
2026-08-16 07:05:13.409,30.005,raise,0.08812500000000001,0.5700000000000005
2026-08-16 07:05:13.419,30.015,raise,-0.12312499999999948,0.516875
2026-08-16 07:05:13.429,30.025,raise,0.07750000000000035,0.5574999999999997
2026-08-16 07:05:13.439,30.035,raise,-0.031249999999999334,0.5474999999999997
2026-08-16 07:05:13.449,30.045,raise,-0.006249999999999867,0.5331249999999998
2026-08-16 07:05:13.459,30.055,raise,0.08624999999999994,0.5662500000000004
2026-08-16 07:05:13.469,30.065,raise,-0.1143749999999999,0.5206250000000001
2026-08-16 07:05:13.479,30.075,raise,0.07187500000000013,0.5600000000000005
2026-08-16 07:05:13.489,30.085,raise,-0.0031249999999993783,0.5543750000000003
2026-08-16 07:05:13.499,30.095,raise,0.0187499999999996,0.5331249999999998
2026-08-16 07:05:13.509,30.105,raise,0.08750000000000036,0.5700000000000005
2026-08-16 07:05:13.519,30.115,raise,-0.12124999999999941,0.5212499999999998
2026-08-16 07:05:13.529,30.125,raise,0.06312500000000054,0.5612499999999998
2026-08-16 07:05:13.539,30.135,raise,-0.03624999999999989,0.5549999999999999
2026-08-16 07:05:13.549,30.145,raise,-0.006249999999999867,0.526875
2026-08-16 07:05:13.559,30.155,raise,0.09187500000000015,0.5712499999999998
2026-08-16 07:05:13.569,30.165,raise,-0.11249999999999982,0.5218750000000005
2026-08-16 07:05:13.579,30.175,raise,0.07249999999999979,0.5631249999999999
2026-08-16 07:05:13.589,30.185,raise,-0.004999999999999449,0.5531249999999999
2026-08-16 07:05:13.599,30.195,raise,-0.03249999999999975,0.5237500000000006
2026-08-16 07:05:13.609,30.205,raise,0.09000000000000008,0.5693749999999997
2026-08-16 07:05:13.619,30.215,raise,-0.11937499999999934,0.5206250000000001
2026-08-16 07:05:13.629,30.225,raise,0.061875000000000124,0.5593749999999997
2026-08-16 07:05:13.639,30.235,raise,-0.03624999999999989,0.5531249999999999
2026-08-16 07:05:13.649,30.245,raise,-0.0012500000000004174,0.5281250000000004
2026-08-16 07:05:13.659,30.255,raise,0.08937500000000043,0.5681250000000004
2026-08-16 07:05:13.669,30.265,raise,-0.12187500000000018,0.51875
2026-08-16 07:05:13.679,30.275,raise,0.07312500000000055,0.5574999999999997
2026-08-16 07:05:13.689,30.285,raise,-0.011249999999999316,0.5500000000000005
2026-08-16 07:05:13.699,30.295,raise,-0.029375000000000373,0.5312499999999998
2026-08-16 07:05:13.709,30.305,raise,0.0824999999999998,0.5681250000000004
2026-08-16 07:05:13.719,30.315,raise,-0.12312499999999948,0.5206250000000001
2026-08-16 07:05:13.729,30.325,raise,0.06624999999999992,0.5574999999999997
2026-08-16 07:05:13.739,30.335,raise,-0.03687499999999955,0.5562500000000004
2026-08-16 07:05:13.749,30.345,raise,0.0006249999999996536,0.5362500000000003
2026-08-16 07:05:13.759,30.355,raise,0.08812500000000001,0.5693749999999997
2026-08-16 07:05:13.769,30.365,raise,-0.1200000000000001,0.5237500000000006
2026-08-16 07:05:13.779,30.375,raise,0.07750000000000035,0.5612499999999998
2026-08-16 07:05:13.789,30.385,raise,-0.013124999999999387,0.556875
2026-08-16 07:05:13.799,30.395,raise,-0.024374999999999813,0.5387500000000001
2026-08-16 07:05:13.809,30.405,raise,0.08750000000000036,0.5700000000000005
2026-08-16 07:05:13.819,30.415,raise,-0.11874999999999969,0.5237500000000006
2026-08-16 07:05:13.829,30.425,raise,0.06750000000000034,0.5637500000000006
2026-08-16 07:05:13.839,30.435,raise,-0.04249999999999976,0.5543750000000003
2026-08-16 07:05:13.849,30.445,raise,0.003750000000000142,0.526875
2026-08-16 07:05:13.859,30.455,raise,0.08812500000000001,0.5725000000000002
2026-08-16 07:05:13.869,30.465,raise,-0.12124999999999941,0.5243750000000003
2026-08-16 07:05:13.879,30.475,raise,0.07687499999999958,0.5537500000000006
2026-08-16 07:05:13.889,30.485,raise,-0.013750000000000151,0.5543750000000003
2026-08-16 07:05:13.899,30.495,raise,-0.018124999999999947,0.52875
2026-08-16 07:05:13.909,30.505,raise,0.08312500000000056,0.5712499999999998
2026-08-16 07:05:13.919,30.515,raise,-0.11937499999999934,0.5212499999999998
2026-08-16 07:05:13.929,30.525,raise,0.06750000000000034,0.5581250000000004
2026-08-16 07:05:13.939,30.535,raise,0.008124999999999938,0.5506250000000001
2026-08-16 07:05:13.949,30.545,raise,0.005625000000000213,0.5293749999999997
2026-08-16 07:05:13.959,30.555,raise,0.08375000000000021,0.5681250000000004
2026-08-16 07:05:13.969,30.565,raise,-0.12375000000000025,0.5181250000000004
2026-08-16 07:05:13.979,30.575,raise,0.07562500000000028,0.5556249999999996
2026-08-16 07:05:13.989,30.585,raise,-0.018124999999999947,0.5556249999999996
2026-08-16 07:05:13.999,30.595,raise,-0.014999999999999458,0.5349999999999999
2026-08-16 07:05:14.009,30.605,raise,0.08687499999999959,0.5687500000000001
2026-08-16 07:05:14.019,30.615,raise,-0.11687499999999962,0.5206250000000001
2026-08-16 07:05:14.029,30.625,raise,0.07312500000000055,0.5625000000000002
2026-08-16 07:05:14.039,30.635,raise,0.006875000000000631,0.5537500000000006
2026-08-16 07:05:14.049,30.645,raise,0.008124999999999938,0.5374999999999996
2026-08-16 07:05:14.059,30.655,raise,0.08687499999999959,0.5700000000000005
2026-08-16 07:05:14.069,30.665,raise,-0.12312499999999948,0.5237500000000006
2026-08-16 07:05:14.079,30.675,raise,0.07624999999999993,0.5600000000000005
2026-08-16 07:05:14.089,30.685,raise,-0.02187500000000009,0.5518750000000006
2026-08-16 07:05:14.099,30.695,raise,-0.014999999999999458,0.5231249999999998
2026-08-16 07:05:14.109,30.705,raise,0.08812500000000001,0.5731249999999999
2026-08-16 07:05:14.119,30.715,raise,-0.11624999999999996,0.5212499999999998
2026-08-16 07:05:14.129,30.725,raise,0.06937500000000041,0.5612499999999998
2026-08-16 07:05:14.139,30.735,raise,0.003750000000000142,0.5525000000000002
2026-08-16 07:05:14.149,30.745,raise,0.009375000000000355,0.5281250000000004
2026-08-16 07:05:14.159,30.755,raise,0.08562500000000028,0.5743750000000003
2026-08-16 07:05:14.169,30.765,raise,-0.12187500000000018,0.5206250000000001
2026-08-16 07:05:14.179,30.775,raise,0.05437499999999984,0.5531249999999999
2026-08-16 07:05:14.189,30.785,raise,-0.029375000000000373,0.5487500000000001
2026-08-16 07:05:14.199,30.795,raise,-0.01187500000000008,0.5262500000000003
2026-08-16 07:05:14.209,30.805,raise,0.08375000000000021,0.5693749999999997
2026-08-16 07:05:14.219,30.815,raise,-0.11562500000000031,0.5212499999999998
2026-08-16 07:05:14.229,30.825,raise,0.06874999999999964,0.556875
2026-08-16 07:05:14.239,30.835,raise,0.0,0.5474999999999997
2026-08-16 07:05:14.249,30.845,raise,-0.04124999999999934,0.5318750000000005
2026-08-16 07:05:14.259,30.855,raise,0.08750000000000036,0.5681250000000004
2026-08-16 07:05:14.269,30.865,raise,-0.12124999999999941,0.5200000000000005
2026-08-16 07:05:14.279,30.875,raise,0.061875000000000124,0.5587500000000001
2026-08-16 07:05:14.289,30.885,raise,-0.031249999999999334,0.5562500000000004
2026-08-16 07:05:14.299,30.895,raise,-0.008124999999999938,0.5343750000000003
2026-08-16 07:05:14.309,30.905,raise,0.08874999999999966,0.5706250000000002
2026-08-16 07:05:14.319,30.915,raise,-0.11375000000000024,0.5249999999999999
2026-08-16 07:05:14.329,30.925,raise,0.07249999999999979,0.5625000000000002
2026-08-16 07:05:14.339,30.935,raise,-0.003750000000000142,0.5537500000000006
2026-08-16 07:05:14.349,30.945,raise,-0.03687499999999955,0.5387500000000001
2026-08-16 07:05:14.359,30.955,raise,0.08562500000000028,0.5706250000000002
2026-08-16 07:05:14.369,30.965,raise,-0.11937499999999934,0.5206250000000001
2026-08-16 07:05:14.379,30.975,raise,0.061875000000000124,0.5625000000000002
2026-08-16 07:05:14.389,30.985,raise,-0.03062499999999968,0.5537500000000006
2026-08-16 07:05:14.399,30.995,raise,-0.004999999999999449,0.5281250000000004
2026-08-16 07:05:14.409,31.005,raise,0.08937500000000043,0.5700000000000005
2026-08-16 07:05:14.419,31.015,raise,-0.12375000000000025,0.5200000000000005
2026-08-16 07:05:14.429,31.025,raise,0.07312500000000055,0.5543750000000003
2026-08-16 07:05:14.439,31.035,raise,-0.006249999999999867,0.5512499999999998
2026-08-16 07:05:14.449,31.045,raise,-0.03062499999999968,0.5243750000000003
2026-08-16 07:05:14.459,31.055,raise,0.08750000000000036,0.5674999999999997
2026-08-16 07:05:14.469,31.065,raise,-0.12187500000000018,0.5212499999999998
2026-08-16 07:05:14.479,31.075,raise,0.06500000000000061,0.5612499999999998
2026-08-16 07:05:14.489,31.085,raise,0.017500000000000293,0.5518750000000006
2026-08-16 07:05:14.499,31.095,raise,-0.0012500000000004174,0.5312499999999998
2026-08-16 07:05:14.509,31.105,raise,0.08937500000000043,0.5687500000000001
2026-08-16 07:05:14.519,31.115,raise,-0.12312499999999948,0.5212499999999998
2026-08-16 07:05:14.529,31.125,raise,0.07437499999999986,0.5637500000000006
2026-08-16 07:05:14.539,31.135,raise,-0.004999999999999449,0.5612499999999998
2026-08-16 07:05:14.549,31.145,raise,-0.027500000000000302,0.5337500000000006
2026-08-16 07:05:14.559,31.155,raise,0.08437499999999987,0.5737500000000006
2026-08-16 07:05:14.569,31.165,raise,-0.11874999999999969,0.5231249999999998
2026-08-16 07:05:14.579,31.175,raise,0.06500000000000061,0.566875
2026-08-16 07:05:14.589,31.185,raise,0.01687500000000064,0.5581250000000004
2026-08-16 07:05:14.599,31.195,raise,-0.0024999999999997247,0.536875
2026-08-16 07:05:14.609,31.205,raise,0.08874999999999966,0.5731249999999999
2026-08-16 07:05:14.619,31.215,raise,-0.11937499999999934,0.5212499999999998
2026-08-16 07:05:14.629,31.225,raise,0.07249999999999979,0.5643750000000003
2026-08-16 07:05:14.639,31.235,raise,-0.014374999999999805,0.556875
2026-08-16 07:05:14.649,31.245,raise,-0.02562500000000023,0.5225000000000002
2026-08-16 07:05:14.659,31.255,raise,0.08750000000000036,0.5731249999999999
2026-08-16 07:05:14.669,31.265,raise,-0.11624999999999996,0.5200000000000005
2026-08-16 07:05:14.679,31.275,raise,0.06500000000000061,0.5531249999999999
2026-08-16 07:05:14.689,31.285,raise,0.012499999999999734,0.5531249999999999
2026-08-16 07:05:14.699,31.295,raise,0.0024999999999997247,0.5249999999999999
2026-08-16 07:05:14.709,31.305,raise,0.08750000000000036,0.5693749999999997
2026-08-16 07:05:14.719,31.315,raise,-0.12062499999999976,0.5206250000000001
2026-08-16 07:05:14.729,31.325,raise,0.07312500000000055,0.5531249999999999
2026-08-16 07:05:14.739,31.335,raise,-0.016249999999999876,0.5531249999999999
2026-08-16 07:05:14.749,31.345,raise,-0.020000000000000018,0.5281250000000004
2026-08-16 07:05:14.759,31.355,raise,0.08750000000000036,0.5731249999999999
2026-08-16 07:05:14.769,31.365,raise,-0.11562500000000031,0.5212499999999998
2026-08-16 07:05:14.779,31.375,raise,0.06750000000000034,0.5600000000000005
2026-08-16 07:05:14.789,31.385,raise,0.012499999999999734,0.5625000000000002
2026-08-16 07:05:14.799,31.395,raise,0.008124999999999938,0.5306250000000001
2026-08-16 07:05:14.809,31.405,raise,0.08937500000000043,0.5725000000000002
2026-08-16 07:05:14.819,31.415,raise,-0.12062499999999976,0.5212499999999998
2026-08-16 07:05:14.829,31.425,raise,0.05562500000000026,0.5618750000000006
2026-08-16 07:05:14.839,31.435,raise,-0.016249999999999876,0.5612499999999998
2026-08-16 07:05:14.849,31.445,raise,-0.015625000000000222,0.5337500000000006
2026-08-16 07:05:14.859,31.455,raise,0.09000000000000008,0.5725000000000002
2026-08-16 07:05:14.869,31.465,raise,-0.1143749999999999,0.5243750000000003
2026-08-16 07:05:14.879,31.475,raise,0.07000000000000006,0.5625000000000002
2026-08-16 07:05:14.889,31.485,raise,0.008749999999999591,0.5612499999999998
2026-08-16 07:05:14.899,31.495,raise,-0.04562500000000025,0.5231249999999998
2026-08-16 07:05:14.909,31.505,raise,0.09062499999999973,0.5706250000000002
2026-08-16 07:05:14.919,31.515,raise,-0.12062499999999976,0.5237500000000006
2026-08-16 07:05:14.929,31.525,raise,0.055000000000000604,0.5643750000000003
2026-08-16 07:05:14.939,31.535,raise,-0.020000000000000018,0.5549999999999999
2026-08-16 07:05:14.949,31.545,raise,-0.01687499999999953,0.5218750000000005
2026-08-16 07:05:14.959,31.555,raise,0.08500000000000063,0.5731249999999999
2026-08-16 07:05:14.969,31.565,raise,-0.11499999999999955,0.5200000000000005
2026-08-16 07:05:14.979,31.575,raise,0.06562500000000027,0.5537500000000006
2026-08-16 07:05:14.989,31.585,raise,0.008749999999999591,0.5543750000000003
2026-08-16 07:05:14.999,31.595,raise,-0.04187500000000011,0.5262500000000003
2026-08-16 07:05:15.009,31.605,raise,0.08750000000000036,0.5693749999999997
2026-08-16 07:05:15.019,31.615,raise,-0.1200000000000001,0.5206250000000001
2026-08-16 07:05:15.029,31.625,raise,0.06125000000000047,0.5537500000000006
2026-08-16 07:05:15.039,31.635,raise,-0.02187500000000009,0.5562500000000004
2026-08-16 07:05:15.049,31.645,raise,-0.01187500000000008,0.5281250000000004
2026-08-16 07:05:15.059,31.655,raise,0.08874999999999966,0.5712499999999998
2026-08-16 07:05:15.069,31.665,raise,-0.11687499999999962,0.5212499999999998
2026-08-16 07:05:15.079,31.675,raise,0.06624999999999992,0.5600000000000005
2026-08-16 07:05:15.089,31.685,raise,0.0031250000000004885,0.5625000000000002
2026-08-16 07:05:15.099,31.695,raise,-0.038124999999999964,0.5318750000000005
2026-08-16 07:05:15.109,31.705,raise,0.08624999999999994,0.5712499999999998
2026-08-16 07:05:15.119,31.715,raise,-0.11624999999999996,0.5274999999999996
2026-08-16 07:05:15.129,31.725,raise,0.06437499999999985,0.5606250000000002
2026-08-16 07:05:15.139,31.735,raise,-0.02375000000000016,0.5574999999999997
2026-08-16 07:05:15.149,31.745,raise,-0.005625000000000213,0.5331249999999998
2026-08-16 07:05:15.159,31.755,raise,0.08812500000000001,0.5731249999999999
2026-08-16 07:05:15.169,31.765,raise,-0.11624999999999996,0.5218750000000005
2026-08-16 07:05:15.179,31.775,raise,0.06937500000000041,0.5618750000000006
2026-08-16 07:05:15.189,31.785,raise,-0.0012500000000004174,0.5549999999999999
2026-08-16 07:05:15.199,31.795,raise,-0.03687499999999955,0.5200000000000005
2026-08-16 07:05:15.209,31.805,raise,0.08312500000000056,0.5706250000000002
2026-08-16 07:05:15.219,31.815,raise,-0.11624999999999996,0.51875
2026-08-16 07:05:15.229,31.825,raise,0.06437499999999985,0.5531249999999999
2026-08-16 07:05:15.239,31.835,raise,0.025000000000000577,0.5543750000000003
2026-08-16 07:05:15.249,31.845,raise,-0.0012500000000004174,0.5256250000000007
2026-08-16 07:05:15.259,31.855,raise,0.08812500000000001,0.5712499999999998
2026-08-16 07:05:15.269,31.865,raise,-0.11687499999999962,0.5225000000000002
2026-08-16 07:05:15.279,31.875,raise,0.07187500000000013,0.5562500000000004
2026-08-16 07:05:15.289,31.885,raise,-0.004999999999999449,0.5556249999999996
2026-08-16 07:05:15.299,31.895,raise,-0.028124999999999956,0.52875
2026-08-16 07:05:15.309,31.905,raise,0.08500000000000063,0.5693749999999997
2026-08-16 07:05:15.319,31.915,raise,-0.11750000000000038,0.5212499999999998
2026-08-16 07:05:15.329,31.925,raise,0.0637500000000002,0.5593749999999997
2026-08-16 07:05:15.339,31.935,raise,0.020000000000000018,0.5612499999999998
2026-08-16 07:05:15.349,31.945,raise,-0.0012500000000004174,0.5306250000000001
2026-08-16 07:05:15.359,31.955,raise,0.0912500000000005,0.5725000000000002
2026-08-16 07:05:15.369,31.965,raise,-0.11624999999999996,0.5200000000000005
2026-08-16 07:05:15.379,31.975,raise,0.07249999999999979,0.5593749999999997
2026-08-16 07:05:15.389,31.985,raise,-0.005625000000000213,0.5593749999999997
2026-08-16 07:05:15.399,31.995,raise,-0.029375000000000373,0.5318750000000005
2026-08-16 07:05:15.409,32.005,raise,0.08562500000000028,0.5725000000000002
2026-08-16 07:05:15.419,32.015,raise,-0.11812500000000004,0.5237500000000006
2026-08-16 07:05:15.429,32.025,raise,0.06312500000000054,0.5618750000000006
2026-08-16 07:05:15.439,32.035,raise,0.016249999999999876,0.5587500000000001
2026-08-16 07:05:15.449,32.045,raise,0.0,0.5218750000000005
2026-08-16 07:05:15.459,32.055,raise,0.08687499999999959,0.5706250000000002
2026-08-16 07:05:15.469,32.065,raise,-0.11562500000000031,0.5243750000000003
2026-08-16 07:05:15.479,32.075,raise,0.05562500000000026,0.5593749999999997
2026-08-16 07:05:15.489,32.085,raise,-0.006249999999999867,0.5606250000000002
2026-08-16 07:05:15.499,32.095,raise,-0.02062499999999967,0.5243750000000003
2026-08-16 07:05:15.509,32.105,raise,0.08562500000000028,0.5718750000000006
2026-08-16 07:05:15.519,32.115,raise,-0.11562500000000031,0.5243750000000003
2026-08-16 07:05:15.529,32.125,raise,0.06437499999999985,0.5537500000000006
2026-08-16 07:05:15.539,32.135,raise,0.013750000000000151,0.5581250000000004
2026-08-16 07:05:15.549,32.145,raise,-0.050000000000000044,0.5243750000000003
2026-08-16 07:05:15.559,32.155,raise,0.08687499999999959,0.5706250000000002
2026-08-16 07:05:15.569,32.165,raise,-0.11562500000000031,0.5212499999999998
2026-08-16 07:05:15.579,32.175,raise,0.06062499999999971,0.5574999999999997
2026-08-16 07:05:15.589,32.185,raise,-0.008749999999999591,0.5600000000000005
2026-08-16 07:05:15.599,32.195,raise,-0.014999999999999458,0.5274999999999996
2026-08-16 07:05:15.609,32.205,raise,0.08750000000000036,0.5706250000000002
2026-08-16 07:05:15.619,32.215,raise,-0.11499999999999955,0.5231249999999998
2026-08-16 07:05:15.629,32.225,raise,0.06812499999999999,0.5562500000000004
2026-08-16 07:05:15.639,32.235,raise,0.010000000000000009,0.5600000000000005
2026-08-16 07:05:15.649,32.245,raise,-0.04937500000000039,0.5318750000000005
2026-08-16 07:05:15.659,32.255,raise,0.08750000000000036,0.5706250000000002
2026-08-16 07:05:15.669,32.265,raise,-0.11750000000000038,0.5274999999999996
2026-08-16 07:05:15.679,32.275,raise,0.058749999999999636,0.5606250000000002
2026-08-16 07:05:15.689,32.285,raise,-0.015625000000000222,0.5593749999999997
2026-08-16 07:05:15.699,32.295,raise,-0.01687499999999953,0.5206250000000001
2026-08-16 07:05:15.709,32.305,raise,0.08375000000000021,0.5718750000000006
2026-08-16 07:05:15.719,32.315,raise,-0.11562500000000031,0.5237500000000006
2026-08-16 07:05:15.729,32.325,raise,0.06937500000000041,0.5593749999999997
2026-08-16 07:05:15.739,32.335,raise,0.009375000000000355,0.5587500000000001
2026-08-16 07:05:15.749,32.345,raise,-0.043124999999999414,0.5262500000000003
2026-08-16 07:05:15.759,32.355,raise,0.08812500000000001,0.5731249999999999
2026-08-16 07:05:15.769,32.365,raise,-0.11937499999999934,0.5249999999999999
2026-08-16 07:05:15.779,32.375,raise,0.06062499999999971,0.5537500000000006
2026-08-16 07:05:15.789,32.385,raise,-0.01687499999999953,0.556875
2026-08-16 07:05:15.799,32.395,raise,-0.014374999999999805,0.52875
2026-08-16 07:05:15.809,32.405,raise,0.08750000000000036,0.5712499999999998
2026-08-16 07:05:15.819,32.415,raise,-0.11499999999999955,0.5243750000000003
2026-08-16 07:05:15.829,32.425,raise,0.07000000000000006,0.5593749999999997
2026-08-16 07:05:15.839,32.435,raise,0.006249999999999867,0.5556249999999996
2026-08-16 07:05:15.849,32.445,raise,-0.040000000000000036,0.5249999999999999
2026-08-16 07:05:15.859,32.455,raise,0.08624999999999994,0.5693749999999997
2026-08-16 07:05:15.869,32.465,raise,-0.11624999999999996,0.5218750000000005
2026-08-16 07:05:15.879,32.475,raise,0.06000000000000005,0.5600000000000005
2026-08-16 07:05:15.889,32.485,raise,0.030000000000000027,0.5618750000000006
2026-08-16 07:05:15.899,32.495,raise,-0.008749999999999591,0.5318750000000005
2026-08-16 07:05:15.909,32.505,raise,0.09000000000000008,0.5712499999999998
2026-08-16 07:05:15.919,32.515,raise,-0.11499999999999955,0.5262500000000003
2026-08-16 07:05:15.929,32.525,raise,0.07000000000000006,0.556875
2026-08-16 07:05:15.939,32.535,raise,0.0,0.5587500000000001
2026-08-16 07:05:15.949,32.545,raise,-0.03750000000000031,0.5325000000000002
2026-08-16 07:05:15.959,32.555,raise,0.08500000000000063,0.5693749999999997
2026-08-16 07:05:15.969,32.565,raise,-0.11874999999999969,0.5237500000000006
2026-08-16 07:05:15.979,32.575,raise,0.0593750000000004,0.5606250000000002
2026-08-16 07:05:15.989,32.585,raise,0.02687500000000065,0.556875
2026-08-16 07:05:15.999,32.595,raise,-0.004999999999999449,0.5225000000000002
2026-08-16 07:05:16.009,32.605,raise,0.08812500000000001,0.5700000000000005
2026-08-16 07:05:16.019,32.615,raise,-0.11312499999999948,0.5249999999999999
2026-08-16 07:05:16.029,32.625,raise,0.07125000000000048,0.5556249999999996
2026-08-16 07:05:16.039,32.635,raise,0.0006249999999996536,0.5574999999999997
2026-08-16 07:05:16.049,32.645,raise,-0.034999999999999476,0.5249999999999999
2026-08-16 07:05:16.059,32.655,raise,0.0912500000000005,0.5737500000000006
2026-08-16 07:05:16.069,32.665,raise,-0.11562500000000031,0.5231249999999998
2026-08-16 07:05:16.079,32.675,raise,0.06624999999999992,0.5581250000000004
2026-08-16 07:05:16.089,32.685,raise,0.026249999999999885,0.5549999999999999
2026-08-16 07:05:16.099,32.695,raise,-0.005625000000000213,0.5243750000000003
2026-08-16 07:05:16.109,32.705,raise,0.08812500000000001,0.5718750000000006
2026-08-16 07:05:16.119,32.715,raise,-0.11750000000000038,0.5225000000000002
2026-08-16 07:05:16.129,32.725,raise,0.05562500000000026,0.5562500000000004
2026-08-16 07:05:16.139,32.735,raise,-0.0031249999999993783,0.565
2026-08-16 07:05:16.149,32.745,raise,-0.03062499999999968,0.5300000000000005
2026-08-16 07:05:16.159,32.755,raise,0.09000000000000008,0.5712499999999998
2026-08-16 07:05:16.169,32.765,raise,-0.11750000000000038,0.526875
2026-08-16 07:05:16.179,32.775,raise,0.06562500000000027,0.556875
2026-08-16 07:05:16.189,32.785,raise,0.022499999999999742,0.5600000000000005
2026-08-16 07:05:16.199,32.795,raise,-0.06124999999999936,0.5300000000000005
2026-08-16 07:05:16.209,32.805,raise,0.08750000000000036,0.5725000000000002
2026-08-16 07:05:16.219,32.815,raise,-0.11937499999999934,0.5237500000000006
2026-08-16 07:05:16.229,32.825,raise,0.05437499999999984,0.5600000000000005
2026-08-16 07:05:16.239,32.835,raise,-0.004999999999999449,0.5593749999999997
2026-08-16 07:05:16.249,32.845,raise,-0.02562500000000023,0.5193749999999997
2026-08-16 07:05:16.259,32.855,raise,0.08937500000000043,0.5731249999999999
2026-08-16 07:05:16.269,32.865,raise,-0.11624999999999996,0.5249999999999999
2026-08-16 07:05:16.279,32.875,raise,0.06750000000000034,0.5637500000000006
2026-08-16 07:05:16.289,32.885,raise,0.02187500000000009,0.5562500000000004
2026-08-16 07:05:16.299,32.895,raise,-0.05562500000000026,0.5218750000000005
2026-08-16 07:05:16.309,32.905,raise,0.08937500000000043,0.5718750000000006
2026-08-16 07:05:16.319,32.915,raise,-0.11624999999999996,0.5249999999999999
2026-08-16 07:05:16.329,32.925,raise,0.05812499999999998,0.5549999999999999
2026-08-16 07:05:16.339,32.935,raise,-0.00687499999999952,0.5562500000000004
2026-08-16 07:05:16.349,32.945,raise,-0.02562500000000023,0.5256250000000007
2026-08-16 07:05:16.359,32.955,raise,0.08937500000000043,0.5693749999999997
2026-08-16 07:05:16.369,32.965,raise,-0.11062499999999975,0.5218750000000005
2026-08-16 07:05:16.379,32.975,raise,0.06500000000000061,0.5562500000000004
2026-08-16 07:05:16.389,32.985,raise,0.016249999999999876,0.5562500000000004
2026-08-16 07:05:16.399,32.995,raise,-0.051875000000000115,0.5293749999999997
2026-08-16 07:05:16.409,33.005,raise,0.09000000000000008,0.5725000000000002
2026-08-16 07:05:16.419,33.015,raise,-0.11874999999999969,0.5206250000000001
2026-08-16 07:05:16.429,33.025,raise,0.05562500000000026,0.5581250000000004
2026-08-16 07:05:16.439,33.035,raise,-0.013124999999999387,0.5625000000000002
2026-08-16 07:05:16.449,33.045,raise,-0.02187500000000009,0.5274999999999996
2026-08-16 07:05:16.459,33.055,raise,0.08624999999999994,0.5712499999999998
2026-08-16 07:05:16.469,33.065,raise,-0.11375000000000024,0.5256250000000007
2026-08-16 07:05:16.479,33.075,raise,0.06500000000000061,0.5593749999999997
2026-08-16 07:05:16.489,33.085,raise,0.013125000000000497,0.5618750000000006
2026-08-16 07:05:16.499,33.095,raise,-0.04937500000000039,0.5312499999999998
2026-08-16 07:05:16.509,33.105,raise,0.08687499999999959,0.5743750000000003
2026-08-16 07:05:16.519,33.115,raise,-0.11874999999999969,0.5293749999999997
2026-08-16 07:05:16.529,33.125,raise,0.06062499999999971,0.5612499999999998
2026-08-16 07:05:16.539,33.135,raise,0.043125000000000524,0.5593749999999997
2026-08-16 07:05:16.549,33.145,raise,-0.018124999999999947,0.5225000000000002
2026-08-16 07:05:16.559,33.155,raise,0.08750000000000036,0.5718750000000006
2026-08-16 07:05:16.569,33.165,raise,-0.11375000000000024,0.5256250000000007
2026-08-16 07:05:16.579,33.175,raise,0.07062499999999972,0.5500000000000005
2026-08-16 07:05:16.589,33.185,raise,0.009375000000000355,0.5631249999999999
2026-08-16 07:05:16.599,33.195,raise,-0.04562500000000025,0.5225000000000002
2026-08-16 07:05:16.609,33.205,raise,0.08375000000000021,0.5700000000000005
2026-08-16 07:05:16.619,33.215,raise,-0.11937499999999934,0.5256250000000007
2026-08-16 07:05:16.629,33.225,raise,0.06000000000000005,0.5543750000000003
2026-08-16 07:05:16.639,33.235,raise,0.038124999999999964,0.5562500000000004
2026-08-16 07:05:16.649,33.245,raise,-0.018124999999999947,0.5231249999999998
2026-08-16 07:05:16.659,33.255,raise,0.08874999999999966,0.5700000000000005
2026-08-16 07:05:16.669,33.265,raise,-0.11687499999999962,0.5206250000000001
2026-08-16 07:05:16.679,33.275,raise,0.07062499999999972,0.5543750000000003
2026-08-16 07:05:16.689,33.285,raise,0.007500000000000284,0.5643750000000003
2026-08-16 07:05:16.699,33.295,raise,-0.043124999999999414,0.5243750000000003
2026-08-16 07:05:16.709,33.305,raise,0.08750000000000036,0.5725000000000002
2026-08-16 07:05:16.719,33.315,raise,-0.11874999999999969,0.5281250000000004
2026-08-16 07:05:16.729,33.325,raise,0.0593750000000004,0.5581250000000004
2026-08-16 07:05:16.739,33.335,raise,0.03562500000000024,0.5656249999999996
2026-08-16 07:05:16.749,33.345,raise,-0.013750000000000151,0.5300000000000005
2026-08-16 07:05:16.759,33.355,raise,0.0912500000000005,0.5718750000000006
2026-08-16 07:05:16.769,33.365,raise,-0.11562500000000031,0.5293749999999997
2026-08-16 07:05:16.779,33.375,raise,0.04874999999999963,0.5587500000000001
2026-08-16 07:05:16.789,33.385,raise,0.006249999999999867,0.5625000000000002
2026-08-16 07:05:16.799,33.395,raise,-0.04124999999999934,0.5200000000000005
2026-08-16 07:05:16.809,33.405,raise,0.09062499999999973,0.5725000000000002
2026-08-16 07:05:16.819,33.415,raise,-0.11812500000000004,0.526875
2026-08-16 07:05:16.829,33.425,raise,0.061875000000000124,0.5493749999999997
2026-08-16 07:05:16.839,33.435,raise,0.035000000000000586,0.5581250000000004
2026-08-16 07:05:16.849,33.445,raise,-0.06812499999999999,0.5218750000000005
2026-08-16 07:05:16.859,33.455,raise,0.08812500000000001,0.5743750000000003
2026-08-16 07:05:16.869,33.465,raise,-0.11624999999999996,0.5256250000000007
2026-08-16 07:05:16.879,33.475,raise,0.051875000000000115,0.5525000000000002
2026-08-16 07:05:16.889,33.485,raise,0.0012500000000004174,0.5574999999999997
2026-08-16 07:05:16.899,33.495,raise,-0.038124999999999964,0.5225000000000002
2026-08-16 07:05:16.909,33.505,raise,0.09000000000000008,0.5700000000000005
2026-08-16 07:05:16.919,33.515,raise,-0.1200000000000001,0.5231249999999998
2026-08-16 07:05:16.929,33.525,raise,0.06500000000000061,0.5537500000000006
2026-08-16 07:05:16.939,33.535,raise,0.028124999999999956,0.5643750000000003
2026-08-16 07:05:16.949,33.545,raise,-0.06750000000000034,0.5231249999999998
2026-08-16 07:05:16.959,33.555,raise,0.08562500000000028,0.565
2026-08-16 07:05:16.969,33.565,raise,-0.11750000000000038,0.5206250000000001
2026-08-16 07:05:16.979,33.575,raise,0.05249999999999977,0.5537500000000006
2026-08-16 07:05:16.989,33.585,raise,-0.001875000000000071,0.5662500000000004
2026-08-16 07:05:16.999,33.595,raise,-0.03437499999999982,0.5281250000000004
2026-08-16 07:05:17.009,33.605,raise,0.09187500000000015,0.5700000000000005
2026-08-16 07:05:17.019,33.615,raise,-0.1056250000000003,0.5325000000000002
2026-08-16 07:05:17.029,33.625,raise,0.06500000000000061,0.5556249999999996
2026-08-16 07:05:17.039,33.635,raise,0.03062499999999968,0.5637500000000006
2026-08-16 07:05:17.049,33.645,raise,-0.06124999999999936,0.5200000000000005
2026-08-16 07:05:17.059,33.655,raise,0.09000000000000008,0.575
2026-08-16 07:05:17.069,33.665,raise,-0.1200000000000001,0.5312499999999998
2026-08-16 07:05:17.079,33.675,raise,0.05312500000000053,0.5612499999999998
2026-08-16 07:05:17.089,33.685,raise,-0.0031249999999993783,0.5600000000000005
2026-08-16 07:05:17.099,33.695,raise,-0.03249999999999975,0.5225000000000002
2026-08-16 07:05:17.109,33.705,raise,0.08812500000000001,0.5725000000000002
2026-08-16 07:05:17.119,33.715,raise,-0.10874999999999968,0.5262500000000003
2026-08-16 07:05:17.129,33.725,raise,0.0637500000000002,0.5531249999999999
2026-08-16 07:05:17.139,33.735,raise,0.02187500000000009,0.5631249999999999
2026-08-16 07:05:17.149,33.745,raise,-0.058749999999999636,0.526875
2026-08-16 07:05:17.159,33.755,raise,0.08750000000000036,0.5712499999999998
2026-08-16 07:05:17.169,33.765,raise,-0.11812500000000004,0.5256250000000007
2026-08-16 07:05:17.179,33.775,raise,0.05249999999999977,0.5481250000000004
2026-08-16 07:05:17.189,33.785,raise,0.0462499999999999,0.5556249999999996
2026-08-16 07:05:17.199,33.795,raise,-0.030000000000000027,0.5225000000000002
2026-08-16 07:05:17.209,33.805,raise,0.08812500000000001,0.5681250000000004
2026-08-16 07:05:17.219,33.815,raise,-0.1100000000000001,0.5212499999999998
2026-08-16 07:05:17.229,33.825,raise,0.0637500000000002,0.5525000000000002
2026-08-16 07:05:17.239,33.835,raise,0.02062499999999967,0.5612499999999998
2026-08-16 07:05:17.249,33.845,raise,-0.053750000000000187,0.5256250000000007
2026-08-16 07:05:17.259,33.855,raise,0.08687499999999959,0.565
2026-08-16 07:05:17.269,33.865,raise,-0.11750000000000038,0.5312499999999998
2026-08-16 07:05:17.279,33.875,raise,0.05562500000000026,0.5593749999999997
2026-08-16 07:05:17.289,33.885,raise,0.04937500000000039,0.5618750000000006
2026-08-16 07:05:17.299,33.895,raise,-0.024374999999999813,0.5306250000000001
2026-08-16 07:05:17.309,33.905,raise,0.08874999999999966,0.5731249999999999
2026-08-16 07:05:17.319,33.915,raise,-0.11312499999999948,0.5293749999999997
2026-08-16 07:05:17.329,33.925,raise,0.0637500000000002,0.5574999999999997
2026-08-16 07:05:17.339,33.935,raise,0.0187499999999996,0.5612499999999998
2026-08-16 07:05:17.349,33.945,raise,-0.05312499999999942,0.5206250000000001
2026-08-16 07:05:17.359,33.955,raise,0.08874999999999966,0.5725000000000002
2026-08-16 07:05:17.369,33.965,raise,-0.11812500000000004,0.5256250000000007
2026-08-16 07:05:17.379,33.975,raise,0.058749999999999636,0.5531249999999999
2026-08-16 07:05:17.389,33.985,raise,0.04437499999999983,0.5625000000000002
2026-08-16 07:05:17.399,33.995,raise,-0.022499999999999742,0.5231249999999998
2026-08-16 07:05:17.409,34.005,raise,0.0912500000000005,0.5706250000000002
2026-08-16 07:05:17.419,34.015,raise,-0.11499999999999955,0.5243750000000003
2026-08-16 07:05:17.429,34.025,raise,0.04375000000000018,0.5506250000000001
2026-08-16 07:05:17.439,34.035,raise,0.01187500000000008,0.556875
2026-08-16 07:05:17.449,34.045,raise,-0.051875000000000115,0.5225000000000002
2026-08-16 07:05:17.459,34.055,raise,0.08750000000000036,0.565
2026-08-16 07:05:17.469,34.065,raise,-0.12187500000000018,0.5249999999999999
2026-08-16 07:05:17.479,34.075,raise,0.058749999999999636,0.5556249999999996
2026-08-16 07:05:17.489,34.085,raise,0.04187500000000011,0.5637500000000006
2026-08-16 07:05:17.499,34.095,raise,-0.07687499999999958,0.5262500000000003
2026-08-16 07:05:17.509,34.105,raise,0.08812500000000001,0.5693749999999997
2026-08-16 07:05:17.519,34.115,raise,-0.11187500000000017,0.5256250000000007
2026-08-16 07:05:17.529,34.125,raise,0.0462499999999999,0.5549999999999999
2026-08-16 07:05:17.539,34.135,raise,0.012499999999999734,0.5631249999999999
2026-08-16 07:05:17.549,34.145,raise,-0.0506249999999997,0.5274999999999996
2026-08-16 07:05:17.559,34.155,raise,0.08562500000000028,0.5687500000000001
2026-08-16 07:05:17.569,34.165,raise,-0.1200000000000001,0.5281250000000004
2026-08-16 07:05:17.579,34.175,raise,0.055000000000000604,0.5556249999999996
2026-08-16 07:05:17.589,34.185,raise,0.03937500000000038,0.5631249999999999
2026-08-16 07:05:17.599,34.195,raise,-0.07249999999999979,0.51875
2026-08-16 07:05:17.609,34.205,raise,0.09062499999999973,0.5693749999999997
2026-08-16 07:05:17.619,34.215,raise,-0.11375000000000024,0.5293749999999997
2026-08-16 07:05:17.629,34.225,raise,0.04937500000000039,0.546875
2026-08-16 07:05:17.639,34.235,raise,0.007500000000000284,0.5631249999999999
2026-08-16 07:05:17.649,34.245,raise,-0.0462499999999999,0.5193749999999997
2026-08-16 07:05:17.659,34.255,raise,0.0824999999999998,0.5706250000000002
2026-08-16 07:05:17.669,34.265,raise,-0.1012499999999994,0.5256250000000007
2026-08-16 07:05:17.679,34.275,raise,0.05562500000000026,0.5487500000000001
2026-08-16 07:05:17.689,34.285,raise,0.03437499999999982,0.5593749999999997
2026-08-16 07:05:17.699,34.295,raise,-0.07187500000000013,0.5206250000000001
2026-08-16 07:05:17.709,34.305,raise,0.08562500000000028,0.5693749999999997
2026-08-16 07:05:17.719,34.315,raise,-0.11687499999999962,0.5212499999999998
2026-08-16 07:05:17.729,34.325,raise,0.04874999999999963,0.5518750000000006
2026-08-16 07:05:17.739,34.335,raise,0.003750000000000142,0.5612499999999998
2026-08-16 07:05:17.749,34.345,raise,-0.04375000000000018,0.5262500000000003
2026-08-16 07:05:17.759,34.355,raise,0.08812500000000001,0.5687500000000001
2026-08-16 07:05:17.769,34.365,raise,-0.10187500000000016,0.5243750000000003
2026-08-16 07:05:17.779,34.375,raise,0.05812499999999998,0.5543750000000003
2026-08-16 07:05:17.789,34.385,raise,0.03249999999999975,0.5656249999999996
2026-08-16 07:05:17.799,34.395,raise,-0.06687499999999957,0.526875
2026-08-16 07:05:17.809,34.405,raise,0.08937500000000043,0.5706250000000002
2026-08-16 07:05:17.819,34.415,raise,-0.1143749999999999,0.5306250000000001
2026-08-16 07:05:17.829,34.425,raise,0.05249999999999977,0.5549999999999999
2026-08-16 07:05:17.839,34.435,raise,0.058749999999999636,0.5656249999999996
2026-08-16 07:05:17.849,34.445,raise,-0.04124999999999934,0.5162500000000003
2026-08-16 07:05:17.859,34.455,raise,0.08874999999999966,0.5718750000000006
2026-08-16 07:05:17.869,34.465,raise,-0.10312499999999947,0.5300000000000005
2026-08-16 07:05:17.879,34.475,raise,0.06312500000000054,0.556875
2026-08-16 07:05:17.889,34.485,raise,0.02874999999999961,0.5600000000000005
2026-08-16 07:05:17.899,34.495,raise,-0.06687499999999957,0.5212499999999998
2026-08-16 07:05:17.909,34.505,raise,0.08187500000000014,0.5700000000000005
2026-08-16 07:05:17.919,34.515,raise,-0.11874999999999969,0.5225000000000002
2026-08-16 07:05:17.929,34.525,raise,0.0506249999999997,0.5525000000000002
2026-08-16 07:05:17.939,34.535,raise,0.058749999999999636,0.5612499999999998
2026-08-16 07:05:17.949,34.545,raise,-0.03562500000000024,0.5200000000000005
2026-08-16 07:05:17.959,34.555,raise,0.08687499999999959,0.566875
2026-08-16 07:05:17.969,34.565,raise,-0.10437499999999988,0.5243750000000003
2026-08-16 07:05:17.979,34.575,raise,0.06000000000000005,0.5493749999999997
2026-08-16 07:05:17.989,34.585,raise,0.02562500000000023,0.556875
2026-08-16 07:05:17.999,34.595,raise,-0.06062499999999971,0.5231249999999998
2026-08-16 07:05:18.009,34.605,raise,0.08500000000000063,0.5718750000000006
2026-08-16 07:05:18.019,34.615,raise,-0.11937499999999934,0.5237500000000006
2026-08-16 07:05:18.029,34.625,raise,0.05125000000000046,0.5531249999999999
2026-08-16 07:05:18.039,34.635,raise,0.056875000000000675,0.5656249999999996
2026-08-16 07:05:18.049,34.645,raise,-0.033124999999999405,0.5262500000000003
2026-08-16 07:05:18.059,34.655,raise,0.08874999999999966,0.5700000000000005
2026-08-16 07:05:18.069,34.665,raise,-0.10499999999999954,0.5331249999999998
2026-08-16 07:05:18.079,34.675,raise,0.04062499999999969,0.5593749999999997
2026-08-16 07:05:18.089,34.685,raise,0.025000000000000577,0.566875
2026-08-16 07:05:18.099,34.695,raise,-0.05750000000000033,0.526875
2026-08-16 07:05:18.109,34.705,raise,0.08312500000000056,0.5737500000000006
2026-08-16 07:05:18.119,34.715,raise,-0.12187500000000018,0.5293749999999997
2026-08-16 07:05:18.129,34.725,raise,0.04937500000000039,0.5562500000000004
2026-08-16 07:05:18.139,34.735,raise,0.051875000000000115,0.565
2026-08-16 07:05:18.149,34.745,raise,-0.031249999999999334,0.5231249999999998
2026-08-16 07:05:18.159,34.755,raise,0.08687499999999959,0.566875
2026-08-16 07:05:18.169,34.765,raise,-0.10937499999999933,0.526875
2026-08-16 07:05:18.179,34.775,raise,0.04125000000000045,0.5431249999999999
2026-08-16 07:05:18.189,34.785,raise,0.018124999999999947,0.5643750000000003
2026-08-16 07:05:18.199,34.795,raise,-0.05812499999999998,0.5206250000000001
2026-08-16 07:05:18.209,34.805,raise,0.08125000000000049,0.5700000000000005
2026-08-16 07:05:18.219,34.815,raise,-0.1200000000000001,0.526875
2026-08-16 07:05:18.229,34.825,raise,0.05312500000000053,0.5493749999999997
2026-08-16 07:05:18.239,34.835,raise,0.04562500000000025,0.5581250000000004
2026-08-16 07:05:18.249,34.845,raise,-0.08312499999999945,0.5212499999999998
2026-08-16 07:05:18.259,34.855,raise,0.08750000000000036,0.5687500000000001
2026-08-16 07:05:18.269,34.865,raise,-0.10812500000000003,0.5249999999999999
2026-08-16 07:05:18.279,34.875,raise,0.046875000000000666,0.5543750000000003
2026-08-16 07:05:18.289,34.885,raise,0.018124999999999947,0.5674999999999997
2026-08-16 07:05:18.299,34.895,raise,-0.05249999999999977,0.5231249999999998
2026-08-16 07:05:18.309,34.905,raise,0.08687499999999959,0.5687500000000001
2026-08-16 07:05:18.319,34.915,raise,-0.0956250000000003,0.5231249999999998
2026-08-16 07:05:18.329,34.925,raise,0.055000000000000604,0.5543750000000003
2026-08-16 07:05:18.339,34.935,raise,0.04437499999999983,0.565
2026-08-16 07:05:18.349,34.945,raise,-0.07687499999999958,0.5243750000000003
2026-08-16 07:05:18.359,34.955,raise,0.08562500000000028,0.5731249999999999
2026-08-16 07:05:18.369,34.965,raise,-0.11375000000000024,0.5343750000000003
2026-08-16 07:05:18.379,34.975,raise,0.046875000000000666,0.5574999999999997
2026-08-16 07:05:18.389,34.985,raise,0.01187500000000008,0.5656249999999996
2026-08-16 07:05:18.399,34.995,raise,-0.0506249999999997,0.5200000000000005
2026-08-16 07:05:18.409,35.005,raise,0.08562500000000028,0.5725000000000002
2026-08-16 07:05:18.419,35.015,raise,-0.09499999999999953,0.5300000000000005
2026-08-16 07:05:18.429,35.025,raise,0.05437499999999984,0.5543750000000003
2026-08-16 07:05:18.439,35.035,raise,0.03937500000000038,0.5625000000000002
2026-08-16 07:05:18.449,35.045,raise,-0.07750000000000035,0.5200000000000005
2026-08-16 07:05:18.459,35.055,raise,0.08125000000000049,0.5712499999999998
2026-08-16 07:05:18.469,35.065,raise,-0.11812500000000004,0.52875
2026-08-16 07:05:18.479,35.075,raise,0.04249999999999976,0.5443750000000003
2026-08-16 07:05:18.489,35.085,raise,0.06562500000000027,0.5631249999999999
2026-08-16 07:05:18.499,35.095,raise,-0.04750000000000032,0.5206250000000001
2026-08-16 07:05:18.509,35.105,raise,0.08750000000000036,0.5656249999999996
2026-08-16 07:05:18.519,35.115,raise,-0.09750000000000036,0.5306250000000001
2026-08-16 07:05:18.529,35.125,raise,0.05750000000000033,0.5506250000000001
2026-08-16 07:05:18.539,35.135,raise,0.040000000000000036,0.5587500000000001
2026-08-16 07:05:18.549,35.145,raise,-0.0737500000000002,0.5231249999999998
2026-08-16 07:05:18.559,35.155,raise,0.08000000000000007,0.5674999999999997
2026-08-16 07:05:18.569,35.165,raise,-0.1143749999999999,0.5274999999999996
2026-08-16 07:05:18.579,35.175,raise,0.04562500000000025,0.5531249999999999
2026-08-16 07:05:18.589,35.185,raise,0.06312500000000054,0.5643750000000003
2026-08-16 07:05:18.599,35.195,raise,-0.04750000000000032,0.5243750000000003
2026-08-16 07:05:18.609,35.205,raise,0.08562500000000028,0.5706250000000002
2026-08-16 07:05:18.619,35.215,raise,-0.09937499999999932,0.5318750000000005
2026-08-16 07:05:18.629,35.225,raise,0.056875000000000675,0.5549999999999999
2026-08-16 07:05:18.639,35.235,raise,0.03562500000000024,0.566875
2026-08-16 07:05:18.649,35.245,raise,-0.07000000000000006,0.5218750000000005
2026-08-16 07:05:18.659,35.255,raise,0.08125000000000049,0.5712499999999998
2026-08-16 07:05:18.669,35.265,raise,-0.11750000000000038,0.5306250000000001
2026-08-16 07:05:18.679,35.275,raise,0.0462499999999999,0.5531249999999999
2026-08-16 07:05:18.689,35.285,raise,0.06125000000000047,0.5600000000000005
2026-08-16 07:05:18.699,35.295,raise,-0.04249999999999976,0.5181250000000004
2026-08-16 07:05:18.709,35.305,raise,0.08624999999999994,0.5700000000000005
2026-08-16 07:05:18.719,35.315,raise,-0.10249999999999981,0.52875
2026-08-16 07:05:18.729,35.325,raise,0.03624999999999989,0.5474999999999997
2026-08-16 07:05:18.739,35.335,raise,0.03062499999999968,0.565
2026-08-16 07:05:18.749,35.345,raise,-0.06937500000000041,0.5206250000000001
2026-08-16 07:05:18.759,35.355,raise,0.08750000000000036,0.566875
2026-08-16 07:05:18.769,35.365,raise,-0.11874999999999969,0.5312499999999998
2026-08-16 07:05:18.779,35.375,raise,0.04937500000000039,0.5525000000000002
2026-08-16 07:05:18.789,35.385,raise,0.05750000000000033,0.5618750000000006
2026-08-16 07:05:18.799,35.395,raise,-0.04187500000000011,0.5225000000000002
2026-08-16 07:05:18.809,35.405,raise,0.08687499999999959,0.5693749999999997
2026-08-16 07:05:18.819,35.415,raise,-0.1056250000000003,0.5274999999999996
2026-08-16 07:05:18.829,35.425,raise,0.03750000000000031,0.5518750000000006
2026-08-16 07:05:18.839,35.435,raise,0.028124999999999956,0.5643750000000003
2026-08-16 07:05:18.849,35.445,raise,-0.06562500000000027,0.5225000000000002
2026-08-16 07:05:18.859,35.455,raise,0.08500000000000063,0.5693749999999997
2026-08-16 07:05:18.869,35.465,raise,-0.12062499999999976,0.5337500000000006
2026-08-16 07:05:18.879,35.475,raise,0.050000000000000044,0.5549999999999999
2026-08-16 07:05:18.889,35.485,raise,0.05750000000000033,0.5612499999999998
2026-08-16 07:05:18.899,35.495,raise,-0.09000000000000008,0.526875
2026-08-16 07:05:18.909,35.505,raise,0.08687499999999959,0.5687500000000001
2026-08-16 07:05:18.919,35.515,raise,-0.1056250000000003,0.5300000000000005
2026-08-16 07:05:18.929,35.525,raise,0.03874999999999962,0.5500000000000005
2026-08-16 07:05:18.939,35.535,raise,0.023125000000000506,0.5643750000000003
2026-08-16 07:05:18.949,35.545,raise,-0.06562500000000027,0.5174999999999996
2026-08-16 07:05:18.959,35.555,raise,0.08312500000000056,0.5674999999999997
2026-08-16 07:05:18.969,35.565,raise,-0.08687499999999959,0.52875
2026-08-16 07:05:18.979,35.575,raise,0.053750000000000187,0.5456250000000007
2026-08-16 07:05:18.989,35.585,raise,0.05249999999999977,0.5656249999999996
2026-08-16 07:05:18.999,35.595,raise,-0.08499999999999952,0.5181250000000004
2026-08-16 07:05:19.009,35.605,raise,0.08750000000000036,0.5737500000000006
2026-08-16 07:05:19.019,35.615,raise,-0.11187500000000017,0.5281250000000004
2026-08-16 07:05:19.029,35.625,raise,0.03874999999999962,0.5474999999999997
2026-08-16 07:05:19.039,35.635,raise,0.02187500000000009,0.5581250000000004
2026-08-16 07:05:19.049,35.645,raise,-0.06124999999999936,0.5225000000000002
2026-08-16 07:05:19.059,35.655,raise,0.08500000000000063,0.5674999999999997
2026-08-16 07:05:19.069,35.665,raise,-0.08874999999999966,0.5312499999999998
2026-08-16 07:05:19.079,35.675,raise,0.051875000000000115,0.546875
2026-08-16 07:05:19.089,35.685,raise,0.05249999999999977,0.565
2026-08-16 07:05:19.099,35.695,raise,-0.0824999999999998,0.5225000000000002
2026-08-16 07:05:19.109,35.705,raise,0.08562500000000028,0.5725000000000002
2026-08-16 07:05:19.119,35.715,raise,-0.10812500000000003,0.526875
2026-08-16 07:05:19.129,35.725,raise,0.04187500000000011,0.5549999999999999
2026-08-16 07:05:19.139,35.735,raise,0.07062499999999972,0.5656249999999996
2026-08-16 07:05:19.149,35.745,raise,-0.05812499999999998,0.5249999999999999
2026-08-16 07:05:19.159,35.755,raise,0.08375000000000021,0.5731249999999999
2026-08-16 07:05:19.169,35.765,raise,-0.09312499999999946,0.5300000000000005
2026-08-16 07:05:19.179,35.775,raise,0.04937500000000039,0.5525000000000002
2026-08-16 07:05:19.189,35.785,raise,0.04562500000000025,0.5662500000000004
2026-08-16 07:05:19.199,35.795,raise,-0.08062499999999972,0.50875
2026-08-16 07:05:19.209,35.805,raise,0.08062499999999972,0.5700000000000005
2026-08-16 07:05:19.219,35.815,raise,-0.11312499999999948,0.5318750000000005
2026-08-16 07:05:19.229,35.825,raise,0.04562500000000025,0.5556249999999996
2026-08-16 07:05:19.239,35.835,raise,0.06812499999999999,0.5631249999999999
2026-08-16 07:05:19.249,35.845,raise,-0.056874999999999565,0.5181250000000004
2026-08-16 07:05:19.259,35.855,raise,0.08562500000000028,0.566875
2026-08-16 07:05:19.269,35.865,raise,-0.09874999999999967,0.5300000000000005
2026-08-16 07:05:19.279,35.875,raise,0.055000000000000604,0.5443750000000003
2026-08-16 07:05:19.289,35.885,raise,0.04187500000000011,0.5600000000000005
2026-08-16 07:05:19.299,35.895,raise,-0.07750000000000035,0.5149999999999999
2026-08-16 07:05:19.309,35.905,raise,0.07937500000000042,0.5631249999999999
2026-08-16 07:05:19.319,35.915,raise,-0.11375000000000024,0.5281250000000004
2026-08-16 07:05:19.329,35.925,raise,0.04812499999999997,0.5431249999999999
2026-08-16 07:05:19.339,35.935,raise,0.06624999999999992,0.5612499999999998
2026-08-16 07:05:19.349,35.945,raise,-0.0506249999999997,0.5193749999999997
2026-08-16 07:05:19.359,35.955,raise,0.08624999999999994,0.5674999999999997
2026-08-16 07:05:19.369,35.965,raise,-0.09812500000000002,0.5249999999999999
2026-08-16 07:05:19.379,35.975,raise,0.03375000000000017,0.5462500000000003
2026-08-16 07:05:19.389,35.985,raise,0.035000000000000586,0.5656249999999996
2026-08-16 07:05:19.399,35.995,raise,-0.07499999999999951,0.5206250000000001
2026-08-16 07:05:19.409,36.005,raise,0.08624999999999994,0.5700000000000005
2026-08-16 07:05:19.419,36.015,raise,-0.11624999999999996,0.5356250000000007
2026-08-16 07:05:19.429,36.025,raise,0.04937500000000039,0.5512499999999998
2026-08-16 07:05:19.439,36.035,raise,0.06312500000000054,0.5656249999999996
2026-08-16 07:05:19.449,36.045,raise,-0.10000000000000009,0.5200000000000005
2026-08-16 07:05:19.459,36.055,raise,0.08312500000000056,0.5674999999999997
2026-08-16 07:05:19.469,36.065,raise,-0.10249999999999981,0.5343750000000003
2026-08-16 07:05:19.479,36.075,raise,0.029375000000000373,0.5506250000000001
2026-08-16 07:05:19.489,36.085,raise,0.033125000000000515,0.5637500000000006
2026-08-16 07:05:19.499,36.095,raise,-0.07437499999999986,0.5174999999999996
2026-08-16 07:05:19.509,36.105,raise,0.08624999999999994,0.566875
2026-08-16 07:05:19.519,36.115,raise,-0.11499999999999955,0.5325000000000002
2026-08-16 07:05:19.529,36.125,raise,0.04812499999999997,0.5412499999999998
2026-08-16 07:05:19.539,36.135,raise,0.0637500000000002,0.5631249999999999
2026-08-16 07:05:19.549,36.145,raise,-0.0956250000000003,0.5200000000000005
2026-08-16 07:05:19.559,36.155,raise,0.08562500000000028,0.5643750000000003
2026-08-16 07:05:19.569,36.165,raise,-0.10312499999999947,0.5331249999999998
2026-08-16 07:05:19.579,36.175,raise,0.03624999999999989,0.5431249999999999
2026-08-16 07:05:19.589,36.185,raise,0.03437499999999982,0.5606250000000002
2026-08-16 07:05:19.599,36.195,raise,-0.07124999999999937,0.5212499999999998
2026-08-16 07:05:19.609,36.205,raise,0.08187500000000014,0.5637500000000006
2026-08-16 07:05:19.619,36.215,raise,-0.07937500000000042,0.5293749999999997
2026-08-16 07:05:19.629,36.225,raise,0.04937500000000039,0.5456250000000007
2026-08-16 07:05:19.639,36.235,raise,0.06125000000000047,0.5662500000000004
2026-08-16 07:05:19.649,36.245,raise,-0.09124999999999939,0.5174999999999996
2026-08-16 07:05:19.659,36.255,raise,0.08437499999999987,0.5662500000000004
2026-08-16 07:05:19.669,36.265,raise,-0.10437499999999988,0.5356250000000007
2026-08-16 07:05:19.679,36.275,raise,0.03874999999999962,0.5462500000000003
2026-08-16 07:05:19.689,36.285,raise,0.02874999999999961,0.5625000000000002
2026-08-16 07:05:19.699,36.295,raise,-0.07124999999999937,0.5181250000000004
2026-08-16 07:05:19.709,36.305,raise,0.07937500000000042,0.565
2026-08-16 07:05:19.719,36.315,raise,-0.08375000000000021,0.5300000000000005
2026-08-16 07:05:19.729,36.325,raise,0.0462499999999999,0.5449999999999999
2026-08-16 07:05:19.739,36.335,raise,0.05562500000000026,0.5618750000000006
2026-08-16 07:05:19.749,36.345,raise,-0.08687499999999959,0.5174999999999996
2026-08-16 07:05:19.759,36.355,raise,0.0824999999999998,0.5687500000000001
2026-08-16 07:05:19.769,36.365,raise,-0.10249999999999981,0.5312499999999998
2026-08-16 07:05:19.779,36.375,raise,0.04062499999999969,0.5400000000000005
2026-08-16 07:05:19.789,36.385,raise,0.0737500000000002,0.5625000000000002
2026-08-16 07:05:19.799,36.395,raise,-0.0637500000000002,0.5181250000000004
2026-08-16 07:05:19.809,36.405,raise,0.08375000000000021,0.5674999999999997
2026-08-16 07:05:19.819,36.415,raise,-0.0824999999999998,0.5281250000000004
2026-08-16 07:05:19.829,36.425,raise,0.051875000000000115,0.5449999999999999
2026-08-16 07:05:19.839,36.435,raise,0.055000000000000604,0.5581250000000004
2026-08-16 07:05:19.849,36.445,raise,-0.08687499999999959,0.5174999999999996
2026-08-16 07:05:19.859,36.455,raise,0.078125,0.5631249999999999
2026-08-16 07:05:19.869,36.465,raise,-0.10187500000000016,0.5293749999999997
2026-08-16 07:05:19.879,36.475,raise,0.04375000000000018,0.5431249999999999
2026-08-16 07:05:19.889,36.485,raise,0.07062499999999972,0.5662500000000004
2026-08-16 07:05:19.899,36.495,raise,-0.06124999999999936,0.5181250000000004
2026-08-16 07:05:19.909,36.505,raise,0.08312500000000056,0.5662500000000004
2026-08-16 07:05:19.919,36.515,raise,-0.08874999999999966,0.5256250000000007
2026-08-16 07:05:19.929,36.525,raise,0.0506249999999997,0.5481250000000004
2026-08-16 07:05:19.939,36.535,raise,0.050000000000000044,0.5606250000000002
2026-08-16 07:05:19.949,36.545,raise,-0.08562500000000028,0.51875
2026-08-16 07:05:19.959,36.555,raise,0.08000000000000007,0.5662500000000004
2026-08-16 07:05:19.969,36.565,raise,-0.1100000000000001,0.5312499999999998
2026-08-16 07:05:19.979,36.575,raise,0.04437499999999983,0.5456250000000007
2026-08-16 07:05:19.989,36.585,raise,0.06937500000000041,0.5625000000000002
2026-08-16 07:05:19.999,36.595,raise,-0.0593750000000004,0.5143750000000002
2026-08-16 07:05:20.009,36.605,raise,0.08624999999999994,0.5687500000000001
2026-08-16 07:05:20.019,36.615,raise,-0.09124999999999939,0.5318750000000005
2026-08-16 07:05:20.029,36.625,raise,0.02874999999999961,0.5512499999999998
2026-08-16 07:05:20.039,36.635,raise,0.04874999999999963,0.5643750000000003
2026-08-16 07:05:20.049,36.645,raise,-0.08375000000000021,0.5131249999999998
2026-08-16 07:05:20.059,36.655,raise,0.08062499999999972,0.5674999999999997
2026-08-16 07:05:20.069,36.665,raise,-0.10812500000000003,0.5325000000000002
2026-08-16 07:05:20.079,36.675,raise,0.04437499999999983,0.5381250000000004
2026-08-16 07:05:20.089,36.685,raise,0.07187500000000013,0.5618750000000006
2026-08-16 07:05:20.099,36.695,raise,-0.10062499999999974,0.5149999999999999
2026-08-16 07:05:20.109,36.705,raise,0.08500000000000063,0.5600000000000005
2026-08-16 07:05:20.119,36.715,raise,-0.08750000000000036,0.5300000000000005
2026-08-16 07:05:20.129,36.725,raise,0.033125000000000515,0.5406250000000001
2026-08-16 07:05:20.139,36.735,raise,0.046875000000000666,0.5606250000000002
2026-08-16 07:05:20.149,36.745,raise,-0.07750000000000035,0.516875
2026-08-16 07:05:20.159,36.755,raise,0.07937500000000042,0.5643750000000003
2026-08-16 07:05:20.169,36.765,raise,-0.1112499999999994,0.5212499999999998
2026-08-16 07:05:20.179,36.775,raise,0.04062499999999969,0.5437500000000006
2026-08-16 07:05:20.189,36.785,raise,0.06874999999999964,0.5612499999999998
2026-08-16 07:05:20.199,36.795,raise,-0.09750000000000036,0.5143750000000002
2026-08-16 07:05:20.209,36.805,raise,0.08312500000000056,0.5631249999999999
2026-08-16 07:05:20.219,36.815,raise,-0.09000000000000008,0.5343750000000003
2026-08-16 07:05:20.229,36.825,raise,0.03249999999999975,0.5443750000000003
2026-08-16 07:05:20.239,36.835,raise,0.043125000000000524,0.5612499999999998
2026-08-16 07:05:20.249,36.845,raise,-0.07937500000000042,0.5143750000000002
2026-08-16 07:05:20.259,36.855,raise,0.07937500000000042,0.5656249999999996
2026-08-16 07:05:20.269,36.865,raise,-0.07124999999999937,0.5306250000000001
2026-08-16 07:05:20.279,36.875,raise,0.04375000000000018,0.5487500000000001
2026-08-16 07:05:20.289,36.885,raise,0.06812499999999999,0.5656249999999996
2026-08-16 07:05:20.299,36.895,raise,-0.0956250000000003,0.5143750000000002
2026-08-16 07:05:20.309,36.905,raise,0.08500000000000063,0.5656249999999996
2026-08-16 07:05:20.319,36.915,raise,-0.09437499999999988,0.5331249999999998
2026-08-16 07:05:20.329,36.925,raise,0.03750000000000031,0.5400000000000005
2026-08-16 07:05:20.339,36.935,raise,0.03874999999999962,0.5637500000000006
2026-08-16 07:05:20.349,36.945,raise,-0.0737500000000002,0.5174999999999996
2026-08-16 07:05:20.359,36.955,raise,0.07937500000000042,0.566875
2026-08-16 07:05:20.369,36.965,raise,-0.07312499999999944,0.5343750000000003
2026-08-16 07:05:20.379,36.975,raise,0.045000000000000595,0.5387500000000001
2026-08-16 07:05:20.389,36.985,raise,0.061875000000000124,0.5612499999999998
2026-08-16 07:05:20.399,36.995,raise,-0.09375000000000022,0.516875
2026-08-16 07:05:20.409,37.005,raise,0.08500000000000063,0.5593749999999997
2026-08-16 07:05:20.419,37.015,raise,-0.09750000000000036,0.5293749999999997
2026-08-16 07:05:20.429,37.025,raise,0.03750000000000031,0.5393749999999997
2026-08-16 07:05:20.439,37.035,raise,0.07624999999999993,0.5593749999999997
2026-08-16 07:05:20.449,37.045,raise,-0.07624999999999993,0.5137500000000006
2026-08-16 07:05:20.459,37.055,raise,0.08187500000000014,0.5618750000000006
2026-08-16 07:05:20.469,37.065,raise,-0.07499999999999951,0.5337500000000006
2026-08-16 07:05:20.479,37.075,raise,0.0462499999999999,0.5418750000000006
2026-08-16 07:05:20.489,37.085,raise,0.06062499999999971,0.5631249999999999
2026-08-16 07:05:20.499,37.095,raise,-0.09124999999999939,0.5174999999999996
2026-08-16 07:05:20.509,37.105,raise,0.07624999999999993,0.5637500000000006
2026-08-16 07:05:20.519,37.115,raise,-0.10062499999999974,0.5306250000000001
2026-08-16 07:05:20.529,37.125,raise,0.03750000000000031,0.5462500000000003
2026-08-16 07:05:20.539,37.135,raise,0.07874999999999965,0.5606250000000002
2026-08-16 07:05:20.549,37.145,raise,-0.07187500000000013,0.5137500000000006
2026-08-16 07:05:20.559,37.155,raise,0.08375000000000021,0.565
2026-08-16 07:05:20.569,37.165,raise,-0.07499999999999951,0.5325000000000002
2026-08-16 07:05:20.579,37.175,raise,0.04874999999999963,0.536875
2026-08-16 07:05:20.589,37.185,raise,0.06312500000000054,0.5612499999999998
2026-08-16 07:05:20.599,37.195,raise,-0.0924999999999998,0.5149999999999999
2026-08-16 07:05:20.609,37.205,raise,0.078125,0.565
2026-08-16 07:05:20.619,37.215,raise,-0.1012499999999994,0.5312499999999998
2026-08-16 07:05:20.629,37.225,raise,0.03687500000000066,0.5381250000000004
2026-08-16 07:05:20.639,37.235,raise,0.07687499999999958,0.5612499999999998
2026-08-16 07:05:20.649,37.245,raise,-0.06874999999999964,0.5156250000000007
2026-08-16 07:05:20.659,37.255,raise,0.08125000000000049,0.5593749999999997
2026-08-16 07:05:20.669,37.265,raise,-0.07750000000000035,0.5249999999999999
2026-08-16 07:05:20.679,37.275,raise,0.02562500000000023,0.5393749999999997
2026-08-16 07:05:20.689,37.285,raise,0.0593750000000004,0.5612499999999998
2026-08-16 07:05:20.699,37.295,raise,-0.08937500000000043,0.5156250000000007
2026-08-16 07:05:20.709,37.305,raise,0.078125,0.5637500000000006
2026-08-16 07:05:20.719,37.315,raise,-0.10312499999999947,0.5262500000000003
2026-08-16 07:05:20.729,37.325,raise,0.03437499999999982,0.5425000000000002
2026-08-16 07:05:20.739,37.335,raise,0.07500000000000062,0.5631249999999999
2026-08-16 07:05:20.749,37.345,raise,-0.10187500000000016,0.5174999999999996
2026-08-16 07:05:20.759,37.355,raise,0.08187500000000014,0.5625000000000002
2026-08-16 07:05:20.769,37.365,raise,-0.078125,0.536875
2026-08-16 07:05:20.779,37.375,raise,0.02687500000000065,0.546875
2026-08-16 07:05:20.789,37.385,raise,0.05750000000000033,0.5612499999999998
2026-08-16 07:05:20.799,37.395,raise,-0.08499999999999952,0.5093749999999997
2026-08-16 07:05:20.809,37.405,raise,0.078125,0.565
2026-08-16 07:05:20.819,37.415,raise,-0.10187500000000016,0.5349999999999999
2026-08-16 07:05:20.829,37.425,raise,0.038124999999999964,0.5493749999999997
2026-08-16 07:05:20.839,37.435,raise,0.0737500000000002,0.5637500000000006
2026-08-16 07:05:20.849,37.445,raise,-0.10187500000000016,0.5143750000000002
2026-08-16 07:05:20.859,37.455,raise,0.08437499999999987,0.5637500000000006
2026-08-16 07:05:20.869,37.465,raise,-0.0824999999999998,0.5343750000000003
2026-08-16 07:05:20.879,37.475,raise,0.03062499999999968,0.5331249999999998
2026-08-16 07:05:20.889,37.485,raise,0.051875000000000115,0.5637500000000006
2026-08-16 07:05:20.899,37.495,raise,-0.08375000000000021,0.5156250000000007
2026-08-16 07:05:20.909,37.505,raise,0.08187500000000014,0.5606250000000002
2026-08-16 07:05:20.919,37.515,raise,-0.06062499999999971,0.5274999999999996
2026-08-16 07:05:20.929,37.525,raise,0.04125000000000045,0.5374999999999996
2026-08-16 07:05:20.939,37.535,raise,0.07062499999999972,0.5581250000000004
2026-08-16 07:05:20.949,37.545,raise,-0.10249999999999981,0.5125000000000002
2026-08-16 07:05:20.959,37.555,raise,0.08312500000000056,0.5581250000000004
2026-08-16 07:05:20.969,37.565,raise,-0.08624999999999994,0.5237500000000006
2026-08-16 07:05:20.979,37.575,raise,0.029375000000000373,0.5400000000000005
2026-08-16 07:05:20.989,37.585,raise,0.05437499999999984,0.5618750000000006
2026-08-16 07:05:20.999,37.595,raise,-0.0824999999999998,0.5162500000000003
2026-08-16 07:05:21.009,37.605,raise,0.08437499999999987,0.5643750000000003
2026-08-16 07:05:21.019,37.615,raise,-0.06124999999999936,0.5374999999999996
2026-08-16 07:05:21.029,37.625,raise,0.04249999999999976,0.5449999999999999
2026-08-16 07:05:21.039,37.635,raise,0.0737500000000002,0.566875
2026-08-16 07:05:21.049,37.645,raise,-0.09937499999999932,0.5156250000000007
2026-08-16 07:05:21.059,37.655,raise,0.08437499999999987,0.5662500000000004
2026-08-16 07:05:21.069,37.665,raise,-0.08874999999999966,0.5356250000000007
2026-08-16 07:05:21.079,37.675,raise,0.029375000000000373,0.5449999999999999
2026-08-16 07:05:21.089,37.685,raise,0.07874999999999965,0.565
2026-08-16 07:05:21.099,37.695,raise,-0.07937500000000042,0.5156250000000007
2026-08-16 07:05:21.109,37.705,raise,0.08500000000000063,0.565
2026-08-16 07:05:21.119,37.715,raise,-0.0649999999999995,0.5343750000000003
2026-08-16 07:05:21.129,37.725,raise,0.04562500000000025,0.5331249999999998
2026-08-16 07:05:21.139,37.735,raise,0.07249999999999979,0.5643750000000003
2026-08-16 07:05:21.149,37.745,raise,-0.09812500000000002,0.5137500000000006
2026-08-16 07:05:21.159,37.755,raise,0.07500000000000062,0.565
2026-08-16 07:05:21.169,37.765,raise,-0.09312499999999946,0.52875
2026-08-16 07:05:21.179,37.775,raise,0.0318750000000001,0.5337500000000006
2026-08-16 07:05:21.189,37.785,raise,0.08062499999999972,0.5593749999999997
2026-08-16 07:05:21.199,37.795,raise,-0.08124999999999938,0.5125000000000002
2026-08-16 07:05:21.209,37.805,raise,0.08312500000000056,0.5543750000000003
2026-08-16 07:05:21.219,37.815,raise,-0.06874999999999964,0.52875
2026-08-16 07:05:21.229,37.825,raise,0.04562500000000025,0.5374999999999996
2026-08-16 07:05:21.239,37.835,raise,0.06687500000000068,0.5600000000000005
2026-08-16 07:05:21.249,37.845,raise,-0.0968749999999996,0.5112499999999998
2026-08-16 07:05:21.259,37.855,raise,0.078125,0.5606250000000002
2026-08-16 07:05:21.269,37.865,raise,-0.09499999999999953,0.5281250000000004
2026-08-16 07:05:21.279,37.875,raise,0.035000000000000586,0.5412499999999998
2026-08-16 07:05:21.289,37.885,raise,0.07937500000000042,0.565
2026-08-16 07:05:21.299,37.895,raise,-0.07499999999999951,0.5162500000000003
2026-08-16 07:05:21.309,37.905,raise,0.08500000000000063,0.5618750000000006
2026-08-16 07:05:21.319,37.915,raise,-0.06750000000000034,0.5356250000000007
2026-08-16 07:05:21.329,37.925,raise,0.021250000000000435,0.5425000000000002
2026-08-16 07:05:21.339,37.935,raise,0.06687500000000068,0.5637500000000006
2026-08-16 07:05:21.349,37.945,raise,-0.09187500000000015,0.5106250000000001
2026-08-16 07:05:21.359,37.955,raise,0.07874999999999965,0.5656249999999996
2026-08-16 07:05:21.369,37.965,raise,-0.09499999999999953,0.536875
2026-08-16 07:05:21.379,37.975,raise,0.03562500000000024,0.5431249999999999
2026-08-16 07:05:21.389,37.985,raise,0.07750000000000035,0.5643750000000003
2026-08-16 07:05:21.399,37.995,raise,-0.10937499999999933,0.5156250000000007
2026-08-16 07:05:21.409,38.005,raise,0.08437499999999987,0.5656249999999996
2026-08-16 07:05:21.419,38.015,raise,-0.07312499999999944,0.5356250000000007
2026-08-16 07:05:21.429,38.025,raise,0.023125000000000506,0.5349999999999999
2026-08-16 07:05:21.439,38.035,raise,0.061875000000000124,0.5612499999999998
2026-08-16 07:05:21.449,38.045,raise,-0.09375000000000022,0.5149999999999999
2026-08-16 07:05:21.459,38.055,raise,0.07624999999999993,0.5600000000000005
2026-08-16 07:05:21.469,38.065,raise,-0.09750000000000036,0.5312499999999998
2026-08-16 07:05:21.479,38.075,raise,0.03437499999999982,0.5381250000000004
2026-08-16 07:05:21.489,38.085,raise,0.07874999999999965,0.5625000000000002
2026-08-16 07:05:21.499,38.095,raise,-0.10499999999999954,0.5156250000000007
2026-08-16 07:05:21.509,38.105,raise,0.08312500000000056,0.5618750000000006
2026-08-16 07:05:21.519,38.115,raise,-0.07562500000000028,0.52875
2026-08-16 07:05:21.529,38.125,raise,0.02874999999999961,0.5418750000000006
2026-08-16 07:05:21.539,38.135,raise,0.06437499999999985,0.566875
2026-08-16 07:05:21.549,38.145,raise,-0.08750000000000036,0.5162500000000003
2026-08-16 07:05:21.559,38.155,raise,0.0824999999999998,0.5618750000000006
2026-08-16 07:05:21.569,38.165,raise,-0.051875000000000115,0.5381250000000004
2026-08-16 07:05:21.579,38.175,raise,0.035000000000000586,0.5425000000000002
2026-08-16 07:05:21.589,38.185,raise,0.07750000000000035,0.5637500000000006
2026-08-16 07:05:21.599,38.195,raise,-0.10187500000000016,0.5100000000000005
2026-08-16 07:05:21.609,38.205,raise,0.08125000000000049,0.5587500000000001
2026-08-16 07:05:21.619,38.215,raise,-0.07750000000000035,0.5374999999999996
2026-08-16 07:05:21.629,38.225,raise,0.030000000000000027,0.5431249999999999
2026-08-16 07:05:21.639,38.235,raise,0.07937500000000042,0.5625000000000002
2026-08-16 07:05:21.649,38.245,raise,-0.08812500000000001,0.5112499999999998
2026-08-16 07:05:21.659,38.255,raise,0.08125000000000049,0.5637500000000006
2026-08-16 07:05:21.669,38.265,raise,-0.053750000000000187,0.5337500000000006
2026-08-16 07:05:21.679,38.275,raise,0.04125000000000045,0.5318750000000005
2026-08-16 07:05:21.689,38.285,raise,0.07562500000000028,0.5600000000000005
2026-08-16 07:05:21.699,38.295,raise,-0.10187500000000016,0.5131249999999998
2026-08-16 07:05:21.709,38.305,raise,0.08000000000000007,0.5562500000000004
2026-08-16 07:05:21.719,38.315,raise,-0.08062499999999972,0.5325000000000002
2026-08-16 07:05:21.729,38.325,raise,0.027500000000000302,0.5337500000000006
2026-08-16 07:05:21.739,38.335,raise,0.07750000000000035,0.5612499999999998
2026-08-16 07:05:21.749,38.345,raise,-0.08437499999999987,0.5125000000000002
2026-08-16 07:05:21.759,38.355,raise,0.08312500000000056,0.5612499999999998
2026-08-16 07:05:21.769,38.365,raise,-0.056874999999999565,0.5306250000000001
2026-08-16 07:05:21.779,38.375,raise,0.040000000000000036,0.5362500000000003
2026-08-16 07:05:21.789,38.385,raise,0.07437499999999986,0.565
2026-08-16 07:05:21.799,38.395,raise,-0.09937499999999932,0.5162500000000003
2026-08-16 07:05:21.809,38.405,raise,0.0737500000000002,0.5637500000000006
2026-08-16 07:05:21.819,38.415,raise,-0.08124999999999938,0.5425000000000002
2026-08-16 07:05:21.829,38.425,raise,0.0318750000000001,0.5425000000000002
2026-08-16 07:05:21.839,38.435,raise,0.078125,0.5662500000000004
2026-08-16 07:05:21.849,38.445,raise,-0.08187500000000014,0.5143750000000002
2026-08-16 07:05:21.859,38.455,raise,0.078125,0.5643750000000003
2026-08-16 07:05:21.869,38.465,raise,-0.06000000000000005,0.5406250000000001
2026-08-16 07:05:21.879,38.475,raise,0.04437499999999983,0.5437500000000006
2026-08-16 07:05:21.889,38.485,raise,0.07125000000000048,0.565
2026-08-16 07:05:21.899,38.495,raise,-0.09624999999999995,0.5143750000000002
2026-08-16 07:05:21.909,38.505,raise,0.07687499999999958,0.5662500000000004
2026-08-16 07:05:21.919,38.515,raise,-0.08437499999999987,0.5387500000000001
2026-08-16 07:05:21.929,38.525,raise,0.03249999999999975,0.5306250000000001
2026-08-16 07:05:21.939,38.535,raise,0.07937500000000042,0.5625000000000002
2026-08-16 07:05:21.949,38.545,raise,-0.08124999999999938,0.5112499999999998
2026-08-16 07:05:21.959,38.555,raise,0.08187500000000014,0.5606250000000002
2026-08-16 07:05:21.969,38.565,raise,-0.06249999999999978,0.5343750000000003
2026-08-16 07:05:21.979,38.575,raise,0.014374999999999805,0.5331249999999998
2026-08-16 07:05:21.989,38.585,raise,0.07187500000000013,0.565
2026-08-16 07:05:21.999,38.595,raise,-0.09624999999999995,0.5156250000000007
2026-08-16 07:05:22.009,38.605,raise,0.078125,0.5574999999999997
2026-08-16 07:05:22.019,38.615,raise,-0.08687499999999959,0.5337500000000006
2026-08-16 07:05:22.029,38.625,raise,0.03375000000000017,0.536875
2026-08-16 07:05:22.039,38.635,raise,0.08062499999999972,0.5643750000000003
2026-08-16 07:05:22.049,38.645,raise,-0.10937499999999933,0.5125000000000002
2026-08-16 07:05:22.059,38.655,raise,0.08125000000000049,0.5587500000000001
2026-08-16 07:05:22.069,38.665,raise,-0.06249999999999978,0.5318750000000005
2026-08-16 07:05:22.079,38.675,raise,0.01687500000000064,0.5393749999999997
2026-08-16 07:05:22.089,38.685,raise,0.07062499999999972,0.5643750000000003
2026-08-16 07:05:22.099,38.695,raise,-0.09437499999999988,0.516875
2026-08-16 07:05:22.109,38.705,raise,0.07624999999999993,0.5631249999999999
2026-08-16 07:05:22.119,38.715,raise,-0.08812500000000001,0.5425000000000002
2026-08-16 07:05:22.129,38.725,raise,0.0318750000000001,0.5406250000000001
2026-08-16 07:05:22.139,38.735,raise,0.08125000000000049,0.5625000000000002
2026-08-16 07:05:22.149,38.745,raise,-0.10687499999999961,0.5125000000000002
2026-08-16 07:05:22.159,38.755,raise,0.08312500000000056,0.5631249999999999
2026-08-16 07:05:22.169,38.765,raise,-0.0649999999999995,0.5381250000000004
2026-08-16 07:05:22.179,38.775,raise,0.019375000000000364,0.5306250000000001
2026-08-16 07:05:22.189,38.785,raise,0.07000000000000006,0.5593749999999997
2026-08-16 07:05:22.199,38.795,raise,-0.09812500000000002,0.5125000000000002
2026-08-16 07:05:22.209,38.805,raise,0.07562500000000028,0.5606250000000002
2026-08-16 07:05:22.219,38.815,raise,-0.040000000000000036,0.5356250000000007
2026-08-16 07:05:22.229,38.825,raise,0.0318750000000001,0.5318750000000005
2026-08-16 07:05:22.239,38.835,raise,0.07874999999999965,0.5612499999999998
2026-08-16 07:05:22.249,38.845,raise,-0.10687499999999961,0.5112499999999998
2026-08-16 07:05:22.259,38.855,raise,0.08437499999999987,0.5593749999999997
2026-08-16 07:05:22.269,38.865,raise,-0.06624999999999992,0.5331249999999998
2026-08-16 07:05:22.279,38.875,raise,0.022499999999999742,0.5349999999999999
2026-08-16 07:05:22.289,38.885,raise,0.078125,0.5656249999999996
2026-08-16 07:05:22.299,38.895,raise,-0.09375000000000022,0.5156250000000007
2026-08-16 07:05:22.309,38.905,raise,0.07687499999999958,0.5587500000000001
2026-08-16 07:05:22.319,38.915,raise,-0.04187500000000011,0.5318750000000005
2026-08-16 07:05:22.329,38.925,raise,0.03562500000000024,0.5387500000000001
2026-08-16 07:05:22.339,38.935,raise,0.08000000000000007,0.5656249999999996
2026-08-16 07:05:22.349,38.945,raise,-0.10499999999999954,0.5143750000000002
2026-08-16 07:05:22.359,38.955,raise,0.0824999999999998,0.5612499999999998
2026-08-16 07:05:22.369,38.965,raise,-0.06687499999999957,0.5412499999999998
2026-08-16 07:05:22.379,38.975,raise,0.022499999999999742,0.5425000000000002
2026-08-16 07:05:22.389,38.985,raise,0.08187500000000014,0.5656249999999996
2026-08-16 07:05:22.399,38.995,raise,-0.09124999999999939,0.5162500000000003
2026-08-16 07:05:22.409,39.005,raise,0.07750000000000035,0.5606250000000002
2026-08-16 07:05:22.419,39.015,raise,-0.04437499999999983,0.536875
2026-08-16 07:05:22.429,39.025,raise,0.03375000000000017,0.5412499999999998
2026-08-16 07:05:22.439,39.035,raise,0.07750000000000035,0.5662500000000004
2026-08-16 07:05:22.449,39.045,raise,-0.10937499999999933,0.5125000000000002
2026-08-16 07:05:22.459,39.055,raise,0.07125000000000048,0.5643750000000003
2026-08-16 07:05:22.469,39.065,raise,-0.07249999999999979,0.5374999999999996
2026-08-16 07:05:22.479,39.075,raise,0.02375000000000016,0.526875
2026-08-16 07:05:22.489,39.085,raise,0.08187500000000014,0.5631249999999999
2026-08-16 07:05:22.499,39.095,raise,-0.09000000000000008,0.5125000000000002
2026-08-16 07:05:22.509,39.105,raise,0.08000000000000007,0.556875
2026-08-16 07:05:22.519,39.115,raise,-0.04750000000000032,0.5356250000000007
2026-08-16 07:05:22.529,39.125,raise,0.006875000000000631,0.5325000000000002
2026-08-16 07:05:22.539,39.135,raise,0.07750000000000035,0.5625000000000002
2026-08-16 07:05:22.549,39.145,raise,-0.10437499999999988,0.5137500000000006
2026-08-16 07:05:22.559,39.155,raise,0.07249999999999979,0.556875
2026-08-16 07:05:22.569,39.165,raise,-0.07312499999999944,0.5356250000000007
2026-08-16 07:05:22.579,39.175,raise,0.025000000000000577,0.536875
2026-08-16 07:05:22.589,39.185,raise,0.08562500000000028,0.565
2026-08-16 07:05:22.599,39.195,raise,-0.09000000000000008,0.5143750000000002
2026-08-16 07:05:22.609,39.205,raise,0.08125000000000049,0.5593749999999997
2026-08-16 07:05:22.619,39.215,raise,-0.04937500000000039,0.546875
2026-08-16 07:05:22.629,39.225,raise,0.0024999999999997247,0.5400000000000005
2026-08-16 07:05:22.639,39.235,raise,0.078125,0.5656249999999996
2026-08-16 07:05:22.649,39.245,raise,-0.10687499999999961,0.5118750000000005
2026-08-16 07:05:22.659,39.255,raise,0.07187500000000013,0.5606250000000002
2026-08-16 07:05:22.669,39.265,raise,-0.07750000000000035,0.5425000000000002
2026-08-16 07:05:22.679,39.275,raise,0.024374999999999813,0.5381250000000004
2026-08-16 07:05:22.689,39.285,raise,0.08125000000000049,0.5631249999999999
2026-08-16 07:05:22.699,39.295,raise,-0.11375000000000024,0.5131249999999998
2026-08-16 07:05:22.709,39.305,raise,0.07687499999999958,0.5606250000000002
2026-08-16 07:05:22.719,39.315,raise,-0.05437499999999984,0.5381250000000004
2026-08-16 07:05:22.729,39.325,raise,0.012499999999999734,0.5293749999999997
2026-08-16 07:05:22.739,39.335,raise,0.078125,0.5631249999999999
2026-08-16 07:05:22.749,39.345,raise,-0.10624999999999996,0.5149999999999999
2026-08-16 07:05:22.759,39.355,raise,0.07500000000000062,0.5600000000000005
2026-08-16 07:05:22.769,39.365,raise,-0.08000000000000007,0.5381250000000004
2026-08-16 07:05:22.779,39.375,raise,0.02562500000000023,0.5318750000000005
2026-08-16 07:05:22.789,39.385,raise,0.0824999999999998,0.5643750000000003
2026-08-16 07:05:22.799,39.395,raise,-0.11249999999999982,0.5137500000000006
2026-08-16 07:05:22.809,39.405,raise,0.08187500000000014,0.5600000000000005
2026-08-16 07:05:22.819,39.415,raise,-0.05562500000000026,0.5406250000000001
2026-08-16 07:05:22.829,39.425,raise,0.013125000000000497,0.5349999999999999
2026-08-16 07:05:22.839,39.435,raise,0.07437499999999986,0.5687500000000001
2026-08-16 07:05:22.849,39.445,raise,-0.10187500000000016,0.5162500000000003
2026-08-16 07:05:22.859,39.455,raise,0.07187500000000013,0.5600000000000005
2026-08-16 07:05:22.869,39.465,raise,-0.031249999999999334,0.5362500000000003
2026-08-16 07:05:22.879,39.475,raise,0.026249999999999885,0.536875
2026-08-16 07:05:22.889,39.485,raise,0.07874999999999965,0.565
2026-08-16 07:05:22.899,39.495,raise,-0.11062499999999975,0.5174999999999996
2026-08-16 07:05:22.909,39.505,raise,0.08000000000000007,0.5618750000000006
2026-08-16 07:05:22.919,39.515,raise,-0.056874999999999565,0.5443750000000003
2026-08-16 07:05:22.929,39.525,raise,0.015000000000000568,0.5387500000000001
2026-08-16 07:05:22.939,39.535,raise,0.08312500000000056,0.5618750000000006
2026-08-16 07:05:22.949,39.545,raise,-0.10062499999999974,0.5137500000000006
2026-08-16 07:05:22.959,39.555,raise,0.07249999999999979,0.5612499999999998
2026-08-16 07:05:22.969,39.565,raise,-0.030000000000000027,0.5381250000000004
2026-08-16 07:05:22.979,39.575,raise,0.02562500000000023,0.5418750000000006
2026-08-16 07:05:22.989,39.585,raise,0.07937500000000042,0.5674999999999997
2026-08-16 07:05:22.999,39.595,raise,-0.11375000000000024,0.5106250000000001
2026-08-16 07:05:23.009,39.605,raise,0.08312500000000056,0.5625000000000002
2026-08-16 07:05:23.019,39.615,raise,-0.06062499999999971,0.5412499999999998
2026-08-16 07:05:23.029,39.625,raise,0.017500000000000293,0.5312499999999998
2026-08-16 07:05:23.039,39.635,raise,0.08187500000000014,0.565
2026-08-16 07:05:23.049,39.645,raise,-0.1012499999999994,0.5156250000000007
2026-08-16 07:05:23.059,39.655,raise,0.07437499999999986,0.5574999999999997
2026-08-16 07:05:23.069,39.665,raise,-0.03375000000000017,0.5349999999999999
2026-08-16 07:05:23.079,39.675,raise,0.03249999999999975,0.5318750000000005
2026-08-16 07:05:23.089,39.685,raise,0.08125000000000049,0.5687500000000001
2026-08-16 07:05:23.099,39.695,raise,-0.11249999999999982,0.5156250000000007
2026-08-16 07:05:23.109,39.705,raise,0.06750000000000034,0.5587500000000001
2026-08-16 07:05:23.119,39.715,raise,-0.06249999999999978,0.5362500000000003
2026-08-16 07:05:23.129,39.725,raise,0.01687500000000064,0.5343750000000003
2026-08-16 07:05:23.139,39.735,raise,0.08624999999999994,0.5643750000000003
2026-08-16 07:05:23.149,39.745,raise,-0.09750000000000036,0.5162500000000003
2026-08-16 07:05:23.159,39.755,raise,0.07624999999999993,0.5581250000000004
2026-08-16 07:05:23.169,39.765,raise,-0.03937500000000038,0.5462500000000003
2026-08-16 07:05:23.179,39.775,raise,-0.004999999999999449,0.536875
2026-08-16 07:05:23.189,39.785,raise,0.07750000000000035,0.5662500000000004
2026-08-16 07:05:23.199,39.795,raise,-0.11375000000000024,0.5143750000000002
2026-08-16 07:05:23.209,39.805,raise,0.07000000000000006,0.5600000000000005
2026-08-16 07:05:23.219,39.815,raise,-0.06874999999999964,0.5437500000000006
2026-08-16 07:05:23.229,39.825,raise,0.0187499999999996,0.5362500000000003
2026-08-16 07:05:23.239,39.835,raise,0.08187500000000014,0.5656249999999996
2026-08-16 07:05:23.249,39.845,raise,-0.09624999999999995,0.5143750000000002
2026-08-16 07:05:23.259,39.855,raise,0.07562500000000028,0.5587500000000001
2026-08-16 07:05:23.269,39.865,raise,-0.03937500000000038,0.5418750000000006
2026-08-16 07:05:23.279,39.875,raise,0.0006249999999996536,0.5281250000000004
2026-08-16 07:05:23.289,39.885,raise,0.08000000000000007,0.565
2026-08-16 07:05:23.299,39.895,raise,-0.10937499999999933,0.5131249999999998
2026-08-16 07:05:23.309,39.905,raise,0.07062499999999972,0.5543750000000003
2026-08-16 07:05:23.319,39.915,raise,-0.06812499999999999,0.5412499999999998
2026-08-16 07:05:23.329,39.925,raise,0.02062499999999967,0.5274999999999996
2026-08-16 07:05:23.339,39.935,raise,0.0824999999999998,0.5637500000000006
2026-08-16 07:05:23.349,39.945,raise,-0.11937499999999934,0.5143750000000002
2026-08-16 07:05:23.359,39.955,raise,0.07750000000000035,0.5562500000000004
2026-08-16 07:05:23.369,39.965,raise,-0.04062499999999969,0.5393749999999997
2026-08-16 07:05:23.379,39.975,raise,-0.0006249999999996536,0.5349999999999999
2026-08-16 07:05:23.389,39.985,raise,0.07624999999999993,0.565
2026-08-16 07:05:23.399,39.995,raise,-0.10937499999999933,0.5149999999999999
2026-08-16 07:05:23.409,40.005,raise,0.06937500000000041,0.5587500000000001
2026-08-16 07:05:23.419,40.015,raise,-0.020000000000000018,0.5437500000000006
2026-08-16 07:05:23.429,40.025,raise,0.020000000000000018,0.5349999999999999
2026-08-16 07:05:23.439,40.035,raise,0.07687499999999958,0.5625000000000002
2026-08-16 07:05:23.449,40.045,raise,-0.11937499999999934,0.5093749999999997
2026-08-16 07:05:23.459,40.055,raise,0.07624999999999993,0.5587500000000001
2026-08-16 07:05:23.469,40.065,raise,-0.04437499999999983,0.5431249999999999
2026-08-16 07:05:23.479,40.075,raise,0.0031250000000004885,0.5331249999999998
2026-08-16 07:05:23.489,40.085,raise,0.078125,0.565
2026-08-16 07:05:23.499,40.095,raise,-0.10437499999999988,0.5156250000000007
2026-08-16 07:05:23.509,40.105,raise,0.07000000000000006,0.5612499999999998
2026-08-16 07:05:23.519,40.115,raise,-0.0187499999999996,0.5437500000000006
2026-08-16 07:05:23.529,40.125,raise,0.022499999999999742,0.5249999999999999
2026-08-16 07:05:23.539,40.135,raise,0.08000000000000007,0.565
2026-08-16 07:05:23.549,40.145,raise,-0.11687499999999962,0.5149999999999999
2026-08-16 07:05:23.559,40.155,raise,0.07500000000000062,0.5600000000000005
2026-08-16 07:05:23.569,40.165,raise,-0.04750000000000032,0.5406250000000001
2026-08-16 07:05:23.579,40.175,raise,0.006249999999999867,0.5306250000000001
2026-08-16 07:05:23.589,40.185,raise,0.08062499999999972,0.566875
2026-08-16 07:05:23.599,40.195,raise,-0.10437499999999988,0.516875
2026-08-16 07:05:23.609,40.205,raise,0.07125000000000048,0.5587500000000001
2026-08-16 07:05:23.619,40.215,raise,-0.018124999999999947,0.5400000000000005
2026-08-16 07:05:23.629,40.225,raise,0.025000000000000577,0.5306250000000001
2026-08-16 07:05:23.639,40.235,raise,0.07750000000000035,0.5656249999999996
2026-08-16 07:05:23.649,40.245,raise,-0.11562500000000031,0.5174999999999996
2026-08-16 07:05:23.659,40.255,raise,0.07624999999999993,0.5574999999999997
2026-08-16 07:05:23.669,40.265,raise,-0.05124999999999935,0.5393749999999997
2026-08-16 07:05:23.679,40.275,raise,0.006249999999999867,0.5312499999999998
2026-08-16 07:05:23.689,40.285,raise,0.07874999999999965,0.565
2026-08-16 07:05:23.699,40.295,raise,-0.10624999999999996,0.5162500000000003
2026-08-16 07:05:23.709,40.305,raise,0.07187500000000013,0.5606250000000002
2026-08-16 07:05:23.719,40.315,raise,-0.024374999999999813,0.5443750000000003
2026-08-16 07:05:23.729,40.325,raise,0.024374999999999813,0.5343750000000003
2026-08-16 07:05:23.739,40.335,raise,0.07937500000000042,0.5662500000000004
2026-08-16 07:05:23.749,40.345,raise,-0.11312499999999948,0.5137500000000006
2026-08-16 07:05:23.759,40.355,raise,0.06812499999999999,0.5606250000000002
2026-08-16 07:05:23.769,40.365,raise,-0.050000000000000044,0.5456250000000007
2026-08-16 07:05:23.779,40.375,raise,0.008749999999999591,0.536875
2026-08-16 07:05:23.789,40.385,raise,0.08312500000000056,0.5662500000000004
2026-08-16 07:05:23.799,40.395,raise,-0.10437499999999988,0.5156250000000007
2026-08-16 07:05:23.809,40.405,raise,0.07312500000000055,0.5618750000000006
2026-08-16 07:05:23.819,40.415,raise,-0.027500000000000302,0.5474999999999997
2026-08-16 07:05:23.829,40.425,raise,-0.012499999999999734,0.5274999999999996
2026-08-16 07:05:23.839,40.435,raise,0.07937500000000042,0.5681250000000004
2026-08-16 07:05:23.849,40.445,raise,-0.11187500000000017,0.5149999999999999
2026-08-16 07:05:23.859,40.455,raise,0.06624999999999992,0.5543750000000003
2026-08-16 07:05:23.869,40.465,raise,-0.053750000000000187,0.5437500000000006
2026-08-16 07:05:23.879,40.475,raise,0.010000000000000009,0.5300000000000005
2026-08-16 07:05:23.889,40.485,raise,0.08187500000000014,0.5662500000000004
2026-08-16 07:05:23.899,40.495,raise,-0.10249999999999981,0.5143750000000002
2026-08-16 07:05:23.909,40.505,raise,0.07312500000000055,0.556875
2026-08-16 07:05:23.919,40.515,raise,-0.029375000000000373,0.536875
2026-08-16 07:05:23.929,40.525,raise,-0.01187500000000008,0.5293749999999997
2026-08-16 07:05:23.939,40.535,raise,0.07874999999999965,0.566875
2026-08-16 07:05:23.949,40.545,raise,-0.11187500000000017,0.5125000000000002
2026-08-16 07:05:23.959,40.555,raise,0.06624999999999992,0.5574999999999997
2026-08-16 07:05:23.969,40.565,raise,-0.05812499999999998,0.5481250000000004
2026-08-16 07:05:23.979,40.575,raise,0.010000000000000009,0.5312499999999998
2026-08-16 07:05:23.989,40.585,raise,0.08125000000000049,0.5662500000000004
2026-08-16 07:05:23.999,40.595,raise,-0.12062499999999976,0.5125000000000002
2026-08-16 07:05:24.009,40.605,raise,0.07249999999999979,0.5581250000000004
2026-08-16 07:05:24.019,40.615,raise,-0.0318750000000001,0.5481250000000004
2026-08-16 07:05:24.029,40.625,raise,-0.008124999999999938,0.5362500000000003
2026-08-16 07:05:24.039,40.635,raise,0.08187500000000014,0.5687500000000001
2026-08-16 07:05:24.049,40.645,raise,-0.11062499999999975,0.5174999999999996
2026-08-16 07:05:24.059,40.655,raise,0.06750000000000034,0.5631249999999999
2026-08-16 07:05:24.069,40.665,raise,-0.00687499999999952,0.5456250000000007
2026-08-16 07:05:24.079,40.675,raise,0.011250000000000426,0.5225000000000002
2026-08-16 07:05:24.089,40.685,raise,0.08312500000000056,0.5681250000000004
2026-08-16 07:05:24.099,40.695,raise,-0.11874999999999969,0.5156250000000007
2026-08-16 07:05:24.109,40.705,raise,0.07249999999999979,0.5531249999999999
2026-08-16 07:05:24.119,40.715,raise,-0.030000000000000027,0.546875
2026-08-16 07:05:24.129,40.725,raise,-0.008749999999999591,0.52875
2026-08-16 07:05:24.139,40.735,raise,0.08062499999999972,0.5643750000000003
2026-08-16 07:05:24.149,40.745,raise,-0.1112499999999994,0.5181250000000004
2026-08-16 07:05:24.159,40.755,raise,0.06812499999999999,0.5562500000000004
2026-08-16 07:05:24.169,40.765,raise,-0.009375000000000355,0.5412499999999998
2026-08-16 07:05:24.179,40.775,raise,0.013750000000000151,0.5293749999999997
2026-08-16 07:05:24.189,40.785,raise,0.08062499999999972,0.5612499999999998
2026-08-16 07:05:24.199,40.795,raise,-0.11812500000000004,0.5137500000000006
2026-08-16 07:05:24.209,40.805,raise,0.07125000000000048,0.5556249999999996
2026-08-16 07:05:24.219,40.815,raise,-0.03687499999999955,0.5506250000000001
2026-08-16 07:05:24.229,40.825,raise,-0.005625000000000213,0.5312499999999998
2026-08-16 07:05:24.239,40.835,raise,0.07937500000000042,0.5631249999999999
2026-08-16 07:05:24.249,40.845,raise,-0.1112499999999994,0.5137500000000006
2026-08-16 07:05:24.259,40.855,raise,0.06874999999999964,0.5537500000000006
2026-08-16 07:05:24.269,40.865,raise,-0.00687499999999952,0.5487500000000001
2026-08-16 07:05:24.279,40.875,raise,0.015000000000000568,0.5337500000000006
2026-08-16 07:05:24.289,40.885,raise,0.07874999999999965,0.566875
2026-08-16 07:05:24.299,40.895,raise,-0.11750000000000038,0.516875
2026-08-16 07:05:24.309,40.905,raise,0.07437499999999986,0.5581250000000004
2026-08-16 07:05:24.319,40.915,raise,-0.03874999999999962,0.5456250000000007
2026-08-16 07:05:24.329,40.925,raise,-0.0012500000000004174,0.5256250000000007
2026-08-16 07:05:24.339,40.935,raise,0.08062499999999972,0.5643750000000003
2026-08-16 07:05:24.349,40.945,raise,-0.1100000000000001,0.5174999999999996
2026-08-16 07:05:24.359,40.955,raise,0.06937500000000041,0.5612499999999998
2026-08-16 07:05:24.369,40.965,raise,-0.01187500000000008,0.5474999999999997
2026-08-16 07:05:24.379,40.975,raise,0.018124999999999947,0.5274999999999996
2026-08-16 07:05:24.389,40.985,raise,0.0824999999999998,0.5674999999999997
2026-08-16 07:05:24.399,40.995,raise,-0.11750000000000038,0.5181250000000004
2026-08-16 07:05:24.409,41.005,raise,0.06125000000000047,0.5549999999999999
2026-08-16 07:05:24.419,41.015,raise,-0.040000000000000036,0.5418750000000006
2026-08-16 07:05:24.429,41.025,raise,-0.0012500000000004174,0.5274999999999996
2026-08-16 07:05:24.439,41.035,raise,0.08125000000000049,0.5662500000000004
2026-08-16 07:05:24.449,41.045,raise,-0.10937499999999933,0.5156250000000007
2026-08-16 07:05:24.459,41.055,raise,0.06874999999999964,0.5525000000000002
2026-08-16 07:05:24.469,41.065,raise,-0.017500000000000293,0.5393749999999997
2026-08-16 07:05:24.479,41.075,raise,-0.029375000000000373,0.5274999999999996
2026-08-16 07:05:24.489,41.085,raise,0.07687499999999958,0.5643750000000003
2026-08-16 07:05:24.499,41.095,raise,-0.11687499999999962,0.516875
2026-08-16 07:05:24.509,41.105,raise,0.06562500000000027,0.5549999999999999
2026-08-16 07:05:24.519,41.115,raise,-0.04750000000000032,0.5549999999999999
2026-08-16 07:05:24.529,41.125,raise,0.0031250000000004885,0.5337500000000006
2026-08-16 07:05:24.539,41.135,raise,0.08375000000000021,0.5693749999999997
2026-08-16 07:05:24.549,41.145,raise,-0.10874999999999968,0.5181250000000004
2026-08-16 07:05:24.559,41.155,raise,0.07187500000000013,0.5600000000000005
2026-08-16 07:05:24.569,41.165,raise,-0.0187499999999996,0.5487500000000001
2026-08-16 07:05:24.579,41.175,raise,-0.022499999999999742,0.5343750000000003
2026-08-16 07:05:24.589,41.185,raise,0.07937500000000042,0.5693749999999997
2026-08-16 07:05:24.599,41.195,raise,-0.1200000000000001,0.516875
2026-08-16 07:05:24.609,41.205,raise,0.06249999999999978,0.5593749999999997
2026-08-16 07:05:24.619,41.215,raise,-0.0462499999999999,0.5500000000000005
2026-08-16 07:05:24.629,41.225,raise,0.005625000000000213,0.5231249999999998
2026-08-16 07:05:24.639,41.235,raise,0.08062499999999972,0.5700000000000005
2026-08-16 07:05:24.649,41.245,raise,-0.12187500000000018,0.51875
2026-08-16 07:05:24.659,41.255,raise,0.07062499999999972,0.5506250000000001
2026-08-16 07:05:24.669,41.265,raise,-0.021249999999999325,0.5437500000000006
2026-08-16 07:05:24.679,41.275,raise,-0.02062499999999967,0.5225000000000002
2026-08-16 07:05:24.689,41.285,raise,0.07562500000000028,0.5662500000000004
2026-08-16 07:05:24.699,41.295,raise,-0.11687499999999962,0.5137500000000006
2026-08-16 07:05:24.709,41.305,raise,0.06312500000000054,0.5531249999999999
2026-08-16 07:05:24.719,41.315,raise,-0.0006249999999996536,0.5431249999999999
2026-08-16 07:05:24.729,41.325,raise,0.006249999999999867,0.5281250000000004
2026-08-16 07:05:24.739,41.335,raise,0.08187500000000014,0.5662500000000004
2026-08-16 07:05:24.749,41.345,raise,-0.11750000000000038,0.5125000000000002
2026-08-16 07:05:24.759,41.355,raise,0.06874999999999964,0.5543750000000003
2026-08-16 07:05:24.769,41.365,raise,-0.02187500000000009,0.5537500000000006
2026-08-16 07:05:24.779,41.375,raise,-0.018124999999999947,0.5325000000000002
2026-08-16 07:05:24.789,41.385,raise,0.07874999999999965,0.5662500000000004
2026-08-16 07:05:24.799,41.395,raise,-0.1143749999999999,0.5137500000000006
2026-08-16 07:05:24.809,41.405,raise,0.06624999999999992,0.556875
2026-08-16 07:05:24.819,41.415,raise,-0.0006249999999996536,0.5512499999999998
2026-08-16 07:05:24.829,41.425,raise,0.006875000000000631,0.5337500000000006
2026-08-16 07:05:24.839,41.435,raise,0.0824999999999998,0.566875
2026-08-16 07:05:24.849,41.445,raise,-0.1200000000000001,0.516875
2026-08-16 07:05:24.859,41.455,raise,0.06812499999999999,0.5587500000000001
2026-08-16 07:05:24.869,41.465,raise,-0.024374999999999813,0.5506250000000001
2026-08-16 07:05:24.879,41.475,raise,-0.013750000000000151,0.5249999999999999
2026-08-16 07:05:24.889,41.485,raise,0.07937500000000042,0.5662500000000004
2026-08-16 07:05:24.899,41.495,raise,-0.11375000000000024,0.51875
2026-08-16 07:05:24.909,41.505,raise,0.06249999999999978,0.5512499999999998
2026-08-16 07:05:24.919,41.515,raise,-0.004999999999999449,0.5481250000000004
2026-08-16 07:05:24.929,41.525,raise,0.008749999999999591,0.5218750000000005
2026-08-16 07:05:24.939,41.535,raise,0.07874999999999965,0.566875
2026-08-16 07:05:24.949,41.545,raise,-0.12249999999999983,0.5174999999999996
2026-08-16 07:05:24.959,41.555,raise,0.06750000000000034,0.5531249999999999
2026-08-16 07:05:24.969,41.565,raise,-0.026874999999999538,0.5462500000000003
2026-08-16 07:05:24.979,41.575,raise,-0.010000000000000009,0.526875
2026-08-16 07:05:24.989,41.585,raise,0.08187500000000014,0.5656249999999996
2026-08-16 07:05:24.999,41.595,raise,-0.1112499999999994,0.5193749999999997
2026-08-16 07:05:25.009,41.605,raise,0.06249999999999978,0.5556249999999996
2026-08-16 07:05:25.019,41.615,raise,-0.0024999999999997247,0.5581250000000004
2026-08-16 07:05:25.029,41.625,raise,0.012499999999999734,0.5281250000000004
2026-08-16 07:05:25.039,41.635,raise,0.08125000000000049,0.566875
2026-08-16 07:05:25.049,41.645,raise,-0.11624999999999996,0.5162500000000003
2026-08-16 07:05:25.059,41.655,raise,0.05624999999999991,0.5593749999999997
2026-08-16 07:05:25.069,41.665,raise,-0.028124999999999956,0.5537500000000006
2026-08-16 07:05:25.079,41.675,raise,-0.011249999999999316,0.5337500000000006
2026-08-16 07:05:25.089,41.685,raise,0.0824999999999998,0.5674999999999997
2026-08-16 07:05:25.099,41.695,raise,-0.1112499999999994,0.5200000000000005
2026-08-16 07:05:25.109,41.705,raise,0.06312500000000054,0.5593749999999997
2026-08-16 07:05:25.119,41.715,raise,-0.004999999999999449,0.5525000000000002
2026-08-16 07:05:25.129,41.725,raise,-0.03750000000000031,0.5206250000000001
2026-08-16 07:05:25.139,41.735,raise,0.07937500000000042,0.5693749999999997
2026-08-16 07:05:25.149,41.745,raise,-0.1200000000000001,0.516875
2026-08-16 07:05:25.159,41.755,raise,0.05249999999999977,0.5618750000000006
2026-08-16 07:05:25.169,41.765,raise,-0.0318750000000001,0.5481250000000004
2026-08-16 07:05:25.179,41.775,raise,-0.014374999999999805,0.5218750000000005
2026-08-16 07:05:25.189,41.785,raise,0.08187500000000014,0.5656249999999996
2026-08-16 07:05:25.199,41.795,raise,-0.11375000000000024,0.5143750000000002
2026-08-16 07:05:25.209,41.805,raise,0.06562500000000027,0.5512499999999998
2026-08-16 07:05:25.219,41.815,raise,-0.007500000000000284,0.5481250000000004
2026-08-16 07:05:25.229,41.825,raise,-0.03937500000000038,0.5249999999999999
2026-08-16 07:05:25.239,41.835,raise,0.08062499999999972,0.5612499999999998
2026-08-16 07:05:25.249,41.845,raise,-0.12124999999999941,0.5174999999999996
2026-08-16 07:05:25.259,41.855,raise,0.06062499999999971,0.5512499999999998
2026-08-16 07:05:25.269,41.865,raise,-0.03562500000000024,0.546875
2026-08-16 07:05:25.279,41.875,raise,-0.00687499999999952,0.5249999999999999
2026-08-16 07:05:25.289,41.885,raise,0.08437499999999987,0.5656249999999996
2026-08-16 07:05:25.299,41.895,raise,-0.12187500000000018,0.5156250000000007
2026-08-16 07:05:25.309,41.905,raise,0.06624999999999992,0.5537500000000006
2026-08-16 07:05:25.319,41.915,raise,-0.010000000000000009,0.556875
2026-08-16 07:05:25.329,41.925,raise,-0.033124999999999405,0.5306250000000001
2026-08-16 07:05:25.339,41.935,raise,0.0824999999999998,0.5662500000000004
2026-08-16 07:05:25.349,41.945,raise,-0.12124999999999941,0.5218750000000005
2026-08-16 07:05:25.359,41.955,raise,0.06062499999999971,0.5581250000000004
2026-08-16 07:05:25.369,41.965,raise,0.01687500000000064,0.5537500000000006
2026-08-16 07:05:25.379,41.975,raise,-0.0031249999999993783,0.5337500000000006
2026-08-16 07:05:25.389,41.985,raise,0.08500000000000063,0.5681250000000004
2026-08-16 07:05:25.399,41.995,raise,-0.11812500000000004,0.5212499999999998
2026-08-16 07:05:25.409,42.005,raise,0.06812499999999999,0.5606250000000002
2026-08-16 07:05:25.419,42.015,raise,-0.009375000000000355,0.5512499999999998
2026-08-16 07:05:25.429,42.025,raise,-0.03062499999999968,0.5218750000000005
2026-08-16 07:05:25.439,42.035,raise,0.0824999999999998,0.5656249999999996
2026-08-16 07:05:25.449,42.045,raise,-0.12062499999999976,0.5212499999999998
2026-08-16 07:05:25.459,42.055,raise,0.061875000000000124,0.5487500000000001
2026-08-16 07:05:25.469,42.065,raise,0.013750000000000151,0.5506250000000001
2026-08-16 07:05:25.479,42.075,raise,-0.001875000000000071,0.5237500000000006
2026-08-16 07:05:25.489,42.085,raise,0.08187500000000014,0.5693749999999997
2026-08-16 07:05:25.499,42.095,raise,-0.11937499999999934,0.5193749999999997
2026-08-16 07:05:25.509,42.105,raise,0.07062499999999972,0.5562500000000004
2026-08-16 07:05:25.519,42.115,raise,-0.01187500000000008,0.5512499999999998
2026-08-16 07:05:25.529,42.125,raise,-0.02562500000000023,0.52875
2026-08-16 07:05:25.539,42.135,raise,0.08062499999999972,0.5681250000000004
2026-08-16 07:05:25.549,42.145,raise,-0.11750000000000038,0.5181250000000004
2026-08-16 07:05:25.559,42.155,raise,0.06125000000000047,0.5549999999999999
2026-08-16 07:05:25.569,42.165,raise,0.012499999999999734,0.556875
2026-08-16 07:05:25.579,42.175,raise,0.0006249999999996536,0.5293749999999997
2026-08-16 07:05:25.589,42.185,raise,0.08062499999999972,0.5687500000000001
2026-08-16 07:05:25.599,42.195,raise,-0.12062499999999976,0.516875
2026-08-16 07:05:25.609,42.205,raise,0.05125000000000046,0.556875
2026-08-16 07:05:25.619,42.215,raise,-0.013750000000000151,0.5562500000000004
2026-08-16 07:05:25.629,42.225,raise,-0.021249999999999325,0.5325000000000002
2026-08-16 07:05:25.639,42.235,raise,0.08125000000000049,0.5718750000000006
2026-08-16 07:05:25.649,42.245,raise,-0.11499999999999955,0.5218750000000005
2026-08-16 07:05:25.659,42.255,raise,0.06500000000000061,0.5556249999999996
2026-08-16 07:05:25.669,42.265,raise,0.007500000000000284,0.5537500000000006
2026-08-16 07:05:25.679,42.275,raise,0.0006249999999996536,0.51875
2026-08-16 07:05:25.689,42.285,raise,0.08125000000000049,0.5656249999999996
2026-08-16 07:05:25.699,42.295,raise,-0.12124999999999941,0.51875
2026-08-16 07:05:25.709,42.305,raise,0.05437499999999984,0.5562500000000004
2026-08-16 07:05:25.719,42.315,raise,-0.018124999999999947,0.5506250000000001
2026-08-16 07:05:25.729,42.325,raise,-0.02062499999999967,0.5225000000000002
2026-08-16 07:05:25.739,42.335,raise,0.08187500000000014,0.5674999999999997
2026-08-16 07:05:25.749,42.345,raise,-0.11312499999999948,0.5193749999999997
2026-08-16 07:05:25.759,42.355,raise,0.06562500000000027,0.5556249999999996
2026-08-16 07:05:25.769,42.365,raise,0.005625000000000213,0.5531249999999999
2026-08-16 07:05:25.779,42.375,raise,-0.04750000000000032,0.5243750000000003
2026-08-16 07:05:25.789,42.385,raise,0.0824999999999998,0.5700000000000005
2026-08-16 07:05:25.799,42.395,raise,-0.1200000000000001,0.5181250000000004
2026-08-16 07:05:25.809,42.405,raise,0.058749999999999636,0.5543750000000003
2026-08-16 07:05:25.819,42.415,raise,-0.021249999999999325,0.556875
2026-08-16 07:05:25.829,42.425,raise,-0.016249999999999876,0.5281250000000004
2026-08-16 07:05:25.839,42.435,raise,0.08125000000000049,0.5712499999999998
2026-08-16 07:05:25.849,42.445,raise,-0.11687499999999962,0.5193749999999997
2026-08-16 07:05:25.859,42.455,raise,0.06687500000000068,0.5574999999999997
2026-08-16 07:05:25.869,42.465,raise,0.0006249999999996536,0.5587500000000001
2026-08-16 07:05:25.879,42.475,raise,-0.04375000000000018,0.5300000000000005
2026-08-16 07:05:25.889,42.485,raise,0.0824999999999998,0.5700000000000005
2026-08-16 07:05:25.899,42.495,raise,-0.11812500000000004,0.5218750000000005
2026-08-16 07:05:25.909,42.505,raise,0.056875000000000675,0.556875
2026-08-16 07:05:25.919,42.515,raise,-0.024999999999999467,0.5537500000000006
2026-08-16 07:05:25.929,42.525,raise,-0.018124999999999947,0.5200000000000005
2026-08-16 07:05:25.939,42.535,raise,0.08125000000000049,0.5681250000000004
2026-08-16 07:05:25.949,42.545,raise,-0.11812500000000004,0.5237500000000006
2026-08-16 07:05:25.959,42.555,raise,0.06562500000000027,0.5581250000000004
2026-08-16 07:05:25.969,42.565,raise,0.0006249999999996536,0.5549999999999999
2026-08-16 07:05:25.979,42.575,raise,-0.04124999999999934,0.5200000000000005
2026-08-16 07:05:25.989,42.585,raise,0.08187500000000014,0.5693749999999997
2026-08-16 07:05:25.999,42.595,raise,-0.1143749999999999,0.5243750000000003
2026-08-16 07:05:26.009,42.605,raise,0.05624999999999991,0.5512499999999998
2026-08-16 07:05:26.019,42.615,raise,0.027500000000000302,0.5549999999999999
2026-08-16 07:05:26.029,42.625,raise,-0.013750000000000151,0.5212499999999998
2026-08-16 07:05:26.039,42.635,raise,0.08187500000000014,0.5687500000000001
2026-08-16 07:05:26.049,42.645,raise,-0.11562500000000031,0.5200000000000005
2026-08-16 07:05:26.059,42.655,raise,0.06312500000000054,0.5525000000000002
2026-08-16 07:05:26.069,42.665,raise,0.0006249999999996536,0.5506250000000001
2026-08-16 07:05:26.079,42.675,raise,-0.03937500000000038,0.5249999999999999
2026-08-16 07:05:26.089,42.685,raise,0.08312500000000056,0.5687500000000001
2026-08-16 07:05:26.099,42.695,raise,-0.11812500000000004,0.5200000000000005
2026-08-16 07:05:26.109,42.705,raise,0.05812499999999998,0.5543750000000003
2026-08-16 07:05:26.119,42.715,raise,0.030000000000000027,0.5637500000000006
2026-08-16 07:05:26.129,42.725,raise,-0.013124999999999387,0.526875
2026-08-16 07:05:26.139,42.735,raise,0.08375000000000021,0.566875
2026-08-16 07:05:26.149,42.745,raise,-0.11562500000000031,0.5225000000000002
2026-08-16 07:05:26.159,42.755,raise,0.06500000000000061,0.5537500000000006
2026-08-16 07:05:26.169,42.765,raise,-0.0012500000000004174,0.5574999999999997
2026-08-16 07:05:26.179,42.775,raise,-0.03750000000000031,0.5149999999999999
2026-08-16 07:05:26.189,42.785,raise,0.07937500000000042,0.5681250000000004
2026-08-16 07:05:26.199,42.795,raise,-0.12062499999999976,0.5231249999999998
2026-08-16 07:05:26.209,42.805,raise,0.05750000000000033,0.5562500000000004
2026-08-16 07:05:26.219,42.815,raise,0.021250000000000435,0.5549999999999999
2026-08-16 07:05:26.229,42.825,raise,-0.012499999999999734,0.516875
2026-08-16 07:05:26.239,42.835,raise,0.08375000000000021,0.5662500000000004
2026-08-16 07:05:26.249,42.845,raise,-0.11624999999999996,0.5218750000000005
2026-08-16 07:05:26.259,42.855,raise,0.046875000000000666,0.5506250000000001
2026-08-16 07:05:26.269,42.865,raise,0.0006249999999996536,0.5562500000000004
2026-08-16 07:05:26.279,42.875,raise,-0.03562500000000024,0.5200000000000005
2026-08-16 07:05:26.289,42.885,raise,0.08500000000000063,0.5693749999999997
2026-08-16 07:05:26.299,42.895,raise,-0.11624999999999996,0.5206250000000001
2026-08-16 07:05:26.309,42.905,raise,0.05812499999999998,0.5500000000000005
2026-08-16 07:05:26.319,42.915,raise,0.023125000000000506,0.5543750000000003
2026-08-16 07:05:26.329,42.925,raise,-0.00687499999999952,0.5243750000000003
2026-08-16 07:05:26.339,42.935,raise,0.08437499999999987,0.5656249999999996
2026-08-16 07:05:26.349,42.945,raise,-0.11624999999999996,0.5200000000000005
2026-08-16 07:05:26.359,42.955,raise,0.0506249999999997,0.5531249999999999
2026-08-16 07:05:26.369,42.965,raise,-0.0024999999999997247,0.5587500000000001
2026-08-16 07:05:26.379,42.975,raise,-0.033124999999999405,0.526875
2026-08-16 07:05:26.389,42.985,raise,0.08437499999999987,0.5687500000000001
2026-08-16 07:05:26.399,42.995,raise,-0.11874999999999969,0.51875
2026-08-16 07:05:26.409,43.005,raise,0.05750000000000033,0.5556249999999996
2026-08-16 07:05:26.419,43.015,raise,0.02062499999999967,0.5581250000000004
2026-08-16 07:05:26.429,43.025,raise,-0.058749999999999636,0.5281250000000004
2026-08-16 07:05:26.439,43.035,raise,0.08500000000000063,0.566875
2026-08-16 07:05:26.449,43.045,raise,-0.11687499999999962,0.5243750000000003
2026-08-16 07:05:26.459,43.055,raise,0.04750000000000032,0.556875
2026-08-16 07:05:26.469,43.065,raise,-0.008124999999999938,0.5556249999999996
2026-08-16 07:05:26.479,43.075,raise,-0.03375000000000017,0.5181250000000004
2026-08-16 07:05:26.489,43.085,raise,0.08312500000000056,0.566875
2026-08-16 07:05:26.499,43.095,raise,-0.11812500000000004,0.5243750000000003
2026-08-16 07:05:26.509,43.105,raise,0.06249999999999978,0.5549999999999999
2026-08-16 07:05:26.519,43.115,raise,0.016249999999999876,0.5562500000000004
2026-08-16 07:05:26.529,43.125,raise,-0.05624999999999991,0.5218750000000005
2026-08-16 07:05:26.539,43.135,raise,0.08562500000000028,0.565
2026-08-16 07:05:26.549,43.145,raise,-0.11624999999999996,0.5256250000000007
2026-08-16 07:05:26.559,43.155,raise,0.05437499999999984,0.5506250000000001
2026-08-16 07:05:26.569,43.165,raise,-0.008749999999999591,0.5556249999999996
2026-08-16 07:05:26.579,43.175,raise,-0.024999999999999467,0.5218750000000005
2026-08-16 07:05:26.589,43.185,raise,0.08500000000000063,0.5662500000000004
2026-08-16 07:05:26.599,43.195,raise,-0.11249999999999982,0.5206250000000001
2026-08-16 07:05:26.609,43.205,raise,0.061875000000000124,0.5531249999999999
2026-08-16 07:05:26.619,43.215,raise,0.015625000000000222,0.5506250000000001
2026-08-16 07:05:26.629,43.225,raise,-0.05437499999999984,0.5262500000000003
2026-08-16 07:05:26.639,43.235,raise,0.08500000000000063,0.5693749999999997
2026-08-16 07:05:26.649,43.245,raise,-0.11937499999999934,0.5231249999999998
2026-08-16 07:05:26.659,43.255,raise,0.055000000000000604,0.5525000000000002
2026-08-16 07:05:26.669,43.265,raise,0.04187500000000011,0.5600000000000005
2026-08-16 07:05:26.679,43.275,raise,-0.02375000000000016,0.5249999999999999
2026-08-16 07:05:26.689,43.285,raise,0.08312500000000056,0.5687500000000001
2026-08-16 07:05:26.699,43.295,raise,-0.1143749999999999,0.5237500000000006
2026-08-16 07:05:26.709,43.305,raise,0.0637500000000002,0.5562500000000004
2026-08-16 07:05:26.719,43.315,raise,0.012499999999999734,0.556875
2026-08-16 07:05:26.729,43.325,raise,-0.051875000000000115,0.5293749999999997
2026-08-16 07:05:26.739,43.335,raise,0.08312500000000056,0.5693749999999997
2026-08-16 07:05:26.749,43.345,raise,-0.11750000000000038,0.5225000000000002
2026-08-16 07:05:26.759,43.355,raise,0.05562500000000026,0.5587500000000001
2026-08-16 07:05:26.769,43.365,raise,0.03937500000000038,0.5581250000000004
2026-08-16 07:05:26.779,43.375,raise,-0.020000000000000018,0.5181250000000004
2026-08-16 07:05:26.789,43.385,raise,0.08312500000000056,0.5687500000000001
2026-08-16 07:05:26.799,43.395,raise,-0.11187500000000017,0.5212499999999998
2026-08-16 07:05:26.809,43.405,raise,0.06624999999999992,0.5474999999999997
2026-08-16 07:05:26.819,43.415,raise,0.008749999999999591,0.5581250000000004
2026-08-16 07:05:26.829,43.425,raise,-0.0462499999999999,0.5212499999999998
2026-08-16 07:05:26.839,43.435,raise,0.08000000000000007,0.5674999999999997
2026-08-16 07:05:26.849,43.445,raise,-0.11624999999999996,0.5218750000000005
2026-08-16 07:05:26.859,43.455,raise,0.05249999999999977,0.5506250000000001
2026-08-16 07:05:26.869,43.465,raise,0.038124999999999964,0.5531249999999999
2026-08-16 07:05:26.879,43.475,raise,-0.018124999999999947,0.5218750000000005
2026-08-16 07:05:26.889,43.485,raise,0.0824999999999998,0.566875
2026-08-16 07:05:26.899,43.495,raise,-0.11249999999999982,0.5218750000000005
2026-08-16 07:05:26.909,43.505,raise,0.04437499999999983,0.5525000000000002
2026-08-16 07:05:26.919,43.515,raise,0.008749999999999591,0.5606250000000002
2026-08-16 07:05:26.929,43.525,raise,-0.04750000000000032,0.5212499999999998
2026-08-16 07:05:26.939,43.535,raise,0.08187500000000014,0.5674999999999997
2026-08-16 07:05:26.949,43.545,raise,-0.11750000000000038,0.5249999999999999
2026-08-16 07:05:26.959,43.555,raise,0.053750000000000187,0.5506250000000001
2026-08-16 07:05:26.969,43.565,raise,0.03062499999999968,0.5600000000000005
2026-08-16 07:05:26.979,43.575,raise,-0.019375000000000364,0.5212499999999998
2026-08-16 07:05:26.989,43.585,raise,0.08437499999999987,0.566875
2026-08-16 07:05:26.999,43.595,raise,-0.11249999999999982,0.5293749999999997
2026-08-16 07:05:27.009,43.605,raise,0.04874999999999963,0.5543750000000003
2026-08-16 07:05:27.019,43.615,raise,0.0031250000000004885,0.5612499999999998
2026-08-16 07:05:27.029,43.625,raise,-0.04187500000000011,0.5193749999999997
2026-08-16 07:05:27.039,43.635,raise,0.08062499999999972,0.566875
2026-08-16 07:05:27.049,43.645,raise,-0.11562500000000031,0.5256250000000007
2026-08-16 07:05:27.059,43.655,raise,0.058749999999999636,0.5481250000000004
2026-08-16 07:05:27.069,43.665,raise,0.03375000000000017,0.5574999999999997
2026-08-16 07:05:27.079,43.675,raise,-0.06812499999999999,0.5212499999999998
2026-08-16 07:05:27.089,43.685,raise,0.0824999999999998,0.5693749999999997
2026-08-16 07:05:27.099,43.695,raise,-0.1112499999999994,0.5237500000000006
2026-08-16 07:05:27.109,43.705,raise,0.051875000000000115,0.5481250000000004
2026-08-16 07:05:27.119,43.715,raise,0.0012500000000004174,0.5574999999999997
2026-08-16 07:05:27.129,43.725,raise,-0.038124999999999964,0.5249999999999999
2026-08-16 07:05:27.139,43.735,raise,0.08437499999999987,0.566875
2026-08-16 07:05:27.149,43.745,raise,-0.11499999999999955,0.5231249999999998
2026-08-16 07:05:27.159,43.755,raise,0.0593750000000004,0.5500000000000005
2026-08-16 07:05:27.169,43.765,raise,0.028124999999999956,0.5593749999999997
2026-08-16 07:05:27.179,43.775,raise,-0.06750000000000034,0.5212499999999998
2026-08-16 07:05:27.189,43.785,raise,0.08000000000000007,0.5637500000000006
2026-08-16 07:05:27.199,43.795,raise,-0.1143749999999999,0.5181250000000004
2026-08-16 07:05:27.209,43.805,raise,0.046875000000000666,0.5518750000000006
2026-08-16 07:05:27.219,43.815,raise,-0.0012500000000004174,0.5606250000000002
2026-08-16 07:05:27.229,43.825,raise,-0.03750000000000031,0.5225000000000002
2026-08-16 07:05:27.239,43.835,raise,0.08062499999999972,0.5631249999999999
2026-08-16 07:05:27.249,43.845,raise,-0.09937499999999932,0.5281250000000004
2026-08-16 07:05:27.259,43.855,raise,0.06062499999999971,0.5506250000000001
2026-08-16 07:05:27.269,43.865,raise,0.02562500000000023,0.5606250000000002
2026-08-16 07:05:27.279,43.875,raise,-0.0637500000000002,0.5156250000000007
2026-08-16 07:05:27.289,43.885,raise,0.08500000000000063,0.5681250000000004
2026-08-16 07:05:27.299,43.895,raise,-0.1143749999999999,0.5262500000000003
2026-08-16 07:05:27.309,43.905,raise,0.051875000000000115,0.5537500000000006
2026-08-16 07:05:27.319,43.915,raise,0.05750000000000033,0.5562500000000004
2026-08-16 07:05:27.329,43.925,raise,-0.03562500000000024,0.51875
2026-08-16 07:05:27.339,43.935,raise,0.08312500000000056,0.5656249999999996
2026-08-16 07:05:27.349,43.945,raise,-0.1012499999999994,0.5243750000000003
2026-08-16 07:05:27.359,43.955,raise,0.06000000000000005,0.5506250000000001
2026-08-16 07:05:27.369,43.965,raise,0.02562500000000023,0.556875
2026-08-16 07:05:27.379,43.975,raise,-0.061875000000000124,0.5193749999999997
2026-08-16 07:05:27.389,43.985,raise,0.08312500000000056,0.565
2026-08-16 07:05:27.399,43.995,raise,-0.11499999999999955,0.51875
2026-08-16 07:05:27.409,44.005,raise,0.04874999999999963,0.5512499999999998
2026-08-16 07:05:27.419,44.015,raise,0.05312500000000053,0.5618750000000006
2026-08-16 07:05:27.429,44.025,raise,-0.03562500000000024,0.5162500000000003
2026-08-16 07:05:27.439,44.035,raise,0.08312500000000056,0.5656249999999996
2026-08-16 07:05:27.449,44.045,raise,-0.10062499999999974,0.51875
2026-08-16 07:05:27.459,44.055,raise,0.05812499999999998,0.5506250000000001
2026-08-16 07:05:27.469,44.065,raise,0.023125000000000506,0.5606250000000002
2026-08-16 07:05:27.479,44.075,raise,-0.06124999999999936,0.516875
2026-08-16 07:05:27.489,44.085,raise,0.08062499999999972,0.566875
2026-08-16 07:05:27.499,44.095,raise,-0.11249999999999982,0.5306250000000001
2026-08-16 07:05:27.509,44.105,raise,0.0506249999999997,0.5556249999999996
2026-08-16 07:05:27.519,44.115,raise,0.05125000000000046,0.5600000000000005
2026-08-16 07:05:27.529,44.125,raise,-0.03249999999999975,0.5231249999999998
2026-08-16 07:05:27.539,44.135,raise,0.0824999999999998,0.5687500000000001
2026-08-16 07:05:27.549,44.145,raise,-0.1012499999999994,0.5243750000000003
2026-08-16 07:05:27.559,44.155,raise,0.06249999999999978,0.5543750000000003
2026-08-16 07:05:27.569,44.165,raise,0.022499999999999742,0.5612499999999998
2026-08-16 07:05:27.579,44.175,raise,-0.05624999999999991,0.5174999999999996
2026-08-16 07:05:27.589,44.185,raise,0.08312500000000056,0.5681250000000004
2026-08-16 07:05:27.599,44.195,raise,-0.11375000000000024,0.5256250000000007
2026-08-16 07:05:27.609,44.205,raise,0.05312500000000053,0.5456250000000007
2026-08-16 07:05:27.619,44.215,raise,0.050000000000000044,0.5600000000000005
2026-08-16 07:05:27.629,44.225,raise,-0.0318750000000001,0.5174999999999996
2026-08-16 07:05:27.639,44.235,raise,0.08375000000000021,0.5700000000000005
2026-08-16 07:05:27.649,44.245,raise,-0.1056250000000003,0.5218750000000005
2026-08-16 07:05:27.659,44.255,raise,0.04125000000000045,0.5481250000000004
2026-08-16 07:05:27.669,44.265,raise,0.0187499999999996,0.5531249999999999
2026-08-16 07:05:27.679,44.275,raise,-0.05562500000000026,0.5181250000000004
2026-08-16 07:05:27.689,44.285,raise,0.08312500000000056,0.5631249999999999
2026-08-16 07:05:27.699,44.295,raise,-0.11687499999999962,0.5200000000000005
2026-08-16 07:05:27.709,44.305,raise,0.05312500000000053,0.546875
2026-08-16 07:05:27.719,44.315,raise,0.0462499999999999,0.5587500000000001
2026-08-16 07:05:27.729,44.325,raise,-0.08124999999999938,0.5206250000000001
2026-08-16 07:05:27.739,44.335,raise,0.08312500000000056,0.5643750000000003
2026-08-16 07:05:27.749,44.345,raise,-0.10937499999999933,0.5181250000000004
2026-08-16 07:05:27.759,44.355,raise,0.04437499999999983,0.5487500000000001
2026-08-16 07:05:27.769,44.365,raise,0.015625000000000222,0.5606250000000002
2026-08-16 07:05:27.779,44.375,raise,-0.051875000000000115,0.5237500000000006
2026-08-16 07:05:27.789,44.385,raise,0.08624999999999994,0.5662500000000004
2026-08-16 07:05:27.799,44.395,raise,-0.11812500000000004,0.52875
2026-08-16 07:05:27.809,44.405,raise,0.053750000000000187,0.5537500000000006
2026-08-16 07:05:27.819,44.415,raise,0.04249999999999976,0.5600000000000005
2026-08-16 07:05:27.829,44.425,raise,-0.07937500000000042,0.5174999999999996
2026-08-16 07:05:27.839,44.435,raise,0.08624999999999994,0.5693749999999997
2026-08-16 07:05:27.849,44.445,raise,-0.1100000000000001,0.5281250000000004
2026-08-16 07:05:27.859,44.455,raise,0.04375000000000018,0.5431249999999999
2026-08-16 07:05:27.869,44.465,raise,0.009375000000000355,0.5625000000000002
2026-08-16 07:05:27.879,44.475,raise,-0.053750000000000187,0.5212499999999998
2026-08-16 07:05:27.889,44.485,raise,0.08687499999999959,0.5681250000000004
2026-08-16 07:05:27.899,44.495,raise,-0.0924999999999998,0.5281250000000004
2026-08-16 07:05:27.909,44.505,raise,0.05812499999999998,0.5431249999999999
2026-08-16 07:05:27.919,44.515,raise,0.04062499999999969,0.5574999999999997
2026-08-16 07:05:27.929,44.525,raise,-0.07624999999999993,0.5206250000000001
2026-08-16 07:05:27.939,44.535,raise,0.08437499999999987,0.5637500000000006
2026-08-16 07:05:27.949,44.545,raise,-0.11312499999999948,0.5218750000000005
2026-08-16 07:05:27.959,44.555,raise,0.04562500000000025,0.5474999999999997
2026-08-16 07:05:27.969,44.565,raise,0.061875000000000124,0.5593749999999997
2026-08-16 07:05:27.979,44.575,raise,-0.046874999999999556,0.5156250000000007
2026-08-16 07:05:27.989,44.585,raise,0.08562500000000028,0.566875
2026-08-16 07:05:27.999,44.595,raise,-0.09499999999999953,0.5225000000000002
2026-08-16 07:05:28.009,44.605,raise,0.0593750000000004,0.5512499999999998
2026-08-16 07:05:28.019,44.615,raise,0.038124999999999964,0.565
2026-08-16 07:05:28.029,44.625,raise,-0.07124999999999937,0.5212499999999998
2026-08-16 07:05:28.039,44.635,raise,0.08312500000000056,0.5674999999999997
2026-08-16 07:05:28.049,44.645,raise,-0.11249999999999982,0.5300000000000005
2026-08-16 07:05:28.059,44.655,raise,0.04937500000000039,0.5537500000000006
2026-08-16 07:05:28.069,44.665,raise,0.06062499999999971,0.5612499999999998
2026-08-16 07:05:28.079,44.675,raise,-0.046874999999999556,0.5149999999999999
2026-08-16 07:05:28.089,44.685,raise,0.08125000000000049,0.5681250000000004
2026-08-16 07:05:28.099,44.695,raise,-0.09624999999999995,0.5300000000000005
2026-08-16 07:05:28.109,44.705,raise,0.056875000000000675,0.5537500000000006
2026-08-16 07:05:28.119,44.715,raise,0.03375000000000017,0.5612499999999998
2026-08-16 07:05:28.129,44.725,raise,-0.06812499999999999,0.5181250000000004
2026-08-16 07:05:28.139,44.735,raise,0.08375000000000021,0.5693749999999997
2026-08-16 07:05:28.149,44.745,raise,-0.11375000000000024,0.526875
2026-08-16 07:05:28.159,44.755,raise,0.04874999999999963,0.5437500000000006
2026-08-16 07:05:28.169,44.765,raise,0.058749999999999636,0.5593749999999997
2026-08-16 07:05:28.179,44.775,raise,-0.0462499999999999,0.51875
2026-08-16 07:05:28.189,44.785,raise,0.0824999999999998,0.5631249999999999
2026-08-16 07:05:28.199,44.795,raise,-0.09937499999999932,0.5225000000000002
2026-08-16 07:05:28.209,44.805,raise,0.035000000000000586,0.5443750000000003
2026-08-16 07:05:28.219,44.815,raise,0.033125000000000515,0.556875
2026-08-16 07:05:28.229,44.825,raise,-0.06874999999999964,0.5181250000000004
2026-08-16 07:05:28.239,44.835,raise,0.07750000000000035,0.565
2026-08-16 07:05:28.249,44.845,raise,-0.11562500000000031,0.5218750000000005
2026-08-16 07:05:28.259,44.855,raise,0.0506249999999997,0.5462500000000003
2026-08-16 07:05:28.269,44.865,raise,0.0593750000000004,0.5643750000000003
2026-08-16 07:05:28.279,44.875,raise,-0.03937500000000038,0.5193749999999997
2026-08-16 07:05:28.289,44.885,raise,0.08187500000000014,0.565
2026-08-16 07:05:28.299,44.895,raise,-0.10000000000000009,0.5293749999999997
2026-08-16 07:05:28.309,44.905,raise,0.03750000000000031,0.5493749999999997
2026-08-16 07:05:28.319,44.915,raise,0.02687500000000065,0.5643750000000003
2026-08-16 07:05:28.329,44.925,raise,-0.0637500000000002,0.5218750000000005
2026-08-16 07:05:28.339,44.935,raise,0.08375000000000021,0.566875
2026-08-16 07:05:28.349,44.945,raise,-0.1112499999999994,0.5306250000000001
2026-08-16 07:05:28.359,44.955,raise,0.0506249999999997,0.5518750000000006
2026-08-16 07:05:28.369,44.965,raise,0.05437499999999984,0.5631249999999999
2026-08-16 07:05:28.379,44.975,raise,-0.08812500000000001,0.5181250000000004
2026-08-16 07:05:28.389,44.985,raise,0.08187500000000014,0.566875
2026-08-16 07:05:28.399,44.995,raise,-0.10312499999999947,0.5293749999999997
2026-08-16 07:05:28.409,45.005,raise,0.04249999999999976,0.5400000000000005
2026-08-16 07:05:28.419,45.015,raise,0.02187500000000009,0.5606250000000002
2026-08-16 07:05:28.429,45.025,raise,-0.061875000000000124,0.5174999999999996
2026-08-16 07:05:28.439,45.035,raise,0.08125000000000049,0.566875
2026-08-16 07:05:28.449,45.045,raise,-0.1143749999999999,0.5262500000000003
2026-08-16 07:05:28.459,45.055,raise,0.04874999999999963,0.5425000000000002
2026-08-16 07:05:28.469,45.065,raise,0.05312500000000053,0.5587500000000001
2026-08-16 07:05:28.479,45.075,raise,-0.08687499999999959,0.516875
2026-08-16 07:05:28.489,45.085,raise,0.08187500000000014,0.5643750000000003
2026-08-16 07:05:28.499,45.095,raise,-0.10312499999999947,0.5262500000000003
2026-08-16 07:05:28.509,45.105,raise,0.04187500000000011,0.546875
2026-08-16 07:05:28.519,45.115,raise,0.024374999999999813,0.5637500000000006
2026-08-16 07:05:28.529,45.125,raise,-0.06000000000000005,0.51875
2026-08-16 07:05:28.539,45.135,raise,0.08187500000000014,0.5612499999999998
2026-08-16 07:05:28.549,45.145,raise,-0.08499999999999952,0.5249999999999999
2026-08-16 07:05:28.559,45.155,raise,0.04937500000000039,0.5487500000000001
2026-08-16 07:05:28.569,45.165,raise,0.05437499999999984,0.5618750000000006
2026-08-16 07:05:28.579,45.175,raise,-0.08062499999999972,0.5200000000000005
2026-08-16 07:05:28.589,45.185,raise,0.08375000000000021,0.5656249999999996
2026-08-16 07:05:28.599,45.195,raise,-0.1056250000000003,0.5343750000000003
2026-08-16 07:05:28.609,45.205,raise,0.04187500000000011,0.5512499999999998
2026-08-16 07:05:28.619,45.215,raise,0.06937500000000041,0.5606250000000002
2026-08-16 07:05:28.629,45.225,raise,-0.05750000000000033,0.5149999999999999
2026-08-16 07:05:28.639,45.235,raise,0.0824999999999998,0.566875
2026-08-16 07:05:28.649,45.245,raise,-0.08499999999999952,0.52875
2026-08-16 07:05:28.659,45.255,raise,0.05312500000000053,0.5493749999999997
2026-08-16 07:05:28.669,45.265,raise,0.04874999999999963,0.5600000000000005
2026-08-16 07:05:28.679,45.275,raise,-0.08124999999999938,0.5162500000000003
2026-08-16 07:05:28.689,45.285,raise,0.08375000000000021,0.565
2026-08-16 07:05:28.699,45.295,raise,-0.1056250000000003,0.526875
2026-08-16 07:05:28.709,45.305,raise,0.043125000000000524,0.5425000000000002
2026-08-16 07:05:28.719,45.315,raise,0.06812499999999999,0.5556249999999996
2026-08-16 07:05:28.729,45.325,raise,-0.05812499999999998,0.5162500000000003
2026-08-16 07:05:28.739,45.335,raise,0.08312500000000056,0.5618750000000006
2026-08-16 07:05:28.749,45.345,raise,-0.08812500000000001,0.5262500000000003
2026-08-16 07:05:28.759,45.355,raise,0.05249999999999977,0.5487500000000001
2026-08-16 07:05:28.769,45.365,raise,0.04750000000000032,0.5593749999999997
2026-08-16 07:05:28.779,45.375,raise,-0.078125,0.5193749999999997
2026-08-16 07:05:28.789,45.385,raise,0.07750000000000035,0.5637500000000006
2026-08-16 07:05:28.799,45.395,raise,-0.10937499999999933,0.5231249999999998
2026-08-16 07:05:28.809,45.405,raise,0.04562500000000025,0.5481250000000004
2026-08-16 07:05:28.819,45.415,raise,0.07062499999999972,0.5618750000000006
2026-08-16 07:05:28.829,45.425,raise,-0.05437499999999984,0.5200000000000005
2026-08-16 07:05:28.839,45.435,raise,0.08375000000000021,0.5674999999999997
2026-08-16 07:05:28.849,45.445,raise,-0.08812500000000001,0.5337500000000006
2026-08-16 07:05:28.859,45.455,raise,0.051875000000000115,0.5493749999999997
2026-08-16 07:05:28.869,45.465,raise,0.04437499999999983,0.5637500000000006
2026-08-16 07:05:28.879,45.475,raise,-0.07624999999999993,0.5200000000000005
2026-08-16 07:05:28.889,45.485,raise,0.08062499999999972,0.5674999999999997
2026-08-16 07:05:28.899,45.495,raise,-0.11249999999999982,0.5318750000000005
2026-08-16 07:05:28.909,45.505,raise,0.04375000000000018,0.5518750000000006
2026-08-16 07:05:28.919,45.515,raise,0.06562500000000027,0.5618750000000006
2026-08-16 07:05:28.929,45.525,raise,-0.051875000000000115,0.5137500000000006
2026-08-16 07:05:28.939,45.535,raise,0.08187500000000014,0.5656249999999996
2026-08-16 07:05:28.949,45.545,raise,-0.09499999999999953,0.526875
2026-08-16 07:05:28.959,45.555,raise,0.029375000000000373,0.5381250000000004
2026-08-16 07:05:28.969,45.565,raise,0.04125000000000045,0.5549999999999999
2026-08-16 07:05:28.979,45.575,raise,-0.07687499999999958,0.5125000000000002
2026-08-16 07:05:28.989,45.585,raise,0.08125000000000049,0.5612499999999998
2026-08-16 07:05:28.999,45.595,raise,-0.11249999999999982,0.5262500000000003
2026-08-16 07:05:29.009,45.605,raise,0.04812499999999997,0.5425000000000002
2026-08-16 07:05:29.019,45.615,raise,0.06687500000000068,0.5581250000000004
2026-08-16 07:05:29.029,45.625,raise,-0.0968749999999996,0.51875
2026-08-16 07:05:29.039,45.635,raise,0.08187500000000014,0.5637500000000006
2026-08-16 07:05:29.049,45.645,raise,-0.0956250000000003,0.5243750000000003
2026-08-16 07:05:29.059,45.655,raise,0.033125000000000515,0.5456250000000007
2026-08-16 07:05:29.069,45.665,raise,0.03687500000000066,0.5612499999999998
2026-08-16 07:05:29.079,45.675,raise,-0.07187500000000013,0.5174999999999996
2026-08-16 07:05:29.089,45.685,raise,0.0824999999999998,0.565
2026-08-16 07:05:29.099,45.695,raise,-0.1143749999999999,0.5343750000000003
2026-08-16 07:05:29.109,45.705,raise,0.04812499999999997,0.546875
2026-08-16 07:05:29.119,45.715,raise,0.06000000000000005,0.5643750000000003
2026-08-16 07:05:29.129,45.725,raise,-0.09187500000000015,0.5174999999999996
2026-08-16 07:05:29.139,45.735,raise,0.08500000000000063,0.5656249999999996
2026-08-16 07:05:29.149,45.745,raise,-0.09624999999999995,0.5318750000000005
2026-08-16 07:05:29.159,45.755,raise,0.038124999999999964,0.5487500000000001
2026-08-16 07:05:29.169,45.765,raise,0.07000000000000006,0.5581250000000004
2026-08-16 07:05:29.179,45.775,raise,-0.07187500000000013,0.5143750000000002
2026-08-16 07:05:29.189,45.785,raise,0.07874999999999965,0.5606250000000002
2026-08-16 07:05:29.199,45.795,raise,-0.07750000000000035,0.526875
2026-08-16 07:05:29.209,45.805,raise,0.0462499999999999,0.5325000000000002
2026-08-16 07:05:29.219,45.815,raise,0.055000000000000604,0.5618750000000006
2026-08-16 07:05:29.229,45.825,raise,-0.09124999999999939,0.5149999999999999
2026-08-16 07:05:29.239,45.835,raise,0.0824999999999998,0.5631249999999999
2026-08-16 07:05:29.249,45.845,raise,-0.09937499999999932,0.5274999999999996
2026-08-16 07:05:29.259,45.855,raise,0.04062499999999969,0.5381250000000004
2026-08-16 07:05:29.269,45.865,raise,0.07312500000000055,0.5562500000000004
2026-08-16 07:05:29.279,45.875,raise,-0.06624999999999992,0.5143750000000002
2026-08-16 07:05:29.289,45.885,raise,0.07937500000000042,0.5600000000000005
2026-08-16 07:05:29.299,45.895,raise,-0.078125,0.5293749999999997
2026-08-16 07:05:29.309,45.905,raise,0.04812499999999997,0.5418750000000006
2026-08-16 07:05:29.319,45.915,raise,0.058749999999999636,0.5606250000000002
2026-08-16 07:05:29.329,45.925,raise,-0.09124999999999939,0.5156250000000007
2026-08-16 07:05:29.339,45.935,raise,0.07937500000000042,0.5593749999999997
2026-08-16 07:05:29.349,45.945,raise,-0.09937499999999932,0.5249999999999999
2026-08-16 07:05:29.359,45.955,raise,0.03874999999999962,0.546875
2026-08-16 07:05:29.369,45.965,raise,0.07125000000000048,0.5612499999999998
2026-08-16 07:05:29.379,45.975,raise,-0.061875000000000124,0.5181250000000004
2026-08-16 07:05:29.389,45.985,raise,0.0824999999999998,0.565
2026-08-16 07:05:29.399,45.995,raise,-0.078125,0.5325000000000002
2026-08-16 07:05:29.409,46.005,raise,0.04937500000000039,0.5481250000000004
2026-08-16 07:05:29.419,46.015,raise,0.05312500000000053,0.5618750000000006
2026-08-16 07:05:29.429,46.025,raise,-0.08812500000000001,0.5093749999999997
2026-08-16 07:05:29.439,46.035,raise,0.0737500000000002,0.5643750000000003
2026-08-16 07:05:29.449,46.045,raise,-0.10312499999999947,0.5274999999999996
2026-08-16 07:05:29.459,46.055,raise,0.03687500000000066,0.5456250000000007
2026-08-16 07:05:29.469,46.065,raise,0.07125000000000048,0.5587500000000001
2026-08-16 07:05:29.479,46.075,raise,-0.06437499999999985,0.5118750000000005
2026-08-16 07:05:29.489,46.085,raise,0.08312500000000056,0.5631249999999999
2026-08-16 07:05:29.499,46.095,raise,-0.08124999999999938,0.52875
2026-08-16 07:05:29.509,46.105,raise,0.024374999999999813,0.5374999999999996
2026-08-16 07:05:29.519,46.115,raise,0.05125000000000046,0.5612499999999998
2026-08-16 07:05:29.529,46.125,raise,-0.08562500000000028,0.5137500000000006
2026-08-16 07:05:29.539,46.135,raise,0.07750000000000035,0.556875
2026-08-16 07:05:29.549,46.145,raise,-0.1056250000000003,0.52875
2026-08-16 07:05:29.559,46.155,raise,0.04062499999999969,0.5387500000000001
2026-08-16 07:05:29.569,46.165,raise,0.0737500000000002,0.5581250000000004
2026-08-16 07:05:29.579,46.175,raise,-0.0593750000000004,0.5162500000000003
2026-08-16 07:05:29.589,46.185,raise,0.08375000000000021,0.5618750000000006
2026-08-16 07:05:29.599,46.195,raise,-0.08312499999999945,0.5249999999999999
2026-08-16 07:05:29.609,46.205,raise,0.02375000000000016,0.5449999999999999
2026-08-16 07:05:29.619,46.215,raise,0.053750000000000187,0.5637500000000006
2026-08-16 07:05:29.629,46.225,raise,-0.08312499999999945,0.5149999999999999
2026-08-16 07:05:29.639,46.235,raise,0.078125,0.5625000000000002
2026-08-16 07:05:29.649,46.245,raise,-0.1056250000000003,0.5343750000000003
2026-08-16 07:05:29.659,46.255,raise,0.03624999999999989,0.5425000000000002
2026-08-16 07:05:29.669,46.265,raise,0.06687500000000068,0.5612499999999998
2026-08-16 07:05:29.679,46.275,raise,-0.1012499999999994,0.5156250000000007
2026-08-16 07:05:29.689,46.285,raise,0.08187500000000014,0.5606250000000002
2026-08-16 07:05:29.699,46.295,raise,-0.09000000000000008,0.5306250000000001
2026-08-16 07:05:29.709,46.305,raise,0.030000000000000027,0.5425000000000002
2026-08-16 07:05:29.719,46.315,raise,0.04750000000000032,0.5606250000000002
2026-08-16 07:05:29.729,46.325,raise,-0.08312499999999945,0.5143750000000002
2026-08-16 07:05:29.739,46.335,raise,0.07874999999999965,0.5612499999999998
2026-08-16 07:05:29.749,46.345,raise,-0.10937499999999933,0.5300000000000005
2026-08-16 07:05:29.759,46.355,raise,0.04249999999999976,0.5374999999999996
2026-08-16 07:05:29.769,46.365,raise,0.07062499999999972,0.5625000000000002
2026-08-16 07:05:29.779,46.375,raise,-0.09937499999999932,0.516875
2026-08-16 07:05:29.789,46.385,raise,0.08062499999999972,0.5606250000000002
2026-08-16 07:05:29.799,46.395,raise,-0.09000000000000008,0.5262500000000003
2026-08-16 07:05:29.809,46.405,raise,0.03249999999999975,0.5374999999999996
2026-08-16 07:05:29.819,46.415,raise,0.045000000000000595,0.5587500000000001
2026-08-16 07:05:29.829,46.425,raise,-0.078125,0.5156250000000007
2026-08-16 07:05:29.839,46.435,raise,0.08000000000000007,0.5631249999999999
2026-08-16 07:05:29.849,46.445,raise,-0.06624999999999992,0.5274999999999996
2026-08-16 07:05:29.859,46.455,raise,0.04375000000000018,0.5400000000000005
2026-08-16 07:05:29.869,46.465,raise,0.06500000000000061,0.5631249999999999
2026-08-16 07:05:29.879,46.475,raise,-0.09812500000000002,0.516875
2026-08-16 07:05:29.889,46.485,raise,0.08000000000000007,0.5587500000000001
2026-08-16 07:05:29.899,46.495,raise,-0.09312499999999946,0.5349999999999999
2026-08-16 07:05:29.909,46.505,raise,0.03249999999999975,0.5437500000000006
2026-08-16 07:05:29.919,46.515,raise,0.07125000000000048,0.5631249999999999
2026-08-16 07:05:29.929,46.525,raise,-0.07624999999999993,0.5149999999999999
2026-08-16 07:05:29.939,46.535,raise,0.07562500000000028,0.565
2026-08-16 07:05:29.949,46.545,raise,-0.07249999999999979,0.5300000000000005
2026-08-16 07:05:29.959,46.555,raise,0.040000000000000036,0.5449999999999999
2026-08-16 07:05:29.969,46.565,raise,0.06249999999999978,0.5600000000000005
2026-08-16 07:05:29.979,46.575,raise,-0.09375000000000022,0.5112499999999998
2026-08-16 07:05:29.989,46.585,raise,0.08000000000000007,0.5674999999999997
2026-08-16 07:05:29.999,46.595,raise,-0.09375000000000022,0.5312499999999998
2026-08-16 07:05:30.009,46.605,raise,0.033125000000000515,0.5356250000000007
2026-08-16 07:05:30.019,46.615,raise,0.07125000000000048,0.5612499999999998
2026-08-16 07:05:30.029,46.625,raise,-0.07249999999999979,0.5125000000000002
2026-08-16 07:05:30.039,46.635,raise,0.08062499999999972,0.566875
2026-08-16 07:05:30.049,46.645,raise,-0.07062499999999972,0.5325000000000002
2026-08-16 07:05:30.059,46.655,raise,0.03937500000000038,0.5356250000000007
2026-08-16 07:05:30.069,46.665,raise,0.06312500000000054,0.565
2026-08-16 07:05:30.079,46.675,raise,-0.09062499999999973,0.5143750000000002
2026-08-16 07:05:30.089,46.685,raise,0.0737500000000002,0.5562500000000004
2026-08-16 07:05:30.099,46.695,raise,-0.09312499999999946,0.5281250000000004
2026-08-16 07:05:30.109,46.705,raise,0.03437499999999982,0.536875
2026-08-16 07:05:30.119,46.715,raise,0.06874999999999964,0.5643750000000003
2026-08-16 07:05:30.129,46.725,raise,-0.07187500000000013,0.5143750000000002
2026-08-16 07:05:30.139,46.735,raise,0.07562500000000028,0.5606250000000002
2026-08-16 07:05:30.149,46.745,raise,-0.07249999999999979,0.5262500000000003
2026-08-16 07:05:30.159,46.755,raise,0.02187500000000009,0.5425000000000002
2026-08-16 07:05:30.169,46.765,raise,0.06125000000000047,0.5625000000000002
2026-08-16 07:05:30.179,46.775,raise,-0.09375000000000022,0.5149999999999999
2026-08-16 07:05:30.189,46.785,raise,0.07249999999999979,0.556875
2026-08-16 07:05:30.199,46.795,raise,-0.09937499999999932,0.5337500000000006
2026-08-16 07:05:30.209,46.805,raise,0.03249999999999975,0.5400000000000005
2026-08-16 07:05:30.219,46.815,raise,0.06937500000000041,0.5593749999999997
2026-08-16 07:05:30.229,46.825,raise,-0.07124999999999937,0.5093749999999997
2026-08-16 07:05:30.239,46.835,raise,0.07437499999999986,0.5600000000000005
2026-08-16 07:05:30.249,46.845,raise,-0.07750000000000035,0.5300000000000005
2026-08-16 07:05:30.259,46.855,raise,0.021250000000000435,0.5437500000000006
2026-08-16 07:05:30.269,46.865,raise,0.06125000000000047,0.5625000000000002
2026-08-16 07:05:30.279,46.875,raise,-0.08874999999999966,0.5156250000000007
2026-08-16 07:05:30.289,46.885,raise,0.07624999999999993,0.5625000000000002
2026-08-16 07:05:30.299,46.895,raise,-0.10000000000000009,0.5337500000000006
2026-08-16 07:05:30.309,46.905,raise,0.03437499999999982,0.5362500000000003
2026-08-16 07:05:30.319,46.915,raise,0.07249999999999979,0.5600000000000005
2026-08-16 07:05:30.329,46.925,raise,-0.1056250000000003,0.5118750000000005
2026-08-16 07:05:30.339,46.935,raise,0.08125000000000049,0.5587500000000001
2026-08-16 07:05:30.349,46.945,raise,-0.078125,0.5237500000000006
2026-08-16 07:05:30.359,46.955,raise,0.026249999999999885,0.5400000000000005
2026-08-16 07:05:30.369,46.965,raise,0.05812499999999998,0.5593749999999997
2026-08-16 07:05:30.379,46.975,raise,-0.09000000000000008,0.5162500000000003
2026-08-16 07:05:30.389,46.985,raise,0.07937500000000042,0.5612499999999998
2026-08-16 07:05:30.399,46.995,raise,-0.0593750000000004,0.5274999999999996
2026-08-16 07:05:30.409,47.005,raise,0.03937500000000038,0.5418750000000006
2026-08-16 07:05:30.419,47.015,raise,0.06937500000000041,0.5612499999999998
2026-08-16 07:05:30.429,47.025,raise,-0.10812500000000003,0.5156250000000007
2026-08-16 07:05:30.439,47.035,raise,0.07874999999999965,0.5612499999999998
2026-08-16 07:05:30.449,47.045,raise,-0.08437499999999987,0.5343750000000003
2026-08-16 07:05:30.459,47.055,raise,0.022499999999999742,0.5412499999999998
2026-08-16 07:05:30.469,47.065,raise,0.04937500000000039,0.5625000000000002
2026-08-16 07:05:30.479,47.075,raise,-0.08624999999999994,0.5143750000000002
2026-08-16 07:05:30.489,47.085,raise,0.07562500000000028,0.565
2026-08-16 07:05:30.499,47.095,raise,-0.058749999999999636,0.5362500000000003
2026-08-16 07:05:30.509,47.105,raise,0.040000000000000036,0.5437500000000006
2026-08-16 07:05:30.519,47.115,raise,0.06937500000000041,0.565
2026-08-16 07:05:30.529,47.125,raise,-0.10375000000000023,0.5143750000000002
2026-08-16 07:05:30.539,47.135,raise,0.07624999999999993,0.5637500000000006
2026-08-16 07:05:30.549,47.145,raise,-0.08624999999999994,0.5337500000000006
2026-08-16 07:05:30.559,47.155,raise,0.029375000000000373,0.5312499999999998
2026-08-16 07:05:30.569,47.165,raise,0.07249999999999979,0.5631249999999999
2026-08-16 07:05:30.579,47.175,raise,-0.0824999999999998,0.5131249999999998
2026-08-16 07:05:30.589,47.185,raise,0.078125,0.566875
2026-08-16 07:05:30.599,47.195,raise,-0.061875000000000124,0.5325000000000002
2026-08-16 07:05:30.609,47.205,raise,0.04062499999999969,0.5337500000000006
2026-08-16 07:05:30.619,47.215,raise,0.06874999999999964,0.565
2026-08-16 07:05:30.629,47.225,raise,-0.10000000000000009,0.5149999999999999
2026-08-16 07:05:30.639,47.235,raise,0.08000000000000007,0.5612499999999998
2026-08-16 07:05:30.649,47.245,raise,-0.08624999999999994,0.5337500000000006
2026-08-16 07:05:30.659,47.255,raise,0.027500000000000302,0.5393749999999997
2026-08-16 07:05:30.669,47.265,raise,0.07000000000000006,0.5587500000000001
2026-08-16 07:05:30.679,47.275,raise,-0.0824999999999998,0.5125000000000002
2026-08-16 07:05:30.689,47.285,raise,0.0737500000000002,0.5587500000000001
2026-08-16 07:05:30.699,47.295,raise,-0.06312499999999943,0.5381250000000004
2026-08-16 07:05:30.709,47.305,raise,0.03874999999999962,0.5374999999999996
2026-08-16 07:05:30.719,47.315,raise,0.061875000000000124,0.5625000000000002
2026-08-16 07:05:30.729,47.325,raise,-0.09624999999999995,0.5162500000000003
2026-08-16 07:05:30.739,47.335,raise,0.07249999999999979,0.5587500000000001
2026-08-16 07:05:30.749,47.345,raise,-0.08874999999999966,0.5343750000000003
2026-08-16 07:05:30.759,47.355,raise,0.03062499999999968,0.5412499999999998
2026-08-16 07:05:30.769,47.365,raise,0.07687499999999958,0.5625000000000002
2026-08-16 07:05:30.779,47.375,raise,-0.0824999999999998,0.5143750000000002
2026-08-16 07:05:30.789,47.385,raise,0.07687499999999958,0.5612499999999998
2026-08-16 07:05:30.799,47.395,raise,-0.06624999999999992,0.5337500000000006
2026-08-16 07:05:30.809,47.405,raise,0.016249999999999876,0.52875
2026-08-16 07:05:30.819,47.415,raise,0.07000000000000006,0.5618750000000006
2026-08-16 07:05:30.829,47.425,raise,-0.0968749999999996,0.5100000000000005
2026-08-16 07:05:30.839,47.435,raise,0.07312500000000055,0.5631249999999999
2026-08-16 07:05:30.849,47.445,raise,-0.09062499999999973,0.5331249999999998
2026-08-16 07:05:30.859,47.455,raise,0.02874999999999961,0.5374999999999996
2026-08-16 07:05:30.869,47.465,raise,0.07562500000000028,0.5612499999999998
2026-08-16 07:05:30.879,47.475,raise,-0.07750000000000035,0.5112499999999998
2026-08-16 07:05:30.889,47.485,raise,0.078125,0.5606250000000002
2026-08-16 07:05:30.899,47.495,raise,-0.06812499999999999,0.5293749999999997
2026-08-16 07:05:30.909,47.505,raise,0.015000000000000568,0.5387500000000001
2026-08-16 07:05:30.919,47.515,raise,0.061875000000000124,0.5625000000000002
2026-08-16 07:05:30.929,47.525,raise,-0.09812500000000002,0.5118750000000005
2026-08-16 07:05:30.939,47.535,raise,0.0737500000000002,0.556875
2026-08-16 07:05:30.949,47.545,raise,-0.09437499999999988,0.5281250000000004
2026-08-16 07:05:30.959,47.555,raise,0.02874999999999961,0.5374999999999996
2026-08-16 07:05:30.969,47.565,raise,0.078125,0.5606250000000002
2026-08-16 07:05:30.979,47.575,raise,-0.1112499999999994,0.5112499999999998
2026-08-16 07:05:30.989,47.585,raise,0.08000000000000007,0.5612499999999998
2026-08-16 07:05:30.999,47.595,raise,-0.06750000000000034,0.5387500000000001
2026-08-16 07:05:31.009,47.605,raise,0.019375000000000364,0.5425000000000002
2026-08-16 07:05:31.019,47.615,raise,0.0637500000000002,0.5593749999999997
2026-08-16 07:05:31.029,47.625,raise,-0.09437499999999988,0.5106250000000001
2026-08-16 07:05:31.039,47.635,raise,0.07624999999999993,0.5637500000000006
2026-08-16 07:05:31.049,47.645,raise,-0.0462499999999999,0.5381250000000004
2026-08-16 07:05:31.059,47.655,raise,0.03437499999999982,0.5437500000000006
2026-08-16 07:05:31.069,47.665,raise,0.07437499999999986,0.5631249999999999
2026-08-16 07:05:31.079,47.675,raise,-0.1056250000000003,0.5125000000000002
2026-08-16 07:05:31.089,47.685,raise,0.07937500000000042,0.5631249999999999
2026-08-16 07:05:31.099,47.695,raise,-0.07062499999999972,0.5349999999999999
2026-08-16 07:05:31.109,47.705,raise,0.02187500000000009,0.5337500000000006
2026-08-16 07:05:31.119,47.715,raise,0.0593750000000004,0.565
2026-08-16 07:05:31.129,47.725,raise,-0.0924999999999998,0.5149999999999999
2026-08-16 07:05:31.139,47.735,raise,0.07500000000000062,0.5549999999999999
2026-08-16 07:05:31.149,47.745,raise,-0.04874999999999963,0.5337500000000006
2026-08-16 07:05:31.159,47.755,raise,0.03624999999999989,0.5337500000000006
2026-08-16 07:05:31.169,47.765,raise,0.07249999999999979,0.5631249999999999
2026-08-16 07:05:31.179,47.775,raise,-0.10312499999999947,0.5143750000000002
2026-08-16 07:05:31.189,47.785,raise,0.07874999999999965,0.556875
2026-08-16 07:05:31.199,47.795,raise,-0.07624999999999993,0.5337500000000006
2026-08-16 07:05:31.209,47.805,raise,0.024374999999999813,0.536875
2026-08-16 07:05:31.219,47.815,raise,0.07249999999999979,0.5612499999999998
2026-08-16 07:05:31.229,47.825,raise,-0.09062499999999973,0.5149999999999999
2026-08-16 07:05:31.239,47.835,raise,0.07000000000000006,0.5556249999999996
2026-08-16 07:05:31.249,47.845,raise,-0.051875000000000115,0.5381250000000004
2026-08-16 07:05:31.259,47.855,raise,0.033125000000000515,0.5425000000000002
2026-08-16 07:05:31.269,47.865,raise,0.07062499999999972,0.565
2026-08-16 07:05:31.279,47.875,raise,-0.10062499999999974,0.5149999999999999
2026-08-16 07:05:31.289,47.885,raise,0.06937500000000041,0.5631249999999999
2026-08-16 07:05:31.299,47.895,raise,-0.07687499999999958,0.5362500000000003
2026-08-16 07:05:31.309,47.905,raise,0.02562500000000023,0.5418750000000006
2026-08-16 07:05:31.319,47.915,raise,0.07562500000000028,0.5637500000000006
2026-08-16 07:05:31.329,47.925,raise,-0.08937500000000043,0.5137500000000006
2026-08-16 07:05:31.339,47.935,raise,0.07312500000000055,0.5631249999999999
2026-08-16 07:05:31.349,47.945,raise,-0.05562500000000026,0.5362500000000003
2026-08-16 07:05:31.359,47.955,raise,0.03624999999999989,0.5312499999999998
2026-08-16 07:05:31.369,47.965,raise,0.07312500000000055,0.5631249999999999
2026-08-16 07:05:31.379,47.975,raise,-0.10187500000000016,0.5125000000000002
2026-08-16 07:05:31.389,47.985,raise,0.06874999999999964,0.5643750000000003
2026-08-16 07:05:31.399,47.995,raise,-0.07687499999999958,0.5343750000000003
2026-08-16 07:05:31.409,48.005,raise,0.02687500000000065,0.5331249999999998
2026-08-16 07:05:31.419,48.015,raise,0.07937500000000042,0.5625000000000002
2026-08-16 07:05:31.429,48.025,raise,-0.08750000000000036,0.5112499999999998
2026-08-16 07:05:31.439,48.035,raise,0.07500000000000062,0.5574999999999997
2026-08-16 07:05:31.449,48.045,raise,-0.05624999999999991,0.5312499999999998
2026-08-16 07:05:31.459,48.055,raise,0.008124999999999938,0.5343750000000003
2026-08-16 07:05:31.469,48.065,raise,0.07249999999999979,0.5643750000000003
2026-08-16 07:05:31.479,48.075,raise,-0.10000000000000009,0.5156250000000007
2026-08-16 07:05:31.489,48.085,raise,0.0737500000000002,0.5637500000000006
2026-08-16 07:05:31.499,48.095,raise,-0.08062499999999972,0.5300000000000005
2026-08-16 07:05:31.509,48.105,raise,0.027500000000000302,0.5387500000000001
2026-08-16 07:05:31.519,48.115,raise,0.078125,0.5656249999999996
2026-08-16 07:05:31.529,48.125,raise,-0.08437499999999987,0.5143750000000002
2026-08-16 07:05:31.539,48.135,raise,0.07937500000000042,0.5618750000000006
2026-08-16 07:05:31.549,48.145,raise,-0.06000000000000005,0.5418750000000006
2026-08-16 07:05:31.559,48.155,raise,0.013125000000000497,0.5418750000000006
2026-08-16 07:05:31.569,48.165,raise,0.07000000000000006,0.5656249999999996
2026-08-16 07:05:31.579,48.175,raise,-0.10000000000000009,0.5131249999999998
2026-08-16 07:05:31.589,48.185,raise,0.07187500000000013,0.565
2026-08-16 07:05:31.599,48.195,raise,-0.08624999999999994,0.5412499999999998
2026-08-16 07:05:31.609,48.205,raise,0.02874999999999961,0.5306250000000001
2026-08-16 07:05:31.619,48.215,raise,0.0737500000000002,0.5674999999999997
2026-08-16 07:05:31.629,48.225,raise,-0.11187500000000017,0.5137500000000006
2026-08-16 07:05:31.639,48.235,raise,0.07937500000000042,0.5656249999999996
2026-08-16 07:05:31.649,48.245,raise,-0.06249999999999978,0.536875
2026-08-16 07:05:31.659,48.255,raise,0.014374999999999805,0.5343750000000003
2026-08-16 07:05:31.669,48.265,raise,0.06937500000000041,0.5631249999999999
2026-08-16 07:05:31.679,48.275,raise,-0.10000000000000009,0.5118750000000005
2026-08-16 07:05:31.689,48.285,raise,0.07000000000000006,0.5543750000000003
2026-08-16 07:05:31.699,48.295,raise,-0.040000000000000036,0.5349999999999999
2026-08-16 07:05:31.709,48.305,raise,0.03062499999999968,0.5312499999999998
2026-08-16 07:05:31.719,48.315,raise,0.07437499999999986,0.5612499999999998
2026-08-16 07:05:31.729,48.325,raise,-0.11312499999999948,0.5149999999999999
2026-08-16 07:05:31.739,48.335,raise,0.07687499999999958,0.5587500000000001
2026-08-16 07:05:31.749,48.345,raise,-0.0649999999999995,0.5362500000000003
2026-08-16 07:05:31.759,48.355,raise,0.0187499999999996,0.5374999999999996
2026-08-16 07:05:31.769,48.365,raise,0.06624999999999992,0.5637500000000006
2026-08-16 07:05:31.779,48.375,raise,-0.09499999999999953,0.5143750000000002
2026-08-16 07:05:31.789,48.385,raise,0.07687499999999958,0.5587500000000001
2026-08-16 07:05:31.799,48.395,raise,-0.04062499999999969,0.5449999999999999
2026-08-16 07:05:31.809,48.405,raise,0.03249999999999975,0.5406250000000001
2026-08-16 07:05:31.819,48.415,raise,0.07312500000000055,0.5662500000000004
2026-08-16 07:05:31.829,48.425,raise,-0.10687499999999961,0.5149999999999999
2026-08-16 07:05:31.839,48.435,raise,0.08000000000000007,0.5606250000000002
2026-08-16 07:05:31.849,48.445,raise,-0.06624999999999992,0.5400000000000005
2026-08-16 07:05:31.859,48.455,raise,0.019375000000000364,0.5425000000000002
2026-08-16 07:05:31.869,48.465,raise,0.07750000000000035,0.5656249999999996
2026-08-16 07:05:31.879,48.475,raise,-0.0924999999999998,0.5174999999999996
2026-08-16 07:05:31.889,48.485,raise,0.07500000000000062,0.5625000000000002
2026-08-16 07:05:31.899,48.495,raise,-0.040000000000000036,0.5381250000000004
2026-08-16 07:05:31.909,48.505,raise,0.03375000000000017,0.5300000000000005
2026-08-16 07:05:31.919,48.515,raise,0.07312500000000055,0.5637500000000006
2026-08-16 07:05:31.929,48.525,raise,-0.10937499999999933,0.5118750000000005
2026-08-16 07:05:31.939,48.535,raise,0.06437499999999985,0.5562500000000004
2026-08-16 07:05:31.949,48.545,raise,-0.06874999999999964,0.5349999999999999
2026-08-16 07:05:31.959,48.555,raise,0.01687500000000064,0.5318750000000005
2026-08-16 07:05:31.969,48.565,raise,0.07874999999999965,0.5600000000000005
2026-08-16 07:05:31.979,48.575,raise,-0.09437499999999988,0.5149999999999999
2026-08-16 07:05:31.989,48.585,raise,0.0737500000000002,0.5600000000000005
2026-08-16 07:05:31.999,48.595,raise,-0.04375000000000018,0.5343750000000003
2026-08-16 07:05:32.009,48.605,raise,0.0318750000000001,0.536875
2026-08-16 07:05:32.019,48.615,raise,0.07562500000000028,0.5637500000000006
2026-08-16 07:05:32.029,48.625,raise,-0.10499999999999954,0.516875
2026-08-16 07:05:32.039,48.635,raise,0.06750000000000034,0.5593749999999997
2026-08-16 07:05:32.049,48.645,raise,-0.06937500000000041,0.5431249999999999
2026-08-16 07:05:32.059,48.655,raise,0.0187499999999996,0.5425000000000002
2026-08-16 07:05:32.069,48.665,raise,0.07874999999999965,0.566875
2026-08-16 07:05:32.079,48.675,raise,-0.09062499999999973,0.516875
2026-08-16 07:05:32.089,48.685,raise,0.07624999999999993,0.5606250000000002
2026-08-16 07:05:32.099,48.695,raise,-0.04375000000000018,0.5393749999999997
2026-08-16 07:05:32.109,48.705,raise,0.006875000000000631,0.5400000000000005
2026-08-16 07:05:32.119,48.715,raise,0.07437499999999986,0.5681250000000004
2026-08-16 07:05:32.129,48.725,raise,-0.10187500000000016,0.5112499999999998
2026-08-16 07:05:32.139,48.735,raise,0.06937500000000041,0.5656249999999996
2026-08-16 07:05:32.149,48.745,raise,-0.07312499999999944,0.5400000000000005
2026-08-16 07:05:32.159,48.755,raise,0.020000000000000018,0.526875
2026-08-16 07:05:32.169,48.765,raise,0.07750000000000035,0.5625000000000002
2026-08-16 07:05:32.179,48.775,raise,-0.11562500000000031,0.5125000000000002
2026-08-16 07:05:32.189,48.785,raise,0.07437499999999986,0.565
2026-08-16 07:05:32.199,48.795,raise,-0.0506249999999997,0.5400000000000005
2026-08-16 07:05:32.209,48.805,raise,0.007500000000000284,0.5306250000000001
2026-08-16 07:05:32.219,48.815,raise,0.08000000000000007,0.565
2026-08-16 07:05:32.229,48.825,raise,-0.10312499999999947,0.5118750000000005
2026-08-16 07:05:32.239,48.835,raise,0.07062499999999972,0.5574999999999997
2026-08-16 07:05:32.249,48.845,raise,-0.07750000000000035,0.5349999999999999
2026-08-16 07:05:32.259,48.855,raise,0.025000000000000577,0.5331249999999998
2026-08-16 07:05:32.269,48.865,raise,0.08062499999999972,0.5637500000000006
2026-08-16 07:05:32.279,48.875,raise,-0.11249999999999982,0.5143750000000002
2026-08-16 07:05:32.289,48.885,raise,0.07750000000000035,0.5593749999999997
2026-08-16 07:05:32.299,48.895,raise,-0.051875000000000115,0.5374999999999996
2026-08-16 07:05:32.309,48.905,raise,0.01187500000000008,0.5400000000000005
2026-08-16 07:05:32.319,48.915,raise,0.07312500000000055,0.565
2026-08-16 07:05:32.329,48.925,raise,-0.1012499999999994,0.5156250000000007
2026-08-16 07:05:32.339,48.935,raise,0.07125000000000048,0.5618750000000006
2026-08-16 07:05:32.349,48.945,raise,-0.027500000000000302,0.5456250000000007
2026-08-16 07:05:32.359,48.955,raise,0.02687500000000065,0.5393749999999997
2026-08-16 07:05:32.369,48.965,raise,0.07874999999999965,0.5625000000000002
2026-08-16 07:05:32.379,48.975,raise,-0.11187500000000017,0.516875
2026-08-16 07:05:32.389,48.985,raise,0.08000000000000007,0.5618750000000006
2026-08-16 07:05:32.399,48.995,raise,-0.05624999999999991,0.5418750000000006
2026-08-16 07:05:32.409,49.005,raise,0.013125000000000497,0.5381250000000004
2026-08-16 07:05:32.419,49.015,raise,0.07125000000000048,0.5656249999999996
2026-08-16 07:05:32.429,49.025,raise,-0.09937499999999932,0.5143750000000002
2026-08-16 07:05:32.439,49.035,raise,0.07062499999999972,0.5625000000000002
2026-08-16 07:05:32.449,49.045,raise,-0.033124999999999405,0.5393749999999997
2026-08-16 07:05:32.459,49.055,raise,0.02874999999999961,0.5300000000000005
2026-08-16 07:05:32.469,49.065,raise,0.07687499999999958,0.5618750000000006
2026-08-16 07:05:32.479,49.075,raise,-0.1112499999999994,0.5143750000000002
2026-08-16 07:05:32.489,49.085,raise,0.078125,0.5581250000000004
2026-08-16 07:05:32.499,49.095,raise,-0.05812499999999998,0.5406250000000001
2026-08-16 07:05:32.509,49.105,raise,0.016249999999999876,0.5356250000000007
2026-08-16 07:05:32.519,49.115,raise,0.07874999999999965,0.5606250000000002
2026-08-16 07:05:32.529,49.125,raise,-0.0956250000000003,0.5162500000000003
2026-08-16 07:05:32.539,49.135,raise,0.0737500000000002,0.5581250000000004
2026-08-16 07:05:32.549,49.145,raise,-0.03375000000000017,0.536875
2026-08-16 07:05:32.559,49.155,raise,0.03062499999999968,0.536875
2026-08-16 07:05:32.569,49.165,raise,0.07562500000000028,0.5643750000000003
2026-08-16 07:05:32.579,49.175,raise,-0.10812500000000003,0.5162500000000003
2026-08-16 07:05:32.589,49.185,raise,0.06437499999999985,0.5600000000000005
2026-08-16 07:05:32.599,49.195,raise,-0.061875000000000124,0.546875
2026-08-16 07:05:32.609,49.205,raise,0.020000000000000018,0.5374999999999996
2026-08-16 07:05:32.619,49.215,raise,0.078125,0.565
2026-08-16 07:05:32.629,49.225,raise,-0.09437499999999988,0.5149999999999999
2026-08-16 07:05:32.639,49.235,raise,0.07437499999999986,0.565
2026-08-16 07:05:32.649,49.245,raise,-0.03624999999999989,0.5437500000000006
2026-08-16 07:05:32.659,49.255,raise,0.031250000000000444,0.5412499999999998
2026-08-16 07:05:32.669,49.265,raise,0.0737500000000002,0.5674999999999997
2026-08-16 07:05:32.679,49.275,raise,-0.10750000000000037,0.5118750000000005
2026-08-16 07:05:32.689,49.285,raise,0.06500000000000061,0.5612499999999998
2026-08-16 07:05:32.699,49.295,raise,-0.06437499999999985,0.5381250000000004
2026-08-16 07:05:32.709,49.305,raise,0.017500000000000293,0.52875
2026-08-16 07:05:32.719,49.315,raise,0.07874999999999965,0.5643750000000003
2026-08-16 07:05:32.729,49.325,raise,-0.09499999999999953,0.5112499999999998
2026-08-16 07:05:32.739,49.335,raise,0.0737500000000002,0.5549999999999999
2026-08-16 07:05:32.749,49.345,raise,-0.03375000000000017,0.5412499999999998
2026-08-16 07:05:32.759,49.355,raise,0.0031250000000004885,0.5300000000000005
2026-08-16 07:05:32.769,49.365,raise,0.07687499999999958,0.5643750000000003
2026-08-16 07:05:32.779,49.375,raise,-0.10437499999999988,0.5149999999999999
2026-08-16 07:05:32.789,49.385,raise,0.06874999999999964,0.5587500000000001
2026-08-16 07:05:32.799,49.395,raise,-0.06437499999999985,0.536875
2026-08-16 07:05:32.809,49.405,raise,0.02062499999999967,0.5337500000000006
2026-08-16 07:05:32.819,49.415,raise,0.078125,0.5656249999999996
2026-08-16 07:05:32.829,49.425,raise,-0.09375000000000022,0.5162500000000003
2026-08-16 07:05:32.839,49.435,raise,0.07750000000000035,0.5587500000000001
2026-08-16 07:05:32.849,49.445,raise,-0.03937500000000038,0.5462500000000003
2026-08-16 07:05:32.859,49.455,raise,0.0,0.5362500000000003
2026-08-16 07:05:32.869,49.465,raise,0.07500000000000062,0.566875
2026-08-16 07:05:32.879,49.475,raise,-0.10750000000000037,0.5143750000000002
2026-08-16 07:05:32.889,49.485,raise,0.06812499999999999,0.5606250000000002
2026-08-16 07:05:32.899,49.495,raise,-0.06812499999999999,0.5437500000000006
2026-08-16 07:05:32.909,49.505,raise,0.022499999999999742,0.5362500000000003
2026-08-16 07:05:32.919,49.515,raise,0.07624999999999993,0.5612499999999998
2026-08-16 07:05:32.929,49.525,raise,-0.11562500000000031,0.5118750000000005
2026-08-16 07:05:32.939,49.535,raise,0.07562500000000028,0.5600000000000005
2026-08-16 07:05:32.949,49.545,raise,-0.04062499999999969,0.5431249999999999
2026-08-16 07:05:32.959,49.555,raise,0.004374999999999796,0.526875
2026-08-16 07:05:32.969,49.565,raise,0.0737500000000002,0.5643750000000003
2026-08-16 07:05:32.979,49.575,raise,-0.10750000000000037,0.5162500000000003
2026-08-16 07:05:32.989,49.585,raise,0.07125000000000048,0.5631249999999999
2026-08-16 07:05:32.999,49.595,raise,-0.021249999999999325,0.5412499999999998
2026-08-16 07:05:33.009,49.605,raise,0.02187500000000009,0.52875
2026-08-16 07:05:33.019,49.615,raise,0.08375000000000021,0.5612499999999998
2026-08-16 07:05:33.029,49.625,raise,-0.11499999999999955,0.5143750000000002
2026-08-16 07:05:33.039,49.635,raise,0.07874999999999965,0.5574999999999997
2026-08-16 07:05:33.049,49.645,raise,-0.04874999999999963,0.5418750000000006
2026-08-16 07:05:33.059,49.655,raise,0.008749999999999591,0.5331249999999998
2026-08-16 07:05:33.069,49.665,raise,0.07687499999999958,0.5637500000000006
2026-08-16 07:05:33.079,49.675,raise,-0.10312499999999947,0.5156250000000007
2026-08-16 07:05:33.089,49.685,raise,0.07187500000000013,0.5581250000000004
2026-08-16 07:05:33.099,49.695,raise,-0.0187499999999996,0.5362500000000003
2026-08-16 07:05:33.109,49.705,raise,0.025000000000000577,0.536875
2026-08-16 07:05:33.119,49.715,raise,0.08062499999999972,0.566875
2026-08-16 07:05:33.129,49.725,raise,-0.11375000000000024,0.516875
2026-08-16 07:05:33.139,49.735,raise,0.07687499999999958,0.5593749999999997
2026-08-16 07:05:33.149,49.745,raise,-0.04874999999999963,0.546875
2026-08-16 07:05:33.159,49.755,raise,0.007500000000000284,0.536875
2026-08-16 07:05:33.169,49.765,raise,0.07750000000000035,0.5637500000000006
2026-08-16 07:05:33.179,49.775,raise,-0.1056250000000003,0.5137500000000006
2026-08-16 07:05:33.189,49.785,raise,0.07312500000000055,0.5574999999999997
2026-08-16 07:05:33.199,49.795,raise,-0.022499999999999742,0.5437500000000006
2026-08-16 07:05:33.209,49.805,raise,0.027500000000000302,0.5406250000000001
2026-08-16 07:05:33.219,49.815,raise,0.08125000000000049,0.5643750000000003
2026-08-16 07:05:33.229,49.825,raise,-0.11312499999999948,0.5125000000000002
2026-08-16 07:05:33.239,49.835,raise,0.0637500000000002,0.5593749999999997
2026-08-16 07:05:33.249,49.845,raise,-0.05249999999999977,0.5387500000000001
2026-08-16 07:05:33.259,49.855,raise,0.013750000000000151,0.5249999999999999
2026-08-16 07:05:33.269,49.865,raise,0.08187500000000014,0.5643750000000003
2026-08-16 07:05:33.279,49.875,raise,-0.09937499999999932,0.5131249999999998
2026-08-16 07:05:33.289,49.885,raise,0.07249999999999979,0.5549999999999999
2026-08-16 07:05:33.299,49.895,raise,-0.028124999999999956,0.5431249999999999
2026-08-16 07:05:33.309,49.905,raise,0.03062499999999968,0.5306250000000001
2026-08-16 07:05:33.319,49.915,raise,0.08000000000000007,0.565
2026-08-16 07:05:33.329,49.925,raise,-0.10812500000000003,0.5125000000000002
2026-08-16 07:05:33.339,49.935,raise,0.06437499999999985,0.5581250000000004
2026-08-16 07:05:33.349,49.945,raise,-0.053750000000000187,0.5412499999999998
2026-08-16 07:05:33.359,49.955,raise,0.015625000000000222,0.5337500000000006
2026-08-16 07:05:33.369,49.965,raise,0.078125,0.5637500000000006
2026-08-16 07:05:33.379,49.975,raise,-0.09750000000000036,0.5125000000000002
2026-08-16 07:05:33.389,49.985,raise,0.07249999999999979,0.5587500000000001
2026-08-16 07:05:33.399,49.995,raise,-0.033124999999999405,0.5443750000000003
2026-08-16 07:05:33.409,50.005,raise,-0.009375000000000355,0.536875
2026-08-16 07:05:33.419,50.015,raise,0.07437499999999986,0.5631249999999999
2026-08-16 07:05:33.429,50.025,raise,-0.1100000000000001,0.5149999999999999
2026-08-16 07:05:33.439,50.035,raise,0.06437499999999985,0.5562500000000004
2026-08-16 07:05:33.449,50.045,raise,-0.05562500000000026,0.5425000000000002
2026-08-16 07:05:33.459,50.055,raise,0.014374999999999805,0.5349999999999999
2026-08-16 07:05:33.469,50.065,raise,0.078125,0.5625000000000002
2026-08-16 07:05:33.479,50.075,raise,-0.09937499999999932,0.5118750000000005
2026-08-16 07:05:33.489,50.085,raise,0.07249999999999979,0.5574999999999997
2026-08-16 07:05:33.499,50.095,raise,-0.03437499999999982,0.5425000000000002
2026-08-16 07:05:33.509,50.105,raise,-0.0031249999999993783,0.5237500000000006
2026-08-16 07:05:33.519,50.115,raise,0.08000000000000007,0.5637500000000006
2026-08-16 07:05:33.529,50.125,raise,-0.1056250000000003,0.5143750000000002
2026-08-16 07:05:33.539,50.135,raise,0.06687500000000068,0.5600000000000005
2026-08-16 07:05:33.549,50.145,raise,-0.05750000000000033,0.5400000000000005
2026-08-16 07:05:33.559,50.155,raise,0.016249999999999876,0.526875
2026-08-16 07:05:33.569,50.165,raise,0.08312500000000056,0.5637500000000006
2026-08-16 07:05:33.579,50.175,raise,-0.11562500000000031,0.5143750000000002
2026-08-16 07:05:33.589,50.185,raise,0.07312500000000055,0.5562500000000004
2026-08-16 07:05:33.599,50.195,raise,-0.033124999999999405,0.5381250000000004
2026-08-16 07:05:33.609,50.205,raise,-0.0024999999999997247,0.5343750000000003
2026-08-16 07:05:33.619,50.215,raise,0.07750000000000035,0.5656249999999996
2026-08-16 07:05:33.629,50.225,raise,-0.10499999999999954,0.5149999999999999
2026-08-16 07:05:33.639,50.235,raise,0.06624999999999992,0.5587500000000001
2026-08-16 07:05:33.649,50.245,raise,-0.011249999999999316,0.5481250000000004
2026-08-16 07:05:33.659,50.255,raise,0.02062499999999967,0.5349999999999999
2026-08-16 07:05:33.669,50.265,raise,0.07437499999999986,0.5637500000000006
2026-08-16 07:05:33.679,50.275,raise,-0.11562500000000031,0.5143750000000002
2026-08-16 07:05:33.689,50.285,raise,0.07624999999999993,0.5587500000000001
2026-08-16 07:05:33.699,50.295,raise,-0.04124999999999934,0.5437500000000006
2026-08-16 07:05:33.709,50.305,raise,0.0012500000000004174,0.5343750000000003
2026-08-16 07:05:33.719,50.315,raise,0.07500000000000062,0.5662500000000004
2026-08-16 07:05:33.729,50.325,raise,-0.10624999999999996,0.5137500000000006
2026-08-16 07:05:33.739,50.335,raise,0.07062499999999972,0.5612499999999998
2026-08-16 07:05:33.749,50.345,raise,-0.013750000000000151,0.5481250000000004
2026-08-16 07:05:33.759,50.355,raise,0.02062499999999967,0.5206250000000001
2026-08-16 07:05:33.769,50.365,raise,0.08312500000000056,0.5662500000000004
2026-08-16 07:05:33.779,50.375,raise,-0.11375000000000024,0.5143750000000002
2026-08-16 07:05:33.789,50.385,raise,0.07750000000000035,0.5593749999999997
2026-08-16 07:05:33.799,50.395,raise,-0.04062499999999969,0.5443750000000003
2026-08-16 07:05:33.809,50.405,raise,0.0031250000000004885,0.526875
2026-08-16 07:05:33.819,50.415,raise,0.08062499999999972,0.5662500000000004
2026-08-16 07:05:33.829,50.425,raise,-0.10499999999999954,0.5125000000000002
2026-08-16 07:05:33.839,50.435,raise,0.06874999999999964,0.5537500000000006
2026-08-16 07:05:33.849,50.445,raise,-0.017500000000000293,0.5412499999999998
2026-08-16 07:05:33.859,50.455,raise,0.02375000000000016,0.52875
2026-08-16 07:05:33.869,50.465,raise,0.07874999999999965,0.5643750000000003
2026-08-16 07:05:33.879,50.475,raise,-0.11062499999999975,0.516875
2026-08-16 07:05:33.889,50.485,raise,0.06312500000000054,0.5543750000000003
2026-08-16 07:05:33.899,50.495,raise,-0.044999999999999485,0.5412499999999998
2026-08-16 07:05:33.909,50.505,raise,0.006249999999999867,0.5331249999999998
2026-08-16 07:05:33.919,50.515,raise,0.07937500000000042,0.5618750000000006
2026-08-16 07:05:33.929,50.525,raise,-0.10375000000000023,0.5112499999999998
2026-08-16 07:05:33.939,50.535,raise,0.06687500000000068,0.5537500000000006
2026-08-16 07:05:33.949,50.545,raise,-0.02375000000000016,0.5487500000000001
2026-08-16 07:05:33.959,50.555,raise,0.02187500000000009,0.5312499999999998
2026-08-16 07:05:33.969,50.565,raise,0.07500000000000062,0.5637500000000006
2026-08-16 07:05:33.979,50.575,raise,-0.11249999999999982,0.5118750000000005
2026-08-16 07:05:33.989,50.585,raise,0.0637500000000002,0.5574999999999997
2026-08-16 07:05:33.999,50.595,raise,-0.04437499999999983,0.5481250000000004
2026-08-16 07:05:34.009,50.605,raise,0.008124999999999938,0.536875
2026-08-16 07:05:34.019,50.615,raise,0.0824999999999998,0.566875
2026-08-16 07:05:34.029,50.625,raise,-0.10187500000000016,0.5143750000000002
2026-08-16 07:05:34.039,50.635,raise,0.06937500000000041,0.5606250000000002
2026-08-16 07:05:34.049,50.645,raise,-0.02562500000000023,0.5431249999999999
2026-08-16 07:05:34.059,50.655,raise,-0.015625000000000222,0.5237500000000006
2026-08-16 07:05:34.069,50.665,raise,0.07937500000000042,0.5643750000000003
2026-08-16 07:05:34.079,50.675,raise,-0.11062499999999975,0.5156250000000007
2026-08-16 07:05:34.089,50.685,raise,0.06624999999999992,0.5531249999999999
2026-08-16 07:05:34.099,50.695,raise,-0.04937500000000039,0.5449999999999999
2026-08-16 07:05:34.109,50.705,raise,0.010000000000000009,0.5293749999999997
2026-08-16 07:05:34.119,50.715,raise,0.08000000000000007,0.5662500000000004
2026-08-16 07:05:34.129,50.725,raise,-0.11687499999999962,0.5118750000000005
2026-08-16 07:05:34.139,50.735,raise,0.07000000000000006,0.5543750000000003
2026-08-16 07:05:34.149,50.745,raise,-0.02375000000000016,0.5387500000000001
2026-08-16 07:05:34.159,50.755,raise,-0.011249999999999316,0.5318750000000005
2026-08-16 07:05:34.169,50.765,raise,0.07750000000000035,0.5631249999999999
2026-08-16 07:05:34.179,50.775,raise,-0.1143749999999999,0.5106250000000001
2026-08-16 07:05:34.189,50.785,raise,0.06562500000000027,0.556875
2026-08-16 07:05:34.199,50.795,raise,-0.05437499999999984,0.5425000000000002
2026-08-16 07:05:34.209,50.805,raise,0.010624999999999662,0.5343750000000003
2026-08-16 07:05:34.219,50.815,raise,0.078125,0.5631249999999999
2026-08-16 07:05:34.229,50.825,raise,-0.12062499999999976,0.5118750000000005
2026-08-16 07:05:34.239,50.835,raise,0.07187500000000013,0.5574999999999997
2026-08-16 07:05:34.249,50.845,raise,-0.0318750000000001,0.5481250000000004
2026-08-16 07:05:34.259,50.855,raise,-0.009375000000000355,0.5343750000000003
2026-08-16 07:05:34.269,50.865,raise,0.07750000000000035,0.5674999999999997
2026-08-16 07:05:34.279,50.875,raise,-0.1112499999999994,0.5156250000000007
2026-08-16 07:05:34.289,50.885,raise,0.06874999999999964,0.556875
2026-08-16 07:05:34.299,50.895,raise,-0.0031249999999993783,0.5425000000000002
2026-08-16 07:05:34.309,50.905,raise,0.014374999999999805,0.5256250000000007
2026-08-16 07:05:34.319,50.915,raise,0.0824999999999998,0.5662500000000004
2026-08-16 07:05:34.329,50.925,raise,-0.11812500000000004,0.5143750000000002
2026-08-16 07:05:34.339,50.935,raise,0.07437499999999986,0.5631249999999999
2026-08-16 07:05:34.349,50.945,raise,-0.0318750000000001,0.5431249999999999
2026-08-16 07:05:34.359,50.955,raise,-0.004374999999999796,0.5256250000000007
2026-08-16 07:05:34.369,50.965,raise,0.07750000000000035,0.5662500000000004
2026-08-16 07:05:34.379,50.975,raise,-0.11062499999999975,0.5137500000000006
2026-08-16 07:05:34.389,50.985,raise,0.06812499999999999,0.5543750000000003
2026-08-16 07:05:34.399,50.995,raise,-0.003750000000000142,0.5456250000000007
2026-08-16 07:05:34.409,51.005,raise,0.01687500000000064,0.5318750000000005
2026-08-16 07:05:34.419,51.015,raise,0.07750000000000035,0.565
2026-08-16 07:05:34.429,51.025,raise,-0.12062499999999976,0.5112499999999998
2026-08-16 07:05:34.439,51.035,raise,0.07312500000000055,0.5549999999999999
2026-08-16 07:05:34.449,51.045,raise,-0.038124999999999964,0.5393749999999997
2026-08-16 07:05:34.459,51.055,raise,-0.006249999999999867,0.5306250000000001
2026-08-16 07:05:34.469,51.065,raise,0.07750000000000035,0.5625000000000002
2026-08-16 07:05:34.479,51.075,raise,-0.11062499999999975,0.5118750000000005
2026-08-16 07:05:34.489,51.085,raise,0.06937500000000041,0.5537500000000006
2026-08-16 07:05:34.499,51.095,raise,-0.008124999999999938,0.5481250000000004
2026-08-16 07:05:34.509,51.105,raise,0.016249999999999876,0.5318750000000005
2026-08-16 07:05:34.519,51.115,raise,0.07687499999999958,0.5631249999999999
2026-08-16 07:05:34.529,51.125,raise,-0.1143749999999999,0.5162500000000003
2026-08-16 07:05:34.539,51.135,raise,0.05812499999999998,0.5574999999999997
2026-08-16 07:05:34.549,51.145,raise,-0.03687499999999955,0.5456250000000007
2026-08-16 07:05:34.559,51.155,raise,-0.001875000000000071,0.5337500000000006
2026-08-16 07:05:34.569,51.165,raise,0.08000000000000007,0.565
2026-08-16 07:05:34.579,51.175,raise,-0.10624999999999996,0.5174999999999996
2026-08-16 07:05:34.589,51.185,raise,0.06937500000000041,0.5593749999999997
2026-08-16 07:05:34.599,51.195,raise,-0.01187500000000008,0.5474999999999997
2026-08-16 07:05:34.609,51.205,raise,0.020000000000000018,0.5281250000000004
2026-08-16 07:05:34.619,51.215,raise,0.08000000000000007,0.5662500000000004
2026-08-16 07:05:34.629,51.225,raise,-0.11375000000000024,0.5162500000000003
2026-08-16 07:05:34.639,51.235,raise,0.06000000000000005,0.5531249999999999
2026-08-16 07:05:34.649,51.245,raise,-0.03937500000000038,0.5462500000000003
2026-08-16 07:05:34.659,51.255,raise,0.0024999999999997247,0.5262500000000003
2026-08-16 07:05:34.669,51.265,raise,0.07937500000000042,0.5625000000000002
2026-08-16 07:05:34.679,51.275,raise,-0.10624999999999996,0.5143750000000002
2026-08-16 07:05:34.689,51.285,raise,0.06500000000000061,0.5537500000000006
2026-08-16 07:05:34.699,51.295,raise,-0.013750000000000151,0.5412499999999998
2026-08-16 07:05:34.709,51.305,raise,-0.02562500000000023,0.5281250000000004
2026-08-16 07:05:34.719,51.315,raise,0.07500000000000062,0.5612499999999998
2026-08-16 07:05:34.729,51.325,raise,-0.1143749999999999,0.5137500000000006
2026-08-16 07:05:34.739,51.335,raise,0.06000000000000005,0.5562500000000004
2026-08-16 07:05:34.749,51.345,raise,-0.04062499999999969,0.5512499999999998
2026-08-16 07:05:34.759,51.355,raise,0.003750000000000142,0.5337500000000006
2026-08-16 07:05:34.769,51.365,raise,0.078125,0.5656249999999996
2026-08-16 07:05:34.779,51.375,raise,-0.11687499999999962,0.5181250000000004
2026-08-16 07:05:34.789,51.385,raise,0.07062499999999972,0.5587500000000001
2026-08-16 07:05:34.799,51.395,raise,-0.016249999999999876,0.5481250000000004
2026-08-16 07:05:34.809,51.405,raise,-0.020000000000000018,0.5356250000000007
2026-08-16 07:05:34.819,51.415,raise,0.08125000000000049,0.566875
2026-08-16 07:05:34.829,51.425,raise,-0.11312499999999948,0.5143750000000002
2026-08-16 07:05:34.839,51.435,raise,0.06000000000000005,0.5618750000000006
2026-08-16 07:05:34.849,51.445,raise,-0.04124999999999934,0.5487500000000001
2026-08-16 07:05:34.859,51.455,raise,0.0024999999999997247,0.5212499999999998
2026-08-16 07:05:34.869,51.465,raise,0.078125,0.5687500000000001
2026-08-16 07:05:34.879,51.475,raise,-0.1200000000000001,0.5181250000000004
2026-08-16 07:05:34.889,51.485,raise,0.06937500000000041,0.5531249999999999
2026-08-16 07:05:34.899,51.495,raise,-0.019375000000000364,0.5500000000000005
2026-08-16 07:05:34.909,51.505,raise,-0.017500000000000293,0.5218750000000005
2026-08-16 07:05:34.919,51.515,raise,0.078125,0.5662500000000004
2026-08-16 07:05:34.929,51.525,raise,-0.1143749999999999,0.5143750000000002
2026-08-16 07:05:34.939,51.535,raise,0.06249999999999978,0.5518750000000006
2026-08-16 07:05:34.949,51.545,raise,-0.001875000000000071,0.5443750000000003
2026-08-16 07:05:34.959,51.555,raise,0.003750000000000142,0.5231249999999998
2026-08-16 07:05:34.969,51.565,raise,0.078125,0.5637500000000006
2026-08-16 07:05:34.979,51.575,raise,-0.1200000000000001,0.5149999999999999
2026-08-16 07:05:34.989,51.585,raise,0.07062499999999972,0.5531249999999999
2026-08-16 07:05:34.999,51.595,raise,-0.02375000000000016,0.5518750000000006
2026-08-16 07:05:35.009,51.605,raise,-0.013750000000000151,0.5300000000000005
2026-08-16 07:05:35.019,51.615,raise,0.078125,0.565
2026-08-16 07:05:35.029,51.625,raise,-0.11062499999999975,0.5131249999999998
2026-08-16 07:05:35.039,51.635,raise,0.06437499999999985,0.556875
2026-08-16 07:05:35.049,51.645,raise,-0.0031249999999993783,0.5512499999999998
2026-08-16 07:05:35.059,51.655,raise,0.010000000000000009,0.5318750000000005
2026-08-16 07:05:35.069,51.665,raise,0.07750000000000035,0.565
2026-08-16 07:05:35.079,51.675,raise,-0.1200000000000001,0.5225000000000002
2026-08-16 07:05:35.089,51.685,raise,0.06874999999999964,0.5587500000000001
2026-08-16 07:05:35.099,51.695,raise,-0.027500000000000302,0.5487500000000001
2026-08-16 07:05:35.109,51.705,raise,-0.010624999999999662,0.5206250000000001
2026-08-16 07:05:35.119,51.715,raise,0.078125,0.5674999999999997
2026-08-16 07:05:35.129,51.725,raise,-0.11062499999999975,0.5174999999999996
2026-08-16 07:05:35.139,51.735,raise,0.06750000000000034,0.5556249999999996
2026-08-16 07:05:35.149,51.745,raise,-0.003750000000000142,0.546875
2026-08-16 07:05:35.159,51.755,raise,0.015000000000000568,0.5212499999999998
2026-08-16 07:05:35.169,51.765,raise,0.07562500000000028,0.5637500000000006
2026-08-16 07:05:35.179,51.775,raise,-0.11874999999999969,0.5137500000000006
2026-08-16 07:05:35.189,51.785,raise,0.05624999999999991,0.5525000000000002
2026-08-16 07:05:35.199,51.795,raise,-0.03249999999999975,0.5437500000000006
2026-08-16 07:05:35.209,51.805,raise,-0.008749999999999591,0.5262500000000003
2026-08-16 07:05:35.219,51.815,raise,0.07874999999999965,0.5625000000000002
2026-08-16 07:05:35.229,51.825,raise,-0.10812500000000003,0.5112499999999998
2026-08-16 07:05:35.239,51.835,raise,0.06249999999999978,0.5531249999999999
2026-08-16 07:05:35.249,51.845,raise,-0.005625000000000213,0.5400000000000005
2026-08-16 07:05:35.259,51.855,raise,0.01687500000000064,0.52875
2026-08-16 07:05:35.269,51.865,raise,0.078125,0.566875
2026-08-16 07:05:35.279,51.875,raise,-0.11624999999999996,0.5137500000000006
2026-08-16 07:05:35.289,51.885,raise,0.058749999999999636,0.5549999999999999
2026-08-16 07:05:35.299,51.895,raise,-0.03375000000000017,0.5525000000000002
2026-08-16 07:05:35.309,51.905,raise,-0.008749999999999591,0.5325000000000002
2026-08-16 07:05:35.319,51.915,raise,0.08000000000000007,0.5674999999999997
2026-08-16 07:05:35.329,51.925,raise,-0.10937499999999933,0.5181250000000004
2026-08-16 07:05:35.339,51.935,raise,0.06687500000000068,0.5593749999999997
2026-08-16 07:05:35.349,51.945,raise,-0.006249999999999867,0.5525000000000002
2026-08-16 07:05:35.359,51.955,raise,-0.033124999999999405,0.5343750000000003
2026-08-16 07:05:35.369,51.965,raise,0.07750000000000035,0.5662500000000004
2026-08-16 07:05:35.379,51.975,raise,-0.11624999999999996,0.5200000000000005
2026-08-16 07:05:35.389,51.985,raise,0.0593750000000004,0.5593749999999997
2026-08-16 07:05:35.399,51.995,raise,-0.03687499999999955,0.5512499999999998
2026-08-16 07:05:35.409,52.005,raise,-0.0031249999999993783,0.5237500000000006
2026-08-16 07:05:35.419,52.015,raise,0.078125,0.5656249999999996
2026-08-16 07:05:35.429,52.025,raise,-0.12249999999999983,0.5162500000000003
2026-08-16 07:05:35.439,52.035,raise,0.06687500000000068,0.5462500000000003
2026-08-16 07:05:35.449,52.045,raise,-0.014999999999999458,0.546875
2026-08-16 07:05:35.459,52.055,raise,-0.02874999999999961,0.5237500000000006
2026-08-16 07:05:35.469,52.065,raise,0.07874999999999965,0.5618750000000006
2026-08-16 07:05:35.479,52.075,raise,-0.11812500000000004,0.5156250000000007
2026-08-16 07:05:35.489,52.085,raise,0.058749999999999636,0.5518750000000006
2026-08-16 07:05:35.499,52.095,raise,-0.03937500000000038,0.5449999999999999
2026-08-16 07:05:35.509,52.105,raise,-0.003750000000000142,0.5293749999999997
2026-08-16 07:05:35.519,52.115,raise,0.07750000000000035,0.5612499999999998
2026-08-16 07:05:35.529,52.125,raise,-0.12124999999999941,0.5143750000000002
2026-08-16 07:05:35.539,52.135,raise,0.07000000000000006,0.5549999999999999
2026-08-16 07:05:35.549,52.145,raise,-0.016249999999999876,0.5537500000000006
2026-08-16 07:05:35.559,52.155,raise,-0.026874999999999538,0.5300000000000005
2026-08-16 07:05:35.569,52.165,raise,0.07687499999999958,0.5631249999999999
2026-08-16 07:05:35.579,52.175,raise,-0.11687499999999962,0.516875
2026-08-16 07:05:35.589,52.185,raise,0.06312500000000054,0.5574999999999997
2026-08-16 07:05:35.599,52.195,raise,0.007500000000000284,0.5531249999999999
2026-08-16 07:05:35.609,52.205,raise,0.003750000000000142,0.5356250000000007
2026-08-16 07:05:35.619,52.215,raise,0.08125000000000049,0.565
2026-08-16 07:05:35.629,52.225,raise,-0.11812500000000004,0.516875
2026-08-16 07:05:35.639,52.235,raise,0.06937500000000041,0.5581250000000004
2026-08-16 07:05:35.649,52.245,raise,-0.0187499999999996,0.5506250000000001
2026-08-16 07:05:35.659,52.255,raise,-0.023124999999999396,0.5218750000000005
2026-08-16 07:05:35.669,52.265,raise,0.07624999999999993,0.565
2026-08-16 07:05:35.679,52.275,raise,-0.11562500000000031,0.516875
2026-08-16 07:05:35.689,52.285,raise,0.061875000000000124,0.5512499999999998
2026-08-16 07:05:35.699,52.295,raise,0.006875000000000631,0.5431249999999999
2026-08-16 07:05:35.709,52.305,raise,0.003750000000000142,0.5225000000000002
2026-08-16 07:05:35.719,52.315,raise,0.07562500000000028,0.5674999999999997
2026-08-16 07:05:35.729,52.325,raise,-0.11687499999999962,0.5125000000000002
2026-08-16 07:05:35.739,52.335,raise,0.06750000000000034,0.5531249999999999
2026-08-16 07:05:35.749,52.345,raise,-0.020000000000000018,0.5456250000000007
2026-08-16 07:05:35.759,52.355,raise,-0.020000000000000018,0.5231249999999998
2026-08-16 07:05:35.769,52.365,raise,0.07750000000000035,0.5643750000000003
2026-08-16 07:05:35.779,52.375,raise,-0.11249999999999982,0.5149999999999999
2026-08-16 07:05:35.789,52.385,raise,0.06312500000000054,0.5543750000000003
2026-08-16 07:05:35.799,52.395,raise,0.006875000000000631,0.5531249999999999
2026-08-16 07:05:35.809,52.405,raise,0.004374999999999796,0.5274999999999996
2026-08-16 07:05:35.819,52.415,raise,0.08000000000000007,0.5618750000000006
2026-08-16 07:05:35.829,52.425,raise,-0.11687499999999962,0.5131249999999998
2026-08-16 07:05:35.839,52.435,raise,0.05249999999999977,0.5574999999999997
2026-08-16 07:05:35.849,52.445,raise,-0.022499999999999742,0.5549999999999999
2026-08-16 07:05:35.859,52.455,raise,-0.016249999999999876,0.5300000000000005
2026-08-16 07:05:35.869,52.465,raise,0.07874999999999965,0.5674999999999997
2026-08-16 07:05:35.879,52.475,raise,-0.1143749999999999,0.5206250000000001
2026-08-16 07:05:35.889,52.485,raise,0.0637500000000002,0.5581250000000004
2026-08-16 07:05:35.899,52.495,raise,0.0031250000000004885,0.5531249999999999
2026-08-16 07:05:35.909,52.505,raise,0.009375000000000355,0.51875
2026-08-16 07:05:35.919,52.515,raise,0.07874999999999965,0.566875
2026-08-16 07:05:35.929,52.525,raise,-0.1200000000000001,0.516875
2026-08-16 07:05:35.939,52.535,raise,0.04937500000000039,0.5574999999999997
2026-08-16 07:05:35.949,52.545,raise,-0.02562500000000023,0.5500000000000005
2026-08-16 07:05:35.959,52.555,raise,-0.014374999999999805,0.5200000000000005
2026-08-16 07:05:35.969,52.565,raise,0.07937500000000042,0.5674999999999997
2026-08-16 07:05:35.979,52.575,raise,-0.11312499999999948,0.5162500000000003
2026-08-16 07:05:35.989,52.585,raise,0.06312500000000054,0.5506250000000001
2026-08-16 07:05:35.999,52.595,raise,0.0,0.546875
2026-08-16 07:05:36.009,52.605,raise,-0.043124999999999414,0.5218750000000005
2026-08-16 07:05:36.019,52.615,raise,0.08125000000000049,0.5637500000000006
2026-08-16 07:05:36.029,52.625,raise,-0.11812500000000004,0.5174999999999996
2026-08-16 07:05:36.039,52.635,raise,0.05750000000000033,0.5493749999999997
2026-08-16 07:05:36.049,52.645,raise,-0.02874999999999961,0.5474999999999997
2026-08-16 07:05:36.059,52.655,raise,-0.01187500000000008,0.5262500000000003
2026-08-16 07:05:36.069,52.665,raise,0.07874999999999965,0.565
2026-08-16 07:05:36.079,52.675,raise,-0.1200000000000001,0.516875
2026-08-16 07:05:36.089,52.685,raise,0.06125000000000047,0.5549999999999999
2026-08-16 07:05:36.099,52.695,raise,-0.004999999999999449,0.5556249999999996
2026-08-16 07:05:36.109,52.705,raise,-0.03750000000000031,0.5300000000000005
2026-08-16 07:05:36.119,52.715,raise,0.07937500000000042,0.5674999999999997
2026-08-16 07:05:36.129,52.725,raise,-0.11750000000000038,0.5212499999999998
2026-08-16 07:05:36.139,52.735,raise,0.0593750000000004,0.5556249999999996
2026-08-16 07:05:36.149,52.745,raise,-0.033124999999999405,0.5518750000000006
2026-08-16 07:05:36.159,52.755,raise,-0.00687499999999952,0.5331249999999998
2026-08-16 07:05:36.169,52.765,raise,0.078125,0.565
2026-08-16 07:05:36.179,52.775,raise,-0.12062499999999976,0.51875
2026-08-16 07:05:36.189,52.785,raise,0.06500000000000061,0.5562500000000004
2026-08-16 07:05:36.199,52.795,raise,-0.010624999999999662,0.5474999999999997
2026-08-16 07:05:36.209,52.805,raise,-0.03437499999999982,0.51875
2026-08-16 07:05:36.219,52.815,raise,0.07500000000000062,0.5637500000000006
2026-08-16 07:05:36.229,52.825,raise,-0.11812500000000004,0.5143750000000002
2026-08-16 07:05:36.239,52.835,raise,0.05312500000000053,0.5462500000000003
2026-08-16 07:05:36.249,52.845,raise,0.015625000000000222,0.5462500000000003
2026-08-16 07:05:36.259,52.855,raise,-0.003750000000000142,0.5218750000000005
2026-08-16 07:05:36.269,52.865,raise,0.07687499999999958,0.5681250000000004
2026-08-16 07:05:36.279,52.875,raise,-0.11687499999999962,0.5156250000000007
2026-08-16 07:05:36.289,52.885,raise,0.06249999999999978,0.5512499999999998
2026-08-16 07:05:36.299,52.895,raise,-0.010624999999999662,0.5474999999999997
2026-08-16 07:05:36.309,52.905,raise,-0.02874999999999961,0.5237500000000006
2026-08-16 07:05:36.319,52.915,raise,0.07687499999999958,0.565
2026-08-16 07:05:36.329,52.925,raise,-0.11562500000000031,0.5137500000000006
2026-08-16 07:05:36.339,52.935,raise,0.0593750000000004,0.5506250000000001
2026-08-16 07:05:36.349,52.945,raise,0.014374999999999805,0.5531249999999999
2026-08-16 07:05:36.359,52.955,raise,-0.0024999999999997247,0.5262500000000003
2026-08-16 07:05:36.369,52.965,raise,0.078125,0.5643750000000003
2026-08-16 07:05:36.379,52.975,raise,-0.11375000000000024,0.5149999999999999
2026-08-16 07:05:36.389,52.985,raise,0.06500000000000061,0.5562500000000004
2026-08-16 07:05:36.399,52.995,raise,-0.010624999999999662,0.5562500000000004
2026-08-16 07:05:36.409,53.005,raise,-0.024374999999999813,0.5256250000000007
2026-08-16 07:05:36.419,53.015,raise,0.07874999999999965,0.5637500000000006
2026-08-16 07:05:36.429,53.025,raise,-0.11812500000000004,0.516875
2026-08-16 07:05:36.439,53.035,raise,0.056875000000000675,0.5543750000000003
2026-08-16 07:05:36.449,53.045,raise,0.010000000000000009,0.5512499999999998
2026-08-16 07:05:36.459,53.055,raise,-0.0024999999999997247,0.5174999999999996
2026-08-16 07:05:36.469,53.065,raise,0.07937500000000042,0.565
2026-08-16 07:05:36.479,53.075,raise,-0.11812500000000004,0.516875
2026-08-16 07:05:36.489,53.085,raise,0.0506249999999997,0.5562500000000004
2026-08-16 07:05:36.499,53.095,raise,-0.01187500000000008,0.5518750000000006
2026-08-16 07:05:36.509,53.105,raise,-0.02562500000000023,0.5218750000000005
2026-08-16 07:05:36.519,53.115,raise,0.0824999999999998,0.566875
2026-08-16 07:05:36.529,53.125,raise,-0.11562500000000031,0.5193749999999997
2026-08-16 07:05:36.539,53.135,raise,0.061875000000000124,0.5518750000000006
2026-08-16 07:05:36.549,53.145,raise,0.008749999999999591,0.5512499999999998
2026-08-16 07:05:36.559,53.155,raise,0.0024999999999997247,0.5249999999999999
2026-08-16 07:05:36.569,53.165,raise,0.078125,0.5656249999999996
2026-08-16 07:05:36.579,53.175,raise,-0.12062499999999976,0.516875
2026-08-16 07:05:36.589,53.185,raise,0.05125000000000046,0.5537500000000006
2026-08-16 07:05:36.599,53.195,raise,-0.018124999999999947,0.5500000000000005
2026-08-16 07:05:36.609,53.205,raise,-0.0187499999999996,0.526875
2026-08-16 07:05:36.619,53.215,raise,0.08312500000000056,0.5662500000000004
2026-08-16 07:05:36.629,53.225,raise,-0.1143749999999999,0.51875
2026-08-16 07:05:36.639,53.235,raise,0.06249999999999978,0.5549999999999999
2026-08-16 07:05:36.649,53.245,raise,0.006875000000000631,0.5562500000000004
2026-08-16 07:05:36.659,53.255,raise,-0.050000000000000044,0.5300000000000005
2026-08-16 07:05:36.669,53.265,raise,0.07624999999999993,0.5625000000000002
2026-08-16 07:05:36.679,53.275,raise,-0.11937499999999934,0.51875
2026-08-16 07:05:36.689,53.285,raise,0.05437499999999984,0.5549999999999999
2026-08-16 07:05:36.699,53.295,raise,-0.022499999999999742,0.5537500000000006
2026-08-16 07:05:36.709,53.305,raise,-0.018124999999999947,0.5143750000000002
2026-08-16 07:05:36.719,53.315,raise,0.07937500000000042,0.5662500000000004
2026-08-16 07:05:36.729,53.325,raise,-0.11874999999999969,0.5212499999999998
2026-08-16 07:05:36.739,53.335,raise,0.06249999999999978,0.5549999999999999
2026-08-16 07:05:36.749,53.345,raise,0.001875000000000071,0.5518750000000006
2026-08-16 07:05:36.759,53.355,raise,-0.04375000000000018,0.5181250000000004
2026-08-16 07:05:36.769,53.365,raise,0.07874999999999965,0.5687500000000001
2026-08-16 07:05:36.779,53.375,raise,-0.11750000000000038,0.51875
2026-08-16 07:05:36.789,53.385,raise,0.05437499999999984,0.5474999999999997
2026-08-16 07:05:36.799,53.395,raise,-0.024999999999999467,0.5500000000000005
2026-08-16 07:05:36.809,53.405,raise,-0.01187500000000008,0.51875
2026-08-16 07:05:36.819,53.415,raise,0.07937500000000042,0.5643750000000003
2026-08-16 07:05:36.829,53.425,raise,-0.11312499999999948,0.51875
2026-08-16 07:05:36.839,53.435,raise,0.06249999999999978,0.5518750000000006
2026-08-16 07:05:36.849,53.445,raise,0.0,0.5500000000000005
2026-08-16 07:05:36.859,53.455,raise,-0.04249999999999976,0.5243750000000003
2026-08-16 07:05:36.869,53.465,raise,0.07937500000000042,0.565
2026-08-16 07:05:36.879,53.475,raise,-0.11812500000000004,0.5137500000000006
2026-08-16 07:05:36.889,53.485,raise,0.05249999999999977,0.5518750000000006
2026-08-16 07:05:36.899,53.495,raise,0.02687500000000065,0.556875
2026-08-16 07:05:36.909,53.505,raise,-0.011249999999999316,0.5243750000000003
2026-08-16 07:05:36.919,53.515,raise,0.08187500000000014,0.5618750000000006
2026-08-16 07:05:36.929,53.525,raise,-0.11624999999999996,0.5200000000000005
2026-08-16 07:05:36.939,53.535,raise,0.06312500000000054,0.5531249999999999
2026-08-16 07:05:36.949,53.545,raise,-0.0024999999999997247,0.5537500000000006
2026-08-16 07:05:36.959,53.555,raise,-0.04062499999999969,0.5262500000000003
2026-08-16 07:05:36.969,53.565,raise,0.078125,0.5656249999999996
2026-08-16 07:05:36.979,53.575,raise,-0.12062499999999976,0.5218750000000005
2026-08-16 07:05:36.989,53.585,raise,0.056875000000000675,0.5543750000000003
2026-08-16 07:05:36.999,53.595,raise,0.026249999999999885,0.5543750000000003
2026-08-16 07:05:37.009,53.605,raise,-0.012499999999999734,0.5206250000000001
2026-08-16 07:05:37.019,53.615,raise,0.08125000000000049,0.5674999999999997
2026-08-16 07:05:37.029,53.625,raise,-0.11499999999999955,0.5200000000000005
2026-08-16 07:05:37.039,53.635,raise,0.06937500000000041,0.5512499999999998
2026-08-16 07:05:37.049,53.645,raise,-0.003750000000000142,0.5512499999999998
2026-08-16 07:05:37.059,53.655,raise,-0.038124999999999964,0.5256250000000007
2026-08-16 07:05:37.069,53.665,raise,0.078125,0.5687500000000001
2026-08-16 07:05:37.079,53.675,raise,-0.11812500000000004,0.51875
2026-08-16 07:05:37.089,53.685,raise,0.055000000000000604,0.5525000000000002
2026-08-16 07:05:37.099,53.695,raise,0.019375000000000364,0.5481250000000004
2026-08-16 07:05:37.109,53.705,raise,-0.007500000000000284,0.5237500000000006
2026-08-16 07:05:37.119,53.715,raise,0.08187500000000014,0.5687500000000001
2026-08-16 07:05:37.129,53.725,raise,-0.11812500000000004,0.516875
2026-08-16 07:05:37.139,53.735,raise,0.04812499999999997,0.5525000000000002
2026-08-16 07:05:37.149,53.745,raise,-0.008749999999999591,0.5581250000000004
2026-08-16 07:05:37.159,53.755,raise,-0.03062499999999968,0.5249999999999999
2026-08-16 07:05:37.169,53.765,raise,0.07750000000000035,0.5656249999999996
2026-08-16 07:05:37.179,53.775,raise,-0.11812500000000004,0.5225000000000002
2026-08-16 07:05:37.189,53.785,raise,0.058749999999999636,0.5531249999999999
2026-08-16 07:05:37.199,53.795,raise,0.01687500000000064,0.5531249999999999
2026-08-16 07:05:37.209,53.805,raise,-0.004374999999999796,0.5274999999999996
2026-08-16 07:05:37.219,53.815,raise,0.078125,0.5643750000000003
2026-08-16 07:05:37.229,53.825,raise,-0.11937499999999934,0.5200000000000005
2026-08-16 07:05:37.239,53.835,raise,0.0462499999999999,0.5518750000000006
2026-08-16 07:05:37.249,53.845,raise,-0.014374999999999805,0.5525000000000002
2026-08-16 07:05:37.259,53.855,raise,-0.031249999999999334,0.5112499999999998
2026-08-16 07:05:37.269,53.865,raise,0.07874999999999965,0.5631249999999999
2026-08-16 07:05:37.279,53.875,raise,-0.11750000000000038,0.5149999999999999
2026-08-16 07:05:37.289,53.885,raise,0.05812499999999998,0.5531249999999999
2026-08-16 07:05:37.299,53.895,raise,0.011250000000000426,0.5512499999999998
2026-08-16 07:05:37.309,53.905,raise,-0.05750000000000033,0.5193749999999997
2026-08-16 07:05:37.319,53.915,raise,0.07937500000000042,0.5662500000000004
2026-08-16 07:05:37.329,53.925,raise,-0.11562500000000031,0.5174999999999996
2026-08-16 07:05:37.339,53.935,raise,0.04812499999999997,0.5456250000000007
2026-08-16 07:05:37.349,53.945,raise,-0.010624999999999662,0.5474999999999997
2026-08-16 07:05:37.359,53.955,raise,-0.02375000000000016,0.5212499999999998
2026-08-16 07:05:37.369,53.965,raise,0.08062499999999972,0.5587500000000001
2026-08-16 07:05:37.379,53.975,raise,-0.10937499999999933,0.516875
2026-08-16 07:05:37.389,53.985,raise,0.06062499999999971,0.5506250000000001
2026-08-16 07:05:37.399,53.995,raise,0.011250000000000426,0.5512499999999998
2026-08-16 07:05:37.409,54.005,raise,-0.050000000000000044,0.5225000000000002
2026-08-16 07:05:37.419,54.015,raise,0.08062499999999972,0.5631249999999999
2026-08-16 07:05:37.429,54.025,raise,-0.11874999999999969,0.5156250000000007
2026-08-16 07:05:37.439,54.035,raise,0.04874999999999963,0.5506250000000001
2026-08-16 07:05:37.449,54.045,raise,-0.014374999999999805,0.5543750000000003
2026-08-16 07:05:37.459,54.055,raise,-0.02562500000000023,0.5206250000000001
2026-08-16 07:05:37.469,54.065,raise,0.07874999999999965,0.5643750000000003
2026-08-16 07:05:37.479,54.075,raise,-0.11312499999999948,0.516875
2026-08-16 07:05:37.489,54.085,raise,0.061875000000000124,0.5525000000000002
2026-08-16 07:05:37.499,54.095,raise,0.008124999999999938,0.5525000000000002
2026-08-16 07:05:37.509,54.105,raise,-0.04812499999999997,0.5274999999999996
2026-08-16 07:05:37.519,54.115,raise,0.08187500000000014,0.5637500000000006
2026-08-16 07:05:37.529,54.125,raise,-0.11624999999999996,0.5193749999999997
2026-08-16 07:05:37.539,54.135,raise,0.05249999999999977,0.5549999999999999
2026-08-16 07:05:37.549,54.145,raise,0.03375000000000017,0.5512499999999998
2026-08-16 07:05:37.559,54.155,raise,-0.0187499999999996,0.5162500000000003
2026-08-16 07:05:37.569,54.165,raise,0.08187500000000014,0.5631249999999999
2026-08-16 07:05:37.579,54.175,raise,-0.11187500000000017,0.5200000000000005
2026-08-16 07:05:37.589,54.185,raise,0.06125000000000047,0.5443750000000003
2026-08-16 07:05:37.599,54.195,raise,0.005625000000000213,0.5506250000000001
2026-08-16 07:05:37.609,54.205,raise,-0.04375000000000018,0.5212499999999998
2026-08-16 07:05:37.619,54.215,raise,0.08000000000000007,0.565
2026-08-16 07:05:37.629,54.225,raise,-0.11812500000000004,0.5181250000000004
2026-08-16 07:05:37.639,54.235,raise,0.05624999999999991,0.5500000000000005
2026-08-16 07:05:37.649,54.245,raise,0.03249999999999975,0.5512499999999998
2026-08-16 07:05:37.659,54.255,raise,-0.014999999999999458,0.5206250000000001
2026-08-16 07:05:37.669,54.265,raise,0.078125,0.5600000000000005
2026-08-16 07:05:37.679,54.275,raise,-0.11375000000000024,0.5174999999999996
2026-08-16 07:05:37.689,54.285,raise,0.0593750000000004,0.5493749999999997
2026-08-16 07:05:37.699,54.295,raise,-0.001875000000000071,0.5562500000000004
2026-08-16 07:05:37.709,54.305,raise,-0.04249999999999976,0.5237500000000006
2026-08-16 07:05:37.719,54.315,raise,0.07687499999999958,0.5631249999999999
2026-08-16 07:05:37.729,54.325,raise,-0.11624999999999996,0.5206250000000001
2026-08-16 07:05:37.739,54.335,raise,0.053750000000000187,0.5531249999999999
2026-08-16 07:05:37.749,54.345,raise,0.027500000000000302,0.5593749999999997
2026-08-16 07:05:37.759,54.355,raise,-0.010624999999999662,0.5243750000000003
2026-08-16 07:05:37.769,54.365,raise,0.07750000000000035,0.5674999999999997
2026-08-16 07:05:37.779,54.375,raise,-0.11312499999999948,0.5193749999999997
2026-08-16 07:05:37.789,54.385,raise,0.046875000000000666,0.5537500000000006
2026-08-16 07:05:37.799,54.395,raise,0.0012500000000004174,0.5556249999999996
2026-08-16 07:05:37.809,54.405,raise,-0.03750000000000031,0.5181250000000004
2026-08-16 07:05:37.819,54.415,raise,0.07624999999999993,0.566875
2026-08-16 07:05:37.829,54.425,raise,-0.11624999999999996,0.5200000000000005
2026-08-16 07:05:37.839,54.435,raise,0.05437499999999984,0.5425000000000002
2026-08-16 07:05:37.849,54.445,raise,0.02375000000000016,0.5512499999999998
2026-08-16 07:05:37.859,54.455,raise,-0.011249999999999316,0.5193749999999997
2026-08-16 07:05:37.869,54.465,raise,0.08062499999999972,0.565
2026-08-16 07:05:37.879,54.475,raise,-0.11249999999999982,0.5174999999999996
2026-08-16 07:05:37.889,54.485,raise,0.0462499999999999,0.5481250000000004
2026-08-16 07:05:37.899,54.495,raise,-0.0006249999999996536,0.5512499999999998
2026-08-16 07:05:37.909,54.505,raise,-0.034999999999999476,0.5200000000000005
2026-08-16 07:05:37.919,54.515,raise,0.08062499999999972,0.5618750000000006
2026-08-16 07:05:37.929,54.525,raise,-0.11687499999999962,0.5149999999999999
2026-08-16 07:05:37.939,54.535,raise,0.055000000000000604,0.5506250000000001
2026-08-16 07:05:37.949,54.545,raise,0.023125000000000506,0.556875
2026-08-16 07:05:37.959,54.555,raise,-0.061875000000000124,0.5206250000000001
2026-08-16 07:05:37.969,54.565,raise,0.07937500000000042,0.5631249999999999
2026-08-16 07:05:37.979,54.575,raise,-0.11812500000000004,0.5156250000000007
2026-08-16 07:05:37.989,54.585,raise,0.0506249999999997,0.5481250000000004
2026-08-16 07:05:37.999,54.595,raise,-0.004374999999999796,0.556875
2026-08-16 07:05:38.009,54.605,raise,-0.033124999999999405,0.5249999999999999
2026-08-16 07:05:38.019,54.615,raise,0.08000000000000007,0.5637500000000006
2026-08-16 07:05:38.029,54.625,raise,-0.10812500000000003,0.5225000000000002
2026-08-16 07:05:38.039,54.635,raise,0.0593750000000004,0.5525000000000002
2026-08-16 07:05:38.049,54.645,raise,0.020000000000000018,0.5543750000000003
2026-08-16 07:05:38.059,54.655,raise,-0.05624999999999991,0.5156250000000007
2026-08-16 07:05:38.069,54.665,raise,0.0824999999999998,0.565
2026-08-16 07:05:38.079,54.675,raise,-0.11624999999999996,0.51875
2026-08-16 07:05:38.089,54.685,raise,0.05437499999999984,0.5543750000000003
2026-08-16 07:05:38.099,54.695,raise,-0.008124999999999938,0.5549999999999999
2026-08-16 07:05:38.109,54.705,raise,-0.024374999999999813,0.5162500000000003
2026-08-16 07:05:38.119,54.715,raise,0.08187500000000014,0.5656249999999996
2026-08-16 07:05:38.129,54.725,raise,-0.10937499999999933,0.5174999999999996
2026-08-16 07:05:38.139,54.735,raise,0.06249999999999978,0.5487500000000001
2026-08-16 07:05:38.149,54.745,raise,0.016249999999999876,0.5518750000000006
2026-08-16 07:05:38.159,54.755,raise,-0.05249999999999977,0.516875
2026-08-16 07:05:38.169,54.765,raise,0.07937500000000042,0.5593749999999997
2026-08-16 07:05:38.179,54.775,raise,-0.1143749999999999,0.5174999999999996
2026-08-16 07:05:38.189,54.785,raise,0.051875000000000115,0.546875
2026-08-16 07:05:38.199,54.795,raise,0.04187500000000011,0.5493749999999997
2026-08-16 07:05:38.209,54.805,raise,-0.023124999999999396,0.516875
2026-08-16 07:05:38.219,54.815,raise,0.07500000000000062,0.5612499999999998
2026-08-16 07:05:38.229,54.825,raise,-0.10874999999999968,0.5149999999999999
2026-08-16 07:05:38.239,54.835,raise,0.0593750000000004,0.5481250000000004
2026-08-16 07:05:38.249,54.845,raise,0.008749999999999591,0.5574999999999997
2026-08-16 07:05:38.259,54.855,raise,-0.05124999999999935,0.5212499999999998
2026-08-16 07:05:38.269,54.865,raise,0.07687499999999958,0.5593749999999997
2026-08-16 07:05:38.279,54.875,raise,-0.1143749999999999,0.5256250000000007
2026-08-16 07:05:38.289,54.885,raise,0.051875000000000115,0.5493749999999997
2026-08-16 07:05:38.299,54.895,raise,0.04249999999999976,0.5574999999999997
2026-08-16 07:05:38.309,54.905,raise,-0.024374999999999813,0.5237500000000006
2026-08-16 07:05:38.319,54.915,raise,0.07937500000000042,0.5643750000000003
2026-08-16 07:05:38.329,54.925,raise,-0.10687499999999961,0.5218750000000005
2026-08-16 07:05:38.339,54.935,raise,0.06062499999999971,0.5525000000000002
2026-08-16 07:05:38.349,54.945,raise,0.011250000000000426,0.556875
2026-08-16 07:05:38.359,54.955,raise,-0.04812499999999997,0.5156250000000007
2026-08-16 07:05:38.369,54.965,raise,0.08062499999999972,0.565
2026-08-16 07:05:38.379,54.975,raise,-0.11499999999999955,0.5231249999999998
2026-08-16 07:05:38.389,54.985,raise,0.05249999999999977,0.5481250000000004
2026-08-16 07:05:38.399,54.995,raise,0.03874999999999962,0.5556249999999996
2026-08-16 07:05:38.409,55.005,raise,-0.019375000000000364,0.5193749999999997
2026-08-16 07:05:38.419,55.015,raise,0.07874999999999965,0.5612499999999998
2026-08-16 07:05:38.429,55.025,raise,-0.11249999999999982,0.5181250000000004
2026-08-16 07:05:38.439,55.035,raise,0.04187500000000011,0.5481250000000004
2026-08-16 07:05:38.449,55.045,raise,0.0024999999999997247,0.5481250000000004
2026-08-16 07:05:38.459,55.055,raise,-0.04812499999999997,0.5193749999999997
2026-08-16 07:05:38.469,55.065,raise,0.08187500000000014,0.556875
2026-08-16 07:05:38.479,55.075,raise,-0.11874999999999969,0.516875
2026-08-16 07:05:38.489,55.085,raise,0.05437499999999984,0.5493749999999997
2026-08-16 07:05:38.499,55.095,raise,0.033125000000000515,0.5606250000000002
2026-08-16 07:05:38.509,55.105,raise,-0.01687499999999953,0.5206250000000001
2026-08-16 07:05:38.519,55.115,raise,0.08312500000000056,0.5662500000000004
2026-08-16 07:05:38.529,55.125,raise,-0.1143749999999999,0.5181250000000004
2026-08-16 07:05:38.539,55.135,raise,0.04874999999999963,0.5537500000000006
2026-08-16 07:05:38.549,55.145,raise,0.0031250000000004885,0.5587500000000001
2026-08-16 07:05:38.559,55.155,raise,-0.04249999999999976,0.5237500000000006
2026-08-16 07:05:38.569,55.165,raise,0.08312500000000056,0.566875
2026-08-16 07:05:38.579,55.175,raise,-0.11562500000000031,0.5243750000000003
2026-08-16 07:05:38.589,55.185,raise,0.05437499999999984,0.5549999999999999
2026-08-16 07:05:38.599,55.195,raise,0.030000000000000027,0.5600000000000005
2026-08-16 07:05:38.609,55.205,raise,-0.06687499999999957,0.5137500000000006
2026-08-16 07:05:38.619,55.215,raise,0.0824999999999998,0.5656249999999996
2026-08-16 07:05:38.629,55.225,raise,-0.11187500000000017,0.5218750000000005
2026-08-16 07:05:38.639,55.235,raise,0.04812499999999997,0.5531249999999999
2026-08-16 07:05:38.649,55.245,raise,0.0,0.5556249999999996
2026-08-16 07:05:38.659,55.255,raise,-0.03750000000000031,0.516875
2026-08-16 07:05:38.669,55.265,raise,0.07874999999999965,0.5637500000000006
2026-08-16 07:05:38.679,55.275,raise,-0.10312499999999947,0.5193749999999997
2026-08-16 07:05:38.689,55.285,raise,0.055000000000000604,0.5425000000000002
2026-08-16 07:05:38.699,55.295,raise,0.026249999999999885,0.5512499999999998
2026-08-16 07:05:38.709,55.305,raise,-0.06687499999999957,0.5156250000000007
2026-08-16 07:05:38.719,55.315,raise,0.07937500000000042,0.5600000000000005
2026-08-16 07:05:38.729,55.325,raise,-0.1143749999999999,0.5174999999999996
2026-08-16 07:05:38.739,55.335,raise,0.0462499999999999,0.5487500000000001
2026-08-16 07:05:38.749,55.345,raise,-0.001875000000000071,0.5593749999999997
2026-08-16 07:05:38.759,55.355,raise,-0.038124999999999964,0.5206250000000001
2026-08-16 07:05:38.769,55.365,raise,0.08375000000000021,0.5606250000000002
2026-08-16 07:05:38.779,55.375,raise,-0.10000000000000009,0.5181250000000004
2026-08-16 07:05:38.789,55.385,raise,0.05624999999999991,0.5481250000000004
2026-08-16 07:05:38.799,55.395,raise,0.024374999999999813,0.5587500000000001
2026-08-16 07:05:38.809,55.405,raise,-0.061875000000000124,0.5206250000000001
2026-08-16 07:05:38.819,55.415,raise,0.08062499999999972,0.5643750000000003
2026-08-16 07:05:38.829,55.425,raise,-0.11499999999999955,0.5243750000000003
2026-08-16 07:05:38.839,55.435,raise,0.050000000000000044,0.5543750000000003
2026-08-16 07:05:38.849,55.445,raise,0.05312500000000053,0.5587500000000001
2026-08-16 07:05:38.859,55.455,raise,-0.03249999999999975,0.5137500000000006
2026-08-16 07:05:38.869,55.465,raise,0.07937500000000042,0.565
2026-08-16 07:05:38.879,55.475,raise,-0.10375000000000023,0.5218750000000005
2026-08-16 07:05:38.889,55.485,raise,0.0593750000000004,0.5525000000000002
2026-08-16 07:05:38.899,55.495,raise,0.0187499999999996,0.5556249999999996
2026-08-16 07:05:38.909,55.505,raise,-0.06124999999999936,0.5181250000000004
2026-08-16 07:05:38.919,55.515,raise,0.07750000000000035,0.5618750000000006
2026-08-16 07:05:38.929,55.525,raise,-0.11937499999999934,0.5200000000000005
2026-08-16 07:05:38.939,55.535,raise,0.05125000000000046,0.5462500000000003
2026-08-16 07:05:38.949,55.545,raise,0.050000000000000044,0.5512499999999998
2026-08-16 07:05:38.959,55.555,raise,-0.03062499999999968,0.5131249999999998
2026-08-16 07:05:38.969,55.565,raise,0.07937500000000042,0.5593749999999997
2026-08-16 07:05:38.979,55.575,raise,-0.10437499999999988,0.516875
2026-08-16 07:05:38.989,55.585,raise,0.06062499999999971,0.5462500000000003
2026-08-16 07:05:38.999,55.595,raise,0.0187499999999996,0.5543750000000003
2026-08-16 07:05:39.009,55.605,raise,-0.05624999999999991,0.5181250000000004
2026-08-16 07:05:39.019,55.615,raise,0.07937500000000042,0.5631249999999999
2026-08-16 07:05:39.029,55.625,raise,-0.11562500000000031,0.5206250000000001
2026-08-16 07:05:39.039,55.635,raise,0.0506249999999997,0.5506250000000001
2026-08-16 07:05:39.049,55.645,raise,0.04125000000000045,0.5606250000000002
2026-08-16 07:05:39.059,55.655,raise,-0.02562500000000023,0.5218750000000005
2026-08-16 07:05:39.069,55.665,raise,0.08125000000000049,0.5662500000000004
2026-08-16 07:05:39.079,55.675,raise,-0.10812500000000003,0.5281250000000004
2026-08-16 07:05:39.089,55.685,raise,0.04249999999999976,0.5506250000000001
2026-08-16 07:05:39.099,55.695,raise,0.012499999999999734,0.5581250000000004
2026-08-16 07:05:39.109,55.705,raise,-0.05124999999999935,0.5262500000000003
2026-08-16 07:05:39.119,55.715,raise,0.07937500000000042,0.5681250000000004
2026-08-16 07:05:39.129,55.725,raise,-0.1143749999999999,0.5256250000000007
2026-08-16 07:05:39.139,55.735,raise,0.0506249999999997,0.5493749999999997
2026-08-16 07:05:39.149,55.745,raise,0.04125000000000045,0.5612499999999998
2026-08-16 07:05:39.159,55.755,raise,-0.07750000000000035,0.5149999999999999
2026-08-16 07:05:39.169,55.765,raise,0.08062499999999972,0.5643750000000003
2026-08-16 07:05:39.179,55.775,raise,-0.11062499999999975,0.5193749999999997
2026-08-16 07:05:39.189,55.785,raise,0.04187500000000011,0.5406250000000001
2026-08-16 07:05:39.199,55.795,raise,0.013125000000000497,0.5587500000000001
2026-08-16 07:05:39.209,55.805,raise,-0.051875000000000115,0.5143750000000002
2026-08-16 07:05:39.219,55.815,raise,0.07937500000000042,0.5656249999999996
2026-08-16 07:05:39.229,55.825,raise,-0.11499999999999955,0.5206250000000001
2026-08-16 07:05:39.239,55.835,raise,0.05125000000000046,0.5456250000000007
2026-08-16 07:05:39.249,55.845,raise,0.03874999999999962,0.5543750000000003
2026-08-16 07:05:39.259,55.855,raise,-0.07437499999999986,0.5174999999999996
2026-08-16 07:05:39.269,55.865,raise,0.08062499999999972,0.5625000000000002
2026-08-16 07:05:39.279,55.875,raise,-0.1112499999999994,0.5218750000000005
2026-08-16 07:05:39.289,55.885,raise,0.04562500000000025,0.5506250000000001
2026-08-16 07:05:39.299,55.895,raise,0.008749999999999591,0.5587500000000001
2026-08-16 07:05:39.309,55.905,raise,-0.0462499999999999,0.5206250000000001
2026-08-16 07:05:39.319,55.915,raise,0.08375000000000021,0.5631249999999999
2026-08-16 07:05:39.329,55.925,raise,-0.0968749999999996,0.5200000000000005
2026-08-16 07:05:39.339,55.935,raise,0.053750000000000187,0.5512499999999998
2026-08-16 07:05:39.349,55.945,raise,0.03874999999999962,0.5587500000000001
2026-08-16 07:05:39.359,55.955,raise,-0.07187500000000013,0.5249999999999999
2026-08-16 07:05:39.369,55.965,raise,0.08187500000000014,0.5662500000000004
2026-08-16 07:05:39.379,55.975,raise,-0.11187500000000017,0.526875
2026-08-16 07:05:39.389,55.985,raise,0.04562500000000025,0.5543750000000003
2026-08-16 07:05:39.399,55.995,raise,0.0024999999999997247,0.5556249999999996
2026-08-16 07:05:39.409,56.005,raise,-0.043124999999999414,0.5156250000000007
2026-08-16 07:05:39.419,56.015,raise,0.07937500000000042,0.5656249999999996
2026-08-16 07:05:39.429,56.025,raise,-0.09812500000000002,0.5249999999999999
2026-08-16 07:05:39.439,56.035,raise,0.05312500000000053,0.5531249999999999
2026-08-16 07:05:39.449,56.045,raise,0.029375000000000373,0.5556249999999996
2026-08-16 07:05:39.459,56.055,raise,-0.06812499999999999,0.5143750000000002
2026-08-16 07:05:39.469,56.065,raise,0.07687499999999958,0.5637500000000006
2026-08-16 07:05:39.479,56.075,raise,-0.11375000000000024,0.5237500000000006
2026-08-16 07:05:39.489,56.085,raise,0.04750000000000032,0.5456250000000007
2026-08-16 07:05:39.499,56.095,raise,0.0593750000000004,0.5562500000000004
2026-08-16 07:05:39.509,56.105,raise,-0.04062499999999969,0.516875
2026-08-16 07:05:39.519,56.115,raise,0.078125,0.565
2026-08-16 07:05:39.529,56.125,raise,-0.09812500000000002,0.5218750000000005
2026-08-16 07:05:39.539,56.135,raise,0.05312500000000053,0.5443750000000003
2026-08-16 07:05:39.549,56.145,raise,0.031250000000000444,0.5518750000000006
2026-08-16 07:05:39.559,56.155,raise,-0.061875000000000124,0.5181250000000004
2026-08-16 07:05:39.569,56.165,raise,0.07562500000000028,0.5656249999999996
2026-08-16 07:05:39.579,56.175,raise,-0.11187500000000017,0.5225000000000002
2026-08-16 07:05:39.589,56.185,raise,0.04937500000000039,0.546875
2026-08-16 07:05:39.599,56.195,raise,0.056875000000000675,0.5581250000000004
2026-08-16 07:05:39.609,56.205,raise,-0.03874999999999962,0.5206250000000001
2026-08-16 07:05:39.619,56.215,raise,0.07750000000000035,0.5656249999999996
2026-08-16 07:05:39.629,56.225,raise,-0.10000000000000009,0.5300000000000005
2026-08-16 07:05:39.639,56.235,raise,0.056875000000000675,0.5493749999999997
2026-08-16 07:05:39.649,56.245,raise,0.02687500000000065,0.5593749999999997
2026-08-16 07:05:39.659,56.255,raise,-0.06312499999999943,0.5118750000000005
2026-08-16 07:05:39.669,56.265,raise,0.07437499999999986,0.5637500000000006
2026-08-16 07:05:39.679,56.275,raise,-0.11687499999999962,0.5274999999999996
2026-08-16 07:05:39.689,56.285,raise,0.04562500000000025,0.5506250000000001
2026-08-16 07:05:39.699,56.295,raise,0.05624999999999991,0.5581250000000004
2026-08-16 07:05:39.709,56.305,raise,-0.03687499999999955,0.5156250000000007
2026-08-16 07:05:39.719,56.315,raise,0.078125,0.5612499999999998
2026-08-16 07:05:39.729,56.325,raise,-0.10312499999999947,0.5225000000000002
2026-08-16 07:05:39.739,56.335,raise,0.033125000000000515,0.5443750000000003
2026-08-16 07:05:39.749,56.345,raise,0.021250000000000435,0.556875
2026-08-16 07:05:39.759,56.355,raise,-0.06124999999999936,0.5181250000000004
2026-08-16 07:05:39.769,56.365,raise,0.08187500000000014,0.5625000000000002
2026-08-16 07:05:39.779,56.375,raise,-0.11624999999999996,0.5212499999999998
2026-08-16 07:05:39.789,56.385,raise,0.050000000000000044,0.5481250000000004
2026-08-16 07:05:39.799,56.395,raise,0.05312500000000053,0.5549999999999999
2026-08-16 07:05:39.809,56.405,raise,-0.08375000000000021,0.5200000000000005
2026-08-16 07:05:39.819,56.415,raise,0.0824999999999998,0.5662500000000004
2026-08-16 07:05:39.829,56.425,raise,-0.10624999999999996,0.5225000000000002
2026-08-16 07:05:39.839,56.435,raise,0.03874999999999962,0.5512499999999998
2026-08-16 07:05:39.849,56.445,raise,0.017500000000000293,0.5625000000000002
2026-08-16 07:05:39.859,56.455,raise,-0.06062499999999971,0.51875
2026-08-16 07:05:39.869,56.465,raise,0.07937500000000042,0.566875
2026-08-16 07:05:39.879,56.475,raise,-0.11624999999999996,0.5293749999999997
2026-08-16 07:05:39.889,56.485,raise,0.0506249999999997,0.5525000000000002
2026-08-16 07:05:39.899,56.495,raise,0.04562500000000025,0.5600000000000005
2026-08-16 07:05:39.909,56.505,raise,-0.08062499999999972,0.5218750000000005
2026-08-16 07:05:39.919,56.515,raise,0.07562500000000028,0.5656249999999996
2026-08-16 07:05:39.929,56.525,raise,-0.10750000000000037,0.5274999999999996
2026-08-16 07:05:39.939,56.535,raise,0.03937500000000038,0.5487500000000001
2026-08-16 07:05:39.949,56.545,raise,0.013125000000000497,0.5581250000000004
2026-08-16 07:05:39.959,56.555,raise,-0.053750000000000187,0.5156250000000007
2026-08-16 07:05:39.969,56.565,raise,0.07687499999999958,0.5643750000000003
2026-08-16 07:05:39.979,56.575,raise,-0.09000000000000008,0.5249999999999999
2026-08-16 07:05:39.989,56.585,raise,0.0506249999999997,0.5412499999999998
2026-08-16 07:05:39.999,56.595,raise,0.046875000000000666,0.556875
2026-08-16 07:05:40.009,56.605,raise,-0.07687499999999958,0.5149999999999999
2026-08-16 07:05:40.019,56.615,raise,0.07687499999999958,0.5662500000000004
2026-08-16 07:05:40.029,56.625,raise,-0.10750000000000037,0.5231249999999998
2026-08-16 07:05:40.039,56.635,raise,0.03937500000000038,0.5437500000000006
2026-08-16 07:05:40.049,56.645,raise,0.06312500000000054,0.5556249999999996
2026-08-16 07:05:40.059,56.655,raise,-0.053750000000000187,0.5181250000000004
2026-08-16 07:05:40.069,56.665,raise,0.08000000000000007,0.5625000000000002
2026-08-16 07:05:40.079,56.675,raise,-0.08874999999999966,0.5225000000000002
2026-08-16 07:05:40.089,56.685,raise,0.05125000000000046,0.5474999999999997
2026-08-16 07:05:40.099,56.695,raise,0.04187500000000011,0.5612499999999998
2026-08-16 07:05:40.109,56.705,raise,-0.07624999999999993,0.5193749999999997
2026-08-16 07:05:40.119,56.715,raise,0.07937500000000042,0.565
2026-08-16 07:05:40.129,56.725,raise,-0.1100000000000001,0.5231249999999998
2026-08-16 07:05:40.139,56.735,raise,0.04125000000000045,0.5493749999999997
2026-08-16 07:05:40.149,56.745,raise,0.06000000000000005,0.5625000000000002
2026-08-16 07:05:40.159,56.755,raise,-0.04937500000000039,0.5193749999999997
2026-08-16 07:05:40.169,56.765,raise,0.07562500000000028,0.5625000000000002
2026-08-16 07:05:40.179,56.775,raise,-0.09375000000000022,0.526875
2026-08-16 07:05:40.189,56.785,raise,0.051875000000000115,0.5449999999999999
2026-08-16 07:05:40.199,56.795,raise,0.03874999999999962,0.556875
2026-08-16 07:05:40.209,56.805,raise,-0.07124999999999937,0.5125000000000002
2026-08-16 07:05:40.219,56.815,raise,0.07500000000000062,0.5637500000000006
2026-08-16 07:05:40.229,56.825,raise,-0.11187500000000017,0.5249999999999999
2026-08-16 07:05:40.239,56.835,raise,0.043125000000000524,0.5481250000000004
2026-08-16 07:05:40.249,56.845,raise,0.06249999999999978,0.5574999999999997
2026-08-16 07:05:40.259,56.855,raise,-0.04750000000000032,0.5149999999999999
2026-08-16 07:05:40.269,56.865,raise,0.08125000000000049,0.565
2026-08-16 07:05:40.279,56.875,raise,-0.09624999999999995,0.5256250000000007
2026-08-16 07:05:40.289,56.885,raise,0.05312500000000053,0.5425000000000002
2026-08-16 07:05:40.299,56.895,raise,0.0318750000000001,0.5593749999999997
2026-08-16 07:05:40.309,56.905,raise,-0.06812499999999999,0.5156250000000007
2026-08-16 07:05:40.319,56.915,raise,0.07687499999999958,0.5643750000000003
2026-08-16 07:05:40.329,56.925,raise,-0.1112499999999994,0.5231249999999998
2026-08-16 07:05:40.339,56.935,raise,0.04874999999999963,0.5462500000000003
2026-08-16 07:05:40.349,56.945,raise,0.06000000000000005,0.5531249999999999
2026-08-16 07:05:40.359,56.955,raise,-0.04375000000000018,0.516875
2026-08-16 07:05:40.369,56.965,raise,0.07874999999999965,0.5637500000000006
2026-08-16 07:05:40.379,56.975,raise,-0.09812500000000002,0.5225000000000002
2026-08-16 07:05:40.389,56.985,raise,0.03687500000000066,0.5462500000000003
2026-08-16 07:05:40.399,56.995,raise,0.026249999999999885,0.5643750000000003
2026-08-16 07:05:40.409,57.005,raise,-0.06624999999999992,0.51875
2026-08-16 07:05:40.419,57.015,raise,0.07624999999999993,0.5625000000000002
2026-08-16 07:05:40.429,57.025,raise,-0.11062499999999975,0.5274999999999996
2026-08-16 07:05:40.439,57.035,raise,0.043125000000000524,0.5474999999999997
2026-08-16 07:05:40.449,57.045,raise,0.05624999999999991,0.5581250000000004
2026-08-16 07:05:40.459,57.055,raise,-0.08937500000000043,0.51875
2026-08-16 07:05:40.469,57.065,raise,0.07624999999999993,0.5625000000000002
2026-08-16 07:05:40.479,57.075,raise,-0.09937499999999932,0.5281250000000004
2026-08-16 07:05:40.489,57.085,raise,0.03249999999999975,0.5493749999999997
2026-08-16 07:05:40.499,57.095,raise,0.028124999999999956,0.5593749999999997
2026-08-16 07:05:40.509,57.105,raise,-0.06624999999999992,0.5149999999999999
2026-08-16 07:05:40.519,57.115,raise,0.07750000000000035,0.565
2026-08-16 07:05:40.529,57.125,raise,-0.11499999999999955,0.5262500000000003
2026-08-16 07:05:40.539,57.135,raise,0.045000000000000595,0.5387500000000001
2026-08-16 07:05:40.549,57.145,raise,0.05562500000000026,0.5593749999999997
2026-08-16 07:05:40.559,57.155,raise,-0.08562500000000028,0.5137500000000006
2026-08-16 07:05:40.569,57.165,raise,0.07687499999999958,0.5606250000000002
2026-08-16 07:05:40.579,57.175,raise,-0.10062499999999974,0.5243750000000003
2026-08-16 07:05:40.589,57.185,raise,0.03562500000000024,0.5431249999999999
2026-08-16 07:05:40.599,57.195,raise,0.024374999999999813,0.556875
2026-08-16 07:05:40.609,57.205,raise,-0.06249999999999978,0.51875
2026-08-16 07:05:40.619,57.215,raise,0.07750000000000035,0.5637500000000006
2026-08-16 07:05:40.629,57.225,raise,-0.08624999999999994,0.5225000000000002
2026-08-16 07:05:40.639,57.235,raise,0.04874999999999963,0.5449999999999999
2026-08-16 07:05:40.649,57.245,raise,0.05125000000000046,0.5606250000000002
2026-08-16 07:05:40.659,57.255,raise,-0.08312499999999945,0.5200000000000005
2026-08-16 07:05:40.669,57.265,raise,0.07937500000000042,0.5612499999999998
2026-08-16 07:05:40.679,57.275,raise,-0.10750000000000037,0.5300000000000005
2026-08-16 07:05:40.689,57.285,raise,0.03874999999999962,0.5456250000000007
2026-08-16 07:05:40.699,57.295,raise,0.06437499999999985,0.5562500000000004
2026-08-16 07:05:40.709,57.305,raise,-0.06062499999999971,0.51875
2026-08-16 07:05:40.719,57.315,raise,0.07750000000000035,0.5618750000000006
2026-08-16 07:05:40.729,57.325,raise,-0.08687499999999959,0.5281250000000004
2026-08-16 07:05:40.739,57.335,raise,0.04812499999999997,0.5493749999999997
2026-08-16 07:05:40.749,57.345,raise,0.045000000000000595,0.5618750000000006
2026-08-16 07:05:40.759,57.355,raise,-0.07937500000000042,0.5125000000000002
2026-08-16 07:05:40.769,57.365,raise,0.078125,0.565
2026-08-16 07:05:40.779,57.375,raise,-0.10375000000000023,0.5256250000000007
2026-08-16 07:05:40.789,57.385,raise,0.043125000000000524,0.5387500000000001
2026-08-16 07:05:40.799,57.395,raise,0.06312500000000054,0.5631249999999999
2026-08-16 07:05:40.809,57.405,raise,-0.053750000000000187,0.5162500000000003
2026-08-16 07:05:40.819,57.415,raise,0.07750000000000035,0.5681250000000004
2026-08-16 07:05:40.829,57.425,raise,-0.08750000000000036,0.5249999999999999
2026-08-16 07:05:40.839,57.435,raise,0.04874999999999963,0.5406250000000001
2026-08-16 07:05:40.849,57.445,raise,0.04249999999999976,0.5587500000000001
2026-08-16 07:05:40.859,57.455,raise,-0.07687499999999958,0.5156250000000007
2026-08-16 07:05:40.869,57.465,raise,0.07562500000000028,0.5587500000000001
2026-08-16 07:05:40.879,57.475,raise,-0.10687499999999961,0.5249999999999999
2026-08-16 07:05:40.889,57.485,raise,0.03937500000000038,0.5437500000000006
2026-08-16 07:05:40.899,57.495,raise,0.06624999999999992,0.5606250000000002
2026-08-16 07:05:40.909,57.505,raise,-0.0506249999999997,0.5174999999999996
2026-08-16 07:05:40.919,57.515,raise,0.07125000000000048,0.5593749999999997
2026-08-16 07:05:40.929,57.525,raise,-0.09124999999999939,0.5206250000000001
2026-08-16 07:05:40.939,57.535,raise,0.027500000000000302,0.5437500000000006
2026-08-16 07:05:40.949,57.545,raise,0.03937500000000038,0.5600000000000005
2026-08-16 07:05:40.959,57.555,raise,-0.07874999999999965,0.5193749999999997
2026-08-16 07:05:40.969,57.565,raise,0.07125000000000048,0.5625000000000002
2026-08-16 07:05:40.979,57.575,raise,-0.1112499999999994,0.5293749999999997
2026-08-16 07:05:40.989,57.585,raise,0.043125000000000524,0.5456250000000007
2026-08-16 07:05:40.999,57.595,raise,0.06249999999999978,0.5600000000000005
2026-08-16 07:05:41.009,57.605,raise,-0.05249999999999977,0.5118750000000005
2026-08-16 07:05:41.019,57.615,raise,0.07624999999999993,0.5643750000000003
2026-08-16 07:05:41.029,57.625,raise,-0.09124999999999939,0.52875
2026-08-16 07:05:41.039,57.635,raise,0.03249999999999975,0.5487500000000001
2026-08-16 07:05:41.049,57.645,raise,0.033125000000000515,0.5618750000000006
2026-08-16 07:05:41.059,57.655,raise,-0.07562500000000028,0.5162500000000003
2026-08-16 07:05:41.069,57.665,raise,0.078125,0.565
2026-08-16 07:05:41.079,57.675,raise,-0.1100000000000001,0.5249999999999999
2026-08-16 07:05:41.089,57.685,raise,0.04562500000000025,0.5406250000000001
2026-08-16 07:05:41.099,57.695,raise,0.0637500000000002,0.5574999999999997
2026-08-16 07:05:41.109,57.705,raise,-0.09437499999999988,0.5149999999999999
2026-08-16 07:05:41.119,57.715,raise,0.07874999999999965,0.5606250000000002
2026-08-16 07:05:41.129,57.725,raise,-0.09375000000000022,0.5249999999999999
2026-08-16 07:05:41.139,57.735,raise,0.03562500000000024,0.5418750000000006
2026-08-16 07:05:41.149,57.745,raise,0.033125000000000515,0.5581250000000004
2026-08-16 07:05:41.159,57.755,raise,-0.07249999999999979,0.516875
2026-08-16 07:05:41.169,57.765,raise,0.07437499999999986,0.5625000000000002
2026-08-16 07:05:41.179,57.775,raise,-0.07624999999999993,0.5174999999999996
2026-08-16 07:05:41.189,57.785,raise,0.04375000000000018,0.5443750000000003
2026-08-16 07:05:41.199,57.795,raise,0.05750000000000033,0.5643750000000003
2026-08-16 07:05:41.209,57.805,raise,-0.09062499999999973,0.5137500000000006
2026-08-16 07:05:41.219,57.815,raise,0.07562500000000028,0.5612499999999998
2026-08-16 07:05:41.229,57.825,raise,-0.0968749999999996,0.5300000000000005
2026-08-16 07:05:41.239,57.835,raise,0.03249999999999975,0.5462500000000003
2026-08-16 07:05:41.249,57.845,raise,0.030000000000000027,0.5612499999999998
2026-08-16 07:05:41.259,57.855,raise,-0.06750000000000034,0.5181250000000004
2026-08-16 07:05:41.269,57.865,raise,0.07624999999999993,0.5643750000000003
2026-08-16 07:05:41.279,57.875,raise,-0.07499999999999951,0.5293749999999997
2026-08-16 07:05:41.289,57.885,raise,0.04562500000000025,0.546875
2026-08-16 07:05:41.299,57.895,raise,0.05750000000000033,0.5625000000000002
2026-08-16 07:05:41.309,57.905,raise,-0.09000000000000008,0.5149999999999999
2026-08-16 07:05:41.319,57.915,raise,0.078125,0.5631249999999999
2026-08-16 07:05:41.329,57.925,raise,-0.0956250000000003,0.5281250000000004
2026-08-16 07:05:41.339,57.935,raise,0.03562500000000024,0.5406250000000001
2026-08-16 07:05:41.349,57.945,raise,0.07000000000000006,0.5606250000000002
2026-08-16 07:05:41.359,57.955,raise,-0.06750000000000034,0.516875
2026-08-16 07:05:41.369,57.965,raise,0.07874999999999965,0.5637500000000006
2026-08-16 07:05:41.379,57.975,raise,-0.07562500000000028,0.5243750000000003
2026-08-16 07:05:41.389,57.985,raise,0.04750000000000032,0.5449999999999999
2026-08-16 07:05:41.399,57.995,raise,0.056875000000000675,0.556875
2026-08-16 07:05:41.409,58.005,raise,-0.08937500000000043,0.5181250000000004
2026-08-16 07:05:41.419,58.015,raise,0.07249999999999979,0.5600000000000005
2026-08-16 07:05:41.429,58.025,raise,-0.10437499999999988,0.5225000000000002
2026-08-16 07:05:41.439,58.035,raise,0.03624999999999989,0.5412499999999998
2026-08-16 07:05:41.449,58.045,raise,0.07000000000000006,0.5587500000000001
2026-08-16 07:05:41.459,58.055,raise,-0.06437499999999985,0.5162500000000003
2026-08-16 07:05:41.469,58.065,raise,0.07750000000000035,0.5625000000000002
2026-08-16 07:05:41.479,58.075,raise,-0.08312499999999945,0.5325000000000002
2026-08-16 07:05:41.489,58.085,raise,0.04874999999999963,0.5474999999999997
2026-08-16 07:05:41.499,58.095,raise,0.0506249999999997,0.5618750000000006
2026-08-16 07:05:41.509,58.105,raise,-0.08375000000000021,0.5162500000000003
2026-08-16 07:05:41.519,58.115,raise,0.07125000000000048,0.5637500000000006
2026-08-16 07:05:41.529,58.125,raise,-0.10375000000000023,0.5325000000000002
2026-08-16 07:05:41.539,58.135,raise,0.03874999999999962,0.5481250000000004
2026-08-16 07:05:41.549,58.145,raise,0.07000000000000006,0.5606250000000002
2026-08-16 07:05:41.559,58.155,raise,-0.06000000000000005,0.5162500000000003
2026-08-16 07:05:41.569,58.165,raise,0.07500000000000062,0.566875
2026-08-16 07:05:41.579,58.175,raise,-0.08375000000000021,0.52875
2026-08-16 07:05:41.589,58.185,raise,0.025000000000000577,0.5381250000000004
2026-08-16 07:05:41.599,58.195,raise,0.04937500000000039,0.5631249999999999
2026-08-16 07:05:41.609,58.205,raise,-0.08187500000000014,0.5125000000000002
2026-08-16 07:05:41.619,58.215,raise,0.07187500000000013,0.565
2026-08-16 07:05:41.629,58.225,raise,-0.10312499999999947,0.5274999999999996
2026-08-16 07:05:41.639,58.235,raise,0.040000000000000036,0.5412499999999998
2026-08-16 07:05:41.649,58.245,raise,0.06687500000000068,0.5600000000000005
2026-08-16 07:05:41.659,58.255,raise,-0.0593750000000004,0.5149999999999999
2026-08-16 07:05:41.669,58.265,raise,0.07437499999999986,0.5587500000000001
2026-08-16 07:05:41.679,58.275,raise,-0.08750000000000036,0.5274999999999996
2026-08-16 07:05:41.689,58.285,raise,0.025000000000000577,0.5406250000000001
2026-08-16 07:05:41.699,58.295,raise,0.04562500000000025,0.5612499999999998
2026-08-16 07:05:41.709,58.305,raise,-0.08499999999999952,0.5149999999999999
2026-08-16 07:05:41.719,58.315,raise,0.07249999999999979,0.5600000000000005
2026-08-16 07:05:41.729,58.325,raise,-0.10687499999999961,0.5243750000000003
2026-08-16 07:05:41.739,58.335,raise,0.03687500000000066,0.5437500000000006
2026-08-16 07:05:41.749,58.345,raise,0.06624999999999992,0.5581250000000004
2026-08-16 07:05:41.759,58.355,raise,-0.09937499999999932,0.5156250000000007
2026-08-16 07:05:41.769,58.365,raise,0.078125,0.5631249999999999
2026-08-16 07:05:41.779,58.375,raise,-0.08874999999999966,0.5318750000000005
2026-08-16 07:05:41.789,58.385,raise,0.027500000000000302,0.546875
2026-08-16 07:05:41.799,58.395,raise,0.043125000000000524,0.5618750000000006
2026-08-16 07:05:41.809,58.405,raise,-0.07937500000000042,0.5125000000000002
2026-08-16 07:05:41.819,58.415,raise,0.07874999999999965,0.5631249999999999
2026-08-16 07:05:41.829,58.425,raise,-0.07000000000000006,0.5318750000000005
2026-08-16 07:05:41.839,58.435,raise,0.04125000000000045,0.5449999999999999
2026-08-16 07:05:41.849,58.445,raise,0.06437499999999985,0.5612499999999998
2026-08-16 07:05:41.859,58.455,raise,-0.09624999999999995,0.5112499999999998
2026-08-16 07:05:41.869,58.465,raise,0.07687499999999958,0.5656249999999996
2026-08-16 07:05:41.879,58.475,raise,-0.0924999999999998,0.52875
2026-08-16 07:05:41.889,58.485,raise,0.029375000000000373,0.5393749999999997
2026-08-16 07:05:41.899,58.495,raise,0.03687500000000066,0.5612499999999998
2026-08-16 07:05:41.909,58.505,raise,-0.07687499999999958,0.5143750000000002
2026-08-16 07:05:41.919,58.515,raise,0.07562500000000028,0.5593749999999997
2026-08-16 07:05:41.929,58.525,raise,-0.07000000000000006,0.526875
2026-08-16 07:05:41.939,58.535,raise,0.040000000000000036,0.5362500000000003
2026-08-16 07:05:41.949,58.545,raise,0.06312500000000054,0.5549999999999999
2026-08-16 07:05:41.959,58.555,raise,-0.09437499999999988,0.5137500000000006
2026-08-16 07:05:41.969,58.565,raise,0.07437499999999986,0.556875
2026-08-16 07:05:41.979,58.575,raise,-0.09375000000000022,0.5218750000000005
2026-08-16 07:05:41.989,58.585,raise,0.033125000000000515,0.5431249999999999
2026-08-16 07:05:41.999,58.595,raise,0.06937500000000041,0.5618750000000006
2026-08-16 07:05:42.009,58.605,raise,-0.07187500000000013,0.5174999999999996
2026-08-16 07:05:42.019,58.615,raise,0.07562500000000028,0.5643750000000003
2026-08-16 07:05:42.029,58.625,raise,-0.06937500000000041,0.5331249999999998
2026-08-16 07:05:42.039,58.635,raise,0.04437499999999983,0.5449999999999999
2026-08-16 07:05:42.049,58.645,raise,0.06312500000000054,0.5600000000000005
2026-08-16 07:05:42.059,58.655,raise,-0.09375000000000022,0.5162500000000003
2026-08-16 07:05:42.069,58.665,raise,0.07937500000000042,0.5643750000000003
2026-08-16 07:05:42.079,58.675,raise,-0.0956250000000003,0.5331249999999998
2026-08-16 07:05:42.089,58.685,raise,0.027500000000000302,0.5487500000000001
2026-08-16 07:05:42.099,58.695,raise,0.07249999999999979,0.5600000000000005
2026-08-16 07:05:42.109,58.705,raise,-0.07312499999999944,0.5137500000000006
2026-08-16 07:05:42.119,58.715,raise,0.08125000000000049,0.5593749999999997
2026-08-16 07:05:42.129,58.725,raise,-0.07000000000000006,0.5312499999999998
2026-08-16 07:05:42.139,58.735,raise,0.045000000000000595,0.5356250000000007
2026-08-16 07:05:42.149,58.745,raise,0.061875000000000124,0.5587500000000001
2026-08-16 07:05:42.159,58.755,raise,-0.09187500000000015,0.5156250000000007
2026-08-16 07:05:42.169,58.765,raise,0.07312500000000055,0.5537500000000006
2026-08-16 07:05:42.179,58.775,raise,-0.1012499999999994,0.5262500000000003
2026-08-16 07:05:42.189,58.785,raise,0.03437499999999982,0.536875
2026-08-16 07:05:42.199,58.795,raise,0.06937500000000041,0.5587500000000001
2026-08-16 07:05:42.209,58.805,raise,-0.07124999999999937,0.5149999999999999
2026-08-16 07:05:42.219,58.815,raise,0.07687499999999958,0.5574999999999997
2026-08-16 07:05:42.229,58.825,raise,-0.08062499999999972,0.5249999999999999
2026-08-16 07:05:42.239,58.835,raise,0.021250000000000435,0.5412499999999998
2026-08-16 07:05:42.249,58.845,raise,0.05750000000000033,0.5625000000000002
2026-08-16 07:05:42.259,58.855,raise,-0.09124999999999939,0.5162500000000003
2026-08-16 07:05:42.269,58.865,raise,0.07437499999999986,0.5612499999999998
2026-08-16 07:05:42.279,58.875,raise,-0.10000000000000009,0.526875
2026-08-16 07:05:42.289,58.885,raise,0.038124999999999964,0.5437500000000006
2026-08-16 07:05:42.299,58.895,raise,0.06750000000000034,0.5631249999999999
2026-08-16 07:05:42.309,58.905,raise,-0.0649999999999995,0.5149999999999999
2026-08-16 07:05:42.319,58.915,raise,0.07750000000000035,0.5656249999999996
2026-08-16 07:05:42.329,58.925,raise,-0.07750000000000035,0.5331249999999998
2026-08-16 07:05:42.339,58.935,raise,0.022499999999999742,0.5462500000000003
2026-08-16 07:05:42.349,58.945,raise,0.05312500000000053,0.5631249999999999
2026-08-16 07:05:42.359,58.955,raise,-0.08624999999999994,0.5125000000000002
2026-08-16 07:05:42.369,58.965,raise,0.07437499999999986,0.5600000000000005
2026-08-16 07:05:42.379,58.975,raise,-0.10000000000000009,0.5306250000000001
2026-08-16 07:05:42.389,58.985,raise,0.03687500000000066,0.5318750000000005
2026-08-16 07:05:42.399,58.995,raise,0.07000000000000006,0.5637500000000006
2026-08-16 07:05:42.409,59.005,raise,-0.10312499999999947,0.5143750000000002
2026-08-16 07:05:42.419,59.015,raise,0.078125,0.5656249999999996
2026-08-16 07:05:42.429,59.025,raise,-0.07937500000000042,0.52875
2026-08-16 07:05:42.439,59.035,raise,0.02375000000000016,0.5331249999999998
2026-08-16 07:05:42.449,59.045,raise,0.051875000000000115,0.5587500000000001
2026-08-16 07:05:42.459,59.055,raise,-0.08562500000000028,0.5125000000000002
2026-08-16 07:05:42.469,59.065,raise,0.07062499999999972,0.5549999999999999
2026-08-16 07:05:42.479,59.075,raise,-0.0593750000000004,0.5293749999999997
2026-08-16 07:05:42.489,59.085,raise,0.038124999999999964,0.5406250000000001
2026-08-16 07:05:42.499,59.095,raise,0.06937500000000041,0.5612499999999998
2026-08-16 07:05:42.509,59.105,raise,-0.10187500000000016,0.5137500000000006
2026-08-16 07:05:42.519,59.115,raise,0.07937500000000042,0.5618750000000006
2026-08-16 07:05:42.529,59.125,raise,-0.08375000000000021,0.5262500000000003
2026-08-16 07:05:42.539,59.135,raise,0.02375000000000016,0.5393749999999997
2026-08-16 07:05:42.549,59.145,raise,0.04750000000000032,0.5562500000000004
2026-08-16 07:05:42.559,59.155,raise,-0.08499999999999952,0.5162500000000003
2026-08-16 07:05:42.569,59.165,raise,0.07624999999999993,0.5618750000000006
2026-08-16 07:05:42.579,59.175,raise,-0.06062499999999971,0.5337500000000006
2026-08-16 07:05:42.589,59.185,raise,0.04187500000000011,0.5425000000000002
2026-08-16 07:05:42.599,59.195,raise,0.06812499999999999,0.5618750000000006
2026-08-16 07:05:42.609,59.205,raise,-0.09812500000000002,0.5137500000000006
2026-08-16 07:05:42.619,59.215,raise,0.07687499999999958,0.5625000000000002
2026-08-16 07:05:42.629,59.225,raise,-0.08687499999999959,0.5325000000000002
2026-08-16 07:05:42.639,59.235,raise,0.03062499999999968,0.5462500000000003
2026-08-16 07:05:42.649,59.245,raise,0.07125000000000048,0.5631249999999999
2026-08-16 07:05:42.659,59.255,raise,-0.08062499999999972,0.5143750000000002
2026-08-16 07:05:42.669,59.265,raise,0.07500000000000062,0.5625000000000002
2026-08-16 07:05:42.679,59.275,raise,-0.06437499999999985,0.52875
2026-08-16 07:05:42.689,59.285,raise,0.04062499999999969,0.5337500000000006
2026-08-16 07:05:42.699,59.295,raise,0.0637500000000002,0.5612499999999998
2026-08-16 07:05:42.709,59.305,raise,-0.0956250000000003,0.5106250000000001
2026-08-16 07:05:42.719,59.315,raise,0.07937500000000042,0.5581250000000004
2026-08-16 07:05:42.729,59.325,raise,-0.08874999999999966,0.5274999999999996
2026-08-16 07:05:42.739,59.335,raise,0.030000000000000027,0.5393749999999997
2026-08-16 07:05:42.749,59.345,raise,0.07187500000000013,0.5606250000000002
2026-08-16 07:05:42.759,59.355,raise,-0.078125,0.5149999999999999
2026-08-16 07:05:42.769,59.365,raise,0.07125000000000048,0.556875
2026-08-16 07:05:42.779,59.375,raise,-0.0649999999999995,0.526875
2026-08-16 07:05:42.789,59.385,raise,0.04125000000000045,0.5393749999999997
2026-08-16 07:05:42.799,59.395,raise,0.06562500000000027,0.5631249999999999
2026-08-16 07:05:42.809,59.405,raise,-0.09437499999999988,0.5137500000000006
2026-08-16 07:05:42.819,59.415,raise,0.06812499999999999,0.5593749999999997
2026-08-16 07:05:42.829,59.425,raise,-0.09062499999999973,0.536875
2026-08-16 07:05:42.839,59.435,raise,0.031250000000000444,0.5425000000000002
2026-08-16 07:05:42.849,59.445,raise,0.07562500000000028,0.5625000000000002
2026-08-16 07:05:42.859,59.455,raise,-0.07750000000000035,0.5143750000000002
2026-08-16 07:05:42.869,59.465,raise,0.07562500000000028,0.5612499999999998
2026-08-16 07:05:42.879,59.475,raise,-0.0649999999999995,0.5337500000000006
2026-08-16 07:05:42.889,59.485,raise,0.015000000000000568,0.5443750000000003
2026-08-16 07:05:42.899,59.495,raise,0.06249999999999978,0.5625000000000002
2026-08-16 07:05:42.909,59.505,raise,-0.09375000000000022,0.5137500000000006
2026-08-16 07:05:42.919,59.515,raise,0.06937500000000041,0.5618750000000006
2026-08-16 07:05:42.929,59.525,raise,-0.09375000000000022,0.5318750000000005
2026-08-16 07:05:42.939,59.535,raise,0.0318750000000001,0.5343750000000003
2026-08-16 07:05:42.949,59.545,raise,0.07125000000000048,0.5618750000000006
2026-08-16 07:05:42.959,59.555,raise,-0.07499999999999951,0.5143750000000002
2026-08-16 07:05:42.969,59.565,raise,0.07562500000000028,0.5600000000000005
2026-08-16 07:05:42.979,59.575,raise,-0.07000000000000006,0.5293749999999997
2026-08-16 07:05:42.989,59.585,raise,0.021250000000000435,0.5318750000000005
2026-08-16 07:05:42.999,59.595,raise,0.05750000000000033,0.5600000000000005
2026-08-16 07:05:43.009,59.605,raise,-0.09062499999999973,0.5143750000000002
2026-08-16 07:05:43.019,59.615,raise,0.07562500000000028,0.5562500000000004
2026-08-16 07:05:43.029,59.625,raise,-0.09437499999999988,0.5293749999999997
2026-08-16 07:05:43.039,59.635,raise,0.03375000000000017,0.5387500000000001
2026-08-16 07:05:43.049,59.645,raise,0.0737500000000002,0.5606250000000002
2026-08-16 07:05:43.059,59.655,raise,-0.10249999999999981,0.5174999999999996
2026-08-16 07:05:43.069,59.665,raise,0.07500000000000062,0.5581250000000004
2026-08-16 07:05:43.079,59.675,raise,-0.07124999999999937,0.5293749999999997
2026-08-16 07:05:43.089,59.685,raise,0.020000000000000018,0.5437500000000006
2026-08-16 07:05:43.099,59.695,raise,0.058749999999999636,0.5631249999999999
2026-08-16 07:05:43.109,59.705,raise,-0.08937500000000043,0.5156250000000007
2026-08-16 07:05:43.119,59.715,raise,0.07249999999999979,0.5637500000000006
2026-08-16 07:05:43.129,59.725,raise,-0.04937500000000039,0.5406250000000001
2026-08-16 07:05:43.139,59.735,raise,0.033125000000000515,0.5431249999999999
2026-08-16 07:05:43.149,59.745,raise,0.0737500000000002,0.565
2026-08-16 07:05:43.159,59.755,raise,-0.10375000000000023,0.5118750000000005
2026-08-16 07:05:43.169,59.765,raise,0.078125,0.5643750000000003
2026-08-16 07:05:43.179,59.775,raise,-0.07624999999999993,0.5331249999999998
2026-08-16 07:05:43.189,59.785,raise,0.019375000000000364,0.5443750000000003
2026-08-16 07:05:43.199,59.795,raise,0.05437499999999984,0.5612499999999998
2026-08-16 07:05:43.209,59.805,raise,-0.08937500000000043,0.5131249999999998
2026-08-16 07:05:43.219,59.815,raise,0.07000000000000006,0.5637500000000006
2026-08-16 07:05:43.229,59.825,raise,-0.05249999999999977,0.5331249999999998
2026-08-16 07:05:43.239,59.835,raise,0.03562500000000024,0.5343750000000003
2026-08-16 07:05:43.249,59.845,raise,0.07500000000000062,0.5625000000000002
2026-08-16 07:05:43.259,59.855,raise,-0.1012499999999994,0.5162500000000003
2026-08-16 07:05:43.269,59.865,raise,0.07750000000000035,0.5581250000000004
2026-08-16 07:05:43.279,59.875,raise,-0.07687499999999958,0.5331249999999998
2026-08-16 07:05:43.289,59.885,raise,0.02562500000000023,0.5381250000000004
2026-08-16 07:05:43.299,59.895,raise,0.07125000000000048,0.5600000000000005
2026-08-16 07:05:43.309,59.905,raise,-0.08687499999999959,0.5143750000000002
2026-08-16 07:05:43.319,59.915,raise,0.07500000000000062,0.5618750000000006
2026-08-16 07:05:43.329,59.925,raise,-0.053750000000000187,0.5306250000000001
2026-08-16 07:05:43.339,59.935,raise,0.03687500000000066,0.5406250000000001
2026-08-16 07:05:43.349,59.945,raise,0.07437499999999986,0.5625000000000002
2026-08-16 07:05:43.359,59.955,raise,-0.10062499999999974,0.5156250000000007
2026-08-16 07:05:43.369,59.965,raise,0.07750000000000035,0.5600000000000005
2026-08-16 07:05:43.379,59.975,raise,-0.078125,0.5381250000000004
2026-08-16 07:05:43.389,59.985,raise,0.025000000000000577,0.5425000000000002
2026-08-16 07:05:43.399,59.995,raise,0.0737500000000002,0.5612499999999998
2026-08-16 07:05:43.409,60.005,raise,-0.08375000000000021,0.5125000000000002
2026-08-16 07:05:43.419,60.015,raise,0.07312500000000055,0.5618750000000006
2026-08-16 07:05:43.429,60.025,raise,-0.05624999999999991,0.5356250000000007
2026-08-16 07:05:43.439,60.035,raise,0.03375000000000017,0.5418750000000006
2026-08-16 07:05:43.449,60.045,raise,0.06812499999999999,0.5581250000000004
2026-08-16 07:05:43.459,60.055,raise,-0.0956250000000003,0.506875
2026-08-16 07:05:43.469,60.065,raise,0.06624999999999992,0.5581250000000004
2026-08-16 07:05:43.479,60.075,raise,-0.08062499999999972,0.5312499999999998
2026-08-16 07:05:43.489,60.085,raise,0.025000000000000577,0.5306250000000001
2026-08-16 07:05:43.499,60.095,raise,0.07562500000000028,0.5618750000000006
2026-08-16 07:05:43.509,60.105,raise,-0.08124999999999938,0.5162500000000003
2026-08-16 07:05:43.519,60.115,raise,0.07249999999999979,0.5549999999999999
2026-08-16 07:05:43.529,60.125,raise,-0.05562500000000026,0.5300000000000005
2026-08-16 07:05:43.539,60.135,raise,0.010000000000000009,0.5343750000000003
2026-08-16 07:05:43.549,60.145,raise,0.06874999999999964,0.5618750000000006
2026-08-16 07:05:43.559,60.155,raise,-0.0956250000000003,0.5156250000000007
2026-08-16 07:05:43.569,60.165,raise,0.07000000000000006,0.5549999999999999
2026-08-16 07:05:43.579,60.175,raise,-0.08000000000000007,0.5312499999999998
2026-08-16 07:05:43.589,60.185,raise,0.027500000000000302,0.536875
2026-08-16 07:05:43.599,60.195,raise,0.07687499999999958,0.5643750000000003
2026-08-16 07:05:43.609,60.205,raise,-0.078125,0.5137500000000006
2026-08-16 07:05:43.619,60.215,raise,0.07437499999999986,0.5587500000000001
2026-08-16 07:05:43.629,60.225,raise,-0.05624999999999991,0.5393749999999997
2026-08-16 07:05:43.639,60.235,raise,0.015000000000000568,0.5387500000000001
2026-08-16 07:05:43.649,60.245,raise,0.06874999999999964,0.5631249999999999
2026-08-16 07:05:43.659,60.255,raise,-0.0968749999999996,0.516875
2026-08-16 07:05:43.669,60.265,raise,0.06812499999999999,0.5606250000000002
2026-08-16 07:05:43.679,60.275,raise,-0.08874999999999966,0.536875
2026-08-16 07:05:43.689,60.285,raise,0.029375000000000373,0.5400000000000005
2026-08-16 07:05:43.699,60.295,raise,0.07500000000000062,0.5593749999999997
2026-08-16 07:05:43.709,60.305,raise,-0.10750000000000037,0.5118750000000005
2026-08-16 07:05:43.719,60.315,raise,0.07937500000000042,0.5600000000000005
2026-08-16 07:05:43.729,60.325,raise,-0.06437499999999985,0.5362500000000003
2026-08-16 07:05:43.739,60.335,raise,0.0187499999999996,0.5337500000000006
2026-08-16 07:05:43.749,60.345,raise,0.06750000000000034,0.5618750000000006
2026-08-16 07:05:43.759,60.355,raise,-0.09375000000000022,0.5125000000000002
2026-08-16 07:05:43.769,60.365,raise,0.07312500000000055,0.5593749999999997
2026-08-16 07:05:43.779,60.375,raise,-0.04062499999999969,0.5374999999999996
2026-08-16 07:05:43.789,60.385,raise,0.02874999999999961,0.5349999999999999
2026-08-16 07:05:43.799,60.395,raise,0.07187500000000013,0.5625000000000002
2026-08-16 07:05:43.809,60.405,raise,-0.10437499999999988,0.5112499999999998
2026-08-16 07:05:43.819,60.415,raise,0.07500000000000062,0.5574999999999997
2026-08-16 07:05:43.829,60.425,raise,-0.06312499999999943,0.52875
2026-08-16 07:05:43.839,60.435,raise,0.021250000000000435,0.5374999999999996
2026-08-16 07:05:43.849,60.445,raise,0.06249999999999978,0.5656249999999996
2026-08-16 07:05:43.859,60.455,raise,-0.09187500000000015,0.5125000000000002
2026-08-16 07:05:43.869,60.465,raise,0.06937500000000041,0.5587500000000001
2026-08-16 07:05:43.879,60.475,raise,-0.04124999999999934,0.5312499999999998
2026-08-16 07:05:43.889,60.485,raise,0.027500000000000302,0.5381250000000004
2026-08-16 07:05:43.899,60.495,raise,0.07500000000000062,0.5631249999999999
2026-08-16 07:05:43.909,60.505,raise,-0.1012499999999994,0.5143750000000002
2026-08-16 07:05:43.919,60.515,raise,0.07500000000000062,0.5606250000000002
2026-08-16 07:05:43.929,60.525,raise,-0.0649999999999995,0.5412499999999998
2026-08-16 07:05:43.939,60.535,raise,0.02062499999999967,0.5387500000000001
2026-08-16 07:05:43.949,60.545,raise,0.0737500000000002,0.5618750000000006
2026-08-16 07:05:43.959,60.555,raise,-0.09124999999999939,0.5125000000000002
2026-08-16 07:05:43.969,60.565,raise,0.07187500000000013,0.5593749999999997
2026-08-16 07:05:43.979,60.575,raise,-0.04187500000000011,0.5406250000000001
2026-08-16 07:05:43.989,60.585,raise,0.02874999999999961,0.5406250000000001
2026-08-16 07:05:43.999,60.595,raise,0.07437499999999986,0.5637500000000006
2026-08-16 07:05:44.009,60.605,raise,-0.10499999999999954,0.5143750000000002
2026-08-16 07:05:44.019,60.615,raise,0.078125,0.5631249999999999
2026-08-16 07:05:44.029,60.625,raise,-0.06874999999999964,0.536875
2026-08-16 07:05:44.039,60.635,raise,0.02187500000000009,0.5318750000000005
2026-08-16 07:05:44.049,60.645,raise,0.07687499999999958,0.5637500000000006
2026-08-16 07:05:44.059,60.655,raise,-0.08874999999999966,0.5162500000000003
2026-08-16 07:05:44.069,60.665,raise,0.07437499999999986,0.5581250000000004
2026-08-16 07:05:44.079,60.675,raise,-0.04562500000000025,0.5331249999999998
2026-08-16 07:05:44.089,60.685,raise,0.035000000000000586,0.5337500000000006
2026-08-16 07:05:44.099,60.695,raise,0.07312500000000055,0.5600000000000005
2026-08-16 07:05:44.109,60.705,raise,-0.10187500000000016,0.5174999999999996
2026-08-16 07:05:44.119,60.715,raise,0.0637500000000002,0.5537500000000006
2026-08-16 07:05:44.129,60.725,raise,-0.0737500000000002,0.5337500000000006
2026-08-16 07:05:44.139,60.735,raise,0.024374999999999813,0.536875
2026-08-16 07:05:44.149,60.745,raise,0.07562500000000028,0.5643750000000003
2026-08-16 07:05:44.159,60.755,raise,-0.08624999999999994,0.51875
2026-08-16 07:05:44.169,60.765,raise,0.07312500000000055,0.5581250000000004
2026-08-16 07:05:44.179,60.775,raise,-0.0506249999999997,0.5387500000000001
2026-08-16 07:05:44.189,60.785,raise,0.006875000000000631,0.5374999999999996
2026-08-16 07:05:44.199,60.795,raise,0.07187500000000013,0.5612499999999998
2026-08-16 07:05:44.209,60.805,raise,-0.09937499999999932,0.5143750000000002
2026-08-16 07:05:44.219,60.815,raise,0.0637500000000002,0.5606250000000002
2026-08-16 07:05:44.229,60.825,raise,-0.07750000000000035,0.5343750000000003
2026-08-16 07:05:44.239,60.835,raise,0.02062499999999967,0.5400000000000005
2026-08-16 07:05:44.249,60.845,raise,0.07437499999999986,0.565
2026-08-16 07:05:44.259,60.855,raise,-0.08375000000000021,0.5100000000000005
2026-08-16 07:05:44.269,60.865,raise,0.07187500000000013,0.5625000000000002
2026-08-16 07:05:44.279,60.875,raise,-0.050000000000000044,0.5393749999999997
2026-08-16 07:05:44.289,60.885,raise,0.009375000000000355,0.5293749999999997
2026-08-16 07:05:44.299,60.895,raise,0.07000000000000006,0.5662500000000004
2026-08-16 07:05:44.309,60.905,raise,-0.10000000000000009,0.5131249999999998
2026-08-16 07:05:44.319,60.915,raise,0.06624999999999992,0.5562500000000004
2026-08-16 07:05:44.329,60.925,raise,-0.07562500000000028,0.536875
2026-08-16 07:05:44.339,60.935,raise,0.02375000000000016,0.5312499999999998
2026-08-16 07:05:44.349,60.945,raise,0.07750000000000035,0.5637500000000006
2026-08-16 07:05:44.359,60.955,raise,-0.10812500000000003,0.5149999999999999
2026-08-16 07:05:44.369,60.965,raise,0.0737500000000002,0.556875
2026-08-16 07:05:44.379,60.975,raise,-0.05124999999999935,0.5349999999999999
2026-08-16 07:05:44.389,60.985,raise,0.013125000000000497,0.5343750000000003
2026-08-16 07:05:44.399,60.995,raise,0.07187500000000013,0.565
2026-08-16 07:05:44.409,61.005,raise,-0.09750000000000036,0.5156250000000007
2026-08-16 07:05:44.419,61.015,raise,0.06687500000000068,0.556875
2026-08-16 07:05:44.429,61.025,raise,-0.029375000000000373,0.5393749999999997
2026-08-16 07:05:44.439,61.035,raise,0.028124999999999956,0.5356250000000007
2026-08-16 07:05:44.449,61.045,raise,0.07562500000000028,0.5631249999999999
2026-08-16 07:05:44.459,61.055,raise,-0.10937499999999933,0.5131249999999998
2026-08-16 07:05:44.469,61.065,raise,0.07125000000000048,0.5543750000000003
2026-08-16 07:05:44.479,61.075,raise,-0.05562500000000026,0.5412499999999998
2026-08-16 07:05:44.489,61.085,raise,0.015625000000000222,0.5374999999999996
2026-08-16 07:05:44.499,61.095,raise,0.06937500000000041,0.5662500000000004
2026-08-16 07:05:44.509,61.105,raise,-0.09437499999999988,0.5131249999999998
2026-08-16 07:05:44.519,61.115,raise,0.07249999999999979,0.5587500000000001
2026-08-16 07:05:44.529,61.125,raise,-0.03375000000000017,0.5406250000000001
2026-08-16 07:05:44.539,61.135,raise,0.030000000000000027,0.5300000000000005
2026-08-16 07:05:44.549,61.145,raise,0.07312500000000055,0.5656249999999996
2026-08-16 07:05:44.559,61.155,raise,-0.1056250000000003,0.5106250000000001
2026-08-16 07:05:44.569,61.165,raise,0.07249999999999979,0.5612499999999998
2026-08-16 07:05:44.579,61.175,raise,-0.05750000000000033,0.5400000000000005
2026-08-16 07:05:44.589,61.185,raise,0.017500000000000293,0.5337500000000006
2026-08-16 07:05:44.599,61.195,raise,0.07437499999999986,0.565
2026-08-16 07:05:44.609,61.205,raise,-0.09124999999999939,0.5112499999999998
2026-08-16 07:05:44.619,61.215,raise,0.07062499999999972,0.5581250000000004
2026-08-16 07:05:44.629,61.225,raise,-0.03062499999999968,0.5362500000000003
2026-08-16 07:05:44.639,61.235,raise,0.02687500000000065,0.5356250000000007
2026-08-16 07:05:44.649,61.245,raise,0.07687499999999958,0.565
2026-08-16 07:05:44.659,61.255,raise,-0.10499999999999954,0.5137500000000006
2026-08-16 07:05:44.669,61.265,raise,0.061875000000000124,0.5574999999999997
2026-08-16 07:05:44.679,61.275,raise,-0.06312499999999943,0.5325000000000002
2026-08-16 07:05:44.689,61.285,raise,0.012499999999999734,0.5343750000000003
2026-08-16 07:05:44.699,61.295,raise,0.07312500000000055,0.5625000000000002
2026-08-16 07:05:44.709,61.305,raise,-0.09624999999999995,0.5112499999999998
2026-08-16 07:05:44.719,61.315,raise,0.06812499999999999,0.5574999999999997
2026-08-16 07:05:44.729,61.325,raise,-0.03750000000000031,0.5431249999999999
2026-08-16 07:05:44.739,61.335,raise,0.03062499999999968,0.5381250000000004
2026-08-16 07:05:44.749,61.345,raise,0.07624999999999993,0.5643750000000003
2026-08-16 07:05:44.759,61.355,raise,-0.10375000000000023,0.5162500000000003
2026-08-16 07:05:44.769,61.365,raise,0.06437499999999985,0.5625000000000002
2026-08-16 07:05:44.779,61.375,raise,-0.06124999999999936,0.5412499999999998
2026-08-16 07:05:44.789,61.385,raise,0.01687500000000064,0.5418750000000006
2026-08-16 07:05:44.799,61.395,raise,0.07624999999999993,0.5643750000000003
2026-08-16 07:05:44.809,61.405,raise,-0.09312499999999946,0.5131249999999998
2026-08-16 07:05:44.819,61.415,raise,0.07500000000000062,0.5631249999999999
2026-08-16 07:05:44.829,61.425,raise,-0.038124999999999964,0.5412499999999998
2026-08-16 07:05:44.839,61.435,raise,0.0031250000000004885,0.5318750000000005
2026-08-16 07:05:44.849,61.445,raise,0.07624999999999993,0.5643750000000003
2026-08-16 07:05:44.859,61.455,raise,-0.10249999999999981,0.5162500000000003
2026-08-16 07:05:44.869,61.465,raise,0.06750000000000034,0.5537500000000006
2026-08-16 07:05:44.879,61.475,raise,-0.0637500000000002,0.5400000000000005
2026-08-16 07:05:44.889,61.485,raise,0.0187499999999996,0.5362500000000003
2026-08-16 07:05:44.899,61.495,raise,0.07437499999999986,0.5631249999999999
2026-08-16 07:05:44.909,61.505,raise,-0.08874999999999966,0.5156250000000007
2026-08-16 07:05:44.919,61.515,raise,0.06937500000000041,0.5543750000000003
2026-08-16 07:05:44.929,61.525,raise,-0.04124999999999934,0.5349999999999999
2026-08-16 07:05:44.939,61.535,raise,0.0024999999999997247,0.5331249999999998
2026-08-16 07:05:44.949,61.545,raise,0.07249999999999979,0.5643750000000003
2026-08-16 07:05:44.959,61.555,raise,-0.10187500000000016,0.5137500000000006
2026-08-16 07:05:44.969,61.565,raise,0.06312500000000054,0.5574999999999997
2026-08-16 07:05:44.979,61.575,raise,-0.06812499999999999,0.5412499999999998
2026-08-16 07:05:44.989,61.585,raise,0.019375000000000364,0.5374999999999996
2026-08-16 07:05:44.999,61.595,raise,0.07624999999999993,0.565
2026-08-16 07:05:45.009,61.605,raise,-0.1112499999999994,0.5162500000000003
2026-08-16 07:05:45.019,61.615,raise,0.0737500000000002,0.5618750000000006
2026-08-16 07:05:45.029,61.625,raise,-0.043124999999999414,0.5431249999999999
2026-08-16 07:05:45.039,61.635,raise,0.0031250000000004885,0.5400000000000005
2026-08-16 07:05:45.049,61.645,raise,0.07500000000000062,0.566875
2026-08-16 07:05:45.059,61.655,raise,-0.10187500000000016,0.5131249999999998
2026-08-16 07:05:45.069,61.665,raise,0.06874999999999964,0.5618750000000006
2026-08-16 07:05:45.079,61.675,raise,-0.023124999999999396,0.5437500000000006
2026-08-16 07:05:45.089,61.685,raise,0.020000000000000018,0.52875
2026-08-16 07:05:45.099,61.695,raise,0.07937500000000042,0.566875
2026-08-16 07:05:45.109,61.705,raise,-0.1100000000000001,0.5137500000000006
2026-08-16 07:05:45.119,61.715,raise,0.07624999999999993,0.5625000000000002
2026-08-16 07:05:45.129,61.725,raise,-0.046874999999999556,0.5412499999999998
2026-08-16 07:05:45.139,61.735,raise,0.007500000000000284,0.52875
2026-08-16 07:05:45.149,61.745,raise,0.07312500000000055,0.565
2026-08-16 07:05:45.159,61.755,raise,-0.1012499999999994,0.5143750000000002
2026-08-16 07:05:45.169,61.765,raise,0.06937500000000041,0.5518750000000006
2026-08-16 07:05:45.179,61.775,raise,-0.02375000000000016,0.5381250000000004
2026-08-16 07:05:45.189,61.785,raise,0.02062499999999967,0.5300000000000005
2026-08-16 07:05:45.199,61.795,raise,0.0737500000000002,0.5612499999999998
2026-08-16 07:05:45.209,61.805,raise,-0.10937499999999933,0.5137500000000006
2026-08-16 07:05:45.219,61.815,raise,0.07187500000000013,0.556875
2026-08-16 07:05:45.229,61.825,raise,-0.04937500000000039,0.5449999999999999
2026-08-16 07:05:45.239,61.835,raise,0.010000000000000009,0.5331249999999998
2026-08-16 07:05:45.249,61.845,raise,0.07562500000000028,0.5618750000000006
2026-08-16 07:05:45.259,61.855,raise,-0.09750000000000036,0.516875
2026-08-16 07:05:45.269,61.865,raise,0.06874999999999964,0.5574999999999997
2026-08-16 07:05:45.279,61.875,raise,-0.024999999999999467,0.5400000000000005
2026-08-16 07:05:45.289,61.885,raise,0.02562500000000023,0.5406250000000001
2026-08-16 07:05:45.299,61.895,raise,0.07500000000000062,0.5643750000000003
2026-08-16 07:05:45.309,61.905,raise,-0.10687499999999961,0.5131249999999998
2026-08-16 07:05:45.319,61.915,raise,0.05812499999999998,0.5581250000000004
2026-08-16 07:05:45.329,61.925,raise,-0.05249999999999977,0.5418750000000006
2026-08-16 07:05:45.339,61.935,raise,0.010624999999999662,0.5243750000000003
2026-08-16 07:05:45.349,61.945,raise,0.07750000000000035,0.565
2026-08-16 07:05:45.359,61.955,raise,-0.09812500000000002,0.5125000000000002
2026-08-16 07:05:45.369,61.965,raise,0.06624999999999992,0.5631249999999999
2026-08-16 07:05:45.379,61.975,raise,-0.024374999999999813,0.5431249999999999
2026-08-16 07:05:45.389,61.985,raise,0.027500000000000302,0.5243750000000003
2026-08-16 07:05:45.399,61.995,raise,0.07937500000000042,0.5662500000000004
2026-08-16 07:05:45.409,62.005,raise,-0.1056250000000003,0.5162500000000003
2026-08-16 07:05:45.419,62.015,raise,0.06249999999999978,0.5556249999999996
2026-08-16 07:05:45.429,62.025,raise,-0.05562500000000026,0.5381250000000004
2026-08-16 07:05:45.439,62.035,raise,0.01187500000000008,0.52875
2026-08-16 07:05:45.449,62.045,raise,0.07937500000000042,0.5606250000000002
2026-08-16 07:05:45.459,62.055,raise,-0.09750000000000036,0.5106250000000001
2026-08-16 07:05:45.469,62.065,raise,0.07000000000000006,0.5537500000000006
2026-08-16 07:05:45.479,62.075,raise,-0.03437499999999982,0.5374999999999996
2026-08-16 07:05:45.489,62.085,raise,-0.008124999999999938,0.5300000000000005
2026-08-16 07:05:45.499,62.095,raise,0.07249999999999979,0.5625000000000002
2026-08-16 07:05:45.509,62.105,raise,-0.1056250000000003,0.5137500000000006
2026-08-16 07:05:45.519,62.115,raise,0.06500000000000061,0.5543750000000003
2026-08-16 07:05:45.529,62.125,raise,-0.056874999999999565,0.546875
2026-08-16 07:05:45.539,62.135,raise,0.016249999999999876,0.5349999999999999
2026-08-16 07:05:45.549,62.145,raise,0.07562500000000028,0.5656249999999996
2026-08-16 07:05:45.559,62.155,raise,-0.11750000000000038,0.5143750000000002
2026-08-16 07:05:45.569,62.165,raise,0.06750000000000034,0.556875
2026-08-16 07:05:45.579,62.175,raise,-0.0318750000000001,0.5437500000000006
2026-08-16 07:05:45.589,62.185,raise,-0.006249999999999867,0.5406250000000001
2026-08-16 07:05:45.599,62.195,raise,0.07062499999999972,0.5631249999999999
2026-08-16 07:05:45.609,62.205,raise,-0.1056250000000003,0.5137500000000006
2026-08-16 07:05:45.619,62.215,raise,0.058749999999999636,0.5574999999999997
2026-08-16 07:05:45.629,62.225,raise,-0.05624999999999991,0.5449999999999999
2026-08-16 07:05:45.639,62.235,raise,0.015625000000000222,0.52875
2026-08-16 07:05:45.649,62.245,raise,0.07874999999999965,0.5618750000000006
2026-08-16 07:05:45.659,62.255,raise,-0.1112499999999994,0.5137500000000006
2026-08-16 07:05:45.669,62.265,raise,0.06687500000000068,0.5549999999999999
2026-08-16 07:05:45.679,62.275,raise,-0.034999999999999476,0.5418750000000006
2026-08-16 07:05:45.689,62.285,raise,-0.0031249999999993783,0.5293749999999997
2026-08-16 07:05:45.699,62.295,raise,0.07249999999999979,0.5631249999999999
2026-08-16 07:05:45.709,62.305,raise,-0.10687499999999961,0.5143750000000002
2026-08-16 07:05:45.719,62.315,raise,0.0637500000000002,0.5506250000000001
2026-08-16 07:05:45.729,62.325,raise,-0.014999999999999458,0.5374999999999996
2026-08-16 07:05:45.739,62.335,raise,0.014374999999999805,0.5306250000000001
2026-08-16 07:05:45.749,62.345,raise,0.07687499999999958,0.5643750000000003
2026-08-16 07:05:45.759,62.355,raise,-0.11375000000000024,0.5125000000000002
2026-08-16 07:05:45.769,62.365,raise,0.07312500000000055,0.5574999999999997
2026-08-16 07:05:45.779,62.375,raise,-0.03687499999999955,0.5462500000000003
2026-08-16 07:05:45.789,62.385,raise,-0.001875000000000071,0.5362500000000003
2026-08-16 07:05:45.799,62.395,raise,0.07249999999999979,0.5643750000000003
2026-08-16 07:05:45.809,62.405,raise,-0.10499999999999954,0.5137500000000006
2026-08-16 07:05:45.819,62.415,raise,0.06437499999999985,0.5574999999999997
2026-08-16 07:05:45.829,62.425,raise,-0.013124999999999387,0.546875
2026-08-16 07:05:45.839,62.435,raise,0.017500000000000293,0.5381250000000004
2026-08-16 07:05:45.849,62.445,raise,0.07937500000000042,0.565
2026-08-16 07:05:45.859,62.455,raise,-0.11062499999999975,0.5143750000000002
2026-08-16 07:05:45.869,62.465,raise,0.07125000000000048,0.5606250000000002
2026-08-16 07:05:45.879,62.475,raise,-0.04062499999999969,0.5449999999999999
2026-08-16 07:05:45.889,62.485,raise,0.003750000000000142,0.5225000000000002
2026-08-16 07:05:45.899,62.495,raise,0.07750000000000035,0.566875
2026-08-16 07:05:45.909,62.505,raise,-0.10375000000000023,0.5162500000000003
2026-08-16 07:05:45.919,62.515,raise,0.06562500000000027,0.5493749999999997
2026-08-16 07:05:45.929,62.525,raise,-0.019375000000000364,0.5425000000000002
2026-08-16 07:05:45.939,62.535,raise,0.014374999999999805,0.5231249999999998
2026-08-16 07:05:45.949,62.545,raise,0.0737500000000002,0.565
2026-08-16 07:05:45.959,62.555,raise,-0.1100000000000001,0.5125000000000002
2026-08-16 07:05:45.969,62.565,raise,0.055000000000000604,0.5543750000000003
2026-08-16 07:05:45.979,62.575,raise,-0.04375000000000018,0.5400000000000005
2026-08-16 07:05:45.989,62.585,raise,0.005625000000000213,0.5293749999999997
2026-08-16 07:05:45.999,62.595,raise,0.07437499999999986,0.565
2026-08-16 07:05:46.009,62.605,raise,-0.10000000000000009,0.5125000000000002
2026-08-16 07:05:46.019,62.615,raise,0.06687500000000068,0.5562500000000004
2026-08-16 07:05:46.029,62.625,raise,-0.02062499999999967,0.5400000000000005
2026-08-16 07:05:46.039,62.635,raise,0.0187499999999996,0.5325000000000002
2026-08-16 07:05:46.049,62.645,raise,0.07937500000000042,0.5637500000000006
2026-08-16 07:05:46.059,62.655,raise,-0.11187500000000017,0.5143750000000002
2026-08-16 07:05:46.069,62.665,raise,0.055000000000000604,0.5618750000000006
2026-08-16 07:05:46.079,62.675,raise,-0.04437499999999983,0.5500000000000005
2026-08-16 07:05:46.089,62.685,raise,0.005625000000000213,0.5343750000000003
2026-08-16 07:05:46.099,62.695,raise,0.07750000000000035,0.5656249999999996
2026-08-16 07:05:46.109,62.705,raise,-0.10437499999999988,0.5162500000000003
2026-08-16 07:05:46.119,62.715,raise,0.06874999999999964,0.5587500000000001
2026-08-16 07:05:46.129,62.725,raise,-0.020000000000000018,0.5456250000000007
2026-08-16 07:05:46.139,62.735,raise,-0.015625000000000222,0.5349999999999999
2026-08-16 07:05:46.149,62.745,raise,0.0737500000000002,0.5681250000000004
2026-08-16 07:05:46.159,62.755,raise,-0.11187500000000017,0.5143750000000002
2026-08-16 07:05:46.169,62.765,raise,0.0593750000000004,0.5606250000000002
2026-08-16 07:05:46.179,62.775,raise,-0.050000000000000044,0.5418750000000006
2026-08-16 07:05:46.189,62.785,raise,0.010624999999999662,0.5256250000000007
2026-08-16 07:05:46.199,62.795,raise,0.07750000000000035,0.565
2026-08-16 07:05:46.209,62.805,raise,-0.11812500000000004,0.5100000000000005
2026-08-16 07:05:46.219,62.815,raise,0.06500000000000061,0.5474999999999997
2026-08-16 07:05:46.229,62.825,raise,-0.026249999999999885,0.5406250000000001
2026-08-16 07:05:46.239,62.835,raise,-0.013124999999999387,0.5262500000000003
2026-08-16 07:05:46.249,62.845,raise,0.0737500000000002,0.5606250000000002
2026-08-16 07:05:46.259,62.855,raise,-0.10750000000000037,0.5143750000000002
2026-08-16 07:05:46.269,62.865,raise,0.056875000000000675,0.5512499999999998
2026-08-16 07:05:46.279,62.875,raise,-0.0506249999999997,0.5412499999999998
2026-08-16 07:05:46.289,62.885,raise,0.01187500000000008,0.5312499999999998
2026-08-16 07:05:46.299,62.895,raise,0.07874999999999965,0.5625000000000002
2026-08-16 07:05:46.309,62.905,raise,-0.11249999999999982,0.5156250000000007
2026-08-16 07:05:46.319,62.915,raise,0.06562500000000027,0.5549999999999999
2026-08-16 07:05:46.329,62.925,raise,-0.022499999999999742,0.5474999999999997
2026-08-16 07:05:46.339,62.935,raise,-0.013124999999999387,0.5337500000000006
2026-08-16 07:05:46.349,62.945,raise,0.07437499999999986,0.5643750000000003
2026-08-16 07:05:46.359,62.955,raise,-0.10937499999999933,0.516875
2026-08-16 07:05:46.369,62.965,raise,0.058749999999999636,0.5600000000000005
2026-08-16 07:05:46.379,62.975,raise,-0.006249999999999867,0.5481250000000004
2026-08-16 07:05:46.389,62.985,raise,0.008749999999999591,0.5381250000000004
2026-08-16 07:05:46.399,62.995,raise,0.08000000000000007,0.5662500000000004
2026-08-16 07:05:46.409,63.005,raise,-0.11624999999999996,0.5162500000000003
2026-08-16 07:05:46.419,63.015,raise,0.06937500000000041,0.5587500000000001
2026-08-16 07:05:46.429,63.025,raise,-0.028124999999999956,0.5431249999999999
2026-08-16 07:05:46.439,63.035,raise,-0.010624999999999662,0.5206250000000001
2026-08-16 07:05:46.449,63.045,raise,0.07750000000000035,0.5631249999999999
2026-08-16 07:05:46.459,63.055,raise,-0.1100000000000001,0.5112499999999998
2026-08-16 07:05:46.469,63.065,raise,0.061875000000000124,0.5506250000000001
2026-08-16 07:05:46.479,63.075,raise,-0.00687499999999952,0.5431249999999999
2026-08-16 07:05:46.489,63.085,raise,0.015625000000000222,0.5281250000000004
2026-08-16 07:05:46.499,63.095,raise,0.07687499999999958,0.5674999999999997
2026-08-16 07:05:46.509,63.105,raise,-0.11624999999999996,0.5193749999999997
2026-08-16 07:05:46.519,63.115,raise,0.06937500000000041,0.5593749999999997
2026-08-16 07:05:46.529,63.125,raise,-0.033124999999999405,0.5493749999999997
2026-08-16 07:05:46.539,63.135,raise,-0.004999999999999449,0.5343750000000003
2026-08-16 07:05:46.549,63.145,raise,0.07750000000000035,0.5700000000000005
2026-08-16 07:05:46.559,63.155,raise,-0.10812500000000003,0.5193749999999997
2026-08-16 07:05:46.569,63.165,raise,0.06562500000000027,0.5606250000000002
2026-08-16 07:05:46.579,63.175,raise,-0.009375000000000355,0.5549999999999999
2026-08-16 07:05:46.589,63.185,raise,0.016249999999999876,0.5381250000000004
2026-08-16 07:05:46.599,63.195,raise,0.078125,0.5712499999999998
2026-08-16 07:05:46.609,63.205,raise,-0.1143749999999999,0.5206250000000001
2026-08-16 07:05:46.619,63.215,raise,0.055000000000000604,0.5587500000000001
2026-08-16 07:05:46.629,63.225,raise,-0.03562500000000024,0.5518750000000006
2026-08-16 07:05:46.639,63.235,raise,-0.004374999999999796,0.5356250000000007
2026-08-16 07:05:46.649,63.245,raise,0.07624999999999993,0.5693749999999997
2026-08-16 07:05:46.659,63.255,raise,-0.10750000000000037,0.5225000000000002
2026-08-16 07:05:46.669,63.265,raise,0.06312500000000054,0.5600000000000005
2026-08-16 07:05:46.679,63.275,raise,-0.01187500000000008,0.5487500000000001
2026-08-16 07:05:46.689,63.285,raise,-0.033124999999999405,0.5262500000000003
2026-08-16 07:05:46.699,63.295,raise,0.07687499999999958,0.566875
2026-08-16 07:05:46.709,63.305,raise,-0.11812500000000004,0.5200000000000005
2026-08-16 07:05:46.719,63.315,raise,0.05562500000000026,0.5618750000000006
2026-08-16 07:05:46.729,63.325,raise,-0.03750000000000031,0.546875
2026-08-16 07:05:46.739,63.335,raise,-0.0024999999999997247,0.5293749999999997
2026-08-16 07:05:46.749,63.345,raise,0.07874999999999965,0.5687500000000001
2026-08-16 07:05:46.759,63.355,raise,-0.1056250000000003,0.5149999999999999
2026-08-16 07:05:46.769,63.365,raise,0.06437499999999985,0.5593749999999997
2026-08-16 07:05:46.779,63.375,raise,-0.012499999999999734,0.5487500000000001
2026-08-16 07:05:46.789,63.385,raise,-0.02375000000000016,0.5306250000000001
2026-08-16 07:05:46.799,63.395,raise,0.07687499999999958,0.5681250000000004
2026-08-16 07:05:46.809,63.405,raise,-0.1143749999999999,0.516875
2026-08-16 07:05:46.819,63.415,raise,0.05750000000000033,0.5581250000000004
2026-08-16 07:05:46.829,63.425,raise,-0.04187500000000011,0.5425000000000002
2026-08-16 07:05:46.839,63.435,raise,0.001875000000000071,0.5331249999999998
2026-08-16 07:05:46.849,63.445,raise,0.07624999999999993,0.5687500000000001
2026-08-16 07:05:46.859,63.455,raise,-0.11687499999999962,0.516875
2026-08-16 07:05:46.869,63.465,raise,0.06687500000000068,0.5593749999999997
2026-08-16 07:05:46.879,63.475,raise,-0.014374999999999805,0.556875
2026-08-16 07:05:46.889,63.485,raise,-0.02062499999999967,0.5331249999999998
2026-08-16 07:05:46.899,63.495,raise,0.07624999999999993,0.5700000000000005
2026-08-16 07:05:46.909,63.505,raise,-0.11062499999999975,0.51875
2026-08-16 07:05:46.919,63.515,raise,0.05750000000000033,0.5593749999999997
2026-08-16 07:05:46.929,63.525,raise,-0.043124999999999414,0.5525000000000002
2026-08-16 07:05:46.939,63.535,raise,0.001875000000000071,0.5318750000000005
2026-08-16 07:05:46.949,63.545,raise,0.07437499999999986,0.5631249999999999
2026-08-16 07:05:46.959,63.555,raise,-0.11750000000000038,0.5193749999999997
2026-08-16 07:05:46.969,63.565,raise,0.06312500000000054,0.5587500000000001
2026-08-16 07:05:46.979,63.575,raise,-0.0187499999999996,0.5500000000000005
2026-08-16 07:05:46.989,63.585,raise,-0.02062499999999967,0.526875
2026-08-16 07:05:46.999,63.595,raise,0.07750000000000035,0.5662500000000004
2026-08-16 07:05:47.009,63.605,raise,-0.11249999999999982,0.5193749999999997
2026-08-16 07:05:47.019,63.615,raise,0.06000000000000005,0.556875
2026-08-16 07:05:47.029,63.625,raise,0.005625000000000213,0.5481250000000004
2026-08-16 07:05:47.039,63.635,raise,0.0012500000000004174,0.52875
2026-08-16 07:05:47.049,63.645,raise,0.07624999999999993,0.5643750000000003
2026-08-16 07:05:47.059,63.655,raise,-0.11624999999999996,0.5212499999999998
2026-08-16 07:05:47.069,63.665,raise,0.06500000000000061,0.5556249999999996
2026-08-16 07:05:47.079,63.675,raise,-0.023124999999999396,0.546875
2026-08-16 07:05:47.089,63.685,raise,-0.016249999999999876,0.5343750000000003
2026-08-16 07:05:47.099,63.695,raise,0.07687499999999958,0.566875
2026-08-16 07:05:47.109,63.705,raise,-0.11249999999999982,0.5212499999999998
2026-08-16 07:05:47.119,63.715,raise,0.058749999999999636,0.5593749999999997
2026-08-16 07:05:47.129,63.725,raise,0.0031250000000004885,0.5562500000000004
2026-08-16 07:05:47.139,63.735,raise,0.006875000000000631,0.5343750000000003
2026-08-16 07:05:47.149,63.745,raise,0.07750000000000035,0.5693749999999997
2026-08-16 07:05:47.159,63.755,raise,-0.11624999999999996,0.5193749999999997
2026-08-16 07:05:47.169,63.765,raise,0.0506249999999997,0.5587500000000001
2026-08-16 07:05:47.179,63.775,raise,-0.02375000000000016,0.5537500000000006
2026-08-16 07:05:47.189,63.785,raise,-0.01687499999999953,0.5362500000000003
2026-08-16 07:05:47.199,63.795,raise,0.0737500000000002,0.5681250000000004
2026-08-16 07:05:47.209,63.805,raise,-0.11249999999999982,0.5206250000000001
2026-08-16 07:05:47.219,63.815,raise,0.05624999999999991,0.5612499999999998
2026-08-16 07:05:47.229,63.825,raise,0.0012500000000004174,0.5500000000000005
2026-08-16 07:05:47.239,63.835,raise,0.006875000000000631,0.526875
2026-08-16 07:05:47.249,63.845,raise,0.07624999999999993,0.5681250000000004
2026-08-16 07:05:47.259,63.855,raise,-0.11562500000000031,0.5181250000000004
2026-08-16 07:05:47.269,63.865,raise,0.05125000000000046,0.5493749999999997
2026-08-16 07:05:47.279,63.875,raise,-0.026874999999999538,0.5525000000000002
2026-08-16 07:05:47.289,63.885,raise,-0.014374999999999805,0.526875
2026-08-16 07:05:47.299,63.895,raise,0.07937500000000042,0.5681250000000004
2026-08-16 07:05:47.309,63.905,raise,-0.11187500000000017,0.5193749999999997
2026-08-16 07:05:47.319,63.915,raise,0.06500000000000061,0.5531249999999999
2026-08-16 07:05:47.329,63.925,raise,-0.001875000000000071,0.5531249999999999
2026-08-16 07:05:47.339,63.935,raise,-0.043124999999999414,0.5325000000000002
2026-08-16 07:05:47.349,63.945,raise,0.08062499999999972,0.566875
2026-08-16 07:05:47.359,63.955,raise,-0.11499999999999955,0.51875
2026-08-16 07:05:47.369,63.965,raise,0.055000000000000604,0.5581250000000004
2026-08-16 07:05:47.379,63.975,raise,-0.029375000000000373,0.5562500000000004
2026-08-16 07:05:47.389,63.985,raise,-0.007500000000000284,0.5331249999999998
2026-08-16 07:05:47.399,63.995,raise,0.07750000000000035,0.5693749999999997
2026-08-16 07:05:47.409,64.005,raise,-0.1100000000000001,0.5162500000000003
2026-08-16 07:05:47.419,64.015,raise,0.061875000000000124,0.5593749999999997
2026-08-16 07:05:47.429,64.025,raise,-0.007500000000000284,0.5531249999999999
2026-08-16 07:05:47.439,64.035,raise,-0.03624999999999989,0.5349999999999999
2026-08-16 07:05:47.449,64.045,raise,0.07312500000000055,0.5674999999999997
2026-08-16 07:05:47.459,64.055,raise,-0.11750000000000038,0.5137500000000006
2026-08-16 07:05:47.469,64.065,raise,0.053750000000000187,0.5587500000000001
2026-08-16 07:05:47.479,64.075,raise,-0.03375000000000017,0.5500000000000005
2026-08-16 07:05:47.489,64.085,raise,-0.006249999999999867,0.5212499999999998
2026-08-16 07:05:47.499,64.095,raise,0.07437499999999986,0.5706250000000002
2026-08-16 07:05:47.509,64.105,raise,-0.11562500000000031,0.51875
2026-08-16 07:05:47.519,64.115,raise,0.0593750000000004,0.5612499999999998
2026-08-16 07:05:47.529,64.125,raise,-0.00687499999999952,0.5525000000000002
2026-08-16 07:05:47.539,64.135,raise,-0.034999999999999476,0.5231249999999998
2026-08-16 07:05:47.549,64.145,raise,0.07500000000000062,0.566875
2026-08-16 07:05:47.559,64.155,raise,-0.1143749999999999,0.5181250000000004
2026-08-16 07:05:47.569,64.165,raise,0.05312500000000053,0.5556249999999996
2026-08-16 07:05:47.579,64.175,raise,0.017500000000000293,0.5512499999999998
2026-08-16 07:05:47.589,64.185,raise,-0.004999999999999449,0.5274999999999996
2026-08-16 07:05:47.599,64.195,raise,0.07750000000000035,0.5637500000000006
2026-08-16 07:05:47.609,64.205,raise,-0.11499999999999955,0.5193749999999997
2026-08-16 07:05:47.619,64.215,raise,0.06500000000000061,0.5562500000000004
2026-08-16 07:05:47.629,64.225,raise,-0.008124999999999938,0.5449999999999999
2026-08-16 07:05:47.639,64.235,raise,-0.03062499999999968,0.5306250000000001
2026-08-16 07:05:47.649,64.245,raise,0.07624999999999993,0.5656249999999996
2026-08-16 07:05:47.659,64.255,raise,-0.1143749999999999,0.5200000000000005
2026-08-16 07:05:47.669,64.265,raise,0.05562500000000026,0.5556249999999996
2026-08-16 07:05:47.679,64.275,raise,0.01187500000000008,0.5556249999999996
2026-08-16 07:05:47.689,64.285,raise,-0.004999999999999449,0.5325000000000002
2026-08-16 07:05:47.699,64.295,raise,0.07312500000000055,0.5637500000000006
2026-08-16 07:05:47.709,64.305,raise,-0.1200000000000001,0.51875
2026-08-16 07:05:47.719,64.315,raise,0.06500000000000061,0.5525000000000002
2026-08-16 07:05:47.729,64.325,raise,-0.014999999999999458,0.5512499999999998
2026-08-16 07:05:47.739,64.335,raise,-0.02562500000000023,0.5312499999999998
2026-08-16 07:05:47.749,64.345,raise,0.07562500000000028,0.5656249999999996
2026-08-16 07:05:47.759,64.355,raise,-0.11375000000000024,0.5200000000000005
2026-08-16 07:05:47.769,64.365,raise,0.0593750000000004,0.5600000000000005
2026-08-16 07:05:47.779,64.375,raise,0.013125000000000497,0.5512499999999998
2026-08-16 07:05:47.789,64.385,raise,0.0006249999999996536,0.5256250000000007
2026-08-16 07:05:47.799,64.395,raise,0.07437499999999986,0.5662500000000004
2026-08-16 07:05:47.809,64.405,raise,-0.1143749999999999,0.51875
2026-08-16 07:05:47.819,64.415,raise,0.061875000000000124,0.5518750000000006
2026-08-16 07:05:47.829,64.425,raise,-0.014374999999999805,0.5506250000000001
2026-08-16 07:05:47.839,64.435,raise,-0.02375000000000016,0.52875
2026-08-16 07:05:47.849,64.445,raise,0.07437499999999986,0.566875
2026-08-16 07:05:47.859,64.455,raise,-0.11375000000000024,0.5206250000000001
2026-08-16 07:05:47.869,64.465,raise,0.05812499999999998,0.5525000000000002
2026-08-16 07:05:47.879,64.475,raise,0.006875000000000631,0.5456250000000007
2026-08-16 07:05:47.889,64.485,raise,0.0024999999999997247,0.5249999999999999
2026-08-16 07:05:47.899,64.495,raise,0.07937500000000042,0.5681250000000004
2026-08-16 07:05:47.909,64.505,raise,-0.11562500000000031,0.5193749999999997
2026-08-16 07:05:47.919,64.515,raise,0.04874999999999963,0.5562500000000004
2026-08-16 07:05:47.929,64.525,raise,-0.01687499999999953,0.5587500000000001
2026-08-16 07:05:47.939,64.535,raise,-0.02187500000000009,0.5312499999999998
2026-08-16 07:05:47.949,64.545,raise,0.07500000000000062,0.5643750000000003
2026-08-16 07:05:47.959,64.555,raise,-0.11499999999999955,0.5193749999999997
2026-08-16 07:05:47.969,64.565,raise,0.05624999999999991,0.5537500000000006
2026-08-16 07:05:47.979,64.575,raise,0.003750000000000142,0.5512499999999998
2026-08-16 07:05:47.989,64.585,raise,-0.04812499999999997,0.5337500000000006
2026-08-16 07:05:47.999,64.595,raise,0.07687499999999958,0.5662500000000004
2026-08-16 07:05:48.009,64.605,raise,-0.11562500000000031,0.5200000000000005
2026-08-16 07:05:48.019,64.615,raise,0.05312500000000053,0.5593749999999997
2026-08-16 07:05:48.029,64.625,raise,-0.020000000000000018,0.5531249999999999
2026-08-16 07:05:48.039,64.635,raise,-0.013750000000000151,0.5225000000000002
2026-08-16 07:05:48.049,64.645,raise,0.078125,0.5656249999999996
2026-08-16 07:05:48.059,64.655,raise,-0.1112499999999994,0.5200000000000005
2026-08-16 07:05:48.069,64.665,raise,0.06062499999999971,0.5500000000000005
2026-08-16 07:05:48.079,64.675,raise,0.003750000000000142,0.5556249999999996
2026-08-16 07:05:48.089,64.685,raise,-0.04249999999999976,0.5231249999999998
2026-08-16 07:05:48.099,64.695,raise,0.07500000000000062,0.5662500000000004
2026-08-16 07:05:48.109,64.705,raise,-0.11375000000000024,0.5174999999999996
2026-08-16 07:05:48.119,64.715,raise,0.05125000000000046,0.5525000000000002
2026-08-16 07:05:48.129,64.725,raise,-0.02187500000000009,0.5512499999999998
2026-08-16 07:05:48.139,64.735,raise,-0.014999999999999458,0.5249999999999999
2026-08-16 07:05:48.149,64.745,raise,0.07624999999999993,0.5656249999999996
2026-08-16 07:05:48.159,64.755,raise,-0.11375000000000024,0.5200000000000005
2026-08-16 07:05:48.169,64.765,raise,0.056875000000000675,0.5574999999999997
2026-08-16 07:05:48.179,64.775,raise,-0.003750000000000142,0.5562500000000004
2026-08-16 07:05:48.189,64.785,raise,-0.044999999999999485,0.5249999999999999
2026-08-16 07:05:48.199,64.795,raise,0.0737500000000002,0.566875
2026-08-16 07:05:48.209,64.805,raise,-0.11687499999999962,0.516875
2026-08-16 07:05:48.219,64.815,raise,0.05437499999999984,0.5556249999999996
2026-08-16 07:05:48.229,64.825,raise,0.025000000000000577,0.5543750000000003
2026-08-16 07:05:48.239,64.835,raise,-0.011249999999999316,0.5293749999999997
2026-08-16 07:05:48.249,64.845,raise,0.07750000000000035,0.566875
2026-08-16 07:05:48.259,64.855,raise,-0.11499999999999955,0.5200000000000005
2026-08-16 07:05:48.269,64.865,raise,0.06249999999999978,0.556875
2026-08-16 07:05:48.279,64.875,raise,-0.001875000000000071,0.5543750000000003
2026-08-16 07:05:48.289,64.885,raise,-0.038124999999999964,0.5225000000000002
2026-08-16 07:05:48.299,64.895,raise,0.07312500000000055,0.5674999999999997
2026-08-16 07:05:48.309,64.905,raise,-0.11624999999999996,0.5200000000000005
2026-08-16 07:05:48.319,64.915,raise,0.056875000000000675,0.5581250000000004
2026-08-16 07:05:48.329,64.925,raise,0.020000000000000018,0.5549999999999999
2026-08-16 07:05:48.339,64.935,raise,-0.006249999999999867,0.5206250000000001
2026-08-16 07:05:48.349,64.945,raise,0.07687499999999958,0.5687500000000001
2026-08-16 07:05:48.359,64.955,raise,-0.11499999999999955,0.5206250000000001
2026-08-16 07:05:48.369,64.965,raise,0.061875000000000124,0.5493749999999997
2026-08-16 07:05:48.379,64.975,raise,-0.004999999999999449,0.5500000000000005
2026-08-16 07:05:48.389,64.985,raise,-0.03624999999999989,0.5237500000000006
2026-08-16 07:05:48.399,64.995,raise,0.07562500000000028,0.5656249999999996
2026-08-16 07:05:48.409,65.005,raise,-0.1143749999999999,0.516875
2026-08-16 07:05:48.419,65.015,raise,0.0506249999999997,0.5518750000000006
2026-08-16 07:05:48.429,65.025,raise,0.019375000000000364,0.5481250000000004
2026-08-16 07:05:48.439,65.035,raise,-0.008124999999999938,0.526875
2026-08-16 07:05:48.449,65.045,raise,0.07624999999999993,0.5631249999999999
2026-08-16 07:05:48.459,65.055,raise,-0.11499999999999955,0.5143750000000002
2026-08-16 07:05:48.469,65.065,raise,0.043125000000000524,0.5531249999999999
2026-08-16 07:05:48.479,65.075,raise,-0.008124999999999938,0.5549999999999999
2026-08-16 07:05:48.489,65.085,raise,-0.03249999999999975,0.526875
2026-08-16 07:05:48.499,65.095,raise,0.08062499999999972,0.5637500000000006
2026-08-16 07:05:48.509,65.105,raise,-0.11562500000000031,0.5218750000000005
2026-08-16 07:05:48.519,65.115,raise,0.05624999999999991,0.5574999999999997
2026-08-16 07:05:48.529,65.125,raise,0.020000000000000018,0.5500000000000005
2026-08-16 07:05:48.539,65.135,raise,-0.00687499999999952,0.5318750000000005
2026-08-16 07:05:48.549,65.145,raise,0.07874999999999965,0.5674999999999997
2026-08-16 07:05:48.559,65.155,raise,-0.11375000000000024,0.516875
2026-08-16 07:05:48.569,65.165,raise,0.04750000000000032,0.5587500000000001
2026-08-16 07:05:48.579,65.175,raise,-0.009375000000000355,0.5543750000000003
2026-08-16 07:05:48.589,65.185,raise,-0.026874999999999538,0.5206250000000001
2026-08-16 07:05:48.599,65.195,raise,0.07937500000000042,0.566875
2026-08-16 07:05:48.609,65.205,raise,-0.11687499999999962,0.5231249999999998
2026-08-16 07:05:48.619,65.215,raise,0.05624999999999991,0.5474999999999997
2026-08-16 07:05:48.629,65.225,raise,0.014374999999999805,0.5525000000000002
2026-08-16 07:05:48.639,65.235,raise,-0.05750000000000033,0.5256250000000007
2026-08-16 07:05:48.649,65.245,raise,0.07750000000000035,0.5656249999999996
2026-08-16 07:05:48.659,65.255,raise,-0.11687499999999962,0.5174999999999996
2026-08-16 07:05:48.669,65.265,raise,0.046875000000000666,0.5481250000000004
2026-08-16 07:05:48.679,65.275,raise,-0.012499999999999734,0.5500000000000005
2026-08-16 07:05:48.689,65.285,raise,-0.02562500000000023,0.5212499999999998
2026-08-16 07:05:48.699,65.295,raise,0.07687499999999958,0.565
2026-08-16 07:05:48.709,65.305,raise,-0.1100000000000001,0.516875
2026-08-16 07:05:48.719,65.315,raise,0.053750000000000187,0.5500000000000005
2026-08-16 07:05:48.729,65.325,raise,0.011250000000000426,0.5574999999999997
2026-08-16 07:05:48.739,65.335,raise,-0.05249999999999977,0.5281250000000004
2026-08-16 07:05:48.749,65.345,raise,0.07687499999999958,0.566875
2026-08-16 07:05:48.759,65.355,raise,-0.11687499999999962,0.5156250000000007
2026-08-16 07:05:48.769,65.365,raise,0.04937500000000039,0.5543750000000003
2026-08-16 07:05:48.779,65.375,raise,-0.013750000000000151,0.5587500000000001
2026-08-16 07:05:48.789,65.385,raise,-0.023124999999999396,0.5281250000000004
2026-08-16 07:05:48.799,65.395,raise,0.08062499999999972,0.5674999999999997
2026-08-16 07:05:48.809,65.405,raise,-0.10687499999999961,0.5249999999999999
2026-08-16 07:05:48.819,65.415,raise,0.06000000000000005,0.5556249999999996
2026-08-16 07:05:48.829,65.425,raise,0.010000000000000009,0.5525000000000002
2026-08-16 07:05:48.839,65.435,raise,-0.050000000000000044,0.5206250000000001
2026-08-16 07:05:48.849,65.445,raise,0.07750000000000035,0.5674999999999997
2026-08-16 07:05:48.859,65.455,raise,-0.11624999999999996,0.5218750000000005
2026-08-16 07:05:48.869,65.465,raise,0.05312500000000053,0.5493749999999997
2026-08-16 07:05:48.879,65.475,raise,0.035000000000000586,0.5531249999999999
2026-08-16 07:05:48.889,65.485,raise,-0.017500000000000293,0.5193749999999997
2026-08-16 07:05:48.899,65.495,raise,0.07687499999999958,0.5687500000000001
2026-08-16 07:05:48.909,65.505,raise,-0.1112499999999994,0.5200000000000005
2026-08-16 07:05:48.919,65.515,raise,0.05750000000000033,0.5493749999999997
2026-08-16 07:05:48.929,65.525,raise,0.004374999999999796,0.5500000000000005
2026-08-16 07:05:48.939,65.535,raise,-0.050000000000000044,0.5231249999999998
2026-08-16 07:05:48.949,65.545,raise,0.07312500000000055,0.5612499999999998
2026-08-16 07:05:48.959,65.555,raise,-0.12062499999999976,0.5200000000000005
2026-08-16 07:05:48.969,65.565,raise,0.04750000000000032,0.5474999999999997
2026-08-16 07:05:48.979,65.575,raise,0.031250000000000444,0.5606250000000002
2026-08-16 07:05:48.989,65.585,raise,-0.0187499999999996,0.5256250000000007
2026-08-16 07:05:48.999,65.595,raise,0.07562500000000028,0.5662500000000004
2026-08-16 07:05:49.009,65.605,raise,-0.1100000000000001,0.5200000000000005
2026-08-16 07:05:49.019,65.615,raise,0.0593750000000004,0.5537500000000006
2026-08-16 07:05:49.029,65.625,raise,0.0031250000000004885,0.5574999999999997
2026-08-16 07:05:49.039,65.635,raise,-0.04375000000000018,0.5274999999999996
2026-08-16 07:05:49.049,65.645,raise,0.07312500000000055,0.566875
2026-08-16 07:05:49.059,65.655,raise,-0.11249999999999982,0.5249999999999999
2026-08-16 07:05:49.069,65.665,raise,0.05125000000000046,0.5549999999999999
2026-08-16 07:05:49.079,65.675,raise,0.030000000000000027,0.5581250000000004
2026-08-16 07:05:49.089,65.685,raise,-0.01687499999999953,0.5206250000000001
2026-08-16 07:05:49.099,65.695,raise,0.07750000000000035,0.5693749999999997
2026-08-16 07:05:49.109,65.705,raise,-0.10937499999999933,0.5225000000000002
2026-08-16 07:05:49.119,65.715,raise,0.04249999999999976,0.5587500000000001
2026-08-16 07:05:49.129,65.725,raise,0.0031250000000004885,0.5574999999999997
2026-08-16 07:05:49.139,65.735,raise,-0.03874999999999962,0.5225000000000002
2026-08-16 07:05:49.149,65.745,raise,0.07750000000000035,0.5681250000000004
2026-08-16 07:05:49.159,65.755,raise,-0.1143749999999999,0.5218750000000005
2026-08-16 07:05:49.169,65.765,raise,0.05249999999999977,0.5493749999999997
2026-08-16 07:05:49.179,65.775,raise,0.026249999999999885,0.5562500000000004
2026-08-16 07:05:49.189,65.785,raise,-0.0737500000000002,0.5193749999999997
2026-08-16 07:05:49.199,65.795,raise,0.07687499999999958,0.5637500000000006
2026-08-16 07:05:49.209,65.805,raise,-0.1143749999999999,0.5181250000000004
2026-08-16 07:05:49.219,65.815,raise,0.04562500000000025,0.5456250000000007
2026-08-16 07:05:49.229,65.825,raise,-0.0031249999999993783,0.5493749999999997
2026-08-16 07:05:49.239,65.835,raise,-0.038124999999999964,0.5249999999999999
2026-08-16 07:05:49.249,65.845,raise,0.07624999999999993,0.5631249999999999
2026-08-16 07:05:49.259,65.855,raise,-0.11624999999999996,0.5149999999999999
2026-08-16 07:05:49.269,65.865,raise,0.05312500000000053,0.5525000000000002
2026-08-16 07:05:49.279,65.875,raise,0.026249999999999885,0.5612499999999998
2026-08-16 07:05:49.289,65.885,raise,-0.06249999999999978,0.526875
2026-08-16 07:05:49.299,65.895,raise,0.07624999999999993,0.5637500000000006
2026-08-16 07:05:49.309,65.905,raise,-0.1112499999999994,0.5256250000000007
2026-08-16 07:05:49.319,65.915,raise,0.04437499999999983,0.5537500000000006
2026-08-16 07:05:49.329,65.925,raise,-0.001875000000000071,0.556875
2026-08-16 07:05:49.339,65.935,raise,-0.03249999999999975,0.52875
2026-08-16 07:05:49.349,65.945,raise,0.07687499999999958,0.566875
2026-08-16 07:05:49.359,65.955,raise,-0.11375000000000024,0.5256250000000007
2026-08-16 07:05:49.369,65.965,raise,0.055000000000000604,0.5562500000000004
2026-08-16 07:05:49.379,65.975,raise,0.020000000000000018,0.5587500000000001
2026-08-16 07:05:49.389,65.985,raise,-0.06062499999999971,0.5218750000000005
2026-08-16 07:05:49.399,65.995,raise,0.07562500000000028,0.5674999999999997
2026-08-16 07:05:49.409,66.005,raise,-0.1112499999999994,0.5237500000000006
2026-08-16 07:05:49.419,66.015,raise,0.046875000000000666,0.5462500000000003
2026-08-16 07:05:49.429,66.025,raise,-0.007500000000000284,0.556875
2026-08-16 07:05:49.439,66.035,raise,-0.03624999999999989,0.5193749999999997
2026-08-16 07:05:49.449,66.045,raise,0.07750000000000035,0.5674999999999997
2026-08-16 07:05:49.459,66.055,raise,-0.1056250000000003,0.5193749999999997
2026-08-16 07:05:49.469,66.065,raise,0.05312500000000053,0.5487500000000001
2026-08-16 07:05:49.479,66.075,raise,0.017500000000000293,0.5512499999999998
2026-08-16 07:05:49.489,66.085,raise,-0.06000000000000005,0.5249999999999999
2026-08-16 07:05:49.499,66.095,raise,0.07624999999999993,0.5656249999999996
2026-08-16 07:05:49.509,66.105,raise,-0.1143749999999999,0.5212499999999998
2026-08-16 07:05:49.519,66.115,raise,0.04937500000000039,0.5549999999999999
2026-08-16 07:05:49.529,66.125,raise,0.046875000000000666,0.5612499999999998
2026-08-16 07:05:49.539,66.135,raise,-0.030000000000000027,0.5281250000000004
2026-08-16 07:05:49.549,66.145,raise,0.07750000000000035,0.5674999999999997
2026-08-16 07:05:49.559,66.155,raise,-0.10687499999999961,0.5218750000000005
2026-08-16 07:05:49.569,66.165,raise,0.05562500000000026,0.5518750000000006
2026-08-16 07:05:49.579,66.175,raise,0.01687500000000064,0.5612499999999998
2026-08-16 07:05:49.589,66.185,raise,-0.051875000000000115,0.5274999999999996
2026-08-16 07:05:49.599,66.195,raise,0.07624999999999993,0.5656249999999996
2026-08-16 07:05:49.609,66.205,raise,-0.11312499999999948,0.5237500000000006
2026-08-16 07:05:49.619,66.215,raise,0.04874999999999963,0.5581250000000004
2026-08-16 07:05:49.629,66.225,raise,0.04187500000000011,0.5600000000000005
2026-08-16 07:05:49.639,66.235,raise,-0.02562500000000023,0.5193749999999997
2026-08-16 07:05:49.649,66.245,raise,0.07437499999999986,0.5662500000000004
2026-08-16 07:05:49.659,66.255,raise,-0.10375000000000023,0.5237500000000006
2026-08-16 07:05:49.669,66.265,raise,0.053750000000000187,0.5443750000000003
2026-08-16 07:05:49.679,66.275,raise,0.013750000000000151,0.5556249999999996
2026-08-16 07:05:49.689,66.285,raise,-0.05437499999999984,0.5193749999999997
2026-08-16 07:05:49.699,66.295,raise,0.07249999999999979,0.5674999999999997
2026-08-16 07:05:49.709,66.305,raise,-0.11499999999999955,0.5218750000000005
2026-08-16 07:05:49.719,66.315,raise,0.04750000000000032,0.5481250000000004
2026-08-16 07:05:49.729,66.325,raise,0.04187500000000011,0.5549999999999999
2026-08-16 07:05:49.739,66.335,raise,-0.024374999999999813,0.5200000000000005
2026-08-16 07:05:49.749,66.345,raise,0.08000000000000007,0.5643750000000003
2026-08-16 07:05:49.759,66.355,raise,-0.10750000000000037,0.5231249999999998
2026-08-16 07:05:49.769,66.365,raise,0.04125000000000045,0.5481250000000004
2026-08-16 07:05:49.779,66.375,raise,0.011250000000000426,0.5612499999999998
2026-08-16 07:05:49.789,66.385,raise,-0.04874999999999963,0.5243750000000003
2026-08-16 07:05:49.799,66.395,raise,0.078125,0.566875
2026-08-16 07:05:49.809,66.405,raise,-0.11562500000000031,0.5193749999999997
2026-08-16 07:05:49.819,66.415,raise,0.051875000000000115,0.5556249999999996
2026-08-16 07:05:49.829,66.425,raise,0.03687500000000066,0.5612499999999998
2026-08-16 07:05:49.839,66.435,raise,-0.02187500000000009,0.5262500000000003
2026-08-16 07:05:49.849,66.445,raise,0.07874999999999965,0.5687500000000001
2026-08-16 07:05:49.859,66.455,raise,-0.10687499999999961,0.5281250000000004
2026-08-16 07:05:49.869,66.465,raise,0.043125000000000524,0.5556249999999996
2026-08-16 07:05:49.879,66.475,raise,0.008124999999999938,0.5625000000000002
2026-08-16 07:05:49.889,66.485,raise,-0.04750000000000032,0.5181250000000004
2026-08-16 07:05:49.899,66.495,raise,0.07562500000000028,0.5681250000000004
2026-08-16 07:05:49.909,66.505,raise,-0.1112499999999994,0.5231249999999998
2026-08-16 07:05:49.919,66.515,raise,0.04937500000000039,0.5549999999999999
2026-08-16 07:05:49.929,66.525,raise,0.03437499999999982,0.5574999999999997
2026-08-16 07:05:49.939,66.535,raise,-0.06812499999999999,0.51875
2026-08-16 07:05:49.949,66.545,raise,0.07750000000000035,0.5681250000000004
2026-08-16 07:05:49.959,66.555,raise,-0.1100000000000001,0.5243750000000003
2026-08-16 07:05:49.969,66.565,raise,0.04125000000000045,0.5462500000000003
2026-08-16 07:05:49.979,66.575,raise,0.0031250000000004885,0.5574999999999997
2026-08-16 07:05:49.989,66.585,raise,-0.04437499999999983,0.5231249999999998
2026-08-16 07:05:49.999,66.595,raise,0.07624999999999993,0.5637500000000006
2026-08-16 07:05:50.009,66.605,raise,-0.09437499999999988,0.5249999999999999
2026-08-16 07:05:50.019,66.615,raise,0.05125000000000046,0.5506250000000001
2026-08-16 07:05:50.029,66.625,raise,0.03437499999999982,0.556875
2026-08-16 07:05:50.039,66.635,raise,-0.06624999999999992,0.5231249999999998
2026-08-16 07:05:50.049,66.645,raise,0.08000000000000007,0.5656249999999996
2026-08-16 07:05:50.059,66.655,raise,-0.10874999999999968,0.5225000000000002
2026-08-16 07:05:50.069,66.665,raise,0.0462499999999999,0.5531249999999999
2026-08-16 07:05:50.079,66.675,raise,0.0050000000000005596,0.5625000000000002
2026-08-16 07:05:50.089,66.685,raise,-0.04249999999999976,0.5237500000000006
2026-08-16 07:05:50.099,66.695,raise,0.07750000000000035,0.5687500000000001
2026-08-16 07:05:50.109,66.705,raise,-0.09874999999999967,0.5293749999999997
2026-08-16 07:05:50.119,66.715,raise,0.05312500000000053,0.5549999999999999
2026-08-16 07:05:50.129,66.725,raise,0.02874999999999961,0.5612499999999998
2026-08-16 07:05:50.139,66.735,raise,-0.06562500000000027,0.5281250000000004
2026-08-16 07:05:50.149,66.745,raise,0.07874999999999965,0.566875
2026-08-16 07:05:50.159,66.755,raise,-0.1112499999999994,0.52875
2026-08-16 07:05:50.169,66.765,raise,0.045000000000000595,0.5562500000000004
2026-08-16 07:05:50.179,66.775,raise,0.05437499999999984,0.5549999999999999
2026-08-16 07:05:50.189,66.785,raise,-0.038124999999999964,0.5206250000000001
2026-08-16 07:05:50.199,66.795,raise,0.07437499999999986,0.5656249999999996
2026-08-16 07:05:50.209,66.805,raise,-0.10000000000000009,0.5225000000000002
2026-08-16 07:05:50.219,66.815,raise,0.051875000000000115,0.5412499999999998
2026-08-16 07:05:50.229,66.825,raise,0.02562500000000023,0.5562500000000004
2026-08-16 07:05:50.239,66.835,raise,-0.0637500000000002,0.5225000000000002
2026-08-16 07:05:50.249,66.845,raise,0.0737500000000002,0.5662500000000004
2026-08-16 07:05:50.259,66.855,raise,-0.10937499999999933,0.5256250000000007
2026-08-16 07:05:50.269,66.865,raise,0.045000000000000595,0.5481250000000004
2026-08-16 07:05:50.279,66.875,raise,0.05562500000000026,0.5562500000000004
2026-08-16 07:05:50.289,66.885,raise,-0.038124999999999964,0.5243750000000003
2026-08-16 07:05:50.299,66.895,raise,0.07624999999999993,0.5643750000000003
2026-08-16 07:05:50.309,66.905,raise,-0.09874999999999967,0.5225000000000002
2026-08-16 07:05:50.319,66.915,raise,0.05312500000000053,0.5500000000000005
2026-08-16 07:05:50.329,66.925,raise,0.027500000000000302,0.5625000000000002
2026-08-16 07:05:50.339,66.935,raise,-0.06062499999999971,0.5237500000000006
2026-08-16 07:05:50.349,66.945,raise,0.0737500000000002,0.5674999999999997
2026-08-16 07:05:50.359,66.955,raise,-0.11187500000000017,0.5231249999999998
2026-08-16 07:05:50.369,66.965,raise,0.0462499999999999,0.5543750000000003
2026-08-16 07:05:50.379,66.975,raise,0.05437499999999984,0.5637500000000006
2026-08-16 07:05:50.389,66.985,raise,-0.03375000000000017,0.5262500000000003
2026-08-16 07:05:50.399,66.995,raise,0.08062499999999972,0.5712499999999998
2026-08-16 07:05:50.409,67.005,raise,-0.10249999999999981,0.5293749999999997
2026-08-16 07:05:50.419,67.015,raise,0.035000000000000586,0.5531249999999999
2026-08-16 07:05:50.429,67.025,raise,0.020000000000000018,0.5612499999999998
2026-08-16 07:05:50.439,67.035,raise,-0.05750000000000033,0.516875
2026-08-16 07:05:50.449,67.045,raise,0.07624999999999993,0.5681250000000004
2026-08-16 07:05:50.459,67.055,raise,-0.11562500000000031,0.5237500000000006
2026-08-16 07:05:50.469,67.065,raise,0.0462499999999999,0.5562500000000004
2026-08-16 07:05:50.479,67.075,raise,0.04812499999999997,0.5581250000000004
2026-08-16 07:05:50.489,67.085,raise,-0.028124999999999956,0.5206250000000001
2026-08-16 07:05:50.499,67.095,raise,0.08000000000000007,0.5693749999999997
2026-08-16 07:05:50.509,67.105,raise,-0.10000000000000009,0.5237500000000006
2026-08-16 07:05:50.519,67.115,raise,0.04187500000000011,0.5506250000000001
2026-08-16 07:05:50.529,67.125,raise,0.01687500000000064,0.5606250000000002
2026-08-16 07:05:50.539,67.135,raise,-0.05437499999999984,0.5212499999999998
2026-08-16 07:05:50.549,67.145,raise,0.07437499999999986,0.5625000000000002
2026-08-16 07:05:50.559,67.155,raise,-0.11312499999999948,0.5231249999999998
2026-08-16 07:05:50.569,67.165,raise,0.04937500000000039,0.5487500000000001
2026-08-16 07:05:50.579,67.175,raise,0.045000000000000595,0.5562500000000004
2026-08-16 07:05:50.589,67.185,raise,-0.07562500000000028,0.5231249999999998
2026-08-16 07:05:50.599,67.195,raise,0.078125,0.5643750000000003
2026-08-16 07:05:50.609,67.205,raise,-0.10312499999999947,0.5237500000000006
2026-08-16 07:05:50.619,67.215,raise,0.038124999999999964,0.5512499999999998
2026-08-16 07:05:50.629,67.225,raise,0.013750000000000151,0.5625000000000002
2026-08-16 07:05:50.639,67.235,raise,-0.054999999999999494,0.5243750000000003
2026-08-16 07:05:50.649,67.245,raise,0.07624999999999993,0.566875
2026-08-16 07:05:50.659,67.255,raise,-0.08750000000000036,0.5312499999999998
2026-08-16 07:05:50.669,67.265,raise,0.0462499999999999,0.5512499999999998
2026-08-16 07:05:50.679,67.275,raise,0.045000000000000595,0.5593749999999997
2026-08-16 07:05:50.689,67.285,raise,-0.07624999999999993,0.5181250000000004
2026-08-16 07:05:50.699,67.295,raise,0.08000000000000007,0.5681250000000004
2026-08-16 07:05:50.709,67.305,raise,-0.10874999999999968,0.5293749999999997
2026-08-16 07:05:50.719,67.315,raise,0.04187500000000011,0.5549999999999999
2026-08-16 07:05:50.729,67.325,raise,0.010624999999999662,0.5618750000000006
2026-08-16 07:05:50.739,67.335,raise,-0.04937500000000039,0.5181250000000004
2026-08-16 07:05:50.749,67.345,raise,0.078125,0.5712499999999998
2026-08-16 07:05:50.759,67.355,raise,-0.09000000000000008,0.52875
2026-08-16 07:05:50.769,67.365,raise,0.050000000000000044,0.5474999999999997
2026-08-16 07:05:50.779,67.375,raise,0.03937500000000038,0.5625000000000002
2026-08-16 07:05:50.789,67.385,raise,-0.07124999999999937,0.5206250000000001
2026-08-16 07:05:50.799,67.395,raise,0.07687499999999958,0.565
2026-08-16 07:05:50.809,67.405,raise,-0.10687499999999961,0.526875
2026-08-16 07:05:50.819,67.415,raise,0.04125000000000045,0.5500000000000005
2026-08-16 07:05:50.829,67.425,raise,0.06000000000000005,0.5581250000000004
2026-08-16 07:05:50.839,67.435,raise,-0.04437499999999983,0.5218750000000005
2026-08-16 07:05:50.849,67.445,raise,0.0737500000000002,0.566875
2026-08-16 07:05:50.859,67.455,raise,-0.09375000000000022,0.526875
2026-08-16 07:05:50.869,67.465,raise,0.05249999999999977,0.5500000000000005
2026-08-16 07:05:50.879,67.475,raise,0.035000000000000586,0.5662500000000004
2026-08-16 07:05:50.889,67.485,raise,-0.07062499999999972,0.5243750000000003
2026-08-16 07:05:50.899,67.495,raise,0.07062499999999972,0.5681250000000004
2026-08-16 07:05:50.909,67.505,raise,-0.10874999999999968,0.5325000000000002
2026-08-16 07:05:50.919,67.515,raise,0.04125000000000045,0.5525000000000002
2026-08-16 07:05:50.929,67.525,raise,0.061875000000000124,0.5612499999999998
2026-08-16 07:05:50.939,67.535,raise,-0.0462499999999999,0.5256250000000007
2026-08-16 07:05:50.949,67.545,raise,0.07312500000000055,0.5656249999999996
2026-08-16 07:05:50.959,67.555,raise,-0.09375000000000022,0.52875
2026-08-16 07:05:50.969,67.565,raise,0.05249999999999977,0.5531249999999999
2026-08-16 07:05:50.979,67.575,raise,0.030000000000000027,0.5631249999999999
2026-08-16 07:05:50.989,67.585,raise,-0.07000000000000006,0.5212499999999998
2026-08-16 07:05:50.999,67.595,raise,0.07562500000000028,0.5681250000000004
2026-08-16 07:05:51.009,67.605,raise,-0.11062499999999975,0.5300000000000005
2026-08-16 07:05:51.019,67.615,raise,0.04187500000000011,0.546875
2026-08-16 07:05:51.029,67.625,raise,0.06000000000000005,0.5618750000000006
2026-08-16 07:05:51.039,67.635,raise,-0.04124999999999934,0.5181250000000004
2026-08-16 07:05:51.049,67.645,raise,0.07750000000000035,0.5706250000000002
2026-08-16 07:05:51.059,67.655,raise,-0.09937499999999932,0.5274999999999996
2026-08-16 07:05:51.069,67.665,raise,0.03437499999999982,0.5481250000000004
2026-08-16 07:05:51.079,67.675,raise,0.026249999999999885,0.5606250000000002
2026-08-16 07:05:51.089,67.685,raise,-0.06562500000000027,0.5231249999999998
2026-08-16 07:05:51.099,67.695,raise,0.07687499999999958,0.566875
2026-08-16 07:05:51.109,67.705,raise,-0.11249999999999982,0.5281250000000004
2026-08-16 07:05:51.119,67.715,raise,0.045000000000000595,0.5512499999999998
2026-08-16 07:05:51.129,67.725,raise,0.05624999999999991,0.5662500000000004
2026-08-16 07:05:51.139,67.735,raise,-0.08687499999999959,0.526875
2026-08-16 07:05:51.149,67.745,raise,0.07687499999999958,0.566875
2026-08-16 07:05:51.159,67.755,raise,-0.09812500000000002,0.5243750000000003
2026-08-16 07:05:51.169,67.765,raise,0.03562500000000024,0.5506250000000001
2026-08-16 07:05:51.179,67.775,raise,0.023125000000000506,0.5593749999999997
2026-08-16 07:05:51.189,67.785,raise,-0.061875000000000124,0.5249999999999999
2026-08-16 07:05:51.199,67.795,raise,0.07312500000000055,0.566875
2026-08-16 07:05:51.209,67.805,raise,-0.1143749999999999,0.5312499999999998
2026-08-16 07:05:51.219,67.815,raise,0.04249999999999976,0.5525000000000002
2026-08-16 07:05:51.229,67.825,raise,0.05437499999999984,0.5606250000000002
2026-08-16 07:05:51.239,67.835,raise,-0.08499999999999952,0.5143750000000002
2026-08-16 07:05:51.249,67.845,raise,0.07937500000000042,0.5700000000000005
2026-08-16 07:05:51.259,67.855,raise,-0.09874999999999967,0.5281250000000004
2026-08-16 07:05:51.269,67.865,raise,0.03750000000000031,0.5549999999999999
2026-08-16 07:05:51.279,67.875,raise,0.02562500000000023,0.565
2026-08-16 07:05:51.289,67.885,raise,-0.06000000000000005,0.5162500000000003
2026-08-16 07:05:51.299,67.895,raise,0.07874999999999965,0.5700000000000005
2026-08-16 07:05:51.309,67.905,raise,-0.08187500000000014,0.5281250000000004
2026-08-16 07:05:51.319,67.915,raise,0.04750000000000032,0.5474999999999997
2026-08-16 07:05:51.329,67.925,raise,0.050000000000000044,0.5637500000000006
2026-08-16 07:05:51.339,67.935,raise,-0.08312499999999945,0.5212499999999998
2026-08-16 07:05:51.349,67.945,raise,0.07687499999999958,0.5637500000000006
2026-08-16 07:05:51.359,67.955,raise,-0.10312499999999947,0.5262500000000003
2026-08-16 07:05:51.369,67.965,raise,0.04187500000000011,0.546875
2026-08-16 07:05:51.379,67.975,raise,0.06562500000000027,0.5637500000000006
2026-08-16 07:05:51.389,67.985,raise,-0.05437499999999984,0.5206250000000001
2026-08-16 07:05:51.399,67.995,raise,0.07750000000000035,0.5674999999999997
2026-08-16 07:05:51.409,68.005,raise,-0.08312499999999945,0.526875
2026-08-16 07:05:51.419,68.015,raise,0.046875000000000666,0.5506250000000001
2026-08-16 07:05:51.429,68.025,raise,0.0462499999999999,0.5625000000000002
2026-08-16 07:05:51.439,68.035,raise,-0.07874999999999965,0.5225000000000002
2026-08-16 07:05:51.449,68.045,raise,0.07500000000000062,0.5674999999999997
2026-08-16 07:05:51.459,68.055,raise,-0.10499999999999954,0.52875
2026-08-16 07:05:51.469,68.065,raise,0.040000000000000036,0.5493749999999997
2026-08-16 07:05:51.479,68.075,raise,0.0637500000000002,0.5612499999999998
2026-08-16 07:05:51.489,68.085,raise,-0.05437499999999984,0.5231249999999998
2026-08-16 07:05:51.499,68.095,raise,0.0737500000000002,0.5662500000000004
2026-08-16 07:05:51.509,68.105,raise,-0.08375000000000021,0.5312499999999998
2026-08-16 07:05:51.519,68.115,raise,0.046875000000000666,0.5556249999999996
2026-08-16 07:05:51.529,68.125,raise,0.046875000000000666,0.5631249999999999
2026-08-16 07:05:51.539,68.135,raise,-0.078125,0.5174999999999996
2026-08-16 07:05:51.549,68.145,raise,0.06937500000000041,0.5681250000000004
2026-08-16 07:05:51.559,68.155,raise,-0.10437499999999988,0.5312499999999998
2026-08-16 07:05:51.569,68.165,raise,0.03937500000000038,0.5437500000000006
2026-08-16 07:05:51.579,68.175,raise,0.06500000000000061,0.5631249999999999
2026-08-16 07:05:51.589,68.185,raise,-0.05249999999999977,0.5174999999999996
2026-08-16 07:05:51.599,68.195,raise,0.07750000000000035,0.5700000000000005
2026-08-16 07:05:51.609,68.205,raise,-0.08812500000000001,0.5256250000000007
2026-08-16 07:05:51.619,68.215,raise,0.05312500000000053,0.5474999999999997
2026-08-16 07:05:51.629,68.225,raise,0.038124999999999964,0.5643750000000003
2026-08-16 07:05:51.639,68.235,raise,-0.07562500000000028,0.5212499999999998
2026-08-16 07:05:51.649,68.245,raise,0.07624999999999993,0.5631249999999999
2026-08-16 07:05:51.659,68.255,raise,-0.10624999999999996,0.5274999999999996
2026-08-16 07:05:51.669,68.265,raise,0.03937500000000038,0.5462500000000003
2026-08-16 07:05:51.679,68.275,raise,0.06249999999999978,0.5606250000000002
2026-08-16 07:05:51.689,68.285,raise,-0.04812499999999997,0.5218750000000005
2026-08-16 07:05:51.699,68.295,raise,0.07249999999999979,0.5593749999999997
2026-08-16 07:05:51.709,68.305,raise,-0.09062499999999973,0.5306250000000001
2026-08-16 07:05:51.719,68.315,raise,0.028124999999999956,0.5493749999999997
2026-08-16 07:05:51.729,68.325,raise,0.038124999999999964,0.5656249999999996
2026-08-16 07:05:51.739,68.335,raise,-0.07062499999999972,0.5231249999999998
2026-08-16 07:05:51.749,68.345,raise,0.07562500000000028,0.565
2026-08-16 07:05:51.759,68.355,raise,-0.10750000000000037,0.5306250000000001
2026-08-16 07:05:51.769,68.365,raise,0.04249999999999976,0.5506250000000001
2026-08-16 07:05:51.779,68.375,raise,0.058749999999999636,0.5625000000000002
2026-08-16 07:05:51.789,68.385,raise,-0.08937500000000043,0.5174999999999996
2026-08-16 07:05:51.799,68.395,raise,0.07624999999999993,0.565
2026-08-16 07:05:51.809,68.405,raise,-0.0924999999999998,0.5312499999999998
2026-08-16 07:05:51.819,68.415,raise,0.03437499999999982,0.5431249999999999
2026-08-16 07:05:51.829,68.425,raise,0.03562500000000024,0.5625000000000002
2026-08-16 07:05:51.839,68.435,raise,-0.06937500000000041,0.5174999999999996
2026-08-16 07:05:51.849,68.445,raise,0.078125,0.565
2026-08-16 07:05:51.859,68.455,raise,-0.10812500000000003,0.5312499999999998
2026-08-16 07:05:51.869,68.465,raise,0.04437499999999983,0.5462500000000003
2026-08-16 07:05:51.879,68.475,raise,0.06125000000000047,0.5625000000000002
2026-08-16 07:05:51.889,68.485,raise,-0.09187500000000015,0.5200000000000005
2026-08-16 07:05:51.899,68.495,raise,0.07750000000000035,0.5637500000000006
2026-08-16 07:05:51.909,68.505,raise,-0.09750000000000036,0.5281250000000004
2026-08-16 07:05:51.919,68.515,raise,0.035000000000000586,0.5449999999999999
2026-08-16 07:05:51.929,68.525,raise,0.02562500000000023,0.5656249999999996
2026-08-16 07:05:51.939,68.535,raise,-0.06750000000000034,0.5225000000000002
2026-08-16 07:05:51.949,68.545,raise,0.07562500000000028,0.5618750000000006
2026-08-16 07:05:51.959,68.555,raise,-0.078125,0.5225000000000002
2026-08-16 07:05:51.969,68.565,raise,0.043125000000000524,0.5487500000000001
2026-08-16 07:05:51.979,68.575,raise,0.05437499999999984,0.5643750000000003
2026-08-16 07:05:51.989,68.585,raise,-0.08437499999999987,0.5181250000000004
2026-08-16 07:05:51.999,68.595,raise,0.07437499999999986,0.5656249999999996
2026-08-16 07:05:52.009,68.605,raise,-0.09624999999999995,0.536875
2026-08-16 07:05:52.019,68.615,raise,0.03562500000000024,0.546875
2026-08-16 07:05:52.029,68.625,raise,0.06624999999999992,0.5631249999999999
2026-08-16 07:05:52.039,68.635,raise,-0.06437499999999985,0.5174999999999996
2026-08-16 07:05:52.049,68.645,raise,0.07249999999999979,0.5687500000000001
2026-08-16 07:05:52.059,68.655,raise,-0.07562500000000028,0.5349999999999999
2026-08-16 07:05:52.069,68.665,raise,0.04249999999999976,0.5512499999999998
2026-08-16 07:05:52.079,68.675,raise,0.05562500000000026,0.5637500000000006
2026-08-16 07:05:52.089,68.685,raise,-0.0824999999999998,0.51875
2026-08-16 07:05:52.099,68.695,raise,0.07500000000000062,0.5662500000000004
2026-08-16 07:05:52.109,68.705,raise,-0.0968749999999996,0.5318750000000005
2026-08-16 07:05:52.119,68.715,raise,0.03562500000000024,0.5425000000000002
2026-08-16 07:05:52.129,68.725,raise,0.06562500000000027,0.5643750000000003
2026-08-16 07:05:52.139,68.735,raise,-0.0637500000000002,0.51875
2026-08-16 07:05:52.149,68.745,raise,0.07624999999999993,0.5643750000000003
2026-08-16 07:05:52.159,68.755,raise,-0.08062499999999972,0.5312499999999998
2026-08-16 07:05:52.169,68.765,raise,0.04562500000000025,0.5418750000000006
2026-08-16 07:05:52.179,68.775,raise,0.05125000000000046,0.5556249999999996
2026-08-16 07:05:52.189,68.785,raise,-0.08312499999999945,0.5193749999999997
2026-08-16 07:05:52.199,68.795,raise,0.07062499999999972,0.5600000000000005
2026-08-16 07:05:52.209,68.805,raise,-0.10187500000000016,0.5243750000000003
2026-08-16 07:05:52.219,68.815,raise,0.03562500000000024,0.5449999999999999
2026-08-16 07:05:52.229,68.825,raise,0.06062499999999971,0.5612499999999998
2026-08-16 07:05:52.239,68.835,raise,-0.06124999999999936,0.5181250000000004
2026-08-16 07:05:52.249,68.845,raise,0.07500000000000062,0.565
2026-08-16 07:05:52.259,68.855,raise,-0.08375000000000021,0.5349999999999999
2026-08-16 07:05:52.269,68.865,raise,0.02687500000000065,0.5493749999999997
2026-08-16 07:05:52.279,68.875,raise,0.04937500000000039,0.5637500000000006
2026-08-16 07:05:52.289,68.885,raise,-0.07750000000000035,0.5181250000000004
2026-08-16 07:05:52.299,68.895,raise,0.07125000000000048,0.5700000000000005
2026-08-16 07:05:52.309,68.905,raise,-0.1012499999999994,0.5356250000000007
2026-08-16 07:05:52.319,68.915,raise,0.03687500000000066,0.5506250000000001
2026-08-16 07:05:52.329,68.925,raise,0.06500000000000061,0.5631249999999999
2026-08-16 07:05:52.339,68.935,raise,-0.05812499999999998,0.51875
2026-08-16 07:05:52.349,68.945,raise,0.07437499999999986,0.5681250000000004
2026-08-16 07:05:52.359,68.955,raise,-0.08562500000000028,0.5337500000000006
2026-08-16 07:05:52.369,68.965,raise,0.02375000000000016,0.5412499999999998
2026-08-16 07:05:52.379,68.975,raise,0.046875000000000666,0.5656249999999996
2026-08-16 07:05:52.389,68.985,raise,-0.078125,0.5181250000000004
2026-08-16 07:05:52.399,68.995,raise,0.07187500000000013,0.566875
2026-08-16 07:05:52.409,69.005,raise,-0.10437499999999988,0.5318750000000005
2026-08-16 07:05:52.419,69.015,raise,0.040000000000000036,0.5412499999999998
2026-08-16 07:05:52.429,69.025,raise,0.0637500000000002,0.5606250000000002
2026-08-16 07:05:52.439,69.035,raise,-0.09624999999999995,0.5162500000000003
2026-08-16 07:05:52.449,69.045,raise,0.07562500000000028,0.5618750000000006
2026-08-16 07:05:52.459,69.055,raise,-0.09062499999999973,0.526875
2026-08-16 07:05:52.469,69.065,raise,0.027500000000000302,0.5474999999999997
2026-08-16 07:05:52.479,69.075,raise,0.04249999999999976,0.5618750000000006
2026-08-16 07:05:52.489,69.085,raise,-0.07437499999999986,0.5218750000000005
2026-08-16 07:05:52.499,69.095,raise,0.07312500000000055,0.5656249999999996
2026-08-16 07:05:52.509,69.105,raise,-0.10499999999999954,0.5249999999999999
2026-08-16 07:05:52.519,69.115,raise,0.043125000000000524,0.546875
2026-08-16 07:05:52.529,69.125,raise,0.06062499999999971,0.5643750000000003
2026-08-16 07:05:52.539,69.135,raise,-0.09000000000000008,0.5212499999999998
2026-08-16 07:05:52.549,69.145,raise,0.07187500000000013,0.565
2026-08-16 07:05:52.559,69.155,raise,-0.08812500000000001,0.5374999999999996
2026-08-16 07:05:52.569,69.165,raise,0.028124999999999956,0.5525000000000002
2026-08-16 07:05:52.579,69.175,raise,0.03624999999999989,0.5643750000000003
2026-08-16 07:05:52.589,69.185,raise,-0.07312499999999944,0.5143750000000002
2026-08-16 07:05:52.599,69.195,raise,0.07062499999999972,0.5674999999999997
2026-08-16 07:05:52.609,69.205,raise,-0.06812499999999999,0.5331249999999998
2026-08-16 07:05:52.619,69.215,raise,0.040000000000000036,0.5406250000000001
2026-08-16 07:05:52.629,69.225,raise,0.06249999999999978,0.565
2026-08-16 07:05:52.639,69.235,raise,-0.09000000000000008,0.5162500000000003
2026-08-16 07:05:52.649,69.245,raise,0.07937500000000042,0.5700000000000005
2026-08-16 07:05:52.659,69.255,raise,-0.09062499999999973,0.5318750000000005
2026-08-16 07:05:52.669,69.265,raise,0.031250000000000444,0.5387500000000001
2026-08-16 07:05:52.679,69.275,raise,0.06874999999999964,0.5631249999999999
2026-08-16 07:05:52.689,69.285,raise,-0.07312499999999944,0.5181250000000004
2026-08-16 07:05:52.699,69.295,raise,0.07125000000000048,0.5593749999999997
2026-08-16 07:05:52.709,69.305,raise,-0.07124999999999937,0.5293749999999997
2026-08-16 07:05:52.719,69.315,raise,0.04249999999999976,0.5412499999999998
2026-08-16 07:05:52.729,69.325,raise,0.055000000000000604,0.5612499999999998
2026-08-16 07:05:52.739,69.335,raise,-0.08750000000000036,0.5174999999999996
2026-08-16 07:05:52.749,69.345,raise,0.07624999999999993,0.5606250000000002
2026-08-16 07:05:52.759,69.355,raise,-0.09624999999999995,0.5256250000000007
2026-08-16 07:05:52.769,69.365,raise,0.03437499999999982,0.5481250000000004
2026-08-16 07:05:52.779,69.375,raise,0.06937500000000041,0.5637500000000006
2026-08-16 07:05:52.789,69.385,raise,-0.06750000000000034,0.5212499999999998
2026-08-16 07:05:52.799,69.395,raise,0.0737500000000002,0.5656249999999996
2026-08-16 07:05:52.809,69.405,raise,-0.07062499999999972,0.5387500000000001
2026-08-16 07:05:52.819,69.415,raise,0.043125000000000524,0.5487500000000001
2026-08-16 07:05:52.829,69.425,raise,0.05624999999999991,0.5656249999999996
2026-08-16 07:05:52.839,69.435,raise,-0.08687499999999959,0.5193749999999997
2026-08-16 07:05:52.849,69.445,raise,0.06874999999999964,0.5687500000000001
2026-08-16 07:05:52.859,69.455,raise,-0.09499999999999953,0.5337500000000006
2026-08-16 07:05:52.869,69.465,raise,0.033125000000000515,0.5481250000000004
2026-08-16 07:05:52.879,69.475,raise,0.07000000000000006,0.5637500000000006
2026-08-16 07:05:52.889,69.485,raise,-0.06624999999999992,0.5162500000000003
2026-08-16 07:05:52.899,69.495,raise,0.07500000000000062,0.5687500000000001
2026-08-16 07:05:52.909,69.505,raise,-0.07499999999999951,0.5337500000000006
2026-08-16 07:05:52.919,69.515,raise,0.018124999999999947,0.5406250000000001
2026-08-16 07:05:52.929,69.525,raise,0.055000000000000604,0.5637500000000006
2026-08-16 07:05:52.939,69.535,raise,-0.08937500000000043,0.5118750000000005
2026-08-16 07:05:52.949,69.545,raise,0.07125000000000048,0.5600000000000005
2026-08-16 07:05:52.959,69.555,raise,-0.10499999999999954,0.5274999999999996
2026-08-16 07:05:52.969,69.565,raise,0.03624999999999989,0.5418750000000006
2026-08-16 07:05:52.979,69.575,raise,0.06937500000000041,0.5593749999999997
2026-08-16 07:05:52.989,69.585,raise,-0.06124999999999936,0.51875
2026-08-16 07:05:52.999,69.595,raise,0.07437499999999986,0.5606250000000002
2026-08-16 07:05:53.009,69.605,raise,-0.07937500000000042,0.5293749999999997
2026-08-16 07:05:53.019,69.615,raise,0.02687500000000065,0.546875
2026-08-16 07:05:53.029,69.625,raise,0.04937500000000039,0.565
2026-08-16 07:05:53.039,69.635,raise,-0.0824999999999998,0.5200000000000005
2026-08-16 07:05:53.049,69.645,raise,0.06874999999999964,0.565
2026-08-16 07:05:53.059,69.655,raise,-0.09937499999999932,0.536875
2026-08-16 07:05:53.069,69.665,raise,0.03624999999999989,0.5481250000000004
2026-08-16 07:05:53.079,69.675,raise,0.06812499999999999,0.566875
2026-08-16 07:05:53.089,69.685,raise,-0.09874999999999967,0.5206250000000001
2026-08-16 07:05:53.099,69.695,raise,0.07624999999999993,0.566875
2026-08-16 07:05:53.109,69.705,raise,-0.08000000000000007,0.5374999999999996
2026-08-16 07:05:53.119,69.715,raise,0.02375000000000016,0.5518750000000006
2026-08-16 07:05:53.129,69.725,raise,0.046875000000000666,0.5662500000000004
2026-08-16 07:05:53.139,69.735,raise,-0.0824999999999998,0.5143750000000002
2026-08-16 07:05:53.149,69.745,raise,0.07062499999999972,0.5674999999999997
2026-08-16 07:05:53.159,69.755,raise,-0.058749999999999636,0.5362500000000003
2026-08-16 07:05:53.169,69.765,raise,0.03437499999999982,0.5374999999999996
2026-08-16 07:05:53.179,69.775,raise,0.06562500000000027,0.5643750000000003
2026-08-16 07:05:53.189,69.785,raise,-0.10062499999999974,0.5174999999999996
2026-08-16 07:05:53.199,69.795,raise,0.07624999999999993,0.5656249999999996
2026-08-16 07:05:53.209,69.805,raise,-0.08750000000000036,0.5343750000000003
2026-08-16 07:05:53.219,69.815,raise,0.026249999999999885,0.5437500000000006
2026-08-16 07:05:53.229,69.825,raise,0.04062499999999969,0.5612499999999998
2026-08-16 07:05:53.239,69.835,raise,-0.07937500000000042,0.5162500000000003
2026-08-16 07:05:53.249,69.845,raise,0.07187500000000013,0.5631249999999999
2026-08-16 07:05:53.259,69.855,raise,-0.061875000000000124,0.5318750000000005
2026-08-16 07:05:53.269,69.865,raise,0.04062499999999969,0.5481250000000004
2026-08-16 07:05:53.279,69.875,raise,0.06500000000000061,0.5674999999999997
2026-08-16 07:05:53.289,69.885,raise,-0.09375000000000022,0.5206250000000001
2026-08-16 07:05:53.299,69.895,raise,0.07312500000000055,0.5643750000000003
2026-08-16 07:05:53.309,69.905,raise,-0.08750000000000036,0.5293749999999997
2026-08-16 07:05:53.319,69.915,raise,0.028124999999999956,0.5487500000000001
2026-08-16 07:05:53.329,69.925,raise,0.06874999999999964,0.5656249999999996
2026-08-16 07:05:53.339,69.935,raise,-0.07437499999999986,0.5212499999999998
2026-08-16 07:05:53.349,69.945,raise,0.07249999999999979,0.5662500000000004
2026-08-16 07:05:53.359,69.955,raise,-0.06437499999999985,0.5400000000000005
2026-08-16 07:05:53.369,69.965,raise,0.035000000000000586,0.5481250000000004
2026-08-16 07:05:53.379,69.975,raise,0.061875000000000124,0.5687500000000001
2026-08-16 07:05:53.389,69.985,raise,-0.09062499999999973,0.5162500000000003
2026-08-16 07:05:53.399,69.995,raise,0.06687500000000068,0.565
2026-08-16 07:05:53.409,70.005,raise,-0.08812500000000001,0.5343750000000003
2026-08-16 07:05:53.419,70.015,raise,0.0318750000000001,0.5362500000000003
2026-08-16 07:05:53.429,70.025,raise,0.06812499999999999,0.5637500000000006
2026-08-16 07:05:53.439,70.035,raise,-0.07687499999999958,0.516875
2026-08-16 07:05:53.449,70.045,raise,0.07437499999999986,0.5637500000000006
2026-08-16 07:05:53.459,70.055,raise,-0.06812499999999999,0.5331249999999998
2026-08-16 07:05:53.469,70.065,raise,0.03874999999999962,0.5400000000000005
2026-08-16 07:05:53.479,70.075,raise,0.0593750000000004,0.5618750000000006
2026-08-16 07:05:53.489,70.085,raise,-0.09000000000000008,0.516875
2026-08-16 07:05:53.499,70.095,raise,0.06750000000000034,0.5612499999999998
2026-08-16 07:05:53.509,70.105,raise,-0.09187500000000015,0.5318750000000005
2026-08-16 07:05:53.519,70.115,raise,0.0318750000000001,0.5443750000000003
2026-08-16 07:05:53.529,70.125,raise,0.07187500000000013,0.5631249999999999
2026-08-16 07:05:53.539,70.135,raise,-0.07062499999999972,0.5200000000000005
2026-08-16 07:05:53.549,70.145,raise,0.07187500000000013,0.5618750000000006
2026-08-16 07:05:53.559,70.155,raise,-0.07187500000000013,0.5331249999999998
2026-08-16 07:05:53.569,70.165,raise,0.019375000000000364,0.5487500000000001
2026-08-16 07:05:53.579,70.175,raise,0.05624999999999991,0.5625000000000002
2026-08-16 07:05:53.589,70.185,raise,-0.08874999999999966,0.5225000000000002
2026-08-16 07:05:53.599,70.195,raise,0.07000000000000006,0.5643750000000003
2026-08-16 07:05:53.609,70.205,raise,-0.0924999999999998,0.5381250000000004
2026-08-16 07:05:53.619,70.215,raise,0.030000000000000027,0.5481250000000004
2026-08-16 07:05:53.629,70.225,raise,0.07062499999999972,0.565
2026-08-16 07:05:53.639,70.235,raise,-0.10437499999999988,0.5225000000000002
2026-08-16 07:05:53.649,70.245,raise,0.07500000000000062,0.5674999999999997
2026-08-16 07:05:53.659,70.255,raise,-0.07062499999999972,0.5374999999999996
2026-08-16 07:05:53.669,70.265,raise,0.019375000000000364,0.5481250000000004
2026-08-16 07:05:53.679,70.275,raise,0.058749999999999636,0.5612499999999998
2026-08-16 07:05:53.689,70.285,raise,-0.09000000000000008,0.5118750000000005
2026-08-16 07:05:53.699,70.295,raise,0.07062499999999972,0.5637500000000006
2026-08-16 07:05:53.709,70.305,raise,-0.09812500000000002,0.5343750000000003
2026-08-16 07:05:53.719,70.315,raise,0.031250000000000444,0.536875
2026-08-16 07:05:53.729,70.325,raise,0.06812499999999999,0.5625000000000002
2026-08-16 07:05:53.739,70.335,raise,-0.10312499999999947,0.516875
2026-08-16 07:05:53.749,70.345,raise,0.07500000000000062,0.5581250000000004
2026-08-16 07:05:53.759,70.355,raise,-0.07312499999999944,0.5356250000000007
2026-08-16 07:05:53.769,70.365,raise,0.025000000000000577,0.5412499999999998
2026-08-16 07:05:53.779,70.375,raise,0.053750000000000187,0.5662500000000004
2026-08-16 07:05:53.789,70.385,raise,-0.08437499999999987,0.5212499999999998
2026-08-16 07:05:53.799,70.395,raise,0.06874999999999964,0.5600000000000005
2026-08-16 07:05:53.809,70.405,raise,-0.05312499999999942,0.5325000000000002
2026-08-16 07:05:53.819,70.415,raise,0.035000000000000586,0.5449999999999999
2026-08-16 07:05:53.829,70.425,raise,0.06624999999999992,0.565
2026-08-16 07:05:53.839,70.435,raise,-0.10000000000000009,0.5181250000000004
2026-08-16 07:05:53.849,70.445,raise,0.07187500000000013,0.5593749999999997
2026-08-16 07:05:53.859,70.455,raise,-0.07624999999999993,0.5400000000000005
2026-08-16 07:05:53.869,70.465,raise,0.02375000000000016,0.5474999999999997
2026-08-16 07:05:53.879,70.475,raise,0.053750000000000187,0.5625000000000002
2026-08-16 07:05:53.889,70.485,raise,-0.08312499999999945,0.5181250000000004
2026-08-16 07:05:53.899,70.495,raise,0.06687500000000068,0.5625000000000002
2026-08-16 07:05:53.909,70.505,raise,-0.053750000000000187,0.5381250000000004
2026-08-16 07:05:53.919,70.515,raise,0.03437499999999982,0.5449999999999999
2026-08-16 07:05:53.929,70.525,raise,0.0637500000000002,0.5612499999999998
2026-08-16 07:05:53.939,70.535,raise,-0.09937499999999932,0.5143750000000002
2026-08-16 07:05:53.949,70.545,raise,0.07687499999999958,0.5643750000000003
2026-08-16 07:05:53.959,70.555,raise,-0.08187500000000014,0.5325000000000002
2026-08-16 07:05:53.969,70.565,raise,0.02187500000000009,0.536875
2026-08-16 07:05:53.979,70.575,raise,0.07187500000000013,0.5643750000000003
2026-08-16 07:05:53.989,70.585,raise,-0.08499999999999952,0.516875
2026-08-16 07:05:53.999,70.595,raise,0.07187500000000013,0.566875
2026-08-16 07:05:54.009,70.605,raise,-0.0593750000000004,0.5331249999999998
2026-08-16 07:05:54.019,70.615,raise,0.03874999999999962,0.536875
2026-08-16 07:05:54.029,70.625,raise,0.06624999999999992,0.5643750000000003
2026-08-16 07:05:54.039,70.635,raise,-0.09812500000000002,0.5143750000000002
2026-08-16 07:05:54.049,70.645,raise,0.06687500000000068,0.5593749999999997
2026-08-16 07:05:54.059,70.655,raise,-0.08437499999999987,0.5325000000000002
2026-08-16 07:05:54.069,70.665,raise,0.024374999999999813,0.5418750000000006
2026-08-16 07:05:54.079,70.675,raise,0.07125000000000048,0.5643750000000003
2026-08-16 07:05:54.089,70.685,raise,-0.07750000000000035,0.5174999999999996
2026-08-16 07:05:54.099,70.695,raise,0.07249999999999979,0.5625000000000002
2026-08-16 07:05:54.109,70.705,raise,-0.06000000000000005,0.5318750000000005
2026-08-16 07:05:54.119,70.715,raise,0.038124999999999964,0.5431249999999999
2026-08-16 07:05:54.129,70.725,raise,0.06624999999999992,0.5662500000000004
2026-08-16 07:05:54.139,70.735,raise,-0.0924999999999998,0.516875
2026-08-16 07:05:54.149,70.745,raise,0.06312500000000054,0.5662500000000004
2026-08-16 07:05:54.159,70.755,raise,-0.08375000000000021,0.5418750000000006
2026-08-16 07:05:54.169,70.765,raise,0.024374999999999813,0.5437500000000006
2026-08-16 07:05:54.179,70.775,raise,0.06874999999999964,0.5625000000000002
2026-08-16 07:05:54.189,70.785,raise,-0.07937500000000042,0.5137500000000006
2026-08-16 07:05:54.199,70.795,raise,0.0737500000000002,0.5631249999999999
2026-08-16 07:05:54.209,70.805,raise,-0.06562500000000027,0.5318750000000005
2026-08-16 07:05:54.219,70.815,raise,0.014374999999999805,0.546875
2026-08-16 07:05:54.229,70.825,raise,0.06000000000000005,0.5625000000000002
2026-08-16 07:05:54.239,70.835,raise,-0.09624999999999995,0.5149999999999999
2026-08-16 07:05:54.249,70.845,raise,0.06812499999999999,0.5643750000000003
2026-08-16 07:05:54.259,70.855,raise,-0.08750000000000036,0.5331249999999998
2026-08-16 07:05:54.269,70.865,raise,0.03062499999999968,0.5381250000000004
2026-08-16 07:05:54.279,70.875,raise,0.07312500000000055,0.5618750000000006
2026-08-16 07:05:54.289,70.885,raise,-0.1056250000000003,0.5137500000000006
2026-08-16 07:05:54.299,70.895,raise,0.07437499999999986,0.5600000000000005
2026-08-16 07:05:54.309,70.905,raise,-0.0637500000000002,0.5318750000000005
2026-08-16 07:05:54.319,70.915,raise,0.018124999999999947,0.5431249999999999
2026-08-16 07:05:54.329,70.925,raise,0.06312500000000054,0.5618750000000006
2026-08-16 07:05:54.339,70.935,raise,-0.08937500000000043,0.516875
2026-08-16 07:05:54.349,70.945,raise,0.07062499999999972,0.5606250000000002
2026-08-16 07:05:54.359,70.955,raise,-0.09000000000000008,0.5300000000000005
2026-08-16 07:05:54.369,70.965,raise,0.028124999999999956,0.5449999999999999
2026-08-16 07:05:54.379,70.975,raise,0.07187500000000013,0.5662500000000004
2026-08-16 07:05:54.389,70.985,raise,-0.10187500000000016,0.5181250000000004
2026-08-16 07:05:54.399,70.995,raise,0.07562500000000028,0.5656249999999996
2026-08-16 07:05:54.409,71.005,raise,-0.06687499999999957,0.5431249999999999
2026-08-16 07:05:54.419,71.015,raise,0.0187499999999996,0.5443750000000003
2026-08-16 07:05:54.429,71.025,raise,0.06000000000000005,0.5625000000000002
2026-08-16 07:05:54.439,71.035,raise,-0.09187500000000015,0.5174999999999996
2026-08-16 07:05:54.449,71.045,raise,0.07187500000000013,0.5618750000000006
2026-08-16 07:05:54.459,71.055,raise,-0.04937500000000039,0.5381250000000004
2026-08-16 07:05:54.469,71.065,raise,0.0318750000000001,0.5431249999999999
2026-08-16 07:05:54.479,71.075,raise,0.06812499999999999,0.5637500000000006
2026-08-16 07:05:54.489,71.085,raise,-0.10375000000000023,0.5162500000000003
2026-08-16 07:05:54.499,71.095,raise,0.07624999999999993,0.5606250000000002
2026-08-16 07:05:54.509,71.105,raise,-0.07000000000000006,0.5381250000000004
2026-08-16 07:05:54.519,71.115,raise,0.019375000000000364,0.5374999999999996
2026-08-16 07:05:54.529,71.125,raise,0.07187500000000013,0.565
2026-08-16 07:05:54.539,71.135,raise,-0.08687499999999959,0.5137500000000006
2026-08-16 07:05:54.549,71.145,raise,0.06874999999999964,0.556875
2026-08-16 07:05:54.559,71.155,raise,-0.050000000000000044,0.5356250000000007
2026-08-16 07:05:54.569,71.165,raise,0.03437499999999982,0.5374999999999996
2026-08-16 07:05:54.579,71.175,raise,0.06874999999999964,0.5612499999999998
2026-08-16 07:05:54.589,71.185,raise,-0.09750000000000036,0.5181250000000004
2026-08-16 07:05:54.599,71.195,raise,0.0737500000000002,0.5618750000000006
2026-08-16 07:05:54.609,71.205,raise,-0.07312499999999944,0.5331249999999998
2026-08-16 07:05:54.619,71.215,raise,0.02187500000000009,0.5412499999999998
2026-08-16 07:05:54.629,71.225,raise,0.07125000000000048,0.5662500000000004
2026-08-16 07:05:54.639,71.235,raise,-0.08750000000000036,0.5162500000000003
2026-08-16 07:05:54.649,71.245,raise,0.07312500000000055,0.5643750000000003
2026-08-16 07:05:54.659,71.255,raise,-0.050000000000000044,0.5425000000000002
2026-08-16 07:05:54.669,71.265,raise,0.035000000000000586,0.5443750000000003
2026-08-16 07:05:54.679,71.275,raise,0.06937500000000041,0.5656249999999996
2026-08-16 07:05:54.689,71.285,raise,-0.10062499999999974,0.5156250000000007
2026-08-16 07:05:54.699,71.295,raise,0.0637500000000002,0.5625000000000002
2026-08-16 07:05:54.709,71.305,raise,-0.07937500000000042,0.5393749999999997
2026-08-16 07:05:54.719,71.315,raise,0.026249999999999885,0.5418750000000006
2026-08-16 07:05:54.729,71.325,raise,0.07187500000000013,0.5662500000000004
2026-08-16 07:05:54.739,71.335,raise,-0.0824999999999998,0.5143750000000002
2026-08-16 07:05:54.749,71.345,raise,0.07062499999999972,0.5656249999999996
2026-08-16 07:05:54.759,71.355,raise,-0.05562500000000026,0.5425000000000002
2026-08-16 07:05:54.769,71.365,raise,0.013125000000000497,0.5312499999999998
2026-08-16 07:05:54.779,71.375,raise,0.06874999999999964,0.566875
2026-08-16 07:05:54.789,71.385,raise,-0.0968749999999996,0.5174999999999996
2026-08-16 07:05:54.799,71.395,raise,0.06937500000000041,0.5662500000000004
2026-08-16 07:05:54.809,71.405,raise,-0.07937500000000042,0.5374999999999996
2026-08-16 07:05:54.819,71.415,raise,0.025000000000000577,0.5374999999999996
2026-08-16 07:05:54.829,71.425,raise,0.07312500000000055,0.5637500000000006
2026-08-16 07:05:54.839,71.435,raise,-0.08000000000000007,0.5156250000000007
2026-08-16 07:05:54.849,71.445,raise,0.07125000000000048,0.5593749999999997
2026-08-16 07:05:54.859,71.455,raise,-0.056874999999999565,0.5325000000000002
2026-08-16 07:05:54.869,71.465,raise,0.01187500000000008,0.5393749999999997
2026-08-16 07:05:54.879,71.475,raise,0.06624999999999992,0.5637500000000006
2026-08-16 07:05:54.889,71.485,raise,-0.09375000000000022,0.5156250000000007
2026-08-16 07:05:54.899,71.495,raise,0.06874999999999964,0.5625000000000002
2026-08-16 07:05:54.909,71.505,raise,-0.0824999999999998,0.5331249999999998
2026-08-16 07:05:54.919,71.515,raise,0.023125000000000506,0.5400000000000005
2026-08-16 07:05:54.929,71.525,raise,0.0737500000000002,0.5643750000000003
2026-08-16 07:05:54.939,71.535,raise,-0.11062499999999975,0.5174999999999996
2026-08-16 07:05:54.949,71.545,raise,0.0737500000000002,0.5612499999999998
2026-08-16 07:05:54.959,71.555,raise,-0.06000000000000005,0.5406250000000001
2026-08-16 07:05:54.969,71.565,raise,0.015625000000000222,0.5425000000000002
2026-08-16 07:05:54.979,71.575,raise,0.061875000000000124,0.5662500000000004
2026-08-16 07:05:54.989,71.585,raise,-0.0924999999999998,0.5143750000000002
2026-08-16 07:05:54.999,71.595,raise,0.07062499999999972,0.5631249999999999
2026-08-16 07:05:55.009,71.605,raise,-0.08562500000000028,0.5412499999999998
2026-08-16 07:05:55.019,71.615,raise,0.031250000000000444,0.5456250000000007
2026-08-16 07:05:55.029,71.625,raise,0.07125000000000048,0.566875
2026-08-16 07:05:55.039,71.635,raise,-0.10624999999999996,0.5174999999999996
2026-08-16 07:05:55.049,71.645,raise,0.07000000000000006,0.5643750000000003
2026-08-16 07:05:55.059,71.655,raise,-0.06249999999999978,0.5387500000000001
2026-08-16 07:05:55.069,71.665,raise,0.019375000000000364,0.536875
2026-08-16 07:05:55.079,71.675,raise,0.06562500000000027,0.5631249999999999
2026-08-16 07:05:55.089,71.685,raise,-0.08874999999999966,0.5162500000000003
2026-08-16 07:05:55.099,71.695,raise,0.06812499999999999,0.556875
2026-08-16 07:05:55.109,71.705,raise,-0.03937500000000038,0.5374999999999996
2026-08-16 07:05:55.119,71.715,raise,0.02874999999999961,0.5393749999999997
2026-08-16 07:05:55.129,71.725,raise,0.07312500000000055,0.5625000000000002
2026-08-16 07:05:55.139,71.735,raise,-0.10187500000000016,0.5193749999999997
2026-08-16 07:05:55.149,71.745,raise,0.07125000000000048,0.5606250000000002
2026-08-16 07:05:55.159,71.755,raise,-0.061875000000000124,0.5343750000000003
2026-08-16 07:05:55.169,71.765,raise,0.018124999999999947,0.5393749999999997
2026-08-16 07:05:55.179,71.775,raise,0.07125000000000048,0.5643750000000003
2026-08-16 07:05:55.189,71.785,raise,-0.09124999999999939,0.5174999999999996
2026-08-16 07:05:55.199,71.795,raise,0.06562500000000027,0.5631249999999999
2026-08-16 07:05:55.209,71.805,raise,-0.043124999999999414,0.5425000000000002
2026-08-16 07:05:55.219,71.815,raise,0.03249999999999975,0.5425000000000002
2026-08-16 07:05:55.229,71.825,raise,0.07187500000000013,0.5612499999999998
2026-08-16 07:05:55.239,71.835,raise,-0.10312499999999947,0.516875
2026-08-16 07:05:55.249,71.845,raise,0.07687499999999958,0.5662500000000004
2026-08-16 07:05:55.259,71.855,raise,-0.06812499999999999,0.5381250000000004
2026-08-16 07:05:55.269,71.865,raise,0.020000000000000018,0.5437500000000006
2026-08-16 07:05:55.279,71.875,raise,0.07437499999999986,0.5625000000000002
2026-08-16 07:05:55.289,71.885,raise,-0.08937500000000043,0.5137500000000006
2026-08-16 07:05:55.299,71.895,raise,0.07125000000000048,0.5612499999999998
2026-08-16 07:05:55.309,71.905,raise,-0.04437499999999983,0.5412499999999998
2026-08-16 07:05:55.319,71.915,raise,0.033125000000000515,0.5331249999999998
2026-08-16 07:05:55.329,71.925,raise,0.07062499999999972,0.566875
2026-08-16 07:05:55.339,71.935,raise,-0.09874999999999967,0.5162500000000003
2026-08-16 07:05:55.349,71.945,raise,0.061875000000000124,0.5556249999999996
2026-08-16 07:05:55.359,71.955,raise,-0.06937500000000041,0.5393749999999997
2026-08-16 07:05:55.369,71.965,raise,0.020000000000000018,0.5393749999999997
2026-08-16 07:05:55.379,71.975,raise,0.0737500000000002,0.5656249999999996
2026-08-16 07:05:55.389,71.985,raise,-0.08624999999999994,0.5156250000000007
2026-08-16 07:05:55.399,71.995,raise,0.07062499999999972,0.5612499999999998
2026-08-16 07:05:55.409,72.005,raise,-0.04437499999999983,0.5349999999999999
2026-08-16 07:05:55.419,72.015,raise,0.003750000000000142,0.5412499999999998
2026-08-16 07:05:55.429,72.025,raise,0.06874999999999964,0.5612499999999998
2026-08-16 07:05:55.439,72.035,raise,-0.09937499999999932,0.5174999999999996
2026-08-16 07:05:55.449,72.045,raise,0.061875000000000124,0.5612499999999998
2026-08-16 07:05:55.459,72.055,raise,-0.07750000000000035,0.5431249999999999
2026-08-16 07:05:55.469,72.065,raise,0.02375000000000016,0.5418750000000006
2026-08-16 07:05:55.479,72.075,raise,0.07500000000000062,0.5631249999999999
2026-08-16 07:05:55.489,72.085,raise,-0.08437499999999987,0.5162500000000003
2026-08-16 07:05:55.499,72.095,raise,0.07500000000000062,0.5637500000000006
2026-08-16 07:05:55.509,72.105,raise,-0.051875000000000115,0.5418750000000006
2026-08-16 07:05:55.519,72.115,raise,0.009375000000000355,0.5418750000000006
2026-08-16 07:05:55.529,72.125,raise,0.06874999999999964,0.5656249999999996
2026-08-16 07:05:55.539,72.135,raise,-0.09874999999999967,0.5143750000000002
2026-08-16 07:05:55.549,72.145,raise,0.06624999999999992,0.5656249999999996
2026-08-16 07:05:55.559,72.155,raise,-0.07750000000000035,0.5418750000000006
2026-08-16 07:05:55.569,72.165,raise,0.02687500000000065,0.5318750000000005
2026-08-16 07:05:55.579,72.175,raise,0.07437499999999986,0.5681250000000004
2026-08-16 07:05:55.589,72.185,raise,-0.10937499999999933,0.5131249999999998
2026-08-16 07:05:55.599,72.195,raise,0.07312500000000055,0.5625000000000002
2026-08-16 07:05:55.609,72.205,raise,-0.05249999999999977,0.5418750000000006
2026-08-16 07:05:55.619,72.215,raise,0.010624999999999662,0.5337500000000006
2026-08-16 07:05:55.629,72.225,raise,0.06750000000000034,0.5643750000000003
2026-08-16 07:05:55.639,72.235,raise,-0.09437499999999988,0.516875
2026-08-16 07:05:55.649,72.245,raise,0.06687500000000068,0.5581250000000004
2026-08-16 07:05:55.659,72.255,raise,-0.0318750000000001,0.5374999999999996
2026-08-16 07:05:55.669,72.265,raise,0.024374999999999813,0.5381250000000004
2026-08-16 07:05:55.679,72.275,raise,0.07312500000000055,0.5637500000000006
2026-08-16 07:05:55.689,72.285,raise,-0.1056250000000003,0.5181250000000004
2026-08-16 07:05:55.699,72.295,raise,0.07249999999999979,0.5600000000000005
2026-08-16 07:05:55.709,72.305,raise,-0.058749999999999636,0.5349999999999999
2026-08-16 07:05:55.719,72.315,raise,0.014374999999999805,0.5381250000000004
2026-08-16 07:05:55.729,72.325,raise,0.06812499999999999,0.5631249999999999
2026-08-16 07:05:55.739,72.335,raise,-0.09499999999999953,0.5181250000000004
2026-08-16 07:05:55.749,72.345,raise,0.06937500000000041,0.5637500000000006
2026-08-16 07:05:55.759,72.355,raise,-0.03562500000000024,0.5425000000000002
2026-08-16 07:05:55.769,72.365,raise,0.02874999999999961,0.5443750000000003
2026-08-16 07:05:55.779,72.375,raise,0.07500000000000062,0.5637500000000006
2026-08-16 07:05:55.789,72.385,raise,-0.10687499999999961,0.516875
2026-08-16 07:05:55.799,72.395,raise,0.0737500000000002,0.5612499999999998
2026-08-16 07:05:55.809,72.405,raise,-0.06000000000000005,0.5431249999999999
2026-08-16 07:05:55.819,72.415,raise,0.0187499999999996,0.5449999999999999
2026-08-16 07:05:55.829,72.425,raise,0.07125000000000048,0.5681250000000004
2026-08-16 07:05:55.839,72.435,raise,-0.09124999999999939,0.5118750000000005
2026-08-16 07:05:55.849,72.445,raise,0.06874999999999964,0.5631249999999999
2026-08-16 07:05:55.859,72.455,raise,-0.040000000000000036,0.5406250000000001
2026-08-16 07:05:55.869,72.465,raise,0.028124999999999956,0.5312499999999998
2026-08-16 07:05:55.879,72.475,raise,0.07062499999999972,0.5662500000000004
2026-08-16 07:05:55.889,72.485,raise,-0.10312499999999947,0.516875
2026-08-16 07:05:55.899,72.495,raise,0.06062499999999971,0.5600000000000005
2026-08-16 07:05:55.909,72.505,raise,-0.0637500000000002,0.5393749999999997
2026-08-16 07:05:55.919,72.515,raise,0.0187499999999996,0.5356250000000007
2026-08-16 07:05:55.929,72.525,raise,0.0737500000000002,0.565
2026-08-16 07:05:55.939,72.535,raise,-0.09187500000000015,0.5162500000000003
2026-08-16 07:05:55.949,72.545,raise,0.07062499999999972,0.5537500000000006
2026-08-16 07:05:55.959,72.555,raise,-0.038124999999999964,0.5356250000000007
2026-08-16 07:05:55.969,72.565,raise,0.029375000000000373,0.5381250000000004
2026-08-16 07:05:55.979,72.575,raise,0.07125000000000048,0.5656249999999996
2026-08-16 07:05:55.989,72.585,raise,-0.10249999999999981,0.5181250000000004
2026-08-16 07:05:55.999,72.595,raise,0.06249999999999978,0.5587500000000001
2026-08-16 07:05:56.009,72.605,raise,-0.06624999999999992,0.5443750000000003
2026-08-16 07:05:56.019,72.615,raise,0.021250000000000435,0.5449999999999999
2026-08-16 07:05:56.029,72.625,raise,0.07562500000000028,0.565
2026-08-16 07:05:56.039,72.635,raise,-0.08874999999999966,0.5193749999999997
2026-08-16 07:05:56.049,72.645,raise,0.06874999999999964,0.5625000000000002
2026-08-16 07:05:56.059,72.655,raise,-0.044999999999999485,0.5406250000000001
2026-08-16 07:05:56.069,72.665,raise,0.003750000000000142,0.5449999999999999
2026-08-16 07:05:56.079,72.675,raise,0.06812499999999999,0.565
2026-08-16 07:05:56.089,72.685,raise,-0.1012499999999994,0.5143750000000002
2026-08-16 07:05:56.099,72.695,raise,0.06500000000000061,0.5656249999999996
2026-08-16 07:05:56.109,72.705,raise,-0.07124999999999937,0.5387500000000001
2026-08-16 07:05:56.119,72.715,raise,0.023125000000000506,0.5343750000000003
2026-08-16 07:05:56.129,72.725,raise,0.0737500000000002,0.5631249999999999
2026-08-16 07:05:56.139,72.735,raise,-0.08624999999999994,0.5162500000000003
2026-08-16 07:05:56.149,72.745,raise,0.06874999999999964,0.5687500000000001
2026-08-16 07:05:56.159,72.755,raise,-0.044999999999999485,0.5381250000000004
2026-08-16 07:05:56.169,72.765,raise,0.009375000000000355,0.5349999999999999
2026-08-16 07:05:56.179,72.775,raise,0.06874999999999964,0.5662500000000004
2026-08-16 07:05:56.189,72.785,raise,-0.10187500000000016,0.5137500000000006
2026-08-16 07:05:56.199,72.795,raise,0.06312500000000054,0.5562500000000004
2026-08-16 07:05:56.209,72.805,raise,-0.07249999999999979,0.5356250000000007
2026-08-16 07:05:56.219,72.815,raise,0.02187500000000009,0.5349999999999999
2026-08-16 07:05:56.229,72.825,raise,0.07125000000000048,0.565
2026-08-16 07:05:56.239,72.835,raise,-0.11187500000000017,0.51875
2026-08-16 07:05:56.249,72.845,raise,0.07125000000000048,0.5606250000000002
2026-08-16 07:05:56.259,72.855,raise,-0.04874999999999963,0.5437500000000006
2026-08-16 07:05:56.269,72.865,raise,0.011250000000000426,0.5418750000000006
2026-08-16 07:05:56.279,72.875,raise,0.07062499999999972,0.5631249999999999
2026-08-16 07:05:56.289,72.885,raise,-0.09812500000000002,0.5162500000000003
2026-08-16 07:05:56.299,72.895,raise,0.06812499999999999,0.5631249999999999
2026-08-16 07:05:56.309,72.905,raise,-0.03062499999999968,0.5449999999999999
2026-08-16 07:05:56.319,72.915,raise,0.024374999999999813,0.5443750000000003
2026-08-16 07:05:56.329,72.925,raise,0.07187500000000013,0.5662500000000004
2026-08-16 07:05:56.339,72.935,raise,-0.10624999999999996,0.516875
2026-08-16 07:05:56.349,72.945,raise,0.07125000000000048,0.565
2026-08-16 07:05:56.359,72.955,raise,-0.053750000000000187,0.5431249999999999
2026-08-16 07:05:56.369,72.965,raise,0.012499999999999734,0.5318750000000005
2026-08-16 07:05:56.379,72.975,raise,0.06750000000000034,0.5674999999999997
2026-08-16 07:05:56.389,72.985,raise,-0.09375000000000022,0.5162500000000003
2026-08-16 07:05:56.399,72.995,raise,0.06562500000000027,0.5656249999999996
2026-08-16 07:05:56.409,73.005,raise,-0.030000000000000027,0.5431249999999999
2026-08-16 07:05:56.419,73.015,raise,0.025000000000000577,0.5300000000000005
2026-08-16 07:05:56.429,73.025,raise,0.07000000000000006,0.566875
2026-08-16 07:05:56.439,73.035,raise,-0.10437499999999988,0.516875
2026-08-16 07:05:56.449,73.045,raise,0.07000000000000006,0.5574999999999997
2026-08-16 07:05:56.459,73.055,raise,-0.056874999999999565,0.5406250000000001
2026-08-16 07:05:56.469,73.065,raise,0.009375000000000355,0.5362500000000003
2026-08-16 07:05:56.479,73.075,raise,0.07249999999999979,0.5631249999999999
2026-08-16 07:05:56.489,73.085,raise,-0.09437499999999988,0.5206250000000001
2026-08-16 07:05:56.499,73.095,raise,0.07062499999999972,0.5606250000000002
2026-08-16 07:05:56.509,73.105,raise,-0.03062499999999968,0.5349999999999999
2026-08-16 07:05:56.519,73.115,raise,0.027500000000000302,0.5418750000000006
2026-08-16 07:05:56.529,73.125,raise,0.07249999999999979,0.5643750000000003
2026-08-16 07:05:56.539,73.135,raise,-0.10499999999999954,0.51875
2026-08-16 07:05:56.549,73.145,raise,0.06062499999999971,0.5618750000000006
2026-08-16 07:05:56.559,73.155,raise,-0.061875000000000124,0.5418750000000006
2026-08-16 07:05:56.569,73.165,raise,0.01687500000000064,0.5437500000000006
2026-08-16 07:05:56.579,73.175,raise,0.0737500000000002,0.566875
2026-08-16 07:05:56.589,73.185,raise,-0.09375000000000022,0.5137500000000006
2026-08-16 07:05:56.599,73.195,raise,0.06874999999999964,0.5631249999999999
2026-08-16 07:05:56.609,73.205,raise,-0.03687499999999955,0.5412499999999998
2026-08-16 07:05:56.619,73.215,raise,0.03062499999999968,0.5449999999999999
2026-08-16 07:05:56.629,73.225,raise,0.07062499999999972,0.5681250000000004
2026-08-16 07:05:56.639,73.235,raise,-0.10249999999999981,0.5156250000000007
2026-08-16 07:05:56.649,73.245,raise,0.061875000000000124,0.5643750000000003
2026-08-16 07:05:56.659,73.255,raise,-0.06249999999999978,0.5400000000000005
2026-08-16 07:05:56.669,73.265,raise,0.016249999999999876,0.5306250000000001
2026-08-16 07:05:56.679,73.275,raise,0.07312500000000055,0.5674999999999997
2026-08-16 07:05:56.689,73.285,raise,-0.09124999999999939,0.5125000000000002
2026-08-16 07:05:56.699,73.295,raise,0.06624999999999992,0.5518750000000006
2026-08-16 07:05:56.709,73.305,raise,-0.03750000000000031,0.536875
2026-08-16 07:05:56.719,73.315,raise,-0.004999999999999449,0.5349999999999999
2026-08-16 07:05:56.729,73.325,raise,0.07062499999999972,0.5674999999999997
2026-08-16 07:05:56.739,73.335,raise,-0.10249999999999981,0.5181250000000004
2026-08-16 07:05:56.749,73.345,raise,0.06624999999999992,0.5574999999999997
2026-08-16 07:05:56.759,73.355,raise,-0.0637500000000002,0.5406250000000001
2026-08-16 07:05:56.769,73.365,raise,0.0187499999999996,0.5393749999999997
2026-08-16 07:05:56.779,73.375,raise,0.07750000000000035,0.5631249999999999
2026-08-16 07:05:56.789,73.385,raise,-0.11312499999999948,0.5174999999999996
2026-08-16 07:05:56.799,73.395,raise,0.07187500000000013,0.5593749999999997
2026-08-16 07:05:56.809,73.405,raise,-0.04249999999999976,0.5481250000000004
2026-08-16 07:05:56.819,73.415,raise,0.004374999999999796,0.5449999999999999
2026-08-16 07:05:56.829,73.425,raise,0.07062499999999972,0.566875
2026-08-16 07:05:56.839,73.435,raise,-0.10187500000000016,0.5181250000000004
2026-08-16 07:05:56.849,73.445,raise,0.06624999999999992,0.565
2026-08-16 07:05:56.859,73.455,raise,-0.06812499999999999,0.5443750000000003
2026-08-16 07:05:56.869,73.465,raise,0.02187500000000009,0.5456250000000007
2026-08-16 07:05:56.879,73.475,raise,0.0737500000000002,0.5674999999999997
2026-08-16 07:05:56.889,73.485,raise,-0.11249999999999982,0.5200000000000005
2026-08-16 07:05:56.899,73.495,raise,0.06874999999999964,0.5656249999999996
2026-08-16 07:05:56.909,73.505,raise,-0.0462499999999999,0.5437500000000006
2026-08-16 07:05:56.919,73.515,raise,0.006875000000000631,0.526875
2026-08-16 07:05:56.929,73.525,raise,0.06937500000000041,0.5674999999999997
2026-08-16 07:05:56.939,73.535,raise,-0.1012499999999994,0.5149999999999999
2026-08-16 07:05:56.949,73.545,raise,0.06312500000000054,0.5637500000000006
2026-08-16 07:05:56.959,73.555,raise,-0.02187500000000009,0.5425000000000002
2026-08-16 07:05:56.969,73.565,raise,0.02187500000000009,0.5337500000000006
2026-08-16 07:05:56.979,73.575,raise,0.07500000000000062,0.5631249999999999
2026-08-16 07:05:56.989,73.585,raise,-0.10937499999999933,0.516875
2026-08-16 07:05:56.999,73.595,raise,0.07125000000000048,0.5593749999999997
2026-08-16 07:05:57.009,73.605,raise,-0.0506249999999997,0.5393749999999997
2026-08-16 07:05:57.019,73.615,raise,0.010624999999999662,0.5393749999999997
2026-08-16 07:05:57.029,73.625,raise,0.07624999999999993,0.566875
2026-08-16 07:05:57.039,73.635,raise,-0.09812500000000002,0.5174999999999996
2026-08-16 07:05:57.049,73.645,raise,0.06874999999999964,0.5600000000000005
2026-08-16 07:05:57.059,73.655,raise,-0.024999999999999467,0.5381250000000004
2026-08-16 07:05:57.069,73.665,raise,0.02874999999999961,0.5412499999999998
2026-08-16 07:05:57.079,73.675,raise,0.07125000000000048,0.5674999999999997
2026-08-16 07:05:57.089,73.685,raise,-0.10750000000000037,0.5181250000000004
2026-08-16 07:05:57.099,73.695,raise,0.07062499999999972,0.5618750000000006
2026-08-16 07:05:57.109,73.705,raise,-0.05124999999999935,0.5481250000000004
2026-08-16 07:05:57.119,73.715,raise,0.013125000000000497,0.5418750000000006
2026-08-16 07:05:57.129,73.725,raise,0.07249999999999979,0.5706250000000002
2026-08-16 07:05:57.139,73.735,raise,-0.09375000000000022,0.5143750000000002
2026-08-16 07:05:57.149,73.745,raise,0.06624999999999992,0.5637500000000006
2026-08-16 07:05:57.159,73.755,raise,-0.026249999999999885,0.5449999999999999
2026-08-16 07:05:57.169,73.765,raise,0.023125000000000506,0.526875
2026-08-16 07:05:57.179,73.775,raise,0.07000000000000006,0.5674999999999997
2026-08-16 07:05:57.189,73.785,raise,-0.10812500000000003,0.5125000000000002
2026-08-16 07:05:57.199,73.795,raise,0.05624999999999991,0.5637500000000006
2026-08-16 07:05:57.209,73.805,raise,-0.05624999999999991,0.5418750000000006
2026-08-16 07:05:57.219,73.815,raise,0.012499999999999734,0.5306250000000001
2026-08-16 07:05:57.229,73.825,raise,0.07312500000000055,0.5656249999999996
2026-08-16 07:05:57.239,73.835,raise,-0.09750000000000036,0.5143750000000002
2026-08-16 07:05:57.249,73.845,raise,0.06562500000000027,0.5549999999999999
2026-08-16 07:05:57.259,73.855,raise,-0.031249999999999334,0.5381250000000004
2026-08-16 07:05:57.269,73.865,raise,-0.006249999999999867,0.536875
2026-08-16 07:05:57.279,73.875,raise,0.07312500000000055,0.5674999999999997
2026-08-16 07:05:57.289,73.885,raise,-0.1056250000000003,0.516875
2026-08-16 07:05:57.299,73.895,raise,0.06125000000000047,0.5574999999999997
2026-08-16 07:05:57.309,73.905,raise,-0.06000000000000005,0.5356250000000007
2026-08-16 07:05:57.319,73.915,raise,0.015625000000000222,0.5387500000000001
2026-08-16 07:05:57.329,73.925,raise,0.0737500000000002,0.5687500000000001
2026-08-16 07:05:57.339,73.935,raise,-0.09124999999999939,0.5193749999999997
2026-08-16 07:05:57.349,73.945,raise,0.06874999999999964,0.5587500000000001
2026-08-16 07:05:57.359,73.955,raise,-0.03375000000000017,0.5493749999999997
2026-08-16 07:05:57.369,73.965,raise,-0.001875000000000071,0.5425000000000002
2026-08-16 07:05:57.379,73.975,raise,0.07249999999999979,0.5674999999999997
2026-08-16 07:05:57.389,73.985,raise,-0.10187500000000016,0.5162500000000003
2026-08-16 07:05:57.399,73.995,raise,0.06062499999999971,0.565
2026-08-16 07:05:57.409,74.005,raise,-0.06312499999999943,0.5437500000000006
2026-08-16 07:05:57.419,74.015,raise,0.01687500000000064,0.5406250000000001
2026-08-16 07:05:57.429,74.025,raise,0.07562500000000028,0.566875
2026-08-16 07:05:57.439,74.035,raise,-0.1143749999999999,0.516875
2026-08-16 07:05:57.449,74.045,raise,0.07062499999999972,0.5625000000000002
2026-08-16 07:05:57.459,74.055,raise,-0.04249999999999976,0.5418750000000006
2026-08-16 07:05:57.469,74.065,raise,-0.0012500000000004174,0.5293749999999997
2026-08-16 07:05:57.479,74.075,raise,0.07249999999999979,0.5656249999999996
2026-08-16 07:05:57.489,74.085,raise,-0.10437499999999988,0.5200000000000005
2026-08-16 07:05:57.499,74.095,raise,0.06812499999999999,0.5587500000000001
2026-08-16 07:05:57.509,74.105,raise,-0.017500000000000293,0.5418750000000006
2026-08-16 07:05:57.519,74.115,raise,0.019375000000000364,0.5349999999999999
2026-08-16 07:05:57.529,74.125,raise,0.07125000000000048,0.5662500000000004
2026-08-16 07:05:57.539,74.135,raise,-0.11187500000000017,0.516875
2026-08-16 07:05:57.549,74.145,raise,0.06750000000000034,0.5574999999999997
2026-08-16 07:05:57.559,74.155,raise,-0.04437499999999983,0.5412499999999998
2026-08-16 07:05:57.569,74.165,raise,0.0031250000000004885,0.5343750000000003
2026-08-16 07:05:57.579,74.175,raise,0.06687500000000068,0.5662500000000004
2026-08-16 07:05:57.589,74.185,raise,-0.10000000000000009,0.51875
2026-08-16 07:05:57.599,74.195,raise,0.06437499999999985,0.5600000000000005
2026-08-16 07:05:57.609,74.205,raise,-0.017500000000000293,0.5474999999999997
2026-08-16 07:05:57.619,74.215,raise,0.021250000000000435,0.5374999999999996
2026-08-16 07:05:57.629,74.225,raise,0.07187500000000013,0.5643750000000003
2026-08-16 07:05:57.639,74.235,raise,-0.10874999999999968,0.5193749999999997
2026-08-16 07:05:57.649,74.245,raise,0.07125000000000048,0.5631249999999999
2026-08-16 07:05:57.659,74.255,raise,-0.04562500000000025,0.5443750000000003
2026-08-16 07:05:57.669,74.265,raise,0.0,0.5425000000000002
2026-08-16 07:05:57.679,74.275,raise,0.07500000000000062,0.565
2026-08-16 07:05:57.689,74.285,raise,-0.10437499999999988,0.5131249999999998
2026-08-16 07:05:57.699,74.295,raise,0.0637500000000002,0.5600000000000005
2026-08-16 07:05:57.709,74.305,raise,-0.026874999999999538,0.5412499999999998
2026-08-16 07:05:57.719,74.315,raise,0.02375000000000016,0.526875
2026-08-16 07:05:57.729,74.325,raise,0.07062499999999972,0.5674999999999997
2026-08-16 07:05:57.739,74.335,raise,-0.10874999999999968,0.51875
2026-08-16 07:05:57.749,74.345,raise,0.05624999999999991,0.5631249999999999
2026-08-16 07:05:57.759,74.355,raise,-0.050000000000000044,0.5418750000000006
2026-08-16 07:05:57.769,74.365,raise,0.010624999999999662,0.5306250000000001
2026-08-16 07:05:57.779,74.375,raise,0.07000000000000006,0.5674999999999997
2026-08-16 07:05:57.789,74.385,raise,-0.09750000000000036,0.51875
2026-08-16 07:05:57.799,74.395,raise,0.0637500000000002,0.5593749999999997
2026-08-16 07:05:57.809,74.405,raise,-0.026874999999999538,0.5400000000000005
2026-08-16 07:05:57.819,74.415,raise,0.023125000000000506,0.5356250000000007
2026-08-16 07:05:57.829,74.425,raise,0.07187500000000013,0.5693749999999997
2026-08-16 07:05:57.839,74.435,raise,-0.10499999999999954,0.5174999999999996
2026-08-16 07:05:57.849,74.445,raise,0.05750000000000033,0.5587500000000001
2026-08-16 07:05:57.859,74.455,raise,-0.05249999999999977,0.5518750000000006
2026-08-16 07:05:57.869,74.465,raise,0.012499999999999734,0.5400000000000005
2026-08-16 07:05:57.879,74.475,raise,0.07125000000000048,0.5693749999999997
2026-08-16 07:05:57.889,74.485,raise,-0.09874999999999967,0.5143750000000002
2026-08-16 07:05:57.899,74.495,raise,0.06500000000000061,0.5612499999999998
2026-08-16 07:05:57.909,74.505,raise,-0.031249999999999334,0.5487500000000001
2026-08-16 07:05:57.919,74.515,raise,-0.012499999999999734,0.5412499999999998
2026-08-16 07:05:57.929,74.525,raise,0.07062499999999972,0.5674999999999997
2026-08-16 07:05:57.939,74.535,raise,-0.10812500000000003,0.5174999999999996
2026-08-16 07:05:57.949,74.545,raise,0.0593750000000004,0.5625000000000002
2026-08-16 07:05:57.959,74.555,raise,-0.06000000000000005,0.5412499999999998
2026-08-16 07:05:57.969,74.565,raise,0.012499999999999734,0.5249999999999999
2026-08-16 07:05:57.979,74.575,raise,0.07249999999999979,0.566875
2026-08-16 07:05:57.989,74.585,raise,-0.11562500000000031,0.5137500000000006
2026-08-16 07:05:57.999,74.595,raise,0.06624999999999992,0.5637500000000006
2026-08-16 07:05:58.009,74.605,raise,-0.034999999999999476,0.5437500000000006
2026-08-16 07:05:58.019,74.615,raise,-0.004999999999999449,0.5331249999999998
2026-08-16 07:05:58.029,74.625,raise,0.06937500000000041,0.5681250000000004
2026-08-16 07:05:58.039,74.635,raise,-0.10437499999999988,0.5156250000000007
2026-08-16 07:05:58.049,74.645,raise,0.06249999999999978,0.5549999999999999
2026-08-16 07:05:58.059,74.655,raise,-0.06000000000000005,0.5431249999999999
2026-08-16 07:05:58.069,74.665,raise,0.015000000000000568,0.5362500000000003
2026-08-16 07:05:58.079,74.675,raise,0.0737500000000002,0.565
2026-08-16 07:05:58.089,74.685,raise,-0.11062499999999975,0.51875
2026-08-16 07:05:58.099,74.695,raise,0.06750000000000034,0.5600000000000005
2026-08-16 07:05:58.109,74.705,raise,-0.03750000000000031,0.5400000000000005
2026-08-16 07:05:58.119,74.715,raise,-0.004374999999999796,0.5406250000000001
2026-08-16 07:05:58.129,74.725,raise,0.06874999999999964,0.566875
2026-08-16 07:05:58.139,74.735,raise,-0.1056250000000003,0.5212499999999998
2026-08-16 07:05:58.149,74.745,raise,0.061875000000000124,0.5643750000000003
2026-08-16 07:05:58.159,74.755,raise,-0.01687499999999953,0.5500000000000005
2026-08-16 07:05:58.169,74.765,raise,0.015000000000000568,0.5412499999999998
2026-08-16 07:05:58.179,74.775,raise,0.07062499999999972,0.5674999999999997
2026-08-16 07:05:58.189,74.785,raise,-0.11750000000000038,0.5137500000000006
2026-08-16 07:05:58.199,74.795,raise,0.06750000000000034,0.5593749999999997
2026-08-16 07:05:58.209,74.805,raise,-0.04750000000000032,0.5462500000000003
2026-08-16 07:05:58.219,74.815,raise,0.001875000000000071,0.5387500000000001
2026-08-16 07:05:58.229,74.825,raise,0.07062499999999972,0.5674999999999997
2026-08-16 07:05:58.239,74.835,raise,-0.10375000000000023,0.5143750000000002
2026-08-16 07:05:58.249,74.845,raise,0.06000000000000005,0.5606250000000002
2026-08-16 07:05:58.259,74.855,raise,-0.019375000000000364,0.5462500000000003
2026-08-16 07:05:58.269,74.865,raise,0.017500000000000293,0.5306250000000001
2026-08-16 07:05:58.279,74.875,raise,0.0737500000000002,0.5674999999999997
2026-08-16 07:05:58.289,74.885,raise,-0.10874999999999968,0.5174999999999996
2026-08-16 07:05:58.299,74.895,raise,0.07125000000000048,0.5562500000000004
2026-08-16 07:05:58.309,74.905,raise,-0.04562500000000025,0.5418750000000006
2026-08-16 07:05:58.319,74.915,raise,0.003750000000000142,0.5318750000000005
2026-08-16 07:05:58.329,74.925,raise,0.07187500000000013,0.5643750000000003
2026-08-16 07:05:58.339,74.935,raise,-0.10249999999999981,0.516875
2026-08-16 07:05:58.349,74.945,raise,0.06500000000000061,0.5556249999999996
2026-08-16 07:05:58.359,74.955,raise,-0.024374999999999813,0.5393749999999997
2026-08-16 07:05:58.369,74.965,raise,0.023125000000000506,0.5387500000000001
2026-08-16 07:05:58.379,74.975,raise,0.07312500000000055,0.566875
2026-08-16 07:05:58.389,74.985,raise,-0.1112499999999994,0.516875
2026-08-16 07:05:58.399,74.995,raise,0.05624999999999991,0.5606250000000002
2026-08-16 07:05:58.409,75.005,raise,-0.050000000000000044,0.5518750000000006
2026-08-16 07:05:58.419,75.015,raise,0.010000000000000009,0.5381250000000004
2026-08-16 07:05:58.429,75.025,raise,0.07249999999999979,0.5662500000000004
2026-08-16 07:05:58.439,75.035,raise,-0.1012499999999994,0.5137500000000006
2026-08-16 07:05:58.449,75.045,raise,0.06062499999999971,0.5593749999999997
2026-08-16 07:05:58.459,75.055,raise,-0.02375000000000016,0.5443750000000003
2026-08-16 07:05:58.469,75.065,raise,-0.014999999999999458,0.5381250000000004
2026-08-16 07:05:58.479,75.075,raise,0.07187500000000013,0.5656249999999996
2026-08-16 07:05:58.489,75.085,raise,-0.1100000000000001,0.5137500000000006
2026-08-16 07:05:58.499,75.095,raise,0.05812499999999998,0.5631249999999999
2026-08-16 07:05:58.509,75.105,raise,-0.04937500000000039,0.5474999999999997
2026-08-16 07:05:58.519,75.115,raise,0.008749999999999591,0.52875
2026-08-16 07:05:58.529,75.125,raise,0.0737500000000002,0.5674999999999997
2026-08-16 07:05:58.539,75.135,raise,-0.09937499999999932,0.5156250000000007
2026-08-16 07:05:58.549,75.145,raise,0.06624999999999992,0.5581250000000004
2026-08-16 07:05:58.559,75.155,raise,-0.02562500000000023,0.5425000000000002
2026-08-16 07:05:58.569,75.165,raise,-0.010000000000000009,0.5331249999999998
2026-08-16 07:05:58.579,75.175,raise,0.07312500000000055,0.5656249999999996
2026-08-16 07:05:58.589,75.185,raise,-0.10812500000000003,0.516875
2026-08-16 07:05:58.599,75.195,raise,0.06062499999999971,0.556875
2026-08-16 07:05:58.609,75.205,raise,-0.054999999999999494,0.5437500000000006
2026-08-16 07:05:58.619,75.215,raise,0.014374999999999805,0.5337500000000006
2026-08-16 07:05:58.629,75.225,raise,0.0737500000000002,0.565
2026-08-16 07:05:58.639,75.235,raise,-0.1143749999999999,0.516875
2026-08-16 07:05:58.649,75.245,raise,0.06500000000000061,0.5606250000000002
2026-08-16 07:05:58.659,75.255,raise,-0.028124999999999956,0.5525000000000002
2026-08-16 07:05:58.669,75.265,raise,-0.006249999999999867,0.536875
2026-08-16 07:05:58.679,75.275,raise,0.07062499999999972,0.566875
2026-08-16 07:05:58.689,75.285,raise,-0.10624999999999996,0.5137500000000006
2026-08-16 07:05:58.699,75.295,raise,0.05750000000000033,0.5600000000000005
2026-08-16 07:05:58.709,75.305,raise,-0.058749999999999636,0.5462500000000003
2026-08-16 07:05:58.719,75.315,raise,0.01187500000000008,0.5387500000000001
2026-08-16 07:05:58.729,75.325,raise,0.07312500000000055,0.5681250000000004
2026-08-16 07:05:58.739,75.335,raise,-0.11375000000000024,0.5193749999999997
2026-08-16 07:05:58.749,75.345,raise,0.07062499999999972,0.5600000000000005
2026-08-16 07:05:58.759,75.355,raise,-0.033124999999999405,0.5425000000000002
2026-08-16 07:05:58.769,75.365,raise,-0.004374999999999796,0.5306250000000001
2026-08-16 07:05:58.779,75.375,raise,0.07312500000000055,0.5674999999999997
2026-08-16 07:05:58.789,75.385,raise,-0.10750000000000037,0.516875
2026-08-16 07:05:58.799,75.395,raise,0.061875000000000124,0.5643750000000003
2026-08-16 07:05:58.809,75.405,raise,-0.011249999999999316,0.5437500000000006
2026-08-16 07:05:58.819,75.415,raise,0.01687500000000064,0.5300000000000005
2026-08-16 07:05:58.829,75.425,raise,0.07312500000000055,0.566875
2026-08-16 07:05:58.839,75.435,raise,-0.11312499999999948,0.516875
2026-08-16 07:05:58.849,75.445,raise,0.06874999999999964,0.556875
2026-08-16 07:05:58.859,75.455,raise,-0.038124999999999964,0.5456250000000007
2026-08-16 07:05:58.869,75.465,raise,0.0024999999999997247,0.5325000000000002
2026-08-16 07:05:58.879,75.475,raise,0.07249999999999979,0.5681250000000004
2026-08-16 07:05:58.889,75.485,raise,-0.10062499999999974,0.5118750000000005
2026-08-16 07:05:58.899,75.495,raise,0.0637500000000002,0.5581250000000004
2026-08-16 07:05:58.909,75.505,raise,-0.012499999999999734,0.5400000000000005
2026-08-16 07:05:58.919,75.515,raise,0.015000000000000568,0.536875
2026-08-16 07:05:58.929,75.525,raise,0.07249999999999979,0.566875
2026-08-16 07:05:58.939,75.535,raise,-0.11187500000000017,0.5156250000000007
2026-08-16 07:05:58.949,75.545,raise,0.06562500000000027,0.5606250000000002
2026-08-16 07:05:58.959,75.555,raise,-0.043124999999999414,0.5481250000000004
2026-08-16 07:05:58.969,75.565,raise,0.0012500000000004174,0.5349999999999999
2026-08-16 07:05:58.979,75.575,raise,0.07562500000000028,0.566875
2026-08-16 07:05:58.989,75.585,raise,-0.10249999999999981,0.5143750000000002
2026-08-16 07:05:58.999,75.595,raise,0.0637500000000002,0.5625000000000002
2026-08-16 07:05:59.009,75.605,raise,-0.018124999999999947,0.546875
2026-08-16 07:05:59.019,75.615,raise,0.016249999999999876,0.5400000000000005
2026-08-16 07:05:59.029,75.625,raise,0.0737500000000002,0.5674999999999997
2026-08-16 07:05:59.039,75.635,raise,-0.11249999999999982,0.5149999999999999
2026-08-16 07:05:59.049,75.645,raise,0.05812499999999998,0.5618750000000006
2026-08-16 07:05:59.059,75.655,raise,-0.04562500000000025,0.5443750000000003
2026-08-16 07:05:59.069,75.665,raise,0.0050000000000005596,0.5306250000000001
2026-08-16 07:05:59.079,75.675,raise,0.07437499999999986,0.5662500000000004
2026-08-16 07:05:59.089,75.685,raise,-0.10000000000000009,0.5162500000000003
2026-08-16 07:05:59.099,75.695,raise,0.06312500000000054,0.5556249999999996
2026-08-16 07:05:59.109,75.705,raise,-0.022499999999999742,0.5449999999999999
2026-08-16 07:05:59.119,75.715,raise,-0.014999999999999458,0.5337500000000006
2026-08-16 07:05:59.129,75.725,raise,0.07125000000000048,0.5656249999999996
2026-08-16 07:05:59.139,75.735,raise,-0.10624999999999996,0.5162500000000003
2026-08-16 07:05:59.149,75.745,raise,0.056875000000000675,0.5593749999999997
2026-08-16 07:05:59.159,75.755,raise,-0.04750000000000032,0.5412499999999998
2026-08-16 07:05:59.169,75.765,raise,0.008124999999999938,0.5337500000000006
2026-08-16 07:05:59.179,75.775,raise,0.07249999999999979,0.566875
2026-08-16 07:05:59.189,75.785,raise,-0.10000000000000009,0.5143750000000002
2026-08-16 07:05:59.199,75.795,raise,0.0637500000000002,0.5562500000000004
2026-08-16 07:05:59.209,75.805,raise,-0.026874999999999538,0.5506250000000001
2026-08-16 07:05:59.219,75.815,raise,-0.014374999999999805,0.5356250000000007
2026-08-16 07:05:59.229,75.825,raise,0.07249999999999979,0.565
2026-08-16 07:05:59.239,75.835,raise,-0.11187500000000017,0.5125000000000002
2026-08-16 07:05:59.249,75.845,raise,0.05812499999999998,0.5600000000000005
2026-08-16 07:05:59.259,75.855,raise,-0.051875000000000115,0.5487500000000001
2026-08-16 07:05:59.269,75.865,raise,0.008749999999999591,0.5400000000000005
2026-08-16 07:05:59.279,75.875,raise,0.07062499999999972,0.566875
2026-08-16 07:05:59.289,75.885,raise,-0.11874999999999969,0.5156250000000007
2026-08-16 07:05:59.299,75.895,raise,0.06562500000000027,0.5631249999999999
2026-08-16 07:05:59.309,75.905,raise,-0.026249999999999885,0.546875
2026-08-16 07:05:59.319,75.915,raise,-0.009375000000000355,0.5243750000000003
2026-08-16 07:05:59.329,75.925,raise,0.07125000000000048,0.5656249999999996
2026-08-16 07:05:59.339,75.935,raise,-0.10499999999999954,0.5162500000000003
2026-08-16 07:05:59.349,75.945,raise,0.06062499999999971,0.5549999999999999
2026-08-16 07:05:59.359,75.955,raise,-0.011249999999999316,0.5456250000000007
2026-08-16 07:05:59.369,75.965,raise,0.008749999999999591,0.5306250000000001
2026-08-16 07:05:59.379,75.975,raise,0.07312500000000055,0.5618750000000006
2026-08-16 07:05:59.389,75.985,raise,-0.11249999999999982,0.5149999999999999
2026-08-16 07:05:59.399,75.995,raise,0.06562500000000027,0.5531249999999999
2026-08-16 07:05:59.409,76.005,raise,-0.029375000000000373,0.5431249999999999
2026-08-16 07:05:59.419,76.015,raise,-0.011249999999999316,0.5325000000000002
2026-08-16 07:05:59.429,76.025,raise,0.07000000000000006,0.5631249999999999
2026-08-16 07:05:59.439,76.035,raise,-0.11062499999999975,0.5137500000000006
2026-08-16 07:05:59.449,76.045,raise,0.0593750000000004,0.5543750000000003
2026-08-16 07:05:59.459,76.055,raise,-0.012499999999999734,0.5493749999999997
2026-08-16 07:05:59.469,76.065,raise,0.012499999999999734,0.5337500000000006
2026-08-16 07:05:59.479,76.075,raise,0.07500000000000062,0.5643750000000003
2026-08-16 07:05:59.489,76.085,raise,-0.11249999999999982,0.5143750000000002
2026-08-16 07:05:59.499,76.095,raise,0.06874999999999964,0.556875
2026-08-16 07:05:59.509,76.105,raise,-0.03375000000000017,0.5493749999999997
2026-08-16 07:05:59.519,76.115,raise,-0.004374999999999796,0.5356250000000007
2026-08-16 07:05:59.529,76.125,raise,0.07187500000000013,0.5674999999999997
2026-08-16 07:05:59.539,76.135,raise,-0.1056250000000003,0.5162500000000003
2026-08-16 07:05:59.549,76.145,raise,0.0637500000000002,0.5593749999999997
2026-08-16 07:05:59.559,76.155,raise,-0.012499999999999734,0.5481250000000004
2026-08-16 07:05:59.569,76.165,raise,0.014374999999999805,0.5281250000000004
2026-08-16 07:05:59.579,76.175,raise,0.07437499999999986,0.5656249999999996
2026-08-16 07:05:59.589,76.185,raise,-0.11062499999999975,0.5131249999999998
2026-08-16 07:05:59.599,76.195,raise,0.05437499999999984,0.5606250000000002
2026-08-16 07:05:59.609,76.205,raise,-0.03687499999999955,0.5443750000000003
2026-08-16 07:05:59.619,76.215,raise,0.0012500000000004174,0.5262500000000003
2026-08-16 07:05:59.629,76.225,raise,0.07687499999999958,0.5643750000000003
2026-08-16 07:05:59.639,76.235,raise,-0.1056250000000003,0.5193749999999997
2026-08-16 07:05:59.649,76.245,raise,0.06500000000000061,0.5549999999999999
2026-08-16 07:05:59.659,76.255,raise,-0.014374999999999805,0.5437500000000006
2026-08-16 07:05:59.669,76.265,raise,-0.028124999999999956,0.52875
2026-08-16 07:05:59.679,76.275,raise,0.07437499999999986,0.5674999999999997
2026-08-16 07:05:59.689,76.285,raise,-0.11624999999999996,0.5149999999999999
2026-08-16 07:05:59.699,76.295,raise,0.05562500000000026,0.5556249999999996
2026-08-16 07:05:59.709,76.305,raise,-0.043124999999999414,0.5393749999999997
2026-08-16 07:05:59.719,76.315,raise,0.003750000000000142,0.52875
2026-08-16 07:05:59.729,76.325,raise,0.07187500000000013,0.5662500000000004
2026-08-16 07:05:59.739,76.335,raise,-0.1012499999999994,0.5156250000000007
2026-08-16 07:05:59.749,76.345,raise,0.06312500000000054,0.5581250000000004
2026-08-16 07:05:59.759,76.355,raise,-0.017500000000000293,0.5506250000000001
2026-08-16 07:05:59.769,76.365,raise,-0.01687499999999953,0.536875
2026-08-16 07:05:59.779,76.375,raise,0.07125000000000048,0.5662500000000004
2026-08-16 07:05:59.789,76.385,raise,-0.10624999999999996,0.51875
2026-08-16 07:05:59.799,76.395,raise,0.058749999999999636,0.5593749999999997
2026-08-16 07:05:59.809,76.405,raise,-0.04437499999999983,0.5462500000000003
2026-08-16 07:05:59.819,76.415,raise,0.006249999999999867,0.5393749999999997
2026-08-16 07:05:59.829,76.425,raise,0.07312500000000055,0.5662500000000004
2026-08-16 07:05:59.839,76.435,raise,-0.11499999999999955,0.5131249999999998
2026-08-16 07:05:59.849,76.445,raise,0.06500000000000061,0.5593749999999997
2026-08-16 07:05:59.859,76.455,raise,-0.020000000000000018,0.5425000000000002
2026-08-16 07:05:59.869,76.465,raise,-0.014999999999999458,0.5262500000000003
2026-08-16 07:05:59.879,76.475,raise,0.07187500000000013,0.5674999999999997
2026-08-16 07:05:59.889,76.485,raise,-0.11062499999999975,0.5174999999999996
2026-08-16 07:05:59.899,76.495,raise,0.06125000000000047,0.5574999999999997
2026-08-16 07:05:59.909,76.505,raise,-0.0506249999999997,0.5462500000000003
2026-08-16 07:05:59.919,76.515,raise,0.007500000000000284,0.526875
2026-08-16 07:05:59.929,76.525,raise,0.07437499999999986,0.5662500000000004
2026-08-16 07:05:59.939,76.535,raise,-0.11624999999999996,0.5156250000000007
2026-08-16 07:05:59.949,76.545,raise,0.061875000000000124,0.5556249999999996
2026-08-16 07:05:59.959,76.555,raise,-0.02874999999999961,0.5400000000000005
2026-08-16 07:05:59.969,76.565,raise,-0.011249999999999316,0.52875
2026-08-16 07:05:59.979,76.575,raise,0.07125000000000048,0.5625000000000002
2026-08-16 07:05:59.989,76.585,raise,-0.10750000000000037,0.5162500000000003
2026-08-16 07:05:59.999,76.595,raise,0.06000000000000005,0.5549999999999999
2026-08-16 07:06:00.009,76.605,raise,-0.001875000000000071,0.5493749999999997
2026-08-16 07:06:00.019,76.615,raise,0.010000000000000009,0.5362500000000003
2026-08-16 07:06:00.029,76.625,raise,0.07312500000000055,0.565
2026-08-16 07:06:00.039,76.635,raise,-0.1143749999999999,0.5143750000000002
2026-08-16 07:06:00.049,76.645,raise,0.06500000000000061,0.5581250000000004
2026-08-16 07:06:00.059,76.655,raise,-0.026874999999999538,0.5449999999999999
2026-08-16 07:06:00.069,76.665,raise,-0.008749999999999591,0.5349999999999999
2026-08-16 07:06:00.079,76.675,raise,0.07437499999999986,0.5662500000000004
2026-08-16 07:06:00.089,76.685,raise,-0.10750000000000037,0.5156250000000007
2026-08-16 07:06:00.099,76.695,raise,0.0637500000000002,0.5612499999999998
2026-08-16 07:06:00.109,76.705,raise,-0.007500000000000284,0.5487500000000001
2026-08-16 07:06:00.119,76.715,raise,0.013125000000000497,0.5249999999999999
2026-08-16 07:06:00.129,76.725,raise,0.07624999999999993,0.5656249999999996
2026-08-16 07:06:00.139,76.735,raise,-0.1143749999999999,0.516875
2026-08-16 07:06:00.149,76.745,raise,0.06812499999999999,0.5493749999999997
2026-08-16 07:06:00.159,76.755,raise,-0.034999999999999476,0.5431249999999999
2026-08-16 07:06:00.169,76.765,raise,-0.005625000000000213,0.5262500000000003
2026-08-16 07:06:00.179,76.775,raise,0.07125000000000048,0.5643750000000003
2026-08-16 07:06:00.189,76.785,raise,-0.10375000000000023,0.5137500000000006
2026-08-16 07:06:00.199,76.795,raise,0.0593750000000004,0.5518750000000006
2026-08-16 07:06:00.209,76.805,raise,-0.008749999999999591,0.5425000000000002
2026-08-16 07:06:00.219,76.815,raise,0.014374999999999805,0.5274999999999996
2026-08-16 07:06:00.229,76.825,raise,0.07187500000000013,0.5618750000000006
2026-08-16 07:06:00.239,76.835,raise,-0.11375000000000024,0.5137500000000006
2026-08-16 07:06:00.249,76.845,raise,0.05437499999999984,0.5543750000000003
2026-08-16 07:06:00.259,76.855,raise,-0.03624999999999989,0.5481250000000004
2026-08-16 07:06:00.269,76.865,raise,-0.001875000000000071,0.5356250000000007
2026-08-16 07:06:00.279,76.875,raise,0.07562500000000028,0.5637500000000006
2026-08-16 07:06:00.289,76.885,raise,-0.10499999999999954,0.5162500000000003
2026-08-16 07:06:00.299,76.895,raise,0.06687500000000068,0.556875
2026-08-16 07:06:00.309,76.905,raise,-0.01187500000000008,0.5500000000000005
2026-08-16 07:06:00.319,76.915,raise,-0.026874999999999538,0.5381250000000004
2026-08-16 07:06:00.329,76.925,raise,0.07437499999999986,0.5625000000000002
2026-08-16 07:06:00.339,76.935,raise,-0.11187500000000017,0.5156250000000007
2026-08-16 07:06:00.349,76.945,raise,0.06062499999999971,0.5600000000000005
2026-08-16 07:06:00.359,76.955,raise,-0.03874999999999962,0.5474999999999997
2026-08-16 07:06:00.369,76.965,raise,0.0031250000000004885,0.5231249999999998
2026-08-16 07:06:00.379,76.975,raise,0.07500000000000062,0.565
2026-08-16 07:06:00.389,76.985,raise,-0.1012499999999994,0.5156250000000007
2026-08-16 07:06:00.399,76.995,raise,0.0637500000000002,0.5600000000000005
2026-08-16 07:06:00.409,77.005,raise,-0.016249999999999876,0.5462500000000003
2026-08-16 07:06:00.419,77.015,raise,-0.019375000000000364,0.5237500000000006
2026-08-16 07:06:00.429,77.025,raise,0.07125000000000048,0.565
2026-08-16 07:06:00.439,77.035,raise,-0.10874999999999968,0.5131249999999998
2026-08-16 07:06:00.449,77.045,raise,0.05750000000000033,0.5493749999999997
2026-08-16 07:06:00.459,77.055,raise,-0.040000000000000036,0.5431249999999999
2026-08-16 07:06:00.469,77.065,raise,-0.0006249999999996536,0.5300000000000005
2026-08-16 07:06:00.479,77.075,raise,0.0737500000000002,0.5600000000000005
2026-08-16 07:06:00.489,77.085,raise,-0.11249999999999982,0.516875
2026-08-16 07:06:00.499,77.095,raise,0.06562500000000027,0.5537500000000006
2026-08-16 07:06:00.509,77.105,raise,-0.017500000000000293,0.5456250000000007
2026-08-16 07:06:00.519,77.115,raise,-0.018124999999999947,0.5343750000000003
2026-08-16 07:06:00.529,77.125,raise,0.07312500000000055,0.5637500000000006
2026-08-16 07:06:00.539,77.135,raise,-0.10874999999999968,0.5181250000000004
2026-08-16 07:06:00.549,77.145,raise,0.058749999999999636,0.5587500000000001
2026-08-16 07:06:00.559,77.155,raise,0.003750000000000142,0.5493749999999997
2026-08-16 07:06:00.569,77.165,raise,0.009375000000000355,0.5343750000000003
2026-08-16 07:06:00.579,77.175,raise,0.07500000000000062,0.566875
2026-08-16 07:06:00.589,77.185,raise,-0.1143749999999999,0.5149999999999999
2026-08-16 07:06:00.599,77.195,raise,0.0637500000000002,0.5593749999999997
2026-08-16 07:06:00.609,77.205,raise,-0.020000000000000018,0.546875
2026-08-16 07:06:00.619,77.215,raise,-0.014374999999999805,0.5231249999999998
2026-08-16 07:06:00.629,77.225,raise,0.07437499999999986,0.5674999999999997
2026-08-16 07:06:00.639,77.235,raise,-0.10750000000000037,0.5143750000000002
2026-08-16 07:06:00.649,77.245,raise,0.06000000000000005,0.5574999999999997
2026-08-16 07:06:00.659,77.255,raise,0.0024999999999997247,0.546875
2026-08-16 07:06:00.669,77.265,raise,0.005625000000000213,0.5231249999999998
2026-08-16 07:06:00.679,77.275,raise,0.07624999999999993,0.5656249999999996
2026-08-16 07:06:00.689,77.285,raise,-0.11249999999999982,0.5131249999999998
2026-08-16 07:06:00.699,77.295,raise,0.06500000000000061,0.5525000000000002
2026-08-16 07:06:00.709,77.305,raise,-0.02375000000000016,0.5418750000000006
2026-08-16 07:06:00.719,77.315,raise,-0.011249999999999316,0.5262500000000003
2026-08-16 07:06:00.729,77.325,raise,0.0737500000000002,0.5612499999999998
2026-08-16 07:06:00.739,77.335,raise,-0.1100000000000001,0.5156250000000007
2026-08-16 07:06:00.749,77.345,raise,0.06062499999999971,0.5543750000000003
2026-08-16 07:06:00.759,77.355,raise,-0.0024999999999997247,0.5456250000000007
2026-08-16 07:06:00.769,77.365,raise,0.01187500000000008,0.5318750000000005
2026-08-16 07:06:00.779,77.375,raise,0.078125,0.5662500000000004
2026-08-16 07:06:00.789,77.385,raise,-0.11187500000000017,0.5156250000000007
2026-08-16 07:06:00.799,77.395,raise,0.05249999999999977,0.5562500000000004
2026-08-16 07:06:00.809,77.405,raise,-0.028124999999999956,0.5512499999999998
2026-08-16 07:06:00.819,77.415,raise,-0.0031249999999993783,0.5331249999999998
2026-08-16 07:06:00.829,77.425,raise,0.07624999999999993,0.5637500000000006
2026-08-16 07:06:00.839,77.435,raise,-0.10375000000000023,0.5162500000000003
2026-08-16 07:06:00.849,77.445,raise,0.06249999999999978,0.5606250000000002
2026-08-16 07:06:00.859,77.455,raise,-0.005625000000000213,0.5493749999999997
2026-08-16 07:06:00.869,77.465,raise,0.013750000000000151,0.5362500000000003
2026-08-16 07:06:00.879,77.475,raise,0.07562500000000028,0.5674999999999997
2026-08-16 07:06:00.889,77.485,raise,-0.11187500000000017,0.5162500000000003
2026-08-16 07:06:00.899,77.495,raise,0.051875000000000115,0.5600000000000005
2026-08-16 07:06:00.909,77.505,raise,-0.031249999999999334,0.5456250000000007
2026-08-16 07:06:00.919,77.515,raise,-0.005625000000000213,0.5243750000000003
2026-08-16 07:06:00.929,77.525,raise,0.07437499999999986,0.5656249999999996
2026-08-16 07:06:00.939,77.535,raise,-0.10499999999999954,0.51875
2026-08-16 07:06:00.949,77.545,raise,0.058749999999999636,0.546875
2026-08-16 07:06:00.959,77.555,raise,-0.011249999999999316,0.5437500000000006
2026-08-16 07:06:00.969,77.565,raise,-0.02874999999999961,0.5231249999999998
2026-08-16 07:06:00.979,77.575,raise,0.07000000000000006,0.5618750000000006
2026-08-16 07:06:00.989,77.585,raise,-0.11249999999999982,0.5137500000000006
2026-08-16 07:06:00.999,77.595,raise,0.05812499999999998,0.5512499999999998
2026-08-16 07:06:01.009,77.605,raise,-0.034999999999999476,0.5425000000000002
2026-08-16 07:06:01.019,77.615,raise,0.0024999999999997247,0.5318750000000005
2026-08-16 07:06:01.029,77.625,raise,0.0737500000000002,0.5662500000000004
2026-08-16 07:06:01.039,77.635,raise,-0.11375000000000024,0.5143750000000002
2026-08-16 07:06:01.049,77.645,raise,0.06125000000000047,0.5549999999999999
2026-08-16 07:06:01.059,77.655,raise,-0.01187500000000008,0.5549999999999999
2026-08-16 07:06:01.069,77.665,raise,-0.02375000000000016,0.5325000000000002
2026-08-16 07:06:01.079,77.675,raise,0.0737500000000002,0.566875
2026-08-16 07:06:01.089,77.685,raise,-0.10874999999999968,0.5118750000000005
2026-08-16 07:06:01.099,77.695,raise,0.05812499999999998,0.5581250000000004
2026-08-16 07:06:01.109,77.705,raise,-0.03750000000000031,0.5506250000000001
2026-08-16 07:06:01.119,77.715,raise,0.0012500000000004174,0.5343750000000003
2026-08-16 07:06:01.129,77.725,raise,0.07624999999999993,0.566875
2026-08-16 07:06:01.139,77.735,raise,-0.11375000000000024,0.5149999999999999
2026-08-16 07:06:01.149,77.745,raise,0.06437499999999985,0.5593749999999997
2026-08-16 07:06:01.159,77.755,raise,-0.014999999999999458,0.5474999999999997
2026-08-16 07:06:01.169,77.765,raise,-0.02187500000000009,0.5218750000000005
2026-08-16 07:06:01.179,77.775,raise,0.07312500000000055,0.5618750000000006
2026-08-16 07:06:01.189,77.785,raise,-0.11062499999999975,0.5162500000000003
2026-08-16 07:06:01.199,77.795,raise,0.056875000000000675,0.5593749999999997
2026-08-16 07:06:01.209,77.805,raise,0.0024999999999997247,0.5462500000000003
2026-08-16 07:06:01.219,77.815,raise,0.001875000000000071,0.5231249999999998
2026-08-16 07:06:01.229,77.825,raise,0.07562500000000028,0.5612499999999998
2026-08-16 07:06:01.239,77.835,raise,-0.1112499999999994,0.5137500000000006
2026-08-16 07:06:01.249,77.845,raise,0.06437499999999985,0.5543750000000003
2026-08-16 07:06:01.259,77.855,raise,-0.0187499999999996,0.5462500000000003
2026-08-16 07:06:01.269,77.865,raise,-0.018124999999999947,0.5293749999999997
2026-08-16 07:06:01.279,77.875,raise,0.07187500000000013,0.5637500000000006
2026-08-16 07:06:01.289,77.885,raise,-0.10937499999999933,0.5149999999999999
2026-08-16 07:06:01.299,77.895,raise,0.05624999999999991,0.5537500000000006
2026-08-16 07:06:01.309,77.905,raise,0.0024999999999997247,0.5537500000000006
2026-08-16 07:06:01.319,77.915,raise,0.007500000000000284,0.52875
2026-08-16 07:06:01.329,77.925,raise,0.07750000000000035,0.5662500000000004
2026-08-16 07:06:01.339,77.935,raise,-0.11249999999999982,0.5143750000000002
2026-08-16 07:06:01.349,77.945,raise,0.06687500000000068,0.5525000000000002
2026-08-16 07:06:01.359,77.955,raise,-0.023124999999999396,0.5537500000000006
2026-08-16 07:06:01.369,77.965,raise,-0.012499999999999734,0.5343750000000003
2026-08-16 07:06:01.379,77.975,raise,0.07500000000000062,0.566875
2026-08-16 07:06:01.389,77.985,raise,-0.10750000000000037,0.5181250000000004
2026-08-16 07:06:01.399,77.995,raise,0.061875000000000124,0.5600000000000005
2026-08-16 07:06:01.409,78.005,raise,-0.0012500000000004174,0.5512499999999998
2026-08-16 07:06:01.419,78.015,raise,0.008749999999999591,0.5212499999999998
2026-08-16 07:06:01.429,78.025,raise,0.07125000000000048,0.5625000000000002
2026-08-16 07:06:01.439,78.035,raise,-0.1112499999999994,0.516875
2026-08-16 07:06:01.449,78.045,raise,0.04937500000000039,0.5537500000000006
2026-08-16 07:06:01.459,78.055,raise,-0.026874999999999538,0.546875
2026-08-16 07:06:01.469,78.065,raise,-0.008749999999999591,0.5212499999999998
2026-08-16 07:06:01.479,78.075,raise,0.0737500000000002,0.5643750000000003
2026-08-16 07:06:01.489,78.085,raise,-0.10499999999999954,0.5131249999999998
2026-08-16 07:06:01.499,78.095,raise,0.061875000000000124,0.5556249999999996
2026-08-16 07:06:01.509,78.105,raise,-0.005625000000000213,0.5425000000000002
2026-08-16 07:06:01.519,78.115,raise,-0.03624999999999989,0.5256250000000007
2026-08-16 07:06:01.529,78.125,raise,0.0737500000000002,0.5656249999999996
2026-08-16 07:06:01.539,78.135,raise,-0.11249999999999982,0.5156250000000007
2026-08-16 07:06:01.549,78.145,raise,0.05249999999999977,0.5543750000000003
2026-08-16 07:06:01.559,78.155,raise,-0.030000000000000027,0.5431249999999999
2026-08-16 07:06:01.569,78.165,raise,-0.005625000000000213,0.5281250000000004
2026-08-16 07:06:01.579,78.175,raise,0.07500000000000062,0.5656249999999996
2026-08-16 07:06:01.589,78.185,raise,-0.10499999999999954,0.5125000000000002
2026-08-16 07:06:01.599,78.195,raise,0.06062499999999971,0.556875
2026-08-16 07:06:01.609,78.205,raise,-0.009375000000000355,0.5531249999999999
2026-08-16 07:06:01.619,78.215,raise,-0.0318750000000001,0.5337500000000006
2026-08-16 07:06:01.629,78.225,raise,0.07125000000000048,0.5656249999999996
2026-08-16 07:06:01.639,78.235,raise,-0.11062499999999975,0.5193749999999997
2026-08-16 07:06:01.649,78.245,raise,0.05312500000000053,0.5581250000000004
2026-08-16 07:06:01.659,78.255,raise,-0.033124999999999405,0.5543750000000003
2026-08-16 07:06:01.669,78.265,raise,-0.004999999999999449,0.5200000000000005
2026-08-16 07:06:01.679,78.275,raise,0.07312500000000055,0.5631249999999999
2026-08-16 07:06:01.689,78.285,raise,-0.11249999999999982,0.5137500000000006
2026-08-16 07:06:01.699,78.295,raise,0.06062499999999971,0.5574999999999997
2026-08-16 07:06:01.709,78.305,raise,-0.010000000000000009,0.5456250000000007
2026-08-16 07:06:01.719,78.315,raise,-0.028124999999999956,0.5218750000000005
2026-08-16 07:06:01.729,78.325,raise,0.07437499999999986,0.565
2026-08-16 07:06:01.739,78.335,raise,-0.11249999999999982,0.516875
2026-08-16 07:06:01.749,78.345,raise,0.05312500000000053,0.5506250000000001
2026-08-16 07:06:01.759,78.355,raise,0.01187500000000008,0.546875
2026-08-16 07:06:01.769,78.365,raise,-0.0012500000000004174,0.5274999999999996
2026-08-16 07:06:01.779,78.375,raise,0.07687499999999958,0.5674999999999997
2026-08-16 07:06:01.789,78.385,raise,-0.11249999999999982,0.5174999999999996
2026-08-16 07:06:01.799,78.395,raise,0.06624999999999992,0.5543750000000003
2026-08-16 07:06:01.809,78.405,raise,-0.018124999999999947,0.5456250000000007
2026-08-16 07:06:01.819,78.415,raise,-0.023124999999999396,0.5300000000000005
2026-08-16 07:06:01.829,78.425,raise,0.0737500000000002,0.565
2026-08-16 07:06:01.839,78.435,raise,-0.1112499999999994,0.5149999999999999
2026-08-16 07:06:01.849,78.445,raise,0.05750000000000033,0.5543750000000003
2026-08-16 07:06:01.859,78.455,raise,0.006875000000000631,0.5525000000000002
2026-08-16 07:06:01.869,78.465,raise,0.003750000000000142,0.5300000000000005
2026-08-16 07:06:01.879,78.475,raise,0.07437499999999986,0.565
2026-08-16 07:06:01.889,78.485,raise,-0.11249999999999982,0.5149999999999999
2026-08-16 07:06:01.899,78.495,raise,0.06437499999999985,0.5574999999999997
2026-08-16 07:06:01.909,78.505,raise,-0.014374999999999805,0.5531249999999999
2026-08-16 07:06:01.919,78.515,raise,-0.021249999999999325,0.5325000000000002
2026-08-16 07:06:01.929,78.525,raise,0.07312500000000055,0.565
2026-08-16 07:06:01.939,78.535,raise,-0.1112499999999994,0.5156250000000007
2026-08-16 07:06:01.949,78.545,raise,0.05562500000000026,0.5556249999999996
2026-08-16 07:06:01.959,78.555,raise,0.0050000000000005596,0.5493749999999997
2026-08-16 07:06:01.969,78.565,raise,0.0031250000000004885,0.5206250000000001
2026-08-16 07:06:01.979,78.575,raise,0.0737500000000002,0.5631249999999999
2026-08-16 07:06:01.989,78.585,raise,-0.11499999999999955,0.516875
2026-08-16 07:06:01.999,78.595,raise,0.04812499999999997,0.5512499999999998
2026-08-16 07:06:02.009,78.605,raise,-0.02062499999999967,0.5493749999999997
2026-08-16 07:06:02.019,78.615,raise,-0.015625000000000222,0.5231249999999998
2026-08-16 07:06:02.029,78.625,raise,0.07687499999999958,0.5643750000000003
2026-08-16 07:06:02.039,78.635,raise,-0.10874999999999968,0.5143750000000002
2026-08-16 07:06:02.049,78.645,raise,0.06125000000000047,0.5543750000000003
2026-08-16 07:06:02.059,78.655,raise,-0.0024999999999997247,0.5481250000000004
2026-08-16 07:06:02.069,78.665,raise,0.010624999999999662,0.5262500000000003
2026-08-16 07:06:02.079,78.675,raise,0.07312500000000055,0.5625000000000002
2026-08-16 07:06:02.089,78.685,raise,-0.11249999999999982,0.516875
2026-08-16 07:06:02.099,78.695,raise,0.04750000000000032,0.5531249999999999
2026-08-16 07:06:02.109,78.705,raise,-0.026249999999999885,0.5525000000000002
2026-08-16 07:06:02.119,78.715,raise,-0.014999999999999458,0.5318750000000005
2026-08-16 07:06:02.129,78.725,raise,0.07750000000000035,0.5656249999999996
2026-08-16 07:06:02.139,78.735,raise,-0.10687499999999961,0.5181250000000004
2026-08-16 07:06:02.149,78.745,raise,0.058749999999999636,0.5518750000000006
2026-08-16 07:06:02.159,78.755,raise,-0.0031249999999993783,0.5543750000000003
2026-08-16 07:06:02.169,78.765,raise,-0.038124999999999964,0.5306250000000001
2026-08-16 07:06:02.179,78.775,raise,0.0737500000000002,0.5625000000000002
2026-08-16 07:06:02.189,78.785,raise,-0.11624999999999996,0.51875
2026-08-16 07:06:02.199,78.795,raise,0.05125000000000046,0.556875
2026-08-16 07:06:02.209,78.805,raise,-0.030000000000000027,0.5493749999999997
2026-08-16 07:06:02.219,78.815,raise,-0.009375000000000355,0.5206250000000001
2026-08-16 07:06:02.229,78.825,raise,0.07562500000000028,0.5643750000000003
2026-08-16 07:06:02.239,78.835,raise,-0.11562500000000031,0.5156250000000007
2026-08-16 07:06:02.249,78.845,raise,0.0593750000000004,0.556875
2026-08-16 07:06:02.259,78.855,raise,-0.005625000000000213,0.5474999999999997
2026-08-16 07:06:02.269,78.865,raise,-0.031249999999999334,0.5225000000000002
2026-08-16 07:06:02.279,78.875,raise,0.07249999999999979,0.566875
2026-08-16 07:06:02.289,78.885,raise,-0.11187500000000017,0.5162500000000003
2026-08-16 07:06:02.299,78.895,raise,0.056875000000000675,0.5487500000000001
2026-08-16 07:06:02.309,78.905,raise,-0.03062499999999968,0.546875
2026-08-16 07:06:02.319,78.915,raise,-0.004999999999999449,0.5274999999999996
2026-08-16 07:06:02.329,78.925,raise,0.07500000000000062,0.5637500000000006
2026-08-16 07:06:02.339,78.935,raise,-0.11312499999999948,0.5131249999999998
2026-08-16 07:06:02.349,78.945,raise,0.05812499999999998,0.5556249999999996
2026-08-16 07:06:02.359,78.955,raise,-0.008124999999999938,0.5474999999999997
2026-08-16 07:06:02.369,78.965,raise,-0.029375000000000373,0.52875
2026-08-16 07:06:02.379,78.975,raise,0.07562500000000028,0.5643750000000003
2026-08-16 07:06:02.389,78.985,raise,-0.1100000000000001,0.5174999999999996
2026-08-16 07:06:02.399,78.995,raise,0.053750000000000187,0.556875
2026-08-16 07:06:02.409,79.005,raise,0.012499999999999734,0.5537500000000006
2026-08-16 07:06:02.419,79.015,raise,-0.00687499999999952,0.5281250000000004
2026-08-16 07:06:02.429,79.025,raise,0.07500000000000062,0.5637500000000006
2026-08-16 07:06:02.439,79.035,raise,-0.1143749999999999,0.5200000000000005
2026-08-16 07:06:02.449,79.045,raise,0.06249999999999978,0.556875
2026-08-16 07:06:02.459,79.055,raise,-0.013750000000000151,0.5487500000000001
2026-08-16 07:06:02.469,79.065,raise,-0.026249999999999885,0.5343750000000003
2026-08-16 07:06:02.479,79.075,raise,0.07000000000000006,0.565
2026-08-16 07:06:02.489,79.085,raise,-0.11249999999999982,0.5162500000000003
2026-08-16 07:06:02.499,79.095,raise,0.05624999999999991,0.5574999999999997
2026-08-16 07:06:02.509,79.105,raise,0.01187500000000008,0.5481250000000004
2026-08-16 07:06:02.519,79.115,raise,0.0012500000000004174,0.5243750000000003
2026-08-16 07:06:02.529,79.125,raise,0.07312500000000055,0.5662500000000004
2026-08-16 07:06:02.539,79.135,raise,-0.1112499999999994,0.5162500000000003
2026-08-16 07:06:02.549,79.145,raise,0.06125000000000047,0.5500000000000005
2026-08-16 07:06:02.559,79.155,raise,-0.013750000000000151,0.5487500000000001
2026-08-16 07:06:02.569,79.165,raise,-0.022499999999999742,0.5262500000000003
2026-08-16 07:06:02.579,79.175,raise,0.0737500000000002,0.5674999999999997
2026-08-16 07:06:02.589,79.185,raise,-0.11187500000000017,0.5193749999999997
2026-08-16 07:06:02.599,79.195,raise,0.053750000000000187,0.5512499999999998
2026-08-16 07:06:02.609,79.205,raise,0.010624999999999662,0.5449999999999999
2026-08-16 07:06:02.619,79.215,raise,0.0012500000000004174,0.5306250000000001
2026-08-16 07:06:02.629,79.225,raise,0.078125,0.5687500000000001
2026-08-16 07:06:02.639,79.235,raise,-0.1143749999999999,0.5156250000000007
2026-08-16 07:06:02.649,79.245,raise,0.045000000000000595,0.5562500000000004
2026-08-16 07:06:02.659,79.255,raise,-0.02375000000000016,0.5556249999999996
2026-08-16 07:06:02.669,79.265,raise,-0.02062499999999967,0.5325000000000002
2026-08-16 07:06:02.679,79.275,raise,0.07125000000000048,0.5625000000000002
2026-08-16 07:06:02.689,79.285,raise,-0.11375000000000024,0.5181250000000004
2026-08-16 07:06:02.699,79.295,raise,0.055000000000000604,0.5574999999999997
2026-08-16 07:06:02.709,79.305,raise,0.0,0.5506250000000001
2026-08-16 07:06:02.719,79.315,raise,-0.04874999999999963,0.52875
2026-08-16 07:06:02.729,79.325,raise,0.07312500000000055,0.5656249999999996
2026-08-16 07:06:02.739,79.335,raise,-0.11499999999999955,0.5156250000000007
2026-08-16 07:06:02.749,79.345,raise,0.04874999999999963,0.5574999999999997
2026-08-16 07:06:02.759,79.355,raise,-0.02375000000000016,0.5500000000000005
2026-08-16 07:06:02.769,79.365,raise,-0.017500000000000293,0.5212499999999998
2026-08-16 07:06:02.779,79.375,raise,0.0737500000000002,0.5662500000000004
2026-08-16 07:06:02.789,79.385,raise,-0.1112499999999994,0.51875
2026-08-16 07:06:02.799,79.395,raise,0.056875000000000675,0.5512499999999998
2026-08-16 07:06:02.809,79.405,raise,-0.0012500000000004174,0.5500000000000005
2026-08-16 07:06:02.819,79.415,raise,-0.04437499999999983,0.5249999999999999
2026-08-16 07:06:02.829,79.425,raise,0.07125000000000048,0.566875
2026-08-16 07:06:02.839,79.435,raise,-0.1143749999999999,0.5181250000000004
2026-08-16 07:06:02.849,79.445,raise,0.05312500000000053,0.5518750000000006
2026-08-16 07:06:02.859,79.455,raise,-0.026874999999999538,0.546875
2026-08-16 07:06:02.869,79.465,raise,-0.011249999999999316,0.52875
2026-08-16 07:06:02.879,79.475,raise,0.0737500000000002,0.5637500000000006
2026-08-16 07:06:02.889,79.485,raise,-0.11562500000000031,0.5181250000000004
2026-08-16 07:06:02.899,79.495,raise,0.058749999999999636,0.5531249999999999
2026-08-16 07:06:02.909,79.505,raise,-0.005625000000000213,0.5549999999999999
2026-08-16 07:06:02.919,79.515,raise,-0.03624999999999989,0.5281250000000004
2026-08-16 07:06:02.929,79.525,raise,0.07062499999999972,0.5618750000000006
2026-08-16 07:06:02.939,79.535,raise,-0.11375000000000024,0.5137500000000006
2026-08-16 07:06:02.949,79.545,raise,0.04937500000000039,0.5556249999999996
2026-08-16 07:06:02.959,79.555,raise,0.013750000000000151,0.5537500000000006
2026-08-16 07:06:02.969,79.565,raise,-0.010000000000000009,0.5318750000000005
2026-08-16 07:06:02.979,79.575,raise,0.07249999999999979,0.566875
2026-08-16 07:06:02.989,79.585,raise,-0.11187500000000017,0.5181250000000004
2026-08-16 07:06:02.999,79.595,raise,0.0593750000000004,0.556875
2026-08-16 07:06:03.009,79.605,raise,-0.00687499999999952,0.5562500000000004
2026-08-16 07:06:03.019,79.615,raise,-0.03249999999999975,0.5206250000000001
2026-08-16 07:06:03.029,79.625,raise,0.07125000000000048,0.5674999999999997
2026-08-16 07:06:03.039,79.635,raise,-0.1112499999999994,0.5200000000000005
2026-08-16 07:06:03.049,79.645,raise,0.05437499999999984,0.556875
2026-08-16 07:06:03.059,79.655,raise,0.013125000000000497,0.5518750000000006
2026-08-16 07:06:03.069,79.665,raise,-0.00687499999999952,0.5225000000000002
2026-08-16 07:06:03.079,79.675,raise,0.07249999999999979,0.5674999999999997
2026-08-16 07:06:03.089,79.685,raise,-0.11249999999999982,0.51875
2026-08-16 07:06:03.099,79.695,raise,0.06125000000000047,0.5506250000000001
2026-08-16 07:06:03.109,79.705,raise,-0.009375000000000355,0.5474999999999997
2026-08-16 07:06:03.119,79.715,raise,-0.026874999999999538,0.5243750000000003
2026-08-16 07:06:03.129,79.725,raise,0.07125000000000048,0.5631249999999999
2026-08-16 07:06:03.139,79.735,raise,-0.1112499999999994,0.51875
2026-08-16 07:06:03.149,79.745,raise,0.05437499999999984,0.556875
2026-08-16 07:06:03.159,79.755,raise,0.012499999999999734,0.5449999999999999
2026-08-16 07:06:03.169,79.765,raise,-0.003750000000000142,0.5262500000000003
2026-08-16 07:06:03.179,79.775,raise,0.07125000000000048,0.5662500000000004
2026-08-16 07:06:03.189,79.785,raise,-0.1143749999999999,0.5143750000000002
2026-08-16 07:06:03.199,79.795,raise,0.05750000000000033,0.5556249999999996
2026-08-16 07:06:03.209,79.805,raise,-0.015625000000000222,0.5537500000000006
2026-08-16 07:06:03.219,79.815,raise,-0.02874999999999961,0.5300000000000005
2026-08-16 07:06:03.229,79.825,raise,0.07062499999999972,0.5637500000000006
2026-08-16 07:06:03.239,79.835,raise,-0.11499999999999955,0.5193749999999997
2026-08-16 07:06:03.249,79.845,raise,0.05125000000000046,0.5581250000000004
2026-08-16 07:06:03.259,79.855,raise,0.009375000000000355,0.5543750000000003
2026-08-16 07:06:03.269,79.865,raise,-0.0006249999999996536,0.5343750000000003
2026-08-16 07:06:03.279,79.875,raise,0.07249999999999979,0.5643750000000003
2026-08-16 07:06:03.289,79.885,raise,-0.11499999999999955,0.5193749999999997
2026-08-16 07:06:03.299,79.895,raise,0.045000000000000595,0.5587500000000001
2026-08-16 07:06:03.309,79.905,raise,-0.021249999999999325,0.5543750000000003
2026-08-16 07:06:03.319,79.915,raise,-0.020000000000000018,0.5212499999999998
2026-08-16 07:06:03.329,79.925,raise,0.0737500000000002,0.5662500000000004
2026-08-16 07:06:03.339,79.935,raise,-0.10812500000000003,0.51875
2026-08-16 07:06:03.349,79.945,raise,0.056875000000000675,0.5506250000000001
2026-08-16 07:06:03.359,79.955,raise,0.0031250000000004885,0.5512499999999998
2026-08-16 07:06:03.369,79.965,raise,-0.0462499999999999,0.526875
2026-08-16 07:06:03.379,79.975,raise,0.0737500000000002,0.565
2026-08-16 07:06:03.389,79.985,raise,-0.11499999999999955,0.5174999999999996
2026-08-16 07:06:03.399,79.995,raise,0.04812499999999997,0.5543750000000003
2026-08-16 07:06:03.409,80.005,raise,-0.022499999999999742,0.546875
2026-08-16 07:06:03.419,80.015,raise,-0.02187500000000009,0.5243750000000003
2026-08-16 07:06:03.429,80.025,raise,0.07562500000000028,0.5618750000000006
2026-08-16 07:06:03.439,80.035,raise,-0.11249999999999982,0.5162500000000003
2026-08-16 07:06:03.449,80.045,raise,0.05750000000000033,0.5556249999999996
2026-08-16 07:06:03.459,80.055,raise,0.0,0.5549999999999999
2026-08-16 07:06:03.469,80.065,raise,-0.04437499999999983,0.5274999999999996
2026-08-16 07:06:03.479,80.075,raise,0.07062499999999972,0.5681250000000004
2026-08-16 07:06:03.489,80.085,raise,-0.11499999999999955,0.5231249999999998
2026-08-16 07:06:03.499,80.095,raise,0.051875000000000115,0.5593749999999997
2026-08-16 07:06:03.509,80.105,raise,-0.027500000000000302,0.5531249999999999
2026-08-16 07:06:03.519,80.115,raise,-0.011249999999999316,0.5306250000000001
2026-08-16 07:06:03.529,80.125,raise,0.07249999999999979,0.5662500000000004
2026-08-16 07:06:03.539,80.135,raise,-0.1143749999999999,0.5212499999999998
2026-08-16 07:06:03.549,80.145,raise,0.05750000000000033,0.5574999999999997
2026-08-16 07:06:03.559,80.155,raise,-0.004999999999999449,0.5531249999999999
2026-08-16 07:06:03.569,80.165,raise,-0.03874999999999962,0.5225000000000002
2026-08-16 07:06:03.579,80.175,raise,0.07125000000000048,0.5662500000000004
2026-08-16 07:06:03.589,80.185,raise,-0.1143749999999999,0.5193749999999997
2026-08-16 07:06:03.599,80.195,raise,0.04750000000000032,0.5518750000000006
2026-08-16 07:06:03.609,80.205,raise,0.02062499999999967,0.5537500000000006
2026-08-16 07:06:03.619,80.215,raise,-0.008749999999999591,0.5231249999999998
2026-08-16 07:06:03.629,80.225,raise,0.07437499999999986,0.5656249999999996
2026-08-16 07:06:03.639,80.235,raise,-0.11312499999999948,0.5181250000000004
2026-08-16 07:06:03.649,80.245,raise,0.05750000000000033,0.5531249999999999
2026-08-16 07:06:03.659,80.255,raise,-0.005625000000000213,0.5493749999999997
2026-08-16 07:06:03.669,80.265,raise,-0.03437499999999982,0.5274999999999996
2026-08-16 07:06:03.679,80.275,raise,0.06937500000000041,0.5631249999999999
2026-08-16 07:06:03.689,80.285,raise,-0.11499999999999955,0.5149999999999999
2026-08-16 07:06:03.699,80.295,raise,0.04937500000000039,0.5543750000000003
2026-08-16 07:06:03.709,80.305,raise,0.013125000000000497,0.5562500000000004
2026-08-16 07:06:03.719,80.315,raise,-0.008749999999999591,0.526875
2026-08-16 07:06:03.729,80.325,raise,0.07249999999999979,0.5625000000000002
2026-08-16 07:06:03.739,80.335,raise,-0.11249999999999982,0.5149999999999999
2026-08-16 07:06:03.749,80.345,raise,0.06062499999999971,0.5562500000000004
2026-08-16 07:06:03.759,80.355,raise,-0.008749999999999591,0.556875
2026-08-16 07:06:03.769,80.365,raise,-0.029375000000000373,0.5337500000000006
2026-08-16 07:06:03.779,80.375,raise,0.06937500000000041,0.5674999999999997
2026-08-16 07:06:03.789,80.385,raise,-0.11375000000000024,0.5218750000000005
2026-08-16 07:06:03.799,80.395,raise,0.0506249999999997,0.5606250000000002
2026-08-16 07:06:03.809,80.405,raise,0.013750000000000151,0.5543750000000003
2026-08-16 07:06:03.819,80.415,raise,-0.004374999999999796,0.5231249999999998
2026-08-16 07:06:03.829,80.425,raise,0.07249999999999979,0.5687500000000001
2026-08-16 07:06:03.839,80.435,raise,-0.1100000000000001,0.5193749999999997
2026-08-16 07:06:03.849,80.445,raise,0.04249999999999976,0.5574999999999997
2026-08-16 07:06:03.859,80.455,raise,-0.010624999999999662,0.5531249999999999
2026-08-16 07:06:03.869,80.465,raise,-0.026249999999999885,0.5218750000000005
2026-08-16 07:06:03.879,80.475,raise,0.0737500000000002,0.566875
2026-08-16 07:06:03.889,80.485,raise,-0.11375000000000024,0.5156250000000007
2026-08-16 07:06:03.899,80.495,raise,0.05624999999999991,0.5506250000000001
2026-08-16 07:06:03.909,80.505,raise,0.009375000000000355,0.5512499999999998
2026-08-16 07:06:03.919,80.515,raise,-0.054999999999999494,0.5225000000000002
2026-08-16 07:06:03.929,80.525,raise,0.07187500000000013,0.565
2026-08-16 07:06:03.939,80.535,raise,-0.11562500000000031,0.5156250000000007
2026-08-16 07:06:03.949,80.545,raise,0.0462499999999999,0.5537500000000006
2026-08-16 07:06:03.959,80.555,raise,-0.017500000000000293,0.556875
2026-08-16 07:06:03.969,80.565,raise,-0.02375000000000016,0.52875
2026-08-16 07:06:03.979,80.575,raise,0.07249999999999979,0.566875
2026-08-16 07:06:03.989,80.585,raise,-0.11187500000000017,0.5181250000000004
2026-08-16 07:06:03.999,80.595,raise,0.05125000000000046,0.5581250000000004
2026-08-16 07:06:04.009,80.605,raise,0.006875000000000631,0.5574999999999997
2026-08-16 07:06:04.019,80.615,raise,-0.04812499999999997,0.52875
2026-08-16 07:06:04.029,80.625,raise,0.0737500000000002,0.5693749999999997
2026-08-16 07:06:04.039,80.635,raise,-0.11375000000000024,0.5225000000000002
2026-08-16 07:06:04.049,80.645,raise,0.04874999999999963,0.5587500000000001
2026-08-16 07:06:04.059,80.655,raise,-0.018124999999999947,0.5562500000000004
2026-08-16 07:06:04.069,80.665,raise,-0.02062499999999967,0.5300000000000005
2026-08-16 07:06:04.079,80.675,raise,0.07437499999999986,0.566875
2026-08-16 07:06:04.089,80.685,raise,-0.11062499999999975,0.51875
2026-08-16 07:06:04.099,80.695,raise,0.05562500000000026,0.5581250000000004
2026-08-16 07:06:04.109,80.705,raise,0.0031250000000004885,0.5549999999999999
2026-08-16 07:06:04.119,80.715,raise,-0.04562500000000025,0.5231249999999998
2026-08-16 07:06:04.129,80.725,raise,0.06937500000000041,0.5656249999999996
2026-08-16 07:06:04.139,80.735,raise,-0.11562500000000031,0.516875
2026-08-16 07:06:04.149,80.745,raise,0.04812499999999997,0.5537500000000006
2026-08-16 07:06:04.159,80.755,raise,-0.028124999999999956,0.546875
2026-08-16 07:06:04.169,80.765,raise,-0.016249999999999876,0.5237500000000006
2026-08-16 07:06:04.179,80.775,raise,0.07437499999999986,0.5637500000000006
2026-08-16 07:06:04.189,80.785,raise,-0.11375000000000024,0.5162500000000003
2026-08-16 07:06:04.199,80.795,raise,0.05812499999999998,0.5481250000000004
2026-08-16 07:06:04.209,80.805,raise,-0.006249999999999867,0.5425000000000002
2026-08-16 07:06:04.219,80.815,raise,-0.03874999999999962,0.5243750000000003
2026-08-16 07:06:04.229,80.825,raise,0.07000000000000006,0.5618750000000006
2026-08-16 07:06:04.239,80.835,raise,-0.1143749999999999,0.5162500000000003
2026-08-16 07:06:04.249,80.845,raise,0.04562500000000025,0.5531249999999999
2026-08-16 07:06:04.259,80.855,raise,0.02187500000000009,0.556875
2026-08-16 07:06:04.269,80.865,raise,-0.010624999999999662,0.5325000000000002
2026-08-16 07:06:04.279,80.875,raise,0.07562500000000028,0.5631249999999999
2026-08-16 07:06:04.289,80.885,raise,-0.1112499999999994,0.5212499999999998
2026-08-16 07:06:04.299,80.895,raise,0.061875000000000124,0.5562500000000004
2026-08-16 07:06:04.309,80.905,raise,-0.001875000000000071,0.5556249999999996
2026-08-16 07:06:04.319,80.915,raise,-0.03437499999999982,0.52875
2026-08-16 07:06:04.329,80.925,raise,0.07312500000000055,0.5656249999999996
2026-08-16 07:06:04.339,80.935,raise,-0.11249999999999982,0.5218750000000005
2026-08-16 07:06:04.349,80.945,raise,0.05249999999999977,0.5556249999999996
2026-08-16 07:06:04.359,80.955,raise,0.015625000000000222,0.5500000000000005
2026-08-16 07:06:04.369,80.965,raise,-0.008124999999999938,0.5225000000000002
2026-08-16 07:06:04.379,80.975,raise,0.07125000000000048,0.5662500000000004
2026-08-16 07:06:04.389,80.985,raise,-0.10937499999999933,0.5193749999999997
2026-08-16 07:06:04.399,80.995,raise,0.05812499999999998,0.5518750000000006
2026-08-16 07:06:04.409,81.005,raise,-0.008124999999999938,0.5506250000000001
2026-08-16 07:06:04.419,81.015,raise,-0.0318750000000001,0.5212499999999998
2026-08-16 07:06:04.429,81.025,raise,0.06874999999999964,0.5637500000000006
2026-08-16 07:06:04.439,81.035,raise,-0.11375000000000024,0.516875
2026-08-16 07:06:04.449,81.045,raise,0.0506249999999997,0.5493749999999997
2026-08-16 07:06:04.459,81.055,raise,0.012499999999999734,0.5456250000000007
2026-08-16 07:06:04.469,81.065,raise,-0.00687499999999952,0.5218750000000005
2026-08-16 07:06:04.479,81.075,raise,0.07562500000000028,0.5643750000000003
2026-08-16 07:06:04.489,81.085,raise,-0.11062499999999975,0.5162500000000003
2026-08-16 07:06:04.499,81.095,raise,0.04187500000000011,0.5562500000000004
2026-08-16 07:06:04.509,81.105,raise,-0.012499999999999734,0.5600000000000005
2026-08-16 07:06:04.519,81.115,raise,-0.028124999999999956,0.526875
2026-08-16 07:06:04.529,81.125,raise,0.07562500000000028,0.5625000000000002
2026-08-16 07:06:04.539,81.135,raise,-0.11249999999999982,0.5137500000000006
2026-08-16 07:06:04.549,81.145,raise,0.053750000000000187,0.5543750000000003
2026-08-16 07:06:04.559,81.155,raise,0.010624999999999662,0.5556249999999996
2026-08-16 07:06:04.569,81.165,raise,-0.05624999999999991,0.5274999999999996
2026-08-16 07:06:04.579,81.175,raise,0.07500000000000062,0.5662500000000004
2026-08-16 07:06:04.589,81.185,raise,-0.1112499999999994,0.5206250000000001
2026-08-16 07:06:04.599,81.195,raise,0.04750000000000032,0.5574999999999997
2026-08-16 07:06:04.609,81.205,raise,-0.01687499999999953,0.5537500000000006
2026-08-16 07:06:04.619,81.215,raise,-0.022499999999999742,0.5200000000000005
2026-08-16 07:06:04.629,81.225,raise,0.07312500000000055,0.5637500000000006
2026-08-16 07:06:04.639,81.235,raise,-0.11062499999999975,0.5193749999999997
2026-08-16 07:06:04.649,81.245,raise,0.05437499999999984,0.556875
2026-08-16 07:06:04.659,81.255,raise,0.010000000000000009,0.5549999999999999
2026-08-16 07:06:04.669,81.265,raise,-0.04937500000000039,0.5218750000000005
2026-08-16 07:06:04.679,81.275,raise,0.07125000000000048,0.5656249999999996
2026-08-16 07:06:04.689,81.285,raise,-0.11375000000000024,0.5156250000000007
2026-08-16 07:06:04.699,81.295,raise,0.045000000000000595,0.5500000000000005
2026-08-16 07:06:04.709,81.305,raise,-0.02062499999999967,0.5481250000000004
2026-08-16 07:06:04.719,81.315,raise,-0.023124999999999396,0.5231249999999998
2026-08-16 07:06:04.729,81.325,raise,0.07249999999999979,0.5643750000000003
2026-08-16 07:06:04.739,81.335,raise,-0.1100000000000001,0.5162500000000003
2026-08-16 07:06:04.749,81.345,raise,0.058749999999999636,0.5531249999999999
2026-08-16 07:06:04.759,81.355,raise,0.003750000000000142,0.5487500000000001
2026-08-16 07:06:04.769,81.365,raise,-0.04375000000000018,0.5237500000000006
2026-08-16 07:06:04.779,81.375,raise,0.07312500000000055,0.5631249999999999
2026-08-16 07:06:04.789,81.385,raise,-0.11499999999999955,0.5174999999999996
2026-08-16 07:06:04.799,81.395,raise,0.05125000000000046,0.5556249999999996
2026-08-16 07:06:04.809,81.405,raise,-0.022499999999999742,0.5574999999999997
2026-08-16 07:06:04.819,81.415,raise,-0.013750000000000151,0.5281250000000004
2026-08-16 07:06:04.829,81.425,raise,0.07062499999999972,0.5637500000000006
2026-08-16 07:06:04.839,81.435,raise,-0.11062499999999975,0.5212499999999998
2026-08-16 07:06:04.849,81.445,raise,0.05812499999999998,0.5562500000000004
2026-08-16 07:06:04.859,81.455,raise,0.0,0.5537500000000006
2026-08-16 07:06:04.869,81.465,raise,-0.03937500000000038,0.5331249999999998
2026-08-16 07:06:04.879,81.475,raise,0.07437499999999986,0.5656249999999996
2026-08-16 07:06:04.889,81.485,raise,-0.1143749999999999,0.5193749999999997
2026-08-16 07:06:04.899,81.495,raise,0.04937500000000039,0.5587500000000001
2026-08-16 07:06:04.909,81.505,raise,0.023125000000000506,0.5562500000000004
2026-08-16 07:06:04.919,81.515,raise,-0.013124999999999387,0.5225000000000002
2026-08-16 07:06:04.929,81.525,raise,0.07125000000000048,0.565
2026-08-16 07:06:04.939,81.535,raise,-0.11375000000000024,0.5162500000000003
2026-08-16 07:06:04.949,81.545,raise,0.058749999999999636,0.5506250000000001
2026-08-16 07:06:04.959,81.555,raise,-0.007500000000000284,0.5493749999999997
2026-08-16 07:06:04.969,81.565,raise,-0.03624999999999989,0.5212499999999998
2026-08-16 07:06:04.979,81.575,raise,0.06812499999999999,0.5631249999999999
2026-08-16 07:06:04.989,81.585,raise,-0.11249999999999982,0.5156250000000007
2026-08-16 07:06:04.999,81.595,raise,0.0506249999999997,0.5512499999999998
2026-08-16 07:06:05.009,81.605,raise,0.0187499999999996,0.5500000000000005
2026-08-16 07:06:05.019,81.615,raise,-0.008124999999999938,0.5237500000000006
2026-08-16 07:06:05.029,81.625,raise,0.07187500000000013,0.5643750000000003
2026-08-16 07:06:05.039,81.635,raise,-0.10937499999999933,0.5156250000000007
2026-08-16 07:06:05.049,81.645,raise,0.05624999999999991,0.5512499999999998
2026-08-16 07:06:05.059,81.655,raise,-0.006249999999999867,0.5562500000000004
2026-08-16 07:06:05.069,81.665,raise,-0.03249999999999975,0.5293749999999997
2026-08-16 07:06:05.079,81.675,raise,0.07249999999999979,0.5656249999999996
2026-08-16 07:06:05.089,81.685,raise,-0.11249999999999982,0.5243750000000003
2026-08-16 07:06:05.099,81.695,raise,0.0506249999999997,0.5556249999999996
2026-08-16 07:06:05.109,81.705,raise,0.0187499999999996,0.5574999999999997
2026-08-16 07:06:05.119,81.715,raise,-0.008749999999999591,0.5306250000000001
2026-08-16 07:06:05.129,81.725,raise,0.0737500000000002,0.5643750000000003
2026-08-16 07:06:05.139,81.735,raise,-0.11312499999999948,0.5206250000000001
2026-08-16 07:06:05.149,81.745,raise,0.04437499999999983,0.556875
2026-08-16 07:06:05.159,81.755,raise,-0.010000000000000009,0.5537500000000006
2026-08-16 07:06:05.169,81.765,raise,-0.02874999999999961,0.51875
2026-08-16 07:06:05.179,81.775,raise,0.0737500000000002,0.5637500000000006
2026-08-16 07:06:05.189,81.785,raise,-0.11375000000000024,0.516875
2026-08-16 07:06:05.199,81.795,raise,0.05125000000000046,0.5493749999999997
2026-08-16 07:06:05.209,81.805,raise,0.010624999999999662,0.5506250000000001
2026-08-16 07:06:05.219,81.815,raise,-0.05249999999999977,0.5212499999999998
2026-08-16 07:06:05.229,81.825,raise,0.07187500000000013,0.565
2026-08-16 07:06:05.239,81.835,raise,-0.1143749999999999,0.5156250000000007
2026-08-16 07:06:05.249,81.845,raise,0.04249999999999976,0.5481250000000004
2026-08-16 07:06:05.259,81.855,raise,-0.010000000000000009,0.5481250000000004
2026-08-16 07:06:05.269,81.865,raise,-0.022499999999999742,0.5249999999999999
2026-08-16 07:06:05.279,81.875,raise,0.07500000000000062,0.5625000000000002
2026-08-16 07:06:05.289,81.885,raise,-0.1143749999999999,0.5143750000000002
2026-08-16 07:06:05.299,81.895,raise,0.055000000000000604,0.5525000000000002
2026-08-16 07:06:05.309,81.905,raise,0.010624999999999662,0.5581250000000004
2026-08-16 07:06:05.319,81.915,raise,-0.04937500000000039,0.5262500000000003
2026-08-16 07:06:05.329,81.925,raise,0.07312500000000055,0.5643750000000003
2026-08-16 07:06:05.339,81.935,raise,-0.11375000000000024,0.5162500000000003
2026-08-16 07:06:05.349,81.945,raise,0.04437499999999983,0.556875
2026-08-16 07:06:05.359,81.955,raise,-0.0187499999999996,0.556875
2026-08-16 07:06:05.369,81.965,raise,-0.022499999999999742,0.5318750000000005
2026-08-16 07:06:05.379,81.975,raise,0.07125000000000048,0.5643750000000003
2026-08-16 07:06:05.389,81.985,raise,-0.10750000000000037,0.5206250000000001
2026-08-16 07:06:05.399,81.995,raise,0.05624999999999991,0.5556249999999996
2026-08-16 07:06:05.409,82.005,raise,0.0050000000000005596,0.5549999999999999
2026-08-16 07:06:05.419,82.015,raise,-0.04937500000000039,0.5193749999999997
2026-08-16 07:06:05.429,82.025,raise,0.06624999999999992,0.5643750000000003
2026-08-16 07:06:05.439,82.035,raise,-0.11562500000000031,0.5174999999999996
2026-08-16 07:06:05.449,82.045,raise,0.04937500000000039,0.556875
2026-08-16 07:06:05.459,82.055,raise,0.02562500000000023,0.5518750000000006
2026-08-16 07:06:05.469,82.065,raise,-0.018124999999999947,0.5174999999999996
2026-08-16 07:06:05.479,82.075,raise,0.07187500000000013,0.565
2026-08-16 07:06:05.489,82.085,raise,-0.10937499999999933,0.5156250000000007
2026-08-16 07:06:05.499,82.095,raise,0.05812499999999998,0.5512499999999998
2026-08-16 07:06:05.509,82.105,raise,0.001875000000000071,0.5512499999999998
2026-08-16 07:06:05.519,82.115,raise,-0.040000000000000036,0.5225000000000002
2026-08-16 07:06:05.529,82.125,raise,0.07312500000000055,0.5662500000000004
2026-08-16 07:06:05.539,82.135,raise,-0.1143749999999999,0.5162500000000003
2026-08-16 07:06:05.549,82.145,raise,0.053750000000000187,0.5506250000000001
2026-08-16 07:06:05.559,82.155,raise,0.02562500000000023,0.5481250000000004
2026-08-16 07:06:05.569,82.165,raise,-0.013124999999999387,0.5243750000000003
2026-08-16 07:06:05.579,82.175,raise,0.07187500000000013,0.5637500000000006
2026-08-16 07:06:05.589,82.185,raise,-0.11312499999999948,0.5131249999999998
2026-08-16 07:06:05.599,82.195,raise,0.05750000000000033,0.5512499999999998
2026-08-16 07:06:05.609,82.205,raise,-0.004999999999999449,0.5574999999999997
2026-08-16 07:06:05.619,82.215,raise,-0.03624999999999989,0.5318750000000005
2026-08-16 07:06:05.629,82.225,raise,0.07125000000000048,0.5643750000000003
2026-08-16 07:06:05.639,82.235,raise,-0.11312499999999948,0.5218750000000005
2026-08-16 07:06:05.649,82.245,raise,0.05562500000000026,0.5581250000000004
2026-08-16 07:06:05.659,82.255,raise,0.020000000000000018,0.5556249999999996
2026-08-16 07:06:05.669,82.265,raise,-0.009375000000000355,0.5162500000000003
2026-08-16 07:06:05.679,82.275,raise,0.07187500000000013,0.5662500000000004
2026-08-16 07:06:05.689,82.285,raise,-0.11187500000000017,0.516875
2026-08-16 07:06:05.699,82.295,raise,0.03874999999999962,0.556875
2026-08-16 07:06:05.709,82.305,raise,-0.007500000000000284,0.5543750000000003
2026-08-16 07:06:05.719,82.315,raise,-0.03375000000000017,0.5156250000000007
2026-08-16 07:06:05.729,82.325,raise,0.0737500000000002,0.5674999999999997
2026-08-16 07:06:05.739,82.335,raise,-0.10937499999999933,0.51875
2026-08-16 07:06:05.749,82.345,raise,0.05312500000000053,0.5506250000000001
2026-08-16 07:06:05.759,82.355,raise,0.0187499999999996,0.5531249999999999
2026-08-16 07:06:05.769,82.365,raise,-0.005625000000000213,0.5218750000000005
2026-08-16 07:06:05.779,82.375,raise,0.07062499999999972,0.5600000000000005
2026-08-16 07:06:05.789,82.385,raise,-0.1112499999999994,0.5181250000000004
2026-08-16 07:06:05.799,82.395,raise,0.045000000000000595,0.5500000000000005
2026-08-16 07:06:05.809,82.405,raise,-0.008749999999999591,0.5474999999999997
2026-08-16 07:06:05.819,82.415,raise,-0.031249999999999334,0.5256250000000007
2026-08-16 07:06:05.829,82.425,raise,0.07125000000000048,0.5656249999999996
2026-08-16 07:06:05.839,82.435,raise,-0.1100000000000001,0.5156250000000007
2026-08-16 07:06:05.849,82.445,raise,0.04937500000000039,0.5549999999999999
2026-08-16 07:06:05.859,82.455,raise,0.013125000000000497,0.556875
2026-08-16 07:06:05.869,82.465,raise,-0.053750000000000187,0.5281250000000004
2026-08-16 07:06:05.879,82.475,raise,0.07249999999999979,0.5656249999999996
2026-08-16 07:06:05.889,82.485,raise,-0.11062499999999975,0.5218750000000005
2026-08-16 07:06:05.899,82.495,raise,0.046875000000000666,0.5543750000000003
2026-08-16 07:06:05.909,82.505,raise,-0.010624999999999662,0.5562500000000004
2026-08-16 07:06:05.919,82.515,raise,-0.026874999999999538,0.5306250000000001
2026-08-16 07:06:05.929,82.525,raise,0.07062499999999972,0.566875
2026-08-16 07:06:05.939,82.535,raise,-0.10499999999999954,0.5193749999999997
2026-08-16 07:06:05.949,82.545,raise,0.05249999999999977,0.5581250000000004
2026-08-16 07:06:05.959,82.555,raise,0.012499999999999734,0.5525000000000002
2026-08-16 07:06:05.969,82.565,raise,-0.053750000000000187,0.516875
2026-08-16 07:06:05.979,82.575,raise,0.07500000000000062,0.566875
2026-08-16 07:06:05.989,82.585,raise,-0.11499999999999955,0.5193749999999997
2026-08-16 07:06:05.999,82.595,raise,0.05125000000000046,0.5481250000000004
2026-08-16 07:06:06.009,82.605,raise,-0.016249999999999876,0.5543750000000003
2026-08-16 07:06:06.019,82.615,raise,-0.02375000000000016,0.5212499999999998
2026-08-16 07:06:06.029,82.625,raise,0.0737500000000002,0.565
2026-08-16 07:06:06.039,82.635,raise,-0.10937499999999933,0.5174999999999996
2026-08-16 07:06:06.049,82.645,raise,0.055000000000000604,0.5506250000000001
2026-08-16 07:06:06.059,82.655,raise,0.006249999999999867,0.5518750000000006
2026-08-16 07:06:06.069,82.665,raise,-0.04812499999999997,0.5262500000000003
2026-08-16 07:06:06.079,82.675,raise,0.07249999999999979,0.5643750000000003
2026-08-16 07:06:06.089,82.685,raise,-0.11062499999999975,0.51875
2026-08-16 07:06:06.099,82.695,raise,0.050000000000000044,0.5500000000000005
2026-08-16 07:06:06.109,82.705,raise,0.0318750000000001,0.5587500000000001
2026-08-16 07:06:06.119,82.715,raise,-0.02062499999999967,0.5281250000000004
2026-08-16 07:06:06.129,82.725,raise,0.07249999999999979,0.5656249999999996
2026-08-16 07:06:06.139,82.735,raise,-0.10750000000000037,0.51875
2026-08-16 07:06:06.149,82.745,raise,0.055000000000000604,0.5531249999999999
2026-08-16 07:06:06.159,82.755,raise,0.0024999999999997247,0.5556249999999996
2026-08-16 07:06:06.169,82.765,raise,-0.04750000000000032,0.5274999999999996
2026-08-16 07:06:06.179,82.775,raise,0.07000000000000006,0.5643750000000003
2026-08-16 07:06:06.189,82.785,raise,-0.11624999999999996,0.5200000000000005
2026-08-16 07:06:06.199,82.795,raise,0.04874999999999963,0.5581250000000004
2026-08-16 07:06:06.209,82.805,raise,0.02687500000000065,0.5562500000000004
2026-08-16 07:06:06.219,82.815,raise,-0.013750000000000151,0.51875
2026-08-16 07:06:06.229,82.825,raise,0.07125000000000048,0.5662500000000004
2026-08-16 07:06:06.239,82.835,raise,-0.11187500000000017,0.5181250000000004
2026-08-16 07:06:06.249,82.845,raise,0.05437499999999984,0.5562500000000004
2026-08-16 07:06:06.259,82.855,raise,-0.0006249999999996536,0.5531249999999999
2026-08-16 07:06:06.269,82.865,raise,-0.03687499999999955,0.51875
2026-08-16 07:06:06.279,82.875,raise,0.07249999999999979,0.5662500000000004
2026-08-16 07:06:06.289,82.885,raise,-0.1100000000000001,0.5181250000000004
2026-08-16 07:06:06.299,82.895,raise,0.0506249999999997,0.5481250000000004
2026-08-16 07:06:06.309,82.905,raise,0.021250000000000435,0.5531249999999999
2026-08-16 07:06:06.319,82.915,raise,-0.008749999999999591,0.5243750000000003
2026-08-16 07:06:06.329,82.925,raise,0.0737500000000002,0.565
2026-08-16 07:06:06.339,82.935,raise,-0.10874999999999968,0.5181250000000004
2026-08-16 07:06:06.349,82.945,raise,0.04375000000000018,0.5556249999999996
2026-08-16 07:06:06.359,82.955,raise,-0.004999999999999449,0.5506250000000001
2026-08-16 07:06:06.369,82.965,raise,-0.03437499999999982,0.5262500000000003
2026-08-16 07:06:06.379,82.975,raise,0.07249999999999979,0.5625000000000002
2026-08-16 07:06:06.389,82.985,raise,-0.11187500000000017,0.5156250000000007
2026-08-16 07:06:06.399,82.995,raise,0.05249999999999977,0.5537500000000006
2026-08-16 07:06:06.409,83.005,raise,0.019375000000000364,0.5587500000000001
2026-08-16 07:06:06.419,83.015,raise,-0.05750000000000033,0.5262500000000003
2026-08-16 07:06:06.429,83.025,raise,0.07125000000000048,0.5656249999999996
2026-08-16 07:06:06.439,83.035,raise,-0.11062499999999975,0.5225000000000002
2026-08-16 07:06:06.449,83.045,raise,0.04562500000000025,0.5562500000000004
2026-08-16 07:06:06.459,83.055,raise,-0.008124999999999938,0.5537500000000006
2026-08-16 07:06:06.469,83.065,raise,-0.030000000000000027,0.51875
2026-08-16 07:06:06.479,83.075,raise,0.07062499999999972,0.5700000000000005
2026-08-16 07:06:06.489,83.085,raise,-0.11062499999999975,0.5206250000000001
2026-08-16 07:06:06.499,83.095,raise,0.05125000000000046,0.556875
2026-08-16 07:06:06.509,83.105,raise,0.015625000000000222,0.5543750000000003
2026-08-16 07:06:06.519,83.115,raise,-0.056874999999999565,0.5225000000000002
2026-08-16 07:06:06.529,83.125,raise,0.07750000000000035,0.5674999999999997
2026-08-16 07:06:06.539,83.135,raise,-0.11249999999999982,0.5218750000000005
2026-08-16 07:06:06.549,83.145,raise,0.046875000000000666,0.5500000000000005
2026-08-16 07:06:06.559,83.155,raise,-0.008124999999999938,0.5506250000000001
2026-08-16 07:06:06.569,83.165,raise,-0.028124999999999956,0.5249999999999999
2026-08-16 07:06:06.579,83.175,raise,0.07562500000000028,0.5681250000000004
2026-08-16 07:06:06.589,83.185,raise,-0.10499999999999954,0.51875
2026-08-16 07:06:06.599,83.195,raise,0.053750000000000187,0.5518750000000006
2026-08-16 07:06:06.609,83.205,raise,0.010000000000000009,0.5493749999999997
2026-08-16 07:06:06.619,83.215,raise,-0.053750000000000187,0.5225000000000002
2026-08-16 07:06:06.629,83.225,raise,0.07312500000000055,0.566875
2026-08-16 07:06:06.639,83.235,raise,-0.11249999999999982,0.5181250000000004
2026-08-16 07:06:06.649,83.245,raise,0.0462499999999999,0.5543750000000003
2026-08-16 07:06:06.659,83.255,raise,-0.014374999999999805,0.5600000000000005
2026-08-16 07:06:06.669,83.265,raise,-0.02375000000000016,0.5249999999999999
2026-08-16 07:06:06.679,83.275,raise,0.07312500000000055,0.5631249999999999
2026-08-16 07:06:06.689,83.285,raise,-0.10624999999999996,0.5212499999999998
2026-08-16 07:06:06.699,83.295,raise,0.05312500000000053,0.5549999999999999
2026-08-16 07:06:06.709,83.305,raise,0.0050000000000005596,0.556875
2026-08-16 07:06:06.719,83.315,raise,-0.05124999999999935,0.5262500000000003
2026-08-16 07:06:06.729,83.325,raise,0.07249999999999979,0.5662500000000004
2026-08-16 07:06:06.739,83.335,raise,-0.11249999999999982,0.5212499999999998
2026-08-16 07:06:06.749,83.345,raise,0.04937500000000039,0.556875
2026-08-16 07:06:06.759,83.355,raise,0.033125000000000515,0.5581250000000004
2026-08-16 07:06:06.769,83.365,raise,-0.019375000000000364,0.5218750000000005
2026-08-16 07:06:06.779,83.375,raise,0.07562500000000028,0.5656249999999996
2026-08-16 07:06:06.789,83.385,raise,-0.10750000000000037,0.5206250000000001
2026-08-16 07:06:06.799,83.395,raise,0.055000000000000604,0.5512499999999998
2026-08-16 07:06:06.809,83.405,raise,0.003750000000000142,0.5549999999999999
2026-08-16 07:06:06.819,83.415,raise,-0.04437499999999983,0.5193749999999997
2026-08-16 07:06:06.829,83.425,raise,0.07249999999999979,0.5662500000000004
2026-08-16 07:06:06.839,83.435,raise,-0.11375000000000024,0.5206250000000001
2026-08-16 07:06:06.849,83.445,raise,0.05125000000000046,0.5531249999999999
2026-08-16 07:06:06.859,83.455,raise,0.028124999999999956,0.5525000000000002
2026-08-16 07:06:06.869,83.465,raise,-0.012499999999999734,0.5243750000000003
2026-08-16 07:06:06.879,83.475,raise,0.0737500000000002,0.5662500000000004
2026-08-16 07:06:06.889,83.485,raise,-0.10937499999999933,0.5181250000000004
2026-08-16 07:06:06.899,83.495,raise,0.058749999999999636,0.5537500000000006
2026-08-16 07:06:06.909,83.505,raise,-0.0012500000000004174,0.5618750000000006
2026-08-16 07:06:06.919,83.515,raise,-0.04062499999999969,0.526875
2026-08-16 07:06:06.929,83.525,raise,0.07000000000000006,0.5643750000000003
2026-08-16 07:06:06.939,83.535,raise,-0.11187500000000017,0.5162500000000003
2026-08-16 07:06:06.949,83.545,raise,0.04874999999999963,0.5531249999999999
2026-08-16 07:06:06.959,83.555,raise,0.024374999999999813,0.5600000000000005
2026-08-16 07:06:06.969,83.565,raise,-0.01187500000000008,0.526875
2026-08-16 07:06:06.979,83.575,raise,0.07187500000000013,0.5631249999999999
2026-08-16 07:06:06.989,83.585,raise,-0.10874999999999968,0.5231249999999998
2026-08-16 07:06:06.999,83.595,raise,0.04249999999999976,0.5574999999999997
2026-08-16 07:06:07.009,83.605,raise,0.0,0.5556249999999996
2026-08-16 07:06:07.019,83.615,raise,-0.033124999999999405,0.5237500000000006
2026-08-16 07:06:07.029,83.625,raise,0.07500000000000062,0.5662500000000004
2026-08-16 07:06:07.039,83.635,raise,-0.11187500000000017,0.5200000000000005
2026-08-16 07:06:07.049,83.645,raise,0.05312500000000053,0.5574999999999997
2026-08-16 07:06:07.059,83.655,raise,0.022499999999999742,0.5574999999999997
2026-08-16 07:06:07.069,83.665,raise,-0.058749999999999636,0.5218750000000005
2026-08-16 07:06:07.079,83.675,raise,0.07624999999999993,0.5643750000000003
2026-08-16 07:06:07.089,83.685,raise,-0.10624999999999996,0.5212499999999998
2026-08-16 07:06:07.099,83.695,raise,0.04375000000000018,0.5525000000000002
2026-08-16 07:06:07.109,83.705,raise,-0.0012500000000004174,0.5512499999999998
2026-08-16 07:06:07.119,83.715,raise,-0.03062499999999968,0.5249999999999999
2026-08-16 07:06:07.129,83.725,raise,0.07125000000000048,0.565
2026-08-16 07:06:07.139,83.735,raise,-0.1100000000000001,0.5193749999999997
2026-08-16 07:06:07.149,83.745,raise,0.05312500000000053,0.5531249999999999
2026-08-16 07:06:07.159,83.755,raise,0.021250000000000435,0.5500000000000005
2026-08-16 07:06:07.169,83.765,raise,-0.054999999999999494,0.5218750000000005
2026-08-16 07:06:07.179,83.775,raise,0.07062499999999972,0.5618750000000006
2026-08-16 07:06:07.189,83.785,raise,-0.1112499999999994,0.5149999999999999
2026-08-16 07:06:07.199,83.795,raise,0.04437499999999983,0.5543750000000003
2026-08-16 07:06:07.209,83.805,raise,-0.010624999999999662,0.5600000000000005
2026-08-16 07:06:07.219,83.815,raise,-0.03437499999999982,0.5293749999999997
2026-08-16 07:06:07.229,83.825,raise,0.0737500000000002,0.5656249999999996
2026-08-16 07:06:07.239,83.835,raise,-0.10624999999999996,0.5193749999999997
2026-08-16 07:06:07.249,83.845,raise,0.053750000000000187,0.5506250000000001
2026-08-16 07:06:07.259,83.855,raise,0.010000000000000009,0.5562500000000004
2026-08-16 07:06:07.269,83.865,raise,-0.053750000000000187,0.5162500000000003
2026-08-16 07:06:07.279,83.875,raise,0.06874999999999964,0.5637500000000006
2026-08-16 07:06:07.289,83.885,raise,-0.11375000000000024,0.5181250000000004
2026-08-16 07:06:07.299,83.895,raise,0.046875000000000666,0.5531249999999999
2026-08-16 07:06:07.309,83.905,raise,0.035000000000000586,0.5574999999999997
2026-08-16 07:06:07.319,83.915,raise,-0.02062499999999967,0.5218750000000005
2026-08-16 07:06:07.329,83.925,raise,0.07312500000000055,0.5706250000000002
2026-08-16 07:06:07.339,83.935,raise,-0.10312499999999947,0.5193749999999997
2026-08-16 07:06:07.349,83.945,raise,0.05249999999999977,0.5518750000000006
2026-08-16 07:06:07.359,83.955,raise,0.010624999999999662,0.5506250000000001
2026-08-16 07:06:07.369,83.965,raise,-0.04937500000000039,0.5218750000000005
2026-08-16 07:06:07.379,83.975,raise,0.07249999999999979,0.565
2026-08-16 07:06:07.389,83.985,raise,-0.11624999999999996,0.5193749999999997
2026-08-16 07:06:07.399,83.995,raise,0.04375000000000018,0.5506250000000001
2026-08-16 07:06:07.409,84.005,raise,0.03249999999999975,0.5500000000000005
2026-08-16 07:06:07.419,84.015,raise,-0.023124999999999396,0.5200000000000005
2026-08-16 07:06:07.429,84.025,raise,0.07437499999999986,0.5612499999999998
2026-08-16 07:06:07.439,84.035,raise,-0.10624999999999996,0.5149999999999999
2026-08-16 07:06:07.449,84.045,raise,0.058749999999999636,0.5518750000000006
2026-08-16 07:06:07.459,84.055,raise,0.005625000000000213,0.5574999999999997
2026-08-16 07:06:07.469,84.065,raise,-0.04375000000000018,0.5281250000000004
2026-08-16 07:06:07.479,84.075,raise,0.07187500000000013,0.5631249999999999
2026-08-16 07:06:07.489,84.085,raise,-0.11312499999999948,0.5218750000000005
2026-08-16 07:06:07.499,84.095,raise,0.0506249999999997,0.5574999999999997
2026-08-16 07:06:07.509,84.105,raise,0.03062499999999968,0.5587500000000001
2026-08-16 07:06:07.519,84.115,raise,-0.018124999999999947,0.5306250000000001
2026-08-16 07:06:07.529,84.125,raise,0.07249999999999979,0.5643750000000003
2026-08-16 07:06:07.539,84.135,raise,-0.10437499999999988,0.5218750000000005
2026-08-16 07:06:07.549,84.145,raise,0.040000000000000036,0.5549999999999999
2026-08-16 07:06:07.559,84.155,raise,0.001875000000000071,0.5543750000000003
2026-08-16 07:06:07.569,84.165,raise,-0.04249999999999976,0.5174999999999996
2026-08-16 07:06:07.579,84.175,raise,0.07062499999999972,0.566875
2026-08-16 07:06:07.589,84.185,raise,-0.11312499999999948,0.5181250000000004
2026-08-16 07:06:07.599,84.195,raise,0.0506249999999997,0.5449999999999999
2026-08-16 07:06:07.609,84.205,raise,0.02874999999999961,0.5537500000000006
2026-08-16 07:06:07.619,84.215,raise,-0.010000000000000009,0.5181250000000004
2026-08-16 07:06:07.629,84.225,raise,0.0737500000000002,0.5662500000000004
2026-08-16 07:06:07.639,84.235,raise,-0.10874999999999968,0.5206250000000001
2026-08-16 07:06:07.649,84.245,raise,0.04437499999999983,0.5493749999999997
2026-08-16 07:06:07.659,84.255,raise,-0.004999999999999449,0.5543750000000003
2026-08-16 07:06:07.669,84.265,raise,-0.03624999999999989,0.5218750000000005
2026-08-16 07:06:07.679,84.275,raise,0.07062499999999972,0.5625000000000002
2026-08-16 07:06:07.689,84.285,raise,-0.11375000000000024,0.5143750000000002
2026-08-16 07:06:07.699,84.295,raise,0.050000000000000044,0.5493749999999997
2026-08-16 07:06:07.709,84.305,raise,0.020000000000000018,0.5562500000000004
2026-08-16 07:06:07.719,84.315,raise,-0.06124999999999936,0.5249999999999999
2026-08-16 07:06:07.729,84.325,raise,0.06687500000000068,0.5612499999999998
2026-08-16 07:06:07.739,84.335,raise,-0.11375000000000024,0.5149999999999999
2026-08-16 07:06:07.749,84.345,raise,0.04125000000000045,0.5543750000000003
2026-08-16 07:06:07.759,84.355,raise,-0.003750000000000142,0.5581250000000004
2026-08-16 07:06:07.769,84.365,raise,-0.0318750000000001,0.5293749999999997
2026-08-16 07:06:07.779,84.375,raise,0.07687499999999958,0.5662500000000004
2026-08-16 07:06:07.789,84.385,raise,-0.09937499999999932,0.526875
2026-08-16 07:06:07.799,84.395,raise,0.05312500000000053,0.5562500000000004
2026-08-16 07:06:07.809,84.405,raise,0.018124999999999947,0.5556249999999996
2026-08-16 07:06:07.819,84.415,raise,-0.05750000000000033,0.5143750000000002
2026-08-16 07:06:07.829,84.425,raise,0.07562500000000028,0.5656249999999996
2026-08-16 07:06:07.839,84.435,raise,-0.11187500000000017,0.5181250000000004
2026-08-16 07:06:07.849,84.445,raise,0.04812499999999997,0.5574999999999997
2026-08-16 07:06:07.859,84.455,raise,-0.009375000000000355,0.5574999999999997
2026-08-16 07:06:07.869,84.465,raise,-0.029375000000000373,0.5206250000000001
2026-08-16 07:06:07.879,84.475,raise,0.07187500000000013,0.5656249999999996
2026-08-16 07:06:07.889,84.485,raise,-0.10312499999999947,0.5206250000000001
2026-08-16 07:06:07.899,84.495,raise,0.05562500000000026,0.5506250000000001
2026-08-16 07:06:07.909,84.505,raise,0.015000000000000568,0.5525000000000002
2026-08-16 07:06:07.919,84.515,raise,-0.053750000000000187,0.5212499999999998
2026-08-16 07:06:07.929,84.525,raise,0.07062499999999972,0.5618750000000006
2026-08-16 07:06:07.939,84.535,raise,-0.11375000000000024,0.5181250000000004
2026-08-16 07:06:07.949,84.545,raise,0.0462499999999999,0.5449999999999999
2026-08-16 07:06:07.959,84.555,raise,0.03687500000000066,0.5500000000000005
2026-08-16 07:06:07.969,84.565,raise,-0.024374999999999813,0.5237500000000006
2026-08-16 07:06:07.979,84.575,raise,0.07062499999999972,0.5612499999999998
2026-08-16 07:06:07.989,84.585,raise,-0.10187500000000016,0.5193749999999997
2026-08-16 07:06:07.999,84.595,raise,0.05312500000000053,0.5537500000000006
2026-08-16 07:06:08.009,84.605,raise,0.012499999999999734,0.5606250000000002
2026-08-16 07:06:08.019,84.615,raise,-0.04874999999999963,0.5256250000000007
2026-08-16 07:06:08.029,84.625,raise,0.07000000000000006,0.5674999999999997
2026-08-16 07:06:08.039,84.635,raise,-0.1143749999999999,0.5225000000000002
2026-08-16 07:06:08.049,84.645,raise,0.050000000000000044,0.5543750000000003
2026-08-16 07:06:08.059,84.655,raise,0.035000000000000586,0.5612499999999998
2026-08-16 07:06:08.069,84.665,raise,-0.018124999999999947,0.5149999999999999
2026-08-16 07:06:08.079,84.675,raise,0.0737500000000002,0.5687500000000001
2026-08-16 07:06:08.089,84.685,raise,-0.10624999999999996,0.5243750000000003
2026-08-16 07:06:08.099,84.695,raise,0.05750000000000033,0.5581250000000004
2026-08-16 07:06:08.109,84.705,raise,0.005625000000000213,0.556875
2026-08-16 07:06:08.119,84.715,raise,-0.044999999999999485,0.5212499999999998
2026-08-16 07:06:08.129,84.725,raise,0.06937500000000041,0.5693749999999997
2026-08-16 07:06:08.139,84.735,raise,-0.1100000000000001,0.5218750000000005
2026-08-16 07:06:08.149,84.745,raise,0.0506249999999997,0.5487500000000001
2026-08-16 07:06:08.159,84.755,raise,0.03249999999999975,0.5581250000000004
2026-08-16 07:06:08.169,84.765,raise,-0.02187500000000009,0.5174999999999996
2026-08-16 07:06:08.179,84.775,raise,0.07062499999999972,0.5618750000000006
2026-08-16 07:06:08.189,84.785,raise,-0.10687499999999961,0.51875
2026-08-16 07:06:08.199,84.795,raise,0.038124999999999964,0.5512499999999998
2026-08-16 07:06:08.209,84.805,raise,0.001875000000000071,0.5500000000000005
2026-08-16 07:06:08.219,84.815,raise,-0.043124999999999414,0.5231249999999998
2026-08-16 07:06:08.229,84.825,raise,0.07312500000000055,0.5637500000000006
2026-08-16 07:06:08.239,84.835,raise,-0.11624999999999996,0.5200000000000005
2026-08-16 07:06:08.249,84.845,raise,0.04874999999999963,0.5543750000000003
2026-08-16 07:06:08.259,84.855,raise,0.030000000000000027,0.5618750000000006
2026-08-16 07:06:08.269,84.865,raise,-0.014374999999999805,0.526875
