timestamp,elapsed_s,segment,roots_V,grounded_roots_V
2026-08-15 22:33:00.777,0.002,raise,-0.06687499999999957,-0.5874999999999997
2026-08-15 22:33:00.791,0.016,raise,-0.0462499999999999,-0.5843750000000003
2026-08-15 22:33:00.801,0.027,raise,0.06750000000000034,-0.4049999999999998
2026-08-15 22:33:00.811,0.037,raise,-0.0506249999999997,-0.5525000000000002
2026-08-15 22:33:00.821,0.047,raise,0.05125000000000046,-0.4806250000000001
2026-08-15 22:33:00.831,0.057,raise,0.06624999999999992,-0.4425000000000001
2026-08-15 22:33:00.841,0.067,raise,-0.004374999999999796,-0.5774999999999997
2026-08-15 22:33:00.851,0.077,raise,0.09375000000000022,-0.4049999999999998
2026-08-15 22:33:00.861,0.087,raise,-0.017500000000000293,-0.5599999999999994
2026-08-15 22:33:00.871,0.097,raise,0.05437499999999984,-0.4718749999999994
2026-08-15 22:33:00.881,0.107,raise,0.058749999999999636,-0.44875
2026-08-15 22:33:00.891,0.117,raise,-0.018124999999999947,-0.5681250000000004
2026-08-15 22:33:00.901,0.127,raise,0.08500000000000063,-0.4049999999999998
2026-08-15 22:33:00.911,0.137,raise,-0.04124999999999934,-0.5587500000000001
2026-08-15 22:33:00.921,0.147,raise,0.055000000000000604,-0.45937499999999964
2026-08-15 22:33:00.931,0.157,raise,0.06624999999999992,-0.44875
2026-08-15 22:33:00.941,0.167,raise,0.0012500000000004174,-0.5606250000000002
2026-08-15 22:33:00.951,0.177,raise,0.09187500000000015,-0.3993749999999996
2026-08-15 22:33:00.961,0.187,raise,-0.017500000000000293,-0.5618749999999995
2026-08-15 22:33:00.971,0.197,raise,0.06000000000000005,-0.4512499999999997
2026-08-15 22:33:00.981,0.207,raise,0.06062499999999971,-0.4237499999999994
2026-08-15 22:33:00.991,0.217,raise,-0.008124999999999938,-0.5493749999999997
2026-08-15 22:33:01.001,0.227,raise,0.09187500000000015,-0.39437500000000014
2026-08-15 22:33:01.011,0.237,raise,-0.033124999999999405,-0.5293749999999997
2026-08-15 22:33:01.021,0.247,raise,0.06500000000000061,-0.4400000000000004
2026-08-15 22:33:01.031,0.257,raise,0.06624999999999992,-0.42187499999999933
2026-08-15 22:33:01.041,0.267,raise,-0.022499999999999742,-0.5662500000000004
2026-08-15 22:33:01.051,0.277,raise,0.09500000000000064,-0.38874999999999993
2026-08-15 22:33:01.061,0.287,raise,-0.024374999999999813,-0.5343750000000003
2026-08-15 22:33:01.071,0.297,raise,0.06500000000000061,-0.43062500000000004
2026-08-15 22:33:01.081,0.307,raise,0.06062499999999971,-0.4237499999999994
2026-08-15 22:33:01.091,0.317,raise,-0.005625000000000213,-0.5562500000000004
2026-08-15 22:33:01.101,0.327,raise,0.09812500000000002,-0.38687499999999986
2026-08-15 22:33:01.111,0.337,raise,-0.014999999999999458,-0.5381250000000004
2026-08-15 22:33:01.121,0.347,raise,0.07000000000000006,-0.4556249999999995
2026-08-15 22:33:01.131,0.357,raise,0.06874999999999964,-0.4256249999999995
2026-08-15 22:33:01.141,0.367,raise,-0.019375000000000364,-0.5525000000000002
2026-08-15 22:33:01.151,0.377,raise,0.09312500000000057,-0.3893749999999996
2026-08-15 22:33:01.161,0.387,raise,-0.020000000000000018,-0.5431249999999999
2026-08-15 22:33:01.171,0.397,raise,0.06437499999999985,-0.44812500000000033
2026-08-15 22:33:01.181,0.407,raise,0.06000000000000005,-0.4337499999999994
2026-08-15 22:33:01.191,0.417,raise,-0.0031249999999993783,-0.5425000000000002
2026-08-15 22:33:01.201,0.427,raise,0.09812500000000002,-0.38437500000000013
2026-08-15 22:33:01.211,0.437,raise,-0.011249999999999316,-0.5443750000000003
2026-08-15 22:33:01.221,0.447,raise,0.07249999999999979,-0.43499999999999983
2026-08-15 22:33:01.231,0.457,raise,0.06500000000000061,-0.40312499999999973
2026-08-15 22:33:01.241,0.467,raise,-0.015625000000000222,-0.5393749999999997
2026-08-15 22:33:01.251,0.477,raise,0.09062499999999973,-0.38687499999999986
2026-08-15 22:33:01.261,0.487,raise,-0.02375000000000016,-0.5193749999999997
2026-08-15 22:33:01.271,0.497,raise,0.06437499999999985,-0.42874999999999996
2026-08-15 22:33:01.281,0.507,raise,0.07500000000000062,-0.4081250000000003
2026-08-15 22:33:01.291,0.517,raise,0.0050000000000005596,-0.5312499999999998
2026-08-15 22:33:01.301,0.527,raise,0.09624999999999995,-0.3762500000000002
2026-08-15 22:33:01.311,0.537,raise,-0.01187500000000008,-0.5206250000000001
2026-08-15 22:33:01.321,0.547,raise,0.07937500000000042,-0.42187499999999933
2026-08-15 22:33:01.331,0.557,raise,0.06624999999999992,-0.41312499999999974
2026-08-15 22:33:01.341,0.567,raise,-0.01187500000000008,-0.5518749999999994
2026-08-15 22:33:01.351,0.577,raise,0.09750000000000036,-0.3793749999999996
2026-08-15 22:33:01.361,0.587,raise,-0.026249999999999885,-0.5274999999999996
2026-08-15 22:33:01.371,0.597,raise,0.06687500000000068,-0.44937499999999964
2026-08-15 22:33:01.381,0.607,raise,0.07937500000000042,-0.41749999999999954
2026-08-15 22:33:01.391,0.617,raise,0.005625000000000213,-0.5449999999999999
2026-08-15 22:33:01.401,0.627,raise,0.10249999999999981,-0.3749999999999998
2026-08-15 22:33:01.411,0.637,raise,-0.012499999999999734,-0.5318749999999994
2026-08-15 22:33:01.421,0.647,raise,0.07937500000000042,-0.4400000000000004
2026-08-15 22:33:01.431,0.657,raise,0.06750000000000034,-0.42437500000000017
2026-08-15 22:33:01.441,0.667,raise,-0.010000000000000009,-0.5393749999999997
2026-08-15 22:33:01.451,0.677,raise,0.09624999999999995,-0.3774999999999995
2026-08-15 22:33:01.461,0.687,raise,-0.023124999999999396,-0.5362500000000003
2026-08-15 22:33:01.471,0.697,raise,0.07000000000000006,-0.4325000000000001
2026-08-15 22:33:01.481,0.707,raise,0.07562500000000028,-0.3962500000000002
2026-08-15 22:33:01.491,0.717,raise,0.0050000000000005596,-0.5331249999999998
2026-08-15 22:33:01.501,0.727,raise,0.09874999999999967,-0.37562499999999943
2026-08-15 22:33:01.511,0.737,raise,-0.013750000000000151,-0.5399999999999994
2026-08-15 22:33:01.521,0.747,raise,0.06000000000000005,-0.4256249999999995
2026-08-15 22:33:01.531,0.757,raise,0.06500000000000061,-0.3993749999999996
2026-08-15 22:33:01.541,0.767,raise,-0.004374999999999796,-0.5237499999999995
2026-08-15 22:33:01.551,0.777,raise,0.09812500000000002,-0.3731249999999997
2026-08-15 22:33:01.561,0.787,raise,-0.02062499999999967,-0.5112499999999998
2026-08-15 22:33:01.571,0.797,raise,0.06937500000000041,-0.4181250000000003
2026-08-15 22:33:01.581,0.807,raise,0.07624999999999993,-0.40437500000000015
2026-08-15 22:33:01.591,0.817,raise,0.011250000000000426,-0.5456249999999996
2026-08-15 22:33:01.601,0.827,raise,0.09874999999999967,-0.37000000000000033
2026-08-15 22:33:01.611,0.837,raise,-0.02062499999999967,-0.51875
2026-08-15 22:33:01.621,0.847,raise,0.06437499999999985,-0.4456249999999995
2026-08-15 22:33:01.631,0.857,raise,0.06000000000000005,-0.41000000000000036
2026-08-15 22:33:01.641,0.867,raise,-0.004999999999999449,-0.5381250000000004
2026-08-15 22:33:01.651,0.877,raise,0.10437499999999988,-0.36812500000000026
2026-08-15 22:33:01.661,0.887,raise,-0.028124999999999956,-0.5212499999999998
2026-08-15 22:33:01.671,0.897,raise,0.0737500000000002,-0.43749999999999956
2026-08-15 22:33:01.681,0.907,raise,0.07437499999999986,-0.4125000000000001
2026-08-15 22:33:01.691,0.917,raise,-0.021249999999999325,-0.536875
2026-08-15 22:33:01.701,0.927,raise,0.09812500000000002,-0.38000000000000034
2026-08-15 22:33:01.711,0.937,raise,-0.02062499999999967,-0.5299999999999994
2026-08-15 22:33:01.721,0.947,raise,0.06000000000000005,-0.4293749999999996
2026-08-15 22:33:01.731,0.957,raise,0.06312500000000054,-0.3918750000000004
2026-08-15 22:33:01.741,0.967,raise,-0.004999999999999449,-0.52875
2026-08-15 22:33:01.751,0.977,raise,0.0968749999999996,-0.3718750000000004
2026-08-15 22:33:01.761,0.987,raise,-0.006249999999999867,-0.5337499999999995
2026-08-15 22:33:01.771,0.997,raise,0.06937500000000041,-0.4225000000000001
2026-08-15 22:33:01.781,1.007,raise,0.07062499999999972,-0.39250000000000007
2026-08-15 22:33:01.791,1.017,raise,-0.014374999999999805,-0.5243750000000003
2026-08-15 22:33:01.801,1.027,raise,0.09812500000000002,-0.36687499999999984
2026-08-15 22:33:01.811,1.037,raise,-0.021249999999999325,-0.5043750000000002
2026-08-15 22:33:01.821,1.047,raise,0.06125000000000047,-0.41562499999999947
2026-08-15 22:33:01.831,1.057,raise,0.05750000000000033,-0.39874999999999994
2026-08-15 22:33:01.841,1.067,raise,0.0024999999999997247,-0.5431249999999999
2026-08-15 22:33:01.851,1.077,raise,0.09624999999999995,-0.3643750000000001
2026-08-15 22:33:01.861,1.087,raise,-0.01187500000000008,-0.5118749999999994
2026-08-15 22:33:01.871,1.097,raise,0.07500000000000062,-0.4093749999999996
2026-08-15 22:33:01.881,1.107,raise,0.06624999999999992,-0.40437500000000015
2026-08-15 22:33:01.891,1.117,raise,-0.012499999999999734,-0.5356249999999996
2026-08-15 22:33:01.901,1.127,raise,0.09500000000000064,-0.36687499999999984
2026-08-15 22:33:01.911,1.137,raise,-0.02562500000000023,-0.5181250000000004
2026-08-15 22:33:01.921,1.147,raise,0.06937500000000041,-0.4368749999999999
2026-08-15 22:33:01.931,1.157,raise,0.07500000000000062,-0.410625
2026-08-15 22:33:01.941,1.167,raise,-0.0006249999999996536,-0.5331249999999998
2026-08-15 22:33:01.951,1.177,raise,0.0956250000000003,-0.3718750000000004
2026-08-15 22:33:01.961,1.187,raise,-0.012499999999999734,-0.5231249999999998
2026-08-15 22:33:01.971,1.197,raise,0.07750000000000035,-0.43187499999999934
2026-08-15 22:33:01.981,1.207,raise,0.07125000000000048,-0.4149999999999998
2026-08-15 22:33:01.991,1.217,raise,-0.013750000000000151,-0.526875
2026-08-15 22:33:02.001,1.227,raise,0.09812500000000002,-0.3718750000000004
2026-08-15 22:33:02.011,1.237,raise,-0.024999999999999467,-0.526875
2026-08-15 22:33:02.021,1.247,raise,0.06312500000000054,-0.4256249999999995
2026-08-15 22:33:02.031,1.257,raise,0.07750000000000035,-0.39000000000000035
2026-08-15 22:33:02.041,1.267,raise,-0.0006249999999996536,-0.5225000000000002
2026-08-15 22:33:02.051,1.277,raise,0.09375000000000022,-0.36687499999999984
2026-08-15 22:33:02.061,1.287,raise,-0.014999999999999458,-0.5006250000000001
2026-08-15 22:33:02.071,1.297,raise,0.07187500000000013,-0.4181250000000003
2026-08-15 22:33:02.081,1.307,raise,0.06750000000000034,-0.3937499999999994
2026-08-15 22:33:02.091,1.317,raise,-0.008749999999999591,-0.516875
2026-08-15 22:33:02.101,1.327,raise,0.0956250000000003,-0.36499999999999977
2026-08-15 22:33:02.111,1.337,raise,-0.026874999999999538,-0.5062500000000003
2026-08-15 22:33:02.121,1.347,raise,0.06437499999999985,-0.4118749999999993
2026-08-15 22:33:02.131,1.357,raise,0.07249999999999979,-0.400625
2026-08-15 22:33:02.141,1.367,raise,0.004374999999999796,-0.5356249999999996
2026-08-15 22:33:02.151,1.377,raise,0.09500000000000064,-0.3674999999999995
2026-08-15 22:33:02.161,1.387,raise,-0.02062499999999967,-0.5118749999999994
2026-08-15 22:33:02.171,1.397,raise,0.05812499999999998,-0.4368749999999999
2026-08-15 22:33:02.181,1.407,raise,0.058749999999999636,-0.40437500000000015
2026-08-15 22:33:02.191,1.417,raise,-0.009375000000000355,-0.5325000000000002
2026-08-15 22:33:02.201,1.427,raise,0.0956250000000003,-0.3643750000000001
2026-08-15 22:33:02.211,1.437,raise,-0.02562500000000023,-0.51875
2026-08-15 22:33:02.221,1.447,raise,0.07312500000000055,-0.43312499999999976
2026-08-15 22:33:02.231,1.457,raise,0.07437499999999986,-0.4081250000000003
2026-08-15 22:33:02.241,1.467,raise,-0.026249999999999885,-0.526875
2026-08-15 22:33:02.251,1.477,raise,0.09624999999999995,-0.3718750000000004
2026-08-15 22:33:02.261,1.487,raise,-0.024374999999999813,-0.5256249999999996
2026-08-15 22:33:02.271,1.497,raise,0.05812499999999998,-0.4212499999999997
2026-08-15 22:33:02.281,1.507,raise,0.05562500000000026,-0.3874999999999995
2026-08-15 22:33:02.291,1.517,raise,-0.009375000000000355,-0.5237499999999995
2026-08-15 22:33:02.301,1.527,raise,0.09874999999999967,-0.36687499999999984
2026-08-15 22:33:02.311,1.537,raise,-0.033124999999999405,-0.49687499999999996
2026-08-15 22:33:02.321,1.547,raise,0.07187500000000013,-0.41625000000000023
2026-08-15 22:33:02.331,1.557,raise,0.07125000000000048,-0.39250000000000007
2026-08-15 22:33:02.341,1.567,raise,-0.02187500000000009,-0.5156249999999996
2026-08-15 22:33:02.351,1.577,raise,0.0968749999999996,-0.36374999999999935
2026-08-15 22:33:02.361,1.587,raise,-0.023124999999999396,-0.5018749999999994
2026-08-15 22:33:02.371,1.597,raise,0.058749999999999636,-0.410625
2026-08-15 22:33:02.381,1.607,raise,0.058749999999999636,-0.39562499999999945
2026-08-15 22:33:02.391,1.617,raise,-0.009375000000000355,-0.5356249999999996
2026-08-15 22:33:02.401,1.627,raise,0.0912500000000005,-0.3643750000000001
2026-08-15 22:33:02.411,1.637,raise,-0.013124999999999387,-0.5093749999999997
2026-08-15 22:33:02.421,1.647,raise,0.06687500000000068,-0.43749999999999956
2026-08-15 22:33:02.431,1.657,raise,0.06812499999999999,-0.39874999999999994
2026-08-15 22:33:02.441,1.667,raise,-0.013750000000000151,-0.5312499999999998
2026-08-15 22:33:02.451,1.677,raise,0.0912500000000005,-0.3600000000000003
2026-08-15 22:33:02.461,1.687,raise,-0.022499999999999742,-0.5143750000000002
2026-08-15 22:33:02.471,1.697,raise,0.06437499999999985,-0.4312499999999997
2026-08-15 22:33:02.481,1.707,raise,0.05249999999999977,-0.40749999999999953
2026-08-15 22:33:02.491,1.717,raise,-0.003750000000000142,-0.5281250000000004
2026-08-15 22:33:02.501,1.727,raise,0.09437499999999988,-0.3674999999999995
2026-08-15 22:33:02.511,1.737,raise,-0.020000000000000018,-0.5237499999999995
2026-08-15 22:33:02.521,1.747,raise,0.07312500000000055,-0.4293749999999996
2026-08-15 22:33:02.531,1.757,raise,0.06249999999999978,-0.3881250000000003
2026-08-15 22:33:02.541,1.767,raise,-0.01687499999999953,-0.5249999999999999
2026-08-15 22:33:02.551,1.777,raise,0.09375000000000022,-0.3643750000000001
2026-08-15 22:33:02.561,1.787,raise,-0.031249999999999334,-0.526875
2026-08-15 22:33:02.571,1.797,raise,0.06624999999999992,-0.4181250000000003
2026-08-15 22:33:02.581,1.807,raise,0.07562500000000028,-0.390625
2026-08-15 22:33:02.591,1.817,raise,-0.001875000000000071,-0.5181250000000004
2026-08-15 22:33:02.601,1.827,raise,0.09624999999999995,-0.36687499999999984
2026-08-15 22:33:02.611,1.837,raise,-0.0187499999999996,-0.5012499999999998
2026-08-15 22:33:02.621,1.847,raise,0.07000000000000006,-0.41625000000000023
2026-08-15 22:33:02.631,1.857,raise,0.06062499999999971,-0.39687499999999987
2026-08-15 22:33:02.641,1.867,raise,-0.018124999999999947,-0.5349999999999999
2026-08-15 22:33:02.651,1.877,raise,0.09062499999999973,-0.36250000000000004
2026-08-15 22:33:02.661,1.887,raise,-0.026874999999999538,-0.5081250000000004
2026-08-15 22:33:02.671,1.897,raise,0.06500000000000061,-0.40562499999999946
2026-08-15 22:33:02.681,1.907,raise,0.07624999999999993,-0.3993749999999996
2026-08-15 22:33:02.691,1.917,raise,-0.0024999999999997247,-0.5299999999999994
2026-08-15 22:33:02.701,1.927,raise,0.09437499999999988,-0.36374999999999935
2026-08-15 22:33:02.711,1.937,raise,-0.02062499999999967,-0.5125000000000002
2026-08-15 22:33:02.721,1.947,raise,0.07125000000000048,-0.43312499999999976
2026-08-15 22:33:02.731,1.957,raise,0.06249999999999978,-0.40437500000000015
2026-08-15 22:33:02.741,1.967,raise,-0.012499999999999734,-0.5256249999999996
2026-08-15 22:33:02.751,1.977,raise,0.09000000000000008,-0.36812500000000026
2026-08-15 22:33:02.761,1.987,raise,-0.027500000000000302,-0.5174999999999996
2026-08-15 22:33:02.771,1.997,raise,0.0637500000000002,-0.42874999999999996
2026-08-15 22:33:02.781,2.007,raise,0.07125000000000048,-0.410625
2026-08-15 22:33:02.791,2.017,raise,0.004374999999999796,-0.5225000000000002
2026-08-15 22:33:02.801,2.027,raise,0.09312500000000057,-0.36687499999999984
2026-08-15 22:33:02.811,2.037,raise,-0.02187500000000009,-0.5237499999999995
2026-08-15 22:33:02.821,2.047,raise,0.05437499999999984,-0.420625
2026-08-15 22:33:02.831,2.057,raise,0.05437499999999984,-0.39250000000000007
2026-08-15 22:33:02.841,2.067,raise,-0.010624999999999662,-0.5162500000000003
2026-08-15 22:33:02.851,2.077,raise,0.0924999999999998,-0.36499999999999977
2026-08-15 22:33:02.861,2.087,raise,-0.030000000000000027,-0.4962500000000003
2026-08-15 22:33:02.871,2.097,raise,0.06437499999999985,-0.4118749999999993
2026-08-15 22:33:02.881,2.107,raise,0.06562500000000027,-0.3937499999999994
2026-08-15 22:33:02.891,2.117,raise,0.007500000000000284,-0.5106250000000001
2026-08-15 22:33:02.901,2.127,raise,0.09375000000000022,-0.3618750000000004
2026-08-15 22:33:02.911,2.137,raise,-0.027500000000000302,-0.5031249999999998
2026-08-15 22:33:02.921,2.147,raise,0.0593750000000004,-0.40749999999999953
2026-08-15 22:33:02.931,2.157,raise,0.051875000000000115,-0.3974999999999995
2026-08-15 22:33:02.941,2.167,raise,-0.012499999999999734,-0.5299999999999994
2026-08-15 22:33:02.951,2.177,raise,0.09375000000000022,-0.3612499999999996
2026-08-15 22:33:02.961,2.187,raise,-0.03624999999999989,-0.5093749999999997
2026-08-15 22:33:02.971,2.197,raise,0.06874999999999964,-0.4325000000000001
2026-08-15 22:33:02.981,2.207,raise,0.06937500000000041,-0.40312499999999973
2026-08-15 22:33:02.991,2.217,raise,-0.024999999999999467,-0.5274999999999996
2026-08-15 22:33:03.001,2.227,raise,0.0924999999999998,-0.36250000000000004
2026-08-15 22:33:03.011,2.237,raise,-0.024374999999999813,-0.5156249999999996
2026-08-15 22:33:03.021,2.247,raise,0.05812499999999998,-0.4312499999999997
2026-08-15 22:33:03.031,2.257,raise,0.05624999999999991,-0.410625
2026-08-15 22:33:03.041,2.267,raise,-0.011249999999999316,-0.5225000000000002
2026-08-15 22:33:03.051,2.277,raise,0.08937500000000043,-0.36687499999999984
2026-08-15 22:33:03.061,2.287,raise,-0.014999999999999458,-0.5218749999999994
2026-08-15 22:33:03.071,2.297,raise,0.06500000000000061,-0.41874999999999996
2026-08-15 22:33:03.081,2.307,raise,0.06500000000000061,-0.39124999999999965
2026-08-15 22:33:03.091,2.317,raise,-0.019375000000000364,-0.51875
2026-08-15 22:33:03.101,2.327,raise,0.0912500000000005,-0.36687499999999984
2026-08-15 22:33:03.111,2.337,raise,-0.024374999999999813,-0.49562499999999954
2026-08-15 22:33:03.121,2.347,raise,0.06000000000000005,-0.410625
2026-08-15 22:33:03.131,2.357,raise,0.05312500000000053,-0.3918750000000004
2026-08-15 22:33:03.141,2.367,raise,-0.004999999999999449,-0.5106250000000001
2026-08-15 22:33:03.151,2.377,raise,0.08937500000000043,-0.3643750000000001
2026-08-15 22:33:03.161,2.387,raise,-0.0187499999999996,-0.5043750000000002
2026-08-15 22:33:03.171,2.397,raise,0.06500000000000061,-0.410625
2026-08-15 22:33:03.181,2.407,raise,0.06062499999999971,-0.39687499999999987
2026-08-15 22:33:03.191,2.417,raise,-0.019375000000000364,-0.5349999999999999
2026-08-15 22:33:03.201,2.427,raise,0.09000000000000008,-0.3618750000000004
2026-08-15 22:33:03.211,2.437,raise,-0.026874999999999538,-0.50875
2026-08-15 22:33:03.221,2.447,raise,0.0637500000000002,-0.42874999999999996
2026-08-15 22:33:03.231,2.457,raise,0.07624999999999993,-0.4018750000000004
2026-08-15 22:33:03.241,2.467,raise,-0.0012500000000004174,-0.52875
2026-08-15 22:33:03.251,2.477,raise,0.09375000000000022,-0.36499999999999977
2026-08-15 22:33:03.261,2.487,raise,-0.02187500000000009,-0.516875
2026-08-15 22:33:03.271,2.497,raise,0.07187500000000013,-0.4249999999999998
2026-08-15 22:33:03.281,2.507,raise,0.05812499999999998,-0.40874999999999995
2026-08-15 22:33:03.291,2.517,raise,-0.020000000000000018,-0.5243750000000003
2026-08-15 22:33:03.301,2.527,raise,0.08937500000000043,-0.3662500000000002
2026-08-15 22:33:03.311,2.537,raise,-0.03249999999999975,-0.5218749999999994
2026-08-15 22:33:03.321,2.547,raise,0.06249999999999978,-0.41874999999999996
2026-08-15 22:33:03.331,2.557,raise,0.07125000000000048,-0.3862500000000002
2026-08-15 22:33:03.341,2.567,raise,-0.001875000000000071,-0.5174999999999996
2026-08-15 22:33:03.351,2.577,raise,0.09187500000000015,-0.36250000000000004
2026-08-15 22:33:03.361,2.587,raise,-0.022499999999999742,-0.5243750000000003
2026-08-15 22:33:03.371,2.597,raise,0.07249999999999979,-0.4137499999999994
2026-08-15 22:33:03.381,2.607,raise,0.058749999999999636,-0.38874999999999993
2026-08-15 22:33:03.391,2.617,raise,-0.017500000000000293,-0.5125000000000002
2026-08-15 22:33:03.401,2.627,raise,0.08812500000000001,-0.3643750000000001
2026-08-15 22:33:03.411,2.637,raise,-0.033124999999999405,-0.5037499999999995
2026-08-15 22:33:03.421,2.647,raise,0.061875000000000124,-0.41000000000000036
2026-08-15 22:33:03.431,2.657,raise,0.06874999999999964,-0.39687499999999987
2026-08-15 22:33:03.441,2.667,raise,0.0,-0.536875
2026-08-15 22:33:03.451,2.677,raise,0.0924999999999998,-0.36374999999999935
2026-08-15 22:33:03.461,2.687,raise,-0.019375000000000364,-0.5099999999999993
2026-08-15 22:33:03.471,2.697,raise,0.051875000000000115,-0.4049999999999998
2026-08-15 22:33:03.481,2.707,raise,0.05437499999999984,-0.400625
2026-08-15 22:33:03.491,2.717,raise,-0.014374999999999805,-0.5318749999999994
2026-08-15 22:33:03.501,2.727,raise,0.08687499999999959,-0.36374999999999935
2026-08-15 22:33:03.511,2.737,raise,-0.031249999999999334,-0.516875
2026-08-15 22:33:03.521,2.747,raise,0.06249999999999978,-0.4256249999999995
2026-08-15 22:33:03.531,2.757,raise,0.06874999999999964,-0.410625
2026-08-15 22:33:03.541,2.767,raise,-0.023124999999999396,-0.526875
2026-08-15 22:33:03.551,2.777,raise,0.09187500000000015,-0.3656249999999994
2026-08-15 22:33:03.561,2.787,raise,-0.02562500000000023,-0.5193749999999997
2026-08-15 22:33:03.571,2.797,raise,0.05750000000000033,-0.42437500000000017
2026-08-15 22:33:03.581,2.807,raise,0.05249999999999977,-0.41312499999999974
2026-08-15 22:33:03.591,2.817,raise,-0.008124999999999938,-0.5199999999999994
2026-08-15 22:33:03.601,2.827,raise,0.08687499999999959,-0.36499999999999977
2026-08-15 22:33:03.611,2.837,raise,-0.034999999999999476,-0.5249999999999999
2026-08-15 22:33:03.621,2.847,raise,0.06874999999999964,-0.41562499999999947
2026-08-15 22:33:03.631,2.857,raise,0.06624999999999992,-0.39000000000000035
2026-08-15 22:33:03.641,2.867,raise,-0.02562500000000023,-0.5156249999999996
2026-08-15 22:33:03.651,2.877,raise,0.09375000000000022,-0.3631249999999997
2026-08-15 22:33:03.661,2.887,raise,-0.027500000000000302,-0.49875
2026-08-15 22:33:03.671,2.897,raise,0.06125000000000047,-0.41000000000000036
2026-08-15 22:33:03.681,2.907,raise,0.05125000000000046,-0.39437500000000014
2026-08-15 22:33:03.691,2.917,raise,-0.010624999999999662,-0.5118749999999994
2026-08-15 22:33:03.701,2.927,raise,0.0912500000000005,-0.36250000000000004
2026-08-15 22:33:03.711,2.937,raise,-0.018124999999999947,-0.5093749999999997
2026-08-15 22:33:03.721,2.947,raise,0.06562500000000027,-0.4049999999999998
2026-08-15 22:33:03.731,2.957,raise,0.06125000000000047,-0.40000000000000036
2026-08-15 22:33:03.741,2.967,raise,-0.022499999999999742,-0.5331249999999998
2026-08-15 22:33:03.751,2.977,raise,0.0924999999999998,-0.3656249999999994
2026-08-15 22:33:03.761,2.987,raise,-0.029375000000000373,-0.5137499999999995
2026-08-15 22:33:03.771,2.997,raise,0.058749999999999636,-0.43062500000000004
2026-08-15 22:33:03.781,3.007,raise,0.04937500000000039,-0.4081250000000003
2026-08-15 22:33:03.791,3.017,raise,-0.0031249999999993783,-0.52875
2026-08-15 22:33:03.801,3.027,raise,0.09187500000000015,-0.3656249999999994
2026-08-15 22:33:03.811,3.037,raise,-0.018124999999999947,-0.5174999999999996
2026-08-15 22:33:03.821,3.047,raise,0.06750000000000034,-0.42437500000000017
2026-08-15 22:33:03.831,3.057,raise,0.06062499999999971,-0.41437500000000016
2026-08-15 22:33:03.841,3.067,raise,-0.0187499999999996,-0.5231249999999998
2026-08-15 22:33:03.851,3.077,raise,0.08937500000000043,-0.3687499999999999
2026-08-15 22:33:03.861,3.087,raise,-0.028124999999999956,-0.5274999999999996
2026-08-15 22:33:03.871,3.097,raise,0.06062499999999971,-0.41562499999999947
2026-08-15 22:33:03.881,3.107,raise,0.07249999999999979,-0.3874999999999995
2026-08-15 22:33:03.891,3.117,raise,0.0,-0.5174999999999996
2026-08-15 22:33:03.901,3.127,raise,0.0924999999999998,-0.36374999999999935
2026-08-15 22:33:03.911,3.137,raise,-0.02062499999999967,-0.49999999999999933
2026-08-15 22:33:03.921,3.147,raise,0.06812499999999999,-0.4149999999999998
2026-08-15 22:33:03.931,3.157,raise,0.058749999999999636,-0.3962500000000002
2026-08-15 22:33:03.941,3.167,raise,-0.01687499999999953,-0.5118749999999994
2026-08-15 22:33:03.951,3.177,raise,0.08562500000000028,-0.36250000000000004
2026-08-15 22:33:03.961,3.187,raise,-0.031249999999999334,-0.5062500000000003
2026-08-15 22:33:03.971,3.197,raise,0.06125000000000047,-0.40749999999999953
2026-08-15 22:33:03.981,3.207,raise,0.06874999999999964,-0.4025000000000001
2026-08-15 22:33:03.991,3.217,raise,0.0006249999999996536,-0.5381250000000004
2026-08-15 22:33:04.001,3.227,raise,0.09000000000000008,-0.3631249999999997
2026-08-15 22:33:04.011,3.237,raise,-0.02375000000000016,-0.5125000000000002
2026-08-15 22:33:04.021,3.247,raise,0.07437499999999986,-0.4356249999999995
2026-08-15 22:33:04.031,3.257,raise,0.05750000000000033,-0.40749999999999953
2026-08-15 22:33:04.041,3.267,raise,-0.010624999999999662,-0.5325000000000002
2026-08-15 22:33:04.051,3.277,raise,0.08874999999999966,-0.36374999999999935
2026-08-15 22:33:04.061,3.287,raise,-0.03375000000000017,-0.51875
2026-08-15 22:33:04.071,3.297,raise,0.06500000000000061,-0.4312499999999997
2026-08-15 22:33:04.081,3.307,raise,0.06812499999999999,-0.41625000000000023
2026-08-15 22:33:04.091,3.317,raise,0.003750000000000142,-0.526875
2026-08-15 22:33:04.101,3.327,raise,0.09000000000000008,-0.3674999999999995
2026-08-15 22:33:04.111,3.337,raise,-0.02562500000000023,-0.5249999999999999
2026-08-15 22:33:04.121,3.347,raise,0.05562500000000026,-0.42312499999999975
2026-08-15 22:33:04.131,3.357,raise,0.05249999999999977,-0.3918750000000004
2026-08-15 22:33:04.141,3.367,raise,-0.010000000000000009,-0.5206250000000001
2026-08-15 22:33:04.151,3.377,raise,0.09062499999999973,-0.36687499999999984
2026-08-15 22:33:04.161,3.387,raise,-0.0318750000000001,-0.5293749999999997
2026-08-15 22:33:04.171,3.397,raise,0.06437499999999985,-0.41749999999999954
2026-08-15 22:33:04.181,3.407,raise,0.06874999999999964,-0.3931249999999997
2026-08-15 22:33:04.191,3.417,raise,-0.027500000000000302,-0.5156249999999996
2026-08-15 22:33:04.201,3.427,raise,0.09187500000000015,-0.36812500000000026
2026-08-15 22:33:04.211,3.437,raise,-0.024999999999999467,-0.5037499999999995
2026-08-15 22:33:04.221,3.447,raise,0.05562500000000026,-0.40749999999999953
2026-08-15 22:33:04.231,3.457,raise,0.05437499999999984,-0.40124999999999966
2026-08-15 22:33:04.241,3.467,raise,-0.008749999999999591,-0.5374999999999996
2026-08-15 22:33:04.251,3.477,raise,0.09312500000000057,-0.36374999999999935
2026-08-15 22:33:04.261,3.487,raise,-0.03562500000000024,-0.5112499999999998
2026-08-15 22:33:04.271,3.497,raise,0.06437499999999985,-0.40562499999999946
2026-08-15 22:33:04.281,3.507,raise,0.06624999999999992,-0.4018750000000004
2026-08-15 22:33:04.291,3.517,raise,-0.02562500000000023,-0.5374999999999996
2026-08-15 22:33:04.301,3.527,raise,0.0924999999999998,-0.36374999999999935
2026-08-15 22:33:04.311,3.537,raise,-0.028124999999999956,-0.5206250000000001
2026-08-15 22:33:04.321,3.547,raise,0.055000000000000604,-0.43187499999999934
2026-08-15 22:33:04.331,3.557,raise,0.05249999999999977,-0.4118749999999993
2026-08-15 22:33:04.341,3.567,raise,-0.007500000000000284,-0.52875
2026-08-15 22:33:04.351,3.577,raise,0.09062499999999973,-0.36812500000000026
2026-08-15 22:33:04.361,3.587,raise,-0.014374999999999805,-0.5243750000000003
2026-08-15 22:33:04.371,3.597,raise,0.06874999999999964,-0.42749999999999955
2026-08-15 22:33:04.381,3.607,raise,0.06500000000000061,-0.4200000000000004
2026-08-15 22:33:04.391,3.617,raise,-0.01687499999999953,-0.5256249999999996
2026-08-15 22:33:04.401,3.627,raise,0.09062499999999973,-0.3674999999999995
2026-08-15 22:33:04.411,3.637,raise,-0.030000000000000027,-0.5281250000000004
2026-08-15 22:33:04.421,3.647,raise,0.0593750000000004,-0.4193749999999996
2026-08-15 22:33:04.431,3.657,raise,0.07125000000000048,-0.390625
2026-08-15 22:33:04.441,3.667,raise,-0.003750000000000142,-0.51875
2026-08-15 22:33:04.451,3.677,raise,0.08687499999999959,-0.36499999999999977
2026-08-15 22:33:04.461,3.687,raise,-0.020000000000000018,-0.5006250000000001
2026-08-15 22:33:04.471,3.697,raise,0.06937500000000041,-0.41437500000000016
2026-08-15 22:33:04.481,3.707,raise,0.058749999999999636,-0.39437500000000014
2026-08-15 22:33:04.491,3.717,raise,-0.014999999999999458,-0.536875
2026-08-15 22:33:04.501,3.727,raise,0.09187500000000015,-0.36374999999999935
2026-08-15 22:33:04.511,3.737,raise,-0.0318750000000001,-0.5099999999999993
2026-08-15 22:33:04.521,3.747,raise,0.06125000000000047,-0.40874999999999995
2026-08-15 22:33:04.531,3.757,raise,0.07000000000000006,-0.4018750000000004
2026-08-15 22:33:04.541,3.767,raise,-0.001875000000000071,-0.5374999999999996
2026-08-15 22:33:04.551,3.777,raise,0.09062499999999973,-0.3687499999999999
2026-08-15 22:33:04.561,3.787,raise,-0.023124999999999396,-0.516875
2026-08-15 22:33:04.571,3.797,raise,0.07437499999999986,-0.4356249999999995
2026-08-15 22:33:04.581,3.807,raise,0.058749999999999636,-0.40749999999999953
2026-08-15 22:33:04.591,3.817,raise,-0.016249999999999876,-0.5306250000000001
2026-08-15 22:33:04.601,3.827,raise,0.09062499999999973,-0.37124999999999964
2026-08-15 22:33:04.611,3.837,raise,-0.03375000000000017,-0.5225000000000002
2026-08-15 22:33:04.621,3.847,raise,0.06312500000000054,-0.4325000000000001
2026-08-15 22:33:04.631,3.857,raise,0.07125000000000048,-0.41625000000000023
2026-08-15 22:33:04.641,3.867,raise,-0.0012500000000004174,-0.526875
2026-08-15 22:33:04.651,3.877,raise,0.0912500000000005,-0.3749999999999998
2026-08-15 22:33:04.661,3.887,raise,-0.026249999999999885,-0.5293749999999997
2026-08-15 22:33:04.671,3.897,raise,0.07187500000000013,-0.42187499999999933
2026-08-15 22:33:04.681,3.907,raise,0.055000000000000604,-0.3937499999999994
2026-08-15 22:33:04.691,3.917,raise,-0.014999999999999458,-0.5243750000000003
2026-08-15 22:33:04.701,3.927,raise,0.08874999999999966,-0.3687499999999999
2026-08-15 22:33:04.711,3.937,raise,-0.03249999999999975,-0.4993749999999997
2026-08-15 22:33:04.721,3.947,raise,0.06000000000000005,-0.4200000000000004
2026-08-15 22:33:04.731,3.957,raise,0.06750000000000034,-0.3962500000000002
2026-08-15 22:33:04.741,3.967,raise,-0.001875000000000071,-0.5162500000000003
2026-08-15 22:33:04.751,3.977,raise,0.09000000000000008,-0.36687499999999984
2026-08-15 22:33:04.761,3.987,raise,-0.02375000000000016,-0.50875
2026-08-15 22:33:04.771,3.997,raise,0.05312500000000053,-0.4118749999999993
2026-08-15 22:33:04.781,4.007,raise,0.055000000000000604,-0.4049999999999998
2026-08-15 22:33:04.791,4.017,raise,-0.01187500000000008,-0.5374999999999996
2026-08-15 22:33:04.801,4.027,raise,0.09000000000000008,-0.36812500000000026
2026-08-15 22:33:04.811,4.037,raise,-0.03062499999999968,-0.5118749999999994
2026-08-15 22:33:04.821,4.047,raise,0.06437499999999985,-0.4325000000000001
2026-08-15 22:33:04.831,4.057,raise,0.06624999999999992,-0.4049999999999998
2026-08-15 22:33:04.841,4.067,raise,-0.022499999999999742,-0.5299999999999994
2026-08-15 22:33:04.851,4.077,raise,0.08687499999999959,-0.3643750000000001
2026-08-15 22:33:04.861,4.087,raise,-0.02562500000000023,-0.5199999999999994
2026-08-15 22:33:04.871,4.097,raise,0.05750000000000033,-0.4293749999999996
2026-08-15 22:33:04.881,4.107,raise,0.04812499999999997,-0.4125000000000001
2026-08-15 22:33:04.891,4.117,raise,-0.007500000000000284,-0.52875
2026-08-15 22:33:04.901,4.127,raise,0.08874999999999966,-0.37124999999999964
2026-08-15 22:33:04.911,4.137,raise,-0.03624999999999989,-0.5262500000000003
2026-08-15 22:33:04.921,4.147,raise,0.06937500000000041,-0.4249999999999998
2026-08-15 22:33:04.931,4.157,raise,0.0593750000000004,-0.39250000000000007
2026-08-15 22:33:04.941,4.167,raise,-0.02187500000000009,-0.5249999999999999
2026-08-15 22:33:04.951,4.177,raise,0.08812500000000001,-0.37124999999999964
2026-08-15 22:33:04.961,4.187,raise,-0.03249999999999975,-0.5337499999999995
2026-08-15 22:33:04.971,4.197,raise,0.06000000000000005,-0.42312499999999975
2026-08-15 22:33:04.981,4.207,raise,0.04750000000000032,-0.4018750000000004
2026-08-15 22:33:04.991,4.217,raise,-0.007500000000000284,-0.5206250000000001
2026-08-15 22:33:05.001,4.227,raise,0.0924999999999998,-0.3687499999999999
2026-08-15 22:33:05.011,4.237,raise,-0.017500000000000293,-0.5093749999999997
2026-08-15 22:33:05.021,4.247,raise,0.07000000000000006,-0.41562499999999947
2026-08-15 22:33:05.031,4.257,raise,0.06437499999999985,-0.4025000000000001
2026-08-15 22:33:05.041,4.267,raise,-0.018124999999999947,-0.5387500000000001
2026-08-15 22:33:05.051,4.277,raise,0.0924999999999998,-0.37000000000000033
2026-08-15 22:33:05.061,4.287,raise,-0.031249999999999334,-0.5143750000000002
2026-08-15 22:33:05.071,4.297,raise,0.05812499999999998,-0.41124999999999967
2026-08-15 22:33:05.081,4.307,raise,0.07062499999999972,-0.4081250000000003
2026-08-15 22:33:05.091,4.317,raise,-0.006249999999999867,-0.536875
2026-08-15 22:33:05.101,4.327,raise,0.0924999999999998,-0.3718750000000004
2026-08-15 22:33:05.111,4.337,raise,-0.021249999999999325,-0.5206250000000001
2026-08-15 22:33:05.121,4.347,raise,0.06812499999999999,-0.4343750000000002
2026-08-15 22:33:05.131,4.357,raise,0.06062499999999971,-0.4125000000000001
2026-08-15 22:33:05.141,4.367,raise,-0.018124999999999947,-0.5293749999999997
2026-08-15 22:33:05.151,4.377,raise,0.09187500000000015,-0.3774999999999995
2026-08-15 22:33:05.161,4.387,raise,-0.029375000000000373,-0.5281250000000004
2026-08-15 22:33:05.171,4.397,raise,0.06125000000000047,-0.4281250000000003
2026-08-15 22:33:05.181,4.407,raise,0.06874999999999964,-0.3937499999999994
2026-08-15 22:33:05.191,4.417,raise,-0.004374999999999796,-0.52875
2026-08-15 22:33:05.201,4.427,raise,0.08874999999999966,-0.3743750000000001
2026-08-15 22:33:05.211,4.437,raise,-0.02187500000000009,-0.5312499999999998
2026-08-15 22:33:05.221,4.447,raise,0.06812499999999999,-0.4249999999999998
2026-08-15 22:33:05.231,4.457,raise,0.05812499999999998,-0.3974999999999995
2026-08-15 22:33:05.241,4.467,raise,-0.013750000000000151,-0.51875
2026-08-15 22:33:05.251,4.477,raise,0.08562500000000028,-0.37250000000000005
2026-08-15 22:33:05.261,4.487,raise,-0.03062499999999968,-0.5074999999999996
2026-08-15 22:33:05.271,4.497,raise,0.06500000000000061,-0.41749999999999954
2026-08-15 22:33:05.281,4.507,raise,0.06937500000000041,-0.4018750000000004
2026-08-15 22:33:05.291,4.517,raise,0.0031250000000004885,-0.5399999999999994
2026-08-15 22:33:05.301,4.527,raise,0.08687499999999959,-0.3731249999999997
2026-08-15 22:33:05.311,4.537,raise,-0.02562500000000023,-0.5125000000000002
2026-08-15 22:33:05.321,4.547,raise,0.06937500000000041,-0.4125000000000001
2026-08-15 22:33:05.331,4.557,raise,0.0506249999999997,-0.40749999999999953
2026-08-15 22:33:05.341,4.567,raise,-0.014999999999999458,-0.5374999999999996
2026-08-15 22:33:05.351,4.577,raise,0.08874999999999966,-0.36687499999999984
2026-08-15 22:33:05.361,4.587,raise,-0.0318750000000001,-0.5206250000000001
2026-08-15 22:33:05.371,4.597,raise,0.06687500000000068,-0.43187499999999934
2026-08-15 22:33:05.381,4.607,raise,0.06687500000000068,-0.4093749999999996
2026-08-15 22:33:05.391,4.617,raise,0.005625000000000213,-0.526875
2026-08-15 22:33:05.401,4.627,raise,0.09062499999999973,-0.37250000000000005
2026-08-15 22:33:05.411,4.637,raise,-0.027500000000000302,-0.5206250000000001
2026-08-15 22:33:05.421,4.647,raise,0.056875000000000675,-0.43187499999999934
2026-08-15 22:33:05.431,4.657,raise,0.05249999999999977,-0.4181250000000003
2026-08-15 22:33:05.441,4.667,raise,-0.014374999999999805,-0.526875
2026-08-15 22:33:05.451,4.677,raise,0.09187500000000015,-0.37250000000000005
2026-08-15 22:33:05.461,4.687,raise,-0.03687499999999955,-0.5262500000000003
2026-08-15 22:33:05.471,4.697,raise,0.06437499999999985,-0.4193749999999996
2026-08-15 22:33:05.481,4.707,raise,0.06562500000000027,-0.3931249999999997
2026-08-15 22:33:05.491,4.717,raise,-0.023124999999999396,-0.5162500000000003
2026-08-15 22:33:05.501,4.727,raise,0.0924999999999998,-0.3643750000000001
2026-08-15 22:33:05.511,4.737,raise,-0.026874999999999538,-0.49875
2026-08-15 22:33:05.521,4.747,raise,0.05750000000000033,-0.410625
2026-08-15 22:33:05.531,4.757,raise,0.04874999999999963,-0.3937499999999994
2026-08-15 22:33:05.541,4.767,raise,-0.010000000000000009,-0.5131249999999998
2026-08-15 22:33:05.551,4.777,raise,0.08812500000000001,-0.3674999999999995
2026-08-15 22:33:05.561,4.787,raise,-0.03687499999999955,-0.5093749999999997
2026-08-15 22:33:05.571,4.797,raise,0.0593750000000004,-0.40749999999999953
2026-08-15 22:33:05.581,4.807,raise,0.06000000000000005,-0.4062500000000002
2026-08-15 22:33:05.591,4.817,raise,-0.026249999999999885,-0.5337499999999995
2026-08-15 22:33:05.601,4.827,raise,0.08937500000000043,-0.3662500000000002
2026-08-15 22:33:05.611,4.837,raise,-0.029375000000000373,-0.5112499999999998
2026-08-15 22:33:05.621,4.847,raise,0.056875000000000675,-0.4312499999999997
2026-08-15 22:33:05.631,4.857,raise,0.04874999999999963,-0.4037499999999994
2026-08-15 22:33:05.641,4.867,raise,-0.007500000000000284,-0.5293749999999997
2026-08-15 22:33:05.651,4.877,raise,0.09000000000000008,-0.36374999999999935
2026-08-15 22:33:05.661,4.887,raise,-0.022499999999999742,-0.516875
2026-08-15 22:33:05.671,4.897,raise,0.06624999999999992,-0.4256249999999995
2026-08-15 22:33:05.681,4.907,raise,0.06125000000000047,-0.4125000000000001
2026-08-15 22:33:05.691,4.917,raise,-0.0187499999999996,-0.5218749999999994
2026-08-15 22:33:05.701,4.927,raise,0.08937500000000043,-0.36937499999999956
2026-08-15 22:33:05.711,4.937,raise,-0.031249999999999334,-0.5231249999999998
2026-08-15 22:33:05.721,4.947,raise,0.0593750000000004,-0.4168749999999999
2026-08-15 22:33:05.731,4.957,raise,0.06624999999999992,-0.3874999999999995
2026-08-15 22:33:05.741,4.967,raise,-0.0024999999999997247,-0.5156249999999996
2026-08-15 22:33:05.751,4.977,raise,0.08624999999999994,-0.36374999999999935
2026-08-15 22:33:05.761,4.987,raise,-0.023124999999999396,-0.526875
2026-08-15 22:33:05.771,4.997,raise,0.06562500000000027,-0.4137499999999994
2026-08-15 22:33:05.781,5.007,raise,0.05249999999999977,-0.39250000000000007
2026-08-15 22:33:05.791,5.017,raise,-0.018124999999999947,-0.506875
2026-08-15 22:33:05.801,5.027,raise,0.08624999999999994,-0.3618750000000004
2026-08-15 22:33:05.811,5.037,raise,-0.03750000000000031,-0.5018749999999994
2026-08-15 22:33:05.821,5.047,raise,0.06000000000000005,-0.4081250000000003
2026-08-15 22:33:05.831,5.057,raise,0.06750000000000034,-0.3981250000000003
2026-08-15 22:33:05.841,5.067,raise,-0.0006249999999996536,-0.5306250000000001
2026-08-15 22:33:05.851,5.077,raise,0.08812500000000001,-0.36374999999999935
2026-08-15 22:33:05.861,5.087,raise,-0.026874999999999538,-0.506875
2026-08-15 22:33:05.871,5.097,raise,0.06562500000000027,-0.40124999999999966
2026-08-15 22:33:05.881,5.107,raise,0.05437499999999984,-0.40000000000000036
2026-08-15 22:33:05.891,5.117,raise,-0.020000000000000018,-0.5262500000000003
2026-08-15 22:33:05.901,5.127,raise,0.08812500000000001,-0.360625
2026-08-15 22:33:05.911,5.137,raise,-0.03624999999999989,-0.5099999999999993
2026-08-15 22:33:05.921,5.147,raise,0.0637500000000002,-0.4237499999999994
2026-08-15 22:33:05.931,5.157,raise,0.07062499999999972,-0.40562499999999946
2026-08-15 22:33:05.941,5.167,raise,0.0012500000000004174,-0.5231249999999998
2026-08-15 22:33:05.951,5.177,raise,0.08812500000000001,-0.36250000000000004
2026-08-15 22:33:05.961,5.187,raise,-0.026249999999999885,-0.5156249999999996
2026-08-15 22:33:05.971,5.197,raise,0.07125000000000048,-0.4181250000000003
2026-08-15 22:33:05.981,5.207,raise,0.05249999999999977,-0.410625
2026-08-15 22:33:05.991,5.217,raise,-0.015625000000000222,-0.516875
2026-08-15 22:33:06.001,5.227,raise,0.08500000000000063,-0.3643750000000001
2026-08-15 22:33:06.011,5.237,raise,-0.03437499999999982,-0.5206250000000001
2026-08-15 22:33:06.021,5.247,raise,0.06249999999999978,-0.4149999999999998
2026-08-15 22:33:06.031,5.257,raise,0.06249999999999978,-0.3874999999999995
2026-08-15 22:33:06.041,5.267,raise,0.0006249999999996536,-0.5112499999999998
2026-08-15 22:33:06.051,5.277,raise,0.08437499999999987,-0.3618750000000004
2026-08-15 22:33:06.061,5.287,raise,-0.02562500000000023,-0.49687499999999996
2026-08-15 22:33:06.071,5.297,raise,0.0506249999999997,-0.4093749999999996
2026-08-15 22:33:06.081,5.307,raise,0.04750000000000032,-0.39250000000000007
2026-08-15 22:33:06.091,5.317,raise,-0.012499999999999734,-0.5293749999999997
2026-08-15 22:33:06.101,5.327,raise,0.08437499999999987,-0.3612499999999996
2026-08-15 22:33:06.111,5.337,raise,-0.03624999999999989,-0.5056249999999995
2026-08-15 22:33:06.121,5.347,raise,0.058749999999999636,-0.40437500000000015
2026-08-15 22:33:06.131,5.357,raise,0.0593750000000004,-0.39562499999999945
2026-08-15 22:33:06.141,5.367,raise,-0.026249999999999885,-0.5281250000000004
2026-08-15 22:33:06.151,5.377,raise,0.08937500000000043,-0.35937499999999956
2026-08-15 22:33:06.161,5.387,raise,-0.02874999999999961,-0.50875
2026-08-15 22:33:06.171,5.397,raise,0.05750000000000033,-0.42437500000000017
2026-08-15 22:33:06.181,5.407,raise,0.04125000000000045,-0.4037499999999994
2026-08-15 22:33:06.191,5.417,raise,-0.010624999999999662,-0.5225000000000002
2026-08-15 22:33:06.201,5.427,raise,0.08937500000000043,-0.3656249999999994
2026-08-15 22:33:06.211,5.437,raise,-0.04249999999999976,-0.5149999999999999
2026-08-15 22:33:06.221,5.447,raise,0.061875000000000124,-0.42437500000000017
2026-08-15 22:33:06.231,5.457,raise,0.05562500000000026,-0.410625
2026-08-15 22:33:06.241,5.467,raise,-0.028124999999999956,-0.516875
2026-08-15 22:33:06.251,5.477,raise,0.08750000000000036,-0.3643750000000001
2026-08-15 22:33:06.261,5.487,raise,-0.03562500000000024,-0.5218749999999994
2026-08-15 22:33:06.271,5.497,raise,0.05624999999999991,-0.41124999999999967
2026-08-15 22:33:06.281,5.507,raise,0.04437499999999983,-0.3874999999999995
2026-08-15 22:33:06.291,5.517,raise,-0.01187500000000008,-0.5112499999999998
2026-08-15 22:33:06.301,5.527,raise,0.08812500000000001,-0.3631249999999997
2026-08-15 22:33:06.311,5.537,raise,-0.024374999999999813,-0.49875
2026-08-15 22:33:06.321,5.547,raise,0.06062499999999971,-0.4093749999999996
2026-08-15 22:33:06.331,5.557,raise,0.05750000000000033,-0.3974999999999995
2026-08-15 22:33:06.341,5.567,raise,-0.02874999999999961,-0.5099999999999993
2026-08-15 22:33:06.351,5.577,raise,0.08437499999999987,-0.3631249999999997
2026-08-15 22:33:06.361,5.587,raise,-0.03437499999999982,-0.5081250000000004
2026-08-15 22:33:06.371,5.597,raise,0.055000000000000604,-0.40124999999999966
2026-08-15 22:33:06.381,5.607,raise,0.06562500000000027,-0.400625
2026-08-15 22:33:06.391,5.617,raise,-0.008124999999999938,-0.5299999999999994
2026-08-15 22:33:06.401,5.627,raise,0.08624999999999994,-0.36250000000000004
2026-08-15 22:33:06.411,5.637,raise,-0.023124999999999396,-0.5081250000000004
2026-08-15 22:33:06.421,5.647,raise,0.06312500000000054,-0.4312499999999997
2026-08-15 22:33:06.431,5.657,raise,0.04874999999999963,-0.4025000000000001
2026-08-15 22:33:06.441,5.667,raise,-0.019375000000000364,-0.5231249999999998
2026-08-15 22:33:06.451,5.677,raise,0.08562500000000028,-0.3612499999999996
2026-08-15 22:33:06.461,5.687,raise,-0.03874999999999962,-0.5143750000000002
2026-08-15 22:33:06.471,5.697,raise,0.06000000000000005,-0.4200000000000004
2026-08-15 22:33:06.481,5.707,raise,0.0637500000000002,-0.40749999999999953
2026-08-15 22:33:06.491,5.717,raise,-0.003750000000000142,-0.516875
2026-08-15 22:33:06.501,5.727,raise,0.08562500000000028,-0.36374999999999935
2026-08-15 22:33:06.511,5.737,raise,-0.028124999999999956,-0.516875
2026-08-15 22:33:06.521,5.747,raise,0.06750000000000034,-0.41562499999999947
2026-08-15 22:33:06.531,5.757,raise,0.05125000000000046,-0.3874999999999995
2026-08-15 22:33:06.541,5.767,raise,-0.02062499999999967,-0.5131249999999998
2026-08-15 22:33:06.551,5.777,raise,0.07937500000000042,-0.36250000000000004
2026-08-15 22:33:06.561,5.787,raise,-0.04375000000000018,-0.5243750000000003
2026-08-15 22:33:06.571,5.797,raise,0.055000000000000604,-0.40874999999999995
2026-08-15 22:33:06.581,5.807,raise,0.06249999999999978,-0.390625
2026-08-15 22:33:06.591,5.817,raise,-0.004374999999999796,-0.5099999999999993
2026-08-15 22:33:06.601,5.827,raise,0.08500000000000063,-0.3643750000000001
2026-08-15 22:33:06.611,5.837,raise,-0.029375000000000373,-0.49999999999999933
2026-08-15 22:33:06.621,5.847,raise,0.06687500000000068,-0.40562499999999946
2026-08-15 22:33:06.631,5.857,raise,0.05125000000000046,-0.3937499999999994
2026-08-15 22:33:06.641,5.867,raise,-0.01687499999999953,-0.52875
2026-08-15 22:33:06.651,5.877,raise,0.08312500000000056,-0.3656249999999994
2026-08-15 22:33:06.661,5.887,raise,-0.043124999999999414,-0.5062500000000003
2026-08-15 22:33:06.671,5.897,raise,0.0593750000000004,-0.40000000000000036
2026-08-15 22:33:06.681,5.907,raise,0.05812499999999998,-0.39874999999999994
2026-08-15 22:33:06.691,5.917,raise,-0.005625000000000213,-0.526875
2026-08-15 22:33:06.701,5.927,raise,0.08375000000000021,-0.3587499999999999
2026-08-15 22:33:06.711,5.937,raise,-0.0318750000000001,-0.5118749999999994
2026-08-15 22:33:06.721,5.947,raise,0.053750000000000187,-0.4212499999999997
2026-08-15 22:33:06.731,5.957,raise,0.04812499999999997,-0.4068749999999999
2026-08-15 22:33:06.741,5.967,raise,-0.014999999999999458,-0.5218749999999994
2026-08-15 22:33:06.751,5.977,raise,0.08624999999999994,-0.3643750000000001
2026-08-15 22:33:06.761,5.987,raise,-0.03624999999999989,-0.5174999999999996
2026-08-15 22:33:06.771,5.997,raise,0.05750000000000033,-0.4137499999999994
2026-08-15 22:33:06.781,6.007,raise,0.058749999999999636,-0.4125000000000001
2026-08-15 22:33:06.791,6.017,raise,-0.0318750000000001,-0.5131249999999998
2026-08-15 22:33:06.801,6.027,raise,0.0824999999999998,-0.3631249999999997
2026-08-15 22:33:06.811,6.037,raise,-0.03249999999999975,-0.5218749999999994
2026-08-15 22:33:06.821,6.047,raise,0.050000000000000044,-0.4137499999999994
2026-08-15 22:33:06.831,6.057,raise,0.04375000000000018,-0.3874999999999995
2026-08-15 22:33:06.841,6.067,raise,-0.014999999999999458,-0.5099999999999993
2026-08-15 22:33:06.851,6.077,raise,0.08437499999999987,-0.3631249999999997
2026-08-15 22:33:06.861,6.087,raise,-0.040000000000000036,-0.4949999999999999
2026-08-15 22:33:06.871,6.097,raise,0.06312500000000054,-0.4081250000000003
2026-08-15 22:33:06.881,6.107,raise,0.05437499999999984,-0.3918750000000004
2026-08-15 22:33:06.891,6.117,raise,-0.02562500000000023,-0.5025000000000002
2026-08-15 22:33:06.901,6.127,raise,0.08375000000000021,-0.3612499999999996
2026-08-15 22:33:06.911,6.137,raise,-0.03750000000000031,-0.5012499999999998
2026-08-15 22:33:06.921,6.147,raise,0.05562500000000026,-0.3993749999999996
2026-08-15 22:33:06.931,6.157,raise,0.04249999999999976,-0.39562499999999945
2026-08-15 22:33:06.941,6.167,raise,-0.010624999999999662,-0.5256249999999996
2026-08-15 22:33:06.951,6.177,raise,0.08500000000000063,-0.35687499999999983
2026-08-15 22:33:06.961,6.187,raise,-0.02874999999999961,-0.5056249999999995
2026-08-15 22:33:06.971,6.197,raise,0.06249999999999978,-0.4237499999999994
2026-08-15 22:33:06.981,6.207,raise,0.055000000000000604,-0.40312499999999973
2026-08-15 22:33:06.991,6.217,raise,-0.02562500000000023,-0.5199999999999994
2026-08-15 22:33:07.001,6.227,raise,0.08062499999999972,-0.35937499999999956
2026-08-15 22:33:07.011,6.237,raise,-0.03937500000000038,-0.5125000000000002
2026-08-15 22:33:07.021,6.247,raise,0.055000000000000604,-0.420625
2026-08-15 22:33:07.031,6.257,raise,0.03437499999999982,-0.4068749999999999
2026-08-15 22:33:07.041,6.267,raise,-0.01187500000000008,-0.516875
2026-08-15 22:33:07.051,6.277,raise,0.08312500000000056,-0.3656249999999994
2026-08-15 22:33:07.061,6.287,raise,-0.029375000000000373,-0.5193749999999997
2026-08-15 22:33:07.071,6.297,raise,0.06249999999999978,-0.4125000000000001
2026-08-15 22:33:07.081,6.307,raise,0.050000000000000044,-0.38437500000000013
2026-08-15 22:33:07.091,6.317,raise,-0.02562500000000023,-0.5099999999999993
2026-08-15 22:33:07.101,6.327,raise,0.08562500000000028,-0.36250000000000004
2026-08-15 22:33:07.111,6.337,raise,-0.03874999999999962,-0.49687499999999996
2026-08-15 22:33:07.121,6.347,raise,0.05312500000000053,-0.4093749999999996
2026-08-15 22:33:07.131,6.357,raise,0.0637500000000002,-0.39124999999999965
2026-08-15 22:33:07.141,6.367,raise,-0.009375000000000355,-0.5062500000000003
2026-08-15 22:33:07.151,6.377,raise,0.08437499999999987,-0.35812500000000025
2026-08-15 22:33:07.161,6.387,raise,-0.029375000000000373,-0.49999999999999933
2026-08-15 22:33:07.171,6.397,raise,0.0637500000000002,-0.40312499999999973
2026-08-15 22:33:07.181,6.407,raise,0.04937500000000039,-0.3949999999999998
2026-08-15 22:33:07.191,6.417,raise,-0.02187500000000009,-0.526875
2026-08-15 22:33:07.201,6.427,raise,0.078125,-0.36250000000000004
2026-08-15 22:33:07.211,6.437,raise,-0.04124999999999934,-0.50875
2026-08-15 22:33:07.221,6.447,raise,0.050000000000000044,-0.4249999999999998
2026-08-15 22:33:07.231,6.457,raise,0.05562500000000026,-0.4037499999999994
2026-08-15 22:33:07.241,6.467,raise,-0.008124999999999938,-0.5218749999999994
2026-08-15 22:33:07.251,6.477,raise,0.07624999999999993,-0.3612499999999996
2026-08-15 22:33:07.261,6.487,raise,-0.034999999999999476,-0.5131249999999998
2026-08-15 22:33:07.271,6.497,raise,0.06062499999999971,-0.41874999999999996
2026-08-15 22:33:07.281,6.507,raise,0.04249999999999976,-0.4062500000000002
2026-08-15 22:33:07.291,6.517,raise,-0.014374999999999805,-0.5199999999999994
2026-08-15 22:33:07.301,6.527,raise,0.08062499999999972,-0.36250000000000004
2026-08-15 22:33:07.311,6.537,raise,-0.04249999999999976,-0.5193749999999997
2026-08-15 22:33:07.321,6.547,raise,0.05437499999999984,-0.4168749999999999
2026-08-15 22:33:07.331,6.557,raise,0.05562500000000026,-0.38874999999999993
2026-08-15 22:33:07.341,6.566,raise,-0.004374999999999796,-0.5131249999999998
2026-08-15 22:33:07.351,6.577,raise,0.08125000000000049,-0.3643750000000001
2026-08-15 22:33:07.361,6.587,raise,-0.03750000000000031,-0.5237499999999995
2026-08-15 22:33:07.371,6.597,raise,0.04812499999999997,-0.410625
2026-08-15 22:33:07.381,6.607,raise,0.03687500000000066,-0.39437500000000014
2026-08-15 22:33:07.391,6.617,raise,-0.0187499999999996,-0.5049999999999999
2026-08-15 22:33:07.401,6.627,raise,0.08437499999999987,-0.3587499999999999
2026-08-15 22:33:07.411,6.637,raise,-0.04375000000000018,-0.4993749999999997
2026-08-15 22:33:07.421,6.647,raise,0.06000000000000005,-0.4081250000000003
2026-08-15 22:33:07.431,6.657,raise,0.056875000000000675,-0.39437500000000014
2026-08-15 22:33:07.441,6.667,raise,-0.0012500000000004174,-0.52875
2026-08-15 22:33:07.451,6.677,raise,0.08500000000000063,-0.36374999999999935
2026-08-15 22:33:07.461,6.687,raise,-0.03874999999999962,-0.5056249999999995
2026-08-15 22:33:07.471,6.697,raise,0.04249999999999976,-0.3981250000000003
2026-08-15 22:33:07.481,6.707,raise,0.04125000000000045,-0.4037499999999994
2026-08-15 22:33:07.491,6.717,raise,-0.017500000000000293,-0.5243750000000003
2026-08-15 22:33:07.501,6.727,raise,0.07874999999999965,-0.3587499999999999
2026-08-15 22:33:07.511,6.737,raise,-0.04437499999999983,-0.5137499999999995
2026-08-15 22:33:07.521,6.747,raise,0.056875000000000675,-0.420625
2026-08-15 22:33:07.531,6.757,raise,0.05562500000000026,-0.40749999999999953
2026-08-15 22:33:07.541,6.767,raise,-0.0318750000000001,-0.5231249999999998
2026-08-15 22:33:07.551,6.777,raise,0.078125,-0.36374999999999935
2026-08-15 22:33:07.561,6.787,raise,-0.03874999999999962,-0.5174999999999996
2026-08-15 22:33:07.571,6.797,raise,0.04812499999999997,-0.4181250000000003
2026-08-15 22:33:07.581,6.807,raise,0.038124999999999964,-0.41562499999999947
2026-08-15 22:33:07.591,6.817,raise,-0.01687499999999953,-0.516875
2026-08-15 22:33:07.601,6.827,raise,0.07937500000000042,-0.36250000000000004
2026-08-15 22:33:07.611,6.837,raise,-0.03562500000000024,-0.5218749999999994
2026-08-15 22:33:07.621,6.847,raise,0.058749999999999636,-0.41000000000000036
2026-08-15 22:33:07.631,6.857,raise,0.05125000000000046,-0.3874999999999995
2026-08-15 22:33:07.641,6.867,raise,-0.027500000000000302,-0.5062500000000003
2026-08-15 22:33:07.651,6.877,raise,0.07937500000000042,-0.3587499999999999
2026-08-15 22:33:07.661,6.887,raise,-0.04187500000000011,-0.49875
2026-08-15 22:33:07.671,6.897,raise,0.0506249999999997,-0.40749999999999953
2026-08-15 22:33:07.681,6.907,raise,0.02874999999999961,-0.39250000000000007
2026-08-15 22:33:07.691,6.917,raise,-0.016249999999999876,-0.5006250000000001
2026-08-15 22:33:07.701,6.927,raise,0.07687499999999958,-0.3631249999999997
2026-08-15 22:33:07.711,6.937,raise,-0.03437499999999982,-0.5025000000000002
2026-08-15 22:33:07.721,6.947,raise,0.05812499999999998,-0.3993749999999996
2026-08-15 22:33:07.731,6.957,raise,0.04750000000000032,-0.3962500000000002
2026-08-15 22:33:07.741,6.967,raise,-0.024374999999999813,-0.5243750000000003
2026-08-15 22:33:07.751,6.977,raise,0.07937500000000042,-0.36250000000000004
2026-08-15 22:33:07.761,6.987,raise,-0.04249999999999976,-0.5074999999999996
2026-08-15 22:33:07.771,6.997,raise,0.05249999999999977,-0.4256249999999995
2026-08-15 22:33:07.781,7.007,raise,0.055000000000000604,-0.4025000000000001
2026-08-15 22:33:07.791,7.017,raise,-0.01187500000000008,-0.5212499999999998
2026-08-15 22:33:07.801,7.027,raise,0.07750000000000035,-0.35937499999999956
2026-08-15 22:33:07.811,7.037,raise,-0.03562500000000024,-0.5156249999999996
2026-08-15 22:33:07.821,7.047,raise,0.056875000000000675,-0.4212499999999997
2026-08-15 22:33:07.831,7.057,raise,0.04375000000000018,-0.41124999999999967
2026-08-15 22:33:07.841,7.067,raise,-0.026874999999999538,-0.516875
2026-08-15 22:33:07.851,7.077,raise,0.07874999999999965,-0.36250000000000004
2026-08-15 22:33:07.861,7.087,raise,-0.04062499999999969,-0.5199999999999994
2026-08-15 22:33:07.871,7.097,raise,0.051875000000000115,-0.41437500000000016
2026-08-15 22:33:07.881,7.107,raise,0.0593750000000004,-0.3874999999999995
2026-08-15 22:33:07.891,7.117,raise,-0.007500000000000284,-0.5093749999999997
2026-08-15 22:33:07.901,7.127,raise,0.078125,-0.3618750000000004
2026-08-15 22:33:07.911,7.137,raise,-0.038124999999999964,-0.4974999999999996
2026-08-15 22:33:07.921,7.147,raise,0.06062499999999971,-0.40749999999999953
2026-08-15 22:33:07.931,7.157,raise,0.04437499999999983,-0.39250000000000007
2026-08-15 22:33:07.941,7.167,raise,-0.02375000000000016,-0.5031249999999998
2026-08-15 22:33:07.951,7.177,raise,0.07750000000000035,-0.360625
2026-08-15 22:33:07.961,7.187,raise,-0.044999999999999485,-0.49999999999999933
2026-08-15 22:33:07.971,7.197,raise,0.05312500000000053,-0.4018750000000004
2026-08-15 22:33:07.981,7.207,raise,0.05812499999999998,-0.3949999999999998
2026-08-15 22:33:07.991,7.217,raise,-0.006249999999999867,-0.5281250000000004
2026-08-15 22:33:08.001,7.227,raise,0.07687499999999958,-0.35812500000000025
2026-08-15 22:33:08.011,7.237,raise,-0.03750000000000031,-0.5081250000000004
2026-08-15 22:33:08.021,7.247,raise,0.03937500000000038,-0.39687499999999987
2026-08-15 22:33:08.031,7.257,raise,0.03437499999999982,-0.40124999999999966
2026-08-15 22:33:08.041,7.267,raise,-0.02562500000000023,-0.5218749999999994
2026-08-15 22:33:08.051,7.277,raise,0.07687499999999958,-0.35937499999999956
2026-08-15 22:33:08.061,7.287,raise,-0.0506249999999997,-0.5118749999999994
2026-08-15 22:33:08.071,7.297,raise,0.05437499999999984,-0.4225000000000001
2026-08-15 22:33:08.081,7.307,raise,0.0506249999999997,-0.4068749999999999
2026-08-15 22:33:08.091,7.317,raise,-0.0031249999999993783,-0.5174999999999996
2026-08-15 22:33:08.101,7.327,raise,0.07874999999999965,-0.3618750000000004
2026-08-15 22:33:08.111,7.337,raise,-0.04124999999999934,-0.5181250000000004
2026-08-15 22:33:08.121,7.347,raise,0.046875000000000666,-0.4181250000000003
2026-08-15 22:33:08.131,7.357,raise,0.03687500000000066,-0.38687499999999986
2026-08-15 22:33:08.141,7.367,raise,-0.017500000000000293,-0.5112499999999998
2026-08-15 22:33:08.151,7.377,raise,0.07937500000000042,-0.3612499999999996
2026-08-15 22:33:08.161,7.387,raise,-0.0506249999999997,-0.5243750000000003
2026-08-15 22:33:08.171,7.397,raise,0.056875000000000675,-0.410625
2026-08-15 22:33:08.181,7.407,raise,0.0462499999999999,-0.39250000000000007
2026-08-15 22:33:08.191,7.417,raise,-0.03750000000000031,-0.5056249999999995
2026-08-15 22:33:08.201,7.427,raise,0.08000000000000007,-0.3612499999999996
2026-08-15 22:33:08.211,7.437,raise,-0.04187500000000011,-0.5012499999999998
2026-08-15 22:33:08.221,7.447,raise,0.04750000000000032,-0.40562499999999946
2026-08-15 22:33:08.231,7.457,raise,0.033125000000000515,-0.3981250000000003
2026-08-15 22:33:08.241,7.467,raise,-0.021249999999999325,-0.5299999999999994
2026-08-15 22:33:08.251,7.477,raise,0.0824999999999998,-0.3631249999999997
2026-08-15 22:33:08.261,7.487,raise,-0.050000000000000044,-0.506875
2026-08-15 22:33:08.271,7.497,raise,0.05750000000000033,-0.4018750000000004
2026-08-15 22:33:08.281,7.507,raise,0.0506249999999997,-0.4025000000000001
2026-08-15 22:33:08.291,7.517,raise,-0.03562500000000024,-0.5274999999999996
2026-08-15 22:33:08.301,7.527,raise,0.08125000000000049,-0.3631249999999997
2026-08-15 22:33:08.311,7.537,raise,-0.04375000000000018,-0.5137499999999995
2026-08-15 22:33:08.321,7.547,raise,0.04874999999999963,-0.42437500000000017
2026-08-15 22:33:08.331,7.557,raise,0.033125000000000515,-0.41000000000000036
2026-08-15 22:33:08.341,7.567,raise,-0.016249999999999876,-0.5206250000000001
2026-08-15 22:33:08.351,7.577,raise,0.07687499999999958,-0.3618750000000004
2026-08-15 22:33:08.361,7.587,raise,-0.03937500000000038,-0.5162500000000003
2026-08-15 22:33:08.371,7.597,raise,0.053750000000000187,-0.4212499999999997
2026-08-15 22:33:08.381,7.607,raise,0.046875000000000666,-0.4118749999999993
2026-08-15 22:33:08.391,7.617,raise,-0.028124999999999956,-0.5118749999999994
2026-08-15 22:33:08.401,7.627,raise,0.07937500000000042,-0.3631249999999997
2026-08-15 22:33:08.411,7.637,raise,-0.03874999999999962,-0.5218749999999994
2026-08-15 22:33:08.421,7.647,raise,0.05125000000000046,-0.4118749999999993
2026-08-15 22:33:08.431,7.657,raise,0.053750000000000187,-0.39124999999999965
2026-08-15 22:33:08.441,7.667,raise,-0.010624999999999662,-0.5049999999999999
2026-08-15 22:33:08.451,7.677,raise,0.07562500000000028,-0.3618750000000004
2026-08-15 22:33:08.461,7.687,raise,-0.03750000000000031,-0.49687499999999996
2026-08-15 22:33:08.471,7.697,raise,0.055000000000000604,-0.40437500000000015
2026-08-15 22:33:08.481,7.707,raise,0.03750000000000031,-0.3931249999999997
2026-08-15 22:33:08.491,7.717,raise,-0.026249999999999885,-0.5006250000000001
2026-08-15 22:33:08.501,7.727,raise,0.07687499999999958,-0.360625
2026-08-15 22:33:08.511,7.737,raise,-0.044999999999999485,-0.50875
2026-08-15 22:33:08.521,7.747,raise,0.051875000000000115,-0.40000000000000036
2026-08-15 22:33:08.531,7.757,raise,0.05562500000000026,-0.40124999999999966
2026-08-15 22:33:08.541,7.767,raise,-0.008124999999999938,-0.5256249999999996
2026-08-15 22:33:08.551,7.777,raise,0.07687499999999958,-0.3656249999999994
2026-08-15 22:33:08.561,7.787,raise,-0.03937500000000038,-0.5112499999999998
2026-08-15 22:33:08.571,7.797,raise,0.056875000000000675,-0.42437500000000017
2026-08-15 22:33:08.581,7.807,raise,0.03687500000000066,-0.4081250000000003
2026-08-15 22:33:08.591,7.817,raise,-0.02562500000000023,-0.5243750000000003
2026-08-15 22:33:08.601,7.827,raise,0.07249999999999979,-0.3656249999999994
2026-08-15 22:33:08.611,7.837,raise,-0.04750000000000032,-0.5193749999999997
2026-08-15 22:33:08.621,7.847,raise,0.05312500000000053,-0.4200000000000004
2026-08-15 22:33:08.631,7.857,raise,0.05437499999999984,-0.4125000000000001
2026-08-15 22:33:08.641,7.867,raise,-0.004999999999999449,-0.516875
2026-08-15 22:33:08.651,7.877,raise,0.07874999999999965,-0.3618750000000004
2026-08-15 22:33:08.661,7.887,raise,-0.04187500000000011,-0.51875
2026-08-15 22:33:08.671,7.897,raise,0.04375000000000018,-0.41749999999999954
2026-08-15 22:33:08.681,7.907,raise,0.038124999999999964,-0.390625
2026-08-15 22:33:08.691,7.917,raise,-0.024374999999999813,-0.50875
2026-08-15 22:33:08.701,7.927,raise,0.07687499999999958,-0.3618750000000004
2026-08-15 22:33:08.711,7.937,raise,-0.04874999999999963,-0.526875
2026-08-15 22:33:08.721,7.947,raise,0.0506249999999997,-0.40874999999999995
2026-08-15 22:33:08.731,7.957,raise,0.04874999999999963,-0.39437500000000014
2026-08-15 22:33:08.741,7.967,raise,-0.004999999999999449,-0.5037499999999995
2026-08-15 22:33:08.751,7.977,raise,0.078125,-0.360625
2026-08-15 22:33:08.761,7.987,raise,-0.03937500000000038,-0.5043750000000002
2026-08-15 22:33:08.771,7.997,raise,0.04874999999999963,-0.4049999999999998
2026-08-15 22:33:08.781,8.007,raise,0.03750000000000031,-0.39687499999999987
2026-08-15 22:33:08.791,8.017,raise,-0.01687499999999953,-0.5281250000000004
2026-08-15 22:33:08.801,8.027,raise,0.0737500000000002,-0.3618750000000004
2026-08-15 22:33:08.811,8.037,raise,-0.05124999999999935,-0.5099999999999993
2026-08-15 22:33:08.821,8.047,raise,0.0506249999999997,-0.4281250000000003
2026-08-15 22:33:08.831,8.057,raise,0.04812499999999997,-0.4068749999999999
2026-08-15 22:33:08.841,8.067,raise,-0.034999999999999476,-0.5274999999999996
2026-08-15 22:33:08.851,8.077,raise,0.07687499999999958,-0.36374999999999935
2026-08-15 22:33:08.861,8.087,raise,-0.03937500000000038,-0.516875
2026-08-15 22:33:08.871,8.097,raise,0.04750000000000032,-0.42187499999999933
2026-08-15 22:33:08.881,8.107,raise,0.03624999999999989,-0.40874999999999995
2026-08-15 22:33:08.891,8.117,raise,-0.01687499999999953,-0.5174999999999996
2026-08-15 22:33:08.901,8.127,raise,0.07937500000000042,-0.3631249999999997
2026-08-15 22:33:08.911,8.137,raise,-0.04812499999999997,-0.5218749999999994
2026-08-15 22:33:08.921,8.147,raise,0.055000000000000604,-0.41749999999999954
2026-08-15 22:33:08.931,8.157,raise,0.04562500000000025,-0.41749999999999954
2026-08-15 22:33:08.941,8.167,raise,-0.031249999999999334,-0.5131249999999998
2026-08-15 22:33:08.951,8.177,raise,0.07750000000000035,-0.36374999999999935
2026-08-15 22:33:08.961,8.187,raise,-0.04187500000000011,-0.5274999999999996
2026-08-15 22:33:08.971,8.197,raise,0.04937500000000039,-0.41000000000000036
2026-08-15 22:33:08.981,8.207,raise,0.035000000000000586,-0.39124999999999965
2026-08-15 22:33:08.991,8.217,raise,-0.011249999999999316,-0.5062500000000003
2026-08-15 22:33:09.001,8.227,raise,0.07624999999999993,-0.3631249999999997
2026-08-15 22:33:09.011,8.237,raise,-0.03687499999999955,-0.5018749999999994
2026-08-15 22:33:09.021,8.247,raise,0.058749999999999636,-0.40562499999999946
2026-08-15 22:33:09.031,8.257,raise,0.045000000000000595,-0.3974999999999995
2026-08-15 22:33:09.041,8.267,raise,-0.026249999999999885,-0.52875
2026-08-15 22:33:09.051,8.277,raise,0.07750000000000035,-0.3643750000000001
2026-08-15 22:33:09.061,8.287,raise,-0.04562500000000025,-0.5125000000000002
2026-08-15 22:33:09.071,8.297,raise,0.05312500000000053,-0.4037499999999994
2026-08-15 22:33:09.081,8.307,raise,0.05562500000000026,-0.40562499999999946
2026-08-15 22:33:09.091,8.317,raise,-0.01187500000000008,-0.5274999999999996
2026-08-15 22:33:09.101,8.327,raise,0.07750000000000035,-0.3656249999999994
2026-08-15 22:33:09.111,8.337,raise,-0.03624999999999989,-0.5118749999999994
2026-08-15 22:33:09.121,8.347,raise,0.06062499999999971,-0.42187499999999933
2026-08-15 22:33:09.131,8.357,raise,0.04249999999999976,-0.4093749999999996
2026-08-15 22:33:09.141,8.367,raise,-0.02874999999999961,-0.5225000000000002
2026-08-15 22:33:09.151,8.377,raise,0.078125,-0.36687499999999984
2026-08-15 22:33:09.161,8.387,raise,-0.04937500000000039,-0.5199999999999994
2026-08-15 22:33:09.171,8.397,raise,0.05125000000000046,-0.4193749999999996
2026-08-15 22:33:09.181,8.407,raise,0.053750000000000187,-0.41625000000000023
2026-08-15 22:33:09.191,8.417,raise,-0.009375000000000355,-0.5149999999999999
2026-08-15 22:33:09.201,8.427,raise,0.08312500000000056,-0.36499999999999977
2026-08-15 22:33:09.211,8.437,raise,-0.04062499999999969,-0.526875
2026-08-15 22:33:09.221,8.447,raise,0.061875000000000124,-0.4137499999999994
2026-08-15 22:33:09.231,8.457,raise,0.04437499999999983,-0.39437500000000014
2026-08-15 22:33:09.241,8.467,raise,-0.02375000000000016,-0.5131249999999998
2026-08-15 22:33:09.251,8.477,raise,0.078125,-0.36374999999999935
2026-08-15 22:33:09.261,8.487,raise,-0.0462499999999999,-0.5025000000000002
2026-08-15 22:33:09.271,8.497,raise,0.05562500000000026,-0.4081250000000003
2026-08-15 22:33:09.281,8.507,raise,0.05750000000000033,-0.40000000000000036
2026-08-15 22:33:09.291,8.517,raise,-0.010624999999999662,-0.5049999999999999
2026-08-15 22:33:09.301,8.527,raise,0.08312500000000056,-0.36374999999999935
2026-08-15 22:33:09.311,8.537,raise,-0.03937500000000038,-0.5093749999999997
2026-08-15 22:33:09.321,8.547,raise,0.06125000000000047,-0.4037499999999994
2026-08-15 22:33:09.331,8.557,raise,0.043125000000000524,-0.40437500000000015
2026-08-15 22:33:09.341,8.567,raise,-0.022499999999999742,-0.5299999999999994
2026-08-15 22:33:09.351,8.577,raise,0.08000000000000007,-0.3631249999999997
2026-08-15 22:33:09.361,8.587,raise,-0.046874999999999556,-0.5206250000000001
2026-08-15 22:33:09.371,8.597,raise,0.055000000000000604,-0.42749999999999955
2026-08-15 22:33:09.381,8.607,raise,0.050000000000000044,-0.41000000000000036
2026-08-15 22:33:09.391,8.617,raise,-0.006249999999999867,-0.5281250000000004
2026-08-15 22:33:09.401,8.627,raise,0.08062499999999972,-0.3618750000000004
2026-08-15 22:33:09.411,8.637,raise,-0.03750000000000031,-0.5218749999999994
2026-08-15 22:33:09.421,8.647,raise,0.04562500000000025,-0.42312499999999975
2026-08-15 22:33:09.431,8.657,raise,0.03874999999999962,-0.41625000000000023
2026-08-15 22:33:09.441,8.667,raise,-0.015625000000000222,-0.5193749999999997
2026-08-15 22:33:09.451,8.677,raise,0.07874999999999965,-0.3662500000000002
2026-08-15 22:33:09.461,8.687,raise,-0.04375000000000018,-0.5249999999999999
2026-08-15 22:33:09.471,8.697,raise,0.05562500000000026,-0.41562499999999947
2026-08-15 22:33:09.481,8.707,raise,0.051875000000000115,-0.3918750000000004
2026-08-15 22:33:09.491,8.717,raise,-0.03249999999999975,-0.5137499999999995
2026-08-15 22:33:09.501,8.727,raise,0.08125000000000049,-0.3631249999999997
2026-08-15 22:33:09.511,8.737,raise,-0.03874999999999962,-0.5318749999999994
2026-08-15 22:33:09.521,8.747,raise,0.04750000000000032,-0.41000000000000036
2026-08-15 22:33:09.531,8.757,raise,0.03750000000000031,-0.39437500000000014
2026-08-15 22:33:09.541,8.767,raise,-0.014999999999999458,-0.5074999999999996
2026-08-15 22:33:09.551,8.777,raise,0.08125000000000049,-0.3631249999999997
2026-08-15 22:33:09.561,8.787,raise,-0.04750000000000032,-0.5056249999999995
2026-08-15 22:33:09.571,8.797,raise,0.06000000000000005,-0.4049999999999998
2026-08-15 22:33:09.581,8.807,raise,0.04874999999999963,-0.4018750000000004
2026-08-15 22:33:09.591,8.817,raise,-0.03249999999999975,-0.5325000000000002
2026-08-15 22:33:09.601,8.827,raise,0.08062499999999972,-0.3656249999999994
2026-08-15 22:33:09.611,8.837,raise,-0.04187500000000011,-0.5143750000000002
2026-08-15 22:33:09.621,8.847,raise,0.05312500000000053,-0.40312499999999973
2026-08-15 22:33:09.631,8.857,raise,0.03249999999999975,-0.4068749999999999
2026-08-15 22:33:09.641,8.867,raise,-0.010624999999999662,-0.5256249999999996
2026-08-15 22:33:09.651,8.877,raise,0.08187500000000014,-0.36499999999999977
2026-08-15 22:33:09.661,8.887,raise,-0.0318750000000001,-0.5174999999999996
2026-08-15 22:33:09.671,8.897,raise,0.06000000000000005,-0.42749999999999955
2026-08-15 22:33:09.681,8.907,raise,0.0462499999999999,-0.41312499999999974
2026-08-15 22:33:09.691,8.917,raise,-0.022499999999999742,-0.5225000000000002
2026-08-15 22:33:09.701,8.927,raise,0.07937500000000042,-0.3656249999999994
2026-08-15 22:33:09.711,8.937,raise,-0.04437499999999983,-0.5237499999999995
2026-08-15 22:33:09.721,8.947,raise,0.05624999999999991,-0.41625000000000023
2026-08-15 22:33:09.731,8.957,raise,0.033125000000000515,-0.4181250000000003
2026-08-15 22:33:09.741,8.967,raise,-0.010624999999999662,-0.5137499999999995
2026-08-15 22:33:09.751,8.977,raise,0.08062499999999972,-0.36250000000000004
2026-08-15 22:33:09.761,8.987,raise,-0.03750000000000031,-0.5249999999999999
2026-08-15 22:33:09.771,8.997,raise,0.06312500000000054,-0.41000000000000036
2026-08-15 22:33:09.781,9.007,raise,0.0462499999999999,-0.39250000000000007
2026-08-15 22:33:09.791,9.017,raise,-0.030000000000000027,-0.5099999999999993
2026-08-15 22:33:09.801,9.027,raise,0.078125,-0.3643750000000001
2026-08-15 22:33:09.811,9.037,raise,-0.044999999999999485,-0.5025000000000002
2026-08-15 22:33:09.821,9.047,raise,0.051875000000000115,-0.4062500000000002
2026-08-15 22:33:09.831,9.057,raise,0.05624999999999991,-0.3981250000000003
2026-08-15 22:33:09.841,9.067,raise,-0.01187500000000008,-0.5343750000000003
2026-08-15 22:33:09.851,9.077,raise,0.08125000000000049,-0.36374999999999935
2026-08-15 22:33:09.861,9.087,raise,-0.03624999999999989,-0.5125000000000002
2026-08-15 22:33:09.871,9.097,raise,0.06000000000000005,-0.400625
2026-08-15 22:33:09.881,9.107,raise,0.04750000000000032,-0.40437500000000015
2026-08-15 22:33:09.891,9.117,raise,-0.02062499999999967,-0.5274999999999996
2026-08-15 22:33:09.901,9.127,raise,0.08062499999999972,-0.3662500000000002
2026-08-15 22:33:09.911,9.137,raise,-0.04187500000000011,-0.5156249999999996
2026-08-15 22:33:09.921,9.147,raise,0.050000000000000044,-0.4281250000000003
2026-08-15 22:33:09.931,9.157,raise,0.056875000000000675,-0.4093749999999996
2026-08-15 22:33:09.941,9.167,raise,-0.009375000000000355,-0.5249999999999999
2026-08-15 22:33:09.951,9.177,raise,0.078125,-0.36687499999999984
2026-08-15 22:33:09.961,9.187,raise,-0.03437499999999982,-0.5212499999999998
2026-08-15 22:33:09.971,9.197,raise,0.06062499999999971,-0.4225000000000001
2026-08-15 22:33:09.981,9.207,raise,0.04375000000000018,-0.4137499999999994
2026-08-15 22:33:09.991,9.217,raise,-0.019375000000000364,-0.51875
2026-08-15 22:33:10.001,9.227,raise,0.07750000000000035,-0.36812500000000026
2026-08-15 22:33:10.011,9.237,raise,-0.044999999999999485,-0.5237499999999995
2026-08-15 22:33:10.021,9.247,raise,0.055000000000000604,-0.4149999999999998
2026-08-15 22:33:10.031,9.257,raise,0.051875000000000115,-0.38874999999999993
2026-08-15 22:33:10.041,9.267,raise,-0.005625000000000213,-0.5156249999999996
2026-08-15 22:33:10.051,9.277,raise,0.07562500000000028,-0.36250000000000004
2026-08-15 22:33:10.061,9.287,raise,-0.03937500000000038,-0.5025000000000002
2026-08-15 22:33:10.071,9.297,raise,0.0462499999999999,-0.41124999999999967
2026-08-15 22:33:10.081,9.307,raise,0.038124999999999964,-0.39562499999999945
2026-08-15 22:33:10.091,9.317,raise,-0.018124999999999947,-0.506875
2026-08-15 22:33:10.101,9.327,raise,0.07687499999999958,-0.36499999999999977
2026-08-15 22:33:10.111,9.337,raise,-0.044999999999999485,-0.506875
2026-08-15 22:33:10.121,9.347,raise,0.05624999999999991,-0.4037499999999994
2026-08-15 22:33:10.131,9.357,raise,0.0462499999999999,-0.400625
2026-08-15 22:33:10.141,9.367,raise,0.003750000000000142,-0.5318749999999994
2026-08-15 22:33:10.151,9.377,raise,0.07937500000000042,-0.360625
2026-08-15 22:33:10.161,9.387,raise,-0.04187500000000011,-0.5112499999999998
2026-08-15 22:33:10.171,9.397,raise,0.05312500000000053,-0.43187499999999934
2026-08-15 22:33:10.181,9.407,raise,0.0318750000000001,-0.40749999999999953
2026-08-15 22:33:10.191,9.417,raise,-0.017500000000000293,-0.5299999999999994
2026-08-15 22:33:10.201,9.427,raise,0.07750000000000035,-0.3612499999999996
2026-08-15 22:33:10.211,9.437,raise,-0.050000000000000044,-0.5193749999999997
2026-08-15 22:33:10.221,9.447,raise,0.056875000000000675,-0.42625000000000024
2026-08-15 22:33:10.231,9.457,raise,0.051875000000000115,-0.4137499999999994
2026-08-15 22:33:10.241,9.467,raise,-0.031249999999999334,-0.5218749999999994
2026-08-15 22:33:10.251,9.477,raise,0.08000000000000007,-0.36812500000000026
2026-08-15 22:33:10.261,9.487,raise,-0.04187500000000011,-0.5225000000000002
2026-08-15 22:33:10.271,9.497,raise,0.050000000000000044,-0.41874999999999996
2026-08-15 22:33:10.281,9.507,raise,0.03437499999999982,-0.39000000000000035
2026-08-15 22:33:10.291,9.517,raise,-0.018124999999999947,-0.51875
2026-08-15 22:33:10.301,9.527,raise,0.07874999999999965,-0.3643750000000001
2026-08-15 22:33:10.311,9.537,raise,-0.034999999999999476,-0.5293749999999997
2026-08-15 22:33:10.321,9.547,raise,0.0593750000000004,-0.41625000000000023
2026-08-15 22:33:10.331,9.557,raise,0.04874999999999963,-0.3949999999999998
2026-08-15 22:33:10.341,9.567,raise,-0.028124999999999956,-0.5131249999999998
2026-08-15 22:33:10.351,9.577,raise,0.0824999999999998,-0.3674999999999995
2026-08-15 22:33:10.361,9.587,raise,-0.04187500000000011,-0.506875
2026-08-15 22:33:10.371,9.597,raise,0.05125000000000046,-0.4081250000000003
2026-08-15 22:33:10.381,9.607,raise,0.03375000000000017,-0.40124999999999966
2026-08-15 22:33:10.391,9.617,raise,-0.013750000000000151,-0.5343750000000003
2026-08-15 22:33:10.401,9.627,raise,0.0824999999999998,-0.3662500000000002
2026-08-15 22:33:10.411,9.637,raise,-0.03375000000000017,-0.5131249999999998
2026-08-15 22:33:10.421,9.647,raise,0.058749999999999636,-0.4025000000000001
2026-08-15 22:33:10.431,9.657,raise,0.04874999999999963,-0.40749999999999953
2026-08-15 22:33:10.441,9.667,raise,-0.027500000000000302,-0.52875
2026-08-15 22:33:10.451,9.677,raise,0.08125000000000049,-0.3631249999999997
2026-08-15 22:33:10.461,9.687,raise,-0.04187500000000011,-0.5156249999999996
2026-08-15 22:33:10.471,9.697,raise,0.0506249999999997,-0.4281250000000003
2026-08-15 22:33:10.481,9.707,raise,0.05812499999999998,-0.410625
2026-08-15 22:33:10.491,9.717,raise,-0.010000000000000009,-0.5231249999999998
2026-08-15 22:33:10.501,9.727,raise,0.07937500000000042,-0.3674999999999995
2026-08-15 22:33:10.511,9.737,raise,-0.034999999999999476,-0.5199999999999994
2026-08-15 22:33:10.521,9.747,raise,0.06062499999999971,-0.4225000000000001
2026-08-15 22:33:10.531,9.757,raise,0.04375000000000018,-0.420625
2026-08-15 22:33:10.541,9.767,raise,-0.02375000000000016,-0.5199999999999994
2026-08-15 22:33:10.551,9.777,raise,0.07624999999999993,-0.3674999999999995
2026-08-15 22:33:10.561,9.787,raise,-0.04750000000000032,-0.5293749999999997
2026-08-15 22:33:10.571,9.797,raise,0.05624999999999991,-0.41625000000000023
2026-08-15 22:33:10.581,9.807,raise,0.05437499999999984,-0.39437500000000014
2026-08-15 22:33:10.591,9.817,raise,-0.00687499999999952,-0.5137499999999995
2026-08-15 22:33:10.601,9.827,raise,0.08000000000000007,-0.36374999999999935
2026-08-15 22:33:10.611,9.837,raise,-0.03937500000000038,-0.5025000000000002
2026-08-15 22:33:10.621,9.847,raise,0.06000000000000005,-0.41000000000000036
2026-08-15 22:33:10.631,9.857,raise,0.04187500000000011,-0.3949999999999998
2026-08-15 22:33:10.641,9.867,raise,-0.02375000000000016,-0.5049999999999999
2026-08-15 22:33:10.651,9.877,raise,0.07562500000000028,-0.3643750000000001
2026-08-15 22:33:10.661,9.887,raise,-0.04437499999999983,-0.5093749999999997
2026-08-15 22:33:10.671,9.897,raise,0.056875000000000675,-0.4037499999999994
2026-08-15 22:33:10.681,9.907,raise,0.05812499999999998,-0.40312499999999973
2026-08-15 22:33:10.691,9.917,raise,-0.0031249999999993783,-0.5331249999999998
2026-08-15 22:33:10.701,9.927,raise,0.07937500000000042,-0.36250000000000004
2026-08-15 22:33:10.711,9.937,raise,-0.03750000000000031,-0.5156249999999996
2026-08-15 22:33:10.721,9.947,raise,0.0462499999999999,-0.4368749999999999
2026-08-15 22:33:10.731,9.957,raise,0.03687500000000066,-0.40874999999999995
2026-08-15 22:33:10.741,9.967,raise,-0.018124999999999947,-0.5274999999999996
2026-08-15 22:33:10.751,9.977,raise,0.08125000000000049,-0.3656249999999994
2026-08-15 22:33:10.761,9.987,raise,-0.04937500000000039,-0.5218749999999994
2026-08-15 22:33:10.771,9.997,raise,0.06000000000000005,-0.4281250000000003
2026-08-15 22:33:10.781,10.007,raise,0.05312500000000053,-0.41749999999999954
2026-08-15 22:33:10.791,10.017,raise,-0.0012500000000004174,-0.5218749999999994
2026-08-15 22:33:10.801,10.027,raise,0.08062499999999972,-0.36937499999999956
2026-08-15 22:33:10.811,10.037,raise,-0.04187500000000011,-0.5262500000000003
2026-08-15 22:33:10.821,10.047,raise,0.0462499999999999,-0.41874999999999996
2026-08-15 22:33:10.831,10.057,raise,0.03624999999999989,-0.3931249999999997
2026-08-15 22:33:10.841,10.067,raise,-0.0187499999999996,-0.516875
2026-08-15 22:33:10.851,10.077,raise,0.07937500000000042,-0.36937499999999956
2026-08-15 22:33:10.861,10.087,raise,-0.05249999999999977,-0.5331249999999998
2026-08-15 22:33:10.871,10.097,raise,0.05750000000000033,-0.4137499999999994
2026-08-15 22:33:10.881,10.107,raise,0.05125000000000046,-0.39437500000000014
2026-08-15 22:33:10.891,10.117,raise,-0.03562500000000024,-0.5099999999999993
2026-08-15 22:33:10.901,10.127,raise,0.08437499999999987,-0.3631249999999997
2026-08-15 22:33:10.911,10.137,raise,-0.04124999999999934,-0.5037499999999995
2026-08-15 22:33:10.921,10.147,raise,0.050000000000000044,-0.40874999999999995
2026-08-15 22:33:10.931,10.157,raise,0.03874999999999962,-0.40312499999999973
2026-08-15 22:33:10.941,10.167,raise,-0.01687499999999953,-0.5349999999999999
2026-08-15 22:33:10.951,10.177,raise,0.07937500000000042,-0.3631249999999997
2026-08-15 22:33:10.961,10.187,raise,-0.033124999999999405,-0.5118749999999994
2026-08-15 22:33:10.971,10.197,raise,0.05812499999999998,-0.4049999999999998
2026-08-15 22:33:10.981,10.207,raise,0.05125000000000046,-0.40874999999999995
2026-08-15 22:33:10.991,10.217,raise,-0.029375000000000373,-0.5262500000000003
2026-08-15 22:33:11.001,10.227,raise,0.08312500000000056,-0.36499999999999977
2026-08-15 22:33:11.011,10.237,raise,-0.04062499999999969,-0.5181250000000004
2026-08-15 22:33:11.021,10.247,raise,0.05249999999999977,-0.42874999999999996
2026-08-15 22:33:11.031,10.257,raise,0.03624999999999989,-0.41000000000000036
2026-08-15 22:33:11.041,10.267,raise,-0.013124999999999387,-0.5262500000000003
2026-08-15 22:33:11.051,10.277,raise,0.07937500000000042,-0.3749999999999998
2026-08-15 22:33:11.061,10.287,raise,-0.038124999999999964,-0.5237499999999995
2026-08-15 22:33:11.071,10.297,raise,0.05624999999999991,-0.4225000000000001
2026-08-15 22:33:11.081,10.307,raise,0.04375000000000018,-0.39124999999999965
2026-08-15 22:33:11.091,10.317,raise,-0.03062499999999968,-0.5225000000000002
2026-08-15 22:33:11.101,10.327,raise,0.07937500000000042,-0.370625
2026-08-15 22:33:11.111,10.337,raise,-0.043124999999999414,-0.5306250000000001
2026-08-15 22:33:11.121,10.347,raise,0.053750000000000187,-0.41562499999999947
2026-08-15 22:33:11.131,10.357,raise,0.061875000000000124,-0.3937499999999994
2026-08-15 22:33:11.141,10.367,raise,-0.008124999999999938,-0.5118749999999994
2026-08-15 22:33:11.151,10.377,raise,0.08187500000000014,-0.3662500000000002
2026-08-15 22:33:11.161,10.387,raise,-0.03624999999999989,-0.5018749999999994
2026-08-15 22:33:11.171,10.397,raise,0.05812499999999998,-0.4093749999999996
2026-08-15 22:33:11.181,10.407,raise,0.03937500000000038,-0.400625
2026-08-15 22:33:11.191,10.417,raise,-0.026249999999999885,-0.5381250000000004
2026-08-15 22:33:11.201,10.427,raise,0.07750000000000035,-0.36812500000000026
2026-08-15 22:33:11.211,10.437,raise,-0.04937500000000039,-0.5093749999999997
2026-08-15 22:33:11.221,10.447,raise,0.053750000000000187,-0.4062500000000002
2026-08-15 22:33:11.231,10.457,raise,0.05624999999999991,-0.4081250000000003
2026-08-15 22:33:11.241,10.467,raise,-0.006249999999999867,-0.5337499999999995
2026-08-15 22:33:11.251,10.477,raise,0.07874999999999965,-0.3687499999999999
2026-08-15 22:33:11.261,10.487,raise,-0.03687499999999955,-0.5174999999999996
2026-08-15 22:33:11.271,10.497,raise,0.05812499999999998,-0.43062500000000004
2026-08-15 22:33:11.281,10.507,raise,0.04062499999999969,-0.41124999999999967
2026-08-15 22:33:11.291,10.517,raise,-0.024374999999999813,-0.5281250000000004
2026-08-15 22:33:11.301,10.527,raise,0.07500000000000062,-0.3743750000000001
2026-08-15 22:33:11.311,10.537,raise,-0.050000000000000044,-0.5256249999999996
2026-08-15 22:33:11.321,10.547,raise,0.05249999999999977,-0.4256249999999995
2026-08-15 22:33:11.331,10.557,raise,0.05437499999999984,-0.42437500000000017
2026-08-15 22:33:11.341,10.567,raise,-0.006249999999999867,-0.5225000000000002
2026-08-15 22:33:11.351,10.577,raise,0.08187500000000014,-0.37124999999999964
2026-08-15 22:33:11.361,10.587,raise,-0.04249999999999976,-0.5281250000000004
2026-08-15 22:33:11.371,10.597,raise,0.04562500000000025,-0.4193749999999996
2026-08-15 22:33:11.381,10.607,raise,0.03874999999999962,-0.3937499999999994
2026-08-15 22:33:11.391,10.617,raise,-0.022499999999999742,-0.5156249999999996
2026-08-15 22:33:11.401,10.627,raise,0.08062499999999972,-0.36687499999999984
2026-08-15 22:33:11.411,10.637,raise,-0.050000000000000044,-0.49999999999999933
2026-08-15 22:33:11.421,10.647,raise,0.056875000000000675,-0.4149999999999998
2026-08-15 22:33:11.431,10.657,raise,0.05312500000000053,-0.40000000000000036
2026-08-15 22:33:11.441,10.667,raise,-0.003750000000000142,-0.5099999999999993
2026-08-15 22:33:11.451,10.677,raise,0.08062499999999972,-0.3674999999999995
2026-08-15 22:33:11.461,10.687,raise,-0.04124999999999934,-0.5074999999999996
2026-08-15 22:33:11.471,10.697,raise,0.0462499999999999,-0.4062500000000002
2026-08-15 22:33:11.481,10.707,raise,0.038124999999999964,-0.3993749999999996
2026-08-15 22:33:11.491,10.717,raise,-0.019375000000000364,-0.5318749999999994
2026-08-15 22:33:11.501,10.727,raise,0.08187500000000014,-0.36687499999999984
2026-08-15 22:33:11.511,10.737,raise,-0.05312499999999942,-0.5112499999999998
2026-08-15 22:33:11.521,10.747,raise,0.05437499999999984,-0.43499999999999983
2026-08-15 22:33:11.531,10.757,raise,0.05562500000000026,-0.4093749999999996
2026-08-15 22:33:11.541,10.767,raise,-0.04062499999999969,-0.5256249999999996
2026-08-15 22:33:11.551,10.777,raise,0.08000000000000007,-0.3662500000000002
2026-08-15 22:33:11.561,10.787,raise,-0.044999999999999485,-0.5199999999999994
2026-08-15 22:33:11.571,10.797,raise,0.045000000000000595,-0.4268749999999999
2026-08-15 22:33:11.581,10.807,raise,0.03687500000000066,-0.4168749999999999
2026-08-15 22:33:11.591,10.817,raise,-0.017500000000000293,-0.5243750000000003
2026-08-15 22:33:11.601,10.827,raise,0.078125,-0.3743750000000001
2026-08-15 22:33:11.611,10.837,raise,-0.04812499999999997,-0.5249999999999999
2026-08-15 22:33:11.621,10.847,raise,0.05437499999999984,-0.4200000000000004
2026-08-15 22:33:11.631,10.857,raise,0.04874999999999963,-0.39250000000000007
2026-08-15 22:33:11.641,10.867,raise,-0.03062499999999968,-0.516875
2026-08-15 22:33:11.651,10.877,raise,0.07624999999999993,-0.370625
2026-08-15 22:33:11.661,10.887,raise,-0.04562500000000025,-0.5293749999999997
2026-08-15 22:33:11.671,10.897,raise,0.04874999999999963,-0.4137499999999994
2026-08-15 22:33:11.681,10.907,raise,0.03375000000000017,-0.39687499999999987
2026-08-15 22:33:11.691,10.917,raise,-0.016249999999999876,-0.5125000000000002
2026-08-15 22:33:11.701,10.927,raise,0.07562500000000028,-0.36937499999999956
2026-08-15 22:33:11.711,10.937,raise,-0.03750000000000031,-0.5056249999999995
2026-08-15 22:33:11.721,10.947,raise,0.05812499999999998,-0.4118749999999993
2026-08-15 22:33:11.731,10.957,raise,0.046875000000000666,-0.40437500000000015
2026-08-15 22:33:11.741,10.967,raise,-0.02874999999999961,-0.5318749999999994
2026-08-15 22:33:11.751,10.977,raise,0.07624999999999993,-0.37000000000000033
2026-08-15 22:33:11.761,10.987,raise,-0.04937500000000039,-0.5106250000000001
2026-08-15 22:33:11.771,10.997,raise,0.05249999999999977,-0.4062500000000002
2026-08-15 22:33:11.781,11.007,raise,0.056875000000000675,-0.40562499999999946
2026-08-15 22:33:11.791,11.017,raise,-0.013124999999999387,-0.5306250000000001
2026-08-15 22:33:11.801,11.027,raise,0.07937500000000042,-0.36812500000000026
2026-08-15 22:33:11.811,11.037,raise,-0.04062499999999969,-0.5199999999999994
2026-08-15 22:33:11.821,11.047,raise,0.058749999999999636,-0.4293749999999996
2026-08-15 22:33:11.831,11.057,raise,0.04375000000000018,-0.4200000000000004
2026-08-15 22:33:11.841,11.067,raise,-0.02874999999999961,-0.5231249999999998
2026-08-15 22:33:11.851,11.077,raise,0.07687499999999958,-0.370625
2026-08-15 22:33:11.861,11.087,raise,-0.053750000000000187,-0.5206250000000001
2026-08-15 22:33:11.871,11.097,raise,0.050000000000000044,-0.4212499999999997
2026-08-15 22:33:11.881,11.107,raise,0.05312500000000053,-0.39124999999999965
2026-08-15 22:33:11.891,11.117,raise,-0.010000000000000009,-0.5199999999999994
2026-08-15 22:33:11.901,11.127,raise,0.07937500000000042,-0.3731249999999997
2026-08-15 22:33:11.911,11.137,raise,-0.03874999999999962,-0.5274999999999996
2026-08-15 22:33:11.921,11.147,raise,0.061875000000000124,-0.41625000000000023
2026-08-15 22:33:11.931,11.157,raise,0.04249999999999976,-0.3931249999999997
2026-08-15 22:33:11.941,11.167,raise,-0.026249999999999885,-0.5137499999999995
2026-08-15 22:33:11.951,11.177,raise,0.07750000000000035,-0.3718750000000004
2026-08-15 22:33:11.961,11.187,raise,-0.05437499999999984,-0.5062500000000003
2026-08-15 22:33:11.971,11.197,raise,0.050000000000000044,-0.41124999999999967
2026-08-15 22:33:11.981,11.207,raise,0.05624999999999991,-0.4025000000000001
2026-08-15 22:33:11.991,11.217,raise,-0.010000000000000009,-0.506875
2026-08-15 22:33:12.001,11.227,raise,0.07687499999999958,-0.36812500000000026
2026-08-15 22:33:12.011,11.237,raise,-0.04375000000000018,-0.5093749999999997
2026-08-15 22:33:12.021,11.247,raise,0.06062499999999971,-0.40749999999999953
2026-08-15 22:33:12.031,11.257,raise,0.038124999999999964,-0.40437500000000015
2026-08-15 22:33:12.041,11.267,raise,-0.024374999999999813,-0.5325000000000002
2026-08-15 22:33:12.051,11.277,raise,0.07624999999999993,-0.36812500000000026
2026-08-15 22:33:12.061,11.287,raise,-0.05750000000000033,-0.5149999999999999
2026-08-15 22:33:12.071,11.297,raise,0.053750000000000187,-0.43499999999999983
2026-08-15 22:33:12.081,11.307,raise,0.06249999999999978,-0.41562499999999947
2026-08-15 22:33:12.091,11.317,raise,-0.010000000000000009,-0.5274999999999996
2026-08-15 22:33:12.101,11.327,raise,0.11187500000000017,-0.3718750000000004
2026-08-15 22:33:12.111,11.337,raise,-0.10062499999999974,-0.5231249999999998
2026-08-15 22:33:12.121,11.347,raise,0.06500000000000061,-0.4268749999999999
2026-08-15 22:33:12.131,11.357,raise,0.033125000000000515,-0.4181250000000003
2026-08-15 22:33:12.141,11.367,raise,-0.038124999999999964,-0.5193749999999997
2026-08-15 22:33:12.151,11.377,raise,0.11125000000000052,-0.37250000000000005
2026-08-15 22:33:12.161,11.387,raise,-0.10750000000000037,-0.5237499999999995
2026-08-15 22:33:12.171,11.397,raise,0.08125000000000049,-0.420625
2026-08-15 22:33:12.181,11.407,raise,0.06062499999999971,-0.3974999999999995
2026-08-15 22:33:12.191,11.417,raise,-0.07062499999999972,-0.51875
2026-08-15 22:33:12.201,11.427,raise,0.11062499999999975,-0.3718750000000004
2026-08-15 22:33:12.211,11.437,raise,-0.10375000000000023,-0.5037499999999995
2026-08-15 22:33:12.221,11.447,raise,0.06562500000000027,-0.41749999999999954
2026-08-15 22:33:12.231,11.457,raise,0.02562500000000023,-0.4037499999999994
2026-08-15 22:33:12.241,11.467,raise,-0.033124999999999405,-0.5137499999999995
2026-08-15 22:33:12.251,11.477,raise,0.11125000000000052,-0.37000000000000033
2026-08-15 22:33:12.261,11.487,raise,-0.11062499999999975,-0.50875
2026-08-15 22:33:12.271,11.497,raise,0.07937500000000042,-0.4125000000000001
2026-08-15 22:33:12.281,11.507,raise,0.058749999999999636,-0.4068749999999999
2026-08-15 22:33:12.291,11.517,raise,-0.058749999999999636,-0.5356249999999996
2026-08-15 22:33:12.301,11.527,raise,0.10937500000000044,-0.37250000000000005
2026-08-15 22:33:12.311,11.537,raise,-0.10437499999999988,-0.5181250000000004
2026-08-15 22:33:12.321,11.547,raise,0.06750000000000034,-0.43749999999999956
2026-08-15 22:33:12.331,11.557,raise,0.024374999999999813,-0.4118749999999993
2026-08-15 22:33:12.341,11.567,raise,-0.03062499999999968,-0.5331249999999998
2026-08-15 22:33:12.351,11.577,raise,0.10937500000000044,-0.3731249999999997
2026-08-15 22:33:12.361,11.587,raise,-0.08812500000000001,-0.5225000000000002
2026-08-15 22:33:12.371,11.597,raise,0.07750000000000035,-0.43187499999999934
2026-08-15 22:33:12.381,11.607,raise,0.0506249999999997,-0.41625000000000023
2026-08-15 22:33:12.391,11.617,raise,-0.05750000000000033,-0.5256249999999996
2026-08-15 22:33:12.401,11.627,raise,0.11125000000000052,-0.37124999999999964
2026-08-15 22:33:12.411,11.637,raise,-0.10249999999999981,-0.5256249999999996
2026-08-15 22:33:12.421,11.647,raise,0.0737500000000002,-0.42312499999999975
2026-08-15 22:33:12.431,11.657,raise,0.0187499999999996,-0.3918750000000004
2026-08-15 22:33:12.441,11.667,raise,-0.02562500000000023,-0.5212499999999998
2026-08-15 22:33:12.451,11.677,raise,0.10750000000000037,-0.36812500000000026
2026-08-15 22:33:12.461,11.687,raise,-0.0968749999999996,-0.5281250000000004
2026-08-15 22:33:12.471,11.697,raise,0.08500000000000063,-0.41874999999999996
2026-08-15 22:33:12.481,11.707,raise,0.045000000000000595,-0.39437500000000014
2026-08-15 22:33:12.491,11.717,raise,-0.05249999999999977,-0.5112499999999998
2026-08-15 22:33:12.501,11.727,raise,0.10812500000000003,-0.36499999999999977
2026-08-15 22:33:12.511,11.737,raise,-0.1100000000000001,-0.5012499999999998
2026-08-15 22:33:12.521,11.747,raise,0.07249999999999979,-0.4137499999999994
2026-08-15 22:33:12.531,11.757,raise,0.0737500000000002,-0.4025000000000001
2026-08-15 22:33:12.541,11.767,raise,-0.024374999999999813,-0.5387500000000001
2026-08-15 22:33:12.551,11.777,raise,0.10750000000000037,-0.36812500000000026
2026-08-15 22:33:12.561,11.787,raise,-0.09874999999999967,-0.5112499999999998
2026-08-15 22:33:12.571,11.797,raise,0.08500000000000063,-0.4068749999999999
2026-08-15 22:33:12.581,11.807,raise,0.04125000000000045,-0.41124999999999967
2026-08-15 22:33:12.591,11.817,raise,-0.053750000000000187,-0.5356249999999996
2026-08-15 22:33:12.601,11.827,raise,0.10624999999999996,-0.36687499999999984
2026-08-15 22:33:12.611,11.837,raise,-0.11062499999999975,-0.5174999999999996
2026-08-15 22:33:12.621,11.847,raise,0.07312500000000055,-0.43312499999999976
2026-08-15 22:33:12.631,11.857,raise,0.07312500000000055,-0.410625
2026-08-15 22:33:12.641,11.867,raise,-0.020000000000000018,-0.5256249999999996
2026-08-15 22:33:12.651,11.877,raise,0.1100000000000001,-0.370625
2026-08-15 22:33:12.661,11.887,raise,-0.09499999999999953,-0.5199999999999994
2026-08-15 22:33:12.671,11.897,raise,0.08000000000000007,-0.42749999999999955
2026-08-15 22:33:12.681,11.907,raise,0.03874999999999962,-0.41625000000000023
2026-08-15 22:33:12.691,11.917,raise,-0.04812499999999997,-0.5225000000000002
2026-08-15 22:33:12.701,11.927,raise,0.10375000000000023,-0.37000000000000033
2026-08-15 22:33:12.711,11.937,raise,-0.10624999999999996,-0.5243750000000003
2026-08-15 22:33:12.721,11.947,raise,0.07000000000000006,-0.4212499999999997
2026-08-15 22:33:12.731,11.957,raise,0.06750000000000034,-0.39250000000000007
2026-08-15 22:33:12.741,11.967,raise,-0.018124999999999947,-0.5156249999999996
2026-08-15 22:33:12.751,11.977,raise,0.10812500000000003,-0.370625
2026-08-15 22:33:12.761,11.987,raise,-0.10375000000000023,-0.49999999999999933
2026-08-15 22:33:12.771,11.997,raise,0.06312500000000054,-0.41312499999999974
2026-08-15 22:33:12.781,12.007,raise,0.03062499999999968,-0.3974999999999995
2026-08-15 22:33:12.791,12.017,raise,-0.04375000000000018,-0.5112499999999998
2026-08-15 22:33:12.801,12.027,raise,0.10500000000000065,-0.36937499999999956
2026-08-15 22:33:12.811,12.037,raise,-0.10874999999999968,-0.5099999999999993
2026-08-15 22:33:12.821,12.047,raise,0.07125000000000048,-0.410625
2026-08-15 22:33:12.831,12.057,raise,0.06125000000000047,-0.4018750000000004
2026-08-15 22:33:12.841,12.067,raise,-0.07249999999999979,-0.5343750000000003
2026-08-15 22:33:12.851,12.077,raise,0.10812500000000003,-0.37000000000000033
2026-08-15 22:33:12.861,12.087,raise,-0.1012499999999994,-0.5118749999999994
2026-08-15 22:33:12.871,12.097,raise,0.06437499999999985,-0.4343750000000002
2026-08-15 22:33:12.881,12.107,raise,0.027500000000000302,-0.40749999999999953
2026-08-15 22:33:12.891,12.117,raise,-0.04249999999999976,-0.5306250000000001
2026-08-15 22:33:12.901,12.127,raise,0.10500000000000065,-0.36937499999999956
2026-08-15 22:33:12.911,12.137,raise,-0.1112499999999994,-0.5193749999999997
2026-08-15 22:33:12.921,12.147,raise,0.07437499999999986,-0.4293749999999996
2026-08-15 22:33:12.931,12.157,raise,0.058749999999999636,-0.4149999999999998
2026-08-15 22:33:12.941,12.167,raise,-0.06437499999999985,-0.526875
2026-08-15 22:33:12.951,12.177,raise,0.1056250000000003,-0.3731249999999997
2026-08-15 22:33:12.961,12.187,raise,-0.1012499999999994,-0.5212499999999998
2026-08-15 22:33:12.971,12.197,raise,0.06500000000000061,-0.42625000000000024
2026-08-15 22:33:12.981,12.207,raise,0.024374999999999813,-0.3918750000000004
2026-08-15 22:33:12.991,12.217,raise,-0.03687499999999955,-0.51875
2026-08-15 22:33:13.001,12.227,raise,0.10624999999999996,-0.3687499999999999
2026-08-15 22:33:13.011,12.237,raise,-0.09375000000000022,-0.5262500000000003
2026-08-15 22:33:13.021,12.247,raise,0.07500000000000062,-0.41749999999999954
2026-08-15 22:33:13.031,12.257,raise,0.05249999999999977,-0.3949999999999998
2026-08-15 22:33:13.041,12.267,raise,-0.06062499999999971,-0.5149999999999999
2026-08-15 22:33:13.051,12.277,raise,0.10687499999999961,-0.36937499999999956
2026-08-15 22:33:13.061,12.287,raise,-0.10624999999999996,-0.5012499999999998
2026-08-15 22:33:13.071,12.297,raise,0.06750000000000034,-0.41312499999999974
2026-08-15 22:33:13.081,12.307,raise,0.019375000000000364,-0.400625
2026-08-15 22:33:13.091,12.317,raise,-0.033124999999999405,-0.5312499999999998
2026-08-15 22:33:13.101,12.327,raise,0.1056250000000003,-0.37124999999999964
2026-08-15 22:33:13.111,12.337,raise,-0.09624999999999995,-0.5074999999999996
2026-08-15 22:33:13.121,12.347,raise,0.07750000000000035,-0.4425000000000001
2026-08-15 22:33:13.131,12.357,raise,0.045000000000000595,-0.40437500000000015
2026-08-15 22:33:13.141,12.367,raise,-0.058749999999999636,-0.5299999999999994
2026-08-15 22:33:13.151,12.377,raise,0.10687499999999961,-0.36687499999999984
2026-08-15 22:33:13.161,12.387,raise,-0.10874999999999968,-0.5118749999999994
2026-08-15 22:33:13.171,12.397,raise,0.07000000000000006,-0.43187499999999934
2026-08-15 22:33:13.181,12.407,raise,0.07750000000000035,-0.4125000000000001
2026-08-15 22:33:13.191,12.417,raise,-0.02874999999999961,-0.5281250000000004
2026-08-15 22:33:13.201,12.427,raise,0.1056250000000003,-0.37562499999999943
2026-08-15 22:33:13.211,12.437,raise,-0.09937499999999932,-0.51875
2026-08-15 22:33:13.221,12.447,raise,0.07437499999999986,-0.43187499999999934
2026-08-15 22:33:13.231,12.457,raise,0.04125000000000045,-0.39687499999999987
2026-08-15 22:33:13.241,12.467,raise,-0.06000000000000005,-0.5256249999999996
2026-08-15 22:33:13.251,12.477,raise,0.10000000000000009,-0.3774999999999995
2026-08-15 22:33:13.261,12.487,raise,-0.1112499999999994,-0.5243750000000003
2026-08-15 22:33:13.271,12.497,raise,0.06874999999999964,-0.4256249999999995
2026-08-15 22:33:13.281,12.507,raise,0.07687499999999958,-0.3974999999999995
2026-08-15 22:33:13.291,12.517,raise,-0.028124999999999956,-0.5193749999999997
2026-08-15 22:33:13.301,12.527,raise,0.10437499999999988,-0.37250000000000005
2026-08-15 22:33:13.311,12.537,raise,-0.09937499999999932,-0.5037499999999995
2026-08-15 22:33:13.321,12.547,raise,0.07750000000000035,-0.4181250000000003
2026-08-15 22:33:13.331,12.557,raise,0.04125000000000045,-0.400625
2026-08-15 22:33:13.341,12.567,raise,-0.054999999999999494,-0.5362500000000003
2026-08-15 22:33:13.351,12.577,raise,0.10187500000000016,-0.37562499999999943
2026-08-15 22:33:13.361,12.587,raise,-0.11499999999999955,-0.506875
2026-08-15 22:33:13.371,12.597,raise,0.06562500000000027,-0.41562499999999947
2026-08-15 22:33:13.381,12.607,raise,0.06874999999999964,-0.40312499999999973
2026-08-15 22:33:13.391,12.617,raise,-0.022499999999999742,-0.5337499999999995
2026-08-15 22:33:13.401,12.627,raise,0.10750000000000037,-0.3731249999999997
2026-08-15 22:33:13.411,12.637,raise,-0.09874999999999967,-0.5118749999999994
2026-08-15 22:33:13.421,12.647,raise,0.05624999999999991,-0.43625000000000025
2026-08-15 22:33:13.431,12.657,raise,0.03437499999999982,-0.4093749999999996
2026-08-15 22:33:13.441,12.667,raise,-0.046874999999999556,-0.5274999999999996
2026-08-15 22:33:13.451,12.677,raise,0.10249999999999981,-0.3731249999999997
2026-08-15 22:33:13.461,12.687,raise,-0.11187500000000017,-0.5206250000000001
2026-08-15 22:33:13.471,12.697,raise,0.07062499999999972,-0.42874999999999996
2026-08-15 22:33:13.481,12.707,raise,0.06500000000000061,-0.41312499999999974
2026-08-15 22:33:13.491,12.717,raise,-0.016249999999999876,-0.5193749999999997
2026-08-15 22:33:13.501,12.727,raise,0.1056250000000003,-0.37374999999999936
2026-08-15 22:33:13.511,12.737,raise,-0.09812500000000002,-0.5206250000000001
2026-08-15 22:33:13.521,12.747,raise,0.06125000000000047,-0.42312499999999975
2026-08-15 22:33:13.531,12.757,raise,0.033125000000000515,-0.39562499999999945
2026-08-15 22:33:13.541,12.767,raise,-0.046874999999999556,-0.51875
2026-08-15 22:33:13.551,12.777,raise,0.10375000000000023,-0.37000000000000033
2026-08-15 22:33:13.561,12.787,raise,-0.11312499999999948,-0.5006250000000001
2026-08-15 22:33:13.571,12.797,raise,0.07125000000000048,-0.4200000000000004
2026-08-15 22:33:13.581,12.807,raise,0.056875000000000675,-0.3993749999999996
2026-08-15 22:33:13.591,12.817,raise,-0.07499999999999951,-0.5131249999999998
2026-08-15 22:33:13.601,12.827,raise,0.10375000000000023,-0.37124999999999964
2026-08-15 22:33:13.611,12.837,raise,-0.10437499999999988,-0.5025000000000002
2026-08-15 22:33:13.621,12.847,raise,0.06062499999999971,-0.41312499999999974
2026-08-15 22:33:13.631,12.857,raise,0.02874999999999961,-0.4037499999999994
2026-08-15 22:33:13.641,12.867,raise,-0.038124999999999964,-0.5318749999999994
2026-08-15 22:33:13.651,12.877,raise,0.1012500000000005,-0.37124999999999964
2026-08-15 22:33:13.661,12.887,raise,-0.09124999999999939,-0.50875
2026-08-15 22:33:13.671,12.897,raise,0.07312500000000055,-0.4356249999999995
2026-08-15 22:33:13.681,12.907,raise,0.05249999999999977,-0.40562499999999946
2026-08-15 22:33:13.691,12.917,raise,-0.06624999999999992,-0.5306250000000001
2026-08-15 22:33:13.701,12.927,raise,0.10500000000000065,-0.3718750000000004
2026-08-15 22:33:13.711,12.937,raise,-0.10499999999999954,-0.5125000000000002
2026-08-15 22:33:13.721,12.947,raise,0.0637500000000002,-0.4281250000000003
2026-08-15 22:33:13.731,12.957,raise,0.025000000000000577,-0.4137499999999994
2026-08-15 22:33:13.741,12.967,raise,-0.03437499999999982,-0.5243750000000003
2026-08-15 22:33:13.751,12.977,raise,0.10500000000000065,-0.37000000000000033
2026-08-15 22:33:13.761,12.987,raise,-0.09062499999999973,-0.5206250000000001
2026-08-15 22:33:13.771,12.997,raise,0.07249999999999979,-0.4225000000000001
2026-08-15 22:33:13.781,13.007,raise,0.04812499999999997,-0.3918750000000004
2026-08-15 22:33:13.791,13.017,raise,-0.06750000000000034,-0.51875
2026-08-15 22:33:13.801,13.027,raise,0.1012500000000005,-0.37250000000000005
2026-08-15 22:33:13.811,13.037,raise,-0.11249999999999982,-0.5262500000000003
2026-08-15 22:33:13.821,13.047,raise,0.0637500000000002,-0.4225000000000001
2026-08-15 22:33:13.831,13.057,raise,0.07500000000000062,-0.39874999999999994
2026-08-15 22:33:13.841,13.067,raise,-0.03437499999999982,-0.5156249999999996
2026-08-15 22:33:13.851,13.077,raise,0.10624999999999996,-0.36937499999999956
2026-08-15 22:33:13.861,13.087,raise,-0.09624999999999995,-0.5012499999999998
2026-08-15 22:33:13.871,13.097,raise,0.07562500000000028,-0.4137499999999994
2026-08-15 22:33:13.881,13.107,raise,0.04437499999999983,-0.40124999999999966
2026-08-15 22:33:13.891,13.117,raise,-0.06624999999999992,-0.5349999999999999
2026-08-15 22:33:13.901,13.127,raise,0.10937500000000044,-0.37000000000000033
2026-08-15 22:33:13.911,13.137,raise,-0.1143749999999999,-0.5081250000000004
2026-08-15 22:33:13.921,13.147,raise,0.06312500000000054,-0.4443750000000002
2026-08-15 22:33:13.931,13.157,raise,0.07687499999999958,-0.40562499999999946
2026-08-15 22:33:13.941,13.167,raise,-0.03249999999999975,-0.5349999999999999
2026-08-15 22:33:13.951,13.177,raise,0.10874999999999968,-0.37000000000000033
2026-08-15 22:33:13.961,13.187,raise,-0.09437499999999988,-0.5137499999999995
2026-08-15 22:33:13.971,13.197,raise,0.078125,-0.43187499999999934
2026-08-15 22:33:13.981,13.207,raise,0.045000000000000595,-0.4125000000000001
2026-08-15 22:33:13.991,13.217,raise,-0.06062499999999971,-0.5306250000000001
2026-08-15 22:33:14.001,13.227,raise,0.10062499999999974,-0.3718750000000004
2026-08-15 22:33:14.011,13.237,raise,-0.10937499999999933,-0.51875
2026-08-15 22:33:14.021,13.247,raise,0.0637500000000002,-0.42749999999999955
2026-08-15 22:33:14.031,13.257,raise,0.06624999999999992,-0.4212499999999997
2026-08-15 22:33:14.041,13.267,raise,-0.03062499999999968,-0.5225000000000002
2026-08-15 22:33:14.051,13.277,raise,0.1012500000000005,-0.3731249999999997
2026-08-15 22:33:14.061,13.287,raise,-0.09874999999999967,-0.5218749999999994
2026-08-15 22:33:14.071,13.297,raise,0.053750000000000187,-0.4249999999999998
2026-08-15 22:33:14.081,13.307,raise,0.04187500000000011,-0.39250000000000007
2026-08-15 22:33:14.091,13.317,raise,-0.05312499999999942,-0.51875
2026-08-15 22:33:14.101,13.327,raise,0.1012500000000005,-0.37250000000000005
2026-08-15 22:33:14.111,13.337,raise,-0.10812500000000003,-0.4981250000000004
2026-08-15 22:33:14.121,13.347,raise,0.0637500000000002,-0.41749999999999954
2026-08-15 22:33:14.131,13.357,raise,0.06500000000000061,-0.3949999999999998
2026-08-15 22:33:14.141,13.367,raise,-0.02375000000000016,-0.5343750000000003
2026-08-15 22:33:14.151,13.377,raise,0.1012500000000005,-0.3662500000000002
2026-08-15 22:33:14.161,13.387,raise,-0.10249999999999981,-0.5012499999999998
2026-08-15 22:33:14.171,13.397,raise,0.056875000000000675,-0.4093749999999996
2026-08-15 22:33:14.181,13.407,raise,0.033125000000000515,-0.40000000000000036
2026-08-15 22:33:14.191,13.417,raise,-0.04874999999999963,-0.536875
2026-08-15 22:33:14.201,13.427,raise,0.10187500000000016,-0.37000000000000033
2026-08-15 22:33:14.211,13.437,raise,-0.11312499999999948,-0.50875
2026-08-15 22:33:14.221,13.447,raise,0.06812499999999999,-0.4400000000000004
2026-08-15 22:33:14.231,13.457,raise,0.061875000000000124,-0.40874999999999995
2026-08-15 22:33:14.241,13.467,raise,-0.078125,-0.5306250000000001
2026-08-15 22:33:14.251,13.477,raise,0.10312500000000058,-0.3787499999999999
2026-08-15 22:33:14.261,13.487,raise,-0.10000000000000009,-0.51875
2026-08-15 22:33:14.271,13.497,raise,0.06249999999999978,-0.4337499999999994
2026-08-15 22:33:14.281,13.507,raise,0.03249999999999975,-0.41625000000000023
2026-08-15 22:33:14.291,13.517,raise,-0.044999999999999485,-0.5262500000000003
2026-08-15 22:33:14.301,13.527,raise,0.10312500000000058,-0.37562499999999943
2026-08-15 22:33:14.311,13.537,raise,-0.11249999999999982,-0.5212499999999998
2026-08-15 22:33:14.321,13.547,raise,0.07437499999999986,-0.4268749999999999
2026-08-15 22:33:14.331,13.557,raise,0.058749999999999636,-0.39124999999999965
2026-08-15 22:33:14.341,13.567,raise,-0.07312499999999944,-0.5206250000000001
2026-08-15 22:33:14.351,13.577,raise,0.1012500000000005,-0.3749999999999998
2026-08-15 22:33:14.361,13.587,raise,-0.10499999999999954,-0.49562499999999954
2026-08-15 22:33:14.371,13.597,raise,0.06062499999999971,-0.4225000000000001
2026-08-15 22:33:14.381,13.607,raise,0.030000000000000027,-0.3974999999999995
2026-08-15 22:33:14.391,13.617,raise,-0.04062499999999969,-0.5199999999999994
2026-08-15 22:33:14.401,13.627,raise,0.10312500000000058,-0.36937499999999956
2026-08-15 22:33:14.411,13.637,raise,-0.08562500000000028,-0.5012499999999998
2026-08-15 22:33:14.421,13.647,raise,0.07562500000000028,-0.4168749999999999
2026-08-15 22:33:14.431,13.657,raise,0.055000000000000604,-0.3981250000000003
2026-08-15 22:33:14.441,13.667,raise,-0.06624999999999992,-0.5356249999999996
2026-08-15 22:33:14.451,13.677,raise,0.1056250000000003,-0.36937499999999956
2026-08-15 22:33:14.461,13.687,raise,-0.10812500000000003,-0.50875
2026-08-15 22:33:14.471,13.697,raise,0.06562500000000027,-0.44187499999999935
2026-08-15 22:33:14.481,13.707,raise,0.07624999999999993,-0.40562499999999946
2026-08-15 22:33:14.491,13.717,raise,-0.03562500000000024,-0.5293749999999997
2026-08-15 22:33:14.501,13.727,raise,0.10249999999999981,-0.36937499999999956
2026-08-15 22:33:14.511,13.737,raise,-0.09187500000000015,-0.5118749999999994
2026-08-15 22:33:14.521,13.747,raise,0.07312500000000055,-0.4368749999999999
2026-08-15 22:33:14.531,13.757,raise,0.04874999999999963,-0.4062500000000002
2026-08-15 22:33:14.541,13.767,raise,-0.06624999999999992,-0.5306250000000001
2026-08-15 22:33:14.551,13.777,raise,0.10437499999999988,-0.37812500000000027
2026-08-15 22:33:14.561,13.787,raise,-0.10812500000000003,-0.516875
2026-08-15 22:33:14.571,13.797,raise,0.0637500000000002,-0.43499999999999983
2026-08-15 22:33:14.581,13.807,raise,0.07562500000000028,-0.3949999999999998
2026-08-15 22:33:14.591,13.817,raise,-0.03687499999999955,-0.5249999999999999
2026-08-15 22:33:14.601,13.827,raise,0.10750000000000037,-0.37562499999999943
2026-08-15 22:33:14.611,13.837,raise,-0.0924999999999998,-0.526875
2026-08-15 22:33:14.621,13.847,raise,0.07874999999999965,-0.42437500000000017
2026-08-15 22:33:14.631,13.857,raise,0.04937500000000039,-0.39437500000000014
2026-08-15 22:33:14.641,13.867,raise,-0.06249999999999978,-0.5206250000000001
2026-08-15 22:33:14.651,13.877,raise,0.1056250000000003,-0.3731249999999997
2026-08-15 22:33:14.661,13.887,raise,-0.10687499999999961,-0.4962500000000003
2026-08-15 22:33:14.671,13.897,raise,0.06750000000000034,-0.42312499999999975
2026-08-15 22:33:14.681,13.907,raise,0.07687499999999958,-0.39687499999999987
2026-08-15 22:33:14.691,13.917,raise,-0.0318750000000001,-0.5362500000000003
2026-08-15 22:33:14.701,13.927,raise,0.10624999999999996,-0.37250000000000005
2026-08-15 22:33:14.711,13.937,raise,-0.09375000000000022,-0.5062500000000003
2026-08-15 22:33:14.721,13.947,raise,0.07750000000000035,-0.4149999999999998
2026-08-15 22:33:14.731,13.957,raise,0.050000000000000044,-0.4049999999999998
2026-08-15 22:33:14.741,13.967,raise,-0.053750000000000187,-0.5331249999999998
2026-08-15 22:33:14.751,13.977,raise,0.10375000000000023,-0.37374999999999936
2026-08-15 22:33:14.761,13.987,raise,-0.10687499999999961,-0.5074999999999996
2026-08-15 22:33:14.771,13.997,raise,0.06562500000000027,-0.4368749999999999
2026-08-15 22:33:14.781,14.007,raise,0.07624999999999993,-0.40749999999999953
2026-08-15 22:33:14.791,14.017,raise,-0.02874999999999961,-0.5299999999999994
2026-08-15 22:33:14.801,14.027,raise,0.10375000000000023,-0.38000000000000034
2026-08-15 22:33:14.811,14.037,raise,-0.09499999999999953,-0.5193749999999997
2026-08-15 22:33:14.821,14.047,raise,0.051875000000000115,-0.4337499999999994
2026-08-15 22:33:14.831,14.057,raise,0.04125000000000045,-0.4193749999999996
2026-08-15 22:33:14.841,14.067,raise,-0.05562500000000026,-0.526875
2026-08-15 22:33:14.851,14.077,raise,0.10062499999999974,-0.3774999999999995
2026-08-15 22:33:14.861,14.087,raise,-0.10812500000000003,-0.5218749999999994
2026-08-15 22:33:14.871,14.097,raise,0.06437499999999985,-0.4281250000000003
2026-08-15 22:33:14.881,14.107,raise,0.06624999999999992,-0.3949999999999998
2026-08-15 22:33:14.891,14.117,raise,-0.07937500000000042,-0.5212499999999998
2026-08-15 22:33:14.901,14.127,raise,0.10312500000000058,-0.3731249999999997
2026-08-15 22:33:14.911,14.137,raise,-0.09624999999999995,-0.4974999999999996
2026-08-15 22:33:14.921,14.147,raise,0.05437499999999984,-0.420625
2026-08-15 22:33:14.931,14.157,raise,0.035000000000000586,-0.39562499999999945
2026-08-15 22:33:14.941,14.167,raise,-0.04750000000000032,-0.5156249999999996
2026-08-15 22:33:14.951,14.177,raise,0.10437499999999988,-0.3731249999999997
2026-08-15 22:33:14.961,14.187,raise,-0.10624999999999996,-0.5006250000000001
2026-08-15 22:33:14.971,14.197,raise,0.06874999999999964,-0.41625000000000023
2026-08-15 22:33:14.981,14.207,raise,0.06624999999999992,-0.3993749999999996
2026-08-15 22:33:14.991,14.217,raise,-0.07312499999999944,-0.5387500000000001
2026-08-15 22:33:15.001,14.227,raise,0.10375000000000023,-0.3718750000000004
2026-08-15 22:33:15.011,14.237,raise,-0.09874999999999967,-0.5062500000000003
2026-08-15 22:33:15.021,14.247,raise,0.058749999999999636,-0.44187499999999935
2026-08-15 22:33:15.031,14.257,raise,0.03249999999999975,-0.4068749999999999
2026-08-15 22:33:15.041,14.267,raise,-0.046874999999999556,-0.5331249999999998
2026-08-15 22:33:15.051,14.277,raise,0.10312500000000058,-0.3793749999999996
2026-08-15 22:33:15.061,14.287,raise,-0.08312499999999945,-0.5143750000000002
2026-08-15 22:33:15.071,14.297,raise,0.06937500000000041,-0.4356249999999995
2026-08-15 22:33:15.081,14.307,raise,0.061875000000000124,-0.41312499999999974
2026-08-15 22:33:15.091,14.317,raise,-0.06812499999999999,-0.5306250000000001
2026-08-15 22:33:15.101,14.327,raise,0.10500000000000065,-0.3793749999999996
2026-08-15 22:33:15.111,14.337,raise,-0.09750000000000036,-0.5193749999999997
2026-08-15 22:33:15.121,14.347,raise,0.06437499999999985,-0.43062500000000004
2026-08-15 22:33:15.131,14.357,raise,0.030000000000000027,-0.39562499999999945
2026-08-15 22:33:15.141,14.367,raise,-0.043124999999999414,-0.5249999999999999
2026-08-15 22:33:15.151,14.377,raise,0.10312500000000058,-0.3774999999999995
2026-08-15 22:33:15.161,14.387,raise,-0.08437499999999987,-0.4949999999999999
2026-08-15 22:33:15.171,14.397,raise,0.07500000000000062,-0.4268749999999999
2026-08-15 22:33:15.181,14.407,raise,0.053750000000000187,-0.3931249999999997
2026-08-15 22:33:15.191,14.417,raise,-0.06562500000000027,-0.5206250000000001
2026-08-15 22:33:15.201,14.427,raise,0.10437499999999988,-0.3749999999999998
2026-08-15 22:33:15.211,14.437,raise,-0.10187500000000016,-0.4974999999999996
2026-08-15 22:33:15.221,14.447,raise,0.06500000000000061,-0.420625
2026-08-15 22:33:15.231,14.457,raise,0.08062499999999972,-0.4018750000000004
2026-08-15 22:33:15.241,14.467,raise,-0.040000000000000036,-0.5418749999999994
2026-08-15 22:33:15.251,14.477,raise,0.10437499999999988,-0.37250000000000005
2026-08-15 22:33:15.261,14.487,raise,-0.08750000000000036,-0.5081250000000004
2026-08-15 22:33:15.271,14.497,raise,0.07624999999999993,-0.44875
2026-08-15 22:33:15.281,14.507,raise,0.05562500000000026,-0.4081250000000003
2026-08-15 22:33:15.291,14.517,raise,-0.061875000000000124,-0.5381250000000004
2026-08-15 22:33:15.301,14.527,raise,0.10312500000000058,-0.37562499999999943
2026-08-15 22:33:15.311,14.537,raise,-0.10312499999999947,-0.5149999999999999
2026-08-15 22:33:15.321,14.547,raise,0.07000000000000006,-0.4443750000000002
2026-08-15 22:33:15.331,14.557,raise,0.08125000000000049,-0.41562499999999947
2026-08-15 22:33:15.341,14.567,raise,-0.030000000000000027,-0.5362500000000003
2026-08-15 22:33:15.351,14.577,raise,0.10375000000000023,-0.37812500000000027
2026-08-15 22:33:15.361,14.587,raise,-0.09000000000000008,-0.51875
2026-08-15 22:33:15.371,14.597,raise,0.07874999999999965,-0.43875
2026-08-15 22:33:15.381,14.607,raise,0.0506249999999997,-0.39124999999999965
2026-08-15 22:33:15.391,14.617,raise,-0.0593750000000004,-0.5325000000000002
2026-08-15 22:33:15.401,14.627,raise,0.10687499999999961,-0.37562499999999943
2026-08-15 22:33:15.411,14.637,raise,-0.10437499999999988,-0.5256249999999996
2026-08-15 22:33:15.421,14.647,raise,0.07062499999999972,-0.4281250000000003
2026-08-15 22:33:15.431,14.657,raise,0.08312500000000056,-0.39250000000000007
2026-08-15 22:33:15.441,14.667,raise,-0.03062499999999968,-0.526875
2026-08-15 22:33:15.451,14.677,raise,0.11125000000000052,-0.3749999999999998
2026-08-15 22:33:15.461,14.687,raise,-0.09375000000000022,-0.4962500000000003
2026-08-15 22:33:15.471,14.697,raise,0.05562500000000026,-0.42312499999999975
2026-08-15 22:33:15.481,14.707,raise,0.04562500000000025,-0.400625
2026-08-15 22:33:15.491,14.717,raise,-0.06312499999999943,-0.5399999999999994
2026-08-15 22:33:15.501,14.727,raise,0.10500000000000065,-0.3743750000000001
2026-08-15 22:33:15.511,14.737,raise,-0.10874999999999968,-0.5025000000000002
2026-08-15 22:33:15.521,14.747,raise,0.06750000000000034,-0.4181250000000003
2026-08-15 22:33:15.531,14.757,raise,0.08187500000000014,-0.4018750000000004
2026-08-15 22:33:15.541,14.767,raise,-0.08062499999999972,-0.5393749999999997
2026-08-15 22:33:15.551,14.777,raise,0.10874999999999968,-0.3731249999999997
2026-08-15 22:33:15.561,14.787,raise,-0.09312499999999946,-0.5093749999999997
2026-08-15 22:33:15.571,14.797,raise,0.05562500000000026,-0.44625000000000026
2026-08-15 22:33:15.581,14.807,raise,0.04375000000000018,-0.4062500000000002
2026-08-15 22:33:15.591,14.817,raise,-0.05750000000000033,-0.5356249999999996
2026-08-15 22:33:15.601,14.827,raise,0.10249999999999981,-0.380625
2026-08-15 22:33:15.611,14.837,raise,-0.10937499999999933,-0.5143750000000002
2026-08-15 22:33:15.621,14.847,raise,0.07312500000000055,-0.4412499999999997
2026-08-15 22:33:15.631,14.857,raise,0.07312500000000055,-0.41625000000000023
2026-08-15 22:33:15.641,14.867,raise,-0.07687499999999958,-0.5337499999999995
2026-08-15 22:33:15.651,14.877,raise,0.11187500000000017,-0.3787499999999999
2026-08-15 22:33:15.661,14.887,raise,-0.09187500000000015,-0.5249999999999999
2026-08-15 22:33:15.671,14.897,raise,0.06000000000000005,-0.4325000000000001
2026-08-15 22:33:15.681,14.907,raise,0.04562500000000025,-0.39124999999999965
2026-08-15 22:33:15.691,14.917,raise,-0.04937500000000039,-0.52875
2026-08-15 22:33:15.701,14.927,raise,0.10624999999999996,-0.37562499999999943
2026-08-15 22:33:15.711,14.937,raise,-0.07624999999999993,-0.48937499999999967
2026-08-15 22:33:15.721,14.947,raise,0.07062499999999972,-0.42874999999999996
2026-08-15 22:33:15.731,14.957,raise,0.07249999999999979,-0.39687499999999987
2026-08-15 22:33:15.741,14.967,raise,-0.07562500000000028,-0.5199999999999994
2026-08-15 22:33:15.751,14.977,raise,0.10624999999999996,-0.3731249999999997
2026-08-15 22:33:15.761,14.987,raise,-0.10000000000000009,-0.49687499999999996
2026-08-15 22:33:15.771,14.997,raise,0.061875000000000124,-0.4225000000000001
2026-08-15 22:33:15.781,15.007,raise,0.04062499999999969,-0.39687499999999987
2026-08-15 22:33:15.791,15.017,raise,-0.046874999999999556,-0.5362500000000003
2026-08-15 22:33:15.801,15.027,raise,0.1056250000000003,-0.37562499999999943
2026-08-15 22:33:15.811,15.037,raise,-0.08187500000000014,-0.5037499999999995
2026-08-15 22:33:15.821,15.047,raise,0.07187500000000013,-0.45187499999999936
2026-08-15 22:33:15.831,15.057,raise,0.06750000000000034,-0.4049999999999998
2026-08-15 22:33:15.841,15.067,raise,-0.07312499999999944,-0.5374999999999996
2026-08-15 22:33:15.851,15.077,raise,0.1056250000000003,-0.3731249999999997
2026-08-15 22:33:15.861,15.087,raise,-0.09624999999999995,-0.5118749999999994
2026-08-15 22:33:15.871,15.097,raise,0.061875000000000124,-0.4437499999999994
2026-08-15 22:33:15.881,15.107,raise,0.08937500000000043,-0.410625
2026-08-15 22:33:15.891,15.117,raise,-0.04187500000000011,-0.5318749999999994
2026-08-15 22:33:15.901,15.127,raise,0.1056250000000003,-0.38250000000000006
2026-08-15 22:33:15.911,15.137,raise,-0.07750000000000035,-0.5149999999999999
2026-08-15 22:33:15.921,15.147,raise,0.07062499999999972,-0.43749999999999956
2026-08-15 22:33:15.931,15.157,raise,0.05812499999999998,-0.39437500000000014
2026-08-15 22:33:15.941,15.167,raise,-0.06874999999999964,-0.5293749999999997
2026-08-15 22:33:15.951,15.177,raise,0.10375000000000023,-0.37812500000000027
2026-08-15 22:33:15.961,15.187,raise,-0.10000000000000009,-0.5199999999999994
2026-08-15 22:33:15.971,15.197,raise,0.0637500000000002,-0.43062500000000004
2026-08-15 22:33:15.981,15.207,raise,0.08375000000000021,-0.39562499999999945
2026-08-15 22:33:15.991,15.217,raise,-0.03437499999999982,-0.5256249999999996
2026-08-15 22:33:16.001,15.227,raise,0.10750000000000037,-0.3787499999999999
2026-08-15 22:33:16.011,15.237,raise,-0.08187500000000014,-0.49374999999999947
2026-08-15 22:33:16.021,15.247,raise,0.0737500000000002,-0.42749999999999955
2026-08-15 22:33:16.031,15.257,raise,0.05812499999999998,-0.400625
2026-08-15 22:33:16.041,15.267,raise,-0.06312499999999943,-0.5412499999999998
2026-08-15 22:33:16.051,15.277,raise,0.09812500000000002,-0.3774999999999995
2026-08-15 22:33:16.061,15.287,raise,-0.10312499999999947,-0.5012499999999998
2026-08-15 22:33:16.071,15.297,raise,0.06687500000000068,-0.4225000000000001
2026-08-15 22:33:16.081,15.307,raise,0.08437499999999987,-0.40312499999999973
2026-08-15 22:33:16.091,15.317,raise,-0.034999999999999476,-0.5393749999999997
2026-08-15 22:33:16.101,15.327,raise,0.10687499999999961,-0.3749999999999998
2026-08-15 22:33:16.111,15.337,raise,-0.08687499999999959,-0.5062500000000003
2026-08-15 22:33:16.121,15.347,raise,0.05249999999999977,-0.44499999999999984
2026-08-15 22:33:16.131,15.357,raise,0.055000000000000604,-0.410625
2026-08-15 22:33:16.141,15.367,raise,-0.061875000000000124,-0.5356249999999996
2026-08-15 22:33:16.151,15.377,raise,0.10437499999999988,-0.38124999999999964
2026-08-15 22:33:16.161,15.387,raise,-0.10499999999999954,-0.5149999999999999
2026-08-15 22:33:16.171,15.397,raise,0.06687500000000068,-0.4425000000000001
2026-08-15 22:33:16.181,15.407,raise,0.08062499999999972,-0.3937499999999994
2026-08-15 22:33:16.191,15.417,raise,-0.03562500000000024,-0.536875
2026-08-15 22:33:16.201,15.427,raise,0.10874999999999968,-0.38000000000000034
2026-08-15 22:33:16.211,15.437,raise,-0.09000000000000008,-0.5237499999999995
2026-08-15 22:33:16.221,15.447,raise,0.05624999999999991,-0.4368749999999999
2026-08-15 22:33:16.231,15.457,raise,0.0506249999999997,-0.3981250000000003
2026-08-15 22:33:16.241,15.467,raise,-0.06124999999999936,-0.52875
2026-08-15 22:33:16.251,15.477,raise,0.10687499999999961,-0.3749999999999998
2026-08-15 22:33:16.261,15.487,raise,-0.10624999999999996,-0.49562499999999954
2026-08-15 22:33:16.271,15.497,raise,0.07125000000000048,-0.43187499999999934
2026-08-15 22:33:16.281,15.507,raise,0.08062499999999972,-0.3981250000000003
2026-08-15 22:33:16.291,15.517,raise,-0.08437499999999987,-0.5449999999999999
2026-08-15 22:33:16.301,15.527,raise,0.1056250000000003,-0.3762500000000002
2026-08-15 22:33:16.311,15.537,raise,-0.09437499999999988,-0.5018749999999994
2026-08-15 22:33:16.321,15.547,raise,0.056875000000000675,-0.42874999999999996
2026-08-15 22:33:16.331,15.557,raise,0.05312500000000053,-0.40437500000000015
2026-08-15 22:33:16.341,15.567,raise,-0.05624999999999991,-0.5431249999999999
2026-08-15 22:33:16.351,15.577,raise,0.10812500000000003,-0.37812500000000027
2026-08-15 22:33:16.361,15.587,raise,-0.10312499999999947,-0.5056249999999995
2026-08-15 22:33:16.371,15.597,raise,0.06874999999999964,-0.45187499999999936
2026-08-15 22:33:16.381,15.607,raise,0.07874999999999965,-0.4068749999999999
2026-08-15 22:33:16.391,15.617,raise,-0.07937500000000042,-0.5374999999999996
2026-08-15 22:33:16.401,15.627,raise,0.10500000000000065,-0.38562499999999944
2026-08-15 22:33:16.411,15.637,raise,-0.09124999999999939,-0.5118749999999994
2026-08-15 22:33:16.421,15.647,raise,0.05750000000000033,-0.4443750000000002
2026-08-15 22:33:16.431,15.657,raise,0.046875000000000666,-0.410625
2026-08-15 22:33:16.441,15.667,raise,-0.050000000000000044,-0.5325000000000002
2026-08-15 22:33:16.451,15.677,raise,0.1100000000000001,-0.3831249999999997
2026-08-15 22:33:16.461,15.687,raise,-0.07000000000000006,-0.51875
2026-08-15 22:33:16.471,15.697,raise,0.07062499999999972,-0.4368749999999999
2026-08-15 22:33:16.481,15.707,raise,0.07562500000000028,-0.3893749999999996
2026-08-15 22:33:16.491,15.717,raise,-0.07562500000000028,-0.5356249999999996
2026-08-15 22:33:16.501,15.727,raise,0.10687499999999961,-0.37687499999999985
2026-08-15 22:33:16.511,15.737,raise,-0.0968749999999996,-0.4874999999999996
2026-08-15 22:33:16.521,15.747,raise,0.0593750000000004,-0.4343750000000002
2026-08-15 22:33:16.531,15.757,raise,0.09437499999999988,-0.3918750000000004
2026-08-15 22:33:16.541,15.767,raise,-0.051875000000000115,-0.5281250000000004
2026-08-15 22:33:16.551,15.777,raise,0.10812500000000003,-0.37562499999999943
2026-08-15 22:33:16.561,15.787,raise,-0.07187500000000013,-0.49437500000000023
2026-08-15 22:33:16.571,15.797,raise,0.07125000000000048,-0.4300000000000004
2026-08-15 22:33:16.581,15.807,raise,0.07437499999999986,-0.40000000000000036
2026-08-15 22:33:16.591,15.817,raise,-0.0737500000000002,-0.5437499999999995
2026-08-15 22:33:16.601,15.827,raise,0.1056250000000003,-0.3774999999999995
2026-08-15 22:33:16.611,15.837,raise,-0.0968749999999996,-0.5043750000000002
2026-08-15 22:33:16.621,15.847,raise,0.058749999999999636,-0.4600000000000004
2026-08-15 22:33:16.631,15.857,raise,0.09375000000000022,-0.40312499999999973
2026-08-15 22:33:16.641,15.867,raise,-0.0462499999999999,-0.5418749999999994
2026-08-15 22:33:16.651,15.877,raise,0.10687499999999961,-0.37562499999999943
2026-08-15 22:33:16.661,15.887,raise,-0.07312499999999944,-0.5125000000000002
2026-08-15 22:33:16.671,15.897,raise,0.07125000000000048,-0.4512499999999997
2026-08-15 22:33:16.681,15.907,raise,0.06562500000000027,-0.4049999999999998
2026-08-15 22:33:16.691,15.917,raise,-0.06812499999999999,-0.5399999999999994
2026-08-15 22:33:16.701,15.927,raise,0.09874999999999967,-0.38562499999999944
2026-08-15 22:33:16.711,15.937,raise,-0.09437499999999988,-0.5137499999999995
2026-08-15 22:33:16.721,15.947,raise,0.06125000000000047,-0.4456249999999995
2026-08-15 22:33:16.731,15.957,raise,0.08687499999999959,-0.3918750000000004
2026-08-15 22:33:16.741,15.967,raise,-0.04437499999999983,-0.5381250000000004
2026-08-15 22:33:16.751,15.977,raise,0.10312500000000058,-0.3793749999999996
2026-08-15 22:33:16.761,15.987,raise,-0.07750000000000035,-0.5243750000000003
2026-08-15 22:33:16.771,15.997,raise,0.07062499999999972,-0.44062500000000004
2026-08-15 22:33:16.781,16.007,raise,0.0637500000000002,-0.39124999999999965
2026-08-15 22:33:16.791,16.017,raise,-0.06687499999999957,-0.5356249999999996
2026-08-15 22:33:16.801,16.027,raise,0.10187500000000016,-0.37812500000000027
2026-08-15 22:33:16.811,16.037,raise,-0.10437499999999988,-0.48937499999999967
2026-08-15 22:33:16.821,16.047,raise,0.06312500000000054,-0.43625000000000025
2026-08-15 22:33:16.831,16.057,raise,0.08187500000000014,-0.39562499999999945
2026-08-15 22:33:16.841,16.067,raise,-0.04124999999999934,-0.5487500000000001
2026-08-15 22:33:16.851,16.077,raise,0.10375000000000023,-0.37812500000000027
2026-08-15 22:33:16.861,16.087,raise,-0.08499999999999952,-0.4974999999999996
2026-08-15 22:33:16.871,16.097,raise,0.050000000000000044,-0.42749999999999955
2026-08-15 22:33:16.881,16.107,raise,0.05125000000000046,-0.3981250000000003
2026-08-15 22:33:16.891,16.117,raise,-0.06000000000000005,-0.5418749999999994
2026-08-15 22:33:16.901,16.127,raise,0.10437499999999988,-0.3731249999999997
2026-08-15 22:33:16.911,16.137,raise,-0.10062499999999974,-0.5012499999999998
2026-08-15 22:33:16.921,16.147,raise,0.06437499999999985,-0.4512499999999997
2026-08-15 22:33:16.931,16.157,raise,0.08062499999999972,-0.4062500000000002
2026-08-15 22:33:16.941,16.167,raise,-0.08812500000000001,-0.5393749999999997
2026-08-15 22:33:16.951,16.177,raise,0.10500000000000065,-0.3881250000000003
2026-08-15 22:33:16.961,16.187,raise,-0.08437499999999987,-0.5099999999999993
2026-08-15 22:33:16.971,16.197,raise,0.0506249999999997,-0.44749999999999956
2026-08-15 22:33:16.981,16.207,raise,0.05249999999999977,-0.4062500000000002
2026-08-15 22:33:16.991,16.217,raise,-0.06249999999999978,-0.5356249999999996
2026-08-15 22:33:17.001,16.227,raise,0.10624999999999996,-0.3818750000000004
2026-08-15 22:33:17.011,16.237,raise,-0.10499999999999954,-0.5143750000000002
2026-08-15 22:33:17.021,16.247,raise,0.06437499999999985,-0.4393749999999996
2026-08-15 22:33:17.031,16.257,raise,0.08125000000000049,-0.39124999999999965
2026-08-15 22:33:17.041,16.267,raise,-0.08812500000000001,-0.5349999999999999
2026-08-15 22:33:17.051,16.277,raise,0.10187500000000016,-0.3831249999999997
2026-08-15 22:33:17.061,16.287,raise,-0.09000000000000008,-0.48562499999999953
2026-08-15 22:33:17.071,16.297,raise,0.051875000000000115,-0.4381250000000003
2026-08-15 22:33:17.081,16.307,raise,0.046875000000000666,-0.39687499999999987
2026-08-15 22:33:17.091,16.317,raise,-0.061875000000000124,-0.5306250000000001
2026-08-15 22:33:17.101,16.327,raise,0.10187500000000016,-0.38124999999999964
2026-08-15 22:33:17.111,16.337,raise,-0.0649999999999995,-0.49437500000000023
2026-08-15 22:33:17.121,16.347,raise,0.06874999999999964,-0.43062500000000004
2026-08-15 22:33:17.131,16.357,raise,0.08125000000000049,-0.39562499999999945
2026-08-15 22:33:17.141,16.367,raise,-0.08124999999999938,-0.5431249999999999
2026-08-15 22:33:17.151,16.377,raise,0.10812500000000003,-0.3793749999999996
2026-08-15 22:33:17.161,16.387,raise,-0.0924999999999998,-0.5018749999999994
2026-08-15 22:33:17.171,16.397,raise,0.05562500000000026,-0.45875
2026-08-15 22:33:17.181,16.407,raise,0.0912500000000005,-0.40562499999999946
2026-08-15 22:33:17.191,16.417,raise,-0.05812499999999998,-0.5381250000000004
2026-08-15 22:33:17.201,16.427,raise,0.10312500000000058,-0.38687499999999986
2026-08-15 22:33:17.211,16.437,raise,-0.07124999999999937,-0.5056249999999995
2026-08-15 22:33:17.221,16.447,raise,0.06500000000000061,-0.4525000000000001
2026-08-15 22:33:17.231,16.457,raise,0.07437499999999986,-0.4093749999999996
2026-08-15 22:33:17.241,16.467,raise,-0.0824999999999998,-0.5431249999999999
2026-08-15 22:33:17.251,16.477,raise,0.10500000000000065,-0.38687499999999986
2026-08-15 22:33:17.261,16.487,raise,-0.09437499999999988,-0.5131249999999998
2026-08-15 22:33:17.271,16.497,raise,0.056875000000000675,-0.4468749999999999
2026-08-15 22:33:17.281,16.507,raise,0.09500000000000064,-0.3931249999999997
2026-08-15 22:33:17.291,16.517,raise,-0.058749999999999636,-0.5356249999999996
2026-08-15 22:33:17.301,16.527,raise,0.1012500000000005,-0.38562499999999944
2026-08-15 22:33:17.311,16.537,raise,-0.078125,-0.48687499999999995
2026-08-15 22:33:17.321,16.547,raise,0.07062499999999972,-0.4400000000000004
2026-08-15 22:33:17.331,16.557,raise,0.07187500000000013,-0.3974999999999995
2026-08-15 22:33:17.341,16.567,raise,-0.07937500000000042,-0.5318749999999994
2026-08-15 22:33:17.351,16.577,raise,0.09812500000000002,-0.38124999999999964
2026-08-15 22:33:17.361,16.587,raise,-0.09937499999999932,-0.49437500000000023
2026-08-15 22:33:17.371,16.597,raise,0.0593750000000004,-0.43312499999999976
2026-08-15 22:33:17.381,16.607,raise,0.09000000000000008,-0.3974999999999995
2026-08-15 22:33:17.391,16.617,raise,-0.051875000000000115,-0.5481250000000004
2026-08-15 22:33:17.401,16.627,raise,0.10687499999999961,-0.380625
2026-08-15 22:33:17.411,16.637,raise,-0.07750000000000035,-0.5012499999999998
2026-08-15 22:33:17.421,16.647,raise,0.06812499999999999,-0.4662500000000003
2026-08-15 22:33:17.431,16.657,raise,0.06874999999999964,-0.4018750000000004
2026-08-15 22:33:17.441,16.667,raise,-0.08124999999999938,-0.5437499999999995
2026-08-15 22:33:17.451,16.677,raise,0.10187500000000016,-0.3762500000000002
2026-08-15 22:33:17.461,16.687,raise,-0.0956250000000003,-0.5037499999999995
2026-08-15 22:33:17.471,16.697,raise,0.05812499999999998,-0.45499999999999985
2026-08-15 22:33:17.481,16.707,raise,0.09187500000000015,-0.410625
2026-08-15 22:33:17.491,16.717,raise,-0.051875000000000115,-0.5406250000000001
2026-08-15 22:33:17.501,16.727,raise,0.10500000000000065,-0.38437500000000013
2026-08-15 22:33:17.511,16.737,raise,-0.08062499999999972,-0.5137499999999995
2026-08-15 22:33:17.521,16.747,raise,0.04562500000000025,-0.4500000000000004
2026-08-15 22:33:17.531,16.757,raise,0.06562500000000027,-0.3874999999999995
2026-08-15 22:33:17.541,16.767,raise,-0.07624999999999993,-0.5387500000000001
2026-08-15 22:33:17.551,16.777,raise,0.09812500000000002,-0.38687499999999986
2026-08-15 22:33:17.561,16.787,raise,-0.0968749999999996,-0.5206250000000001
2026-08-15 22:33:17.571,16.797,raise,0.05624999999999991,-0.44312499999999977
2026-08-15 22:33:17.581,16.807,raise,0.08500000000000063,-0.3937499999999994
2026-08-15 22:33:17.591,16.817,raise,-0.0462499999999999,-0.536875
2026-08-15 22:33:17.601,16.827,raise,0.1012500000000005,-0.38437500000000013
2026-08-15 22:33:17.611,16.837,raise,-0.08000000000000007,-0.48875
2026-08-15 22:33:17.621,16.847,raise,0.0462499999999999,-0.4381250000000003
2026-08-15 22:33:17.631,16.857,raise,0.06125000000000047,-0.3949999999999998
2026-08-15 22:33:17.641,16.867,raise,-0.07062499999999972,-0.5474999999999997
2026-08-15 22:33:17.651,16.877,raise,0.09750000000000036,-0.38000000000000034
2026-08-15 22:33:17.661,16.887,raise,-0.10062499999999974,-0.49437500000000023
2026-08-15 22:33:17.671,16.897,raise,0.06125000000000047,-0.43312499999999976
2026-08-15 22:33:17.681,16.907,raise,0.08687499999999959,-0.3981250000000003
2026-08-15 22:33:17.691,16.917,raise,-0.09000000000000008,-0.546875
2026-08-15 22:33:17.701,16.927,raise,0.1056250000000003,-0.3774999999999995
2026-08-15 22:33:17.711,16.937,raise,-0.08312499999999945,-0.49999999999999933
2026-08-15 22:33:17.721,16.947,raise,0.04937500000000039,-0.46250000000000013
2026-08-15 22:33:17.731,16.957,raise,0.05624999999999991,-0.4037499999999994
2026-08-15 22:33:17.741,16.967,raise,-0.06874999999999964,-0.5462500000000003
2026-08-15 22:33:17.751,16.977,raise,0.10062499999999974,-0.3893749999999996
2026-08-15 22:33:17.761,16.987,raise,-0.0637500000000002,-0.5062500000000003
2026-08-15 22:33:17.771,16.997,raise,0.05812499999999998,-0.45625000000000027
2026-08-15 22:33:17.781,17.007,raise,0.08312500000000056,-0.4062500000000002
2026-08-15 22:33:17.791,17.017,raise,-0.08562500000000028,-0.5387500000000001
2026-08-15 22:33:17.801,17.027,raise,0.10312500000000058,-0.38562499999999944
2026-08-15 22:33:17.811,17.037,raise,-0.09124999999999939,-0.5125000000000002
2026-08-15 22:33:17.821,17.047,raise,0.04750000000000032,-0.4468749999999999
2026-08-15 22:33:17.831,17.057,raise,0.05125000000000046,-0.3893749999999996
2026-08-15 22:33:17.841,17.067,raise,-0.07062499999999972,-0.5393749999999997
2026-08-15 22:33:17.851,17.077,raise,0.10062499999999974,-0.38250000000000006
2026-08-15 22:33:17.861,17.087,raise,-0.061875000000000124,-0.4806250000000001
2026-08-15 22:33:17.871,17.097,raise,0.061875000000000124,-0.44312499999999977
2026-08-15 22:33:17.881,17.107,raise,0.08187500000000014,-0.3918750000000004
2026-08-15 22:33:17.891,17.117,raise,-0.08437499999999987,-0.5356249999999996
2026-08-15 22:33:17.901,17.127,raise,0.10187500000000016,-0.3787499999999999
2026-08-15 22:33:17.911,17.137,raise,-0.08937500000000043,-0.4874999999999996
2026-08-15 22:33:17.921,17.147,raise,0.051875000000000115,-0.4368749999999999
2026-08-15 22:33:17.931,17.157,raise,0.09000000000000008,-0.3937499999999994
2026-08-15 22:33:17.941,17.167,raise,-0.06124999999999936,-0.5431249999999999
2026-08-15 22:33:17.951,17.177,raise,0.10000000000000009,-0.3774999999999995
2026-08-15 22:33:17.961,17.187,raise,-0.07000000000000006,-0.49687499999999996
2026-08-15 22:33:17.971,17.197,raise,0.06249999999999978,-0.46687499999999993
2026-08-15 22:33:17.981,17.207,raise,0.07500000000000062,-0.400625
2026-08-15 22:33:17.991,17.217,raise,-0.08375000000000021,-0.5437499999999995
2026-08-15 22:33:18.001,17.227,raise,0.09874999999999967,-0.3774999999999995
2026-08-15 22:33:18.011,17.237,raise,-0.09312499999999946,-0.5006250000000001
2026-08-15 22:33:18.021,17.247,raise,0.05249999999999977,-0.45812500000000034
2026-08-15 22:33:18.031,17.257,raise,0.08937500000000043,-0.40000000000000036
2026-08-15 22:33:18.041,17.267,raise,-0.0593750000000004,-0.5406250000000001
2026-08-15 22:33:18.051,17.277,raise,0.09937500000000044,-0.3893749999999996
2026-08-15 22:33:18.061,17.287,raise,-0.07312499999999944,-0.5118749999999994
2026-08-15 22:33:18.071,17.297,raise,0.06000000000000005,-0.45374999999999943
2026-08-15 22:33:18.081,17.307,raise,0.06874999999999964,-0.3931249999999997
2026-08-15 22:33:18.091,17.317,raise,-0.08562500000000028,-0.5399999999999994
2026-08-15 22:33:18.101,17.327,raise,0.09437499999999988,-0.38874999999999993
2026-08-15 22:33:18.111,17.337,raise,-0.09124999999999939,-0.5156249999999996
2026-08-15 22:33:18.121,17.347,raise,0.05562500000000026,-0.4468749999999999
2026-08-15 22:33:18.131,17.357,raise,0.09000000000000008,-0.39000000000000035
2026-08-15 22:33:18.141,17.367,raise,-0.0593750000000004,-0.5343750000000003
2026-08-15 22:33:18.151,17.377,raise,0.10312500000000058,-0.3849999999999998
2026-08-15 22:33:18.161,17.387,raise,-0.07249999999999979,-0.4818749999999994
2026-08-15 22:33:18.171,17.397,raise,0.03937500000000038,-0.4425000000000001
2026-08-15 22:33:18.181,17.407,raise,0.06812499999999999,-0.3962500000000002
2026-08-15 22:33:18.191,17.417,raise,-0.08687499999999959,-0.5493749999999997
2026-08-15 22:33:18.201,17.427,raise,0.09500000000000064,-0.3862500000000002
2026-08-15 22:33:18.211,17.437,raise,-0.09937499999999932,-0.4931249999999998
2026-08-15 22:33:18.221,17.447,raise,0.05249999999999977,-0.4718749999999994
2026-08-15 22:33:18.231,17.457,raise,0.08937500000000043,-0.3974999999999995
2026-08-15 22:33:18.241,17.467,raise,-0.056874999999999565,-0.5487500000000001
2026-08-15 22:33:18.251,17.477,raise,0.10624999999999996,-0.380625
2026-08-15 22:33:18.261,17.487,raise,-0.078125,-0.49999999999999933
2026-08-15 22:33:18.271,17.497,raise,0.04249999999999976,-0.4631249999999998
2026-08-15 22:33:18.281,17.507,raise,0.06624999999999992,-0.40312499999999973
2026-08-15 22:33:18.291,17.517,raise,-0.0824999999999998,-0.5425000000000002
2026-08-15 22:33:18.301,17.527,raise,0.0968749999999996,-0.3918750000000004
2026-08-15 22:33:18.311,17.537,raise,-0.10375000000000023,-0.5056249999999995
2026-08-15 22:33:18.321,17.547,raise,0.05562500000000026,-0.45812500000000034
2026-08-15 22:33:18.331,17.557,raise,0.08687499999999959,-0.390625
2026-08-15 22:33:18.341,17.567,raise,-0.09375000000000022,-0.5437499999999995
2026-08-15 22:33:18.351,17.577,raise,0.0968749999999996,-0.39000000000000035
2026-08-15 22:33:18.361,17.587,raise,-0.078125,-0.5131249999999998
2026-08-15 22:33:18.371,17.597,raise,0.043125000000000524,-0.44875
2026-08-15 22:33:18.381,17.607,raise,0.06624999999999992,-0.38874999999999993
2026-08-15 22:33:18.391,17.617,raise,-0.07437499999999986,-0.5393749999999997
2026-08-15 22:33:18.401,17.627,raise,0.0956250000000003,-0.38687499999999986
2026-08-15 22:33:18.411,17.637,raise,-0.0593750000000004,-0.4843750000000002
2026-08-15 22:33:18.421,17.647,raise,0.05624999999999991,-0.44062500000000004
2026-08-15 22:33:18.431,17.657,raise,0.08187500000000014,-0.39250000000000007
2026-08-15 22:33:18.441,17.667,raise,-0.09499999999999953,-0.5462500000000003
2026-08-15 22:33:18.451,17.677,raise,0.09937500000000044,-0.38124999999999964
2026-08-15 22:33:18.461,17.687,raise,-0.08499999999999952,-0.4862500000000003
2026-08-15 22:33:18.471,17.697,raise,0.04874999999999963,-0.43499999999999983
2026-08-15 22:33:18.481,17.707,raise,0.06062499999999971,-0.3931249999999997
2026-08-15 22:33:18.491,17.717,raise,-0.07499999999999951,-0.5462500000000003
2026-08-15 22:33:18.501,17.727,raise,0.10000000000000009,-0.3774999999999995
2026-08-15 22:33:18.511,17.737,raise,-0.06000000000000005,-0.4931249999999998
2026-08-15 22:33:18.521,17.747,raise,0.05624999999999991,-0.47062500000000007
2026-08-15 22:33:18.531,17.757,raise,0.0824999999999998,-0.39874999999999994
2026-08-15 22:33:18.541,17.767,raise,-0.09624999999999995,-0.546875
2026-08-15 22:33:18.551,17.777,raise,0.09937500000000044,-0.39124999999999965
2026-08-15 22:33:18.561,17.787,raise,-0.08624999999999994,-0.5018749999999994
2026-08-15 22:33:18.571,17.797,raise,0.04375000000000018,-0.46250000000000013
2026-08-15 22:33:18.581,17.807,raise,0.09062499999999973,-0.40312499999999973
2026-08-15 22:33:18.591,17.817,raise,-0.07562500000000028,-0.5462500000000003
2026-08-15 22:33:18.601,17.827,raise,0.09937500000000044,-0.3918750000000004
2026-08-15 22:33:18.611,17.837,raise,-0.06312499999999943,-0.5049999999999999
2026-08-15 22:33:18.621,17.847,raise,0.05812499999999998,-0.4543750000000002
2026-08-15 22:33:18.631,17.857,raise,0.07750000000000035,-0.3893749999999996
2026-08-15 22:33:18.641,17.867,raise,-0.0956250000000003,-0.5399999999999994
2026-08-15 22:33:18.651,17.877,raise,0.10249999999999981,-0.3881250000000003
2026-08-15 22:33:18.661,17.887,raise,-0.09062499999999973,-0.46937499999999965
2026-08-15 22:33:18.671,17.897,raise,0.04750000000000032,-0.44875
2026-08-15 22:33:18.681,17.907,raise,0.09375000000000022,-0.390625
2026-08-15 22:33:18.691,17.917,raise,-0.07124999999999937,-0.5381250000000004
2026-08-15 22:33:18.701,17.927,raise,0.10000000000000009,-0.38437500000000013
2026-08-15 22:33:18.711,17.937,raise,-0.06000000000000005,-0.47687499999999994
2026-08-15 22:33:18.721,17.947,raise,0.0593750000000004,-0.4425000000000001
2026-08-15 22:33:18.731,17.957,raise,0.07874999999999965,-0.3937499999999994
2026-08-15 22:33:18.741,17.967,raise,-0.09124999999999939,-0.5431249999999999
2026-08-15 22:33:18.751,17.977,raise,0.08812500000000001,-0.38437500000000013
2026-08-15 22:33:18.761,17.987,raise,-0.09187500000000015,-0.48812500000000036
2026-08-15 22:33:18.771,17.997,raise,0.04249999999999976,-0.47374999999999945
2026-08-15 22:33:18.781,18.007,raise,0.09187500000000015,-0.3962500000000002
2026-08-15 22:33:18.791,18.017,raise,-0.07062499999999972,-0.5431249999999999
2026-08-15 22:33:18.801,18.027,raise,0.09874999999999967,-0.38000000000000034
2026-08-15 22:33:18.811,18.037,raise,-0.06562500000000027,-0.49437500000000023
2026-08-15 22:33:18.821,18.047,raise,0.031250000000000444,-0.46499999999999986
2026-08-15 22:33:18.831,18.057,raise,0.0737500000000002,-0.3962500000000002
2026-08-15 22:33:18.841,18.067,raise,-0.08687499999999959,-0.5449999999999999
2026-08-15 22:33:18.851,18.077,raise,0.09312500000000057,-0.3937499999999994
2026-08-15 22:33:18.861,18.087,raise,-0.09062499999999973,-0.5037499999999995
2026-08-15 22:33:18.871,18.097,raise,0.04874999999999963,-0.45937499999999964
2026-08-15 22:33:18.881,18.107,raise,0.09062499999999973,-0.38874999999999993
2026-08-15 22:33:18.891,18.117,raise,-0.06437499999999985,-0.5406250000000001
2026-08-15 22:33:18.901,18.127,raise,0.09624999999999995,-0.3881250000000003
2026-08-15 22:33:18.911,18.137,raise,-0.06750000000000034,-0.5056249999999995
2026-08-15 22:33:18.921,18.147,raise,0.03375000000000017,-0.4500000000000004
2026-08-15 22:33:18.931,18.157,raise,0.07562500000000028,-0.3881250000000003
2026-08-15 22:33:18.941,18.167,raise,-0.08687499999999959,-0.5393749999999997
2026-08-15 22:33:18.951,18.177,raise,0.0924999999999998,-0.38374999999999937
2026-08-15 22:33:18.961,18.187,raise,-0.0924999999999998,-0.4743750000000002
2026-08-15 22:33:18.971,18.197,raise,0.04937500000000039,-0.44625000000000026
2026-08-15 22:33:18.981,18.207,raise,0.08687499999999959,-0.39000000000000035
2026-08-15 22:33:18.991,18.217,raise,-0.10249999999999981,-0.546875
2026-08-15 22:33:19.001,18.227,raise,0.09500000000000064,-0.38124999999999964
2026-08-15 22:33:19.011,18.237,raise,-0.07187500000000013,-0.48124999999999973
2026-08-15 22:33:19.021,18.247,raise,0.03062499999999968,-0.4400000000000004
2026-08-15 22:33:19.031,18.257,raise,0.07187500000000013,-0.390625
2026-08-15 22:33:19.041,18.267,raise,-0.08375000000000021,-0.5437499999999995
2026-08-15 22:33:19.051,18.277,raise,0.09312500000000057,-0.3818750000000004
2026-08-15 22:33:19.061,18.287,raise,-0.0968749999999996,-0.48937499999999967
2026-08-15 22:33:19.071,18.297,raise,0.046875000000000666,-0.4718749999999994
2026-08-15 22:33:19.081,18.307,raise,0.08375000000000021,-0.3981250000000003
2026-08-15 22:33:19.091,18.317,raise,-0.1012499999999994,-0.5462500000000003
2026-08-15 22:33:19.101,18.327,raise,0.09437499999999988,-0.39437500000000014
2026-08-15 22:33:19.111,18.337,raise,-0.078125,-0.4974999999999996
2026-08-15 22:33:19.121,18.347,raise,0.03562500000000024,-0.46062500000000006
2026-08-15 22:33:19.131,18.357,raise,0.07062499999999972,-0.4025000000000001
2026-08-15 22:33:19.141,18.367,raise,-0.08437499999999987,-0.5393749999999997
2026-08-15 22:33:19.151,18.377,raise,0.09500000000000064,-0.3874999999999995
2026-08-15 22:33:19.161,18.387,raise,-0.05249999999999977,-0.5018749999999994
2026-08-15 22:33:19.171,18.397,raise,0.0506249999999997,-0.45187499999999936
2026-08-15 22:33:19.181,18.407,raise,0.08562500000000028,-0.3881250000000003
2026-08-15 22:33:19.191,18.417,raise,-0.09750000000000036,-0.5374999999999996
2026-08-15 22:33:19.201,18.427,raise,0.09437499999999988,-0.38562499999999944
2026-08-15 22:33:19.211,18.437,raise,-0.08000000000000007,-0.47374999999999945
2026-08-15 22:33:19.221,18.447,raise,0.035000000000000586,-0.44812500000000033
2026-08-15 22:33:19.231,18.457,raise,0.08500000000000063,-0.39250000000000007
2026-08-15 22:33:19.241,18.467,raise,-0.08000000000000007,-0.5493749999999997
2026-08-15 22:33:19.251,18.477,raise,0.0912500000000005,-0.38250000000000006
2026-08-15 22:33:19.261,18.487,raise,-0.05437499999999984,-0.4800000000000004
2026-08-15 22:33:19.271,18.497,raise,0.051875000000000115,-0.44187499999999935
2026-08-15 22:33:19.281,18.507,raise,0.08437499999999987,-0.39562499999999945
2026-08-15 22:33:19.291,18.517,raise,-0.09624999999999995,-0.5474999999999997
2026-08-15 22:33:19.301,18.527,raise,0.09437499999999988,-0.3818750000000004
2026-08-15 22:33:19.311,18.537,raise,-0.08437499999999987,-0.48812500000000036
2026-08-15 22:33:19.321,18.547,raise,0.04062499999999969,-0.4774999999999996
2026-08-15 22:33:19.331,18.557,raise,0.08812500000000001,-0.40124999999999966
2026-08-15 22:33:19.341,18.567,raise,-0.08124999999999938,-0.5499999999999994
2026-08-15 22:33:19.351,18.577,raise,0.0912500000000005,-0.39562499999999945
2026-08-15 22:33:19.361,18.587,raise,-0.05624999999999991,-0.4949999999999999
2026-08-15 22:33:19.371,18.597,raise,0.053750000000000187,-0.46875
2026-08-15 22:33:19.381,18.607,raise,0.08187500000000014,-0.40312499999999973
2026-08-15 22:33:19.391,18.617,raise,-0.09187500000000015,-0.5431249999999999
2026-08-15 22:33:19.401,18.627,raise,0.08750000000000036,-0.390625
2026-08-15 22:33:19.411,18.637,raise,-0.08375000000000021,-0.5018749999999994
2026-08-15 22:33:19.421,18.647,raise,0.043125000000000524,-0.46250000000000013
2026-08-15 22:33:19.431,18.657,raise,0.08812500000000001,-0.38562499999999944
2026-08-15 22:33:19.441,18.667,raise,-0.08062499999999972,-0.5456249999999996
2026-08-15 22:33:19.451,18.677,raise,0.0924999999999998,-0.3893749999999996
2026-08-15 22:33:19.461,18.687,raise,-0.06000000000000005,-0.46499999999999986
2026-08-15 22:33:19.471,18.697,raise,0.05562500000000026,-0.45187499999999936
2026-08-15 22:33:19.481,18.707,raise,0.08125000000000049,-0.38562499999999944
2026-08-15 22:33:19.491,18.717,raise,-0.09437499999999988,-0.5412499999999998
2026-08-15 22:33:19.501,18.727,raise,0.08562500000000028,-0.38437500000000013
2026-08-15 22:33:19.511,18.737,raise,-0.08750000000000036,-0.47062500000000007
2026-08-15 22:33:19.521,18.747,raise,0.04437499999999983,-0.44499999999999984
2026-08-15 22:33:19.531,18.757,raise,0.09312500000000057,-0.38874999999999993
2026-08-15 22:33:19.541,18.767,raise,-0.07499999999999951,-0.5506250000000001
2026-08-15 22:33:19.551,18.777,raise,0.09375000000000022,-0.3849999999999998
2026-08-15 22:33:19.561,18.787,raise,-0.06687499999999957,-0.4843750000000002
2026-08-15 22:33:19.571,18.797,raise,0.026249999999999885,-0.48250000000000015
2026-08-15 22:33:19.581,18.807,raise,0.07624999999999993,-0.3918750000000004
2026-08-15 22:33:19.591,18.817,raise,-0.0924999999999998,-0.5456249999999996
2026-08-15 22:33:19.601,18.827,raise,0.08750000000000036,-0.38124999999999964
2026-08-15 22:33:19.611,18.837,raise,-0.09062499999999973,-0.48937499999999967
2026-08-15 22:33:19.621,18.847,raise,0.04750000000000032,-0.4718749999999994
2026-08-15 22:33:19.631,18.857,raise,0.08874999999999966,-0.3949999999999998
2026-08-15 22:33:19.641,18.867,raise,-0.10312499999999947,-0.5474999999999997
2026-08-15 22:33:19.651,18.877,raise,0.09187500000000015,-0.3974999999999995
2026-08-15 22:33:19.661,18.887,raise,-0.06562500000000027,-0.4949999999999999
2026-08-15 22:33:19.671,18.897,raise,0.0318750000000001,-0.4656249999999995
2026-08-15 22:33:19.681,18.907,raise,0.07125000000000048,-0.390625
2026-08-15 22:33:19.691,18.917,raise,-0.08937500000000043,-0.546875
2026-08-15 22:33:19.701,18.927,raise,0.09312500000000057,-0.39000000000000035
2026-08-15 22:33:19.711,18.937,raise,-0.0924999999999998,-0.5037499999999995
2026-08-15 22:33:19.721,18.947,raise,0.04812499999999997,-0.45937499999999964
2026-08-15 22:33:19.731,18.957,raise,0.08812500000000001,-0.3862500000000002
2026-08-15 22:33:19.741,18.967,raise,-0.10375000000000023,-0.5406250000000001
2026-08-15 22:33:19.751,18.977,raise,0.09874999999999967,-0.3881250000000003
2026-08-15 22:33:19.761,18.987,raise,-0.07499999999999951,-0.46812500000000035
2026-08-15 22:33:19.771,18.997,raise,0.0318750000000001,-0.45187499999999936
2026-08-15 22:33:19.781,19.007,raise,0.07312500000000055,-0.390625
2026-08-15 22:33:19.791,19.017,raise,-0.0924999999999998,-0.5481250000000004
2026-08-15 22:33:19.801,19.027,raise,0.09437499999999988,-0.38874999999999993
2026-08-15 22:33:19.811,19.037,raise,-0.04812499999999997,-0.47937499999999966
2026-08-15 22:33:19.821,19.047,raise,0.04937500000000039,-0.4456249999999995
2026-08-15 22:33:19.831,19.057,raise,0.09062499999999973,-0.3931249999999997
2026-08-15 22:33:19.841,19.067,raise,-0.10375000000000023,-0.5449999999999999
2026-08-15 22:33:19.851,19.077,raise,0.09437499999999988,-0.3849999999999998
2026-08-15 22:33:19.861,19.087,raise,-0.07499999999999951,-0.4849999999999999
2026-08-15 22:33:19.871,19.097,raise,0.03437499999999982,-0.47499999999999987
2026-08-15 22:33:19.881,19.107,raise,0.0924999999999998,-0.3962500000000002
2026-08-15 22:33:19.891,19.117,raise,-0.08750000000000036,-0.5431249999999999
2026-08-15 22:33:19.901,19.127,raise,0.0924999999999998,-0.3949999999999998
2026-08-15 22:33:19.911,19.137,raise,-0.044999999999999485,-0.4899999999999993
2026-08-15 22:33:19.921,19.147,raise,0.05249999999999977,-0.4656249999999995
2026-08-15 22:33:19.931,19.157,raise,0.08624999999999994,-0.39437500000000014
2026-08-15 22:33:19.941,19.167,raise,-0.10249999999999981,-0.5425000000000002
2026-08-15 22:33:19.951,19.177,raise,0.10000000000000009,-0.39250000000000007
2026-08-15 22:33:19.961,19.187,raise,-0.07562500000000028,-0.49687499999999996
2026-08-15 22:33:19.971,19.197,raise,0.03750000000000031,-0.46187499999999937
2026-08-15 22:33:19.981,19.207,raise,0.09375000000000022,-0.3831249999999997
2026-08-15 22:33:19.991,19.217,raise,-0.08812500000000001,-0.5387500000000001
2026-08-15 22:33:20.001,19.227,raise,0.09624999999999995,-0.3874999999999995
2026-08-15 22:33:20.011,19.237,raise,-0.04937500000000039,-0.46499999999999986
2026-08-15 22:33:20.021,19.247,raise,0.05125000000000046,-0.45499999999999985
2026-08-15 22:33:20.031,19.257,raise,0.09062499999999973,-0.38874999999999993
2026-08-15 22:33:20.041,19.267,raise,-0.10437499999999988,-0.5499999999999994
2026-08-15 22:33:20.051,19.277,raise,0.08812500000000001,-0.3874999999999995
2026-08-15 22:33:20.061,19.287,raise,-0.078125,-0.47374999999999945
2026-08-15 22:33:20.071,19.297,raise,0.03687500000000066,-0.44812500000000033
2026-08-15 22:33:20.081,19.307,raise,0.09062499999999973,-0.3937499999999994
2026-08-15 22:33:20.091,19.317,raise,-0.08312499999999945,-0.5474999999999997
2026-08-15 22:33:20.101,19.327,raise,0.0924999999999998,-0.3862500000000002
2026-08-15 22:33:20.111,19.337,raise,-0.05437499999999984,-0.48250000000000015
2026-08-15 22:33:20.121,19.347,raise,0.05125000000000046,-0.48374999999999946
2026-08-15 22:33:20.131,19.357,raise,0.08437499999999987,-0.3981250000000003
2026-08-15 22:33:20.141,19.367,raise,-0.09750000000000036,-0.546875
2026-08-15 22:33:20.151,19.377,raise,0.08937500000000043,-0.38437500000000013
2026-08-15 22:33:20.161,19.387,raise,-0.08187500000000014,-0.48937499999999967
2026-08-15 22:33:20.171,19.397,raise,0.043125000000000524,-0.4743750000000002
2026-08-15 22:33:20.181,19.407,raise,0.09000000000000008,-0.3981250000000003
2026-08-15 22:33:20.191,19.417,raise,-0.0824999999999998,-0.5462500000000003
2026-08-15 22:33:20.201,19.427,raise,0.09437499999999988,-0.400625
2026-08-15 22:33:20.211,19.437,raise,-0.05750000000000033,-0.4981250000000004
2026-08-15 22:33:20.221,19.447,raise,0.021250000000000435,-0.46812500000000035
2026-08-15 22:33:20.231,19.457,raise,0.08375000000000021,-0.38562499999999944
2026-08-15 22:33:20.241,19.467,raise,-0.10249999999999981,-0.546875
2026-08-15 22:33:20.251,19.477,raise,0.09187500000000015,-0.3949999999999998
2026-08-15 22:33:20.261,19.487,raise,-0.08499999999999952,-0.4612499999999997
2026-08-15 22:33:20.271,19.497,raise,0.04375000000000018,-0.4612499999999997
2026-08-15 22:33:20.281,19.507,raise,0.09375000000000022,-0.3881250000000003
2026-08-15 22:33:20.291,19.517,raise,-0.1100000000000001,-0.546875
2026-08-15 22:33:20.301,19.527,raise,0.0956250000000003,-0.390625
2026-08-15 22:33:20.311,19.537,raise,-0.0593750000000004,-0.46937499999999965
2026-08-15 22:33:20.321,19.547,raise,0.023125000000000506,-0.4574999999999996
2026-08-15 22:33:20.331,19.557,raise,0.07750000000000035,-0.3893749999999996
2026-08-15 22:33:20.341,19.567,raise,-0.0968749999999996,-0.5499999999999994
2026-08-15 22:33:20.351,19.577,raise,0.08874999999999966,-0.38687499999999986
2026-08-15 22:33:20.361,19.587,raise,-0.08750000000000036,-0.4756249999999995
2026-08-15 22:33:20.371,19.597,raise,0.045000000000000595,-0.48875
2026-08-15 22:33:20.381,19.607,raise,0.0924999999999998,-0.390625
2026-08-15 22:33:20.391,19.617,raise,-0.10624999999999996,-0.5493749999999997
2026-08-15 22:33:20.401,19.627,raise,0.10000000000000009,-0.3831249999999997
2026-08-15 22:33:20.411,19.637,raise,-0.061875000000000124,-0.48124999999999973
2026-08-15 22:33:20.421,19.647,raise,0.02687500000000065,-0.47875
2026-08-15 22:33:20.431,19.657,raise,0.08000000000000007,-0.3937499999999994
2026-08-15 22:33:20.441,19.667,raise,-0.09437499999999988,-0.5456249999999996
2026-08-15 22:33:20.451,19.677,raise,0.0924999999999998,-0.40124999999999966
2026-08-15 22:33:20.461,19.687,raise,-0.03562500000000024,-0.48937499999999967
2026-08-15 22:33:20.471,19.697,raise,0.043125000000000524,-0.4731249999999998
2026-08-15 22:33:20.481,19.707,raise,0.0924999999999998,-0.3881250000000003
2026-08-15 22:33:20.491,19.717,raise,-0.10812500000000003,-0.5431249999999999
2026-08-15 22:33:20.501,19.727,raise,0.09937500000000044,-0.3962500000000002
2026-08-15 22:33:20.511,19.737,raise,-0.06124999999999936,-0.49687499999999996
2026-08-15 22:33:20.521,19.747,raise,0.02874999999999961,-0.4643750000000002
2026-08-15 22:33:20.531,19.757,raise,0.08000000000000007,-0.38874999999999993
2026-08-15 22:33:20.541,19.767,raise,-0.09062499999999973,-0.5449999999999999
2026-08-15 22:33:20.551,19.777,raise,0.08874999999999966,-0.3931249999999997
2026-08-15 22:33:20.561,19.787,raise,-0.03874999999999962,-0.46250000000000013
2026-08-15 22:33:20.571,19.797,raise,0.04249999999999976,-0.4612499999999997
2026-08-15 22:33:20.581,19.807,raise,0.08937500000000043,-0.3893749999999996
2026-08-15 22:33:20.591,19.817,raise,-0.10437499999999988,-0.5481250000000004
2026-08-15 22:33:20.601,19.827,raise,0.0956250000000003,-0.39250000000000007
2026-08-15 22:33:20.611,19.837,raise,-0.06624999999999992,-0.46937499999999965
2026-08-15 22:33:20.621,19.847,raise,0.033125000000000515,-0.4500000000000004
2026-08-15 22:33:20.631,19.857,raise,0.09812500000000002,-0.3918750000000004
2026-08-15 22:33:20.641,19.867,raise,-0.08874999999999966,-0.5456249999999996
2026-08-15 22:33:20.651,19.877,raise,0.09312500000000057,-0.3881250000000003
2026-08-15 22:33:20.661,19.887,raise,-0.043124999999999414,-0.48124999999999973
2026-08-15 22:33:20.671,19.897,raise,0.046875000000000666,-0.48250000000000015
2026-08-15 22:33:20.681,19.907,raise,0.08874999999999966,-0.3974999999999995
2026-08-15 22:33:20.691,19.917,raise,-0.1056250000000003,-0.5462500000000003
2026-08-15 22:33:20.701,19.927,raise,0.0968749999999996,-0.40000000000000036
2026-08-15 22:33:20.711,19.937,raise,-0.06874999999999964,-0.4831249999999998
2026-08-15 22:33:20.721,19.947,raise,0.03249999999999975,-0.4743750000000002
2026-08-15 22:33:20.731,19.957,raise,0.09624999999999995,-0.39437500000000014
2026-08-15 22:33:20.741,19.967,raise,-0.09000000000000008,-0.5443750000000003
2026-08-15 22:33:20.751,19.977,raise,0.09312500000000057,-0.39562499999999945
2026-08-15 22:33:20.761,19.987,raise,-0.044999999999999485,-0.4906250000000001
2026-08-15 22:33:20.771,19.997,raise,0.04750000000000032,-0.4643750000000002
2026-08-15 22:33:20.781,20.007,raise,0.08937500000000043,-0.38562499999999944
2026-08-15 22:33:20.791,20.017,raise,-0.10249999999999981,-0.5431249999999999
2026-08-15 22:33:20.801,20.027,raise,0.08062499999999972,-0.39562499999999945
2026-08-15 22:33:20.811,20.037,raise,-0.07562500000000028,-0.45812500000000034
2026-08-15 22:33:20.821,20.047,raise,0.03624999999999989,-0.45937499999999964
2026-08-15 22:33:20.831,20.057,raise,0.0956250000000003,-0.3893749999999996
2026-08-15 22:33:20.841,20.067,raise,-0.08375000000000021,-0.5425000000000002
2026-08-15 22:33:20.851,20.077,raise,0.09624999999999995,-0.390625
2026-08-15 22:33:20.861,20.087,raise,-0.04562500000000025,-0.46499999999999986
2026-08-15 22:33:20.871,20.097,raise,0.020000000000000018,-0.45499999999999985
2026-08-15 22:33:20.881,20.107,raise,0.09000000000000008,-0.3874999999999995
2026-08-15 22:33:20.891,20.117,raise,-0.09937499999999932,-0.5462500000000003
2026-08-15 22:33:20.901,20.127,raise,0.08500000000000063,-0.3881250000000003
2026-08-15 22:33:20.911,20.137,raise,-0.07562500000000028,-0.4712499999999997
2026-08-15 22:33:20.921,20.147,raise,0.03562500000000024,-0.4899999999999993
2026-08-15 22:33:20.931,20.157,raise,0.09624999999999995,-0.3881250000000003
2026-08-15 22:33:20.941,20.167,raise,-0.08124999999999938,-0.5462500000000003
2026-08-15 22:33:20.951,20.177,raise,0.0924999999999998,-0.38250000000000006
2026-08-15 22:33:20.961,20.187,raise,-0.04937500000000039,-0.47812500000000036
2026-08-15 22:33:20.971,20.197,raise,0.023125000000000506,-0.4818749999999994
2026-08-15 22:33:20.981,20.207,raise,0.08750000000000036,-0.3962500000000002
2026-08-15 22:33:20.991,20.217,raise,-0.09624999999999995,-0.546875
2026-08-15 22:33:21.001,20.227,raise,0.08375000000000021,-0.400625
2026-08-15 22:33:21.011,20.237,raise,-0.07937500000000042,-0.4918749999999994
2026-08-15 22:33:21.021,20.247,raise,0.040000000000000036,-0.4731249999999998
2026-08-15 22:33:21.031,20.257,raise,0.09312500000000057,-0.38437500000000013
2026-08-15 22:33:21.041,20.267,raise,-0.10687499999999961,-0.5474999999999997
2026-08-15 22:33:21.051,20.277,raise,0.09500000000000064,-0.3937499999999994
2026-08-15 22:33:21.061,20.287,raise,-0.04750000000000032,-0.49687499999999996
2026-08-15 22:33:21.071,20.297,raise,0.025000000000000577,-0.4712499999999997
2026-08-15 22:33:21.081,20.307,raise,0.08812500000000001,-0.38687499999999986
2026-08-15 22:33:21.091,20.317,raise,-0.10000000000000009,-0.5437499999999995
2026-08-15 22:33:21.101,20.327,raise,0.09187500000000015,-0.39874999999999994
2026-08-15 22:33:21.111,20.337,raise,-0.08124999999999938,-0.46499999999999986
2026-08-15 22:33:21.121,20.347,raise,0.03937500000000038,-0.46250000000000013
2026-08-15 22:33:21.131,20.357,raise,0.09750000000000036,-0.38874999999999993
2026-08-15 22:33:21.141,20.367,raise,-0.10687499999999961,-0.5431249999999999
2026-08-15 22:33:21.151,20.377,raise,0.09500000000000064,-0.39000000000000035
2026-08-15 22:33:21.161,20.387,raise,-0.05124999999999935,-0.4674999999999996
2026-08-15 22:33:21.171,20.397,raise,0.029375000000000373,-0.49437500000000023
2026-08-15 22:33:21.181,20.407,raise,0.08437499999999987,-0.38874999999999993
2026-08-15 22:33:21.191,20.417,raise,-0.09437499999999988,-0.546875
2026-08-15 22:33:21.201,20.427,raise,0.0912500000000005,-0.3881250000000003
2026-08-15 22:33:21.211,20.437,raise,-0.028124999999999956,-0.47499999999999987
2026-08-15 22:33:21.221,20.447,raise,0.03937500000000038,-0.4874999999999996
2026-08-15 22:33:21.231,20.457,raise,0.09062499999999973,-0.3937499999999994
2026-08-15 22:33:21.241,20.467,raise,-0.10312499999999947,-0.5474999999999997
2026-08-15 22:33:21.251,20.477,raise,0.09437499999999988,-0.4037499999999994
2026-08-15 22:33:21.261,20.487,raise,-0.05624999999999991,-0.4831249999999998
2026-08-15 22:33:21.271,20.497,raise,0.028124999999999956,-0.4800000000000004
2026-08-15 22:33:21.281,20.507,raise,0.09500000000000064,-0.38687499999999986
2026-08-15 22:33:21.291,20.517,raise,-0.09437499999999988,-0.546875
2026-08-15 22:33:21.301,20.527,raise,0.0924999999999998,-0.3993749999999996
2026-08-15 22:33:21.311,20.537,raise,-0.02874999999999961,-0.49250000000000016
2026-08-15 22:33:21.321,20.547,raise,0.04437499999999983,-0.4718749999999994
2026-08-15 22:33:21.331,20.557,raise,0.0924999999999998,-0.3893749999999996
2026-08-15 22:33:21.341,20.567,raise,-0.10812500000000003,-0.5474999999999997
2026-08-15 22:33:21.351,20.577,raise,0.09500000000000064,-0.3981250000000003
2026-08-15 22:33:21.361,20.587,raise,-0.06249999999999978,-0.46187499999999937
2026-08-15 22:33:21.371,20.597,raise,0.027500000000000302,-0.4662500000000003
2026-08-15 22:33:21.381,20.607,raise,0.09437499999999988,-0.39000000000000035
2026-08-15 22:33:21.391,20.617,raise,-0.08812500000000001,-0.5512499999999998
2026-08-15 22:33:21.401,20.627,raise,0.09312500000000057,-0.390625
2026-08-15 22:33:21.411,20.637,raise,-0.03249999999999975,-0.46499999999999986
2026-08-15 22:33:21.421,20.647,raise,0.04249999999999976,-0.45875
2026-08-15 22:33:21.431,20.657,raise,0.09437499999999988,-0.39250000000000007
2026-08-15 22:33:21.441,20.667,raise,-0.09624999999999995,-0.5525000000000002
2026-08-15 22:33:21.451,20.677,raise,0.08312500000000056,-0.39124999999999965
2026-08-15 22:33:21.461,20.687,raise,-0.06062499999999971,-0.4743750000000002
2026-08-15 22:33:21.471,20.697,raise,0.03062499999999968,-0.49250000000000016
2026-08-15 22:33:21.481,20.707,raise,0.09624999999999995,-0.39124999999999965
2026-08-15 22:33:21.491,20.717,raise,-0.09000000000000008,-0.5518749999999994
2026-08-15 22:33:21.501,20.727,raise,0.09187500000000015,-0.40562499999999946
2026-08-15 22:33:21.511,20.737,raise,-0.03562500000000024,-0.4800000000000004
2026-08-15 22:33:21.521,20.747,raise,0.04750000000000032,-0.48374999999999946
2026-08-15 22:33:21.531,20.756,raise,0.09312500000000057,-0.39437500000000014
2026-08-15 22:33:21.541,20.767,raise,-0.10062499999999974,-0.5506250000000001
2026-08-15 22:33:21.551,20.777,raise,0.08687499999999959,-0.40312499999999973
2026-08-15 22:33:21.561,20.787,raise,-0.0637500000000002,-0.48875
2026-08-15 22:33:21.571,20.797,raise,0.03249999999999975,-0.47937499999999966
2026-08-15 22:33:21.581,20.807,raise,0.09375000000000022,-0.38687499999999986
2026-08-15 22:33:21.591,20.817,raise,-0.08750000000000036,-0.5499999999999994
2026-08-15 22:33:21.601,20.827,raise,0.08937500000000043,-0.3993749999999996
2026-08-15 22:33:21.611,20.837,raise,-0.03687499999999955,-0.4568749999999999
2026-08-15 22:33:21.621,20.847,raise,0.018124999999999947,-0.46875
2026-08-15 22:33:21.631,20.857,raise,0.09312500000000057,-0.3862500000000002
2026-08-15 22:33:21.641,20.867,raise,-0.09437499999999988,-0.5437499999999995
2026-08-15 22:33:21.651,20.877,raise,0.09000000000000008,-0.39437500000000014
2026-08-15 22:33:21.661,20.887,raise,-0.06562500000000027,-0.45875
2026-08-15 22:33:21.671,20.897,raise,0.03687500000000066,-0.46250000000000013
2026-08-15 22:33:21.681,20.907,raise,0.09624999999999995,-0.38687499999999986
2026-08-15 22:33:21.691,20.917,raise,-0.10937499999999933,-0.5493749999999997
2026-08-15 22:33:21.701,20.927,raise,0.0924999999999998,-0.3918750000000004
2026-08-15 22:33:21.711,20.937,raise,-0.0462499999999999,-0.4712499999999997
2026-08-15 22:33:21.721,20.947,raise,0.018124999999999947,-0.4981250000000004
2026-08-15 22:33:21.731,20.957,raise,0.09312500000000057,-0.39000000000000035
2026-08-15 22:33:21.741,20.967,raise,-0.0968749999999996,-0.5487500000000001
2026-08-15 22:33:21.751,20.977,raise,0.09062499999999973,-0.39000000000000035
2026-08-15 22:33:21.761,20.987,raise,-0.07187500000000013,-0.4756249999999995
2026-08-15 22:33:21.771,20.997,raise,0.03687500000000066,-0.4906250000000001
2026-08-15 22:33:21.781,21.007,raise,0.09624999999999995,-0.39124999999999965
2026-08-15 22:33:21.791,21.017,raise,-0.10812500000000003,-0.5525000000000002
2026-08-15 22:33:21.801,21.027,raise,0.09187500000000015,-0.40562499999999946
2026-08-15 22:33:21.811,21.037,raise,-0.04750000000000032,-0.4831249999999998
2026-08-15 22:33:21.821,21.047,raise,0.020000000000000018,-0.48812500000000036
2026-08-15 22:33:21.831,21.057,raise,0.08874999999999966,-0.38687499999999986
2026-08-15 22:33:21.841,21.067,raise,-0.0956250000000003,-0.5499999999999994
2026-08-15 22:33:21.851,21.077,raise,0.08437499999999987,-0.4018750000000004
2026-08-15 22:33:21.861,21.087,raise,-0.018124999999999947,-0.4918749999999994
2026-08-15 22:33:21.871,21.097,raise,0.040000000000000036,-0.4756249999999995
2026-08-15 22:33:21.881,21.107,raise,0.09500000000000064,-0.3881250000000003
2026-08-15 22:33:21.891,21.117,raise,-0.10062499999999974,-0.5493749999999997
2026-08-15 22:33:21.901,21.127,raise,0.09624999999999995,-0.3981250000000003
2026-08-15 22:33:21.911,21.137,raise,-0.04562500000000025,-0.4556249999999995
2026-08-15 22:33:21.921,21.147,raise,0.025000000000000577,-0.4700000000000004
2026-08-15 22:33:21.931,21.157,raise,0.08687499999999959,-0.3874999999999995
2026-08-15 22:33:21.941,21.167,raise,-0.09312499999999946,-0.5512499999999998
2026-08-15 22:33:21.951,21.177,raise,0.08687499999999959,-0.3931249999999997
2026-08-15 22:33:21.961,21.187,raise,-0.020000000000000018,-0.4631249999999998
2026-08-15 22:33:21.971,21.197,raise,0.04062499999999969,-0.4612499999999997
2026-08-15 22:33:21.981,21.207,raise,0.09437499999999988,-0.3881250000000003
2026-08-15 22:33:21.991,21.217,raise,-0.10000000000000009,-0.5487500000000001
2026-08-15 22:33:22.001,21.227,raise,0.09500000000000064,-0.39124999999999965
2026-08-15 22:33:22.011,21.237,raise,-0.04874999999999963,-0.4674999999999996
2026-08-15 22:33:22.021,21.247,raise,0.029375000000000373,-0.49437500000000023
2026-08-15 22:33:22.031,21.257,raise,0.0968749999999996,-0.3918750000000004
2026-08-15 22:33:22.041,21.267,raise,-0.09124999999999939,-0.5493749999999997
2026-08-15 22:33:22.051,21.277,raise,0.08812500000000001,-0.4118749999999993
2026-08-15 22:33:22.061,21.287,raise,-0.027500000000000302,-0.4800000000000004
2026-08-15 22:33:22.071,21.297,raise,0.04187500000000011,-0.48937499999999967
2026-08-15 22:33:22.081,21.307,raise,0.09312500000000057,-0.3962500000000002
2026-08-15 22:33:22.091,21.317,raise,-0.10187500000000016,-0.5474999999999997
2026-08-15 22:33:22.101,21.327,raise,0.08125000000000049,-0.4049999999999998
2026-08-15 22:33:22.111,21.337,raise,-0.053750000000000187,-0.4843750000000002
2026-08-15 22:33:22.121,21.347,raise,0.030000000000000027,-0.48250000000000015
2026-08-15 22:33:22.131,21.357,raise,0.09500000000000064,-0.38562499999999944
2026-08-15 22:33:22.141,21.367,raise,-0.09312499999999946,-0.5487500000000001
2026-08-15 22:33:22.151,21.377,raise,0.09000000000000008,-0.4025000000000001
2026-08-15 22:33:22.161,21.387,raise,-0.02562500000000023,-0.45499999999999985
2026-08-15 22:33:22.171,21.397,raise,0.04375000000000018,-0.4712499999999997
2026-08-15 22:33:22.181,21.407,raise,0.09624999999999995,-0.38687499999999986
2026-08-15 22:33:22.191,21.417,raise,-0.10249999999999981,-0.5462500000000003
2026-08-15 22:33:22.201,21.427,raise,0.08500000000000063,-0.3981250000000003
2026-08-15 22:33:22.211,21.437,raise,-0.05562500000000026,-0.46062500000000006
2026-08-15 22:33:22.221,21.447,raise,0.02874999999999961,-0.4700000000000004
2026-08-15 22:33:22.231,21.457,raise,0.09874999999999967,-0.3949999999999998
2026-08-15 22:33:22.241,21.467,raise,-0.08874999999999966,-0.5512499999999998
2026-08-15 22:33:22.251,21.477,raise,0.08750000000000036,-0.39874999999999994
2026-08-15 22:33:22.261,21.487,raise,-0.031249999999999334,-0.4662500000000003
2026-08-15 22:33:22.271,21.497,raise,0.010624999999999662,-0.5025000000000002
2026-08-15 22:33:22.281,21.507,raise,0.09375000000000022,-0.3937499999999994
2026-08-15 22:33:22.291,21.517,raise,-0.10187500000000016,-0.5499999999999994
2026-08-15 22:33:22.301,21.527,raise,0.08437499999999987,-0.410625
2026-08-15 22:33:22.311,21.537,raise,-0.06000000000000005,-0.4756249999999995
2026-08-15 22:33:22.321,21.547,raise,0.029375000000000373,-0.49250000000000016
2026-08-15 22:33:22.331,21.557,raise,0.09437499999999988,-0.3981250000000003
2026-08-15 22:33:22.341,21.567,raise,-0.11312499999999948,-0.5493749999999997
2026-08-15 22:33:22.351,21.577,raise,0.08937500000000043,-0.40749999999999953
2026-08-15 22:33:22.361,21.587,raise,-0.033124999999999405,-0.4818749999999994
2026-08-15 22:33:22.371,21.597,raise,0.014374999999999805,-0.4874999999999996
2026-08-15 22:33:22.381,21.607,raise,0.09187500000000015,-0.38562499999999944
2026-08-15 22:33:22.391,21.617,raise,-0.10187500000000016,-0.5512499999999998
2026-08-15 22:33:22.401,21.627,raise,0.08750000000000036,-0.4018750000000004
2026-08-15 22:33:22.411,21.637,raise,-0.06000000000000005,-0.44937499999999964
2026-08-15 22:33:22.421,21.647,raise,0.03375000000000017,-0.47812500000000036
2026-08-15 22:33:22.431,21.657,raise,0.09812500000000002,-0.38687499999999986
2026-08-15 22:33:22.441,21.667,raise,-0.11062499999999975,-0.5462500000000003
2026-08-15 22:33:22.451,21.677,raise,0.09187500000000015,-0.40124999999999966
2026-08-15 22:33:22.461,21.687,raise,-0.03750000000000031,-0.4556249999999995
2026-08-15 22:33:22.471,21.697,raise,0.01687500000000064,-0.46875
2026-08-15 22:33:22.481,21.707,raise,0.0912500000000005,-0.3862500000000002
2026-08-15 22:33:22.491,21.717,raise,-0.0968749999999996,-0.5481250000000004
2026-08-15 22:33:22.501,21.727,raise,0.08375000000000021,-0.39687499999999987
2026-08-15 22:33:22.511,21.737,raise,-0.011249999999999316,-0.46187499999999937
2026-08-15 22:33:22.521,21.747,raise,0.03562500000000024,-0.50875
2026-08-15 22:33:22.531,21.757,raise,0.09187500000000015,-0.3881250000000003
2026-08-15 22:33:22.541,21.767,raise,-0.10687499999999961,-0.5499999999999994
2026-08-15 22:33:22.551,21.777,raise,0.0924999999999998,-0.3937499999999994
2026-08-15 22:33:22.561,21.787,raise,-0.04124999999999934,-0.46812500000000035
2026-08-15 22:33:22.571,21.797,raise,0.019375000000000364,-0.5037499999999995
2026-08-15 22:33:22.581,21.807,raise,0.08937500000000043,-0.3931249999999997
2026-08-15 22:33:22.591,21.817,raise,-0.10000000000000009,-0.5512499999999998
2026-08-15 22:33:22.601,21.827,raise,0.08937500000000043,-0.41124999999999967
2026-08-15 22:33:22.611,21.837,raise,-0.015625000000000222,-0.47687499999999994
2026-08-15 22:33:22.621,21.847,raise,0.038124999999999964,-0.49374999999999947
2026-08-15 22:33:22.631,21.857,raise,0.09375000000000022,-0.3918750000000004
2026-08-15 22:33:22.641,21.867,raise,-0.10812500000000003,-0.5487500000000001
2026-08-15 22:33:22.651,21.877,raise,0.09500000000000064,-0.40749999999999953
2026-08-15 22:33:22.661,21.887,raise,-0.04249999999999976,-0.48250000000000015
2026-08-15 22:33:22.671,21.897,raise,0.02062499999999967,-0.48687499999999995
2026-08-15 22:33:22.681,21.907,raise,0.09312500000000057,-0.38562499999999944
2026-08-15 22:33:22.691,21.917,raise,-0.09624999999999995,-0.5481250000000004
2026-08-15 22:33:22.701,21.927,raise,0.08624999999999994,-0.4037499999999994
2026-08-15 22:33:22.711,21.937,raise,-0.0187499999999996,-0.45062500000000005
2026-08-15 22:33:22.721,21.947,raise,0.03750000000000031,-0.4762500000000003
2026-08-15 22:33:22.731,21.957,raise,0.09062499999999973,-0.38687499999999986
2026-08-15 22:33:22.741,21.967,raise,-0.10624999999999996,-0.5456249999999996
2026-08-15 22:33:22.751,21.977,raise,0.07937500000000042,-0.3981250000000003
2026-08-15 22:33:22.761,21.987,raise,-0.04874999999999963,-0.45374999999999943
2026-08-15 22:33:22.771,21.997,raise,0.021250000000000435,-0.46812500000000035
2026-08-15 22:33:22.781,22.007,raise,0.09500000000000064,-0.38687499999999986
2026-08-15 22:33:22.791,22.017,raise,-0.09812500000000002,-0.5487500000000001
2026-08-15 22:33:22.801,22.027,raise,0.08375000000000021,-0.3949999999999998
2026-08-15 22:33:22.811,22.037,raise,-0.022499999999999742,-0.46499999999999986
2026-08-15 22:33:22.821,22.047,raise,0.03624999999999989,-0.5049999999999999
2026-08-15 22:33:22.831,22.057,raise,0.09187500000000015,-0.39000000000000035
2026-08-15 22:33:22.841,22.067,raise,-0.10750000000000037,-0.5518749999999994
2026-08-15 22:33:22.851,22.077,raise,0.0824999999999998,-0.41625000000000023
2026-08-15 22:33:22.861,22.087,raise,-0.04750000000000032,-0.46875
2026-08-15 22:33:22.871,22.097,raise,0.023125000000000506,-0.4931249999999998
2026-08-15 22:33:22.881,22.107,raise,0.09874999999999967,-0.39562499999999945
2026-08-15 22:33:22.891,22.117,raise,-0.09499999999999953,-0.5474999999999997
2026-08-15 22:33:22.901,22.127,raise,0.09062499999999973,-0.4081250000000003
2026-08-15 22:33:22.911,22.137,raise,-0.02187500000000009,-0.4762500000000003
2026-08-15 22:33:22.921,22.147,raise,0.004374999999999796,-0.48875
2026-08-15 22:33:22.931,22.157,raise,0.08937500000000043,-0.38687499999999986
2026-08-15 22:33:22.941,22.167,raise,-0.10312499999999947,-0.5487500000000001
2026-08-15 22:33:22.951,22.177,raise,0.08125000000000049,-0.4025000000000001
2026-08-15 22:33:22.961,22.187,raise,-0.056874999999999565,-0.44812500000000033
2026-08-15 22:33:22.971,22.197,raise,0.025000000000000577,-0.4800000000000004
2026-08-15 22:33:22.981,22.207,raise,0.09500000000000064,-0.3874999999999995
2026-08-15 22:33:22.991,22.217,raise,-0.09062499999999973,-0.5481250000000004
2026-08-15 22:33:23.001,22.227,raise,0.08874999999999966,-0.400625
2026-08-15 22:33:23.011,22.237,raise,-0.026249999999999885,-0.4512499999999997
2026-08-15 22:33:23.021,22.247,raise,0.006249999999999867,-0.47062500000000007
2026-08-15 22:33:23.031,22.257,raise,0.08624999999999994,-0.38562499999999944
2026-08-15 22:33:23.041,22.267,raise,-0.1056250000000003,-0.5493749999999997
2026-08-15 22:33:23.051,22.277,raise,0.08062499999999972,-0.39874999999999994
2026-08-15 22:33:23.061,22.287,raise,-0.061875000000000124,-0.46187499999999937
2026-08-15 22:33:23.071,22.297,raise,0.025000000000000577,-0.5106250000000001
2026-08-15 22:33:23.081,22.307,raise,0.0912500000000005,-0.3918750000000004
2026-08-15 22:33:23.091,22.317,raise,-0.1143749999999999,-0.5518749999999994
2026-08-15 22:33:23.101,22.327,raise,0.08562500000000028,-0.3918750000000004
2026-08-15 22:33:23.111,22.337,raise,-0.031249999999999334,-0.4700000000000004
2026-08-15 22:33:23.121,22.347,raise,0.010000000000000009,-0.5012499999999998
2026-08-15 22:33:23.131,22.357,raise,0.08874999999999966,-0.39000000000000035
2026-08-15 22:33:23.141,22.367,raise,-0.10624999999999996,-0.5499999999999994
2026-08-15 22:33:23.151,22.377,raise,0.08125000000000049,-0.410625
2026-08-15 22:33:23.161,22.387,raise,-0.003750000000000142,-0.4731249999999998
2026-08-15 22:33:23.171,22.397,raise,0.02687500000000065,-0.4918749999999994
2026-08-15 22:33:23.181,22.407,raise,0.09187500000000015,-0.38562499999999944
2026-08-15 22:33:23.191,22.417,raise,-0.11562500000000031,-0.5499999999999994
2026-08-15 22:33:23.201,22.427,raise,0.08937500000000043,-0.40874999999999995
2026-08-15 22:33:23.211,22.437,raise,-0.03624999999999989,-0.44312499999999977
2026-08-15 22:33:23.221,22.447,raise,0.009375000000000355,-0.4862500000000003
2026-08-15 22:33:23.231,22.457,raise,0.08812500000000001,-0.38437500000000013
2026-08-15 22:33:23.241,22.467,raise,-0.10249999999999981,-0.5518749999999994
2026-08-15 22:33:23.251,22.477,raise,0.08187500000000014,-0.4049999999999998
2026-08-15 22:33:23.261,22.487,raise,-0.008124999999999938,-0.4468749999999999
2026-08-15 22:33:23.271,22.497,raise,0.029375000000000373,-0.4806250000000001
2026-08-15 22:33:23.281,22.507,raise,0.0924999999999998,-0.3893749999999996
2026-08-15 22:33:23.291,22.517,raise,-0.11312499999999948,-0.5499999999999994
2026-08-15 22:33:23.301,22.527,raise,0.08624999999999994,-0.4018750000000004
2026-08-15 22:33:23.311,22.537,raise,-0.03750000000000031,-0.45374999999999943
2026-08-15 22:33:23.321,22.547,raise,0.01187500000000008,-0.5137499999999995
2026-08-15 22:33:23.331,22.557,raise,0.09187500000000015,-0.3918750000000004
2026-08-15 22:33:23.341,22.567,raise,-0.10000000000000009,-0.5481250000000004
2026-08-15 22:33:23.351,22.577,raise,0.08125000000000049,-0.40000000000000036
2026-08-15 22:33:23.361,22.587,raise,-0.010624999999999662,-0.46187499999999937
2026-08-15 22:33:23.371,22.597,raise,0.035000000000000586,-0.5056249999999995
2026-08-15 22:33:23.381,22.607,raise,0.09312500000000057,-0.39000000000000035
2026-08-15 22:33:23.391,22.617,raise,-0.11312499999999948,-0.5487500000000001
2026-08-15 22:33:23.401,22.627,raise,0.08562500000000028,-0.4168749999999999
2026-08-15 22:33:23.411,22.637,raise,-0.03937500000000038,-0.46687499999999993
2026-08-15 22:33:23.421,22.647,raise,0.018124999999999947,-0.5006250000000001
2026-08-15 22:33:23.431,22.657,raise,0.09437499999999988,-0.3862500000000002
2026-08-15 22:33:23.441,22.667,raise,-0.09874999999999967,-0.5487500000000001
2026-08-15 22:33:23.451,22.677,raise,0.08500000000000063,-0.4181250000000003
2026-08-15 22:33:23.461,22.687,raise,-0.009375000000000355,-0.47499999999999987
2026-08-15 22:33:23.471,22.697,raise,0.033125000000000515,-0.4899999999999993
2026-08-15 22:33:23.481,22.707,raise,0.09187500000000015,-0.39000000000000035
2026-08-15 22:33:23.491,22.717,raise,-0.1143749999999999,-0.5506250000000001
2026-08-15 22:33:23.501,22.727,raise,0.07750000000000035,-0.4081250000000003
2026-08-15 22:33:23.511,22.737,raise,-0.04437499999999983,-0.4437499999999994
2026-08-15 22:33:23.521,22.747,raise,0.018124999999999947,-0.48374999999999946
2026-08-15 22:33:23.531,22.757,raise,0.0956250000000003,-0.390625
2026-08-15 22:33:23.541,22.767,raise,-0.10249999999999981,-0.5474999999999997
2026-08-15 22:33:23.551,22.777,raise,0.08187500000000014,-0.4037499999999994
2026-08-15 22:33:23.561,22.787,raise,-0.017500000000000293,-0.4543750000000002
2026-08-15 22:33:23.571,22.797,raise,-0.007500000000000284,-0.47812500000000036
2026-08-15 22:33:23.581,22.807,raise,0.09000000000000008,-0.3881250000000003
2026-08-15 22:33:23.591,22.817,raise,-0.11062499999999975,-0.546875
2026-08-15 22:33:23.601,22.827,raise,0.07624999999999993,-0.3981250000000003
2026-08-15 22:33:23.611,22.837,raise,-0.04874999999999963,-0.46062500000000006
2026-08-15 22:33:23.621,22.847,raise,0.0187499999999996,-0.5131249999999998
2026-08-15 22:33:23.631,22.857,raise,0.0924999999999998,-0.3893749999999996
2026-08-15 22:33:23.641,22.867,raise,-0.10000000000000009,-0.5512499999999998
2026-08-15 22:33:23.651,22.877,raise,0.08687499999999959,-0.41625000000000023
2026-08-15 22:33:23.661,22.887,raise,-0.017500000000000293,-0.46250000000000013
2026-08-15 22:33:23.671,22.897,raise,-0.003750000000000142,-0.5006250000000001
2026-08-15 22:33:23.681,22.907,raise,0.09000000000000008,-0.39000000000000035
2026-08-15 22:33:23.691,22.917,raise,-0.10874999999999968,-0.5518749999999994
2026-08-15 22:33:23.701,22.927,raise,0.08125000000000049,-0.41124999999999967
2026-08-15 22:33:23.711,22.937,raise,-0.0506249999999997,-0.46875
2026-08-15 22:33:23.721,22.947,raise,0.020000000000000018,-0.4981250000000004
2026-08-15 22:33:23.731,22.957,raise,0.09375000000000022,-0.39124999999999965
2026-08-15 22:33:23.741,22.967,raise,-0.1143749999999999,-0.5474999999999997
2026-08-15 22:33:23.751,22.977,raise,0.08312500000000056,-0.4081250000000003
2026-08-15 22:33:23.761,22.987,raise,-0.02187500000000009,-0.44187499999999935
2026-08-15 22:33:23.771,22.997,raise,-0.0024999999999997247,-0.48875
2026-08-15 22:33:23.781,23.007,raise,0.09062499999999973,-0.38562499999999944
2026-08-15 22:33:23.791,23.017,raise,-0.10687499999999961,-0.5499999999999994
2026-08-15 22:33:23.801,23.027,raise,0.07562500000000028,-0.400625
2026-08-15 22:33:23.811,23.037,raise,-0.056874999999999565,-0.44937499999999964
2026-08-15 22:33:23.821,23.047,raise,0.02187500000000009,-0.4800000000000004
2026-08-15 22:33:23.831,23.057,raise,0.08874999999999966,-0.3862500000000002
2026-08-15 22:33:23.841,23.067,raise,-0.11687499999999962,-0.5506250000000001
2026-08-15 22:33:23.851,23.077,raise,0.08125000000000049,-0.40000000000000036
2026-08-15 22:33:23.861,23.087,raise,-0.026249999999999885,-0.45187499999999936
2026-08-15 22:33:23.871,23.097,raise,0.003750000000000142,-0.516875
2026-08-15 22:33:23.881,23.107,raise,0.08874999999999966,-0.390625
2026-08-15 22:33:23.891,23.117,raise,-0.10499999999999954,-0.5443750000000003
2026-08-15 22:33:23.901,23.127,raise,0.08187500000000014,-0.39437500000000014
2026-08-15 22:33:23.911,23.137,raise,-0.001875000000000071,-0.4574999999999996
2026-08-15 22:33:23.921,23.147,raise,0.024374999999999813,-0.7099999999999995
2026-08-15 22:33:23.931,23.157,raise,0.09062499999999973,-0.673125
2026-08-15 22:33:23.941,23.167,raise,-0.11375000000000024,-0.7268750000000002
2026-08-15 22:33:23.951,23.177,raise,0.08312500000000056,-0.6843750000000004
2026-08-15 22:33:23.961,23.187,raise,-0.033124999999999405,-0.6962499999999994
2026-08-15 22:33:23.971,23.197,raise,0.0050000000000005596,-0.7068750000000001
2026-08-15 22:33:23.981,23.207,raise,0.09375000000000022,-0.6662499999999993
2026-08-15 22:33:23.991,23.217,raise,-0.10750000000000037,-0.7162499999999994
2026-08-15 22:33:24.001,23.227,raise,0.08062499999999972,-0.6718749999999996
2026-08-15 22:33:24.011,23.237,raise,-0.0024999999999997247,-0.683125
2026-08-15 22:33:24.021,23.247,raise,0.027500000000000302,-0.6899999999999995
2026-08-15 22:33:24.031,23.257,raise,0.09062499999999973,-0.6493749999999998
2026-08-15 22:33:24.041,23.267,raise,-0.11562500000000031,-0.7018749999999996
2026-08-15 22:33:24.051,23.277,raise,0.08624999999999994,-0.6556249999999997
2026-08-15 22:33:24.061,23.287,raise,-0.03624999999999989,-0.663125
2026-08-15 22:33:24.071,23.297,raise,0.0050000000000005596,-0.6762499999999994
2026-08-15 22:33:24.081,23.307,raise,0.09062499999999973,-0.6393749999999998
2026-08-15 22:33:24.091,23.317,raise,-0.10750000000000037,-0.6837499999999996
2026-08-15 22:33:24.101,23.327,raise,0.08062499999999972,-0.6412499999999999
2026-08-15 22:33:24.111,23.337,raise,-0.005625000000000213,-0.6474999999999997
2026-08-15 22:33:24.121,23.347,raise,0.027500000000000302,-0.6712499999999999
2026-08-15 22:33:24.131,23.357,raise,0.0912500000000005,-0.6225000000000003
2026-08-15 22:33:24.141,23.367,raise,-0.1143749999999999,-0.6668750000000001
2026-08-15 22:33:24.151,23.377,raise,0.07062499999999972,-0.6231249999999999
2026-08-15 22:33:24.161,23.387,raise,-0.03562500000000024,-0.6337499999999996
2026-08-15 22:33:24.171,23.397,raise,0.009375000000000355,-0.6525000000000003
2026-08-15 22:33:24.181,23.407,raise,0.0912500000000005,-0.6118749999999995
2026-08-15 22:33:24.191,23.417,raise,-0.10874999999999968,-0.6556249999999997
2026-08-15 22:33:24.201,23.427,raise,0.07687499999999958,-0.6193749999999998
2026-08-15 22:33:24.211,23.437,raise,-0.010624999999999662,-0.6243750000000003
2026-08-15 22:33:24.221,23.447,raise,0.028124999999999956,-0.6399999999999995
2026-08-15 22:33:24.231,23.457,raise,0.08937500000000043,-0.5987500000000001
2026-08-15 22:33:24.241,23.467,raise,-0.11187500000000017,-0.6487500000000002
2026-08-15 22:33:24.251,23.477,raise,0.07062499999999972,-0.6025000000000003
2026-08-15 22:33:24.261,23.487,raise,-0.03874999999999962,-0.6143750000000003
2026-08-15 22:33:24.271,23.497,raise,0.010624999999999662,-0.6237499999999996
2026-08-15 22:33:24.281,23.507,raise,0.09187500000000015,-0.5893749999999998
2026-08-15 22:33:24.291,23.517,raise,-0.10750000000000037,-0.6362500000000004
2026-08-15 22:33:24.301,23.527,raise,0.07624999999999993,-0.5918749999999995
2026-08-15 22:33:24.311,23.537,raise,-0.013750000000000151,-0.5999999999999994
2026-08-15 22:33:24.321,23.547,raise,-0.016249999999999876,-0.6106250000000002
2026-08-15 22:33:24.331,23.557,raise,0.08562500000000028,-0.576875
2026-08-15 22:33:24.341,23.567,raise,-0.11249999999999982,-0.6225000000000003
2026-08-15 22:33:24.351,23.577,raise,0.07750000000000035,-0.5781249999999993
2026-08-15 22:33:24.361,23.587,raise,-0.04062499999999969,-0.5862500000000004
2026-08-15 22:33:24.371,23.597,raise,0.015000000000000568,-0.5981249999999994
2026-08-15 22:33:24.381,23.607,raise,0.09500000000000064,-0.5637499999999995
2026-08-15 22:33:24.391,23.617,raise,-0.1200000000000001,-0.6118749999999995
2026-08-15 22:33:24.401,23.627,raise,0.08062499999999972,-0.5674999999999997
2026-08-15 22:33:24.411,23.637,raise,-0.016249999999999876,-0.5787500000000001
2026-08-15 22:33:24.421,23.647,raise,-0.010624999999999662,-0.6018749999999995
2026-08-15 22:33:24.431,23.657,raise,0.08937500000000043,-0.5537499999999995
2026-08-15 22:33:24.441,23.667,raise,-0.11062499999999975,-0.6037499999999996
2026-08-15 22:33:24.451,23.677,raise,0.078125,-0.5643750000000003
2026-08-15 22:33:24.461,23.687,raise,-0.04562500000000025,-0.5687500000000001
2026-08-15 22:33:24.471,23.697,raise,0.0187499999999996,-0.586875
2026-08-15 22:33:24.481,23.707,raise,0.09312500000000057,-0.5474999999999997
2026-08-15 22:33:24.491,23.717,raise,-0.11937499999999934,-0.596875
2026-08-15 22:33:24.501,23.727,raise,0.08375000000000021,-0.5549999999999999
2026-08-15 22:33:24.511,23.737,raise,-0.02062499999999967,-0.565
2026-08-15 22:33:24.521,23.747,raise,-0.00687499999999952,-0.5781249999999993
2026-08-15 22:33:24.531,23.757,raise,0.08624999999999994,-0.5387500000000001
2026-08-15 22:33:24.541,23.767,raise,-0.1143749999999999,-0.5887500000000001
2026-08-15 22:33:24.551,23.777,raise,0.07562500000000028,-0.5474999999999997
2026-08-15 22:33:24.561,23.787,raise,0.003750000000000142,-0.5481250000000004
2026-08-15 22:33:24.571,23.797,raise,0.015000000000000568,-0.566875
2026-08-15 22:33:24.581,23.807,raise,0.09187500000000015,-0.52875
2026-08-15 22:33:24.591,23.817,raise,-0.11687499999999962,-0.5812499999999998
2026-08-15 22:33:24.601,23.827,raise,0.08062499999999972,-0.5387500000000001
2026-08-15 22:33:24.611,23.837,raise,-0.022499999999999742,-0.5393749999999997
2026-08-15 22:33:24.621,23.847,raise,-0.006249999999999867,-0.556875
2026-08-15 22:33:24.631,23.857,raise,0.08812500000000001,-0.5218749999999994
2026-08-15 22:33:24.641,23.867,raise,-0.11375000000000024,-0.5687500000000001
2026-08-15 22:33:24.651,23.877,raise,0.07437499999999986,-0.526875
2026-08-15 22:33:24.661,23.887,raise,0.0006249999999996536,-0.5349999999999999
2026-08-15 22:33:24.671,23.897,raise,0.01687500000000064,-0.5662500000000004
2026-08-15 22:33:24.681,23.907,raise,0.0912500000000005,-0.5149999999999999
2026-08-15 22:33:24.691,23.917,raise,-0.11375000000000024,-0.5612499999999998
2026-08-15 22:33:24.701,23.927,raise,0.08312500000000056,-0.51875
2026-08-15 22:33:24.711,23.937,raise,-0.026874999999999538,-0.5312499999999998
2026-08-15 22:33:24.721,23.947,raise,-0.0024999999999997247,-0.5537499999999995
2026-08-15 22:33:24.731,23.957,raise,0.08937500000000043,-0.5093749999999997
2026-08-15 22:33:24.741,23.967,raise,-0.11375000000000024,-0.5618749999999995
2026-08-15 22:33:24.751,23.977,raise,0.07624999999999993,-0.5218749999999994
2026-08-15 22:33:24.761,23.987,raise,-0.0006249999999996536,-0.5274999999999996
2026-08-15 22:33:24.771,23.997,raise,0.018124999999999947,-0.5456249999999996
2026-08-15 22:33:24.781,24.007,raise,0.08937500000000043,-0.5049999999999999
2026-08-15 22:33:24.791,24.017,raise,-0.11687499999999962,-0.5537499999999995
2026-08-15 22:33:24.801,24.027,raise,0.06562500000000027,-0.5156249999999996
2026-08-15 22:33:24.811,24.037,raise,-0.029375000000000373,-0.5256249999999996
2026-08-15 22:33:24.821,24.047,raise,-0.0024999999999997247,-0.5387500000000001
2026-08-15 22:33:24.831,24.057,raise,0.08937500000000043,-0.5031249999999998
2026-08-15 22:33:24.841,24.067,raise,-0.1112499999999994,-0.5499999999999994
2026-08-15 22:33:24.851,24.077,raise,0.07562500000000028,-0.5099999999999993
2026-08-15 22:33:24.861,24.087,raise,-0.00687499999999952,-0.5131249999999998
2026-08-15 22:33:24.871,24.097,raise,0.02375000000000016,-0.5299999999999994
2026-08-15 22:33:24.881,24.107,raise,0.08687499999999959,-0.49687499999999996
2026-08-15 22:33:24.891,24.117,raise,-0.11874999999999969,-0.5449999999999999
2026-08-15 22:33:24.901,24.127,raise,0.06937500000000041,-0.49875
2026-08-15 22:33:24.911,24.137,raise,-0.031249999999999334,-0.5099999999999993
2026-08-15 22:33:24.921,24.147,raise,0.003750000000000142,-0.5218749999999994
2026-08-15 22:33:24.931,24.157,raise,0.09437499999999988,-0.4906250000000001
2026-08-15 22:33:24.941,24.167,raise,-0.11062499999999975,-0.5412499999999998
2026-08-15 22:33:24.951,24.177,raise,0.07937500000000042,-0.4974999999999996
2026-08-15 22:33:24.961,24.187,raise,-0.005625000000000213,-0.5099999999999993
2026-08-15 22:33:24.971,24.197,raise,-0.024374999999999813,-0.5299999999999994
2026-08-15 22:33:24.981,24.207,raise,0.08687499999999959,-0.4849999999999999
2026-08-15 22:33:24.991,24.217,raise,-0.11750000000000038,-0.5343750000000003
2026-08-15 22:33:25.001,24.227,raise,0.07000000000000006,-0.4993749999999997
2026-08-15 22:33:25.011,24.237,raise,-0.03874999999999962,-0.5062500000000003
2026-08-15 22:33:25.021,24.247,raise,0.006249999999999867,-0.5256249999999996
2026-08-15 22:33:25.031,24.257,raise,0.0924999999999998,-0.48374999999999946
2026-08-15 22:33:25.041,24.267,raise,-0.12062499999999976,-0.5331249999999998
2026-08-15 22:33:25.051,24.277,raise,0.07937500000000042,-0.4931249999999998
2026-08-15 22:33:25.061,24.287,raise,-0.009375000000000355,-0.5062500000000003
2026-08-15 22:33:25.071,24.297,raise,-0.022499999999999742,-0.5231249999999998
2026-08-15 22:33:25.081,24.307,raise,0.08750000000000036,-0.4818749999999994
2026-08-15 22:33:25.091,24.317,raise,-0.12062499999999976,-0.5337499999999995
2026-08-15 22:33:25.101,24.327,raise,0.07062499999999972,-0.4899999999999993
2026-08-15 22:33:25.111,24.337,raise,-0.03750000000000031,-0.4918749999999994
2026-08-15 22:33:25.121,24.347,raise,0.006249999999999867,-0.5137499999999995
2026-08-15 22:33:25.131,24.357,raise,0.0924999999999998,-0.47812500000000036
2026-08-15 22:33:25.141,24.367,raise,-0.11750000000000038,-0.5274999999999996
2026-08-15 22:33:25.151,24.377,raise,0.08187500000000014,-0.4831249999999998
2026-08-15 22:33:25.161,24.387,raise,-0.011249999999999316,-0.4906250000000001
2026-08-15 22:33:25.171,24.397,raise,-0.016249999999999876,-0.5099999999999993
2026-08-15 22:33:25.181,24.407,raise,0.08874999999999966,-0.4756249999999995
2026-08-15 22:33:25.191,24.417,raise,-0.1200000000000001,-0.5243750000000003
2026-08-15 22:33:25.201,24.427,raise,0.07062499999999972,-0.4843750000000002
2026-08-15 22:33:25.211,24.437,raise,0.01187500000000008,-0.49374999999999947
2026-08-15 22:33:25.221,24.447,raise,0.006249999999999867,-0.5218749999999994
2026-08-15 22:33:25.231,24.457,raise,0.08750000000000036,-0.4743750000000002
2026-08-15 22:33:25.241,24.467,raise,-0.11562500000000031,-0.5237499999999995
2026-08-15 22:33:25.251,24.477,raise,0.08000000000000007,-0.48687499999999995
2026-08-15 22:33:25.261,24.487,raise,-0.013124999999999387,-0.4874999999999996
2026-08-15 22:33:25.271,24.497,raise,-0.010000000000000009,-0.5156249999999996
2026-08-15 22:33:25.281,24.507,raise,0.09062499999999973,-0.4712499999999997
2026-08-15 22:33:25.291,24.517,raise,-0.11562500000000031,-0.5225000000000002
2026-08-15 22:33:25.301,24.527,raise,0.07312500000000055,-0.48687499999999995
2026-08-15 22:33:25.311,24.537,raise,0.010000000000000009,-0.49124999999999974
2026-08-15 22:33:25.321,24.547,raise,0.010624999999999662,-0.5137499999999995
2026-08-15 22:33:25.331,24.557,raise,0.08750000000000036,-0.4731249999999998
2026-08-15 22:33:25.341,24.567,raise,-0.11562500000000031,-0.5193749999999997
2026-08-15 22:33:25.351,24.577,raise,0.07937500000000042,-0.48374999999999946
2026-08-15 22:33:25.361,24.587,raise,-0.017500000000000293,-0.4818749999999994
2026-08-15 22:33:25.371,24.597,raise,-0.010000000000000009,-0.50875
2026-08-15 22:33:25.381,24.607,raise,0.08937500000000043,-0.4700000000000004
2026-08-15 22:33:25.391,24.617,raise,-0.10812500000000003,-0.516875
2026-08-15 22:33:25.401,24.627,raise,0.0737500000000002,-0.47937499999999966
2026-08-15 22:33:25.411,24.637,raise,0.0050000000000005596,-0.4831249999999998
2026-08-15 22:33:25.421,24.647,raise,0.015000000000000568,-0.5031249999999998
2026-08-15 22:33:25.431,24.657,raise,0.08812500000000001,-0.4656249999999995
2026-08-15 22:33:25.441,24.667,raise,-0.11562500000000031,-0.5131249999999998
2026-08-15 22:33:25.451,24.677,raise,0.08000000000000007,-0.47374999999999945
2026-08-15 22:33:25.461,24.687,raise,-0.02062499999999967,-0.4806250000000001
2026-08-15 22:33:25.471,24.697,raise,-0.003750000000000142,-0.5106250000000001
2026-08-15 22:33:25.481,24.707,raise,0.09187500000000015,-0.4643750000000002
2026-08-15 22:33:25.491,24.717,raise,-0.1100000000000001,-0.5156249999999996
2026-08-15 22:33:25.501,24.727,raise,0.07750000000000035,-0.47374999999999945
2026-08-15 22:33:25.511,24.737,raise,0.006875000000000631,-0.4806250000000001
2026-08-15 22:33:25.521,24.747,raise,0.0187499999999996,-0.5056249999999995
2026-08-15 22:33:25.531,24.757,raise,0.09062499999999973,-0.46374999999999944
2026-08-15 22:33:25.541,24.767,raise,-0.11812500000000004,-0.5125000000000002
2026-08-15 22:33:25.551,24.777,raise,0.06249999999999978,-0.47687499999999994
2026-08-15 22:33:25.561,24.787,raise,-0.028124999999999956,-0.48250000000000015
2026-08-15 22:33:25.571,24.797,raise,-0.006249999999999867,-0.5049999999999999
2026-08-15 22:33:25.581,24.807,raise,0.09312500000000057,-0.46250000000000013
2026-08-15 22:33:25.591,24.817,raise,-0.11312499999999948,-0.5162500000000003
2026-08-15 22:33:25.601,24.827,raise,0.07562500000000028,-0.4718749999999994
2026-08-15 22:33:25.611,24.837,raise,0.0031250000000004885,-0.4818749999999994
2026-08-15 22:33:25.621,24.847,raise,-0.0318750000000001,-0.49999999999999933
2026-08-15 22:33:25.631,24.857,raise,0.08874999999999966,-0.46062500000000006
2026-08-15 22:33:25.641,24.867,raise,-0.11687499999999962,-0.5106250000000001
2026-08-15 22:33:25.651,24.877,raise,0.06750000000000034,-0.46875
2026-08-15 22:33:25.661,24.887,raise,-0.027500000000000302,-0.4731249999999998
2026-08-15 22:33:25.671,24.897,raise,-0.001875000000000071,-0.49437500000000023
2026-08-15 22:33:25.681,24.907,raise,0.09437499999999988,-0.45875
2026-08-15 22:33:25.691,24.917,raise,-0.10750000000000037,-0.5106250000000001
2026-08-15 22:33:25.701,24.927,raise,0.07624999999999993,-0.4674999999999996
2026-08-15 22:33:25.711,24.937,raise,0.004374999999999796,-0.47374999999999945
2026-08-15 22:33:25.721,24.947,raise,-0.026249999999999885,-0.49124999999999974
2026-08-15 22:33:25.731,24.957,raise,0.0912500000000005,-0.4556249999999995
2026-08-15 22:33:25.741,24.967,raise,-0.11624999999999996,-0.5081250000000004
2026-08-15 22:33:25.751,24.977,raise,0.06812499999999999,-0.46374999999999944
2026-08-15 22:33:25.761,24.987,raise,-0.031249999999999334,-0.47499999999999987
2026-08-15 22:33:25.771,24.997,raise,0.0,-0.5062500000000003
2026-08-15 22:33:25.781,25.007,raise,0.08687499999999959,-0.45374999999999943
2026-08-15 22:33:25.791,25.017,raise,-0.11562500000000031,-0.5093749999999997
2026-08-15 22:33:25.801,25.027,raise,0.07500000000000062,-0.47250000000000014
2026-08-15 22:33:25.811,25.037,raise,-0.0031249999999993783,-0.4756249999999995
2026-08-15 22:33:25.821,25.047,raise,-0.02375000000000016,-0.5031249999999998
2026-08-15 22:33:25.831,25.057,raise,0.09062499999999973,-0.45499999999999985
2026-08-15 22:33:25.841,25.067,raise,-0.11624999999999996,-0.506875
2026-08-15 22:33:25.851,25.077,raise,0.07062499999999972,-0.4700000000000004
2026-08-15 22:33:25.861,25.087,raise,-0.029375000000000373,-0.4756249999999995
2026-08-15 22:33:25.871,25.097,raise,0.0050000000000005596,-0.49687499999999996
2026-08-15 22:33:25.881,25.107,raise,0.09000000000000008,-0.45937499999999964
2026-08-15 22:33:25.891,25.117,raise,-0.11812500000000004,-0.5049999999999999
2026-08-15 22:33:25.901,25.127,raise,0.07750000000000035,-0.4656249999999995
2026-08-15 22:33:25.911,25.137,raise,0.0006249999999996536,-0.46812500000000035
2026-08-15 22:33:25.921,25.147,raise,-0.0187499999999996,-0.49250000000000016
2026-08-15 22:33:25.931,25.157,raise,0.08937500000000043,-0.45187499999999936
2026-08-15 22:33:25.941,25.167,raise,-0.1100000000000001,-0.506875
2026-08-15 22:33:25.951,25.177,raise,0.07249999999999979,-0.4662500000000003
2026-08-15 22:33:25.961,25.187,raise,0.02062499999999967,-0.46937499999999965
2026-08-15 22:33:25.971,25.197,raise,0.008124999999999938,-0.4918749999999994
2026-08-15 22:33:25.981,25.207,raise,0.09062499999999973,-0.4531249999999998
2026-08-15 22:33:25.991,25.217,raise,-0.11375000000000024,-0.49999999999999933
2026-08-15 22:33:26.001,25.227,raise,0.078125,-0.46499999999999986
2026-08-15 22:33:26.011,25.237,raise,-0.008749999999999591,-0.4662500000000003
2026-08-15 22:33:26.021,25.247,raise,-0.017500000000000293,-0.49999999999999933
2026-08-15 22:33:26.031,25.257,raise,0.09312500000000057,-0.4525000000000001
2026-08-15 22:33:26.041,25.267,raise,-0.11187500000000017,-0.5074999999999996
2026-08-15 22:33:26.051,25.277,raise,0.07125000000000048,-0.47062500000000007
2026-08-15 22:33:26.061,25.287,raise,0.017500000000000293,-0.47250000000000014
2026-08-15 22:33:26.071,25.297,raise,0.007500000000000284,-0.49875
2026-08-15 22:33:26.081,25.307,raise,0.08812500000000001,-0.4543750000000002
2026-08-15 22:33:26.091,25.317,raise,-0.11750000000000038,-0.5012499999999998
2026-08-15 22:33:26.101,25.327,raise,0.07624999999999993,-0.46812500000000035
2026-08-15 22:33:26.111,25.337,raise,-0.010000000000000009,-0.47499999999999987
2026-08-15 22:33:26.121,25.347,raise,-0.015625000000000222,-0.4949999999999999
2026-08-15 22:33:26.131,25.357,raise,0.09187500000000015,-0.45187499999999936
2026-08-15 22:33:26.141,25.367,raise,-0.11499999999999955,-0.5056249999999995
2026-08-15 22:33:26.151,25.377,raise,0.07500000000000062,-0.4643750000000002
2026-08-15 22:33:26.161,25.387,raise,0.017500000000000293,-0.46250000000000013
2026-08-15 22:33:26.171,25.397,raise,0.011250000000000426,-0.4918749999999994
2026-08-15 22:33:26.181,25.407,raise,0.09000000000000008,-0.4543750000000002
2026-08-15 22:33:26.191,25.417,raise,-0.11499999999999955,-0.5018749999999994
2026-08-15 22:33:26.201,25.427,raise,0.06000000000000005,-0.46187499999999937
2026-08-15 22:33:26.211,25.437,raise,-0.013750000000000151,-0.4674999999999996
2026-08-15 22:33:26.221,25.447,raise,-0.014999999999999458,-0.49250000000000016
2026-08-15 22:33:26.231,25.457,raise,0.09312500000000057,-0.4512499999999997
2026-08-15 22:33:26.241,25.467,raise,-0.11312499999999948,-0.5056249999999995
2026-08-15 22:33:26.251,25.477,raise,0.07312500000000055,-0.46062500000000006
2026-08-15 22:33:26.261,25.487,raise,0.015000000000000568,-0.46687499999999993
2026-08-15 22:33:26.271,25.497,raise,0.014374999999999805,-0.4993749999999997
2026-08-15 22:33:26.281,25.507,raise,0.09500000000000064,-0.4531249999999998
2026-08-15 22:33:26.291,25.517,raise,-0.1143749999999999,-0.5018749999999994
2026-08-15 22:33:26.301,25.527,raise,0.06437499999999985,-0.45812500000000034
2026-08-15 22:33:26.311,25.537,raise,-0.014374999999999805,-0.46937499999999965
2026-08-15 22:33:26.321,25.547,raise,-0.009375000000000355,-0.49875
2026-08-15 22:33:26.331,25.557,raise,0.09187500000000015,-0.45374999999999943
2026-08-15 22:33:26.341,25.567,raise,-0.1100000000000001,-0.5012499999999998
2026-08-15 22:33:26.351,25.577,raise,0.07249999999999979,-0.47250000000000014
2026-08-15 22:33:26.361,25.587,raise,0.013750000000000151,-0.47250000000000014
2026-08-15 22:33:26.371,25.597,raise,-0.03750000000000031,-0.4949999999999999
2026-08-15 22:33:26.381,25.607,raise,0.09437499999999988,-0.4531249999999998
2026-08-15 22:33:26.391,25.617,raise,-0.11062499999999975,-0.5037499999999995
2026-08-15 22:33:26.401,25.627,raise,0.06812499999999999,-0.46499999999999986
2026-08-15 22:33:26.411,25.637,raise,-0.017500000000000293,-0.46937499999999965
2026-08-15 22:33:26.421,25.647,raise,-0.008749999999999591,-0.49250000000000016
2026-08-15 22:33:26.431,25.657,raise,0.09312500000000057,-0.4512499999999997
2026-08-15 22:33:26.441,25.667,raise,-0.11062499999999975,-0.5018749999999994
2026-08-15 22:33:26.451,25.677,raise,0.07562500000000028,-0.4643750000000002
2026-08-15 22:33:26.461,25.687,raise,0.005625000000000213,-0.46062500000000006
2026-08-15 22:33:26.471,25.697,raise,-0.03062499999999968,-0.4906250000000001
2026-08-15 22:33:26.481,25.707,raise,0.09500000000000064,-0.45062500000000005
2026-08-15 22:33:26.491,25.717,raise,-0.11187500000000017,-0.49250000000000016
2026-08-15 22:33:26.501,25.727,raise,0.06812499999999999,-0.4631249999999998
2026-08-15 22:33:26.511,25.737,raise,-0.017500000000000293,-0.46499999999999986
2026-08-15 22:33:26.521,25.747,raise,-0.004374999999999796,-0.4874999999999996
2026-08-15 22:33:26.531,25.757,raise,0.09437499999999988,-0.44875
2026-08-15 22:33:26.541,25.767,raise,-0.11624999999999996,-0.49562499999999954
2026-08-15 22:33:26.551,25.777,raise,0.07624999999999993,-0.4631249999999998
2026-08-15 22:33:26.561,25.787,raise,0.006249999999999867,-0.46937499999999965
2026-08-15 22:33:26.571,25.797,raise,-0.030000000000000027,-0.49562499999999954
2026-08-15 22:33:26.581,25.807,raise,0.08937500000000043,-0.45187499999999936
2026-08-15 22:33:26.591,25.817,raise,-0.11249999999999982,-0.4993749999999997
2026-08-15 22:33:26.601,25.827,raise,0.07249999999999979,-0.46812500000000035
2026-08-15 22:33:26.611,25.837,raise,0.030000000000000027,-0.4656249999999995
2026-08-15 22:33:26.621,25.847,raise,0.0024999999999997247,-0.49687499999999996
2026-08-15 22:33:26.631,25.857,raise,0.09874999999999967,-0.44937499999999964
2026-08-15 22:33:26.641,25.867,raise,-0.11062499999999975,-0.5006250000000001
2026-08-15 22:33:26.651,25.877,raise,0.07750000000000035,-0.46374999999999944
2026-08-15 22:33:26.661,25.887,raise,0.004374999999999796,-0.46875
2026-08-15 22:33:26.671,25.897,raise,-0.026874999999999538,-0.49374999999999947
2026-08-15 22:33:26.681,25.907,raise,0.09312500000000057,-0.45187499999999936
2026-08-15 22:33:26.691,25.917,raise,-0.1143749999999999,-0.4962500000000003
2026-08-15 22:33:26.701,25.927,raise,0.07062499999999972,-0.4600000000000004
2026-08-15 22:33:26.711,25.937,raise,0.030000000000000027,-0.4612499999999997
2026-08-15 22:33:26.721,25.947,raise,0.003750000000000142,-0.48875
2026-08-15 22:33:26.731,25.957,raise,0.09812500000000002,-0.44812500000000033
2026-08-15 22:33:26.741,25.967,raise,-0.11499999999999955,-0.4981250000000004
2026-08-15 22:33:26.751,25.977,raise,0.07937500000000042,-0.4600000000000004
2026-08-15 22:33:26.761,25.987,raise,0.0024999999999997247,-0.46250000000000013
2026-08-15 22:33:26.771,25.997,raise,-0.024999999999999467,-0.48562499999999953
2026-08-15 22:33:26.781,26.007,raise,0.0924999999999998,-0.44875
2026-08-15 22:33:26.791,26.017,raise,-0.11812500000000004,-0.5018749999999994
2026-08-15 22:33:26.801,26.027,raise,0.06937500000000041,-0.45812500000000034
2026-08-15 22:33:26.811,26.037,raise,0.026249999999999885,-0.46187499999999937
2026-08-15 22:33:26.821,26.047,raise,0.004374999999999796,-0.4974999999999996
2026-08-15 22:33:26.831,26.057,raise,0.09500000000000064,-0.45062500000000005
2026-08-15 22:33:26.841,26.067,raise,-0.1143749999999999,-0.5006250000000001
2026-08-15 22:33:26.851,26.077,raise,0.05750000000000033,-0.4600000000000004
2026-08-15 22:33:26.861,26.087,raise,0.0,-0.46499999999999986
2026-08-15 22:33:26.871,26.097,raise,-0.02062499999999967,-0.4974999999999996
2026-08-15 22:33:26.881,26.107,raise,0.09750000000000036,-0.4500000000000004
2026-08-15 22:33:26.891,26.117,raise,-0.11249999999999982,-0.4962500000000003
2026-08-15 22:33:26.901,26.127,raise,0.07249999999999979,-0.4631249999999998
2026-08-15 22:33:26.911,26.137,raise,0.02562500000000023,-0.46499999999999986
2026-08-15 22:33:26.921,26.147,raise,0.0050000000000005596,-0.4962500000000003
2026-08-15 22:33:26.931,26.157,raise,0.09500000000000064,-0.45062500000000005
2026-08-15 22:33:26.941,26.167,raise,-0.1112499999999994,-0.49875
2026-08-15 22:33:26.951,26.177,raise,0.0637500000000002,-0.46374999999999944
2026-08-15 22:33:26.961,26.187,raise,-0.0024999999999997247,-0.4656249999999995
2026-08-15 22:33:26.971,26.197,raise,-0.017500000000000293,-0.49124999999999974
2026-08-15 22:33:26.981,26.207,raise,0.09500000000000064,-0.44812500000000033
2026-08-15 22:33:26.991,26.217,raise,-0.11062499999999975,-0.4993749999999997
2026-08-15 22:33:27.001,26.227,raise,0.07500000000000062,-0.46187499999999937
2026-08-15 22:33:27.011,26.237,raise,0.01687500000000064,-0.4568749999999999
2026-08-15 22:33:27.021,26.247,raise,-0.04812499999999997,-0.48687499999999995
2026-08-15 22:33:27.031,26.257,raise,0.09750000000000036,-0.4468749999999999
2026-08-15 22:33:27.041,26.267,raise,-0.11249999999999982,-0.4931249999999998
2026-08-15 22:33:27.051,26.277,raise,0.06249999999999978,-0.4600000000000004
2026-08-15 22:33:27.061,26.287,raise,-0.010000000000000009,-0.46187499999999937
2026-08-15 22:33:27.071,26.297,raise,-0.018124999999999947,-0.5025000000000002
2026-08-15 22:33:27.081,26.307,raise,0.09500000000000064,-0.44749999999999956
2026-08-15 22:33:27.091,26.317,raise,-0.11312499999999948,-0.49562499999999954
2026-08-15 22:33:27.101,26.327,raise,0.07624999999999993,-0.45875
2026-08-15 22:33:27.111,26.337,raise,0.01687500000000064,-0.4600000000000004
2026-08-15 22:33:27.121,26.347,raise,-0.03937500000000038,-0.4949999999999999
2026-08-15 22:33:27.131,26.357,raise,0.0968749999999996,-0.44625000000000026
2026-08-15 22:33:27.141,26.367,raise,-0.1143749999999999,-0.49374999999999947
2026-08-15 22:33:27.151,26.377,raise,0.06624999999999992,-0.46875
2026-08-15 22:33:27.161,26.387,raise,-0.009375000000000355,-0.4631249999999998
2026-08-15 22:33:27.171,26.397,raise,-0.008749999999999591,-0.49562499999999954
2026-08-15 22:33:27.181,26.407,raise,0.09812500000000002,-0.45187499999999936
2026-08-15 22:33:27.191,26.417,raise,-0.11062499999999975,-0.4949999999999999
2026-08-15 22:33:27.201,26.427,raise,0.078125,-0.4662500000000003
2026-08-15 22:33:27.211,26.437,raise,0.010000000000000009,-0.4656249999999995
2026-08-15 22:33:27.221,26.447,raise,-0.04124999999999934,-0.4962500000000003
2026-08-15 22:33:27.231,26.457,raise,0.09375000000000022,-0.4531249999999998
2026-08-15 22:33:27.241,26.467,raise,-0.11687499999999962,-0.4962500000000003
2026-08-15 22:33:27.251,26.477,raise,0.06687500000000068,-0.4631249999999998
2026-08-15 22:33:27.261,26.487,raise,0.04249999999999976,-0.45812500000000034
2026-08-15 22:33:27.271,26.497,raise,-0.004999999999999449,-0.48812500000000036
2026-08-15 22:33:27.281,26.507,raise,0.09937500000000044,-0.44812500000000033
2026-08-15 22:33:27.291,26.517,raise,-0.10874999999999968,-0.49250000000000016
2026-08-15 22:33:27.301,26.527,raise,0.08125000000000049,-0.46062500000000006
2026-08-15 22:33:27.311,26.537,raise,0.011250000000000426,-0.4631249999999998
2026-08-15 22:33:27.321,26.547,raise,-0.03562500000000024,-0.4906250000000001
2026-08-15 22:33:27.331,26.557,raise,0.09312500000000057,-0.4512499999999997
2026-08-15 22:33:27.341,26.567,raise,-0.11499999999999955,-0.4981250000000004
2026-08-15 22:33:27.351,26.577,raise,0.06750000000000034,-0.4600000000000004
2026-08-15 22:33:27.361,26.587,raise,0.035000000000000586,-0.46187499999999937
2026-08-15 22:33:27.371,26.597,raise,-0.001875000000000071,-0.49437500000000023
2026-08-15 22:33:27.381,26.607,raise,0.09874999999999967,-0.44875
2026-08-15 22:33:27.391,26.617,raise,-0.1100000000000001,-0.4931249999999998
2026-08-15 22:33:27.401,26.627,raise,0.07874999999999965,-0.46499999999999986
2026-08-15 22:33:27.411,26.637,raise,0.009375000000000355,-0.4631249999999998
2026-08-15 22:33:27.421,26.647,raise,-0.029375000000000373,-0.4949999999999999
2026-08-15 22:33:27.431,26.657,raise,0.09624999999999995,-0.44749999999999956
2026-08-15 22:33:27.441,26.667,raise,-0.11812500000000004,-0.4962500000000003
2026-08-15 22:33:27.451,26.677,raise,0.07062499999999972,-0.46187499999999937
2026-08-15 22:33:27.461,26.687,raise,0.03687500000000066,-0.4643750000000002
2026-08-15 22:33:27.471,26.697,raise,-0.0024999999999997247,-0.49124999999999974
2026-08-15 22:33:27.481,26.707,raise,0.09437499999999988,-0.44749999999999956
2026-08-15 22:33:27.491,26.717,raise,-0.10937499999999933,-0.4949999999999999
2026-08-15 22:33:27.501,26.727,raise,0.0593750000000004,-0.46062500000000006
2026-08-15 22:33:27.511,26.737,raise,0.0050000000000005596,-0.45499999999999985
2026-08-15 22:33:27.521,26.747,raise,-0.02562500000000023,-0.48812500000000036
2026-08-15 22:33:27.531,26.757,raise,0.09500000000000064,-0.4456249999999995
2026-08-15 22:33:27.541,26.767,raise,-0.11624999999999996,-0.4962500000000003
2026-08-15 22:33:27.551,26.777,raise,0.07062499999999972,-0.45937499999999964
2026-08-15 22:33:27.561,26.787,raise,0.031250000000000444,-0.4600000000000004
2026-08-15 22:33:27.571,26.797,raise,0.0024999999999997247,-0.4874999999999996
2026-08-15 22:33:27.581,26.807,raise,0.09500000000000064,-0.44749999999999956
2026-08-15 22:33:27.591,26.817,raise,-0.11874999999999969,-0.49124999999999974
2026-08-15 22:33:27.601,26.827,raise,0.06249999999999978,-0.4556249999999995
2026-08-15 22:33:27.611,26.837,raise,0.0031250000000004885,-0.45812500000000034
2026-08-15 22:33:27.621,26.847,raise,-0.02062499999999967,-0.49999999999999933
2026-08-15 22:33:27.631,26.857,raise,0.09437499999999988,-0.4412499999999997
2026-08-15 22:33:27.641,26.867,raise,-0.11312499999999948,-0.48937499999999967
2026-08-15 22:33:27.651,26.877,raise,0.07562500000000028,-0.4543750000000002
2026-08-15 22:33:27.661,26.887,raise,0.026249999999999885,-0.4568749999999999
2026-08-15 22:33:27.671,26.897,raise,-0.051875000000000115,-0.49437500000000023
2026-08-15 22:33:27.681,26.907,raise,0.09437499999999988,-0.4412499999999997
2026-08-15 22:33:27.691,26.917,raise,-0.11375000000000024,-0.4906250000000001
2026-08-15 22:33:27.701,26.927,raise,0.06249999999999978,-0.46374999999999944
2026-08-15 22:33:27.711,26.937,raise,-0.0012500000000004174,-0.45812500000000034
2026-08-15 22:33:27.721,26.947,raise,-0.019375000000000364,-0.49124999999999974
2026-08-15 22:33:27.731,26.957,raise,0.09624999999999995,-0.4468749999999999
2026-08-15 22:33:27.741,26.967,raise,-0.11312499999999948,-0.49124999999999974
2026-08-15 22:33:27.751,26.977,raise,0.07187500000000013,-0.46374999999999944
2026-08-15 22:33:27.761,26.987,raise,0.023125000000000506,-0.46062500000000006
2026-08-15 22:33:27.771,26.997,raise,-0.04874999999999963,-0.4899999999999993
2026-08-15 22:33:27.781,27.007,raise,0.09312500000000057,-0.44312499999999977
2026-08-15 22:33:27.791,27.017,raise,-0.11499999999999955,-0.49687499999999996
2026-08-15 22:33:27.801,27.027,raise,0.06750000000000034,-0.46250000000000013
2026-08-15 22:33:27.811,27.037,raise,-0.004374999999999796,-0.4556249999999995
2026-08-15 22:33:27.821,27.047,raise,-0.018124999999999947,-0.4899999999999993
2026-08-15 22:33:27.831,27.057,raise,0.0956250000000003,-0.44812500000000033
2026-08-15 22:33:27.841,27.067,raise,-0.10874999999999968,-0.49374999999999947
2026-08-15 22:33:27.851,27.077,raise,0.07187500000000013,-0.46250000000000013
2026-08-15 22:33:27.861,27.087,raise,0.022499999999999742,-0.4556249999999995
2026-08-15 22:33:27.871,27.097,raise,-0.04375000000000018,-0.4843750000000002
2026-08-15 22:33:27.881,27.107,raise,0.09062499999999973,-0.4425000000000001
2026-08-15 22:33:27.891,27.117,raise,-0.1143749999999999,-0.4862500000000003
2026-08-15 22:33:27.901,27.127,raise,0.0637500000000002,-0.45812500000000034
2026-08-15 22:33:27.911,27.137,raise,0.0462499999999999,-0.4556249999999995
2026-08-15 22:33:27.921,27.147,raise,-0.011249999999999316,-0.48937499999999967
2026-08-15 22:33:27.931,27.157,raise,0.09187500000000015,-0.44312499999999977
2026-08-15 22:33:27.941,27.167,raise,-0.10687499999999961,-0.48687499999999995
2026-08-15 22:33:27.951,27.177,raise,0.07687499999999958,-0.4643750000000002
2026-08-15 22:33:27.961,27.187,raise,0.01687500000000064,-0.45625000000000027
2026-08-15 22:33:27.971,27.197,raise,-0.04124999999999934,-0.4899999999999993
2026-08-15 22:33:27.981,27.207,raise,0.09750000000000036,-0.44187499999999935
2026-08-15 22:33:27.991,27.217,raise,-0.11562500000000031,-0.48812500000000036
2026-08-15 22:33:28.001,27.227,raise,0.06562500000000027,-0.46062500000000006
2026-08-15 22:33:28.011,27.237,raise,0.04249999999999976,-0.45625000000000027
2026-08-15 22:33:28.021,27.247,raise,-0.012499999999999734,-0.4874999999999996
2026-08-15 22:33:28.031,27.257,raise,0.0956250000000003,-0.4425000000000001
2026-08-15 22:33:28.041,27.267,raise,-0.10937499999999933,-0.4931249999999998
2026-08-15 22:33:28.051,27.277,raise,0.07249999999999979,-0.4574999999999996
2026-08-15 22:33:28.061,27.287,raise,0.013750000000000151,-0.4543750000000002
2026-08-15 22:33:28.071,27.297,raise,-0.03874999999999962,-0.4874999999999996
2026-08-15 22:33:28.081,27.307,raise,0.09312500000000057,-0.4437499999999994
2026-08-15 22:33:28.091,27.317,raise,-0.11687499999999962,-0.4931249999999998
2026-08-15 22:33:28.101,27.327,raise,0.06874999999999964,-0.4543750000000002
2026-08-15 22:33:28.111,27.337,raise,0.043125000000000524,-0.45187499999999936
2026-08-15 22:33:28.121,27.347,raise,-0.003750000000000142,-0.4831249999999998
2026-08-15 22:33:28.131,27.357,raise,0.09062499999999973,-0.4443750000000002
2026-08-15 22:33:28.141,27.367,raise,-0.10687499999999961,-0.48562499999999953
2026-08-15 22:33:28.151,27.377,raise,0.07312500000000055,-0.4525000000000001
2026-08-15 22:33:28.161,27.387,raise,0.012499999999999734,-0.4531249999999998
2026-08-15 22:33:28.171,27.397,raise,-0.03375000000000017,-0.49437500000000023
2026-08-15 22:33:28.181,27.407,raise,0.09062499999999973,-0.44625000000000026
2026-08-15 22:33:28.191,27.417,raise,-0.1112499999999994,-0.48937499999999967
2026-08-15 22:33:28.201,27.427,raise,0.06500000000000061,-0.4656249999999995
2026-08-15 22:33:28.211,27.437,raise,0.033125000000000515,-0.4568749999999999
2026-08-15 22:33:28.221,27.447,raise,-0.005625000000000213,-0.4931249999999998
2026-08-15 22:33:28.231,27.457,raise,0.09437499999999988,-0.44749999999999956
2026-08-15 22:33:28.241,27.467,raise,-0.11375000000000024,-0.49437500000000023
2026-08-15 22:33:28.251,27.477,raise,0.05437499999999984,-0.4612499999999997
2026-08-15 22:33:28.261,27.487,raise,0.007500000000000284,-0.4568749999999999
2026-08-15 22:33:28.271,27.497,raise,-0.0318750000000001,-0.4874999999999996
2026-08-15 22:33:28.281,27.507,raise,0.0924999999999998,-0.44625000000000026
2026-08-15 22:33:28.291,27.517,raise,-0.11375000000000024,-0.49124999999999974
2026-08-15 22:33:28.301,27.527,raise,0.06624999999999992,-0.46250000000000013
2026-08-15 22:33:28.311,27.537,raise,0.03062499999999968,-0.4531249999999998
2026-08-15 22:33:28.321,27.547,raise,-0.06000000000000005,-0.48812500000000036
2026-08-15 22:33:28.331,27.557,raise,0.09000000000000008,-0.4456249999999995
2026-08-15 22:33:28.341,27.567,raise,-0.11187500000000017,-0.49687499999999996
2026-08-15 22:33:28.351,27.577,raise,0.05562500000000026,-0.4612499999999997
2026-08-15 22:33:28.361,27.587,raise,0.0050000000000005596,-0.4525000000000001
2026-08-15 22:33:28.371,27.597,raise,-0.02874999999999961,-0.48562499999999953
2026-08-15 22:33:28.381,27.607,raise,0.0924999999999998,-0.44312499999999977
2026-08-15 22:33:28.391,27.617,raise,-0.11187500000000017,-0.48374999999999946
2026-08-15 22:33:28.401,27.627,raise,0.06687500000000068,-0.4556249999999995
2026-08-15 22:33:28.411,27.637,raise,0.02687500000000065,-0.4531249999999998
2026-08-15 22:33:28.421,27.647,raise,-0.056874999999999565,-0.4918749999999994
2026-08-15 22:33:28.431,27.657,raise,0.09375000000000022,-0.4425000000000001
2026-08-15 22:33:28.441,27.667,raise,-0.1112499999999994,-0.48562499999999953
2026-08-15 22:33:28.451,27.677,raise,0.058749999999999636,-0.4556249999999995
2026-08-15 22:33:28.461,27.687,raise,0.0006249999999996536,-0.4543750000000002
2026-08-15 22:33:28.471,27.697,raise,-0.026249999999999885,-0.48937499999999967
2026-08-15 22:33:28.481,27.707,raise,0.0924999999999998,-0.4425000000000001
2026-08-15 22:33:28.491,27.717,raise,-0.10312499999999947,-0.48562499999999953
2026-08-15 22:33:28.501,27.727,raise,0.06812499999999999,-0.46250000000000013
2026-08-15 22:33:28.511,27.737,raise,0.030000000000000027,-0.45499999999999985
2026-08-15 22:33:28.521,27.747,raise,-0.051875000000000115,-0.4874999999999996
2026-08-15 22:33:28.531,27.757,raise,0.08937500000000043,-0.4437499999999994
2026-08-15 22:33:28.541,27.767,raise,-0.11312499999999948,-0.4918749999999994
2026-08-15 22:33:28.551,27.777,raise,0.058749999999999636,-0.46250000000000013
2026-08-15 22:33:28.561,27.787,raise,0.05437499999999984,-0.4568749999999999
2026-08-15 22:33:28.571,27.797,raise,-0.027500000000000302,-0.48812500000000036
2026-08-15 22:33:28.581,27.807,raise,0.0924999999999998,-0.44187499999999935
2026-08-15 22:33:28.591,27.817,raise,-0.10937499999999933,-0.4931249999999998
2026-08-15 22:33:28.601,27.827,raise,0.07000000000000006,-0.45812500000000034
2026-08-15 22:33:28.611,27.837,raise,0.022499999999999742,-0.44875
2026-08-15 22:33:28.621,27.847,raise,-0.050000000000000044,-0.4849999999999999
2026-08-15 22:33:28.631,27.857,raise,0.09375000000000022,-0.43875
2026-08-15 22:33:28.641,27.867,raise,-0.11624999999999996,-0.4831249999999998
2026-08-15 22:33:28.651,27.877,raise,0.06249999999999978,-0.4531249999999998
2026-08-15 22:33:28.661,27.887,raise,0.053750000000000187,-0.4512499999999997
2026-08-15 22:33:28.671,27.897,raise,-0.021249999999999325,-0.4818749999999994
2026-08-15 22:33:28.681,27.907,raise,0.09375000000000022,-0.4400000000000004
2026-08-15 22:33:28.691,27.917,raise,-0.10750000000000037,-0.48374999999999946
2026-08-15 22:33:28.701,27.927,raise,0.06874999999999964,-0.45374999999999943
2026-08-15 22:33:28.711,27.937,raise,0.022499999999999742,-0.45187499999999936
2026-08-15 22:33:28.721,27.947,raise,-0.05124999999999935,-0.49562499999999954
2026-08-15 22:33:28.731,27.957,raise,0.08937500000000043,-0.4381250000000003
2026-08-15 22:33:28.741,27.967,raise,-0.11687499999999962,-0.48374999999999946
2026-08-15 22:33:28.751,27.977,raise,0.06000000000000005,-0.4631249999999998
2026-08-15 22:33:28.761,27.987,raise,0.051875000000000115,-0.4543750000000002
2026-08-15 22:33:28.771,27.997,raise,-0.02187500000000009,-0.4906250000000001
2026-08-15 22:33:28.781,28.007,raise,0.0924999999999998,-0.43875
2026-08-15 22:33:28.791,28.017,raise,-0.1056250000000003,-0.4862500000000003
2026-08-15 22:33:28.801,28.027,raise,0.06874999999999964,-0.4631249999999998
2026-08-15 22:33:28.811,28.037,raise,0.0187499999999996,-0.45937499999999964
2026-08-15 22:33:28.821,28.047,raise,-0.04937500000000039,-0.4906250000000001
2026-08-15 22:33:28.831,28.057,raise,0.08562500000000028,-0.4443750000000002
2026-08-15 22:33:28.841,28.067,raise,-0.1200000000000001,-0.48937499999999967
2026-08-15 22:33:28.851,28.077,raise,0.06062499999999971,-0.4600000000000004
2026-08-15 22:33:28.861,28.087,raise,0.04812499999999997,-0.4500000000000004
2026-08-15 22:33:28.871,28.097,raise,-0.016249999999999876,-0.48687499999999995
2026-08-15 22:33:28.881,28.107,raise,0.09187500000000015,-0.4425000000000001
2026-08-15 22:33:28.891,28.117,raise,-0.10499999999999954,-0.4899999999999993
2026-08-15 22:33:28.901,28.127,raise,0.05249999999999977,-0.4600000000000004
2026-08-15 22:33:28.911,28.137,raise,0.019375000000000364,-0.44812500000000033
2026-08-15 22:33:28.921,28.147,raise,-0.0462499999999999,-0.48374999999999946
2026-08-15 22:33:28.931,28.157,raise,0.09312500000000057,-0.44312499999999977
2026-08-15 22:33:28.941,28.167,raise,-0.11624999999999996,-0.4818749999999994
2026-08-15 22:33:28.951,28.177,raise,0.06000000000000005,-0.4531249999999998
2026-08-15 22:33:28.961,28.187,raise,0.04062499999999969,-0.44749999999999956
2026-08-15 22:33:28.971,28.197,raise,-0.06937500000000041,-0.4899999999999993
2026-08-15 22:33:28.981,28.207,raise,0.09437499999999988,-0.44187499999999935
2026-08-15 22:33:28.991,28.217,raise,-0.10874999999999968,-0.48812500000000036
2026-08-15 22:33:29.001,28.227,raise,0.055000000000000604,-0.4531249999999998
2026-08-15 22:33:29.011,28.237,raise,0.013125000000000497,-0.4500000000000004
2026-08-15 22:33:29.021,28.247,raise,-0.03750000000000031,-0.48875
2026-08-15 22:33:29.031,28.257,raise,0.08937500000000043,-0.43875
2026-08-15 22:33:29.041,28.267,raise,-0.11812500000000004,-0.48374999999999946
2026-08-15 22:33:29.051,28.277,raise,0.06249999999999978,-0.45812500000000034
2026-08-15 22:33:29.061,28.287,raise,0.03624999999999989,-0.45625000000000027
2026-08-15 22:33:29.071,28.297,raise,-0.06874999999999964,-0.48687499999999995
2026-08-15 22:33:29.081,28.307,raise,0.08874999999999966,-0.44312499999999977
2026-08-15 22:33:29.091,28.317,raise,-0.1100000000000001,-0.48937499999999967
2026-08-15 22:33:29.101,28.327,raise,0.056875000000000675,-0.45625000000000027
2026-08-15 22:33:29.111,28.337,raise,0.009375000000000355,-0.45374999999999943
2026-08-15 22:33:29.121,28.347,raise,-0.038124999999999964,-0.4862500000000003
2026-08-15 22:33:29.131,28.357,raise,0.09312500000000057,-0.4412499999999997
2026-08-15 22:33:29.141,28.367,raise,-0.10249999999999981,-0.4862500000000003
2026-08-15 22:33:29.151,28.377,raise,0.06624999999999992,-0.4574999999999996
2026-08-15 22:33:29.161,28.387,raise,0.035000000000000586,-0.4468749999999999
2026-08-15 22:33:29.171,28.397,raise,-0.06249999999999978,-0.4843750000000002
2026-08-15 22:33:29.181,28.407,raise,0.08937500000000043,-0.4425000000000001
2026-08-15 22:33:29.191,28.417,raise,-0.11812500000000004,-0.48812500000000036
2026-08-15 22:33:29.201,28.427,raise,0.056875000000000675,-0.45499999999999985
2026-08-15 22:33:29.211,28.437,raise,0.005625000000000213,-0.45187499999999936
2026-08-15 22:33:29.221,28.447,raise,-0.03249999999999975,-0.49687499999999996
2026-08-15 22:33:29.231,28.457,raise,0.09375000000000022,-0.44187499999999935
2026-08-15 22:33:29.241,28.467,raise,-0.10312499999999947,-0.48374999999999946
2026-08-15 22:33:29.251,28.477,raise,0.06874999999999964,-0.45374999999999943
2026-08-15 22:33:29.261,28.487,raise,0.029375000000000373,-0.45062500000000005
2026-08-15 22:33:29.271,28.497,raise,-0.061875000000000124,-0.4931249999999998
2026-08-15 22:33:29.281,28.507,raise,0.09062499999999973,-0.4400000000000004
2026-08-15 22:33:29.291,28.517,raise,-0.11312499999999948,-0.4849999999999999
2026-08-15 22:33:29.301,28.527,raise,0.05750000000000033,-0.46499999999999986
2026-08-15 22:33:29.311,28.537,raise,0.05624999999999991,-0.4543750000000002
2026-08-15 22:33:29.321,28.547,raise,-0.03062499999999968,-0.49437500000000023
2026-08-15 22:33:29.331,28.557,raise,0.0912500000000005,-0.4468749999999999
2026-08-15 22:33:29.341,28.567,raise,-0.10624999999999996,-0.49250000000000016
2026-08-15 22:33:29.351,28.577,raise,0.06750000000000034,-0.4656249999999995
2026-08-15 22:33:29.361,28.587,raise,0.028124999999999956,-0.4543750000000002
2026-08-15 22:33:29.371,28.597,raise,-0.056874999999999565,-0.49124999999999974
2026-08-15 22:33:29.381,28.607,raise,0.09062499999999973,-0.44625000000000026
2026-08-15 22:33:29.391,28.617,raise,-0.11624999999999996,-0.48875
2026-08-15 22:33:29.401,28.627,raise,0.056875000000000675,-0.46187499999999937
2026-08-15 22:33:29.411,28.637,raise,0.056875000000000675,-0.44812500000000033
2026-08-15 22:33:29.421,28.647,raise,-0.02562500000000023,-0.4874999999999996
2026-08-15 22:33:29.431,28.657,raise,0.0924999999999998,-0.4443750000000002
2026-08-15 22:33:29.441,28.667,raise,-0.10624999999999996,-0.4806250000000001
2026-08-15 22:33:29.451,28.677,raise,0.06812499999999999,-0.45625000000000027
2026-08-15 22:33:29.461,28.687,raise,0.026249999999999885,-0.44875
2026-08-15 22:33:29.471,28.697,raise,-0.05312499999999942,-0.48562499999999953
2026-08-15 22:33:29.481,28.707,raise,0.09000000000000008,-0.4412499999999997
2026-08-15 22:33:29.491,28.717,raise,-0.11624999999999996,-0.4806250000000001
2026-08-15 22:33:29.501,28.727,raise,0.058749999999999636,-0.4574999999999996
2026-08-15 22:33:29.511,28.737,raise,0.051875000000000115,-0.44937499999999964
2026-08-15 22:33:29.521,28.747,raise,-0.024999999999999467,-0.49437500000000023
2026-08-15 22:33:29.531,28.757,raise,0.09375000000000022,-0.4393749999999996
2026-08-15 22:33:29.541,28.767,raise,-0.10499999999999954,-0.4818749999999994
2026-08-15 22:33:29.551,28.777,raise,0.045000000000000595,-0.4662500000000003
2026-08-15 22:33:29.561,28.787,raise,0.021250000000000435,-0.4525000000000001
2026-08-15 22:33:29.571,28.797,raise,-0.050000000000000044,-0.4918749999999994
2026-08-15 22:33:29.581,28.807,raise,0.08812500000000001,-0.44187499999999935
2026-08-15 22:33:29.591,28.817,raise,-0.11812500000000004,-0.4906250000000001
2026-08-15 22:33:29.601,28.827,raise,0.05624999999999991,-0.4643750000000002
2026-08-15 22:33:29.611,28.837,raise,0.0462499999999999,-0.4525000000000001
2026-08-15 22:33:29.621,28.847,raise,-0.024999999999999467,-0.48937499999999967
2026-08-15 22:33:29.631,28.857,raise,0.08812500000000001,-0.44625000000000026
2026-08-15 22:33:29.641,28.867,raise,-0.10437499999999988,-0.48687499999999995
2026-08-15 22:33:29.651,28.877,raise,0.050000000000000044,-0.4612499999999997
2026-08-15 22:33:29.661,28.887,raise,0.018124999999999947,-0.4456249999999995
2026-08-15 22:33:29.671,28.897,raise,-0.04562500000000025,-0.4862500000000003
2026-08-15 22:33:29.681,28.907,raise,0.08750000000000036,-0.44312499999999977
2026-08-15 22:33:29.691,28.917,raise,-0.11499999999999955,-0.4849999999999999
2026-08-15 22:33:29.701,28.927,raise,0.0593750000000004,-0.45499999999999985
2026-08-15 22:33:29.711,28.937,raise,0.04249999999999976,-0.44937499999999964
2026-08-15 22:33:29.721,28.947,raise,-0.07249999999999979,-0.4843750000000002
2026-08-15 22:33:29.731,28.957,raise,0.08937500000000043,-0.4400000000000004
2026-08-15 22:33:29.741,28.967,raise,-0.10499999999999954,-0.4831249999999998
2026-08-15 22:33:29.751,28.977,raise,0.05312500000000053,-0.45374999999999943
2026-08-15 22:33:29.761,28.987,raise,0.014374999999999805,-0.4500000000000004
2026-08-15 22:33:29.771,28.997,raise,-0.043124999999999414,-0.49374999999999947
2026-08-15 22:33:29.781,29.007,raise,0.08624999999999994,-0.4381250000000003
2026-08-15 22:33:29.791,29.017,raise,-0.09812500000000002,-0.48562499999999953
2026-08-15 22:33:29.801,29.027,raise,0.058749999999999636,-0.4543750000000002
2026-08-15 22:33:29.811,29.037,raise,0.03874999999999962,-0.4500000000000004
2026-08-15 22:33:29.821,29.047,raise,-0.07000000000000006,-0.49437500000000023
2026-08-15 22:33:29.831,29.057,raise,0.08687499999999959,-0.44312499999999977
2026-08-15 22:33:29.841,29.067,raise,-0.11750000000000038,-0.4906250000000001
2026-08-15 22:33:29.851,29.077,raise,0.0506249999999997,-0.46499999999999986
2026-08-15 22:33:29.861,29.087,raise,0.010000000000000009,-0.4543750000000002
2026-08-15 22:33:29.871,29.097,raise,-0.04375000000000018,-0.4918749999999994
2026-08-15 22:33:29.881,29.107,raise,0.08562500000000028,-0.4468749999999999
2026-08-15 22:33:29.891,29.117,raise,-0.0968749999999996,-0.4843750000000002
2026-08-15 22:33:29.901,29.127,raise,0.06062499999999971,-0.46187499999999937
2026-08-15 22:33:29.911,29.137,raise,0.03874999999999962,-0.45374999999999943
2026-08-15 22:33:29.921,29.147,raise,-0.06750000000000034,-0.4931249999999998
2026-08-15 22:33:29.931,29.157,raise,0.08750000000000036,-0.4437499999999994
2026-08-15 22:33:29.941,29.167,raise,-0.11499999999999955,-0.4874999999999996
2026-08-15 22:33:29.951,29.177,raise,0.05249999999999977,-0.45937499999999964
2026-08-15 22:33:29.961,29.187,raise,0.06062499999999971,-0.44749999999999956
2026-08-15 22:33:29.971,29.197,raise,-0.04062499999999969,-0.48812500000000036
2026-08-15 22:33:29.981,29.207,raise,0.08750000000000036,-0.4412499999999997
2026-08-15 22:33:29.991,29.217,raise,-0.09812500000000002,-0.47687499999999994
2026-08-15 22:33:30.001,29.227,raise,0.061875000000000124,-0.4574999999999996
2026-08-15 22:33:30.011,29.237,raise,0.03562500000000024,-0.4456249999999995
2026-08-15 22:33:30.021,29.247,raise,-0.06312499999999943,-0.4874999999999996
2026-08-15 22:33:30.031,29.257,raise,0.08624999999999994,-0.44062500000000004
2026-08-15 22:33:30.041,29.267,raise,-0.11499999999999955,-0.4800000000000004
2026-08-15 22:33:30.051,29.277,raise,0.04937500000000039,-0.45499999999999985
2026-08-15 22:33:30.061,29.287,raise,0.06062499999999971,-0.4512499999999997
2026-08-15 22:33:30.071,29.297,raise,-0.04249999999999976,-0.4974999999999996
2026-08-15 22:33:30.081,29.307,raise,0.08812500000000001,-0.4400000000000004
2026-08-15 22:33:30.091,29.317,raise,-0.09812500000000002,-0.48124999999999973
2026-08-15 22:33:30.101,29.327,raise,0.06562500000000027,-0.4631249999999998
2026-08-15 22:33:30.111,29.337,raise,0.03562500000000024,-0.45062500000000005
2026-08-15 22:33:30.121,29.347,raise,-0.06312499999999943,-0.49250000000000016
2026-08-15 22:33:30.131,29.357,raise,0.08500000000000063,-0.4425000000000001
2026-08-15 22:33:30.141,29.367,raise,-0.11312499999999948,-0.4843750000000002
2026-08-15 22:33:30.151,29.377,raise,0.05249999999999977,-0.46250000000000013
2026-08-15 22:33:30.161,29.387,raise,0.05812499999999998,-0.45187499999999936
2026-08-15 22:33:30.171,29.397,raise,-0.034999999999999476,-0.48875
2026-08-15 22:33:30.181,29.407,raise,0.08750000000000036,-0.44499999999999984
2026-08-15 22:33:30.191,29.417,raise,-0.10437499999999988,-0.4899999999999993
2026-08-15 22:33:30.201,29.427,raise,0.040000000000000036,-0.4631249999999998
2026-08-15 22:33:30.211,29.437,raise,0.026249999999999885,-0.45187499999999936
2026-08-15 22:33:30.221,29.447,raise,-0.06000000000000005,-0.48875
2026-08-15 22:33:30.231,29.457,raise,0.08624999999999994,-0.4443750000000002
2026-08-15 22:33:30.241,29.467,raise,-0.11499999999999955,-0.4818749999999994
2026-08-15 22:33:30.251,29.477,raise,0.05125000000000046,-0.45875
2026-08-15 22:33:30.261,29.487,raise,0.0593750000000004,-0.44875
2026-08-15 22:33:30.271,29.497,raise,-0.03437499999999982,-0.48374999999999946
2026-08-15 22:33:30.281,29.507,raise,0.08937500000000043,-0.44187499999999935
2026-08-15 22:33:30.291,29.517,raise,-0.10937499999999933,-0.4831249999999998
2026-08-15 22:33:30.301,29.527,raise,0.04375000000000018,-0.4574999999999996
2026-08-15 22:33:30.311,29.537,raise,0.02187500000000009,-0.4525000000000001
2026-08-15 22:33:30.321,29.547,raise,-0.0593750000000004,-0.4993749999999997
2026-08-15 22:33:30.331,29.557,raise,0.08687499999999959,-0.4412499999999997
2026-08-15 22:33:30.341,29.567,raise,-0.11687499999999962,-0.4831249999999998
2026-08-15 22:33:30.351,29.577,raise,0.05624999999999991,-0.46875
2026-08-15 22:33:30.361,29.587,raise,0.05125000000000046,-0.45062500000000005
2026-08-15 22:33:30.371,29.597,raise,-0.08187500000000014,-0.49374999999999947
2026-08-15 22:33:30.381,29.607,raise,0.0924999999999998,-0.44312499999999977
2026-08-15 22:33:30.391,29.617,raise,-0.1056250000000003,-0.4831249999999998
2026-08-15 22:33:30.401,29.627,raise,0.04750000000000032,-0.46499999999999986
2026-08-15 22:33:30.411,29.637,raise,0.021250000000000435,-0.4531249999999998
2026-08-15 22:33:30.421,29.647,raise,-0.05437499999999984,-0.4918749999999994
2026-08-15 22:33:30.431,29.657,raise,0.0912500000000005,-0.4412499999999997
2026-08-15 22:33:30.441,29.667,raise,-0.09124999999999939,-0.48812500000000036
2026-08-15 22:33:30.451,29.677,raise,0.06000000000000005,-0.46250000000000013
2026-08-15 22:33:30.461,29.687,raise,0.0506249999999997,-0.44499999999999984
2026-08-15 22:33:30.471,29.697,raise,-0.08124999999999938,-0.4918749999999994
2026-08-15 22:33:30.481,29.707,raise,0.08874999999999966,-0.44312499999999977
2026-08-15 22:33:30.491,29.717,raise,-0.10874999999999968,-0.48562499999999953
2026-08-15 22:33:30.501,29.727,raise,0.04937500000000039,-0.4631249999999998
2026-08-15 22:33:30.511,29.737,raise,0.015000000000000568,-0.44812500000000033
2026-08-15 22:33:30.521,29.747,raise,-0.051875000000000115,-0.48562499999999953
2026-08-15 22:33:30.531,29.757,raise,0.08562500000000028,-0.4425000000000001
2026-08-15 22:33:30.541,29.767,raise,-0.09499999999999953,-0.47875
2026-08-15 22:33:30.551,29.777,raise,0.056875000000000675,-0.46250000000000013
2026-08-15 22:33:30.561,29.787,raise,0.040000000000000036,-0.45062500000000005
2026-08-15 22:33:30.571,29.797,raise,-0.0737500000000002,-0.4949999999999999
2026-08-15 22:33:30.581,29.807,raise,0.08750000000000036,-0.4468749999999999
2026-08-15 22:33:30.591,29.817,raise,-0.1143749999999999,-0.4800000000000004
2026-08-15 22:33:30.601,29.827,raise,0.050000000000000044,-0.4600000000000004
2026-08-15 22:33:30.611,29.837,raise,0.06500000000000061,-0.45187499999999936
2026-08-15 22:33:30.621,29.847,raise,-0.04562500000000025,-0.49437500000000023
2026-08-15 22:33:30.631,29.857,raise,0.09000000000000008,-0.44312499999999977
2026-08-15 22:33:30.641,29.867,raise,-0.09937499999999932,-0.4818749999999994
2026-08-15 22:33:30.651,29.877,raise,0.06249999999999978,-0.4643750000000002
2026-08-15 22:33:30.661,29.887,raise,0.03874999999999962,-0.45374999999999943
2026-08-15 22:33:30.671,29.897,raise,-0.07249999999999979,-0.49124999999999974
2026-08-15 22:33:30.681,29.907,raise,0.08687499999999959,-0.44312499999999977
2026-08-15 22:33:30.691,29.917,raise,-0.11562500000000031,-0.48250000000000015
2026-08-15 22:33:30.701,29.927,raise,0.055000000000000604,-0.4631249999999998
2026-08-15 22:33:30.711,29.937,raise,0.06687500000000068,-0.4525000000000001
2026-08-15 22:33:30.721,29.947,raise,-0.04812499999999997,-0.49124999999999974
2026-08-15 22:33:30.731,29.957,raise,0.08750000000000036,-0.44062500000000004
2026-08-15 22:33:30.741,29.967,raise,-0.09624999999999995,-0.4874999999999996
2026-08-15 22:33:30.751,29.977,raise,0.06000000000000005,-0.4600000000000004
2026-08-15 22:33:30.761,29.987,raise,0.033125000000000515,-0.44499999999999984
2026-08-15 22:33:30.771,29.997,raise,-0.06812499999999999,-0.49124999999999974
2026-08-15 22:33:30.781,30.007,raise,0.08562500000000028,-0.43875
2026-08-15 22:33:30.791,30.017,raise,-0.11187500000000017,-0.47937499999999966
2026-08-15 22:33:30.801,30.027,raise,0.050000000000000044,-0.4612499999999997
2026-08-15 22:33:30.811,30.037,raise,0.06312500000000054,-0.4500000000000004
2026-08-15 22:33:30.821,30.047,raise,-0.040000000000000036,-0.48812500000000036
2026-08-15 22:33:30.831,30.057,raise,0.08687499999999959,-0.44062500000000004
2026-08-15 22:33:30.841,30.067,raise,-0.10187500000000016,-0.48124999999999973
2026-08-15 22:33:30.851,30.077,raise,0.03562500000000024,-0.4574999999999996
2026-08-15 22:33:30.861,30.087,raise,0.03437499999999982,-0.4500000000000004
2026-08-15 22:33:30.871,30.097,raise,-0.06437499999999985,-0.4949999999999999
2026-08-15 22:33:30.881,30.107,raise,0.08500000000000063,-0.43875
2026-08-15 22:33:30.891,30.117,raise,-0.11562500000000031,-0.48250000000000015
2026-08-15 22:33:30.901,30.127,raise,0.05562500000000026,-0.46875
2026-08-15 22:33:30.911,30.137,raise,0.06437499999999985,-0.44937499999999964
2026-08-15 22:33:30.921,30.147,raise,-0.03750000000000031,-0.49374999999999947
2026-08-15 22:33:30.931,30.157,raise,0.08937500000000043,-0.4393749999999996
2026-08-15 22:33:30.941,30.167,raise,-0.10249999999999981,-0.48250000000000015
2026-08-15 22:33:30.951,30.177,raise,0.04062499999999969,-0.46374999999999944
2026-08-15 22:33:30.961,30.187,raise,0.029375000000000373,-0.44937499999999964
2026-08-15 22:33:30.971,30.197,raise,-0.0649999999999995,-0.48875
2026-08-15 22:33:30.981,30.207,raise,0.08562500000000028,-0.44312499999999977
2026-08-15 22:33:30.991,30.217,raise,-0.11187500000000017,-0.48374999999999946
2026-08-15 22:33:31.001,30.227,raise,0.05249999999999977,-0.46187499999999937
2026-08-15 22:33:31.011,30.237,raise,0.05750000000000033,-0.44499999999999984
2026-08-15 22:33:31.021,30.247,raise,-0.08437499999999987,-0.48812500000000036
2026-08-15 22:33:31.031,30.257,raise,0.08812500000000001,-0.4425000000000001
2026-08-15 22:33:31.041,30.267,raise,-0.10062499999999974,-0.4800000000000004
2026-08-15 22:33:31.051,30.277,raise,0.04062499999999969,-0.46250000000000013
2026-08-15 22:33:31.061,30.287,raise,0.02375000000000016,-0.4512499999999997
2026-08-15 22:33:31.071,30.297,raise,-0.058749999999999636,-0.48937499999999967
2026-08-15 22:33:31.081,30.307,raise,0.08312500000000056,-0.44749999999999956
2026-08-15 22:33:31.091,30.317,raise,-0.11750000000000038,-0.4800000000000004
2026-08-15 22:33:31.101,30.327,raise,0.05125000000000046,-0.4600000000000004
2026-08-15 22:33:31.111,30.337,raise,0.05562500000000026,-0.44812500000000033
2026-08-15 22:33:31.121,30.347,raise,-0.08187500000000014,-0.4906250000000001
2026-08-15 22:33:31.131,30.357,raise,0.08187500000000014,-0.4437499999999994
2026-08-15 22:33:31.141,30.367,raise,-0.1012499999999994,-0.48124999999999973
2026-08-15 22:33:31.151,30.377,raise,0.04375000000000018,-0.4674999999999996
2026-08-15 22:33:31.161,30.387,raise,0.025000000000000577,-0.44937499999999964
2026-08-15 22:33:31.171,30.397,raise,-0.058749999999999636,-0.4931249999999998
2026-08-15 22:33:31.181,30.407,raise,0.08437499999999987,-0.4437499999999994
2026-08-15 22:33:31.191,30.417,raise,-0.08874999999999966,-0.48562499999999953
2026-08-15 22:33:31.201,30.427,raise,0.051875000000000115,-0.46812500000000035
2026-08-15 22:33:31.211,30.437,raise,0.04937500000000039,-0.4531249999999998
2026-08-15 22:33:31.221,30.447,raise,-0.08124999999999938,-0.49250000000000016
2026-08-15 22:33:31.231,30.457,raise,0.08750000000000036,-0.44625000000000026
2026-08-15 22:33:31.241,30.467,raise,-0.10624999999999996,-0.48687499999999995
2026-08-15 22:33:31.251,30.477,raise,0.04437499999999983,-0.4662500000000003
2026-08-15 22:33:31.261,30.487,raise,0.06874999999999964,-0.44812500000000033
2026-08-15 22:33:31.271,30.497,raise,-0.05437499999999984,-0.49124999999999974
2026-08-15 22:33:31.281,30.507,raise,0.08874999999999966,-0.44749999999999956
2026-08-15 22:33:31.291,30.517,raise,-0.09000000000000008,-0.49124999999999974
2026-08-15 22:33:31.301,30.527,raise,0.058749999999999636,-0.46374999999999944
2026-08-15 22:33:31.311,30.537,raise,0.045000000000000595,-0.44875
2026-08-15 22:33:31.321,30.547,raise,-0.08062499999999972,-0.49374999999999947
2026-08-15 22:33:31.331,30.557,raise,0.08812500000000001,-0.44625000000000026
2026-08-15 22:33:31.341,30.567,raise,-0.10937499999999933,-0.4800000000000004
2026-08-15 22:33:31.351,30.577,raise,0.05312500000000053,-0.45875
2026-08-15 22:33:31.361,30.587,raise,0.07249999999999979,-0.4500000000000004
2026-08-15 22:33:31.371,30.597,raise,-0.046874999999999556,-0.4931249999999998
2026-08-15 22:33:31.381,30.607,raise,0.0912500000000005,-0.44062500000000004
2026-08-15 22:33:31.391,30.617,raise,-0.09187500000000015,-0.47687499999999994
2026-08-15 22:33:31.401,30.627,raise,0.06062499999999971,-0.45875
2026-08-15 22:33:31.411,30.637,raise,0.04187500000000011,-0.44875
2026-08-15 22:33:31.421,30.647,raise,-0.07499999999999951,-0.49374999999999947
2026-08-15 22:33:31.431,30.657,raise,0.08312500000000056,-0.44312499999999977
2026-08-15 22:33:31.441,30.667,raise,-0.1112499999999994,-0.48124999999999973
2026-08-15 22:33:31.451,30.677,raise,0.051875000000000115,-0.4662500000000003
2026-08-15 22:33:31.461,30.687,raise,0.06812499999999999,-0.44875
2026-08-15 22:33:31.471,30.697,raise,-0.040000000000000036,-0.48812500000000036
2026-08-15 22:33:31.481,30.707,raise,0.08750000000000036,-0.4437499999999994
2026-08-15 22:33:31.491,30.717,raise,-0.0956250000000003,-0.4806250000000001
2026-08-15 22:33:31.501,30.727,raise,0.040000000000000036,-0.46250000000000013
2026-08-15 22:33:31.511,30.737,raise,0.03624999999999989,-0.4500000000000004
2026-08-15 22:33:31.521,30.747,raise,-0.06624999999999992,-0.4918749999999994
2026-08-15 22:33:31.531,30.757,raise,0.08687499999999959,-0.4443750000000002
2026-08-15 22:33:31.541,30.767,raise,-0.11249999999999982,-0.48374999999999946
2026-08-15 22:33:31.551,30.777,raise,0.05249999999999977,-0.4600000000000004
2026-08-15 22:33:31.561,30.787,raise,0.061875000000000124,-0.44812500000000033
2026-08-15 22:33:31.571,30.797,raise,-0.04124999999999934,-0.48937499999999967
2026-08-15 22:33:31.581,30.807,raise,0.08624999999999994,-0.4456249999999995
2026-08-15 22:33:31.591,30.817,raise,-0.09874999999999967,-0.4800000000000004
2026-08-15 22:33:31.601,30.827,raise,0.04437499999999983,-0.46062500000000006
2026-08-15 22:33:31.611,30.837,raise,0.03437499999999982,-0.4456249999999995
2026-08-15 22:33:31.621,30.847,raise,-0.061875000000000124,-0.4874999999999996
2026-08-15 22:33:31.631,30.857,raise,0.08687499999999959,-0.44062500000000004
2026-08-15 22:33:31.641,30.867,raise,-0.11187500000000017,-0.47875
2026-08-15 22:33:31.651,30.877,raise,0.051875000000000115,-0.45625000000000027
2026-08-15 22:33:31.661,30.887,raise,0.0637500000000002,-0.4468749999999999
2026-08-15 22:33:31.671,30.897,raise,-0.08812500000000001,-0.4906250000000001
2026-08-15 22:33:31.681,30.907,raise,0.09062499999999973,-0.4400000000000004
2026-08-15 22:33:31.691,30.917,raise,-0.0956250000000003,-0.47812500000000036
2026-08-15 22:33:31.701,30.927,raise,0.04437499999999983,-0.46687499999999993
2026-08-15 22:33:31.711,30.937,raise,0.033125000000000515,-0.44875
2026-08-15 22:33:31.721,30.947,raise,-0.06124999999999936,-0.4906250000000001
2026-08-15 22:33:31.731,30.957,raise,0.09000000000000008,-0.43749999999999956
2026-08-15 22:33:31.741,30.967,raise,-0.11187500000000017,-0.4806250000000001
2026-08-15 22:33:31.751,30.977,raise,0.05437499999999984,-0.46374999999999944
2026-08-15 22:33:31.761,30.987,raise,0.0593750000000004,-0.45187499999999936
2026-08-15 22:33:31.771,30.997,raise,-0.08312499999999945,-0.4918749999999994
2026-08-15 22:33:31.781,31.007,raise,0.08937500000000043,-0.4443750000000002
2026-08-15 22:33:31.791,31.017,raise,-0.10687499999999961,-0.4831249999999998
2026-08-15 22:33:31.801,31.027,raise,0.04437499999999983,-0.4656249999999995
2026-08-15 22:33:31.811,31.037,raise,0.027500000000000302,-0.4468749999999999
2026-08-15 22:33:31.821,31.047,raise,-0.061875000000000124,-0.49124999999999974
2026-08-15 22:33:31.831,31.057,raise,0.09000000000000008,-0.44625000000000026
2026-08-15 22:33:31.841,31.067,raise,-0.0824999999999998,-0.4843750000000002
2026-08-15 22:33:31.851,31.077,raise,0.055000000000000604,-0.4612499999999997
2026-08-15 22:33:31.861,31.087,raise,0.06000000000000005,-0.44625000000000026
2026-08-15 22:33:31.871,31.097,raise,-0.08062499999999972,-0.48875
2026-08-15 22:33:31.881,31.107,raise,0.08874999999999966,-0.44187499999999935
2026-08-15 22:33:31.891,31.117,raise,-0.10187500000000016,-0.47937499999999966
2026-08-15 22:33:31.901,31.127,raise,0.045000000000000595,-0.4574999999999996
2026-08-15 22:33:31.911,31.137,raise,0.0737500000000002,-0.44625000000000026
2026-08-15 22:33:31.921,31.147,raise,-0.056874999999999565,-0.4899999999999993
2026-08-15 22:33:31.931,31.157,raise,0.0924999999999998,-0.44062500000000004
2026-08-15 22:33:31.941,31.167,raise,-0.08687499999999959,-0.47687499999999994
2026-08-15 22:33:31.951,31.177,raise,0.06000000000000005,-0.45875
2026-08-15 22:33:31.961,31.187,raise,0.05562500000000026,-0.4500000000000004
2026-08-15 22:33:31.971,31.197,raise,-0.07687499999999958,-0.48937499999999967
2026-08-15 22:33:31.981,31.207,raise,0.09000000000000008,-0.4437499999999994
2026-08-15 22:33:31.991,31.217,raise,-0.1056250000000003,-0.47875
2026-08-15 22:33:32.001,31.227,raise,0.045000000000000595,-0.4643750000000002
2026-08-15 22:33:32.011,31.237,raise,0.07437499999999986,-0.4468749999999999
2026-08-15 22:33:32.021,31.247,raise,-0.04937500000000039,-0.48812500000000036
2026-08-15 22:33:32.031,31.257,raise,0.0912500000000005,-0.44187499999999935
2026-08-15 22:33:32.041,31.267,raise,-0.08750000000000036,-0.4800000000000004
2026-08-15 22:33:32.051,31.277,raise,0.05624999999999991,-0.4656249999999995
2026-08-15 22:33:32.061,31.287,raise,0.04812499999999997,-0.4525000000000001
2026-08-15 22:33:32.071,31.297,raise,-0.0737500000000002,-0.4931249999999998
2026-08-15 22:33:32.081,31.307,raise,0.0824999999999998,-0.4456249999999995
2026-08-15 22:33:32.091,31.317,raise,-0.10750000000000037,-0.48812500000000036
2026-08-15 22:33:32.101,31.327,raise,0.04812499999999997,-0.4600000000000004
2026-08-15 22:33:32.111,31.337,raise,0.07249999999999979,-0.44312499999999977
2026-08-15 22:33:32.121,31.347,raise,-0.04750000000000032,-0.4849999999999999
2026-08-15 22:33:32.131,31.357,raise,0.0924999999999998,-0.44187499999999935
2026-08-15 22:33:32.141,31.367,raise,-0.08937500000000043,-0.47937499999999966
2026-08-15 22:33:32.151,31.377,raise,0.0637500000000002,-0.45812500000000034
2026-08-15 22:33:32.161,31.387,raise,0.04562500000000025,-0.4456249999999995
2026-08-15 22:33:32.171,31.397,raise,-0.06750000000000034,-0.49250000000000016
2026-08-15 22:33:32.181,31.407,raise,0.08874999999999966,-0.44312499999999977
2026-08-15 22:33:32.191,31.417,raise,-0.10874999999999968,-0.47812500000000036
2026-08-15 22:33:32.201,31.427,raise,0.04874999999999963,-0.45875
2026-08-15 22:33:32.211,31.437,raise,0.06750000000000034,-0.44749999999999956
2026-08-15 22:33:32.221,31.447,raise,-0.043124999999999414,-0.49437500000000023
2026-08-15 22:33:32.231,31.457,raise,0.08750000000000036,-0.4437499999999994
2026-08-15 22:33:32.241,31.467,raise,-0.09375000000000022,-0.4818749999999994
2026-08-15 22:33:32.251,31.477,raise,0.03874999999999962,-0.46937499999999965
2026-08-15 22:33:32.261,31.487,raise,0.03687500000000066,-0.4500000000000004
2026-08-15 22:33:32.271,31.497,raise,-0.06687499999999957,-0.49124999999999974
2026-08-15 22:33:32.281,31.507,raise,0.08874999999999966,-0.44499999999999984
2026-08-15 22:33:32.291,31.517,raise,-0.10812500000000003,-0.4800000000000004
2026-08-15 22:33:32.301,31.527,raise,0.053750000000000187,-0.4656249999999995
2026-08-15 22:33:32.311,31.537,raise,0.06437499999999985,-0.45187499999999936
2026-08-15 22:33:32.321,31.547,raise,-0.09062499999999973,-0.49562499999999954
2026-08-15 22:33:32.331,31.557,raise,0.08624999999999994,-0.44625000000000026
2026-08-15 22:33:32.341,31.567,raise,-0.09874999999999967,-0.4899999999999993
2026-08-15 22:33:32.351,31.577,raise,0.04750000000000032,-0.46499999999999986
2026-08-15 22:33:32.361,31.587,raise,0.03624999999999989,-0.44812500000000033
2026-08-15 22:33:32.371,31.597,raise,-0.061875000000000124,-0.49124999999999974
2026-08-15 22:33:32.381,31.607,raise,0.08874999999999966,-0.4456249999999995
2026-08-15 22:33:32.391,31.617,raise,-0.11187500000000017,-0.4756249999999995
2026-08-15 22:33:32.401,31.627,raise,0.056875000000000675,-0.45875
2026-08-15 22:33:32.411,31.637,raise,0.0637500000000002,-0.4443750000000002
2026-08-15 22:33:32.421,31.647,raise,-0.08624999999999994,-0.48562499999999953
2026-08-15 22:33:32.431,31.657,raise,0.08937500000000043,-0.4437499999999994
2026-08-15 22:33:32.441,31.667,raise,-0.09874999999999967,-0.4800000000000004
2026-08-15 22:33:32.451,31.677,raise,0.0462499999999999,-0.45875
2026-08-15 22:33:32.461,31.687,raise,0.033125000000000515,-0.44625000000000026
2026-08-15 22:33:32.471,31.697,raise,-0.05750000000000033,-0.49437500000000023
2026-08-15 22:33:32.481,31.707,raise,0.09000000000000008,-0.44062500000000004
2026-08-15 22:33:32.491,31.717,raise,-0.07624999999999993,-0.4762500000000003
2026-08-15 22:33:32.501,31.727,raise,0.0593750000000004,-0.4662500000000003
2026-08-15 22:33:32.511,31.737,raise,0.06125000000000047,-0.44749999999999956
2026-08-15 22:33:32.521,31.747,raise,-0.08124999999999938,-0.4918749999999994
2026-08-15 22:33:32.531,31.757,raise,0.08937500000000043,-0.43749999999999956
2026-08-15 22:33:32.541,31.767,raise,-0.10187500000000016,-0.47812500000000036
2026-08-15 22:33:32.551,31.777,raise,0.04375000000000018,-0.4656249999999995
2026-08-15 22:33:32.561,31.787,raise,0.07562500000000028,-0.44875
2026-08-15 22:33:32.571,31.797,raise,-0.05812499999999998,-0.4906250000000001
2026-08-15 22:33:32.581,31.807,raise,0.08750000000000036,-0.4437499999999994
2026-08-15 22:33:32.591,31.817,raise,-0.08312499999999945,-0.48250000000000015
2026-08-15 22:33:32.601,31.827,raise,0.05624999999999991,-0.46499999999999986
2026-08-15 22:33:32.611,31.837,raise,0.05750000000000033,-0.44749999999999956
2026-08-15 22:33:32.621,31.847,raise,-0.07874999999999965,-0.4906250000000001
2026-08-15 22:33:32.631,31.857,raise,0.09000000000000008,-0.44187499999999935
2026-08-15 22:33:32.641,31.867,raise,-0.10000000000000009,-0.4843750000000002
2026-08-15 22:33:32.651,31.877,raise,0.04437499999999983,-0.45875
2026-08-15 22:33:32.661,31.887,raise,0.07937500000000042,-0.4443750000000002
2026-08-15 22:33:32.671,31.897,raise,-0.056874999999999565,-0.48812500000000036
2026-08-15 22:33:32.681,31.907,raise,0.08937500000000043,-0.4393749999999996
2026-08-15 22:33:32.691,31.917,raise,-0.07750000000000035,-0.4756249999999995
2026-08-15 22:33:32.701,31.927,raise,0.0593750000000004,-0.45875
2026-08-15 22:33:32.711,31.937,raise,0.05562500000000026,-0.4437499999999994
2026-08-15 22:33:32.721,31.947,raise,-0.07687499999999958,-0.49124999999999974
2026-08-15 22:33:32.731,31.957,raise,0.08437499999999987,-0.44062500000000004
2026-08-15 22:33:32.741,31.967,raise,-0.10312499999999947,-0.4743750000000002
2026-08-15 22:33:32.751,31.977,raise,0.050000000000000044,-0.4525000000000001
2026-08-15 22:33:32.761,31.987,raise,0.07500000000000062,-0.4443750000000002
2026-08-15 22:33:32.771,31.997,raise,-0.05312499999999942,-0.4906250000000001
2026-08-15 22:33:32.781,32.007,raise,0.09187500000000015,-0.43625000000000025
2026-08-15 22:33:32.791,32.017,raise,-0.08624999999999994,-0.4831249999999998
2026-08-15 22:33:32.801,32.027,raise,0.058749999999999636,-0.46687499999999993
2026-08-15 22:33:32.811,32.037,raise,0.05125000000000046,-0.44875
2026-08-15 22:33:32.821,32.047,raise,-0.07624999999999993,-0.49124999999999974
2026-08-15 22:33:32.831,32.057,raise,0.08562500000000028,-0.44499999999999984
2026-08-15 22:33:32.841,32.067,raise,-0.10687499999999961,-0.4800000000000004
2026-08-15 22:33:32.851,32.077,raise,0.04812499999999997,-0.4662500000000003
2026-08-15 22:33:32.861,32.087,raise,0.07500000000000062,-0.44625000000000026
2026-08-15 22:33:32.871,32.097,raise,-0.04812499999999997,-0.4874999999999996
2026-08-15 22:33:32.881,32.107,raise,0.0924999999999998,-0.44062500000000004
2026-08-15 22:33:32.891,32.117,raise,-0.08874999999999966,-0.47937499999999966
2026-08-15 22:33:32.901,32.127,raise,0.03874999999999962,-0.45937499999999964
2026-08-15 22:33:32.911,32.137,raise,0.0462499999999999,-0.44312499999999977
2026-08-15 22:33:32.921,32.147,raise,-0.07124999999999937,-0.48562499999999953
2026-08-15 22:33:32.931,32.157,raise,0.09187500000000015,-0.43875
2026-08-15 22:33:32.941,32.167,raise,-0.1056250000000003,-0.4718749999999994
2026-08-15 22:33:32.951,32.177,raise,0.051875000000000115,-0.45625000000000027
2026-08-15 22:33:32.961,32.187,raise,0.07000000000000006,-0.44312499999999977
2026-08-15 22:33:32.971,32.197,raise,-0.04562500000000025,-0.48687499999999995
2026-08-15 22:33:32.981,32.207,raise,0.08937500000000043,-0.4381250000000003
2026-08-15 22:33:32.991,32.217,raise,-0.09437499999999988,-0.47374999999999945
2026-08-15 22:33:33.001,32.227,raise,0.043125000000000524,-0.45499999999999985
2026-08-15 22:33:33.011,32.237,raise,0.04062499999999969,-0.44499999999999984
2026-08-15 22:33:33.021,32.247,raise,-0.06624999999999992,-0.49124999999999974
2026-08-15 22:33:33.031,32.257,raise,0.09062499999999973,-0.4381250000000003
2026-08-15 22:33:33.041,32.267,raise,-0.10874999999999968,-0.4800000000000004
2026-08-15 22:33:33.051,32.277,raise,0.053750000000000187,-0.4656249999999995
2026-08-15 22:33:33.061,32.287,raise,0.06624999999999992,-0.4500000000000004
2026-08-15 22:33:33.071,32.297,raise,-0.09062499999999973,-0.4899999999999993
2026-08-15 22:33:33.081,32.307,raise,0.09062499999999973,-0.44062500000000004
2026-08-15 22:33:33.091,32.317,raise,-0.09750000000000036,-0.4806250000000001
2026-08-15 22:33:33.101,32.327,raise,0.045000000000000595,-0.46062500000000006
2026-08-15 22:33:33.111,32.337,raise,0.03687500000000066,-0.44812500000000033
2026-08-15 22:33:33.121,32.347,raise,-0.0649999999999995,-0.4906250000000001
2026-08-15 22:33:33.131,32.357,raise,0.08750000000000036,-0.4443750000000002
2026-08-15 22:33:33.141,32.367,raise,-0.07562500000000028,-0.48124999999999973
2026-08-15 22:33:33.151,32.377,raise,0.056875000000000675,-0.4612499999999997
2026-08-15 22:33:33.161,32.387,raise,0.06562500000000027,-0.4425000000000001
2026-08-15 22:33:33.171,32.397,raise,-0.08624999999999994,-0.4874999999999996
2026-08-15 22:33:33.181,32.407,raise,0.08687499999999959,-0.44312499999999977
2026-08-15 22:33:33.191,32.417,raise,-0.09750000000000036,-0.4743750000000002
2026-08-15 22:33:33.201,32.427,raise,0.0462499999999999,-0.45937499999999964
2026-08-15 22:33:33.211,32.437,raise,0.0318750000000001,-0.44625000000000026
2026-08-15 22:33:33.221,32.447,raise,-0.0593750000000004,-0.48812500000000036
2026-08-15 22:33:33.231,32.457,raise,0.08437499999999987,-0.44312499999999977
2026-08-15 22:33:33.241,32.467,raise,-0.078125,-0.4731249999999998
2026-08-15 22:33:33.251,32.477,raise,0.058749999999999636,-0.45625000000000027
2026-08-15 22:33:33.261,32.487,raise,0.0593750000000004,-0.4443750000000002
2026-08-15 22:33:33.271,32.497,raise,-0.078125,-0.48812500000000036
2026-08-15 22:33:33.281,32.507,raise,0.09187500000000015,-0.4393749999999996
2026-08-15 22:33:33.291,32.517,raise,-0.10187500000000016,-0.47875
2026-08-15 22:33:33.301,32.527,raise,0.04812499999999997,-0.46875
2026-08-15 22:33:33.311,32.537,raise,0.078125,-0.44749999999999956
2026-08-15 22:33:33.321,32.547,raise,-0.05562500000000026,-0.4906250000000001
2026-08-15 22:33:33.331,32.557,raise,0.08562500000000028,-0.4437499999999994
2026-08-15 22:33:33.341,32.567,raise,-0.08000000000000007,-0.4800000000000004
2026-08-15 22:33:33.351,32.577,raise,0.05562500000000026,-0.4662500000000003
2026-08-15 22:33:33.361,32.587,raise,0.058749999999999636,-0.44499999999999984
2026-08-15 22:33:33.371,32.597,raise,-0.07874999999999965,-0.48875
2026-08-15 22:33:33.381,32.607,raise,0.08312500000000056,-0.44312499999999977
2026-08-15 22:33:33.391,32.617,raise,-0.09874999999999967,-0.47875
2026-08-15 22:33:33.401,32.627,raise,0.04937500000000039,-0.45937499999999964
2026-08-15 22:33:33.411,32.637,raise,0.07687499999999958,-0.4437499999999994
2026-08-15 22:33:33.421,32.647,raise,-0.051875000000000115,-0.48562499999999953
2026-08-15 22:33:33.431,32.657,raise,0.09000000000000008,-0.44062500000000004
2026-08-15 22:33:33.441,32.667,raise,-0.08750000000000036,-0.4800000000000004
2026-08-15 22:33:33.451,32.677,raise,0.05812499999999998,-0.45625000000000027
2026-08-15 22:33:33.461,32.687,raise,0.05312500000000053,-0.4456249999999995
2026-08-15 22:33:33.471,32.697,raise,-0.08124999999999938,-0.4849999999999999
2026-08-15 22:33:33.481,32.707,raise,0.08375000000000021,-0.44187499999999935
2026-08-15 22:33:33.491,32.717,raise,-0.10249999999999981,-0.47687499999999994
2026-08-15 22:33:33.501,32.727,raise,0.05125000000000046,-0.4556249999999995
2026-08-15 22:33:33.511,32.737,raise,0.07687499999999958,-0.4412499999999997
2026-08-15 22:33:33.521,32.747,raise,-0.0462499999999999,-0.48937499999999967
2026-08-15 22:33:33.531,32.757,raise,0.09187500000000015,-0.4381250000000003
2026-08-15 22:33:33.541,32.767,raise,-0.08562500000000028,-0.4762500000000003
2026-08-15 22:33:33.551,32.777,raise,0.03375000000000017,-0.45625000000000027
2026-08-15 22:33:33.561,32.787,raise,0.046875000000000666,-0.4500000000000004
2026-08-15 22:33:33.571,32.797,raise,-0.07499999999999951,-0.4918749999999994
2026-08-15 22:33:33.581,32.807,raise,0.08624999999999994,-0.4400000000000004
2026-08-15 22:33:33.591,32.817,raise,-0.10624999999999996,-0.47875
2026-08-15 22:33:33.601,32.827,raise,0.051875000000000115,-0.46687499999999993
2026-08-15 22:33:33.611,32.837,raise,0.07562500000000028,-0.4468749999999999
2026-08-15 22:33:33.621,32.847,raise,-0.0462499999999999,-0.49562499999999954
2026-08-15 22:33:33.631,32.857,raise,0.09312500000000057,-0.4468749999999999
2026-08-15 22:33:33.641,32.867,raise,-0.09124999999999939,-0.4774999999999996
2026-08-15 22:33:33.651,32.877,raise,0.03937500000000038,-0.4631249999999998
2026-08-15 22:33:33.661,32.887,raise,0.0462499999999999,-0.44625000000000026
2026-08-15 22:33:33.671,32.897,raise,-0.07000000000000006,-0.48937499999999967
2026-08-15 22:33:33.681,32.907,raise,0.08750000000000036,-0.4425000000000001
2026-08-15 22:33:33.691,32.917,raise,-0.10874999999999968,-0.4806250000000001
2026-08-15 22:33:33.701,32.927,raise,0.05125000000000046,-0.46250000000000013
2026-08-15 22:33:33.711,32.937,raise,0.07125000000000048,-0.44499999999999984
2026-08-15 22:33:33.721,32.947,raise,-0.08812500000000001,-0.48812500000000036
2026-08-15 22:33:33.731,32.957,raise,0.09437499999999988,-0.44062500000000004
2026-08-15 22:33:33.741,32.967,raise,-0.09499999999999953,-0.47250000000000014
2026-08-15 22:33:33.751,32.977,raise,0.043125000000000524,-0.4574999999999996
2026-08-15 22:33:33.761,32.987,raise,0.04062499999999969,-0.44312499999999977
2026-08-15 22:33:33.771,32.997,raise,-0.06812499999999999,-0.48875
2026-08-15 22:33:33.781,33.007,raise,0.08375000000000021,-0.44062500000000004
2026-08-15 22:33:33.791,33.017,raise,-0.078125,-0.47687499999999994
2026-08-15 22:33:33.801,33.027,raise,0.053750000000000187,-0.4600000000000004
2026-08-15 22:33:33.811,33.037,raise,0.06500000000000061,-0.44749999999999956
2026-08-15 22:33:33.821,33.047,raise,-0.09187500000000015,-0.48937499999999967
2026-08-15 22:33:33.831,33.057,raise,0.08812500000000001,-0.4425000000000001
2026-08-15 22:33:33.841,33.067,raise,-0.09624999999999995,-0.47687499999999994
2026-08-15 22:33:33.851,33.077,raise,0.043125000000000524,-0.4700000000000004
2026-08-15 22:33:33.861,33.087,raise,0.03437499999999982,-0.4468749999999999
2026-08-15 22:33:33.871,33.097,raise,-0.06249999999999978,-0.49250000000000016
2026-08-15 22:33:33.881,33.107,raise,0.08687499999999959,-0.4437499999999994
2026-08-15 22:33:33.891,33.117,raise,-0.08375000000000021,-0.47812500000000036
2026-08-15 22:33:33.901,33.127,raise,0.056875000000000675,-0.4631249999999998
2026-08-15 22:33:33.911,33.137,raise,0.061875000000000124,-0.44812500000000033
2026-08-15 22:33:33.921,33.147,raise,-0.08874999999999966,-0.49124999999999974
2026-08-15 22:33:33.931,33.157,raise,0.09187500000000015,-0.44187499999999935
2026-08-15 22:33:33.941,33.167,raise,-0.09437499999999988,-0.4800000000000004
2026-08-15 22:33:33.951,33.176,raise,0.04562500000000025,-0.46187499999999937
2026-08-15 22:33:33.961,33.187,raise,0.07874999999999965,-0.44499999999999984
2026-08-15 22:33:33.971,33.197,raise,-0.05812499999999998,-0.4849999999999999
2026-08-15 22:33:33.981,33.207,raise,0.08750000000000036,-0.44062500000000004
2026-08-15 22:33:33.991,33.217,raise,-0.08124999999999938,-0.4806250000000001
2026-08-15 22:33:34.001,33.227,raise,0.056875000000000675,-0.4574999999999996
2026-08-15 22:33:34.011,33.237,raise,0.0593750000000004,-0.4468749999999999
2026-08-15 22:33:34.021,33.247,raise,-0.08187500000000014,-0.4862500000000003
2026-08-15 22:33:34.031,33.257,raise,0.08624999999999994,-0.44187499999999935
2026-08-15 22:33:34.041,33.267,raise,-0.10062499999999974,-0.47374999999999945
2026-08-15 22:33:34.051,33.277,raise,0.04874999999999963,-0.45812500000000034
2026-08-15 22:33:34.061,33.287,raise,0.07562500000000028,-0.4456249999999995
2026-08-15 22:33:34.071,33.297,raise,-0.056874999999999565,-0.49374999999999947
2026-08-15 22:33:34.081,33.307,raise,0.08562500000000028,-0.44062500000000004
2026-08-15 22:33:34.091,33.317,raise,-0.08562500000000028,-0.4756249999999995
2026-08-15 22:33:34.101,33.327,raise,0.056875000000000675,-0.46812500000000035
2026-08-15 22:33:34.111,33.337,raise,0.05624999999999991,-0.4456249999999995
2026-08-15 22:33:34.121,33.347,raise,-0.08062499999999972,-0.49374999999999947
2026-08-15 22:33:34.131,33.357,raise,0.08500000000000063,-0.43749999999999956
2026-08-15 22:33:34.141,33.367,raise,-0.10187500000000016,-0.47499999999999987
2026-08-15 22:33:34.151,33.377,raise,0.04562500000000025,-0.46812500000000035
2026-08-15 22:33:34.161,33.387,raise,0.0737500000000002,-0.4443750000000002
2026-08-15 22:33:34.171,33.397,raise,-0.05312499999999942,-0.49124999999999974
2026-08-15 22:33:34.181,33.407,raise,0.08750000000000036,-0.44875
2026-08-15 22:33:34.191,33.417,raise,-0.08687499999999959,-0.4800000000000004
2026-08-15 22:33:34.201,33.427,raise,0.03375000000000017,-0.46499999999999986
2026-08-15 22:33:34.211,33.437,raise,0.05125000000000046,-0.4437499999999994
2026-08-15 22:33:34.221,33.447,raise,-0.07562500000000028,-0.4918749999999994
2026-08-15 22:33:34.231,33.457,raise,0.08312500000000056,-0.44812500000000033
2026-08-15 22:33:34.241,33.467,raise,-0.10499999999999954,-0.4849999999999999
2026-08-15 22:33:34.251,33.477,raise,0.050000000000000044,-0.46187499999999937
2026-08-15 22:33:34.261,33.487,raise,0.07437499999999986,-0.4437499999999994
2026-08-15 22:33:34.271,33.497,raise,-0.04937500000000039,-0.4918749999999994
2026-08-15 22:33:34.281,33.507,raise,0.09187500000000015,-0.4393749999999996
2026-08-15 22:33:34.291,33.517,raise,-0.08812500000000001,-0.4743750000000002
2026-08-15 22:33:34.301,33.527,raise,0.03750000000000031,-0.46187499999999937
2026-08-15 22:33:34.311,33.537,raise,0.04375000000000018,-0.4500000000000004
2026-08-15 22:33:34.321,33.547,raise,-0.07750000000000035,-0.49875
2026-08-15 22:33:34.331,33.557,raise,0.08937500000000043,-0.44499999999999984
2026-08-15 22:33:34.341,33.567,raise,-0.11249999999999982,-0.48124999999999973
2026-08-15 22:33:34.351,33.577,raise,0.04937500000000039,-0.4631249999999998
2026-08-15 22:33:34.361,33.587,raise,0.07000000000000006,-0.4468749999999999
2026-08-15 22:33:34.371,33.597,raise,-0.0956250000000003,-0.49437500000000023
2026-08-15 22:33:34.381,33.607,raise,0.09187500000000015,-0.4425000000000001
2026-08-15 22:33:34.391,33.617,raise,-0.09312499999999946,-0.47875
2026-08-15 22:33:34.401,33.627,raise,0.04187500000000011,-0.46812500000000035
2026-08-15 22:33:34.411,33.637,raise,0.04062499999999969,-0.44812500000000033
2026-08-15 22:33:34.421,33.647,raise,-0.06687499999999957,-0.4906250000000001
2026-08-15 22:33:34.431,33.657,raise,0.08937500000000043,-0.4456249999999995
2026-08-15 22:33:34.441,33.667,raise,-0.07249999999999979,-0.4800000000000004
2026-08-15 22:33:34.451,33.677,raise,0.053750000000000187,-0.4643750000000002
2026-08-15 22:33:34.461,33.687,raise,0.06562500000000027,-0.45062500000000005
2026-08-15 22:33:34.471,33.697,raise,-0.09312499999999946,-0.49562499999999954
2026-08-15 22:33:34.481,33.707,raise,0.09000000000000008,-0.4400000000000004
2026-08-15 22:33:34.491,33.717,raise,-0.09499999999999953,-0.48124999999999973
2026-08-15 22:33:34.501,33.727,raise,0.04375000000000018,-0.45937499999999964
2026-08-15 22:33:34.511,33.737,raise,0.03562500000000024,-0.44187499999999935
2026-08-15 22:33:34.521,33.747,raise,-0.06874999999999964,-0.4918749999999994
2026-08-15 22:33:34.531,33.757,raise,0.08750000000000036,-0.44187499999999935
2026-08-15 22:33:34.541,33.767,raise,-0.07750000000000035,-0.4774999999999996
2026-08-15 22:33:34.551,33.777,raise,0.053750000000000187,-0.4612499999999997
2026-08-15 22:33:34.561,33.787,raise,0.06125000000000047,-0.44875
2026-08-15 22:33:34.571,33.797,raise,-0.09187500000000015,-0.48875
2026-08-15 22:33:34.581,33.807,raise,0.08624999999999994,-0.44312499999999977
2026-08-15 22:33:34.591,33.817,raise,-0.10249999999999981,-0.4756249999999995
2026-08-15 22:33:34.601,33.827,raise,0.04062499999999969,-0.46374999999999944
2026-08-15 22:33:34.611,33.837,raise,0.07750000000000035,-0.44499999999999984
2026-08-15 22:33:34.621,33.847,raise,-0.06124999999999936,-0.49124999999999974
2026-08-15 22:33:34.631,33.857,raise,0.08874999999999966,-0.4381250000000003
2026-08-15 22:33:34.641,33.867,raise,-0.07562500000000028,-0.47687499999999994
2026-08-15 22:33:34.651,33.877,raise,0.05249999999999977,-0.46812500000000035
2026-08-15 22:33:34.661,33.887,raise,0.06125000000000047,-0.4456249999999995
2026-08-15 22:33:34.671,33.897,raise,-0.08375000000000021,-0.4899999999999993
2026-08-15 22:33:34.681,33.907,raise,0.08812500000000001,-0.44187499999999935
2026-08-15 22:33:34.691,33.917,raise,-0.09812500000000002,-0.4762500000000003
2026-08-15 22:33:34.701,33.927,raise,0.04249999999999976,-0.4643750000000002
2026-08-15 22:33:34.711,33.937,raise,0.07437499999999986,-0.4456249999999995
2026-08-15 22:33:34.721,33.947,raise,-0.05812499999999998,-0.4899999999999993
2026-08-15 22:33:34.731,33.957,raise,0.08687499999999959,-0.44625000000000026
2026-08-15 22:33:34.741,33.967,raise,-0.078125,-0.47937499999999966
2026-08-15 22:33:34.751,33.977,raise,0.05437499999999984,-0.46374999999999944
2026-08-15 22:33:34.761,33.987,raise,0.055000000000000604,-0.44312499999999977
2026-08-15 22:33:34.771,33.997,raise,-0.08187500000000014,-0.48937499999999967
2026-08-15 22:33:34.781,34.007,raise,0.08187500000000014,-0.44312499999999977
2026-08-15 22:33:34.791,34.017,raise,-0.10312499999999947,-0.4818749999999994
2026-08-15 22:33:34.801,34.027,raise,0.04125000000000045,-0.45875
2026-08-15 22:33:34.811,34.037,raise,0.07312500000000055,-0.4500000000000004
2026-08-15 22:33:34.821,34.047,raise,-0.05812499999999998,-0.49374999999999947
2026-08-15 22:33:34.831,34.057,raise,0.08562500000000028,-0.4456249999999995
2026-08-15 22:33:34.841,34.067,raise,-0.08437499999999987,-0.47812500000000036
2026-08-15 22:33:34.851,34.077,raise,0.03437499999999982,-0.45937499999999964
2026-08-15 22:33:34.861,34.087,raise,0.053750000000000187,-0.4437499999999994
2026-08-15 22:33:34.871,34.097,raise,-0.0737500000000002,-0.49374999999999947
2026-08-15 22:33:34.881,34.107,raise,0.08125000000000049,-0.4400000000000004
2026-08-15 22:33:34.891,34.117,raise,-0.1056250000000003,-0.47499999999999987
2026-08-15 22:33:34.901,34.127,raise,0.045000000000000595,-0.4556249999999995
2026-08-15 22:33:34.911,34.137,raise,0.07312500000000055,-0.4443750000000002
2026-08-15 22:33:34.921,34.147,raise,-0.05312499999999942,-0.4931249999999998
2026-08-15 22:33:34.931,34.157,raise,0.08687499999999959,-0.4400000000000004
2026-08-15 22:33:34.941,34.167,raise,-0.08687499999999959,-0.4774999999999996
2026-08-15 22:33:34.951,34.177,raise,0.03375000000000017,-0.4674999999999996
2026-08-15 22:33:34.961,34.187,raise,0.04812499999999997,-0.4456249999999995
2026-08-15 22:33:34.971,34.197,raise,-0.078125,-0.48812500000000036
2026-08-15 22:33:34.981,34.207,raise,0.08437499999999987,-0.44499999999999984
2026-08-15 22:33:34.991,34.217,raise,-0.10624999999999996,-0.4774999999999996
2026-08-15 22:33:35.001,34.227,raise,0.04750000000000032,-0.46250000000000013
2026-08-15 22:33:35.011,34.237,raise,0.07000000000000006,-0.44499999999999984
2026-08-15 22:33:35.021,34.247,raise,-0.0968749999999996,-0.4874999999999996
2026-08-15 22:33:35.031,34.257,raise,0.08687499999999959,-0.44187499999999935
2026-08-15 22:33:35.041,34.267,raise,-0.09312499999999946,-0.4818749999999994
2026-08-15 22:33:35.051,34.277,raise,0.033125000000000515,-0.4656249999999995
2026-08-15 22:33:35.061,34.287,raise,0.043125000000000524,-0.44499999999999984
2026-08-15 22:33:35.071,34.297,raise,-0.07312499999999944,-0.48812500000000036
2026-08-15 22:33:35.081,34.307,raise,0.08500000000000063,-0.4425000000000001
2026-08-15 22:33:35.091,34.317,raise,-0.11624999999999996,-0.47250000000000014
2026-08-15 22:33:35.101,34.327,raise,0.04937500000000039,-0.46250000000000013
2026-08-15 22:33:35.111,34.337,raise,0.06874999999999964,-0.4443750000000002
2026-08-15 22:33:35.121,34.347,raise,-0.0924999999999998,-0.49124999999999974
2026-08-15 22:33:35.131,34.357,raise,0.08874999999999966,-0.4425000000000001
2026-08-15 22:33:35.141,34.367,raise,-0.0956250000000003,-0.4731249999999998
2026-08-15 22:33:35.151,34.377,raise,0.038124999999999964,-0.4600000000000004
2026-08-15 22:33:35.161,34.387,raise,0.040000000000000036,-0.4456249999999995
2026-08-15 22:33:35.171,34.397,raise,-0.06874999999999964,-0.48812500000000036
2026-08-15 22:33:35.181,34.407,raise,0.08437499999999987,-0.44187499999999935
2026-08-15 22:33:35.191,34.417,raise,-0.07624999999999993,-0.4774999999999996
2026-08-15 22:33:35.201,34.427,raise,0.05312500000000053,-0.4718749999999994
2026-08-15 22:33:35.211,34.437,raise,0.0637500000000002,-0.44749999999999956
2026-08-15 22:33:35.221,34.447,raise,-0.0924999999999998,-0.49250000000000016
2026-08-15 22:33:35.231,34.457,raise,0.08750000000000036,-0.4468749999999999
2026-08-15 22:33:35.241,34.467,raise,-0.10000000000000009,-0.47937499999999966
2026-08-15 22:33:35.251,34.477,raise,0.04437499999999983,-0.4656249999999995
2026-08-15 22:33:35.261,34.487,raise,0.07624999999999993,-0.44875
2026-08-15 22:33:35.271,34.497,raise,-0.06750000000000034,-0.48812500000000036
2026-08-15 22:33:35.281,34.507,raise,0.08624999999999994,-0.44312499999999977
2026-08-15 22:33:35.291,34.517,raise,-0.08187500000000014,-0.48124999999999973
2026-08-15 22:33:35.301,34.527,raise,0.051875000000000115,-0.46499999999999986
2026-08-15 22:33:35.311,34.537,raise,0.06125000000000047,-0.4456249999999995
2026-08-15 22:33:35.321,34.547,raise,-0.08750000000000036,-0.4918749999999994
2026-08-15 22:33:35.331,34.557,raise,0.08624999999999994,-0.4443750000000002
2026-08-15 22:33:35.341,34.567,raise,-0.10375000000000023,-0.4731249999999998
2026-08-15 22:33:35.351,34.577,raise,0.04187500000000011,-0.4631249999999998
2026-08-15 22:33:35.361,34.587,raise,0.0737500000000002,-0.4437499999999994
2026-08-15 22:33:35.371,34.597,raise,-0.06249999999999978,-0.48875
2026-08-15 22:33:35.381,34.607,raise,0.08500000000000063,-0.44187499999999935
2026-08-15 22:33:35.391,34.617,raise,-0.0824999999999998,-0.47499999999999987
2026-08-15 22:33:35.401,34.627,raise,0.05249999999999977,-0.45937499999999964
2026-08-15 22:33:35.411,34.637,raise,0.05812499999999998,-0.4443750000000002
2026-08-15 22:33:35.421,34.647,raise,-0.08562500000000028,-0.49124999999999974
2026-08-15 22:33:35.431,34.657,raise,0.08125000000000049,-0.44187499999999935
2026-08-15 22:33:35.441,34.667,raise,-0.10187500000000016,-0.4756249999999995
2026-08-15 22:33:35.451,34.677,raise,0.043125000000000524,-0.4674999999999996
2026-08-15 22:33:35.461,34.687,raise,0.07624999999999993,-0.4456249999999995
2026-08-15 22:33:35.471,34.697,raise,-0.06124999999999936,-0.4899999999999993
2026-08-15 22:33:35.481,34.707,raise,0.08562500000000028,-0.44062500000000004
2026-08-15 22:33:35.491,34.717,raise,-0.08499999999999952,-0.47812500000000036
2026-08-15 22:33:35.501,34.727,raise,0.053750000000000187,-0.46812500000000035
2026-08-15 22:33:35.511,34.737,raise,0.051875000000000115,-0.4468749999999999
2026-08-15 22:33:35.521,34.747,raise,-0.08187500000000014,-0.4918749999999994
2026-08-15 22:33:35.531,34.757,raise,0.078125,-0.44499999999999984
2026-08-15 22:33:35.541,34.767,raise,-0.10187500000000016,-0.47937499999999966
2026-08-15 22:33:35.551,34.777,raise,0.04249999999999976,-0.4662500000000003
2026-08-15 22:33:35.561,34.787,raise,0.07249999999999979,-0.44499999999999984
2026-08-15 22:33:35.571,34.797,raise,-0.056874999999999565,-0.49124999999999974
2026-08-15 22:33:35.581,34.807,raise,0.08437499999999987,-0.44625000000000026
2026-08-15 22:33:35.591,34.817,raise,-0.08750000000000036,-0.4843750000000002
2026-08-15 22:33:35.601,34.827,raise,0.03062499999999968,-0.46499999999999986
2026-08-15 22:33:35.611,34.837,raise,0.04937500000000039,-0.4456249999999995
2026-08-15 22:33:35.621,34.847,raise,-0.08000000000000007,-0.4862500000000003
2026-08-15 22:33:35.631,34.857,raise,0.08125000000000049,-0.4437499999999994
2026-08-15 22:33:35.641,34.867,raise,-0.10687499999999961,-0.4712499999999997
2026-08-15 22:33:35.651,34.877,raise,0.04750000000000032,-0.4600000000000004
2026-08-15 22:33:35.661,34.887,raise,0.07000000000000006,-0.4468749999999999
2026-08-15 22:33:35.671,34.897,raise,-0.09375000000000022,-0.4931249999999998
2026-08-15 22:33:35.681,34.907,raise,0.08500000000000063,-0.44312499999999977
2026-08-15 22:33:35.691,34.917,raise,-0.0924999999999998,-0.4718749999999994
2026-08-15 22:33:35.701,34.927,raise,0.035000000000000586,-0.4600000000000004
2026-08-15 22:33:35.711,34.937,raise,0.04249999999999976,-0.4456249999999995
2026-08-15 22:33:35.721,34.947,raise,-0.07687499999999958,-0.48937499999999967
2026-08-15 22:33:35.731,34.957,raise,0.08375000000000021,-0.44062500000000004
2026-08-15 22:33:35.741,34.967,raise,-0.10437499999999988,-0.47687499999999994
2026-08-15 22:33:35.751,34.977,raise,0.0462499999999999,-0.4700000000000004
2026-08-15 22:33:35.761,34.987,raise,0.06874999999999964,-0.4443750000000002
2026-08-15 22:33:35.771,34.997,raise,-0.09312499999999946,-0.4899999999999993
2026-08-15 22:33:35.781,35.007,raise,0.08312500000000056,-0.4443750000000002
2026-08-15 22:33:35.791,35.017,raise,-0.0924999999999998,-0.47937499999999966
2026-08-15 22:33:35.801,35.027,raise,0.03562500000000024,-0.4674999999999996
2026-08-15 22:33:35.811,35.037,raise,0.03750000000000031,-0.44875
2026-08-15 22:33:35.821,35.047,raise,-0.0737500000000002,-0.49124999999999974
2026-08-15 22:33:35.831,35.057,raise,0.08187500000000014,-0.44749999999999956
2026-08-15 22:33:35.841,35.067,raise,-0.07437499999999986,-0.48250000000000015
2026-08-15 22:33:35.851,35.077,raise,0.04812499999999997,-0.46499999999999986
2026-08-15 22:33:35.861,35.087,raise,0.06750000000000034,-0.4443750000000002
2026-08-15 22:33:35.871,35.097,raise,-0.09375000000000022,-0.4918749999999994
2026-08-15 22:33:35.881,35.107,raise,0.08750000000000036,-0.4425000000000001
2026-08-15 22:33:35.891,35.117,raise,-0.09499999999999953,-0.4718749999999994
2026-08-15 22:33:35.901,35.127,raise,0.03562500000000024,-0.45937499999999964
2026-08-15 22:33:35.911,35.137,raise,0.07562500000000028,-0.4412499999999997
2026-08-15 22:33:35.921,35.147,raise,-0.07062499999999972,-0.4906250000000001
2026-08-15 22:33:35.931,35.157,raise,0.08562500000000028,-0.4400000000000004
2026-08-15 22:33:35.941,35.167,raise,-0.07937500000000042,-0.4718749999999994
2026-08-15 22:33:35.951,35.177,raise,0.04812499999999997,-0.45625000000000027
2026-08-15 22:33:35.961,35.187,raise,0.0593750000000004,-0.44499999999999984
2026-08-15 22:33:35.971,35.197,raise,-0.09000000000000008,-0.49124999999999974
2026-08-15 22:33:35.981,35.207,raise,0.08562500000000028,-0.4381250000000003
2026-08-15 22:33:35.991,35.217,raise,-0.0968749999999996,-0.47499999999999987
2026-08-15 22:33:36.001,35.227,raise,0.04375000000000018,-0.46499999999999986
2026-08-15 22:33:36.011,35.237,raise,0.0737500000000002,-0.44312499999999977
2026-08-15 22:33:36.021,35.247,raise,-0.06249999999999978,-0.48812500000000036
2026-08-15 22:33:36.031,35.257,raise,0.08812500000000001,-0.4393749999999996
2026-08-15 22:33:36.041,35.267,raise,-0.08437499999999987,-0.4774999999999996
2026-08-15 22:33:36.051,35.277,raise,0.05312500000000053,-0.4674999999999996
2026-08-15 22:33:36.061,35.287,raise,0.05562500000000026,-0.44812500000000033
2026-08-15 22:33:36.071,35.297,raise,-0.09124999999999939,-0.48937499999999967
2026-08-15 22:33:36.081,35.307,raise,0.08187500000000014,-0.4456249999999995
2026-08-15 22:33:36.091,35.317,raise,-0.10312499999999947,-0.47687499999999994
2026-08-15 22:33:36.101,35.327,raise,0.040000000000000036,-0.46250000000000013
2026-08-15 22:33:36.111,35.337,raise,0.07500000000000062,-0.44312499999999977
2026-08-15 22:33:36.121,35.347,raise,-0.05812499999999998,-0.4874999999999996
2026-08-15 22:33:36.131,35.357,raise,0.08562500000000028,-0.4400000000000004
2026-08-15 22:33:36.141,35.367,raise,-0.08312499999999945,-0.48250000000000015
2026-08-15 22:33:36.151,35.377,raise,0.0506249999999997,-0.45812500000000034
2026-08-15 22:33:36.161,35.387,raise,0.050000000000000044,-0.44499999999999984
2026-08-15 22:33:36.171,35.397,raise,-0.08499999999999952,-0.4862500000000003
2026-08-15 22:33:36.181,35.407,raise,0.07874999999999965,-0.4425000000000001
2026-08-15 22:33:36.191,35.417,raise,-0.10249999999999981,-0.47374999999999945
2026-08-15 22:33:36.201,35.427,raise,0.04125000000000045,-0.46250000000000013
2026-08-15 22:33:36.211,35.437,raise,0.07312500000000055,-0.44812500000000033
2026-08-15 22:33:36.221,35.447,raise,-0.05812499999999998,-0.49437500000000023
2026-08-15 22:33:36.231,35.457,raise,0.08312500000000056,-0.4456249999999995
2026-08-15 22:33:36.241,35.467,raise,-0.08375000000000021,-0.47812500000000036
2026-08-15 22:33:36.251,35.477,raise,0.02687500000000065,-0.46937499999999965
2026-08-15 22:33:36.261,35.487,raise,0.05312500000000053,-0.4443750000000002
2026-08-15 22:33:36.271,35.497,raise,-0.08562500000000028,-0.49437500000000023
2026-08-15 22:33:36.281,35.507,raise,0.08312500000000056,-0.4425000000000001
2026-08-15 22:33:36.291,35.517,raise,-0.10937499999999933,-0.4800000000000004
2026-08-15 22:33:36.301,35.527,raise,0.04062499999999969,-0.47062500000000007
2026-08-15 22:33:36.311,35.537,raise,0.07187500000000013,-0.44875
2026-08-15 22:33:36.321,35.547,raise,-0.0968749999999996,-0.49250000000000016
2026-08-15 22:33:36.331,35.557,raise,0.08437499999999987,-0.4443750000000002
2026-08-15 22:33:36.341,35.567,raise,-0.08624999999999994,-0.48250000000000015
2026-08-15 22:33:36.351,35.577,raise,0.03062499999999968,-0.4674999999999996
2026-08-15 22:33:36.361,35.587,raise,0.0506249999999997,-0.4425000000000001
2026-08-15 22:33:36.371,35.597,raise,-0.078125,-0.48937499999999967
2026-08-15 22:33:36.381,35.607,raise,0.08687499999999959,-0.44499999999999984
2026-08-15 22:33:36.391,35.617,raise,-0.1100000000000001,-0.48250000000000015
2026-08-15 22:33:36.401,35.627,raise,0.0462499999999999,-0.46374999999999944
2026-08-15 22:33:36.411,35.637,raise,0.07125000000000048,-0.4437499999999994
2026-08-15 22:33:36.421,35.647,raise,-0.09499999999999953,-0.4906250000000001
2026-08-15 22:33:36.431,35.657,raise,0.08687499999999959,-0.4400000000000004
2026-08-15 22:33:36.441,35.667,raise,-0.08937500000000043,-0.46875
2026-08-15 22:33:36.451,35.677,raise,0.035000000000000586,-0.46250000000000013
2026-08-15 22:33:36.461,35.687,raise,0.04437499999999983,-0.4443750000000002
2026-08-15 22:33:36.471,35.697,raise,-0.07437499999999986,-0.48937499999999967
2026-08-15 22:33:36.481,35.707,raise,0.08562500000000028,-0.4443750000000002
2026-08-15 22:33:36.491,35.717,raise,-0.07249999999999979,-0.4731249999999998
2026-08-15 22:33:36.501,35.727,raise,0.04750000000000032,-0.4612499999999997
2026-08-15 22:33:36.511,35.737,raise,0.06750000000000034,-0.4437499999999994
2026-08-15 22:33:36.521,35.747,raise,-0.0968749999999996,-0.4918749999999994
2026-08-15 22:33:36.531,35.757,raise,0.08687499999999959,-0.44312499999999977
2026-08-15 22:33:36.541,35.767,raise,-0.1012499999999994,-0.47875
2026-08-15 22:33:36.551,35.777,raise,0.03687500000000066,-0.4674999999999996
2026-08-15 22:33:36.561,35.787,raise,0.07312500000000055,-0.44625000000000026
2026-08-15 22:33:36.571,35.797,raise,-0.07249999999999979,-0.4918749999999994
2026-08-15 22:33:36.581,35.807,raise,0.08375000000000021,-0.44499999999999984
2026-08-15 22:33:36.591,35.817,raise,-0.07499999999999951,-0.47875
2026-08-15 22:33:36.601,35.827,raise,0.046875000000000666,-0.4674999999999996
2026-08-15 22:33:36.611,35.837,raise,0.06437499999999985,-0.44875
2026-08-15 22:33:36.621,35.847,raise,-0.09437499999999988,-0.48937499999999967
2026-08-15 22:33:36.631,35.857,raise,0.08562500000000028,-0.4437499999999994
2026-08-15 22:33:36.641,35.867,raise,-0.0968749999999996,-0.4774999999999996
2026-08-15 22:33:36.651,35.877,raise,0.038124999999999964,-0.46374999999999944
2026-08-15 22:33:36.661,35.887,raise,0.07500000000000062,-0.4443750000000002
2026-08-15 22:33:36.671,35.897,raise,-0.06750000000000034,-0.48812500000000036
2026-08-15 22:33:36.681,35.907,raise,0.08437499999999987,-0.44312499999999977
2026-08-15 22:33:36.691,35.917,raise,-0.078125,-0.4718749999999994
2026-08-15 22:33:36.701,35.927,raise,0.05125000000000046,-0.46062500000000006
2026-08-15 22:33:36.711,35.937,raise,0.06062499999999971,-0.44312499999999977
2026-08-15 22:33:36.721,35.947,raise,-0.08874999999999966,-0.48937499999999967
2026-08-15 22:33:36.731,35.957,raise,0.07937500000000042,-0.44062500000000004
2026-08-15 22:33:36.741,35.967,raise,-0.09874999999999967,-0.47250000000000014
2026-08-15 22:33:36.751,35.977,raise,0.038124999999999964,-0.45937499999999964
2026-08-15 22:33:36.761,35.987,raise,0.07437499999999986,-0.4456249999999995
2026-08-15 22:33:36.771,35.997,raise,-0.06437499999999985,-0.49250000000000016
2026-08-15 22:33:36.781,36.007,raise,0.08500000000000063,-0.43875
2026-08-15 22:33:36.791,36.017,raise,-0.07874999999999965,-0.4731249999999998
2026-08-15 22:33:36.801,36.027,raise,0.046875000000000666,-0.47250000000000014
2026-08-15 22:33:36.811,36.037,raise,0.05437499999999984,-0.44499999999999984
2026-08-15 22:33:36.821,36.047,raise,-0.08375000000000021,-0.49437500000000023
2026-08-15 22:33:36.831,36.057,raise,0.07500000000000062,-0.44625000000000026
2026-08-15 22:33:36.841,36.067,raise,-0.10187500000000016,-0.47687499999999994
2026-08-15 22:33:36.851,36.077,raise,0.03874999999999962,-0.4700000000000004
2026-08-15 22:33:36.861,36.087,raise,0.07249999999999979,-0.4456249999999995
2026-08-15 22:33:36.871,36.097,raise,-0.0637500000000002,-0.48875
2026-08-15 22:33:36.881,36.107,raise,0.08437499999999987,-0.4437499999999994
2026-08-15 22:33:36.891,36.117,raise,-0.07937500000000042,-0.47687499999999994
2026-08-15 22:33:36.901,36.127,raise,0.031250000000000444,-0.46374999999999944
2026-08-15 22:33:36.911,36.137,raise,0.0593750000000004,-0.44625000000000026
2026-08-15 22:33:36.921,36.147,raise,-0.0824999999999998,-0.48937499999999967
2026-08-15 22:33:36.931,36.157,raise,0.08187500000000014,-0.44062500000000004
2026-08-15 22:33:36.941,36.167,raise,-0.10249999999999981,-0.4800000000000004
2026-08-15 22:33:36.951,36.177,raise,0.04375000000000018,-0.46374999999999944
2026-08-15 22:33:36.961,36.187,raise,0.07249999999999979,-0.44499999999999984
2026-08-15 22:33:36.971,36.197,raise,-0.056874999999999565,-0.48562499999999953
2026-08-15 22:33:36.981,36.207,raise,0.08874999999999966,-0.4437499999999994
2026-08-15 22:33:36.991,36.217,raise,-0.08437499999999987,-0.4718749999999994
2026-08-15 22:33:37.001,36.227,raise,0.0318750000000001,-0.45875
2026-08-15 22:33:37.011,36.237,raise,0.05312500000000053,-0.4425000000000001
2026-08-15 22:33:37.021,36.247,raise,-0.07874999999999965,-0.49250000000000016
2026-08-15 22:33:37.031,36.257,raise,0.08437499999999987,-0.44062500000000004
2026-08-15 22:33:37.041,36.267,raise,-0.1100000000000001,-0.4756249999999995
2026-08-15 22:33:37.051,36.277,raise,0.04375000000000018,-0.45937499999999964
2026-08-15 22:33:37.061,36.287,raise,0.07062499999999972,-0.4468749999999999
2026-08-15 22:33:37.071,36.297,raise,-0.09750000000000036,-0.4981250000000004
2026-08-15 22:33:37.081,36.307,raise,0.08437499999999987,-0.4456249999999995
2026-08-15 22:33:37.091,36.317,raise,-0.09375000000000022,-0.47875
2026-08-15 22:33:37.101,36.327,raise,0.03687500000000066,-0.46937499999999965
2026-08-15 22:33:37.111,36.337,raise,0.046875000000000666,-0.4443750000000002
2026-08-15 22:33:37.121,36.347,raise,-0.07187500000000013,-0.4906250000000001
2026-08-15 22:33:37.131,36.357,raise,0.08750000000000036,-0.4456249999999995
2026-08-15 22:33:37.141,36.367,raise,-0.07124999999999937,-0.47875
2026-08-15 22:33:37.151,36.377,raise,0.05125000000000046,-0.46937499999999965
2026-08-15 22:33:37.161,36.387,raise,0.06812499999999999,-0.44812500000000033
2026-08-15 22:33:37.171,36.397,raise,-0.09187500000000015,-0.49374999999999947
2026-08-15 22:33:37.181,36.407,raise,0.08187500000000014,-0.4468749999999999
2026-08-15 22:33:37.191,36.417,raise,-0.09375000000000022,-0.4831249999999998
2026-08-15 22:33:37.201,36.427,raise,0.03937500000000038,-0.4656249999999995
2026-08-15 22:33:37.211,36.437,raise,0.038124999999999964,-0.4512499999999997
2026-08-15 22:33:37.221,36.447,raise,-0.07000000000000006,-0.4918749999999994
2026-08-15 22:33:37.231,36.457,raise,0.08687499999999959,-0.4456249999999995
2026-08-15 22:33:37.241,36.467,raise,-0.07000000000000006,-0.47499999999999987
2026-08-15 22:33:37.251,36.477,raise,0.05249999999999977,-0.46374999999999944
2026-08-15 22:33:37.261,36.487,raise,0.06500000000000061,-0.4456249999999995
2026-08-15 22:33:37.271,36.497,raise,-0.08937500000000043,-0.49687499999999996
2026-08-15 22:33:37.281,36.507,raise,0.08312500000000056,-0.44312499999999977
2026-08-15 22:33:37.291,36.517,raise,-0.0956250000000003,-0.47687499999999994
2026-08-15 22:33:37.301,36.527,raise,0.03750000000000031,-0.46374999999999944
2026-08-15 22:33:37.311,36.537,raise,0.0737500000000002,-0.4468749999999999
2026-08-15 22:33:37.321,36.547,raise,-0.06812499999999999,-0.49562499999999954
2026-08-15 22:33:37.331,36.557,raise,0.08187500000000014,-0.4437499999999994
2026-08-15 22:33:37.341,36.567,raise,-0.07249999999999979,-0.4806250000000001
2026-08-15 22:33:37.351,36.577,raise,0.04874999999999963,-0.46812500000000035
2026-08-15 22:33:37.361,36.587,raise,0.06312500000000054,-0.44625000000000026
2026-08-15 22:33:37.371,36.597,raise,-0.08687499999999959,-0.49250000000000016
2026-08-15 22:33:37.381,36.607,raise,0.07937500000000042,-0.4468749999999999
2026-08-15 22:33:37.391,36.617,raise,-0.09874999999999967,-0.4774999999999996
2026-08-15 22:33:37.401,36.627,raise,0.04187500000000011,-0.4656249999999995
2026-08-15 22:33:37.411,36.637,raise,0.07750000000000035,-0.44812500000000033
2026-08-15 22:33:37.421,36.647,raise,-0.0637500000000002,-0.4899999999999993
2026-08-15 22:33:37.431,36.657,raise,0.08750000000000036,-0.4468749999999999
2026-08-15 22:33:37.441,36.667,raise,-0.07562500000000028,-0.4831249999999998
2026-08-15 22:33:37.451,36.677,raise,0.053750000000000187,-0.46499999999999986
2026-08-15 22:33:37.461,36.687,raise,0.06062499999999971,-0.44312499999999977
2026-08-15 22:33:37.471,36.697,raise,-0.08687499999999959,-0.48687499999999995
2026-08-15 22:33:37.481,36.707,raise,0.08125000000000049,-0.44312499999999977
2026-08-15 22:33:37.491,36.717,raise,-0.10000000000000009,-0.4700000000000004
2026-08-15 22:33:37.501,36.727,raise,0.03937500000000038,-0.4600000000000004
2026-08-15 22:33:37.511,36.737,raise,0.07562500000000028,-0.4443750000000002
2026-08-15 22:33:37.521,36.747,raise,-0.06124999999999936,-0.4899999999999993
2026-08-15 22:33:37.531,36.757,raise,0.08500000000000063,-0.44187499999999935
2026-08-15 22:33:37.541,36.767,raise,-0.08124999999999938,-0.4718749999999994
2026-08-15 22:33:37.551,36.777,raise,0.027500000000000302,-0.46250000000000013
2026-08-15 22:33:37.561,36.787,raise,0.05750000000000033,-0.44625000000000026
2026-08-15 22:33:37.571,36.797,raise,-0.08375000000000021,-0.49562499999999954
2026-08-15 22:33:37.581,36.807,raise,0.08187500000000014,-0.4437499999999994
2026-08-15 22:33:37.591,36.817,raise,-0.1012499999999994,-0.4762500000000003
2026-08-15 22:33:37.601,36.827,raise,0.04187500000000011,-0.4718749999999994
2026-08-15 22:33:37.611,36.837,raise,0.07937500000000042,-0.4456249999999995
2026-08-15 22:33:37.621,36.847,raise,-0.05750000000000033,-0.48937499999999967
2026-08-15 22:33:37.631,36.857,raise,0.09000000000000008,-0.44062500000000004
2026-08-15 22:33:37.641,36.867,raise,-0.08312499999999945,-0.4774999999999996
2026-08-15 22:33:37.651,36.877,raise,0.030000000000000027,-0.46812500000000035
2026-08-15 22:33:37.661,36.887,raise,0.05437499999999984,-0.44749999999999956
2026-08-15 22:33:37.671,36.897,raise,-0.08000000000000007,-0.4949999999999999
2026-08-15 22:33:37.681,36.907,raise,0.08624999999999994,-0.44749999999999956
2026-08-15 22:33:37.691,36.917,raise,-0.10624999999999996,-0.47687499999999994
2026-08-15 22:33:37.701,36.927,raise,0.04812499999999997,-0.46499999999999986
2026-08-15 22:33:37.711,36.937,raise,0.07187500000000013,-0.4468749999999999
2026-08-15 22:33:37.721,36.947,raise,-0.0968749999999996,-0.48937499999999967
2026-08-15 22:33:37.731,36.957,raise,0.09000000000000008,-0.4443750000000002
2026-08-15 22:33:37.741,36.967,raise,-0.08687499999999959,-0.48250000000000015
2026-08-15 22:33:37.751,36.977,raise,0.03562500000000024,-0.4643750000000002
2026-08-15 22:33:37.761,36.987,raise,0.045000000000000595,-0.4456249999999995
2026-08-15 22:33:37.771,36.997,raise,-0.07312499999999944,-0.4874999999999996
2026-08-15 22:33:37.781,37.007,raise,0.08312500000000056,-0.44312499999999977
2026-08-15 22:33:37.791,37.017,raise,-0.06750000000000034,-0.47374999999999945
2026-08-15 22:33:37.801,37.027,raise,0.04750000000000032,-0.4643750000000002
2026-08-15 22:33:37.811,37.037,raise,0.07000000000000006,-0.44812500000000033
2026-08-15 22:33:37.821,37.047,raise,-0.09312499999999946,-0.49687499999999996
2026-08-15 22:33:37.831,37.057,raise,0.08624999999999994,-0.4456249999999995
2026-08-15 22:33:37.841,37.067,raise,-0.09437499999999988,-0.4774999999999996
2026-08-15 22:33:37.851,37.077,raise,0.03750000000000031,-0.4612499999999997
2026-08-15 22:33:37.861,37.087,raise,0.04125000000000045,-0.4468749999999999
2026-08-15 22:33:37.871,37.097,raise,-0.07187500000000013,-0.4931249999999998
2026-08-15 22:33:37.881,37.107,raise,0.08624999999999994,-0.44312499999999977
2026-08-15 22:33:37.891,37.117,raise,-0.06750000000000034,-0.47687499999999994
2026-08-15 22:33:37.901,37.127,raise,0.04874999999999963,-0.46875
2026-08-15 22:33:37.911,37.137,raise,0.07000000000000006,-0.44812500000000033
2026-08-15 22:33:37.921,37.147,raise,-0.08874999999999966,-0.49562499999999954
2026-08-15 22:33:37.931,37.157,raise,0.08437499999999987,-0.44499999999999984
2026-08-15 22:33:37.941,37.167,raise,-0.08874999999999966,-0.48124999999999973
2026-08-15 22:33:37.951,37.177,raise,0.03624999999999989,-0.47062500000000007
2026-08-15 22:33:37.961,37.187,raise,0.07562500000000028,-0.4468749999999999
2026-08-15 22:33:37.971,37.197,raise,-0.06750000000000034,-0.49562499999999954
2026-08-15 22:33:37.981,37.207,raise,0.08437499999999987,-0.4468749999999999
2026-08-15 22:33:37.991,37.217,raise,-0.07000000000000006,-0.48374999999999946
2026-08-15 22:33:38.001,37.227,raise,0.05125000000000046,-0.4656249999999995
2026-08-15 22:33:38.011,37.237,raise,0.06812499999999999,-0.4443750000000002
2026-08-15 22:33:38.021,37.247,raise,-0.08437499999999987,-0.49124999999999974
2026-08-15 22:33:38.031,37.257,raise,0.08874999999999966,-0.44499999999999984
2026-08-15 22:33:38.041,37.267,raise,-0.09375000000000022,-0.47499999999999987
2026-08-15 22:33:38.051,37.277,raise,0.03874999999999962,-0.46499999999999986
2026-08-15 22:33:38.061,37.287,raise,0.08000000000000007,-0.4437499999999994
2026-08-15 22:33:38.071,37.297,raise,-0.07000000000000006,-0.4931249999999998
2026-08-15 22:33:38.081,37.307,raise,0.08375000000000021,-0.44499999999999984
2026-08-15 22:33:38.091,37.317,raise,-0.07499999999999951,-0.47812500000000036
2026-08-15 22:33:38.101,37.327,raise,0.04874999999999963,-0.46499999999999986
2026-08-15 22:33:38.111,37.337,raise,0.06437499999999985,-0.44625000000000026
2026-08-15 22:33:38.121,37.347,raise,-0.08750000000000036,-0.49687499999999996
2026-08-15 22:33:38.131,37.357,raise,0.0824999999999998,-0.4437499999999994
2026-08-15 22:33:38.141,37.367,raise,-0.09437499999999988,-0.47374999999999945
2026-08-15 22:33:38.151,37.377,raise,0.043125000000000524,-0.46875
2026-08-15 22:33:38.161,37.387,raise,0.07874999999999965,-0.44625000000000026
2026-08-15 22:33:38.171,37.397,raise,-0.06312499999999943,-0.49437500000000023
2026-08-15 22:33:38.181,37.407,raise,0.08624999999999994,-0.44937499999999964
2026-08-15 22:33:38.191,37.417,raise,-0.08062499999999972,-0.4806250000000001
2026-08-15 22:33:38.201,37.427,raise,0.02687500000000065,-0.46875
2026-08-15 22:33:38.211,37.437,raise,0.05562500000000026,-0.4500000000000004
2026-08-15 22:33:38.221,37.447,raise,-0.08562500000000028,-0.49250000000000016
2026-08-15 22:33:38.231,37.457,raise,0.08375000000000021,-0.44749999999999956
2026-08-15 22:33:38.241,37.467,raise,-0.10000000000000009,-0.48124999999999973
2026-08-15 22:33:38.251,37.477,raise,0.046875000000000666,-0.46812500000000035
2026-08-15 22:33:38.261,37.487,raise,0.078125,-0.44499999999999984
2026-08-15 22:33:38.271,37.497,raise,-0.06062499999999971,-0.49374999999999947
2026-08-15 22:33:38.281,37.507,raise,0.08874999999999966,-0.4468749999999999
2026-08-15 22:33:38.291,37.517,raise,-0.08624999999999994,-0.47374999999999945
2026-08-15 22:33:38.301,37.527,raise,0.029375000000000373,-0.46499999999999986
2026-08-15 22:33:38.311,37.537,raise,0.04937500000000039,-0.44812500000000033
2026-08-15 22:33:38.321,37.547,raise,-0.08000000000000007,-0.4962500000000003
2026-08-15 22:33:38.331,37.557,raise,0.08624999999999994,-0.44812500000000033
2026-08-15 22:33:38.341,37.567,raise,-0.10499999999999954,-0.4762500000000003
2026-08-15 22:33:38.351,37.577,raise,0.04874999999999963,-0.4656249999999995
2026-08-15 22:33:38.361,37.587,raise,0.07624999999999993,-0.4468749999999999
2026-08-15 22:33:38.371,37.597,raise,-0.10000000000000009,-0.5018749999999994
2026-08-15 22:33:38.381,37.607,raise,0.09000000000000008,-0.4443750000000002
2026-08-15 22:33:38.391,37.617,raise,-0.08937500000000043,-0.47687499999999994
2026-08-15 22:33:38.401,37.627,raise,0.038124999999999964,-0.47374999999999945
2026-08-15 22:33:38.411,37.637,raise,0.050000000000000044,-0.4468749999999999
2026-08-15 22:33:38.421,37.647,raise,-0.07499999999999951,-0.49687499999999996
2026-08-15 22:33:38.431,37.657,raise,0.08437499999999987,-0.4443750000000002
2026-08-15 22:33:38.441,37.667,raise,-0.10687499999999961,-0.47937499999999966
2026-08-15 22:33:38.451,37.677,raise,0.04874999999999963,-0.47250000000000014
2026-08-15 22:33:38.461,37.687,raise,0.07312500000000055,-0.44812500000000033
2026-08-15 22:33:38.471,37.697,raise,-0.09312499999999946,-0.49374999999999947
2026-08-15 22:33:38.481,37.707,raise,0.08874999999999966,-0.4531249999999998
2026-08-15 22:33:38.491,37.717,raise,-0.08375000000000021,-0.48124999999999973
2026-08-15 22:33:38.501,37.727,raise,0.038124999999999964,-0.46875
2026-08-15 22:33:38.511,37.737,raise,0.04874999999999963,-0.4500000000000004
2026-08-15 22:33:38.521,37.747,raise,-0.07187500000000013,-0.4931249999999998
2026-08-15 22:33:38.531,37.757,raise,0.08562500000000028,-0.44937499999999964
2026-08-15 22:33:38.541,37.767,raise,-0.06750000000000034,-0.4843750000000002
2026-08-15 22:33:38.551,37.777,raise,0.046875000000000666,-0.4700000000000004
2026-08-15 22:33:38.561,37.787,raise,0.06937500000000041,-0.4556249999999995
2026-08-15 22:33:38.571,37.797,raise,-0.09437499999999988,-0.49687499999999996
2026-08-15 22:33:38.581,37.807,raise,0.08500000000000063,-0.45062500000000005
2026-08-15 22:33:38.591,37.817,raise,-0.08750000000000036,-0.47875
2026-08-15 22:33:38.601,37.827,raise,0.03687500000000066,-0.4674999999999996
2026-08-15 22:33:38.611,37.837,raise,0.0824999999999998,-0.45187499999999936
2026-08-15 22:33:38.621,37.847,raise,-0.06937500000000041,-0.5012499999999998
2026-08-15 22:33:38.631,37.857,raise,0.08687499999999959,-0.4468749999999999
2026-08-15 22:33:38.641,37.867,raise,-0.06812499999999999,-0.47812500000000036
2026-08-15 22:33:38.651,37.877,raise,0.04812499999999997,-0.46374999999999944
2026-08-15 22:33:38.661,37.887,raise,0.06750000000000034,-0.44875
2026-08-15 22:33:38.671,37.897,raise,-0.08812500000000001,-0.4981250000000004
2026-08-15 22:33:38.681,37.907,raise,0.08750000000000036,-0.4456249999999995
2026-08-15 22:33:38.691,37.917,raise,-0.09187500000000015,-0.4800000000000004
2026-08-15 22:33:38.701,37.927,raise,0.04062499999999969,-0.4731249999999998
2026-08-15 22:33:38.711,37.937,raise,0.08437499999999987,-0.45062500000000005
2026-08-15 22:33:38.721,37.947,raise,-0.06937500000000041,-0.49437500000000023
2026-08-15 22:33:38.731,37.957,raise,0.09062499999999973,-0.45062500000000005
2026-08-15 22:33:38.741,37.967,raise,-0.07562500000000028,-0.4818749999999994
2026-08-15 22:33:38.751,37.977,raise,0.051875000000000115,-0.46937499999999965
2026-08-15 22:33:38.761,37.987,raise,0.06812499999999999,-0.4512499999999997
2026-08-15 22:33:38.771,37.997,raise,-0.09062499999999973,-0.4931249999999998
2026-08-15 22:33:38.781,38.007,raise,0.078125,-0.44749999999999956
2026-08-15 22:33:38.791,38.017,raise,-0.0956250000000003,-0.4843750000000002
2026-08-15 22:33:38.801,38.027,raise,0.03874999999999962,-0.46937499999999965
2026-08-15 22:33:38.811,38.037,raise,0.08187500000000014,-0.44875
2026-08-15 22:33:38.821,38.047,raise,-0.06687499999999957,-0.4949999999999999
2026-08-15 22:33:38.831,38.057,raise,0.08500000000000063,-0.44812500000000033
2026-08-15 22:33:38.841,38.067,raise,-0.07562500000000028,-0.4774999999999996
2026-08-15 22:33:38.851,38.077,raise,0.05562500000000026,-0.4662500000000003
2026-08-15 22:33:38.861,38.087,raise,0.06249999999999978,-0.4500000000000004
2026-08-15 22:33:38.871,38.097,raise,-0.0824999999999998,-0.49124999999999974
2026-08-15 22:33:38.881,38.107,raise,0.08062499999999972,-0.4456249999999995
2026-08-15 22:33:38.891,38.117,raise,-0.09812500000000002,-0.47499999999999987
2026-08-15 22:33:38.901,38.127,raise,0.0462499999999999,-0.4656249999999995
2026-08-15 22:33:38.911,38.137,raise,0.07750000000000035,-0.44812500000000033
2026-08-15 22:33:38.921,38.147,raise,-0.05750000000000033,-0.4962500000000003
2026-08-15 22:33:38.931,38.157,raise,0.08874999999999966,-0.4443750000000002
2026-08-15 22:33:38.941,38.167,raise,-0.07750000000000035,-0.47812500000000036
2026-08-15 22:33:38.951,38.177,raise,0.033125000000000515,-0.4731249999999998
2026-08-15 22:33:38.961,38.187,raise,0.05624999999999991,-0.45062500000000005
2026-08-15 22:33:38.971,38.197,raise,-0.0824999999999998,-0.4981250000000004
2026-08-15 22:33:38.981,38.207,raise,0.0824999999999998,-0.4468749999999999
2026-08-15 22:33:38.991,38.217,raise,-0.1012499999999994,-0.4806250000000001
2026-08-15 22:33:39.001,38.227,raise,0.04187500000000011,-0.4700000000000004
2026-08-15 22:33:39.011,38.237,raise,0.07562500000000028,-0.4500000000000004
2026-08-15 22:33:39.021,38.247,raise,-0.09312499999999946,-0.4949999999999999
2026-08-15 22:33:39.031,38.257,raise,0.08624999999999994,-0.44625000000000026
2026-08-15 22:33:39.041,38.267,raise,-0.08000000000000007,-0.4862500000000003
2026-08-15 22:33:39.051,38.277,raise,0.033125000000000515,-0.46875
2026-08-15 22:33:39.061,38.287,raise,0.05249999999999977,-0.44812500000000033
2026-08-15 22:33:39.071,38.297,raise,-0.07750000000000035,-0.49437500000000023
2026-08-15 22:33:39.081,38.307,raise,0.07937500000000042,-0.44875
2026-08-15 22:33:39.091,38.317,raise,-0.0593750000000004,-0.47374999999999945
2026-08-15 22:33:39.101,38.327,raise,0.0462499999999999,-0.46812500000000035
2026-08-15 22:33:39.111,38.337,raise,0.07562500000000028,-0.44875
2026-08-15 22:33:39.121,38.347,raise,-0.09187500000000015,-0.4962500000000003
2026-08-15 22:33:39.131,38.357,raise,0.08687499999999959,-0.44312499999999977
2026-08-15 22:33:39.141,38.367,raise,-0.08624999999999994,-0.47374999999999945
2026-08-15 22:33:39.151,38.377,raise,0.03750000000000031,-0.4643750000000002
2026-08-15 22:33:39.161,38.387,raise,0.050000000000000044,-0.4468749999999999
2026-08-15 22:33:39.171,38.397,raise,-0.07562500000000028,-0.49875
2026-08-15 22:33:39.181,38.407,raise,0.08312500000000056,-0.44812500000000033
2026-08-15 22:33:39.191,38.417,raise,-0.06687499999999957,-0.48124999999999973
2026-08-15 22:33:39.201,38.427,raise,0.043125000000000524,-0.4762500000000003
2026-08-15 22:33:39.211,38.437,raise,0.06937500000000041,-0.4512499999999997
2026-08-15 22:33:39.221,38.447,raise,-0.09312499999999946,-0.5006250000000001
2026-08-15 22:33:39.231,38.457,raise,0.08812500000000001,-0.44812500000000033
2026-08-15 22:33:39.241,38.467,raise,-0.08937500000000043,-0.48124999999999973
2026-08-15 22:33:39.251,38.477,raise,0.03624999999999989,-0.4731249999999998
2026-08-15 22:33:39.261,38.487,raise,0.07874999999999965,-0.44937499999999964
2026-08-15 22:33:39.271,38.497,raise,-0.06750000000000034,-0.4949999999999999
2026-08-15 22:33:39.281,38.507,raise,0.08874999999999966,-0.4531249999999998
2026-08-15 22:33:39.291,38.517,raise,-0.07062499999999972,-0.4818749999999994
2026-08-15 22:33:39.301,38.527,raise,0.051875000000000115,-0.47250000000000014
2026-08-15 22:33:39.311,38.537,raise,0.06562500000000027,-0.45374999999999943
2026-08-15 22:33:39.321,38.547,raise,-0.09187500000000015,-0.4931249999999998
2026-08-15 22:33:39.331,38.557,raise,0.08750000000000036,-0.45187499999999936
2026-08-15 22:33:39.341,38.567,raise,-0.0968749999999996,-0.4843750000000002
2026-08-15 22:33:39.351,38.577,raise,0.04187500000000011,-0.46812500000000035
2026-08-15 22:33:39.361,38.587,raise,0.07750000000000035,-0.44875
2026-08-15 22:33:39.371,38.597,raise,-0.06562500000000027,-0.4899999999999993
2026-08-15 22:33:39.381,38.607,raise,0.08812500000000001,-0.4456249999999995
2026-08-15 22:33:39.391,38.617,raise,-0.07249999999999979,-0.47812500000000036
2026-08-15 22:33:39.401,38.627,raise,0.05125000000000046,-0.4643750000000002
2026-08-15 22:33:39.411,38.637,raise,0.06437499999999985,-0.44749999999999956
2026-08-15 22:33:39.421,38.647,raise,-0.08624999999999994,-0.5025000000000002
2026-08-15 22:33:39.431,38.657,raise,0.07937500000000042,-0.44499999999999984
2026-08-15 22:33:39.441,38.667,raise,-0.09187500000000015,-0.4774999999999996
2026-08-15 22:33:39.451,38.677,raise,0.04187500000000011,-0.46187499999999937
2026-08-15 22:33:39.461,38.687,raise,0.07750000000000035,-0.44749999999999956
2026-08-15 22:33:39.471,38.697,raise,-0.06249999999999978,-0.49875
2026-08-15 22:33:39.481,38.707,raise,0.08562500000000028,-0.44312499999999977
2026-08-15 22:33:39.491,38.717,raise,-0.07624999999999993,-0.47937499999999966
2026-08-15 22:33:39.501,38.727,raise,0.051875000000000115,-0.4731249999999998
2026-08-15 22:33:39.511,38.737,raise,0.06000000000000005,-0.44875
2026-08-15 22:33:39.521,38.747,raise,-0.08812500000000001,-0.4993749999999997
2026-08-15 22:33:39.531,38.757,raise,0.08062499999999972,-0.4500000000000004
2026-08-15 22:33:39.541,38.767,raise,-0.09874999999999967,-0.4806250000000001
2026-08-15 22:33:39.551,38.777,raise,0.03937500000000038,-0.4731249999999998
2026-08-15 22:33:39.561,38.787,raise,0.07624999999999993,-0.45374999999999943
2026-08-15 22:33:39.571,38.797,raise,-0.0593750000000004,-0.4931249999999998
2026-08-15 22:33:39.581,38.807,raise,0.08437499999999987,-0.4512499999999997
2026-08-15 22:33:39.591,38.817,raise,-0.08437499999999987,-0.48687499999999995
2026-08-15 22:33:39.601,38.827,raise,0.029375000000000373,-0.46875
2026-08-15 22:33:39.611,38.837,raise,0.05812499999999998,-0.44749999999999956
2026-08-15 22:33:39.621,38.847,raise,-0.08062499999999972,-0.49687499999999996
2026-08-15 22:33:39.631,38.857,raise,0.08500000000000063,-0.44749999999999956
2026-08-15 22:33:39.641,38.867,raise,-0.10437499999999988,-0.47875
2026-08-15 22:33:39.651,38.877,raise,0.04437499999999983,-0.4656249999999995
2026-08-15 22:33:39.661,38.887,raise,0.07437499999999986,-0.44937499999999964
2026-08-15 22:33:39.671,38.897,raise,-0.09937499999999932,-0.49250000000000016
2026-08-15 22:33:39.681,38.907,raise,0.08624999999999994,-0.44749999999999956
2026-08-15 22:33:39.691,38.917,raise,-0.08312499999999945,-0.47687499999999994
2026-08-15 22:33:39.701,38.927,raise,0.03375000000000017,-0.4643750000000002
2026-08-15 22:33:39.711,38.937,raise,0.05312500000000053,-0.44875
2026-08-15 22:33:39.721,38.947,raise,-0.07624999999999993,-0.49437500000000023
2026-08-15 22:33:39.731,38.957,raise,0.08500000000000063,-0.4456249999999995
2026-08-15 22:33:39.741,38.967,raise,-0.10812500000000003,-0.47937499999999966
2026-08-15 22:33:39.751,38.977,raise,0.04750000000000032,-0.4731249999999998
2026-08-15 22:33:39.761,38.987,raise,0.06874999999999964,-0.45187499999999936
2026-08-15 22:33:39.771,38.997,raise,-0.0956250000000003,-0.4931249999999998
2026-08-15 22:33:39.781,39.007,raise,0.08750000000000036,-0.4468749999999999
2026-08-15 22:33:39.791,39.017,raise,-0.09499999999999953,-0.4831249999999998
2026-08-15 22:33:39.801,39.027,raise,0.03687500000000066,-0.47062500000000007
2026-08-15 22:33:39.811,39.037,raise,0.04249999999999976,-0.45374999999999943
2026-08-15 22:33:39.821,39.047,raise,-0.078125,-0.49687499999999996
2026-08-15 22:33:39.831,39.057,raise,0.08437499999999987,-0.45062500000000005
2026-08-15 22:33:39.841,39.067,raise,-0.06937500000000041,-0.4843750000000002
2026-08-15 22:33:39.851,39.077,raise,0.0462499999999999,-0.47062500000000007
2026-08-15 22:33:39.861,39.087,raise,0.06624999999999992,-0.44875
2026-08-15 22:33:39.871,39.097,raise,-0.08874999999999966,-0.4949999999999999
2026-08-15 22:33:39.881,39.107,raise,0.08375000000000021,-0.44749999999999956
2026-08-15 22:33:39.891,39.117,raise,-0.09124999999999939,-0.48875
2026-08-15 22:33:39.901,39.127,raise,0.03687500000000066,-0.4643750000000002
2026-08-15 22:33:39.911,39.137,raise,0.07687499999999958,-0.44625000000000026
2026-08-15 22:33:39.921,39.147,raise,-0.06750000000000034,-0.49374999999999947
2026-08-15 22:33:39.931,39.157,raise,0.0824999999999998,-0.4468749999999999
2026-08-15 22:33:39.941,39.167,raise,-0.07000000000000006,-0.4762500000000003
2026-08-15 22:33:39.951,39.177,raise,0.050000000000000044,-0.46374999999999944
2026-08-15 22:33:39.961,39.187,raise,0.06687500000000068,-0.4468749999999999
2026-08-15 22:33:39.971,39.197,raise,-0.08687499999999959,-0.49250000000000016
2026-08-15 22:33:39.981,39.207,raise,0.08312500000000056,-0.44625000000000026
2026-08-15 22:33:39.991,39.217,raise,-0.09750000000000036,-0.47499999999999987
2026-08-15 22:33:40.001,39.227,raise,0.03624999999999989,-0.4631249999999998
2026-08-15 22:33:40.011,39.237,raise,0.07937500000000042,-0.4500000000000004
2026-08-15 22:33:40.021,39.247,raise,-0.06937500000000041,-0.4949999999999999
2026-08-15 22:33:40.031,39.257,raise,0.08500000000000063,-0.44187499999999935
2026-08-15 22:33:40.041,39.267,raise,-0.078125,-0.47875
2026-08-15 22:33:40.051,39.277,raise,0.05125000000000046,-0.4731249999999998
2026-08-15 22:33:40.061,39.287,raise,0.06125000000000047,-0.44812500000000033
2026-08-15 22:33:40.071,39.297,raise,-0.08937500000000043,-0.4931249999999998
2026-08-15 22:33:40.081,39.307,raise,0.07687499999999958,-0.4500000000000004
2026-08-15 22:33:40.091,39.317,raise,-0.10249999999999981,-0.4843750000000002
2026-08-15 22:33:40.101,39.327,raise,0.04187500000000011,-0.46499999999999986
2026-08-15 22:33:40.111,39.337,raise,0.07937500000000042,-0.44875
2026-08-15 22:33:40.121,39.347,raise,-0.06312499999999943,-0.49250000000000016
2026-08-15 22:33:40.131,39.357,raise,0.08562500000000028,-0.44625000000000026
2026-08-15 22:33:40.141,39.367,raise,-0.07624999999999993,-0.48250000000000015
2026-08-15 22:33:40.151,39.377,raise,0.05437499999999984,-0.46499999999999986
2026-08-15 22:33:40.161,39.387,raise,0.06062499999999971,-0.4468749999999999
2026-08-15 22:33:40.171,39.397,raise,-0.08750000000000036,-0.4899999999999993
2026-08-15 22:33:40.181,39.407,raise,0.0824999999999998,-0.4468749999999999
2026-08-15 22:33:40.191,39.417,raise,-0.10437499999999988,-0.47812500000000036
2026-08-15 22:33:40.201,39.427,raise,0.03937500000000038,-0.46687499999999993
2026-08-15 22:33:40.211,39.437,raise,0.07562500000000028,-0.44937499999999964
2026-08-15 22:33:40.221,39.447,raise,-0.061875000000000124,-0.49999999999999933
2026-08-15 22:33:40.231,39.457,raise,0.08624999999999994,-0.44499999999999984
2026-08-15 22:33:40.241,39.467,raise,-0.08750000000000036,-0.4843750000000002
2026-08-15 22:33:40.251,39.477,raise,0.030000000000000027,-0.4631249999999998
2026-08-15 22:33:40.261,39.487,raise,0.05437499999999984,-0.44625000000000026
2026-08-15 22:33:40.271,39.497,raise,-0.08124999999999938,-0.49374999999999947
2026-08-15 22:33:40.281,39.507,raise,0.08500000000000063,-0.4443750000000002
2026-08-15 22:33:40.291,39.517,raise,-0.10624999999999996,-0.4843750000000002
2026-08-15 22:33:40.301,39.527,raise,0.04375000000000018,-0.4743750000000002
2026-08-15 22:33:40.311,39.537,raise,0.07000000000000006,-0.45062500000000005
2026-08-15 22:33:40.321,39.547,raise,-0.0968749999999996,-0.49875
2026-08-15 22:33:40.331,39.557,raise,0.08562500000000028,-0.45499999999999985
2026-08-15 22:33:40.341,39.567,raise,-0.08624999999999994,-0.4818749999999994
2026-08-15 22:33:40.351,39.577,raise,0.033125000000000515,-0.47062500000000007
2026-08-15 22:33:40.361,39.587,raise,0.04750000000000032,-0.4500000000000004
2026-08-15 22:33:40.371,39.597,raise,-0.07937500000000042,-0.49124999999999974
2026-08-15 22:33:40.381,39.607,raise,0.08375000000000021,-0.44749999999999956
2026-08-15 22:33:40.391,39.617,raise,-0.10312499999999947,-0.4831249999999998
2026-08-15 22:33:40.401,39.627,raise,0.04750000000000032,-0.47062500000000007
2026-08-15 22:33:40.411,39.637,raise,0.07125000000000048,-0.44812500000000033
2026-08-15 22:33:40.421,39.647,raise,-0.09437499999999988,-0.4962500000000003
2026-08-15 22:33:40.431,39.657,raise,0.08500000000000063,-0.44625000000000026
2026-08-15 22:33:40.441,39.667,raise,-0.08687499999999959,-0.4774999999999996
2026-08-15 22:33:40.451,39.677,raise,0.03624999999999989,-0.4643750000000002
2026-08-15 22:33:40.461,39.687,raise,0.04249999999999976,-0.44937499999999964
2026-08-15 22:33:40.471,39.697,raise,-0.07499999999999951,-0.49250000000000016
2026-08-15 22:33:40.481,39.707,raise,0.08000000000000007,-0.4437499999999994
2026-08-15 22:33:40.491,39.717,raise,-0.06687499999999957,-0.4762500000000003
2026-08-15 22:33:40.501,39.727,raise,0.045000000000000595,-0.4612499999999997
2026-08-15 22:33:40.511,39.737,raise,0.07125000000000048,-0.44749999999999956
2026-08-15 22:33:40.521,39.747,raise,-0.09375000000000022,-0.4949999999999999
2026-08-15 22:33:40.531,39.757,raise,0.08687499999999959,-0.44499999999999984
2026-08-15 22:33:40.541,39.767,raise,-0.09187500000000015,-0.47937499999999966
2026-08-15 22:33:40.551,39.777,raise,0.03437499999999982,-0.47499999999999987
2026-08-15 22:33:40.561,39.787,raise,0.040000000000000036,-0.45062500000000005
2026-08-15 22:33:40.571,39.797,raise,-0.07312499999999944,-0.5012499999999998
2026-08-15 22:33:40.581,39.807,raise,0.07937500000000042,-0.44499999999999984
2026-08-15 22:33:40.591,39.817,raise,-0.0737500000000002,-0.48250000000000015
2026-08-15 22:33:40.601,39.827,raise,0.04750000000000032,-0.47250000000000014
2026-08-15 22:33:40.611,39.837,raise,0.06750000000000034,-0.44937499999999964
2026-08-15 22:33:40.621,39.847,raise,-0.08812500000000001,-0.4931249999999998
2026-08-15 22:33:40.631,39.857,raise,0.08750000000000036,-0.44875
2026-08-15 22:33:40.641,39.867,raise,-0.09624999999999995,-0.4831249999999998
2026-08-15 22:33:40.651,39.877,raise,0.040000000000000036,-0.46687499999999993
2026-08-15 22:33:40.661,39.887,raise,0.07750000000000035,-0.44812500000000033
2026-08-15 22:33:40.671,39.897,raise,-0.06874999999999964,-0.4918749999999994
2026-08-15 22:33:40.681,39.907,raise,0.08500000000000063,-0.44625000000000026
2026-08-15 22:33:40.691,39.917,raise,-0.07687499999999958,-0.48374999999999946
2026-08-15 22:33:40.701,39.927,raise,0.0506249999999997,-0.46187499999999937
2026-08-15 22:33:40.711,39.937,raise,0.06312500000000054,-0.4456249999999995
2026-08-15 22:33:40.721,39.947,raise,-0.09124999999999939,-0.4899999999999993
2026-08-15 22:33:40.731,39.957,raise,0.07750000000000035,-0.4425000000000001
2026-08-15 22:33:40.741,39.967,raise,-0.10000000000000009,-0.47687499999999994
2026-08-15 22:33:40.751,39.977,raise,0.040000000000000036,-0.46499999999999986
2026-08-15 22:33:40.761,39.987,raise,0.07500000000000062,-0.4456249999999995
2026-08-15 22:33:40.771,39.997,raise,-0.06249999999999978,-0.49437500000000023
2026-08-15 22:33:40.781,40.007,raise,0.08375000000000021,-0.4443750000000002
2026-08-15 22:33:40.791,40.017,raise,-0.08062499999999972,-0.47687499999999994
2026-08-15 22:33:40.801,40.027,raise,0.05125000000000046,-0.46374999999999944
2026-08-15 22:33:40.811,40.037,raise,0.05312500000000053,-0.44749999999999956
2026-08-15 22:33:40.821,40.047,raise,-0.08750000000000036,-0.49562499999999954
2026-08-15 22:33:40.831,40.057,raise,0.07937500000000042,-0.44812500000000033
2026-08-15 22:33:40.841,40.067,raise,-0.10375000000000023,-0.48124999999999973
2026-08-15 22:33:40.851,40.077,raise,0.04062499999999969,-0.4712499999999997
2026-08-15 22:33:40.861,40.087,raise,0.07125000000000048,-0.4500000000000004
2026-08-15 22:33:40.871,40.097,raise,-0.06249999999999978,-0.4981250000000004
2026-08-15 22:33:40.881,40.107,raise,0.08187500000000014,-0.4468749999999999
2026-08-15 22:33:40.891,40.117,raise,-0.0824999999999998,-0.48687499999999995
2026-08-15 22:33:40.901,40.127,raise,0.028124999999999956,-0.46937499999999965
2026-08-15 22:33:40.911,40.137,raise,0.0506249999999997,-0.4512499999999997
2026-08-15 22:33:40.921,40.147,raise,-0.08312499999999945,-0.4899999999999993
2026-08-15 22:33:40.931,40.157,raise,0.08062499999999972,-0.44625000000000026
2026-08-15 22:33:40.941,40.167,raise,-0.10187500000000016,-0.4874999999999996
2026-08-15 22:33:40.951,40.177,raise,0.04375000000000018,-0.4674999999999996
2026-08-15 22:33:40.961,40.187,raise,0.07062499999999972,-0.44625000000000026
2026-08-15 22:33:40.971,40.197,raise,-0.05312499999999942,-0.49124999999999974
2026-08-15 22:33:40.981,40.207,raise,0.0824999999999998,-0.4456249999999995
2026-08-15 22:33:40.991,40.217,raise,-0.08874999999999966,-0.4756249999999995
2026-08-15 22:33:41.001,40.227,raise,0.033125000000000515,-0.4631249999999998
2026-08-15 22:33:41.011,40.237,raise,0.04750000000000032,-0.44499999999999984
2026-08-15 22:33:41.021,40.247,raise,-0.07750000000000035,-0.49374999999999947
2026-08-15 22:33:41.031,40.257,raise,0.08125000000000049,-0.4412499999999997
2026-08-15 22:33:41.041,40.267,raise,-0.10874999999999968,-0.4774999999999996
2026-08-15 22:33:41.051,40.277,raise,0.04375000000000018,-0.4643750000000002
2026-08-15 22:33:41.061,40.287,raise,0.06562500000000027,-0.44875
2026-08-15 22:33:41.071,40.297,raise,-0.0956250000000003,-0.49562499999999954
2026-08-15 22:33:41.081,40.307,raise,0.08500000000000063,-0.44625000000000026
2026-08-15 22:33:41.091,40.317,raise,-0.09000000000000008,-0.4806250000000001
2026-08-15 22:33:41.101,40.327,raise,0.03375000000000017,-0.4731249999999998
2026-08-15 22:33:41.111,40.337,raise,0.04375000000000018,-0.4468749999999999
2026-08-15 22:33:41.121,40.347,raise,-0.07624999999999993,-0.4931249999999998
2026-08-15 22:33:41.131,40.357,raise,0.08187500000000014,-0.4512499999999997
2026-08-15 22:33:41.141,40.367,raise,-0.07062499999999972,-0.48124999999999973
2026-08-15 22:33:41.151,40.377,raise,0.045000000000000595,-0.4731249999999998
2026-08-15 22:33:41.161,40.387,raise,0.06750000000000034,-0.44875
2026-08-15 22:33:41.171,40.397,raise,-0.09312499999999946,-0.49374999999999947
2026-08-15 22:33:41.181,40.407,raise,0.08437499999999987,-0.44812500000000033
2026-08-15 22:33:41.191,40.417,raise,-0.09499999999999953,-0.48250000000000015
2026-08-15 22:33:41.201,40.427,raise,0.03687500000000066,-0.46499999999999986
2026-08-15 22:33:41.211,40.437,raise,0.03375000000000017,-0.45062500000000005
2026-08-15 22:33:41.221,40.447,raise,-0.07249999999999979,-0.4931249999999998
2026-08-15 22:33:41.231,40.457,raise,0.0824999999999998,-0.44937499999999964
2026-08-15 22:33:41.241,40.467,raise,-0.08062499999999972,-0.48250000000000015
2026-08-15 22:33:41.251,40.477,raise,0.04874999999999963,-0.4656249999999995
2026-08-15 22:33:41.261,40.487,raise,0.06125000000000047,-0.44937499999999964
2026-08-15 22:33:41.271,40.497,raise,-0.08874999999999966,-0.49374999999999947
2026-08-15 22:33:41.281,40.507,raise,0.08687499999999959,-0.4456249999999995
2026-08-15 22:33:41.291,40.517,raise,-0.10000000000000009,-0.47687499999999994
2026-08-15 22:33:41.301,40.527,raise,0.04125000000000045,-0.46187499999999937
2026-08-15 22:33:41.311,40.537,raise,0.0737500000000002,-0.45062500000000005
2026-08-15 22:33:41.321,40.547,raise,-0.06687499999999957,-0.4981250000000004
2026-08-15 22:33:41.331,40.557,raise,0.0824999999999998,-0.44875
2026-08-15 22:33:41.341,40.567,raise,-0.08000000000000007,-0.4818749999999994
2026-08-15 22:33:41.351,40.577,raise,0.050000000000000044,-0.4743750000000002
2026-08-15 22:33:41.361,40.587,raise,0.058749999999999636,-0.4468749999999999
2026-08-15 22:33:41.371,40.597,raise,-0.08687499999999959,-0.4981250000000004
2026-08-15 22:33:41.381,40.607,raise,0.08500000000000063,-0.4443750000000002
2026-08-15 22:33:41.391,40.617,raise,-0.10312499999999947,-0.48124999999999973
2026-08-15 22:33:41.401,40.627,raise,0.03937500000000038,-0.46812500000000035
2026-08-15 22:33:41.411,40.637,raise,0.07687499999999958,-0.4468749999999999
2026-08-15 22:33:41.421,40.647,raise,-0.06124999999999936,-0.4962500000000003
2026-08-15 22:33:41.431,40.657,raise,0.08125000000000049,-0.44937499999999964
2026-08-15 22:33:41.441,40.667,raise,-0.08437499999999987,-0.48250000000000015
2026-08-15 22:33:41.451,40.677,raise,0.04937500000000039,-0.4674999999999996
2026-08-15 22:33:41.461,40.687,raise,0.051875000000000115,-0.44749999999999956
2026-08-15 22:33:41.471,40.697,raise,-0.08624999999999994,-0.49374999999999947
2026-08-15 22:33:41.481,40.707,raise,0.07750000000000035,-0.44937499999999964
2026-08-15 22:33:41.491,40.717,raise,-0.10437499999999988,-0.48374999999999946
2026-08-15 22:33:41.501,40.727,raise,0.04187500000000011,-0.46250000000000013
2026-08-15 22:33:41.511,40.737,raise,0.07312500000000055,-0.44812500000000033
2026-08-15 22:33:41.521,40.747,raise,-0.058749999999999636,-0.48937499999999967
2026-08-15 22:33:41.531,40.757,raise,0.08687499999999959,-0.4443750000000002
2026-08-15 22:33:41.541,40.767,raise,-0.08312499999999945,-0.4800000000000004
2026-08-15 22:33:41.551,40.777,raise,0.024374999999999813,-0.46250000000000013
2026-08-15 22:33:41.561,40.787,raise,0.04937500000000039,-0.44875
2026-08-15 22:33:41.571,40.797,raise,-0.0824999999999998,-0.4949999999999999
2026-08-15 22:33:41.581,40.807,raise,0.07937500000000042,-0.4443750000000002
2026-08-15 22:33:41.591,40.817,raise,-0.1100000000000001,-0.48250000000000015
2026-08-15 22:33:41.601,40.827,raise,0.04187500000000011,-0.46062500000000006
2026-08-15 22:33:41.611,40.837,raise,0.07062499999999972,-0.44875
2026-08-15 22:33:41.621,40.847,raise,-0.054999999999999494,-0.49562499999999954
2026-08-15 22:33:41.631,40.857,raise,0.08624999999999994,-0.4456249999999995
2026-08-15 22:33:41.641,40.867,raise,-0.09062499999999973,-0.48250000000000015
2026-08-15 22:33:41.651,40.877,raise,0.03249999999999975,-0.46875
2026-08-15 22:33:41.661,40.887,raise,0.043125000000000524,-0.45062500000000005
2026-08-15 22:33:41.671,40.897,raise,-0.07624999999999993,-0.49374999999999947
2026-08-15 22:33:41.681,40.907,raise,0.08125000000000049,-0.44875
2026-08-15 22:33:41.691,40.917,raise,-0.11062499999999975,-0.4831249999999998
2026-08-15 22:33:41.701,40.927,raise,0.04562500000000025,-0.46937499999999965
2026-08-15 22:33:41.711,40.937,raise,0.06500000000000061,-0.45062500000000005
2026-08-15 22:33:41.721,40.947,raise,-0.09750000000000036,-0.4918749999999994
2026-08-15 22:33:41.731,40.957,raise,0.08500000000000063,-0.44812500000000033
2026-08-15 22:33:41.741,40.967,raise,-0.09624999999999995,-0.48250000000000015
2026-08-15 22:33:41.751,40.977,raise,0.03874999999999962,-0.46499999999999986
2026-08-15 22:33:41.761,40.987,raise,0.03874999999999962,-0.4456249999999995
2026-08-15 22:33:41.771,40.997,raise,-0.0737500000000002,-0.4918749999999994
2026-08-15 22:33:41.781,41.007,raise,0.08312500000000056,-0.4468749999999999
2026-08-15 22:33:41.791,41.017,raise,-0.07312499999999944,-0.47687499999999994
2026-08-15 22:33:41.801,41.027,raise,0.04375000000000018,-0.4656249999999995
2026-08-15 22:33:41.811,41.037,raise,0.06249999999999978,-0.4500000000000004
2026-08-15 22:33:41.821,41.047,raise,-0.0956250000000003,-0.49374999999999947
2026-08-15 22:33:41.831,41.057,raise,0.0824999999999998,-0.44749999999999956
2026-08-15 22:33:41.841,41.067,raise,-0.0956250000000003,-0.4806250000000001
2026-08-15 22:33:41.851,41.077,raise,0.03750000000000031,-0.4656249999999995
2026-08-15 22:33:41.861,41.087,raise,0.03750000000000031,-0.45062500000000005
2026-08-15 22:33:41.871,41.097,raise,-0.06687499999999957,-0.49437500000000023
2026-08-15 22:33:41.881,41.107,raise,0.07937500000000042,-0.4468749999999999
2026-08-15 22:33:41.891,41.117,raise,-0.07187500000000013,-0.4806250000000001
2026-08-15 22:33:41.901,41.127,raise,0.046875000000000666,-0.4712499999999997
2026-08-15 22:33:41.911,41.137,raise,0.06249999999999978,-0.4531249999999998
2026-08-15 22:33:41.921,41.147,raise,-0.08937500000000043,-0.4949999999999999
2026-08-15 22:33:41.931,41.157,raise,0.08562500000000028,-0.44875
2026-08-15 22:33:41.941,41.167,raise,-0.10000000000000009,-0.4849999999999999
2026-08-15 22:33:41.951,41.177,raise,0.03687500000000066,-0.46875
2026-08-15 22:33:41.961,41.187,raise,0.07500000000000062,-0.4543750000000002
2026-08-15 22:33:41.971,41.197,raise,-0.06624999999999992,-0.49250000000000016
2026-08-15 22:33:41.981,41.207,raise,0.0824999999999998,-0.45187499999999936
2026-08-15 22:33:41.991,41.217,raise,-0.07687499999999958,-0.48687499999999995
2026-08-15 22:33:42.001,41.227,raise,0.0506249999999997,-0.46499999999999986
2026-08-15 22:33:42.011,41.237,raise,0.056875000000000675,-0.4500000000000004
2026-08-15 22:33:42.021,41.247,raise,-0.08750000000000036,-0.49124999999999974
2026-08-15 22:33:42.031,41.257,raise,0.08624999999999994,-0.44499999999999984
2026-08-15 22:33:42.041,41.267,raise,-0.10624999999999996,-0.4800000000000004
2026-08-15 22:33:42.051,41.277,raise,0.03874999999999962,-0.4656249999999995
2026-08-15 22:33:42.061,41.287,raise,0.07000000000000006,-0.44749999999999956
2026-08-15 22:33:42.071,41.297,raise,-0.06624999999999992,-0.4931249999999998
2026-08-15 22:33:42.081,41.307,raise,0.08000000000000007,-0.44749999999999956
2026-08-15 22:33:42.091,41.317,raise,-0.08937500000000043,-0.47812500000000036
2026-08-15 22:33:42.101,41.327,raise,0.05249999999999977,-0.4643750000000002
2026-08-15 22:33:42.111,41.337,raise,0.053750000000000187,-0.44625000000000026
2026-08-15 22:33:42.121,41.347,raise,-0.08187500000000014,-0.4974999999999996
2026-08-15 22:33:42.131,41.357,raise,0.08062499999999972,-0.4443750000000002
2026-08-15 22:33:42.141,41.367,raise,-0.10499999999999954,-0.4831249999999998
2026-08-15 22:33:42.151,41.377,raise,0.04062499999999969,-0.47499999999999987
2026-08-15 22:33:42.161,41.387,raise,0.06937500000000041,-0.4468749999999999
2026-08-15 22:33:42.171,41.397,raise,-0.05437499999999984,-0.49687499999999996
2026-08-15 22:33:42.181,41.407,raise,0.08000000000000007,-0.4443750000000002
2026-08-15 22:33:42.191,41.417,raise,-0.09000000000000008,-0.48124999999999973
2026-08-15 22:33:42.201,41.427,raise,0.030000000000000027,-0.4712499999999997
2026-08-15 22:33:42.211,41.437,raise,0.04750000000000032,-0.4512499999999997
2026-08-15 22:33:42.221,41.447,raise,-0.07750000000000035,-0.4931249999999998
2026-08-15 22:33:42.231,41.457,raise,0.08062499999999972,-0.45062500000000005
2026-08-15 22:33:42.241,41.467,raise,-0.10874999999999968,-0.4843750000000002
2026-08-15 22:33:42.251,41.477,raise,0.043125000000000524,-0.46812500000000035
2026-08-15 22:33:42.261,41.487,raise,0.06812499999999999,-0.4531249999999998
2026-08-15 22:33:42.271,41.497,raise,-0.05312499999999942,-0.49374999999999947
2026-08-15 22:33:42.281,41.507,raise,0.0824999999999998,-0.4468749999999999
2026-08-15 22:33:42.291,41.517,raise,-0.09499999999999953,-0.4862500000000003
2026-08-15 22:33:42.301,41.527,raise,0.031250000000000444,-0.46812500000000035
2026-08-15 22:33:42.311,41.537,raise,0.04187500000000011,-0.45187499999999936
2026-08-15 22:33:42.321,41.547,raise,-0.07437499999999986,-0.4949999999999999
2026-08-15 22:33:42.331,41.557,raise,0.07750000000000035,-0.44812500000000033
2026-08-15 22:33:42.341,41.567,raise,-0.11249999999999982,-0.48124999999999973
2026-08-15 22:33:42.351,41.577,raise,0.04062499999999969,-0.4662500000000003
2026-08-15 22:33:42.361,41.587,raise,0.06750000000000034,-0.4500000000000004
2026-08-15 22:33:42.371,41.597,raise,-0.09312499999999946,-0.49437500000000023
2026-08-15 22:33:42.381,41.607,raise,0.08562500000000028,-0.4443750000000002
2026-08-15 22:33:42.391,41.617,raise,-0.09624999999999995,-0.4831249999999998
2026-08-15 22:33:42.401,41.627,raise,0.03750000000000031,-0.46062500000000006
2026-08-15 22:33:42.411,41.637,raise,0.03937500000000038,-0.44812500000000033
2026-08-15 22:33:42.421,41.647,raise,-0.06687499999999957,-0.4962500000000003
2026-08-15 22:33:42.431,41.657,raise,0.08624999999999994,-0.44625000000000026
2026-08-15 22:33:42.441,41.667,raise,-0.11249999999999982,-0.48374999999999946
2026-08-15 22:33:42.451,41.677,raise,0.050000000000000044,-0.4700000000000004
2026-08-15 22:33:42.461,41.687,raise,0.058749999999999636,-0.4512499999999997
2026-08-15 22:33:42.471,41.697,raise,-0.09437499999999988,-0.4962500000000003
2026-08-15 22:33:42.481,41.707,raise,0.08437499999999987,-0.44937499999999964
2026-08-15 22:33:42.491,41.717,raise,-0.09874999999999967,-0.4806250000000001
2026-08-15 22:33:42.501,41.727,raise,0.038124999999999964,-0.4662500000000003
2026-08-15 22:33:42.511,41.737,raise,0.030000000000000027,-0.4512499999999997
2026-08-15 22:33:42.521,41.747,raise,-0.06937500000000041,-0.49374999999999947
2026-08-15 22:33:42.531,41.757,raise,0.08062499999999972,-0.44812500000000033
2026-08-15 22:33:42.541,41.767,raise,-0.07937500000000042,-0.4849999999999999
2026-08-15 22:33:42.551,41.777,raise,0.050000000000000044,-0.46875
2026-08-15 22:33:42.561,41.787,raise,0.056875000000000675,-0.45374999999999943
2026-08-15 22:33:42.571,41.797,raise,-0.08624999999999994,-0.4962500000000003
2026-08-15 22:33:42.581,41.807,raise,0.07937500000000042,-0.44812500000000033
2026-08-15 22:33:42.591,41.817,raise,-0.10000000000000009,-0.4818749999999994
2026-08-15 22:33:42.601,41.827,raise,0.04125000000000045,-0.4643750000000002
2026-08-15 22:33:42.611,41.837,raise,0.07062499999999972,-0.45062500000000005
2026-08-15 22:33:42.621,41.847,raise,-0.06249999999999978,-0.48937499999999967
2026-08-15 22:33:42.631,41.857,raise,0.08187500000000014,-0.4456249999999995
2026-08-15 22:33:42.641,41.867,raise,-0.07750000000000035,-0.4806250000000001
2026-08-15 22:33:42.651,41.877,raise,0.0506249999999997,-0.4612499999999997
2026-08-15 22:33:42.661,41.887,raise,0.05750000000000033,-0.4500000000000004
2026-08-15 22:33:42.671,41.897,raise,-0.08124999999999938,-0.49374999999999947
2026-08-15 22:33:42.681,41.907,raise,0.08624999999999994,-0.4443750000000002
2026-08-15 22:33:42.691,41.917,raise,-0.10249999999999981,-0.48374999999999946
2026-08-15 22:33:42.701,41.927,raise,0.04062499999999969,-0.4731249999999998
2026-08-15 22:33:42.711,41.937,raise,0.07125000000000048,-0.44812500000000033
2026-08-15 22:33:42.721,41.947,raise,-0.05812499999999998,-0.49374999999999947
2026-08-15 22:33:42.731,41.957,raise,0.0824999999999998,-0.44312499999999977
2026-08-15 22:33:42.741,41.967,raise,-0.08874999999999966,-0.4800000000000004
2026-08-15 22:33:42.751,41.977,raise,0.053750000000000187,-0.46875
2026-08-15 22:33:42.761,41.987,raise,0.05125000000000046,-0.4512499999999997
2026-08-15 22:33:42.771,41.997,raise,-0.08124999999999938,-0.48937499999999967
2026-08-15 22:33:42.781,42.007,raise,0.07937500000000042,-0.44749999999999956
2026-08-15 22:33:42.791,42.017,raise,-0.1056250000000003,-0.48812500000000036
2026-08-15 22:33:42.801,42.027,raise,0.0462499999999999,-0.46812500000000035
2026-08-15 22:33:42.811,42.037,raise,0.07000000000000006,-0.44749999999999956
2026-08-15 22:33:42.821,42.047,raise,-0.05562500000000026,-0.49374999999999947
2026-08-15 22:33:42.831,42.057,raise,0.08062499999999972,-0.44937499999999964
2026-08-15 22:33:42.841,42.067,raise,-0.0924999999999998,-0.48875
2026-08-15 22:33:42.851,42.077,raise,0.03062499999999968,-0.4643750000000002
2026-08-15 22:33:42.861,42.087,raise,0.04562500000000025,-0.4500000000000004
2026-08-15 22:33:42.871,42.097,raise,-0.07312499999999944,-0.4918749999999994
2026-08-15 22:33:42.881,42.107,raise,0.08187500000000014,-0.44499999999999984
2026-08-15 22:33:42.891,42.117,raise,-0.1056250000000003,-0.47812500000000036
2026-08-15 22:33:42.901,42.127,raise,0.04874999999999963,-0.46250000000000013
2026-08-15 22:33:42.911,42.137,raise,0.0637500000000002,-0.44812500000000033
2026-08-15 22:33:42.921,42.147,raise,-0.04562500000000025,-0.49374999999999947
2026-08-15 22:33:42.931,42.157,raise,0.08312500000000056,-0.4443750000000002
2026-08-15 22:33:42.941,42.167,raise,-0.09375000000000022,-0.4774999999999996
2026-08-15 22:33:42.951,42.177,raise,0.035000000000000586,-0.45937499999999964
2026-08-15 22:33:42.961,42.187,raise,0.03624999999999989,-0.44875
2026-08-15 22:33:42.971,42.197,raise,-0.07187500000000013,-0.49124999999999974
2026-08-15 22:33:42.981,42.207,raise,0.08375000000000021,-0.4468749999999999
2026-08-15 22:33:42.991,42.217,raise,-0.10750000000000037,-0.4818749999999994
2026-08-15 22:33:43.001,42.227,raise,0.04937500000000039,-0.4656249999999995
2026-08-15 22:33:43.011,42.237,raise,0.06562500000000027,-0.4500000000000004
2026-08-15 22:33:43.021,42.247,raise,-0.09124999999999939,-0.4906250000000001
2026-08-15 22:33:43.031,42.257,raise,0.08312500000000056,-0.44812500000000033
2026-08-15 22:33:43.041,42.267,raise,-0.09437499999999988,-0.48374999999999946
2026-08-15 22:33:43.051,42.277,raise,0.03562500000000024,-0.46499999999999986
2026-08-15 22:33:43.061,42.287,raise,0.033125000000000515,-0.4468749999999999
2026-08-15 22:33:43.071,42.297,raise,-0.06750000000000034,-0.49124999999999974
2026-08-15 22:33:43.081,42.307,raise,0.08062499999999972,-0.4443750000000002
2026-08-15 22:33:43.091,42.317,raise,-0.11312499999999948,-0.4862500000000003
2026-08-15 22:33:43.101,42.327,raise,0.0462499999999999,-0.46499999999999986
2026-08-15 22:33:43.111,42.337,raise,0.06312500000000054,-0.44625000000000026
2026-08-15 22:33:43.121,42.347,raise,-0.09000000000000008,-0.4899999999999993
2026-08-15 22:33:43.131,42.357,raise,0.08437499999999987,-0.44625000000000026
2026-08-15 22:33:43.141,42.367,raise,-0.1012499999999994,-0.47812500000000036
2026-08-15 22:33:43.151,42.377,raise,0.04062499999999969,-0.46062500000000006
2026-08-15 22:33:43.161,42.387,raise,0.02874999999999961,-0.44499999999999984
2026-08-15 22:33:43.171,42.397,raise,-0.06437499999999985,-0.49437500000000023
2026-08-15 22:33:43.181,42.407,raise,0.08312500000000056,-0.4443750000000002
2026-08-15 22:33:43.191,42.417,raise,-0.08124999999999938,-0.48374999999999946
2026-08-15 22:33:43.201,42.427,raise,0.0506249999999997,-0.46187499999999937
2026-08-15 22:33:43.211,42.437,raise,0.05437499999999984,-0.44875
2026-08-15 22:33:43.221,42.447,raise,-0.08437499999999987,-0.49374999999999947
2026-08-15 22:33:43.231,42.457,raise,0.0824999999999998,-0.44749999999999956
2026-08-15 22:33:43.241,42.467,raise,-0.10249999999999981,-0.48250000000000015
2026-08-15 22:33:43.251,42.477,raise,0.04375000000000018,-0.4700000000000004
2026-08-15 22:33:43.261,42.487,raise,0.06937500000000041,-0.4531249999999998
2026-08-15 22:33:43.271,42.497,raise,-0.05812499999999998,-0.49437500000000023
2026-08-15 22:33:43.281,42.507,raise,0.08312500000000056,-0.44875
2026-08-15 22:33:43.291,42.517,raise,-0.08874999999999966,-0.4906250000000001
2026-08-15 22:33:43.301,42.527,raise,0.050000000000000044,-0.4674999999999996
2026-08-15 22:33:43.311,42.537,raise,0.04937500000000039,-0.45499999999999985
2026-08-15 22:33:43.321,42.547,raise,-0.08062499999999972,-0.49562499999999954
2026-08-15 22:33:43.331,42.557,raise,0.08375000000000021,-0.4512499999999997
2026-08-15 22:33:43.341,42.567,raise,-0.10312499999999947,-0.48875
2026-08-15 22:33:43.351,42.577,raise,0.04562500000000025,-0.46875
2026-08-15 22:33:43.361,42.587,raise,0.07312500000000055,-0.44812500000000033
2026-08-15 22:33:43.371,42.597,raise,-0.05437499999999984,-0.4931249999999998
2026-08-15 22:33:43.381,42.607,raise,0.08312500000000056,-0.44812500000000033
2026-08-15 22:33:43.391,42.617,raise,-0.08375000000000021,-0.48250000000000015
2026-08-15 22:33:43.401,42.627,raise,0.05437499999999984,-0.46499999999999986
2026-08-15 22:33:43.411,42.637,raise,0.04874999999999963,-0.45062500000000005
2026-08-15 22:33:43.421,42.647,raise,-0.07499999999999951,-0.49374999999999947
2026-08-15 22:33:43.431,42.657,raise,0.08062499999999972,-0.4468749999999999
2026-08-15 22:33:43.441,42.667,raise,-0.10499999999999954,-0.48250000000000015
2026-08-15 22:33:43.451,42.677,raise,0.04562500000000025,-0.46187499999999937
2026-08-15 22:33:43.461,42.687,raise,0.06750000000000034,-0.4500000000000004
2026-08-15 22:33:43.471,42.697,raise,-0.0506249999999997,-0.4962500000000003
2026-08-15 22:33:43.481,42.707,raise,0.08437499999999987,-0.44312499999999977
2026-08-15 22:33:43.491,42.717,raise,-0.09312499999999946,-0.48250000000000015
2026-08-15 22:33:43.501,42.727,raise,0.05437499999999984,-0.4731249999999998
2026-08-15 22:33:43.511,42.737,raise,0.04562500000000025,-0.45062500000000005
2026-08-15 22:33:43.521,42.747,raise,-0.0737500000000002,-0.49562499999999954
2026-08-15 22:33:43.531,42.757,raise,0.0824999999999998,-0.4412499999999997
2026-08-15 22:33:43.541,42.767,raise,-0.10750000000000037,-0.48562499999999953
2026-08-15 22:33:43.551,42.777,raise,0.0462499999999999,-0.4712499999999997
2026-08-15 22:33:43.561,42.787,raise,0.07000000000000006,-0.4525000000000001
2026-08-15 22:33:43.571,42.797,raise,-0.04437499999999983,-0.49374999999999947
2026-08-15 22:33:43.581,42.807,raise,0.08562500000000028,-0.45187499999999936
2026-08-15 22:33:43.591,42.817,raise,-0.09937499999999932,-0.48937499999999967
2026-08-15 22:33:43.601,42.827,raise,0.035000000000000586,-0.4662500000000003
2026-08-15 22:33:43.611,42.837,raise,0.03375000000000017,-0.45062500000000005
2026-08-15 22:33:43.621,42.847,raise,-0.06874999999999964,-0.49124999999999974
2026-08-15 22:33:43.631,42.857,raise,0.08500000000000063,-0.44812500000000033
2026-08-15 22:33:43.641,42.867,raise,-0.11375000000000024,-0.48562499999999953
2026-08-15 22:33:43.651,42.877,raise,0.0506249999999997,-0.46374999999999944
2026-08-15 22:33:43.661,42.887,raise,0.0637500000000002,-0.44875
2026-08-15 22:33:43.671,42.897,raise,-0.09437499999999988,-0.49250000000000016
2026-08-15 22:33:43.681,42.907,raise,0.08500000000000063,-0.44625000000000026
2026-08-15 22:33:43.691,42.917,raise,-0.09312499999999946,-0.4774999999999996
2026-08-15 22:33:43.701,42.927,raise,0.03750000000000031,-0.46062500000000006
2026-08-15 22:33:43.711,42.937,raise,0.031250000000000444,-0.45187499999999936
2026-08-15 22:33:43.721,42.947,raise,-0.06750000000000034,-0.49687499999999996
2026-08-15 22:33:43.731,42.957,raise,0.08375000000000021,-0.4456249999999995
2026-08-15 22:33:43.741,42.967,raise,-0.11062499999999975,-0.4800000000000004
2026-08-15 22:33:43.751,42.977,raise,0.051875000000000115,-0.4600000000000004
2026-08-15 22:33:43.761,42.987,raise,0.05750000000000033,-0.45062500000000005
2026-08-15 22:33:43.771,42.997,raise,-0.08687499999999959,-0.49374999999999947
2026-08-15 22:33:43.781,43.007,raise,0.08375000000000021,-0.44312499999999977
2026-08-15 22:33:43.791,43.017,raise,-0.0956250000000003,-0.48687499999999995
2026-08-15 22:33:43.801,43.027,raise,0.03874999999999962,-0.47062500000000007
2026-08-15 22:33:43.811,43.037,raise,0.029375000000000373,-0.45625000000000027
2026-08-15 22:33:43.821,43.047,raise,-0.061875000000000124,-0.4974999999999996
2026-08-15 22:33:43.831,43.057,raise,0.08312500000000056,-0.45062500000000005
2026-08-15 22:33:43.841,43.067,raise,-0.07874999999999965,-0.48687499999999995
2026-08-15 22:33:43.851,43.077,raise,0.04937500000000039,-0.47062500000000007
2026-08-15 22:33:43.861,43.087,raise,0.053750000000000187,-0.4543750000000002
2026-08-15 22:33:43.871,43.097,raise,-0.08000000000000007,-0.4931249999999998
2026-08-15 22:33:43.881,43.107,raise,0.08375000000000021,-0.44749999999999956
2026-08-15 22:33:43.891,43.117,raise,-0.0956250000000003,-0.4862500000000003
2026-08-15 22:33:43.901,43.127,raise,0.04187500000000011,-0.46687499999999993
2026-08-15 22:33:43.911,43.137,raise,0.07500000000000062,-0.4468749999999999
2026-08-15 22:33:43.921,43.147,raise,-0.05624999999999991,-0.4931249999999998
2026-08-15 22:33:43.931,43.157,raise,0.08562500000000028,-0.44749999999999956
2026-08-15 22:33:43.941,43.167,raise,-0.08000000000000007,-0.4806250000000001
2026-08-15 22:33:43.951,43.177,raise,0.05437499999999984,-0.46374999999999944
2026-08-15 22:33:43.961,43.187,raise,0.055000000000000604,-0.45062500000000005
2026-08-15 22:33:43.971,43.197,raise,-0.07937500000000042,-0.48812500000000036
2026-08-15 22:33:43.981,43.207,raise,0.08687499999999959,-0.44749999999999956
2026-08-15 22:33:43.991,43.217,raise,-0.10249999999999981,-0.48124999999999973
2026-08-15 22:33:44.001,43.227,raise,0.045000000000000595,-0.46062500000000006
2026-08-15 22:33:44.011,43.237,raise,0.0737500000000002,-0.44937499999999964
2026-08-15 22:33:44.021,43.247,raise,-0.050000000000000044,-0.49250000000000016
2026-08-15 22:33:44.031,43.257,raise,0.08562500000000028,-0.44625000000000026
2026-08-15 22:33:44.041,43.267,raise,-0.08687499999999959,-0.48812500000000036
2026-08-15 22:33:44.051,43.277,raise,0.05437499999999984,-0.4700000000000004
2026-08-15 22:33:44.061,43.287,raise,0.04812499999999997,-0.45374999999999943
2026-08-15 22:33:44.071,43.297,raise,-0.07874999999999965,-0.49437500000000023
2026-08-15 22:33:44.081,43.307,raise,0.078125,-0.44875
2026-08-15 22:33:44.091,43.317,raise,-0.1100000000000001,-0.48562499999999953
2026-08-15 22:33:44.101,43.327,raise,0.04812499999999997,-0.47062500000000007
2026-08-15 22:33:44.111,43.337,raise,0.06937500000000041,-0.45499999999999985
2026-08-15 22:33:44.121,43.347,raise,-0.046874999999999556,-0.4949999999999999
2026-08-15 22:33:44.131,43.357,raise,0.08500000000000063,-0.44625000000000026
2026-08-15 22:33:44.141,43.367,raise,-0.08812500000000001,-0.48875
2026-08-15 22:33:44.151,43.377,raise,0.05624999999999991,-0.46499999999999986
2026-08-15 22:33:44.161,43.387,raise,0.04249999999999976,-0.44812500000000033
2026-08-15 22:33:44.171,43.397,raise,-0.06937500000000041,-0.4918749999999994
2026-08-15 22:33:44.181,43.407,raise,0.08125000000000049,-0.44875
2026-08-15 22:33:44.191,43.417,raise,-0.10687499999999961,-0.47937499999999966
2026-08-15 22:33:44.201,43.427,raise,0.04750000000000032,-0.4643750000000002
2026-08-15 22:33:44.211,43.437,raise,0.06562500000000027,-0.44937499999999964
2026-08-15 22:33:44.221,43.447,raise,-0.044999999999999485,-0.49124999999999974
2026-08-15 22:33:44.231,43.457,raise,0.0824999999999998,-0.44625000000000026
2026-08-15 22:33:44.241,43.467,raise,-0.08750000000000036,-0.4818749999999994
2026-08-15 22:33:44.251,43.477,raise,0.03624999999999989,-0.46187499999999937
2026-08-15 22:33:44.261,43.487,raise,0.04249999999999976,-0.44749999999999956
2026-08-15 22:33:44.271,43.497,raise,-0.0649999999999995,-0.4974999999999996
2026-08-15 22:33:44.281,43.507,raise,0.0824999999999998,-0.4468749999999999
2026-08-15 22:33:44.291,43.517,raise,-0.1112499999999994,-0.48124999999999973
2026-08-15 22:33:44.301,43.527,raise,0.04562500000000025,-0.47374999999999945
2026-08-15 22:33:44.311,43.537,raise,0.06437499999999985,-0.4531249999999998
2026-08-15 22:33:44.321,43.547,raise,-0.09312499999999946,-0.4993749999999997
2026-08-15 22:33:44.331,43.557,raise,0.08812500000000001,-0.4500000000000004
2026-08-15 22:33:44.341,43.567,raise,-0.09812500000000002,-0.4874999999999996
2026-08-15 22:33:44.351,43.577,raise,0.040000000000000036,-0.46687499999999993
2026-08-15 22:33:44.361,43.587,raise,0.03437499999999982,-0.4512499999999997
2026-08-15 22:33:44.371,43.597,raise,-0.06687499999999957,-0.49374999999999947
2026-08-15 22:33:44.381,43.607,raise,0.08624999999999994,-0.4468749999999999
2026-08-15 22:33:44.391,43.617,raise,-0.11062499999999975,-0.4906250000000001
2026-08-15 22:33:44.401,43.627,raise,0.04937500000000039,-0.46875
2026-08-15 22:33:44.411,43.637,raise,0.06125000000000047,-0.4525000000000001
2026-08-15 22:33:44.421,43.647,raise,-0.08312499999999945,-0.4918749999999994
2026-08-15 22:33:44.431,43.657,raise,0.08562500000000028,-0.4456249999999995
2026-08-15 22:33:44.441,43.667,raise,-0.10000000000000009,-0.4874999999999996
2026-08-15 22:33:44.451,43.677,raise,0.04437499999999983,-0.46187499999999937
2026-08-15 22:33:44.461,43.687,raise,0.030000000000000027,-0.4500000000000004
2026-08-15 22:33:44.471,43.697,raise,-0.0593750000000004,-0.4931249999999998
2026-08-15 22:33:44.481,43.707,raise,0.08125000000000049,-0.4437499999999994
2026-08-15 22:33:44.491,43.717,raise,-0.07874999999999965,-0.47687499999999994
2026-08-15 22:33:44.501,43.727,raise,0.05437499999999984,-0.46187499999999937
2026-08-15 22:33:44.511,43.737,raise,0.05562500000000026,-0.44875
2026-08-15 22:33:44.521,43.747,raise,-0.08000000000000007,-0.49687499999999996
2026-08-15 22:33:44.531,43.757,raise,0.08562500000000028,-0.44499999999999984
2026-08-15 22:33:44.541,43.767,raise,-0.10000000000000009,-0.48250000000000015
2026-08-15 22:33:44.551,43.777,raise,0.04375000000000018,-0.4612499999999997
2026-08-15 22:33:44.561,43.787,raise,0.02187500000000009,-0.4500000000000004
2026-08-15 22:33:44.571,43.797,raise,-0.05624999999999991,-0.49687499999999996
2026-08-15 22:33:44.581,43.807,raise,0.08375000000000021,-0.44499999999999984
2026-08-15 22:33:44.591,43.817,raise,-0.08937500000000043,-0.48374999999999946
2026-08-15 22:33:44.601,43.827,raise,0.053750000000000187,-0.46937499999999965
2026-08-15 22:33:44.611,43.837,raise,0.0506249999999997,-0.45062500000000005
2026-08-15 22:33:44.621,43.847,raise,-0.08000000000000007,-0.49374999999999947
2026-08-15 22:33:44.631,43.857,raise,0.08500000000000063,-0.4512499999999997
2026-08-15 22:33:44.641,43.867,raise,-0.09874999999999967,-0.4849999999999999
2026-08-15 22:33:44.651,43.877,raise,0.045000000000000595,-0.46687499999999993
2026-08-15 22:33:44.661,43.887,raise,0.07062499999999972,-0.4531249999999998
2026-08-15 22:33:44.671,43.897,raise,-0.050000000000000044,-0.48937499999999967
2026-08-15 22:33:44.681,43.907,raise,0.08375000000000021,-0.45062500000000005
2026-08-15 22:33:44.691,43.917,raise,-0.08375000000000021,-0.4862500000000003
2026-08-15 22:33:44.701,43.927,raise,0.05562500000000026,-0.4631249999999998
2026-08-15 22:33:44.711,43.937,raise,0.04874999999999963,-0.4512499999999997
2026-08-15 22:33:44.721,43.947,raise,-0.0737500000000002,-0.4899999999999993
2026-08-15 22:33:44.731,43.957,raise,0.07750000000000035,-0.4468749999999999
2026-08-15 22:33:44.741,43.967,raise,-0.10375000000000023,-0.4800000000000004
2026-08-15 22:33:44.751,43.977,raise,0.04562500000000025,-0.45875
2026-08-15 22:33:44.761,43.987,raise,0.06812499999999999,-0.44875
2026-08-15 22:33:44.771,43.997,raise,-0.04874999999999963,-0.4906250000000001
2026-08-15 22:33:44.781,44.007,raise,0.08624999999999994,-0.4468749999999999
2026-08-15 22:33:44.791,44.017,raise,-0.09000000000000008,-0.48250000000000015
2026-08-15 22:33:44.801,44.027,raise,0.05812499999999998,-0.46062500000000006
2026-08-15 22:33:44.811,44.037,raise,0.04187500000000011,-0.4525000000000001
2026-08-15 22:33:44.821,44.047,raise,-0.07124999999999937,-0.4949999999999999
2026-08-15 22:33:44.831,44.057,raise,0.0824999999999998,-0.44812500000000033
2026-08-15 22:33:44.841,44.067,raise,-0.10937499999999933,-0.48374999999999946
2026-08-15 22:33:44.851,44.077,raise,0.046875000000000666,-0.47062500000000007
2026-08-15 22:33:44.861,44.087,raise,0.0637500000000002,-0.4500000000000004
2026-08-15 22:33:44.871,44.097,raise,-0.04375000000000018,-0.4962500000000003
2026-08-15 22:33:44.881,44.107,raise,0.08562500000000028,-0.44499999999999984
2026-08-15 22:33:44.891,44.117,raise,-0.0924999999999998,-0.4862500000000003
2026-08-15 22:33:44.901,44.127,raise,0.03687500000000066,-0.4674999999999996
2026-08-15 22:33:44.911,44.137,raise,0.040000000000000036,-0.4531249999999998
2026-08-15 22:33:44.921,44.147,raise,-0.061875000000000124,-0.4962500000000003
2026-08-15 22:33:44.931,44.157,raise,0.08500000000000063,-0.44875
2026-08-15 22:33:44.941,44.167,raise,-0.10937499999999933,-0.4849999999999999
2026-08-15 22:33:44.951,44.177,raise,0.05249999999999977,-0.4656249999999995
2026-08-15 22:33:44.961,44.187,raise,0.058749999999999636,-0.4525000000000001
2026-08-15 22:33:44.971,44.197,raise,-0.03687499999999955,-0.49562499999999954
2026-08-15 22:33:44.981,44.207,raise,0.08187500000000014,-0.45187499999999936
2026-08-15 22:33:44.991,44.217,raise,-0.0956250000000003,-0.48875
2026-08-15 22:33:45.001,44.227,raise,0.04187500000000011,-0.46250000000000013
2026-08-15 22:33:45.011,44.237,raise,0.03249999999999975,-0.45187499999999936
2026-08-15 22:33:45.021,44.247,raise,-0.061875000000000124,-0.4899999999999993
2026-08-15 22:33:45.031,44.257,raise,0.08437499999999987,-0.44875
2026-08-15 22:33:45.041,44.267,raise,-0.11062499999999975,-0.48250000000000015
2026-08-15 22:33:45.051,44.277,raise,0.0506249999999997,-0.46250000000000013
2026-08-15 22:33:45.061,44.287,raise,0.05750000000000033,-0.4543750000000002
2026-08-15 22:33:45.071,44.297,raise,-0.08687499999999959,-0.4993749999999997
2026-08-15 22:33:45.081,44.307,raise,0.08312500000000056,-0.44812500000000033
2026-08-15 22:33:45.091,44.317,raise,-0.09937499999999932,-0.4849999999999999
2026-08-15 22:33:45.101,44.327,raise,0.040000000000000036,-0.4731249999999998
2026-08-15 22:33:45.111,44.337,raise,0.026249999999999885,-0.45187499999999936
2026-08-15 22:33:45.121,44.347,raise,-0.056874999999999565,-0.4962500000000003
2026-08-15 22:33:45.131,44.357,raise,0.08125000000000049,-0.4456249999999995
2026-08-15 22:33:45.141,44.367,raise,-0.0824999999999998,-0.4849999999999999
2026-08-15 22:33:45.151,44.377,raise,0.05312500000000053,-0.4712499999999997
2026-08-15 22:33:45.161,44.387,raise,0.05562500000000026,-0.45812500000000034
2026-08-15 22:33:45.171,44.397,raise,-0.08000000000000007,-0.49374999999999947
2026-08-15 22:33:45.181,44.407,raise,0.08312500000000056,-0.44812500000000033
2026-08-15 22:33:45.191,44.417,raise,-0.1012499999999994,-0.48812500000000036
2026-08-15 22:33:45.201,44.427,raise,0.03937500000000038,-0.46812500000000035
2026-08-15 22:33:45.211,44.437,raise,0.01687500000000064,-0.4525000000000001
2026-08-15 22:33:45.221,44.447,raise,-0.056874999999999565,-0.4974999999999996
2026-08-15 22:33:45.231,44.457,raise,0.08125000000000049,-0.44875
2026-08-15 22:33:45.241,44.467,raise,-0.08624999999999994,-0.49250000000000016
2026-08-15 22:33:45.251,44.477,raise,0.05562500000000026,-0.46687499999999993
2026-08-15 22:33:45.261,44.487,raise,0.0506249999999997,-0.45374999999999943
2026-08-15 22:33:45.271,44.497,raise,-0.07687499999999958,-0.49437500000000023
2026-08-15 22:33:45.281,44.507,raise,0.08812500000000001,-0.44625000000000026
2026-08-15 22:33:45.291,44.517,raise,-0.10437499999999988,-0.48124999999999973
2026-08-15 22:33:45.301,44.527,raise,0.0462499999999999,-0.46374999999999944
2026-08-15 22:33:45.311,44.537,raise,0.06812499999999999,-0.4531249999999998
2026-08-15 22:33:45.321,44.547,raise,-0.050000000000000044,-0.49562499999999954
2026-08-15 22:33:45.331,44.557,raise,0.0824999999999998,-0.4500000000000004
2026-08-15 22:33:45.341,44.567,raise,-0.09062499999999973,-0.48875
2026-08-15 22:33:45.351,44.577,raise,0.058749999999999636,-0.46374999999999944
2026-08-15 22:33:45.361,44.587,raise,0.04375000000000018,-0.45499999999999985
2026-08-15 22:33:45.371,44.597,raise,-0.07124999999999937,-0.49687499999999996
2026-08-15 22:33:45.381,44.607,raise,0.08437499999999987,-0.44625000000000026
2026-08-15 22:33:45.391,44.617,raise,-0.10499999999999954,-0.4862500000000003
2026-08-15 22:33:45.401,44.627,raise,0.050000000000000044,-0.46812500000000035
2026-08-15 22:33:45.411,44.637,raise,0.06562500000000027,-0.45499999999999985
2026-08-15 22:33:45.421,44.647,raise,-0.043124999999999414,-0.4981250000000004
2026-08-15 22:33:45.431,44.657,raise,0.08375000000000021,-0.45062500000000005
2026-08-15 22:33:45.441,44.667,raise,-0.0924999999999998,-0.48812500000000036
2026-08-15 22:33:45.451,44.677,raise,0.05812499999999998,-0.4700000000000004
2026-08-15 22:33:45.461,44.687,raise,0.03687500000000066,-0.45499999999999985
2026-08-15 22:33:45.471,44.697,raise,-0.06624999999999992,-0.4918749999999994
2026-08-15 22:33:45.481,44.707,raise,0.07937500000000042,-0.44625000000000026
2026-08-15 22:33:45.491,44.717,raise,-0.10437499999999988,-0.49124999999999974
2026-08-15 22:33:45.501,44.727,raise,0.046875000000000666,-0.46374999999999944
2026-08-15 22:33:45.511,44.737,raise,0.0637500000000002,-0.45187499999999936
2026-08-15 22:33:45.521,44.747,raise,-0.040000000000000036,-0.4906250000000001
2026-08-15 22:33:45.531,44.757,raise,0.08375000000000021,-0.44312499999999977
2026-08-15 22:33:45.541,44.767,raise,-0.09499999999999953,-0.48124999999999973
2026-08-15 22:33:45.551,44.777,raise,0.035000000000000586,-0.46062500000000006
2026-08-15 22:33:45.561,44.787,raise,0.03437499999999982,-0.4525000000000001
2026-08-15 22:33:45.571,44.797,raise,-0.06624999999999992,-0.4962500000000003
2026-08-15 22:33:45.581,44.807,raise,0.08187500000000014,-0.45062500000000005
2026-08-15 22:33:45.591,44.817,raise,-0.11249999999999982,-0.4831249999999998
2026-08-15 22:33:45.601,44.827,raise,0.04750000000000032,-0.46374999999999944
2026-08-15 22:33:45.611,44.837,raise,0.06249999999999978,-0.4500000000000004
2026-08-15 22:33:45.621,44.847,raise,-0.03624999999999989,-0.49374999999999947
2026-08-15 22:33:45.631,44.857,raise,0.08437499999999987,-0.44875
2026-08-15 22:33:45.641,44.867,raise,-0.09624999999999995,-0.48250000000000015
2026-08-15 22:33:45.651,44.877,raise,0.03874999999999962,-0.46875
2026-08-15 22:33:45.661,44.887,raise,0.02562500000000023,-0.4525000000000001
2026-08-15 22:33:45.671,44.897,raise,-0.06312499999999943,-0.49562499999999954
2026-08-15 22:33:45.681,44.907,raise,0.08437499999999987,-0.44749999999999956
2026-08-15 22:33:45.691,44.917,raise,-0.11375000000000024,-0.4843750000000002
2026-08-15 22:33:45.701,44.927,raise,0.053750000000000187,-0.46499999999999986
2026-08-15 22:33:45.711,44.937,raise,0.05624999999999991,-0.4543750000000002
2026-08-15 22:33:45.721,44.947,raise,-0.08812500000000001,-0.49250000000000016
2026-08-15 22:33:45.731,44.957,raise,0.08312500000000056,-0.44812500000000033
2026-08-15 22:33:45.741,44.967,raise,-0.1012499999999994,-0.48875
2026-08-15 22:33:45.751,44.977,raise,0.04249999999999976,-0.46250000000000013
2026-08-15 22:33:45.761,44.987,raise,0.02375000000000016,-0.44812500000000033
2026-08-15 22:33:45.771,44.997,raise,-0.05812499999999998,-0.4906250000000001
2026-08-15 22:33:45.781,45.007,raise,0.08187500000000014,-0.44875
2026-08-15 22:33:45.791,45.017,raise,-0.08624999999999994,-0.4806250000000001
2026-08-15 22:33:45.801,45.027,raise,0.05312500000000053,-0.46499999999999986
2026-08-15 22:33:45.811,45.037,raise,0.04874999999999963,-0.45374999999999943
2026-08-15 22:33:45.821,45.047,raise,-0.07687499999999958,-0.4931249999999998
2026-08-15 22:33:45.831,45.057,raise,0.0824999999999998,-0.44812500000000033
2026-08-15 22:33:45.841,45.067,raise,-0.10687499999999961,-0.48250000000000015
2026-08-15 22:33:45.851,45.077,raise,0.04375000000000018,-0.4631249999999998
2026-08-15 22:33:45.861,45.087,raise,0.019375000000000364,-0.4512499999999997
2026-08-15 22:33:45.871,45.097,raise,-0.05124999999999935,-0.4949999999999999
2026-08-15 22:33:45.881,45.107,raise,0.08062499999999972,-0.44812500000000033
2026-08-15 22:33:45.891,45.117,raise,-0.08812500000000001,-0.48250000000000015
2026-08-15 22:33:45.901,45.127,raise,0.05624999999999991,-0.45937499999999964
2026-08-15 22:33:45.911,45.137,raise,0.046875000000000666,-0.4500000000000004
2026-08-15 22:33:45.921,45.147,raise,-0.07499999999999951,-0.4962500000000003
2026-08-15 22:33:45.931,45.157,raise,0.08125000000000049,-0.44499999999999984
2026-08-15 22:33:45.941,45.167,raise,-0.10187500000000016,-0.4849999999999999
2026-08-15 22:33:45.951,45.177,raise,0.045000000000000595,-0.4674999999999996
2026-08-15 22:33:45.961,45.187,raise,0.06624999999999992,-0.4512499999999997
2026-08-15 22:33:45.971,45.197,raise,-0.050000000000000044,-0.49374999999999947
2026-08-15 22:33:45.981,45.207,raise,0.08125000000000049,-0.45062500000000005
2026-08-15 22:33:45.991,45.217,raise,-0.0924999999999998,-0.4899999999999993
2026-08-15 22:33:46.001,45.227,raise,0.055000000000000604,-0.4662500000000003
2026-08-15 22:33:46.011,45.237,raise,0.04249999999999976,-0.44937499999999964
2026-08-15 22:33:46.021,45.247,raise,-0.07124999999999937,-0.49124999999999974
2026-08-15 22:33:46.031,45.257,raise,0.08312500000000056,-0.4468749999999999
2026-08-15 22:33:46.041,45.267,raise,-0.1056250000000003,-0.48937499999999967
2026-08-15 22:33:46.051,45.277,raise,0.04437499999999983,-0.4643750000000002
2026-08-15 22:33:46.061,45.287,raise,0.0637500000000002,-0.45499999999999985
2026-08-15 22:33:46.071,45.297,raise,-0.04874999999999963,-0.4918749999999994
2026-08-15 22:33:46.081,45.307,raise,0.08312500000000056,-0.44937499999999964
2026-08-15 22:33:46.091,45.317,raise,-0.09937499999999932,-0.4831249999999998
2026-08-15 22:33:46.101,45.327,raise,0.0593750000000004,-0.46250000000000013
2026-08-15 22:33:46.111,45.337,raise,0.03624999999999989,-0.45374999999999943
2026-08-15 22:33:46.121,45.347,raise,-0.07124999999999937,-0.5012499999999998
2026-08-15 22:33:46.131,45.357,raise,0.08062499999999972,-0.4468749999999999
2026-08-15 22:33:46.141,45.367,raise,-0.11375000000000024,-0.4849999999999999
2026-08-15 22:33:46.151,45.377,raise,0.0506249999999997,-0.4574999999999996
2026-08-15 22:33:46.161,45.387,raise,0.06437499999999985,-0.4500000000000004
2026-08-15 22:33:46.171,45.397,raise,-0.040000000000000036,-0.49437500000000023
2026-08-15 22:33:46.181,45.407,raise,0.08187500000000014,-0.44499999999999984
2026-08-15 22:33:46.191,45.417,raise,-0.09937499999999932,-0.4862500000000003
2026-08-15 22:33:46.201,45.427,raise,0.0318750000000001,-0.47062500000000007
2026-08-15 22:33:46.211,45.437,raise,0.026249999999999885,-0.4543750000000002
2026-08-15 22:33:46.221,45.447,raise,-0.07000000000000006,-0.49250000000000016
2026-08-15 22:33:46.231,45.457,raise,0.08062499999999972,-0.45062500000000005
2026-08-15 22:33:46.241,45.467,raise,-0.11312499999999948,-0.4899999999999993
2026-08-15 22:33:46.251,45.477,raise,0.050000000000000044,-0.46812500000000035
2026-08-15 22:33:46.261,45.487,raise,0.0593750000000004,-0.4556249999999995
2026-08-15 22:33:46.271,45.497,raise,-0.03562500000000024,-0.49437500000000023
2026-08-15 22:33:46.281,45.507,raise,0.08500000000000063,-0.44812500000000033
2026-08-15 22:33:46.291,45.517,raise,-0.09812500000000002,-0.4899999999999993
2026-08-15 22:33:46.301,45.527,raise,0.03624999999999989,-0.46374999999999944
2026-08-15 22:33:46.311,45.537,raise,0.027500000000000302,-0.4531249999999998
2026-08-15 22:33:46.321,45.547,raise,-0.06562500000000027,-0.4931249999999998
2026-08-15 22:33:46.331,45.557,raise,0.078125,-0.44937499999999964
2026-08-15 22:33:46.341,45.567,raise,-0.11750000000000038,-0.48562499999999953
2026-08-15 22:33:46.351,45.577,raise,0.04874999999999963,-0.46250000000000013
2026-08-15 22:33:46.361,45.587,raise,0.05562500000000026,-0.4525000000000001
2026-08-15 22:33:46.371,45.597,raise,-0.0824999999999998,-0.48937499999999967
2026-08-15 22:33:46.381,45.607,raise,0.08312500000000056,-0.4456249999999995
2026-08-15 22:33:46.391,45.617,raise,-0.10000000000000009,-0.4831249999999998
2026-08-15 22:33:46.401,45.627,raise,0.038124999999999964,-0.45937499999999964
2026-08-15 22:33:46.411,45.637,raise,0.024374999999999813,-0.4531249999999998
2026-08-15 22:33:46.421,45.647,raise,-0.06249999999999978,-0.4962500000000003
2026-08-15 22:33:46.431,45.657,raise,0.08187500000000014,-0.4443750000000002
2026-08-15 22:33:46.441,45.667,raise,-0.11312499999999948,-0.48562499999999953
2026-08-15 22:33:46.451,45.677,raise,0.04937500000000039,-0.4712499999999997
2026-08-15 22:33:46.461,45.687,raise,0.050000000000000044,-0.4543750000000002
2026-08-15 22:33:46.471,45.697,raise,-0.07937500000000042,-0.4962500000000003
2026-08-15 22:33:46.481,45.707,raise,0.08312500000000056,-0.44499999999999984
2026-08-15 22:33:46.491,45.717,raise,-0.10437499999999988,-0.48562499999999953
2026-08-15 22:33:46.501,45.727,raise,0.04562500000000025,-0.4674999999999996
2026-08-15 22:33:46.511,45.737,raise,0.022499999999999742,-0.4556249999999995
2026-08-15 22:33:46.521,45.747,raise,-0.058749999999999636,-0.4962500000000003
2026-08-15 22:33:46.531,45.757,raise,0.08375000000000021,-0.44937499999999964
2026-08-15 22:33:46.541,45.767,raise,-0.08937500000000043,-0.4906250000000001
2026-08-15 22:33:46.551,45.777,raise,0.05312500000000053,-0.4662500000000003
2026-08-15 22:33:46.561,45.787,raise,0.04062499999999969,-0.45187499999999936
2026-08-15 22:33:46.571,45.797,raise,-0.08187500000000014,-0.49437500000000023
2026-08-15 22:33:46.581,45.807,raise,0.08125000000000049,-0.45062500000000005
2026-08-15 22:33:46.591,45.817,raise,-0.10874999999999968,-0.49124999999999974
2026-08-15 22:33:46.601,45.827,raise,0.045000000000000595,-0.4656249999999995
2026-08-15 22:33:46.611,45.837,raise,0.06437499999999985,-0.45062500000000005
2026-08-15 22:33:46.621,45.847,raise,-0.050000000000000044,-0.4918749999999994
2026-08-15 22:33:46.631,45.857,raise,0.08562500000000028,-0.44875
2026-08-15 22:33:46.641,45.867,raise,-0.09124999999999939,-0.48124999999999973
2026-08-15 22:33:46.651,45.877,raise,0.05750000000000033,-0.46250000000000013
2026-08-15 22:33:46.661,45.887,raise,0.04125000000000045,-0.45187499999999936
2026-08-15 22:33:46.671,45.897,raise,-0.07187500000000013,-0.49437500000000023
2026-08-15 22:33:46.681,45.907,raise,0.07937500000000042,-0.44625000000000026
2026-08-15 22:33:46.691,45.917,raise,-0.10812500000000003,-0.4862500000000003
2026-08-15 22:33:46.701,45.927,raise,0.04750000000000032,-0.4574999999999996
2026-08-15 22:33:46.711,45.937,raise,0.061875000000000124,-0.45374999999999943
2026-08-15 22:33:46.721,45.947,raise,-0.046874999999999556,-0.4949999999999999
2026-08-15 22:33:46.731,45.957,raise,0.08187500000000014,-0.4456249999999995
2026-08-15 22:33:46.741,45.967,raise,-0.09312499999999946,-0.48374999999999946
2026-08-15 22:33:46.751,45.977,raise,0.058749999999999636,-0.4674999999999996
2026-08-15 22:33:46.761,45.987,raise,0.03624999999999989,-0.4543750000000002
2026-08-15 22:33:46.771,45.997,raise,-0.07437499999999986,-0.4949999999999999
2026-08-15 22:33:46.781,46.007,raise,0.07750000000000035,-0.44625000000000026
2026-08-15 22:33:46.791,46.017,raise,-0.11562500000000031,-0.48875
2026-08-15 22:33:46.801,46.027,raise,0.04375000000000018,-0.4656249999999995
2026-08-15 22:33:46.811,46.037,raise,0.06312500000000054,-0.45875
2026-08-15 22:33:46.821,46.047,raise,-0.04562500000000025,-0.49437500000000023
2026-08-15 22:33:46.831,46.057,raise,0.08312500000000056,-0.44749999999999956
2026-08-15 22:33:46.841,46.067,raise,-0.10000000000000009,-0.4931249999999998
2026-08-15 22:33:46.851,46.077,raise,0.053750000000000187,-0.4662500000000003
2026-08-15 22:33:46.861,46.087,raise,0.033125000000000515,-0.44875
2026-08-15 22:33:46.871,46.097,raise,-0.06874999999999964,-0.49437500000000023
2026-08-15 22:33:46.881,46.107,raise,0.08187500000000014,-0.4443750000000002
2026-08-15 22:33:46.891,46.117,raise,-0.11750000000000038,-0.47937499999999966
2026-08-15 22:33:46.901,46.127,raise,0.04750000000000032,-0.4643750000000002
2026-08-15 22:33:46.911,46.137,raise,0.0593750000000004,-0.4500000000000004
2026-08-15 22:33:46.921,46.147,raise,-0.034999999999999476,-0.4949999999999999
2026-08-15 22:33:46.931,46.157,raise,0.08375000000000021,-0.4456249999999995
2026-08-15 22:33:46.941,46.167,raise,-0.10375000000000023,-0.48250000000000015
2026-08-15 22:33:46.951,46.177,raise,0.03937500000000038,-0.45875
2026-08-15 22:33:46.961,46.187,raise,0.026249999999999885,-0.45374999999999943
2026-08-15 22:33:46.971,46.197,raise,-0.061875000000000124,-0.49250000000000016
2026-08-15 22:33:46.981,46.207,raise,0.07937500000000042,-0.44625000000000026
2026-08-15 22:33:46.991,46.217,raise,-0.11499999999999955,-0.48250000000000015
2026-08-15 22:33:47.001,46.227,raise,0.051875000000000115,-0.46687499999999993
2026-08-15 22:33:47.011,46.237,raise,0.051875000000000115,-0.4525000000000001
2026-08-15 22:33:47.021,46.247,raise,-0.08750000000000036,-0.4899999999999993
2026-08-15 22:33:47.031,46.257,raise,0.08187500000000014,-0.44499999999999984
2026-08-15 22:33:47.041,46.267,raise,-0.10375000000000023,-0.4862500000000003
2026-08-15 22:33:47.051,46.277,raise,0.040000000000000036,-0.4656249999999995
2026-08-15 22:33:47.061,46.287,raise,0.018124999999999947,-0.4556249999999995
2026-08-15 22:33:47.071,46.297,raise,-0.05624999999999991,-0.49437500000000023
2026-08-15 22:33:47.081,46.307,raise,0.07874999999999965,-0.4468749999999999
2026-08-15 22:33:47.091,46.317,raise,-0.11499999999999955,-0.48875
2026-08-15 22:33:47.101,46.327,raise,0.04812499999999997,-0.46499999999999986
2026-08-15 22:33:47.111,46.337,raise,0.045000000000000595,-0.4500000000000004
2026-08-15 22:33:47.121,46.347,raise,-0.08000000000000007,-0.49124999999999974
2026-08-15 22:33:47.131,46.357,raise,0.08312500000000056,-0.4443750000000002
2026-08-15 22:33:47.141,46.367,raise,-0.10812500000000003,-0.47875
2026-08-15 22:33:47.151,46.377,raise,0.03937500000000038,-0.46250000000000013
2026-08-15 22:33:47.161,46.387,raise,0.02062499999999967,-0.44875
2026-08-15 22:33:47.171,46.397,raise,-0.05312499999999942,-0.48812500000000036
2026-08-15 22:33:47.181,46.407,raise,0.08000000000000007,-0.44625000000000026
2026-08-15 22:33:47.191,46.417,raise,-0.09124999999999939,-0.48124999999999973
2026-08-15 22:33:47.201,46.427,raise,0.05312500000000053,-0.46250000000000013
2026-08-15 22:33:47.211,46.437,raise,0.04375000000000018,-0.4525000000000001
2026-08-15 22:33:47.221,46.447,raise,-0.08124999999999938,-0.4962500000000003
2026-08-15 22:33:47.231,46.457,raise,0.08312500000000056,-0.44749999999999956
2026-08-15 22:33:47.241,46.467,raise,-0.1112499999999994,-0.48875
2026-08-15 22:33:47.251,46.477,raise,0.04249999999999976,-0.46812500000000035
2026-08-15 22:33:47.261,46.487,raise,0.06437499999999985,-0.45374999999999943
2026-08-15 22:33:47.271,46.497,raise,-0.05249999999999977,-0.49250000000000016
2026-08-15 22:33:47.281,46.507,raise,0.08312500000000056,-0.44625000000000026
2026-08-15 22:33:47.291,46.517,raise,-0.09812500000000002,-0.48875
2026-08-15 22:33:47.301,46.527,raise,0.055000000000000604,-0.46687499999999993
2026-08-15 22:33:47.311,46.537,raise,0.03750000000000031,-0.45875
2026-08-15 22:33:47.321,46.547,raise,-0.07499999999999951,-0.4949999999999999
2026-08-15 22:33:47.331,46.557,raise,0.078125,-0.45062500000000005
2026-08-15 22:33:47.341,46.567,raise,-0.11624999999999996,-0.49374999999999947
2026-08-15 22:33:47.351,46.577,raise,0.046875000000000666,-0.4643750000000002
2026-08-15 22:33:47.361,46.587,raise,0.06062499999999971,-0.4500000000000004
2026-08-15 22:33:47.371,46.597,raise,-0.044999999999999485,-0.4931249999999998
2026-08-15 22:33:47.381,46.607,raise,0.08125000000000049,-0.4500000000000004
2026-08-15 22:33:47.391,46.617,raise,-0.0924999999999998,-0.48812500000000036
2026-08-15 22:33:47.401,46.627,raise,0.05624999999999991,-0.46187499999999937
2026-08-15 22:33:47.411,46.637,raise,0.03375000000000017,-0.4500000000000004
2026-08-15 22:33:47.421,46.647,raise,-0.06624999999999992,-0.48812500000000036
2026-08-15 22:33:47.431,46.657,raise,0.07624999999999993,-0.44749999999999956
2026-08-15 22:33:47.441,46.667,raise,-0.11062499999999975,-0.47937499999999966
2026-08-15 22:33:47.451,46.677,raise,0.04562500000000025,-0.4631249999999998
2026-08-15 22:33:47.461,46.687,raise,0.06000000000000005,-0.44937499999999964
2026-08-15 22:33:47.471,46.697,raise,-0.04249999999999976,-0.49687499999999996
2026-08-15 22:33:47.481,46.707,raise,0.08312500000000056,-0.4456249999999995
2026-08-15 22:33:47.491,46.717,raise,-0.10062499999999974,-0.48250000000000015
2026-08-15 22:33:47.501,46.727,raise,0.055000000000000604,-0.45875
2026-08-15 22:33:47.511,46.737,raise,0.033125000000000515,-0.4512499999999997
2026-08-15 22:33:47.521,46.747,raise,-0.07000000000000006,-0.49437500000000023
2026-08-15 22:33:47.531,46.757,raise,0.07937500000000042,-0.4456249999999995
2026-08-15 22:33:47.541,46.767,raise,-0.11750000000000038,-0.4874999999999996
2026-08-15 22:33:47.551,46.777,raise,0.046875000000000666,-0.46937499999999965
2026-08-15 22:33:47.561,46.787,raise,0.05562500000000026,-0.4525000000000001
2026-08-15 22:33:47.571,46.797,raise,-0.04124999999999934,-0.49250000000000016
2026-08-15 22:33:47.581,46.807,raise,0.0824999999999998,-0.44937499999999964
2026-08-15 22:33:47.591,46.817,raise,-0.10437499999999988,-0.4906250000000001
2026-08-15 22:33:47.601,46.827,raise,0.035000000000000586,-0.46687499999999993
2026-08-15 22:33:47.611,46.837,raise,0.026249999999999885,-0.45625000000000027
2026-08-15 22:33:47.621,46.847,raise,-0.0649999999999995,-0.49124999999999974
2026-08-15 22:33:47.631,46.857,raise,0.08187500000000014,-0.4468749999999999
2026-08-15 22:33:47.641,46.867,raise,-0.11687499999999962,-0.4874999999999996
2026-08-15 22:33:47.651,46.877,raise,0.0506249999999997,-0.46250000000000013
2026-08-15 22:33:47.661,46.887,raise,0.05249999999999977,-0.45062500000000005
2026-08-15 22:33:47.671,46.897,raise,-0.08937500000000043,-0.49124999999999974
2026-08-15 22:33:47.681,46.907,raise,0.08125000000000049,-0.44625000000000026
2026-08-15 22:33:47.691,46.917,raise,-0.10375000000000023,-0.4849999999999999
2026-08-15 22:33:47.701,46.927,raise,0.038124999999999964,-0.4600000000000004
2026-08-15 22:33:47.711,46.937,raise,0.021250000000000435,-0.44937499999999964
2026-08-15 22:33:47.721,46.947,raise,-0.0593750000000004,-0.48812500000000036
2026-08-15 22:33:47.731,46.957,raise,0.08125000000000049,-0.44499999999999984
2026-08-15 22:33:47.741,46.967,raise,-0.11312499999999948,-0.48374999999999946
2026-08-15 22:33:47.751,46.977,raise,0.05125000000000046,-0.45812500000000034
2026-08-15 22:33:47.761,46.987,raise,0.04874999999999963,-0.44937499999999964
2026-08-15 22:33:47.771,46.997,raise,-0.07750000000000035,-0.49374999999999947
2026-08-15 22:33:47.781,47.007,raise,0.078125,-0.44312499999999977
2026-08-15 22:33:47.791,47.017,raise,-0.10499999999999954,-0.4862500000000003
2026-08-15 22:33:47.801,47.027,raise,0.03687500000000066,-0.46937499999999965
2026-08-15 22:33:47.811,47.037,raise,0.01687500000000064,-0.45499999999999985
2026-08-15 22:33:47.821,47.047,raise,-0.05437499999999984,-0.4962500000000003
2026-08-15 22:33:47.831,47.057,raise,0.07624999999999993,-0.4456249999999995
2026-08-15 22:33:47.841,47.067,raise,-0.09000000000000008,-0.49124999999999974
2026-08-15 22:33:47.851,47.077,raise,0.05125000000000046,-0.46875
2026-08-15 22:33:47.861,47.087,raise,0.0462499999999999,-0.4556249999999995
2026-08-15 22:33:47.871,47.097,raise,-0.07562500000000028,-0.4918749999999994
2026-08-15 22:33:47.881,47.107,raise,0.08375000000000021,-0.44875
2026-08-15 22:33:47.891,47.117,raise,-0.11062499999999975,-0.48812500000000036
2026-08-15 22:33:47.901,47.127,raise,0.04125000000000045,-0.4643750000000002
2026-08-15 22:33:47.911,47.137,raise,0.011250000000000426,-0.45187499999999936
2026-08-15 22:33:47.921,47.147,raise,-0.04874999999999963,-0.48937499999999967
2026-08-15 22:33:47.931,47.157,raise,0.08312500000000056,-0.44749999999999956
2026-08-15 22:33:47.941,47.167,raise,-0.09750000000000036,-0.4906250000000001
2026-08-15 22:33:47.951,47.177,raise,0.05437499999999984,-0.46187499999999937
2026-08-15 22:33:47.961,47.187,raise,0.038124999999999964,-0.4512499999999997
2026-08-15 22:33:47.971,47.197,raise,-0.07249999999999979,-0.4874999999999996
2026-08-15 22:33:47.981,47.207,raise,0.08125000000000049,-0.44812500000000033
2026-08-15 22:33:47.991,47.217,raise,-0.11187500000000017,-0.4849999999999999
2026-08-15 22:33:48.001,47.227,raise,0.0462499999999999,-0.46062500000000006
2026-08-15 22:33:48.011,47.237,raise,0.058749999999999636,-0.44937499999999964
2026-08-15 22:33:48.021,47.247,raise,-0.04437499999999983,-0.49562499999999954
2026-08-15 22:33:48.031,47.257,raise,0.0824999999999998,-0.4468749999999999
2026-08-15 22:33:48.041,47.267,raise,-0.09874999999999967,-0.4849999999999999
2026-08-15 22:33:48.051,47.277,raise,0.055000000000000604,-0.4700000000000004
2026-08-15 22:33:48.061,47.287,raise,0.0318750000000001,-0.4543750000000002
2026-08-15 22:33:48.071,47.297,raise,-0.06687499999999957,-0.49687499999999996
2026-08-15 22:33:48.081,47.307,raise,0.07500000000000062,-0.44749999999999956
2026-08-15 22:33:48.091,47.317,raise,-0.11624999999999996,-0.4899999999999993
2026-08-15 22:33:48.101,47.327,raise,0.0462499999999999,-0.46937499999999965
2026-08-15 22:33:48.111,47.337,raise,0.0593750000000004,-0.4531249999999998
2026-08-15 22:33:48.121,47.347,raise,-0.03874999999999962,-0.4962500000000003
2026-08-15 22:33:48.131,47.357,raise,0.07874999999999965,-0.45187499999999936
2026-08-15 22:33:48.141,47.367,raise,-0.09499999999999953,-0.48875
2026-08-15 22:33:48.151,47.377,raise,0.05624999999999991,-0.4718749999999994
2026-08-15 22:33:48.161,47.387,raise,0.028124999999999956,-0.45187499999999936
2026-08-15 22:33:48.171,47.397,raise,-0.06812499999999999,-0.49250000000000016
2026-08-15 22:33:48.181,47.407,raise,0.07687499999999958,-0.45187499999999936
2026-08-15 22:33:48.191,47.417,raise,-0.11249999999999982,-0.4918749999999994
2026-08-15 22:33:48.201,47.427,raise,0.045000000000000595,-0.46374999999999944
2026-08-15 22:33:48.211,47.437,raise,0.056875000000000675,-0.4574999999999996
2026-08-15 22:33:48.221,47.447,raise,-0.03937500000000038,-0.49374999999999947
2026-08-15 22:33:48.231,47.457,raise,0.07874999999999965,-0.44875
2026-08-15 22:33:48.241,47.467,raise,-0.10249999999999981,-0.4831249999999998
2026-08-15 22:33:48.251,47.477,raise,0.033125000000000515,-0.4612499999999997
2026-08-15 22:33:48.261,47.487,raise,0.023125000000000506,-0.4556249999999995
2026-08-15 22:33:48.271,47.497,raise,-0.06249999999999978,-0.49687499999999996
2026-08-15 22:33:48.281,47.507,raise,0.0824999999999998,-0.4456249999999995
2026-08-15 22:33:48.291,47.517,raise,-0.11687499999999962,-0.48687499999999995
2026-08-15 22:33:48.301,47.527,raise,0.05125000000000046,-0.4631249999999998
2026-08-15 22:33:48.311,47.537,raise,0.04874999999999963,-0.45625000000000027
2026-08-15 22:33:48.321,47.547,raise,-0.08624999999999994,-0.5006250000000001
2026-08-15 22:33:48.331,47.557,raise,0.0824999999999998,-0.44749999999999956
2026-08-15 22:33:48.341,47.567,raise,-0.10375000000000023,-0.4906250000000001
2026-08-15 22:33:48.351,47.577,raise,0.03562500000000024,-0.47374999999999945
2026-08-15 22:33:48.361,47.587,raise,0.0187499999999996,-0.45625000000000027
2026-08-15 22:33:48.371,47.597,raise,-0.058749999999999636,-0.49562499999999954
2026-08-15 22:33:48.381,47.607,raise,0.07874999999999965,-0.45062500000000005
2026-08-15 22:33:48.391,47.617,raise,-0.1143749999999999,-0.49124999999999974
2026-08-15 22:33:48.401,47.627,raise,0.05249999999999977,-0.4718749999999994
2026-08-15 22:33:48.411,47.637,raise,0.04812499999999997,-0.4556249999999995
2026-08-15 22:33:48.421,47.647,raise,-0.078125,-0.49437500000000023
2026-08-15 22:33:48.431,47.657,raise,0.08187500000000014,-0.45062500000000005
2026-08-15 22:33:48.441,47.667,raise,-0.10437499999999988,-0.4931249999999998
2026-08-15 22:33:48.451,47.677,raise,0.04249999999999976,-0.46499999999999986
2026-08-15 22:33:48.461,47.687,raise,0.014374999999999805,-0.4525000000000001
2026-08-15 22:33:48.471,47.697,raise,-0.05124999999999935,-0.4918749999999994
2026-08-15 22:33:48.481,47.707,raise,0.08062499999999972,-0.44875
2026-08-15 22:33:48.491,47.717,raise,-0.09499999999999953,-0.48374999999999946
2026-08-15 22:33:48.501,47.727,raise,0.051875000000000115,-0.46187499999999937
2026-08-15 22:33:48.511,47.737,raise,0.04125000000000045,-0.4525000000000001
2026-08-15 22:33:48.521,47.747,raise,-0.07249999999999979,-0.48937499999999967
2026-08-15 22:33:48.531,47.757,raise,0.08187500000000014,-0.4468749999999999
2026-08-15 22:33:48.541,47.767,raise,-0.10687499999999961,-0.4862500000000003
2026-08-15 22:33:48.551,47.777,raise,0.04187500000000011,-0.4643750000000002
2026-08-15 22:33:48.561,47.787,raise,0.015000000000000568,-0.45625000000000027
2026-08-15 22:33:48.571,47.797,raise,-0.05249999999999977,-0.4981250000000004
2026-08-15 22:33:48.581,47.807,raise,0.07937500000000042,-0.4500000000000004
2026-08-15 22:33:48.591,47.817,raise,-0.09124999999999939,-0.4918749999999994
2026-08-15 22:33:48.601,47.827,raise,0.05312500000000053,-0.47062500000000007
2026-08-15 22:33:48.611,47.837,raise,0.03937500000000038,-0.4568749999999999
2026-08-15 22:33:48.621,47.847,raise,-0.0737500000000002,-0.49687499999999996
2026-08-15 22:33:48.631,47.857,raise,0.08312500000000056,-0.44749999999999956
2026-08-15 22:33:48.641,47.867,raise,-0.10874999999999968,-0.4931249999999998
2026-08-15 22:33:48.651,47.877,raise,0.04750000000000032,-0.46937499999999965
2026-08-15 22:33:48.661,47.887,raise,0.06312500000000054,-0.45499999999999985
2026-08-15 22:33:48.671,47.897,raise,-0.04249999999999976,-0.49374999999999947
2026-08-15 22:33:48.681,47.907,raise,0.0824999999999998,-0.4468749999999999
2026-08-15 22:33:48.691,47.917,raise,-0.09499999999999953,-0.4899999999999993
2026-08-15 22:33:48.701,47.927,raise,0.05812499999999998,-0.4643750000000002
2026-08-15 22:33:48.711,47.937,raise,0.03062499999999968,-0.4500000000000004
2026-08-15 22:33:48.721,47.947,raise,-0.06750000000000034,-0.4906250000000001
2026-08-15 22:33:48.731,47.957,raise,0.07874999999999965,-0.4456249999999995
2026-08-15 22:33:48.741,47.967,raise,-0.11312499999999948,-0.49250000000000016
2026-08-15 22:33:48.751,47.977,raise,0.0506249999999997,-0.4631249999999998
2026-08-15 22:33:48.761,47.987,raise,0.05562500000000026,-0.45187499999999936
2026-08-15 22:33:48.771,47.997,raise,-0.03937500000000038,-0.49124999999999974
2026-08-15 22:33:48.781,48.007,raise,0.08187500000000014,-0.4468749999999999
2026-08-15 22:33:48.791,48.017,raise,-0.0956250000000003,-0.4849999999999999
2026-08-15 22:33:48.801,48.027,raise,0.05624999999999991,-0.46250000000000013
2026-08-15 22:33:48.811,48.037,raise,0.02874999999999961,-0.45374999999999943
2026-08-15 22:33:48.821,48.047,raise,-0.06687499999999957,-0.4974999999999996
2026-08-15 22:33:48.831,48.057,raise,0.078125,-0.4512499999999997
2026-08-15 22:33:48.841,48.067,raise,-0.11249999999999982,-0.48875
2026-08-15 22:33:48.851,48.077,raise,0.04812499999999997,-0.46937499999999965
2026-08-15 22:33:48.861,48.087,raise,0.05750000000000033,-0.45625000000000027
2026-08-15 22:33:48.871,48.097,raise,-0.03624999999999989,-0.4949999999999999
2026-08-15 22:33:48.881,48.107,raise,0.08312500000000056,-0.44499999999999984
2026-08-15 22:33:48.891,48.117,raise,-0.09812500000000002,-0.4874999999999996
2026-08-15 22:33:48.901,48.127,raise,0.03937500000000038,-0.46812500000000035
2026-08-15 22:33:48.911,48.137,raise,0.023125000000000506,-0.4556249999999995
2026-08-15 22:33:48.921,48.147,raise,-0.06124999999999936,-0.4949999999999999
2026-08-15 22:33:48.931,48.157,raise,0.08062499999999972,-0.4500000000000004
2026-08-15 22:33:48.941,48.167,raise,-0.11687499999999962,-0.48812500000000036
2026-08-15 22:33:48.951,48.177,raise,0.04874999999999963,-0.46499999999999986
2026-08-15 22:33:48.961,48.187,raise,0.05125000000000046,-0.45937499999999964
2026-08-15 22:33:48.971,48.197,raise,-0.031249999999999334,-0.49437500000000023
2026-08-15 22:33:48.981,48.207,raise,0.08437499999999987,-0.4456249999999995
2026-08-15 22:33:48.991,48.217,raise,-0.10187500000000016,-0.48937499999999967
2026-08-15 22:33:49.001,48.227,raise,0.04375000000000018,-0.46187499999999937
2026-08-15 22:33:49.011,48.237,raise,0.021250000000000435,-0.4512499999999997
2026-08-15 22:33:49.021,48.247,raise,-0.058749999999999636,-0.49124999999999974
2026-08-15 22:33:49.031,48.257,raise,0.0824999999999998,-0.44625000000000026
2026-08-15 22:33:49.041,48.267,raise,-0.11375000000000024,-0.48687499999999995
2026-08-15 22:33:49.051,48.277,raise,0.05249999999999977,-0.46374999999999944
2026-08-15 22:33:49.061,48.287,raise,0.046875000000000666,-0.4525000000000001
2026-08-15 22:33:49.071,48.297,raise,-0.08124999999999938,-0.49999999999999933
2026-08-15 22:33:49.081,48.307,raise,0.08187500000000014,-0.4456249999999995
2026-08-15 22:33:49.091,48.317,raise,-0.10937499999999933,-0.4843750000000002
2026-08-15 22:33:49.101,48.327,raise,0.043125000000000524,-0.46499999999999986
2026-08-15 22:33:49.111,48.337,raise,0.016249999999999876,-0.45374999999999943
2026-08-15 22:33:49.121,48.347,raise,-0.04750000000000032,-0.49374999999999947
2026-08-15 22:33:49.131,48.357,raise,0.0824999999999998,-0.44749999999999956
2026-08-15 22:33:49.141,48.367,raise,-0.0956250000000003,-0.4849999999999999
2026-08-15 22:33:49.151,48.377,raise,0.05125000000000046,-0.46937499999999965
2026-08-15 22:33:49.161,48.387,raise,0.04062499999999969,-0.4556249999999995
2026-08-15 22:33:49.171,48.397,raise,-0.07187500000000013,-0.4931249999999998
2026-08-15 22:33:49.181,48.407,raise,0.07750000000000035,-0.45187499999999936
2026-08-15 22:33:49.191,48.417,raise,-0.1056250000000003,-0.4906250000000001
2026-08-15 22:33:49.201,48.427,raise,0.04249999999999976,-0.46937499999999965
2026-08-15 22:33:49.211,48.437,raise,0.012499999999999734,-0.46062500000000006
2026-08-15 22:33:49.221,48.447,raise,-0.04874999999999963,-0.49437500000000023
2026-08-15 22:33:49.231,48.457,raise,0.08312500000000056,-0.4512499999999997
2026-08-15 22:33:49.241,48.467,raise,-0.09437499999999988,-0.4974999999999996
2026-08-15 22:33:49.251,48.477,raise,0.05249999999999977,-0.46875
2026-08-15 22:33:49.261,48.487,raise,0.03687500000000066,-0.4556249999999995
2026-08-15 22:33:49.271,48.497,raise,-0.07124999999999937,-0.49437500000000023
2026-08-15 22:33:49.281,48.507,raise,0.08187500000000014,-0.4500000000000004
2026-08-15 22:33:49.291,48.517,raise,-0.11187500000000017,-0.48812500000000036
2026-08-15 22:33:49.301,48.527,raise,0.04437499999999983,-0.46499999999999986
2026-08-15 22:33:49.311,48.537,raise,0.06062499999999971,-0.45812500000000034
2026-08-15 22:33:49.321,48.547,raise,-0.04437499999999983,-0.49562499999999954
2026-08-15 22:33:49.331,48.557,raise,0.08187500000000014,-0.45062500000000005
2026-08-15 22:33:49.341,48.567,raise,-0.09624999999999995,-0.4918749999999994
2026-08-15 22:33:49.351,48.577,raise,0.058749999999999636,-0.4612499999999997
2026-08-15 22:33:49.361,48.587,raise,0.033125000000000515,-0.45499999999999985
2026-08-15 22:33:49.371,48.597,raise,-0.06562500000000027,-0.5018749999999994
2026-08-15 22:33:49.381,48.607,raise,0.0824999999999998,-0.45062500000000005
2026-08-15 22:33:49.391,48.617,raise,-0.10874999999999968,-0.4899999999999993
2026-08-15 22:33:49.401,48.627,raise,0.04812499999999997,-0.4700000000000004
2026-08-15 22:33:49.411,48.637,raise,0.05812499999999998,-0.45499999999999985
2026-08-15 22:33:49.421,48.647,raise,-0.03562500000000024,-0.4974999999999996
2026-08-15 22:33:49.431,48.657,raise,0.08312500000000056,-0.44749999999999956
2026-08-15 22:33:49.441,48.667,raise,-0.09499999999999953,-0.49250000000000016
2026-08-15 22:33:49.451,48.677,raise,0.05812499999999998,-0.46875
2026-08-15 22:33:49.461,48.687,raise,0.033125000000000515,-0.45937499999999964
2026-08-15 22:33:49.471,48.697,raise,-0.06437499999999985,-0.4931249999999998
2026-08-15 22:33:49.481,48.707,raise,0.07562500000000028,-0.45062500000000005
2026-08-15 22:33:49.491,48.717,raise,-0.11562500000000031,-0.48687499999999995
2026-08-15 22:33:49.501,48.727,raise,0.04812499999999997,-0.4662500000000003
2026-08-15 22:33:49.511,48.737,raise,0.05562500000000026,-0.4531249999999998
2026-08-15 22:33:49.521,48.747,raise,-0.0318750000000001,-0.4906250000000001
2026-08-15 22:33:49.531,48.757,raise,0.0824999999999998,-0.45062500000000005
2026-08-15 22:33:49.541,48.767,raise,-0.09750000000000036,-0.49687499999999996
2026-08-15 22:33:49.551,48.777,raise,0.03750000000000031,-0.46250000000000013
2026-08-15 22:33:49.561,48.787,raise,0.02375000000000016,-0.45625000000000027
2026-08-15 22:33:49.571,48.797,raise,-0.06062499999999971,-0.49250000000000016
2026-08-15 22:33:49.581,48.807,raise,0.08312500000000056,-0.44875
2026-08-15 22:33:49.591,48.817,raise,-0.11812500000000004,-0.4899999999999993
2026-08-15 22:33:49.601,48.827,raise,0.05125000000000046,-0.46374999999999944
2026-08-15 22:33:49.611,48.837,raise,0.051875000000000115,-0.45374999999999943
2026-08-15 22:33:49.621,48.847,raise,-0.027500000000000302,-0.49875
2026-08-15 22:33:49.631,48.857,raise,0.08750000000000036,-0.44749999999999956
2026-08-15 22:33:49.641,48.867,raise,-0.10312499999999947,-0.48687499999999995
2026-08-15 22:33:49.651,48.877,raise,0.04437499999999983,-0.46062500000000006
2026-08-15 22:33:49.661,48.887,raise,0.02062499999999967,-0.4525000000000001
2026-08-15 22:33:49.671,48.897,raise,-0.051875000000000115,-0.49687499999999996
2026-08-15 22:33:49.681,48.907,raise,0.08500000000000063,-0.44812500000000033
2026-08-15 22:33:49.691,48.917,raise,-0.11312499999999948,-0.4843750000000002
2026-08-15 22:33:49.701,48.927,raise,0.05562500000000026,-0.46875
2026-08-15 22:33:49.711,48.937,raise,0.04562500000000025,-0.4556249999999995
2026-08-15 22:33:49.721,48.947,raise,-0.07562500000000028,-0.49374999999999947
2026-08-15 22:33:49.731,48.957,raise,0.08187500000000014,-0.4531249999999998
2026-08-15 22:33:49.741,48.967,raise,-0.10499999999999954,-0.48812500000000036
2026-08-15 22:33:49.751,48.977,raise,0.04812499999999997,-0.46499999999999986
2026-08-15 22:33:49.761,48.987,raise,0.013750000000000151,-0.45875
2026-08-15 22:33:49.771,48.997,raise,-0.046874999999999556,-0.4906250000000001
2026-08-15 22:33:49.781,49.007,raise,0.07874999999999965,-0.44875
2026-08-15 22:33:49.791,49.017,raise,-0.08937500000000043,-0.49374999999999947
2026-08-15 22:33:49.801,49.027,raise,0.05125000000000046,-0.46499999999999986
2026-08-15 22:33:49.811,49.037,raise,0.04125000000000045,-0.4543750000000002
2026-08-15 22:33:49.821,49.047,raise,-0.07312499999999944,-0.49124999999999974
2026-08-15 22:33:49.831,49.057,raise,0.08000000000000007,-0.4512499999999997
2026-08-15 22:33:49.841,49.067,raise,-0.10937499999999933,-0.4874999999999996
2026-08-15 22:33:49.851,49.077,raise,0.04249999999999976,-0.46187499999999937
2026-08-15 22:33:49.861,49.087,raise,0.011250000000000426,-0.4531249999999998
2026-08-15 22:33:49.871,49.097,raise,-0.04124999999999934,-0.48812500000000036
2026-08-15 22:33:49.881,49.107,raise,0.08562500000000028,-0.4443750000000002
2026-08-15 22:33:49.891,49.117,raise,-0.09312499999999946,-0.4831249999999998
2026-08-15 22:33:49.901,49.127,raise,0.05812499999999998,-0.45937499999999964
2026-08-15 22:33:49.911,49.137,raise,0.03874999999999962,-0.45374999999999943
2026-08-15 22:33:49.921,49.147,raise,-0.06562500000000027,-0.49374999999999947
2026-08-15 22:33:49.931,49.157,raise,0.08437499999999987,-0.44812500000000033
2026-08-15 22:33:49.941,49.167,raise,-0.11249999999999982,-0.48562499999999953
2026-08-15 22:33:49.951,49.177,raise,0.050000000000000044,-0.4700000000000004
2026-08-15 22:33:49.961,49.187,raise,0.05812499999999998,-0.45499999999999985
2026-08-15 22:33:49.971,49.197,raise,-0.03937500000000038,-0.4993749999999997
2026-08-15 22:33:49.981,49.207,raise,0.08500000000000063,-0.4437499999999994
2026-08-15 22:33:49.991,49.217,raise,-0.09937499999999932,-0.4849999999999999
2026-08-15 22:33:50.001,49.227,raise,0.058749999999999636,-0.4656249999999995
2026-08-15 22:33:50.011,49.237,raise,0.03249999999999975,-0.4574999999999996
2026-08-15 22:33:50.021,49.247,raise,-0.06249999999999978,-0.4899999999999993
2026-08-15 22:33:50.031,49.257,raise,0.08375000000000021,-0.4512499999999997
2026-08-15 22:33:50.041,49.267,raise,-0.11249999999999982,-0.4899999999999993
2026-08-15 22:33:50.051,49.277,raise,0.04812499999999997,-0.4643750000000002
2026-08-15 22:33:50.061,49.287,raise,0.05624999999999991,-0.4556249999999995
2026-08-15 22:33:50.071,49.297,raise,-0.03624999999999989,-0.48937499999999967
2026-08-15 22:33:50.081,49.307,raise,0.08000000000000007,-0.45062500000000005
2026-08-15 22:33:50.091,49.317,raise,-0.10249999999999981,-0.48374999999999946
2026-08-15 22:33:50.101,49.327,raise,0.058749999999999636,-0.46499999999999986
2026-08-15 22:33:50.111,49.337,raise,0.03062499999999968,-0.45499999999999985
2026-08-15 22:33:50.121,49.347,raise,-0.056874999999999565,-0.48687499999999995
2026-08-15 22:33:50.131,49.357,raise,0.078125,-0.44812500000000033
2026-08-15 22:33:50.141,49.367,raise,-0.11375000000000024,-0.48687499999999995
2026-08-15 22:33:50.151,49.377,raise,0.050000000000000044,-0.4612499999999997
2026-08-15 22:33:50.161,49.387,raise,0.05312500000000053,-0.4531249999999998
2026-08-15 22:33:50.171,49.397,raise,-0.030000000000000027,-0.4981250000000004
2026-08-15 22:33:50.181,49.407,raise,0.08062499999999972,-0.44937499999999964
2026-08-15 22:33:50.191,49.417,raise,-0.10624999999999996,-0.48875
2026-08-15 22:33:50.201,49.427,raise,0.03750000000000031,-0.47499999999999987
2026-08-15 22:33:50.211,49.437,raise,0.022499999999999742,-0.45875
2026-08-15 22:33:50.221,49.447,raise,-0.058749999999999636,-0.49875
2026-08-15 22:33:50.231,49.457,raise,0.0824999999999998,-0.4456249999999995
2026-08-15 22:33:50.241,49.467,raise,-0.1143749999999999,-0.48875
2026-08-15 22:33:50.251,49.477,raise,0.05312500000000053,-0.46875
2026-08-15 22:33:50.261,49.487,raise,0.05125000000000046,-0.45812500000000034
2026-08-15 22:33:50.271,49.497,raise,-0.023124999999999396,-0.4981250000000004
2026-08-15 22:33:50.281,49.507,raise,0.0824999999999998,-0.44937499999999964
2026-08-15 22:33:50.291,49.517,raise,-0.1056250000000003,-0.49124999999999974
2026-08-15 22:33:50.301,49.527,raise,0.04125000000000045,-0.4674999999999996
2026-08-15 22:33:50.311,49.537,raise,0.01687500000000064,-0.45374999999999943
2026-08-15 22:33:50.321,49.547,raise,-0.05312499999999942,-0.4931249999999998
2026-08-15 22:33:50.331,49.557,raise,0.0824999999999998,-0.4512499999999997
2026-08-15 22:33:50.341,49.567,raise,-0.11249999999999982,-0.4931249999999998
2026-08-15 22:33:50.351,49.577,raise,0.056875000000000675,-0.4674999999999996
2026-08-15 22:33:50.361,49.587,raise,0.045000000000000595,-0.4556249999999995
2026-08-15 22:33:50.371,49.597,raise,-0.07062499999999972,-0.48937499999999967
2026-08-15 22:33:50.381,49.607,raise,0.08312500000000056,-0.4456249999999995
2026-08-15 22:33:50.391,49.617,raise,-0.10437499999999988,-0.4831249999999998
2026-08-15 22:33:50.401,49.627,raise,0.045000000000000595,-0.45875
2026-08-15 22:33:50.411,49.637,raise,0.014374999999999805,-0.4543750000000002
2026-08-15 22:33:50.421,49.647,raise,-0.04562500000000025,-0.49562499999999954
2026-08-15 22:33:50.431,49.657,raise,0.0824999999999998,-0.44812500000000033
2026-08-15 22:33:50.441,49.667,raise,-0.11375000000000024,-0.4862500000000003
2026-08-15 22:33:50.451,49.677,raise,0.05562500000000026,-0.45812500000000034
2026-08-15 22:33:50.461,49.687,raise,0.04062499999999969,-0.45374999999999943
2026-08-15 22:33:50.471,49.697,raise,-0.07312499999999944,-0.4962500000000003
2026-08-15 22:33:50.481,49.707,raise,0.08750000000000036,-0.4437499999999994
2026-08-15 22:33:50.491,49.717,raise,-0.11187500000000017,-0.4899999999999993
2026-08-15 22:33:50.501,49.727,raise,0.04562500000000025,-0.4643750000000002
2026-08-15 22:33:50.511,49.737,raise,0.008124999999999938,-0.4556249999999995
2026-08-15 22:33:50.521,49.747,raise,-0.04187500000000011,-0.4931249999999998
2026-08-15 22:33:50.531,49.757,raise,0.08500000000000063,-0.44812500000000033
2026-08-15 22:33:50.541,49.767,raise,-0.09624999999999995,-0.49124999999999974
2026-08-15 22:33:50.551,49.777,raise,0.05750000000000033,-0.46812500000000035
2026-08-15 22:33:50.561,49.787,raise,0.03062499999999968,-0.46062500000000006
2026-08-15 22:33:50.571,49.797,raise,-0.0649999999999995,-0.49562499999999954
2026-08-15 22:33:50.581,49.807,raise,0.08125000000000049,-0.4500000000000004
2026-08-15 22:33:50.591,49.817,raise,-0.1143749999999999,-0.4918749999999994
2026-08-15 22:33:50.601,49.827,raise,0.050000000000000044,-0.46374999999999944
2026-08-15 22:33:50.611,49.837,raise,0.056875000000000675,-0.45062500000000005
2026-08-15 22:33:50.621,49.847,raise,-0.03687499999999955,-0.4899999999999993
2026-08-15 22:33:50.631,49.857,raise,0.08375000000000021,-0.44812500000000033
2026-08-15 22:33:50.641,49.867,raise,-0.10000000000000009,-0.4843750000000002
2026-08-15 22:33:50.651,49.877,raise,0.056875000000000675,-0.4600000000000004
2026-08-15 22:33:50.661,49.887,raise,0.029375000000000373,-0.4525000000000001
2026-08-15 22:33:50.671,49.897,raise,-0.0593750000000004,-0.48812500000000036
2026-08-15 22:33:50.681,49.907,raise,0.08000000000000007,-0.44875
2026-08-15 22:33:50.691,49.917,raise,-0.11187500000000017,-0.48875
2026-08-15 22:33:50.701,49.927,raise,0.05125000000000046,-0.46187499999999937
2026-08-15 22:33:50.711,49.937,raise,0.05437499999999984,-0.45374999999999943
2026-08-15 22:33:50.721,49.947,raise,-0.03249999999999975,-0.49437500000000023
2026-08-15 22:33:50.731,49.957,raise,0.08125000000000049,-0.44187499999999935
2026-08-15 22:33:50.741,49.967,raise,-0.10000000000000009,-0.48687499999999995
2026-08-15 22:33:50.751,49.977,raise,0.05750000000000033,-0.4631249999999998
2026-08-15 22:33:50.761,49.987,raise,0.02375000000000016,-0.4568749999999999
2026-08-15 22:33:50.771,49.997,raise,-0.0593750000000004,-0.49374999999999947
2026-08-15 22:33:50.781,50.007,raise,0.08000000000000007,-0.44749999999999956
2026-08-15 22:33:50.791,50.017,raise,-0.11375000000000024,-0.48812500000000036
2026-08-15 22:33:50.801,50.027,raise,0.04874999999999963,-0.46687499999999993
2026-08-15 22:33:50.811,50.037,raise,0.04812499999999997,-0.45875
2026-08-15 22:33:50.821,50.047,raise,-0.03062499999999968,-0.4931249999999998
2026-08-15 22:33:50.831,50.057,raise,0.08437499999999987,-0.4500000000000004
2026-08-15 22:33:50.841,50.067,raise,-0.11062499999999975,-0.49437500000000023
2026-08-15 22:33:50.851,50.077,raise,0.03874999999999962,-0.4656249999999995
2026-08-15 22:33:50.861,50.087,raise,0.0187499999999996,-0.45062500000000005
2026-08-15 22:33:50.871,50.097,raise,-0.053750000000000187,-0.49250000000000016
2026-08-15 22:33:50.881,50.107,raise,0.08125000000000049,-0.44812500000000033
2026-08-15 22:33:50.891,50.117,raise,-0.11687499999999962,-0.4918749999999994
2026-08-15 22:33:50.901,50.127,raise,0.05624999999999991,-0.45937499999999964
2026-08-15 22:33:50.911,50.137,raise,0.04937500000000039,-0.4512499999999997
2026-08-15 22:33:50.921,50.147,raise,-0.02062499999999967,-0.48875
2026-08-15 22:33:50.931,50.157,raise,0.08375000000000021,-0.44749999999999956
2026-08-15 22:33:50.941,50.167,raise,-0.1100000000000001,-0.4843750000000002
2026-08-15 22:33:50.951,50.177,raise,0.04187500000000011,-0.45875
2026-08-15 22:33:50.961,50.187,raise,0.014374999999999805,-0.4512499999999997
2026-08-15 22:33:50.971,50.197,raise,-0.04937500000000039,-0.4949999999999999
2026-08-15 22:33:50.981,50.207,raise,0.07937500000000042,-0.44499999999999984
2026-08-15 22:33:50.991,50.217,raise,-0.11375000000000024,-0.4899999999999993
2026-08-15 22:33:51.001,50.227,raise,0.05437499999999984,-0.4662500000000003
2026-08-15 22:33:51.011,50.237,raise,0.03937500000000038,-0.45812500000000034
2026-08-15 22:33:51.021,50.247,raise,-0.07062499999999972,-0.4918749999999994
2026-08-15 22:33:51.031,50.257,raise,0.08375000000000021,-0.44625000000000026
2026-08-15 22:33:51.041,50.267,raise,-0.10624999999999996,-0.4899999999999993
2026-08-15 22:33:51.051,50.277,raise,0.04375000000000018,-0.4662500000000003
2026-08-15 22:33:51.061,50.287,raise,0.008124999999999938,-0.45937499999999964
2026-08-15 22:33:51.071,50.297,raise,-0.04937500000000039,-0.4962500000000003
2026-08-15 22:33:51.081,50.307,raise,0.07874999999999965,-0.44937499999999964
2026-08-15 22:33:51.091,50.317,raise,-0.1200000000000001,-0.4906250000000001
2026-08-15 22:33:51.101,50.327,raise,0.053750000000000187,-0.4662500000000003
2026-08-15 22:33:51.111,50.337,raise,0.03687500000000066,-0.44875
2026-08-15 22:33:51.121,50.347,raise,-0.07187500000000013,-0.4899999999999993
2026-08-15 22:33:51.131,50.357,raise,0.08562500000000028,-0.44812500000000033
2026-08-15 22:33:51.141,50.367,raise,-0.10812500000000003,-0.49250000000000016
2026-08-15 22:33:51.151,50.377,raise,0.04562500000000025,-0.46250000000000013
2026-08-15 22:33:51.161,50.387,raise,0.0050000000000005596,-0.44875
2026-08-15 22:33:51.171,50.397,raise,-0.040000000000000036,-0.48937499999999967
2026-08-15 22:33:51.181,50.407,raise,0.08062499999999972,-0.44625000000000026
2026-08-15 22:33:51.191,50.417,raise,-0.10375000000000023,-0.48687499999999995
2026-08-15 22:33:51.201,50.427,raise,0.05750000000000033,-0.4612499999999997
2026-08-15 22:33:51.211,50.437,raise,0.027500000000000302,-0.4543750000000002
2026-08-15 22:33:51.221,50.447,raise,-0.06562500000000027,-0.49374999999999947
2026-08-15 22:33:51.231,50.457,raise,0.08125000000000049,-0.44749999999999956
2026-08-15 22:33:51.241,50.467,raise,-0.11812500000000004,-0.49124999999999974
2026-08-15 22:33:51.251,50.477,raise,0.0506249999999997,-0.45625000000000027
2026-08-15 22:33:51.261,50.487,raise,0.05562500000000026,-0.45499999999999985
2026-08-15 22:33:51.271,50.497,raise,-0.033124999999999405,-0.4906250000000001
2026-08-15 22:33:51.281,50.507,raise,0.08500000000000063,-0.4443750000000002
2026-08-15 22:33:51.291,50.517,raise,-0.10437499999999988,-0.48937499999999967
2026-08-15 22:33:51.301,50.527,raise,0.05750000000000033,-0.4662500000000003
2026-08-15 22:33:51.311,50.537,raise,0.02187500000000009,-0.4568749999999999
2026-08-15 22:33:51.321,50.547,raise,-0.0593750000000004,-0.4931249999999998
2026-08-15 22:33:51.331,50.557,raise,0.08187500000000014,-0.44749999999999956
2026-08-15 22:33:51.341,50.567,raise,-0.11312499999999948,-0.4906250000000001
2026-08-15 22:33:51.351,50.577,raise,0.04812499999999997,-0.46374999999999944
2026-08-15 22:33:51.361,50.587,raise,0.055000000000000604,-0.45875
2026-08-15 22:33:51.371,50.597,raise,-0.030000000000000027,-0.4918749999999994
2026-08-15 22:33:51.381,50.607,raise,0.08624999999999994,-0.44812500000000033
2026-08-15 22:33:51.391,50.617,raise,-0.09874999999999967,-0.49124999999999974
2026-08-15 22:33:51.401,50.627,raise,0.06062499999999971,-0.4631249999999998
2026-08-15 22:33:51.411,50.637,raise,0.024374999999999813,-0.4500000000000004
2026-08-15 22:33:51.421,50.647,raise,-0.05812499999999998,-0.4874999999999996
2026-08-15 22:33:51.431,50.657,raise,0.07687499999999958,-0.4443750000000002
2026-08-15 22:33:51.441,50.667,raise,-0.1112499999999994,-0.4806250000000001
2026-08-15 22:33:51.451,50.677,raise,0.053750000000000187,-0.45875
2026-08-15 22:33:51.461,50.687,raise,0.0506249999999997,-0.45062500000000005
2026-08-15 22:33:51.471,50.697,raise,-0.02187500000000009,-0.48562499999999953
2026-08-15 22:33:51.481,50.707,raise,0.08187500000000014,-0.44312499999999977
2026-08-15 22:33:51.491,50.717,raise,-0.10375000000000023,-0.4849999999999999
2026-08-15 22:33:51.501,50.727,raise,0.06249999999999978,-0.45812500000000034
2026-08-15 22:33:51.511,50.737,raise,0.016249999999999876,-0.45499999999999985
2026-08-15 22:33:51.521,50.747,raise,-0.05249999999999977,-0.4918749999999994
2026-08-15 22:33:51.531,50.757,raise,0.07937500000000042,-0.44499999999999984
2026-08-15 22:33:51.541,50.767,raise,-0.11750000000000038,-0.4931249999999998
2026-08-15 22:33:51.551,50.777,raise,0.051875000000000115,-0.46812500000000035
2026-08-15 22:33:51.561,50.787,raise,0.04249999999999976,-0.46062500000000006
2026-08-15 22:33:51.571,50.797,raise,-0.022499999999999742,-0.49250000000000016
2026-08-15 22:33:51.581,50.807,raise,0.08125000000000049,-0.44625000000000026
2026-08-15 22:33:51.591,50.817,raise,-0.10750000000000037,-0.4918749999999994
2026-08-15 22:33:51.601,50.827,raise,0.043125000000000524,-0.46499999999999986
2026-08-15 22:33:51.611,50.837,raise,0.010624999999999662,-0.45499999999999985
2026-08-15 22:33:51.621,50.847,raise,-0.04562500000000025,-0.4899999999999993
2026-08-15 22:33:51.631,50.857,raise,0.08062499999999972,-0.44499999999999984
2026-08-15 22:33:51.641,50.867,raise,-0.11187500000000017,-0.4949999999999999
2026-08-15 22:33:51.651,50.877,raise,0.05562500000000026,-0.46187499999999937
2026-08-15 22:33:51.661,50.887,raise,0.03624999999999989,-0.45187499999999936
2026-08-15 22:33:51.671,50.897,raise,-0.07312499999999944,-0.48687499999999995
2026-08-15 22:33:51.681,50.907,raise,0.0824999999999998,-0.44625000000000026
2026-08-15 22:33:51.691,50.917,raise,-0.10687499999999961,-0.4899999999999993
2026-08-15 22:33:51.701,50.927,raise,0.043125000000000524,-0.4574999999999996
2026-08-15 22:33:51.711,50.937,raise,0.007500000000000284,-0.44875
2026-08-15 22:33:51.721,50.947,raise,-0.04187500000000011,-0.48875
2026-08-15 22:33:51.731,50.957,raise,0.08375000000000021,-0.4456249999999995
2026-08-15 22:33:51.741,50.967,raise,-0.11624999999999996,-0.4849999999999999
2026-08-15 22:33:51.751,50.977,raise,0.05562500000000026,-0.4568749999999999
2026-08-15 22:33:51.761,50.987,raise,0.0318750000000001,-0.45187499999999936
2026-08-15 22:33:51.771,50.997,raise,-0.06812499999999999,-0.4931249999999998
2026-08-15 22:33:51.781,51.007,raise,0.08187500000000014,-0.4437499999999994
2026-08-15 22:33:51.791,51.017,raise,-0.11062499999999975,-0.48562499999999953
2026-08-15 22:33:51.801,51.027,raise,0.0462499999999999,-0.46499999999999986
2026-08-15 22:33:51.811,51.037,raise,0.001875000000000071,-0.4543750000000002
2026-08-15 22:33:51.821,51.047,raise,-0.040000000000000036,-0.49250000000000016
2026-08-15 22:33:51.831,51.057,raise,0.08062499999999972,-0.44875
2026-08-15 22:33:51.841,51.067,raise,-0.10187500000000016,-0.48812500000000036
2026-08-15 22:33:51.851,51.077,raise,0.05624999999999991,-0.46499999999999986
2026-08-15 22:33:51.861,51.087,raise,0.02562500000000023,-0.4574999999999996
2026-08-15 22:33:51.871,51.097,raise,-0.06624999999999992,-0.48937499999999967
2026-08-15 22:33:51.881,51.107,raise,0.0824999999999998,-0.44749999999999956
2026-08-15 22:33:51.891,51.117,raise,-0.11562500000000031,-0.49124999999999974
2026-08-15 22:33:51.901,51.127,raise,0.051875000000000115,-0.45937499999999964
2026-08-15 22:33:51.911,51.137,raise,-0.005625000000000213,-0.4568749999999999
2026-08-15 22:33:51.921,51.147,raise,-0.03375000000000017,-0.48562499999999953
2026-08-15 22:33:51.931,51.157,raise,0.0824999999999998,-0.4443750000000002
2026-08-15 22:33:51.941,51.167,raise,-0.10000000000000009,-0.4931249999999998
2026-08-15 22:33:51.951,51.177,raise,0.05624999999999991,-0.45812500000000034
2026-08-15 22:33:51.961,51.187,raise,0.020000000000000018,-0.4525000000000001
2026-08-15 22:33:51.971,51.197,raise,-0.058749999999999636,-0.48937499999999967
2026-08-15 22:33:51.981,51.207,raise,0.08000000000000007,-0.4443750000000002
2026-08-15 22:33:51.991,51.217,raise,-0.11249999999999982,-0.4849999999999999
2026-08-15 22:33:52.001,51.227,raise,0.04874999999999963,-0.45625000000000027
2026-08-15 22:33:52.011,51.237,raise,0.046875000000000666,-0.4525000000000001
2026-08-15 22:33:52.021,51.247,raise,-0.029375000000000373,-0.4949999999999999
2026-08-15 22:33:52.031,51.257,raise,0.0824999999999998,-0.44499999999999984
2026-08-15 22:33:52.041,51.267,raise,-0.10375000000000023,-0.48562499999999953
2026-08-15 22:33:52.051,51.277,raise,0.06000000000000005,-0.4574999999999996
2026-08-15 22:33:52.061,51.287,raise,0.0187499999999996,-0.4556249999999995
2026-08-15 22:33:52.071,51.297,raise,-0.05750000000000033,-0.49687499999999996
2026-08-15 22:33:52.081,51.307,raise,0.07874999999999965,-0.44312499999999977
2026-08-15 22:33:52.091,51.317,raise,-0.11812500000000004,-0.49250000000000016
2026-08-15 22:33:52.101,51.327,raise,0.051875000000000115,-0.4674999999999996
2026-08-15 22:33:52.111,51.337,raise,0.0462499999999999,-0.4568749999999999
2026-08-15 22:33:52.121,51.347,raise,-0.028124999999999956,-0.4949999999999999
2026-08-15 22:33:52.131,51.357,raise,0.08187500000000014,-0.4500000000000004
2026-08-15 22:33:52.141,51.367,raise,-0.1100000000000001,-0.4918749999999994
2026-08-15 22:33:52.151,51.377,raise,0.06125000000000047,-0.46187499999999937
2026-08-15 22:33:52.161,51.387,raise,0.01187500000000008,-0.45812500000000034
2026-08-15 22:33:52.171,51.397,raise,-0.04812499999999997,-0.48937499999999967
2026-08-15 22:33:52.181,51.407,raise,0.07937500000000042,-0.4468749999999999
2026-08-15 22:33:52.191,51.417,raise,-0.11750000000000038,-0.49250000000000016
2026-08-15 22:33:52.201,51.427,raise,0.051875000000000115,-0.46374999999999944
2026-08-15 22:33:52.211,51.437,raise,0.03437499999999982,-0.45374999999999943
2026-08-15 22:33:52.221,51.447,raise,-0.020000000000000018,-0.4906250000000001
2026-08-15 22:33:52.231,51.457,raise,0.07750000000000035,-0.44625000000000026
2026-08-15 22:33:52.241,51.467,raise,-0.11249999999999982,-0.4843750000000002
2026-08-15 22:33:52.251,51.477,raise,0.04437499999999983,-0.4574999999999996
2026-08-15 22:33:52.261,51.487,raise,0.006249999999999867,-0.45187499999999936
2026-08-15 22:33:52.271,51.497,raise,-0.043124999999999414,-0.4849999999999999
2026-08-15 22:33:52.281,51.507,raise,0.07874999999999965,-0.44625000000000026
2026-08-15 22:33:52.291,51.517,raise,-0.11750000000000038,-0.48687499999999995
2026-08-15 22:33:52.301,51.527,raise,0.05312500000000053,-0.4612499999999997
2026-08-15 22:33:52.311,51.537,raise,0.03249999999999975,-0.45875
2026-08-15 22:33:52.321,51.547,raise,-0.0737500000000002,-0.49687499999999996
2026-08-15 22:33:52.331,51.557,raise,0.07937500000000042,-0.4500000000000004
2026-08-15 22:33:52.341,51.567,raise,-0.11187500000000017,-0.4874999999999996
2026-08-15 22:33:52.351,51.577,raise,0.043125000000000524,-0.46875
2026-08-15 22:33:52.361,51.587,raise,0.0050000000000005596,-0.4568749999999999
2026-08-15 22:33:52.371,51.597,raise,-0.04124999999999934,-0.4918749999999994
2026-08-15 22:33:52.381,51.607,raise,0.08187500000000014,-0.4437499999999994
2026-08-15 22:33:52.391,51.617,raise,-0.11687499999999962,-0.48875
2026-08-15 22:33:52.401,51.627,raise,0.05750000000000033,-0.46499999999999986
2026-08-15 22:33:52.411,51.637,raise,0.030000000000000027,-0.45937499999999964
2026-08-15 22:33:52.421,51.647,raise,-0.06562500000000027,-0.48937499999999967
2026-08-15 22:33:52.431,51.657,raise,0.08187500000000014,-0.4500000000000004
2026-08-15 22:33:52.441,51.667,raise,-0.11499999999999955,-0.48812500000000036
2026-08-15 22:33:52.451,51.677,raise,0.0506249999999997,-0.4631249999999998
2026-08-15 22:33:52.461,51.687,raise,-0.0024999999999997247,-0.45499999999999985
2026-08-15 22:33:52.471,51.697,raise,-0.033124999999999405,-0.4874999999999996
2026-08-15 22:33:52.481,51.707,raise,0.08187500000000014,-0.44749999999999956
2026-08-15 22:33:52.491,51.717,raise,-0.10499999999999954,-0.49124999999999974
2026-08-15 22:33:52.501,51.727,raise,0.06125000000000047,-0.45812500000000034
2026-08-15 22:33:52.511,51.737,raise,0.022499999999999742,-0.4525000000000001
2026-08-15 22:33:52.521,51.747,raise,-0.061875000000000124,-0.4862500000000003
2026-08-15 22:33:52.531,51.757,raise,0.07937500000000042,-0.4443750000000002
2026-08-15 22:33:52.541,51.767,raise,-0.11812500000000004,-0.4899999999999993
2026-08-15 22:33:52.551,51.777,raise,0.046875000000000666,-0.4568749999999999
2026-08-15 22:33:52.561,51.787,raise,-0.010624999999999662,-0.4568749999999999
2026-08-15 22:33:52.571,51.797,raise,-0.03249999999999975,-0.4962500000000003
2026-08-15 22:33:52.581,51.807,raise,0.07687499999999958,-0.44749999999999956
2026-08-15 22:33:52.591,51.817,raise,-0.10750000000000037,-0.49374999999999947
2026-08-15 22:33:52.601,51.827,raise,0.05750000000000033,-0.4574999999999996
2026-08-15 22:33:52.611,51.837,raise,0.020000000000000018,-0.45625000000000027
2026-08-15 22:33:52.621,51.847,raise,-0.054999999999999494,-0.4962500000000003
2026-08-15 22:33:52.631,51.857,raise,0.08187500000000014,-0.4443750000000002
2026-08-15 22:33:52.641,51.867,raise,-0.11375000000000024,-0.4899999999999993
2026-08-15 22:33:52.651,51.877,raise,0.04750000000000032,-0.46374999999999944
2026-08-15 22:33:52.661,51.887,raise,0.04437499999999983,-0.45625000000000027
2026-08-15 22:33:52.671,51.897,raise,-0.030000000000000027,-0.4918749999999994
2026-08-15 22:33:52.681,51.907,raise,0.0824999999999998,-0.4512499999999997
2026-08-15 22:33:52.691,51.917,raise,-0.10812500000000003,-0.48875
2026-08-15 22:33:52.701,51.927,raise,0.06125000000000047,-0.4631249999999998
2026-08-15 22:33:52.711,51.937,raise,0.014374999999999805,-0.45812500000000034
2026-08-15 22:33:52.721,51.947,raise,-0.05562500000000026,-0.4874999999999996
2026-08-15 22:33:52.731,51.957,raise,0.08000000000000007,-0.44812500000000033
2026-08-15 22:33:52.741,51.967,raise,-0.1143749999999999,-0.48937499999999967
2026-08-15 22:33:52.751,51.977,raise,0.05249999999999977,-0.45812500000000034
2026-08-15 22:33:52.761,51.987,raise,0.038124999999999964,-0.45187499999999936
2026-08-15 22:33:52.771,51.997,raise,-0.019375000000000364,-0.4843750000000002
2026-08-15 22:33:52.781,52.007,raise,0.08000000000000007,-0.44749999999999956
2026-08-15 22:33:52.791,52.017,raise,-0.1143749999999999,-0.48562499999999953
2026-08-15 22:33:52.801,52.027,raise,0.0593750000000004,-0.4600000000000004
2026-08-15 22:33:52.811,52.037,raise,0.005625000000000213,-0.4568749999999999
2026-08-15 22:33:52.821,52.047,raise,-0.0462499999999999,-0.4974999999999996
2026-08-15 22:33:52.831,52.057,raise,0.07874999999999965,-0.44812500000000033
2026-08-15 22:33:52.841,52.067,raise,-0.11624999999999996,-0.49250000000000016
2026-08-15 22:33:52.851,52.077,raise,0.05125000000000046,-0.4574999999999996
2026-08-15 22:33:52.861,52.087,raise,0.03437499999999982,-0.45499999999999985
2026-08-15 22:33:52.871,52.097,raise,-0.01687499999999953,-0.4949999999999999
2026-08-15 22:33:52.881,52.107,raise,0.08187500000000014,-0.4437499999999994
2026-08-15 22:33:52.891,52.117,raise,-0.1112499999999994,-0.4906250000000001
2026-08-15 22:33:52.901,52.127,raise,0.04062499999999969,-0.4674999999999996
2026-08-15 22:33:52.911,52.137,raise,0.0024999999999997247,-0.4574999999999996
2026-08-15 22:33:52.921,52.147,raise,-0.043124999999999414,-0.4918749999999994
2026-08-15 22:33:52.931,52.157,raise,0.08000000000000007,-0.4425000000000001
2026-08-15 22:33:52.941,52.167,raise,-0.11312499999999948,-0.48937499999999967
2026-08-15 22:33:52.951,52.177,raise,0.05437499999999984,-0.4643750000000002
2026-08-15 22:33:52.961,52.187,raise,0.03062499999999968,-0.45812500000000034
2026-08-15 22:33:52.971,52.197,raise,-0.013750000000000151,-0.49250000000000016
2026-08-15 22:33:52.981,52.207,raise,0.07750000000000035,-0.44749999999999956
2026-08-15 22:33:52.991,52.217,raise,-0.11499999999999955,-0.4949999999999999
2026-08-15 22:33:53.001,52.227,raise,0.04437499999999983,-0.46062500000000006
2026-08-15 22:33:53.011,52.237,raise,0.0,-0.45187499999999936
2026-08-15 22:33:53.021,52.247,raise,-0.03874999999999962,-0.4862500000000003
2026-08-15 22:33:53.031,52.257,raise,0.08125000000000049,-0.44812500000000033
2026-08-15 22:33:53.041,52.267,raise,-0.11937499999999934,-0.48812500000000036
2026-08-15 22:33:53.051,52.277,raise,0.05624999999999991,-0.46062500000000006
2026-08-15 22:33:53.061,52.287,raise,0.02187500000000009,-0.4556249999999995
2026-08-15 22:33:53.071,52.297,raise,-0.0637500000000002,-0.4862500000000003
2026-08-15 22:33:53.081,52.307,raise,0.07687499999999958,-0.44937499999999964
2026-08-15 22:33:53.091,52.317,raise,-0.11375000000000024,-0.48875
2026-08-15 22:33:53.101,52.327,raise,0.045000000000000595,-0.4574999999999996
2026-08-15 22:33:53.111,52.337,raise,-0.0031249999999993783,-0.45875
2026-08-15 22:33:53.121,52.347,raise,-0.030000000000000027,-0.4949999999999999
2026-08-15 22:33:53.131,52.357,raise,0.07874999999999965,-0.44749999999999956
2026-08-15 22:33:53.141,52.367,raise,-0.10874999999999968,-0.48937499999999967
2026-08-15 22:33:53.151,52.377,raise,0.058749999999999636,-0.46499999999999986
2026-08-15 22:33:53.161,52.387,raise,0.0187499999999996,-0.4556249999999995
2026-08-15 22:33:53.171,52.397,raise,-0.05562500000000026,-0.4918749999999994
2026-08-15 22:33:53.181,52.407,raise,0.07624999999999993,-0.4468749999999999
2026-08-15 22:33:53.191,52.417,raise,-0.11874999999999969,-0.49250000000000016
2026-08-15 22:33:53.201,52.427,raise,0.04750000000000032,-0.4656249999999995
2026-08-15 22:33:53.211,52.437,raise,-0.010000000000000009,-0.46250000000000013
2026-08-15 22:33:53.221,52.447,raise,-0.03062499999999968,-0.49250000000000016
2026-08-15 22:33:53.231,52.457,raise,0.07750000000000035,-0.4500000000000004
2026-08-15 22:33:53.241,52.467,raise,-0.11249999999999982,-0.4931249999999998
2026-08-15 22:33:53.251,52.477,raise,0.058749999999999636,-0.4643750000000002
2026-08-15 22:33:53.261,52.487,raise,0.01687500000000064,-0.4543750000000002
2026-08-15 22:33:53.271,52.497,raise,-0.053750000000000187,-0.49124999999999974
2026-08-15 22:33:53.281,52.507,raise,0.08000000000000007,-0.44937499999999964
2026-08-15 22:33:53.291,52.517,raise,-0.11812500000000004,-0.49687499999999996
2026-08-15 22:33:53.301,52.527,raise,0.05249999999999977,-0.46187499999999937
2026-08-15 22:33:53.311,52.537,raise,0.04125000000000045,-0.4574999999999996
2026-08-15 22:33:53.321,52.547,raise,-0.02562500000000023,-0.48875
2026-08-15 22:33:53.331,52.557,raise,0.07687499999999958,-0.44875
2026-08-15 22:33:53.341,52.567,raise,-0.1112499999999994,-0.4874999999999996
2026-08-15 22:33:53.351,52.577,raise,0.05812499999999998,-0.46062500000000006
2026-08-15 22:33:53.361,52.587,raise,0.009375000000000355,-0.4556249999999995
2026-08-15 22:33:53.371,52.597,raise,-0.04562500000000025,-0.4981250000000004
2026-08-15 22:33:53.381,52.607,raise,0.07500000000000062,-0.44749999999999956
2026-08-15 22:33:53.391,52.617,raise,-0.11562500000000031,-0.4899999999999993
2026-08-15 22:33:53.401,52.627,raise,0.053750000000000187,-0.45499999999999985
2026-08-15 22:33:53.411,52.637,raise,0.03437499999999982,-0.4568749999999999
2026-08-15 22:33:53.421,52.647,raise,-0.0187499999999996,-0.49437500000000023
2026-08-15 22:33:53.431,52.657,raise,0.078125,-0.44499999999999984
2026-08-15 22:33:53.441,52.667,raise,-0.11187500000000017,-0.49250000000000016
2026-08-15 22:33:53.451,52.677,raise,0.0593750000000004,-0.4656249999999995
2026-08-15 22:33:53.461,52.687,raise,0.006875000000000631,-0.4612499999999997
2026-08-15 22:33:53.471,52.697,raise,-0.04187500000000011,-0.4899999999999993
2026-08-15 22:33:53.481,52.707,raise,0.07624999999999993,-0.44812500000000033
2026-08-15 22:33:53.491,52.717,raise,-0.11375000000000024,-0.49437500000000023
2026-08-15 22:33:53.501,52.727,raise,0.05624999999999991,-0.46187499999999937
2026-08-15 22:33:53.511,52.737,raise,0.03249999999999975,-0.46187499999999937
2026-08-15 22:33:53.521,52.747,raise,-0.014374999999999805,-0.48937499999999967
2026-08-15 22:33:53.531,52.757,raise,0.08062499999999972,-0.4500000000000004
2026-08-15 22:33:53.541,52.767,raise,-0.1143749999999999,-0.49875
2026-08-15 22:33:53.551,52.777,raise,0.04249999999999976,-0.4631249999999998
2026-08-15 22:33:53.561,52.787,raise,-0.0012500000000004174,-0.45499999999999985
2026-08-15 22:33:53.571,52.797,raise,-0.040000000000000036,-0.48875
2026-08-15 22:33:53.581,52.807,raise,0.08000000000000007,-0.4500000000000004
2026-08-15 22:33:53.591,52.817,raise,-0.11812500000000004,-0.4906250000000001
2026-08-15 22:33:53.601,52.827,raise,0.05562500000000026,-0.46374999999999944
2026-08-15 22:33:53.611,52.837,raise,0.026249999999999885,-0.4568749999999999
2026-08-15 22:33:53.621,52.847,raise,-0.007500000000000284,-0.48562499999999953
2026-08-15 22:33:53.631,52.857,raise,0.07750000000000035,-0.44812500000000033
2026-08-15 22:33:53.641,52.867,raise,-0.11249999999999982,-0.4899999999999993
2026-08-15 22:33:53.651,52.877,raise,0.050000000000000044,-0.45625000000000027
2026-08-15 22:33:53.661,52.887,raise,-0.005625000000000213,-0.45812500000000034
2026-08-15 22:33:53.671,52.897,raise,-0.030000000000000027,-0.49562499999999954
2026-08-15 22:33:53.681,52.907,raise,0.07874999999999965,-0.4456249999999995
2026-08-15 22:33:53.691,52.917,raise,-0.11375000000000024,-0.4918749999999994
2026-08-15 22:33:53.701,52.927,raise,0.056875000000000675,-0.4662500000000003
2026-08-15 22:33:53.711,52.937,raise,0.02062499999999967,-0.45875
2026-08-15 22:33:53.721,52.947,raise,-0.06000000000000005,-0.49250000000000016
2026-08-15 22:33:53.731,52.957,raise,0.08000000000000007,-0.4468749999999999
2026-08-15 22:33:53.741,52.967,raise,-0.11062499999999975,-0.49562499999999954
2026-08-15 22:33:53.751,52.977,raise,0.046875000000000666,-0.4643750000000002
2026-08-15 22:33:53.761,52.987,raise,-0.005625000000000213,-0.45875
2026-08-15 22:33:53.771,52.997,raise,-0.03062499999999968,-0.48937499999999967
2026-08-15 22:33:53.781,53.007,raise,0.07687499999999958,-0.4500000000000004
2026-08-15 22:33:53.791,53.017,raise,-0.1100000000000001,-0.49437500000000023
2026-08-15 22:33:53.801,53.027,raise,0.056875000000000675,-0.4643750000000002
2026-08-15 22:33:53.811,53.037,raise,0.01687500000000064,-0.45374999999999943
2026-08-15 22:33:53.821,53.047,raise,-0.05624999999999991,-0.4906250000000001
2026-08-15 22:33:53.831,53.057,raise,0.07874999999999965,-0.44937499999999964
2026-08-15 22:33:53.841,53.067,raise,-0.11562500000000031,-0.49687499999999996
2026-08-15 22:33:53.851,53.077,raise,0.04937500000000039,-0.46187499999999937
2026-08-15 22:33:53.861,53.087,raise,-0.012499999999999734,-0.45812500000000034
2026-08-15 22:33:53.871,53.097,raise,-0.023124999999999396,-0.48562499999999953
2026-08-15 22:33:53.881,53.107,raise,0.08000000000000007,-0.4456249999999995
2026-08-15 22:33:53.891,53.117,raise,-0.10937499999999933,-0.48812500000000036
2026-08-15 22:33:53.901,53.127,raise,0.06000000000000005,-0.4574999999999996
2026-08-15 22:33:53.911,53.137,raise,0.011250000000000426,-0.45875
2026-08-15 22:33:53.921,53.147,raise,-0.050000000000000044,-0.49562499999999954
2026-08-15 22:33:53.931,53.157,raise,0.07937500000000042,-0.4456249999999995
2026-08-15 22:33:53.941,53.167,raise,-0.11249999999999982,-0.4906250000000001
2026-08-15 22:33:53.951,53.177,raise,0.05312500000000053,-0.4662500000000003
2026-08-15 22:33:53.961,53.187,raise,0.03249999999999975,-0.45937499999999964
2026-08-15 22:33:53.971,53.197,raise,-0.017500000000000293,-0.49374999999999947
2026-08-15 22:33:53.981,53.207,raise,0.08187500000000014,-0.4468749999999999
2026-08-15 22:33:53.991,53.217,raise,-0.11187500000000017,-0.4918749999999994
2026-08-15 22:33:54.001,53.227,raise,0.058749999999999636,-0.4662500000000003
2026-08-15 22:33:54.011,53.237,raise,0.008749999999999591,-0.4600000000000004
2026-08-15 22:33:54.021,53.247,raise,-0.04812499999999997,-0.4918749999999994
2026-08-15 22:33:54.031,53.257,raise,0.07937500000000042,-0.4500000000000004
2026-08-15 22:33:54.041,53.267,raise,-0.11312499999999948,-0.4974999999999996
2026-08-15 22:33:54.051,53.277,raise,0.04937500000000039,-0.4662500000000003
2026-08-15 22:33:54.061,53.287,raise,0.031250000000000444,-0.4600000000000004
2026-08-15 22:33:54.071,53.297,raise,-0.02062499999999967,-0.48875
2026-08-15 22:33:54.081,53.307,raise,0.08062499999999972,-0.44875
2026-08-15 22:33:54.091,53.317,raise,-0.1100000000000001,-0.4993749999999997
2026-08-15 22:33:54.101,53.327,raise,0.06249999999999978,-0.4631249999999998
2026-08-15 22:33:54.111,53.337,raise,0.0024999999999997247,-0.45812500000000034
2026-08-15 22:33:54.121,53.347,raise,-0.03937500000000038,-0.48562499999999953
2026-08-15 22:33:54.131,53.357,raise,0.07937500000000042,-0.4500000000000004
2026-08-15 22:33:54.141,53.367,raise,-0.11624999999999996,-0.49124999999999974
2026-08-15 22:33:54.151,53.377,raise,0.05750000000000033,-0.4568749999999999
2026-08-15 22:33:54.161,53.387,raise,0.03062499999999968,-0.45875
2026-08-15 22:33:54.171,53.397,raise,-0.01187500000000008,-0.4981250000000004
2026-08-15 22:33:54.181,53.407,raise,0.07874999999999965,-0.4525000000000001
2026-08-15 22:33:54.191,53.417,raise,-0.1112499999999994,-0.4931249999999998
2026-08-15 22:33:54.201,53.427,raise,0.04187500000000011,-0.45812500000000034
2026-08-15 22:33:54.211,53.437,raise,-0.0012500000000004174,-0.46187499999999937
2026-08-15 22:33:54.221,53.447,raise,-0.03750000000000031,-0.4981250000000004
2026-08-15 22:33:54.231,53.457,raise,0.07624999999999993,-0.44937499999999964
2026-08-15 22:33:54.241,53.467,raise,-0.11562500000000031,-0.4949999999999999
2026-08-15 22:33:54.251,53.477,raise,0.05562500000000026,-0.4656249999999995
2026-08-15 22:33:54.261,53.487,raise,0.022499999999999742,-0.46250000000000013
2026-08-15 22:33:54.271,53.497,raise,-0.010000000000000009,-0.4974999999999996
2026-08-15 22:33:54.281,53.507,raise,0.07937500000000042,-0.45187499999999936
2026-08-15 22:33:54.291,53.517,raise,-0.11312499999999948,-0.49437500000000023
2026-08-15 22:33:54.301,53.527,raise,0.0462499999999999,-0.4700000000000004
2026-08-15 22:33:54.311,53.537,raise,-0.008124999999999938,-0.4643750000000002
2026-08-15 22:33:54.321,53.547,raise,-0.03062499999999968,-0.49124999999999974
2026-08-15 22:33:54.331,53.557,raise,0.07750000000000035,-0.45187499999999936
2026-08-15 22:33:54.341,53.567,raise,-0.11687499999999962,-0.4993749999999997
2026-08-15 22:33:54.351,53.577,raise,0.05624999999999991,-0.4631249999999998
2026-08-15 22:33:54.361,53.587,raise,0.020000000000000018,-0.45875
2026-08-15 22:33:54.371,53.597,raise,-0.058749999999999636,-0.48562499999999953
2026-08-15 22:33:54.381,53.607,raise,0.08187500000000014,-0.45187499999999936
2026-08-15 22:33:54.391,53.617,raise,-0.11249999999999982,-0.4931249999999998
2026-08-15 22:33:54.401,53.627,raise,0.05249999999999977,-0.4631249999999998
2026-08-15 22:33:54.411,53.637,raise,-0.010000000000000009,-0.4574999999999996
2026-08-15 22:33:54.421,53.647,raise,-0.024374999999999813,-0.4831249999999998
2026-08-15 22:33:54.431,53.657,raise,0.08375000000000021,-0.44875
2026-08-15 22:33:54.441,53.667,raise,-0.1056250000000003,-0.49250000000000016
2026-08-15 22:33:54.451,53.677,raise,0.06062499999999971,-0.45625000000000027
2026-08-15 22:33:54.461,53.687,raise,0.014374999999999805,-0.45812500000000034
2026-08-15 22:33:54.471,53.697,raise,-0.050000000000000044,-0.49437500000000023
2026-08-15 22:33:54.481,53.707,raise,0.08000000000000007,-0.44875
2026-08-15 22:33:54.491,53.717,raise,-0.11249999999999982,-0.4899999999999993
2026-08-15 22:33:54.501,53.727,raise,0.05312500000000053,-0.46499999999999986
2026-08-15 22:33:54.511,53.737,raise,-0.011249999999999316,-0.4612499999999997
2026-08-15 22:33:54.521,53.747,raise,-0.017500000000000293,-0.49124999999999974
2026-08-15 22:33:54.531,53.757,raise,0.08062499999999972,-0.4443750000000002
2026-08-15 22:33:54.541,53.767,raise,-0.10750000000000037,-0.49437500000000023
2026-08-15 22:33:54.551,53.777,raise,0.05750000000000033,-0.46875
2026-08-15 22:33:54.561,53.787,raise,0.008124999999999938,-0.4662500000000003
2026-08-15 22:33:54.571,53.797,raise,-0.046874999999999556,-0.4918749999999994
2026-08-15 22:33:54.581,53.807,raise,0.07874999999999965,-0.4500000000000004
2026-08-15 22:33:54.591,53.817,raise,-0.11562500000000031,-0.49437500000000023
2026-08-15 22:33:54.601,53.827,raise,0.050000000000000044,-0.4643750000000002
2026-08-15 22:33:54.611,53.837,raise,0.035000000000000586,-0.45374999999999943
2026-08-15 22:33:54.621,53.847,raise,-0.018124999999999947,-0.48562499999999953
2026-08-15 22:33:54.631,53.857,raise,0.0824999999999998,-0.4468749999999999
2026-08-15 22:33:54.641,53.867,raise,-0.10750000000000037,-0.4962500000000003
2026-08-15 22:33:54.651,53.877,raise,0.06125000000000047,-0.45937499999999964
2026-08-15 22:33:54.661,53.887,raise,0.008124999999999938,-0.45499999999999985
2026-08-15 22:33:54.671,53.897,raise,-0.04062499999999969,-0.4843750000000002
2026-08-15 22:33:54.681,53.907,raise,0.08062499999999972,-0.4468749999999999
2026-08-15 22:33:54.691,53.917,raise,-0.11562500000000031,-0.4931249999999998
2026-08-15 22:33:54.701,53.927,raise,0.055000000000000604,-0.45499999999999985
2026-08-15 22:33:54.711,53.937,raise,0.02874999999999961,-0.46062500000000006
2026-08-15 22:33:54.721,53.947,raise,-0.011249999999999316,-0.4931249999999998
2026-08-15 22:33:54.731,53.957,raise,0.08062499999999972,-0.4443750000000002
2026-08-15 22:33:54.741,53.967,raise,-0.11562500000000031,-0.4906250000000001
2026-08-15 22:33:54.751,53.977,raise,0.06687500000000068,-0.45625000000000027
2026-08-15 22:33:54.761,53.987,raise,0.0006249999999996536,-0.46187499999999937
2026-08-15 22:33:54.771,53.997,raise,-0.03437499999999982,-0.49124999999999974
2026-08-15 22:33:54.781,54.007,raise,0.07874999999999965,-0.44749999999999956
2026-08-15 22:33:54.791,54.017,raise,-0.11812500000000004,-0.4974999999999996
2026-08-15 22:33:54.801,54.027,raise,0.05249999999999977,-0.4656249999999995
2026-08-15 22:33:54.811,54.037,raise,0.026249999999999885,-0.46374999999999944
2026-08-15 22:33:54.821,54.047,raise,-0.010624999999999662,-0.4918749999999994
2026-08-15 22:33:54.831,54.057,raise,0.078125,-0.4500000000000004
2026-08-15 22:33:54.841,54.067,raise,-0.11312499999999948,-0.49437500000000023
2026-08-15 22:33:54.851,54.077,raise,0.04375000000000018,-0.46374999999999944
2026-08-15 22:33:54.861,54.087,raise,-0.0012500000000004174,-0.46687499999999993
2026-08-15 22:33:54.871,54.097,raise,-0.030000000000000027,-0.48875
2026-08-15 22:33:54.881,54.107,raise,0.078125,-0.44749999999999956
2026-08-15 22:33:54.891,54.117,raise,-0.11624999999999996,-0.4949999999999999
2026-08-15 22:33:54.901,54.127,raise,0.05624999999999991,-0.45937499999999964
2026-08-15 22:33:54.911,54.137,raise,0.021250000000000435,-0.45625000000000027
2026-08-15 22:33:54.921,54.147,raise,-0.001875000000000071,-0.4843750000000002
2026-08-15 22:33:54.931,54.157,raise,0.08062499999999972,-0.44937499999999964
2026-08-15 22:33:54.941,54.167,raise,-0.11624999999999996,-0.4906250000000001
2026-08-15 22:33:54.951,54.177,raise,0.050000000000000044,-0.45875
2026-08-15 22:33:54.961,54.187,raise,-0.011249999999999316,-0.45625000000000027
2026-08-15 22:33:54.971,54.197,raise,-0.024999999999999467,-0.4918749999999994
2026-08-15 22:33:54.981,54.207,raise,0.08437499999999987,-0.44625000000000026
2026-08-15 22:33:54.991,54.217,raise,-0.1200000000000001,-0.4949999999999999
2026-08-15 22:33:55.001,54.227,raise,0.06312500000000054,-0.45499999999999985
2026-08-15 22:33:55.011,54.237,raise,0.013750000000000151,-0.45812500000000034
2026-08-15 22:33:55.021,54.247,raise,-0.05562500000000026,-0.4906250000000001
2026-08-15 22:33:55.031,54.257,raise,0.08000000000000007,-0.4443750000000002
2026-08-15 22:33:55.041,54.267,raise,-0.12062499999999976,-0.4949999999999999
2026-08-15 22:33:55.051,54.277,raise,0.05249999999999977,-0.4662500000000003
2026-08-15 22:33:55.061,54.287,raise,-0.014374999999999805,-0.46187499999999937
2026-08-15 22:33:55.071,54.297,raise,-0.019375000000000364,-0.4906250000000001
2026-08-15 22:33:55.081,54.307,raise,0.07750000000000035,-0.45062500000000005
2026-08-15 22:33:55.091,54.317,raise,-0.1143749999999999,-0.49374999999999947
2026-08-15 22:33:55.101,54.327,raise,0.05750000000000033,-0.4643750000000002
2026-08-15 22:33:55.111,54.337,raise,0.010000000000000009,-0.46499999999999986
2026-08-15 22:33:55.121,54.347,raise,-0.0462499999999999,-0.48937499999999967
2026-08-15 22:33:55.131,54.357,raise,0.07874999999999965,-0.4456249999999995
2026-08-15 22:33:55.141,54.367,raise,-0.11375000000000024,-0.4931249999999998
2026-08-15 22:33:55.151,54.377,raise,0.050000000000000044,-0.45937499999999964
2026-08-15 22:33:55.161,54.387,raise,-0.018124999999999947,-0.4556249999999995
2026-08-15 22:33:55.171,54.397,raise,-0.013750000000000151,-0.4849999999999999
2026-08-15 22:33:55.181,54.407,raise,0.08000000000000007,-0.45062500000000005
2026-08-15 22:33:55.191,54.417,raise,-0.11187500000000017,-0.49250000000000016
2026-08-15 22:33:55.201,54.427,raise,0.0637500000000002,-0.45875
2026-08-15 22:33:55.211,54.437,raise,0.006875000000000631,-0.4568749999999999
2026-08-15 22:33:55.221,54.447,raise,-0.043124999999999414,-0.4849999999999999
2026-08-15 22:33:55.231,54.457,raise,0.07937500000000042,-0.44875
2026-08-15 22:33:55.241,54.467,raise,-0.12124999999999941,-0.49250000000000016
2026-08-15 22:33:55.251,54.477,raise,0.05624999999999991,-0.45875
2026-08-15 22:33:55.261,54.487,raise,0.02874999999999961,-0.4612499999999997
2026-08-15 22:33:55.271,54.497,raise,-0.012499999999999734,-0.49437500000000023
2026-08-15 22:33:55.281,54.507,raise,0.0824999999999998,-0.45062500000000005
2026-08-15 22:33:55.291,54.517,raise,-0.11249999999999982,-0.4931249999999998
2026-08-15 22:33:55.301,54.527,raise,0.06312500000000054,-0.4662500000000003
2026-08-15 22:33:55.311,54.537,raise,0.0,-0.4656249999999995
2026-08-15 22:33:55.321,54.547,raise,-0.03750000000000031,-0.49437500000000023
2026-08-15 22:33:55.331,54.557,raise,0.07687499999999958,-0.4468749999999999
2026-08-15 22:33:55.341,54.567,raise,-0.1143749999999999,-0.49687499999999996
2026-08-15 22:33:55.351,54.577,raise,0.05750000000000033,-0.46374999999999944
2026-08-15 22:33:55.361,54.587,raise,0.026249999999999885,-0.4662500000000003
2026-08-15 22:33:55.371,54.597,raise,-0.005625000000000213,-0.48875
2026-08-15 22:33:55.381,54.607,raise,0.08000000000000007,-0.4500000000000004
2026-08-15 22:33:55.391,54.617,raise,-0.1112499999999994,-0.4949999999999999
2026-08-15 22:33:55.401,54.627,raise,0.06687500000000068,-0.4600000000000004
2026-08-15 22:33:55.411,54.637,raise,-0.0031249999999993783,-0.4574999999999996
2026-08-15 22:33:55.421,54.647,raise,-0.033124999999999405,-0.4899999999999993
2026-08-15 22:33:55.431,54.657,raise,0.0824999999999998,-0.44749999999999956
2026-08-15 22:33:55.441,54.667,raise,-0.11312499999999948,-0.4962500000000003
2026-08-15 22:33:55.451,54.677,raise,0.05624999999999991,-0.4568749999999999
2026-08-15 22:33:55.461,54.687,raise,0.022499999999999742,-0.45812500000000034
2026-08-15 22:33:55.471,54.697,raise,-0.0006249999999996536,-0.4818749999999994
2026-08-15 22:33:55.481,54.707,raise,0.08125000000000049,-0.4468749999999999
2026-08-15 22:33:55.491,54.717,raise,-0.11499999999999955,-0.4899999999999993
2026-08-15 22:33:55.501,54.727,raise,0.06500000000000061,-0.4556249999999995
2026-08-15 22:33:55.511,54.737,raise,-0.005625000000000213,-0.4568749999999999
2026-08-15 22:33:55.521,54.747,raise,-0.027500000000000302,-0.4931249999999998
2026-08-15 22:33:55.531,54.757,raise,0.08312500000000056,-0.44499999999999984
2026-08-15 22:33:55.541,54.767,raise,-0.11312499999999948,-0.49250000000000016
2026-08-15 22:33:55.551,54.777,raise,0.058749999999999636,-0.4574999999999996
2026-08-15 22:33:55.561,54.787,raise,0.015625000000000222,-0.46062500000000006
2026-08-15 22:33:55.571,54.797,raise,0.0024999999999997247,-0.49250000000000016
2026-08-15 22:33:55.581,54.807,raise,0.07624999999999993,-0.4468749999999999
2026-08-15 22:33:55.591,54.817,raise,-0.11750000000000038,-0.49374999999999947
2026-08-15 22:33:55.601,54.827,raise,0.051875000000000115,-0.4612499999999997
2026-08-15 22:33:55.611,54.837,raise,-0.016249999999999876,-0.4600000000000004
2026-08-15 22:33:55.621,54.847,raise,-0.019375000000000364,-0.49374999999999947
2026-08-15 22:33:55.631,54.857,raise,0.08062499999999972,-0.44749999999999956
2026-08-15 22:33:55.641,54.867,raise,-0.10937499999999933,-0.49562499999999954
2026-08-15 22:33:55.651,54.877,raise,0.06437499999999985,-0.4612499999999997
2026-08-15 22:33:55.661,54.887,raise,0.014374999999999805,-0.4662500000000003
2026-08-15 22:33:55.671,54.897,raise,-0.04874999999999963,-0.48562499999999953
2026-08-15 22:33:55.681,54.907,raise,0.08187500000000014,-0.44625000000000026
2026-08-15 22:33:55.691,54.917,raise,-0.11375000000000024,-0.49250000000000016
2026-08-15 22:33:55.701,54.927,raise,0.05437499999999984,-0.45937499999999964
2026-08-15 22:33:55.711,54.937,raise,-0.01687499999999953,-0.4568749999999999
2026-08-15 22:33:55.721,54.947,raise,-0.0187499999999996,-0.48124999999999973
2026-08-15 22:33:55.731,54.957,raise,0.0824999999999998,-0.44749999999999956
2026-08-15 22:33:55.741,54.967,raise,-0.1100000000000001,-0.49250000000000016
2026-08-15 22:33:55.751,54.977,raise,0.06249999999999978,-0.45499999999999985
2026-08-15 22:33:55.761,54.987,raise,0.011250000000000426,-0.45812500000000034
2026-08-15 22:33:55.771,54.997,raise,-0.04062499999999969,-0.49124999999999974
2026-08-15 22:33:55.781,55.007,raise,0.08000000000000007,-0.4443750000000002
2026-08-15 22:33:55.791,55.017,raise,-0.1143749999999999,-0.49250000000000016
2026-08-15 22:33:55.801,55.027,raise,0.05437499999999984,-0.45499999999999985
2026-08-15 22:33:55.811,55.037,raise,-0.022499999999999742,-0.46250000000000013
2026-08-15 22:33:55.821,55.047,raise,-0.014374999999999805,-0.49437500000000023
2026-08-15 22:33:55.831,55.057,raise,0.08000000000000007,-0.4500000000000004
2026-08-15 22:33:55.841,55.067,raise,-0.11624999999999996,-0.4949999999999999
2026-08-15 22:33:55.851,55.077,raise,0.06312500000000054,-0.46250000000000013
2026-08-15 22:33:55.861,55.087,raise,0.001875000000000071,-0.46187499999999937
2026-08-15 22:33:55.871,55.097,raise,-0.03687499999999955,-0.4906250000000001
2026-08-15 22:33:55.881,55.107,raise,0.08062499999999972,-0.4468749999999999
2026-08-15 22:33:55.891,55.117,raise,-0.11187500000000017,-0.4931249999999998
2026-08-15 22:33:55.901,55.127,raise,0.06000000000000005,-0.4612499999999997
2026-08-15 22:33:55.911,55.137,raise,0.024374999999999813,-0.46374999999999944
2026-08-15 22:33:55.921,55.147,raise,-0.006249999999999867,-0.48687499999999995
2026-08-15 22:33:55.931,55.157,raise,0.078125,-0.4468749999999999
2026-08-15 22:33:55.941,55.167,raise,-0.11687499999999962,-0.49374999999999947
2026-08-15 22:33:55.951,55.177,raise,0.06125000000000047,-0.4574999999999996
2026-08-15 22:33:55.961,55.187,raise,-0.0024999999999997247,-0.4574999999999996
2026-08-15 22:33:55.971,55.197,raise,-0.0318750000000001,-0.48250000000000015
2026-08-15 22:33:55.981,55.207,raise,0.07750000000000035,-0.44499999999999984
2026-08-15 22:33:55.991,55.217,raise,-0.11187500000000017,-0.48812500000000036
2026-08-15 22:33:56.001,55.227,raise,0.056875000000000675,-0.4574999999999996
2026-08-15 22:33:56.011,55.237,raise,0.021250000000000435,-0.45937499999999964
2026-08-15 22:33:56.021,55.247,raise,-0.005625000000000213,-0.4843750000000002
2026-08-15 22:33:56.031,55.257,raise,0.07937500000000042,-0.4437499999999994
2026-08-15 22:33:56.041,55.267,raise,-0.1143749999999999,-0.4899999999999993
2026-08-15 22:33:56.051,55.277,raise,0.0637500000000002,-0.4556249999999995
2026-08-15 22:33:56.061,55.287,raise,-0.007500000000000284,-0.46250000000000013
2026-08-15 22:33:56.071,55.297,raise,-0.03062499999999968,-0.49437500000000023
2026-08-15 22:33:56.081,55.307,raise,0.07687499999999958,-0.44875
2026-08-15 22:33:56.091,55.317,raise,-0.11874999999999969,-0.49374999999999947
2026-08-15 22:33:56.101,55.327,raise,0.058749999999999636,-0.46374999999999944
2026-08-15 22:33:56.111,55.337,raise,0.018124999999999947,-0.46187499999999937
2026-08-15 22:33:56.121,55.347,raise,0.001875000000000071,-0.48937499999999967
2026-08-15 22:33:56.131,55.357,raise,0.0824999999999998,-0.4437499999999994
2026-08-15 22:33:56.141,55.367,raise,-0.11624999999999996,-0.49374999999999947
2026-08-15 22:33:56.151,55.377,raise,0.06687500000000068,-0.4612499999999997
2026-08-15 22:33:56.161,55.387,raise,-0.009375000000000355,-0.46499999999999986
2026-08-15 22:33:56.171,55.397,raise,-0.024374999999999813,-0.4931249999999998
2026-08-15 22:33:56.181,55.407,raise,0.078125,-0.4512499999999997
2026-08-15 22:33:56.191,55.417,raise,-0.10937499999999933,-0.49562499999999954
2026-08-15 22:33:56.201,55.427,raise,0.05812499999999998,-0.46374999999999944
2026-08-15 22:33:56.211,55.437,raise,0.011250000000000426,-0.45937499999999964
2026-08-15 22:33:56.221,55.447,raise,0.0012500000000004174,-0.48687499999999995
2026-08-15 22:33:56.231,55.457,raise,0.07937500000000042,-0.4525000000000001
2026-08-15 22:33:56.241,55.467,raise,-0.1143749999999999,-0.49687499999999996
2026-08-15 22:33:56.251,55.477,raise,0.0462499999999999,-0.4612499999999997
2026-08-15 22:33:56.261,55.487,raise,-0.013750000000000151,-0.46062500000000006
2026-08-15 22:33:56.271,55.497,raise,-0.01687499999999953,-0.4843750000000002
2026-08-15 22:33:56.281,55.507,raise,0.08187500000000014,-0.4456249999999995
2026-08-15 22:33:56.291,55.517,raise,-0.11312499999999948,-0.4962500000000003
2026-08-15 22:33:56.301,55.527,raise,0.06312500000000054,-0.4600000000000004
2026-08-15 22:33:56.311,55.537,raise,0.008124999999999938,-0.4643750000000002
2026-08-15 22:33:56.321,55.547,raise,-0.04750000000000032,-0.49875
2026-08-15 22:33:56.331,55.557,raise,0.0824999999999998,-0.44937499999999964
2026-08-15 22:33:56.341,55.567,raise,-0.11687499999999962,-0.49687499999999996
2026-08-15 22:33:56.351,55.577,raise,0.05624999999999991,-0.46187499999999937
2026-08-15 22:33:56.361,55.587,raise,-0.01687499999999953,-0.4631249999999998
2026-08-15 22:33:56.371,55.597,raise,-0.014999999999999458,-0.49250000000000016
2026-08-15 22:33:56.381,55.607,raise,0.0824999999999998,-0.44937499999999964
2026-08-15 22:33:56.391,55.617,raise,-0.10750000000000037,-0.49374999999999947
2026-08-15 22:33:56.401,55.627,raise,0.06249999999999978,-0.4662500000000003
2026-08-15 22:33:56.411,55.637,raise,0.0012500000000004174,-0.46687499999999993
2026-08-15 22:33:56.421,55.647,raise,-0.04124999999999934,-0.4906250000000001
2026-08-15 22:33:56.431,55.657,raise,0.08125000000000049,-0.44812500000000033
2026-08-15 22:33:56.441,55.667,raise,-0.11562500000000031,-0.49687499999999996
2026-08-15 22:33:56.451,55.677,raise,0.05624999999999991,-0.46374999999999944
2026-08-15 22:33:56.461,55.687,raise,-0.02187500000000009,-0.4656249999999995
2026-08-15 22:33:56.471,55.697,raise,-0.007500000000000284,-0.4862500000000003
2026-08-15 22:33:56.481,55.707,raise,0.08000000000000007,-0.4512499999999997
2026-08-15 22:33:56.491,55.717,raise,-0.11187500000000017,-0.4949999999999999
2026-08-15 22:33:56.501,55.727,raise,0.06437499999999985,-0.45812500000000034
2026-08-15 22:33:56.511,55.737,raise,-0.0006249999999996536,-0.4574999999999996
2026-08-15 22:33:56.521,55.747,raise,-0.03249999999999975,-0.48374999999999946
2026-08-15 22:33:56.531,55.757,raise,0.08125000000000049,-0.4456249999999995
2026-08-15 22:33:56.541,55.767,raise,-0.11562500000000031,-0.49374999999999947
2026-08-15 22:33:56.551,55.777,raise,0.05437499999999984,-0.4600000000000004
2026-08-15 22:33:56.561,55.787,raise,0.023125000000000506,-0.46250000000000013
2026-08-15 22:33:56.571,55.797,raise,-0.009375000000000355,-0.4831249999999998
2026-08-15 22:33:56.581,55.807,raise,0.08125000000000049,-0.4512499999999997
2026-08-15 22:33:56.591,55.817,raise,-0.11249999999999982,-0.49437500000000023
2026-08-15 22:33:56.601,55.827,raise,0.06624999999999992,-0.45812500000000034
2026-08-15 22:33:56.611,55.837,raise,-0.0024999999999997247,-0.46250000000000013
2026-08-15 22:33:56.621,55.847,raise,-0.03062499999999968,-0.49437500000000023
2026-08-15 22:33:56.631,55.857,raise,0.078125,-0.44937499999999964
2026-08-15 22:33:56.641,55.867,raise,-0.11750000000000038,-0.49562499999999954
2026-08-15 22:33:56.651,55.877,raise,0.06000000000000005,-0.4631249999999998
2026-08-15 22:33:56.661,55.887,raise,0.0187499999999996,-0.46250000000000013
2026-08-15 22:33:56.671,55.897,raise,0.0,-0.49250000000000016
2026-08-15 22:33:56.681,55.907,raise,0.0824999999999998,-0.44749999999999956
2026-08-15 22:33:56.691,55.917,raise,-0.11249999999999982,-0.4974999999999996
2026-08-15 22:33:56.701,55.927,raise,0.06687500000000068,-0.4643750000000002
2026-08-15 22:33:56.711,55.937,raise,-0.009375000000000355,-0.4662500000000003
2026-08-15 22:33:56.721,55.947,raise,-0.024374999999999813,-0.48875
2026-08-15 22:33:56.731,55.957,raise,0.07624999999999993,-0.44937499999999964
2026-08-15 22:33:56.741,55.967,raise,-0.11187500000000017,-0.4974999999999996
2026-08-15 22:33:56.751,55.977,raise,0.06125000000000047,-0.46250000000000013
2026-08-15 22:33:56.761,55.987,raise,0.01687500000000064,-0.4574999999999996
2026-08-15 22:33:56.771,55.997,raise,-0.0006249999999996536,-0.4862500000000003
2026-08-15 22:33:56.781,56.007,raise,0.08375000000000021,-0.4500000000000004
2026-08-15 22:33:56.791,56.017,raise,-0.11562500000000031,-0.49250000000000016
2026-08-15 22:33:56.801,56.027,raise,0.06812499999999999,-0.45875
2026-08-15 22:33:56.811,56.037,raise,-0.014999999999999458,-0.46499999999999986
2026-08-15 22:33:56.821,56.047,raise,-0.023124999999999396,-0.4874999999999996
2026-08-15 22:33:56.831,56.057,raise,0.07874999999999965,-0.4512499999999997
2026-08-15 22:33:56.841,56.067,raise,-0.11562500000000031,-0.49999999999999933
2026-08-15 22:33:56.851,56.077,raise,0.061875000000000124,-0.4568749999999999
2026-08-15 22:33:56.861,56.087,raise,0.010000000000000009,-0.4643750000000002
2026-08-15 22:33:56.871,56.097,raise,0.008749999999999591,-0.4949999999999999
2026-08-15 22:33:56.881,56.107,raise,0.08312500000000056,-0.44749999999999956
2026-08-15 22:33:56.891,56.117,raise,-0.11562500000000031,-0.4949999999999999
2026-08-15 22:33:56.901,56.127,raise,0.055000000000000604,-0.46687499999999993
2026-08-15 22:33:56.911,56.137,raise,-0.017500000000000293,-0.4662500000000003
2026-08-15 22:33:56.921,56.147,raise,-0.016249999999999876,-0.49124999999999974
2026-08-15 22:33:56.931,56.157,raise,0.08062499999999972,-0.4456249999999995
2026-08-15 22:33:56.941,56.167,raise,-0.11187500000000017,-0.4981250000000004
2026-08-15 22:33:56.951,56.177,raise,0.0637500000000002,-0.46374999999999944
2026-08-15 22:33:56.961,56.187,raise,0.0012500000000004174,-0.4662500000000003
2026-08-15 22:33:56.971,56.197,raise,-0.043124999999999414,-0.4862500000000003
2026-08-15 22:33:56.981,56.207,raise,0.08125000000000049,-0.4525000000000001
2026-08-15 22:33:56.991,56.217,raise,-0.11312499999999948,-0.4962500000000003
2026-08-15 22:33:57.001,56.227,raise,0.055000000000000604,-0.4600000000000004
2026-08-15 22:33:57.011,56.237,raise,-0.022499999999999742,-0.45812500000000034
2026-08-15 22:33:57.021,56.247,raise,-0.012499999999999734,-0.4849999999999999
2026-08-15 22:33:57.031,56.257,raise,0.08187500000000014,-0.4468749999999999
2026-08-15 22:33:57.041,56.267,raise,-0.11187500000000017,-0.49875
2026-08-15 22:33:57.051,56.277,raise,0.061875000000000124,-0.4600000000000004
2026-08-15 22:33:57.061,56.287,raise,-0.0012500000000004174,-0.4631249999999998
2026-08-15 22:33:57.071,56.297,raise,-0.03937500000000038,-0.4843750000000002
2026-08-15 22:33:57.081,56.307,raise,0.07874999999999965,-0.45062500000000005
2026-08-15 22:33:57.091,56.317,raise,-0.11687499999999962,-0.49687499999999996
2026-08-15 22:33:57.101,56.327,raise,0.053750000000000187,-0.4600000000000004
2026-08-15 22:33:57.111,56.337,raise,-0.031249999999999334,-0.46374999999999944
2026-08-15 22:33:57.121,56.347,raise,-0.006249999999999867,-0.49437500000000023
2026-08-15 22:33:57.131,56.357,raise,0.08125000000000049,-0.44937499999999964
2026-08-15 22:33:57.141,56.367,raise,-0.1112499999999994,-0.4981250000000004
2026-08-15 22:33:57.151,56.377,raise,0.06750000000000034,-0.45374999999999943
2026-08-15 22:33:57.161,56.387,raise,-0.0031249999999993783,-0.4643750000000002
2026-08-15 22:33:57.171,56.397,raise,-0.03375000000000017,-0.49250000000000016
2026-08-15 22:33:57.181,56.407,raise,0.07500000000000062,-0.45187499999999936
2026-08-15 22:33:57.191,56.417,raise,-0.11312499999999948,-0.49687499999999996
2026-08-15 22:33:57.201,56.427,raise,0.05812499999999998,-0.4643750000000002
2026-08-15 22:33:57.211,56.437,raise,-0.03375000000000017,-0.46687499999999993
2026-08-15 22:33:57.221,56.447,raise,-0.004374999999999796,-0.4899999999999993
2026-08-15 22:33:57.231,56.457,raise,0.07937500000000042,-0.45187499999999936
2026-08-15 22:33:57.241,56.467,raise,-0.11562500000000031,-0.5043750000000002
2026-08-15 22:33:57.251,56.477,raise,0.06249999999999978,-0.4662500000000003
2026-08-15 22:33:57.261,56.487,raise,-0.01187500000000008,-0.47250000000000014
2026-08-15 22:33:57.271,56.497,raise,-0.024999999999999467,-0.48875
2026-08-15 22:33:57.281,56.507,raise,0.078125,-0.44937499999999964
2026-08-15 22:33:57.291,56.517,raise,-0.1143749999999999,-0.5025000000000002
2026-08-15 22:33:57.301,56.527,raise,0.05812499999999998,-0.46062500000000006
2026-08-15 22:33:57.311,56.537,raise,0.015000000000000568,-0.46499999999999986
2026-08-15 22:33:57.321,56.547,raise,-0.003750000000000142,-0.4849999999999999
2026-08-15 22:33:57.331,56.557,raise,0.08062499999999972,-0.4525000000000001
2026-08-15 22:33:57.341,56.567,raise,-0.11687499999999962,-0.4974999999999996
2026-08-15 22:33:57.351,56.577,raise,0.06874999999999964,-0.45937499999999964
2026-08-15 22:33:57.361,56.587,raise,-0.010624999999999662,-0.4662500000000003
2026-08-15 22:33:57.371,56.597,raise,-0.022499999999999742,-0.4831249999999998
2026-08-15 22:33:57.381,56.607,raise,0.07874999999999965,-0.4512499999999997
2026-08-15 22:33:57.391,56.617,raise,-0.11812500000000004,-0.4974999999999996
2026-08-15 22:33:57.401,56.627,raise,0.06249999999999978,-0.45625000000000027
2026-08-15 22:33:57.411,56.637,raise,0.010000000000000009,-0.4656249999999995
2026-08-15 22:33:57.421,56.647,raise,0.0031250000000004885,-0.49374999999999947
2026-08-15 22:33:57.431,56.657,raise,0.08000000000000007,-0.44625000000000026
2026-08-15 22:33:57.441,56.667,raise,-0.11750000000000038,-0.49687499999999996
2026-08-15 22:33:57.451,56.677,raise,0.06624999999999992,-0.46687499999999993
2026-08-15 22:33:57.461,56.687,raise,-0.017500000000000293,-0.4662500000000003
2026-08-15 22:33:57.471,56.697,raise,-0.017500000000000293,-0.49250000000000016
2026-08-15 22:33:57.481,56.707,raise,0.07750000000000035,-0.44749999999999956
2026-08-15 22:33:57.491,56.717,raise,-0.10812500000000003,-0.4974999999999996
2026-08-15 22:33:57.501,56.727,raise,0.05812499999999998,-0.46250000000000013
2026-08-15 22:33:57.511,56.737,raise,0.004374999999999796,-0.4674999999999996
2026-08-15 22:33:57.521,56.747,raise,0.008749999999999591,-0.48812500000000036
2026-08-15 22:33:57.531,56.757,raise,0.07562500000000028,-0.45062500000000005
2026-08-15 22:33:57.541,56.767,raise,-0.11687499999999962,-0.4974999999999996
2026-08-15 22:33:57.551,56.777,raise,0.04750000000000032,-0.4656249999999995
2026-08-15 22:33:57.561,56.787,raise,-0.024374999999999813,-0.46062500000000006
2026-08-15 22:33:57.571,56.797,raise,-0.014374999999999805,-0.4874999999999996
2026-08-15 22:33:57.581,56.807,raise,0.08062499999999972,-0.4531249999999998
2026-08-15 22:33:57.591,56.817,raise,-0.11312499999999948,-0.5031249999999998
2026-08-15 22:33:57.601,56.827,raise,0.06125000000000047,-0.46250000000000013
2026-08-15 22:33:57.611,56.837,raise,0.001875000000000071,-0.46687499999999993
2026-08-15 22:33:57.621,56.847,raise,-0.04249999999999976,-0.4843750000000002
2026-08-15 22:33:57.631,56.857,raise,0.08125000000000049,-0.4512499999999997
2026-08-15 22:33:57.641,56.867,raise,-0.11624999999999996,-0.49437500000000023
2026-08-15 22:33:57.651,56.877,raise,0.053750000000000187,-0.45625000000000027
2026-08-15 22:33:57.661,56.887,raise,-0.027500000000000302,-0.4662500000000003
2026-08-15 22:33:57.671,56.897,raise,-0.008749999999999591,-0.49374999999999947
2026-08-15 22:33:57.681,56.907,raise,0.07874999999999965,-0.44937499999999964
2026-08-15 22:33:57.691,56.917,raise,-0.10624999999999996,-0.4993749999999997
2026-08-15 22:33:57.701,56.927,raise,0.06437499999999985,-0.4568749999999999
2026-08-15 22:33:57.711,56.937,raise,-0.006249999999999867,-0.4674999999999996
2026-08-15 22:33:57.721,56.947,raise,-0.034999999999999476,-0.4918749999999994
2026-08-15 22:33:57.731,56.957,raise,0.07500000000000062,-0.44812500000000033
2026-08-15 22:33:57.741,56.967,raise,-0.11562500000000031,-0.4974999999999996
2026-08-15 22:33:57.751,56.977,raise,0.05812499999999998,-0.46687499999999993
2026-08-15 22:33:57.761,56.987,raise,-0.03249999999999975,-0.46812500000000035
2026-08-15 22:33:57.771,56.997,raise,-0.0031249999999993783,-0.48812500000000036
2026-08-15 22:33:57.781,57.007,raise,0.07750000000000035,-0.4500000000000004
2026-08-15 22:33:57.791,57.017,raise,-0.11562500000000031,-0.4981250000000004
2026-08-15 22:33:57.801,57.027,raise,0.06312500000000054,-0.4612499999999997
2026-08-15 22:33:57.811,57.037,raise,-0.00687499999999952,-0.4612499999999997
2026-08-15 22:33:57.821,57.047,raise,-0.029375000000000373,-0.48812500000000036
2026-08-15 22:33:57.831,57.057,raise,0.07437499999999986,-0.45187499999999936
2026-08-15 22:33:57.841,57.067,raise,-0.11937499999999934,-0.49875
2026-08-15 22:33:57.851,57.077,raise,0.05312500000000053,-0.46187499999999937
2026-08-15 22:33:57.861,57.087,raise,-0.03562500000000024,-0.4643750000000002
2026-08-15 22:33:57.871,57.097,raise,-0.001875000000000071,-0.4843750000000002
2026-08-15 22:33:57.881,57.107,raise,0.08000000000000007,-0.44812500000000033
2026-08-15 22:33:57.891,57.117,raise,-0.11562500000000031,-0.4993749999999997
2026-08-15 22:33:57.901,57.127,raise,0.06624999999999992,-0.4600000000000004
2026-08-15 22:33:57.911,57.137,raise,-0.013750000000000151,-0.4631249999999998
2026-08-15 22:33:57.921,57.147,raise,-0.02375000000000016,-0.4931249999999998
2026-08-15 22:33:57.931,57.157,raise,0.07562500000000028,-0.44812500000000033
2026-08-15 22:33:57.941,57.167,raise,-0.11499999999999955,-0.49687499999999996
2026-08-15 22:33:57.951,57.177,raise,0.056875000000000675,-0.45937499999999964
2026-08-15 22:33:57.961,57.187,raise,0.009375000000000355,-0.46687499999999993
2026-08-15 22:33:57.971,57.197,raise,0.003750000000000142,-0.49250000000000016
2026-08-15 22:33:57.981,57.207,raise,0.07687499999999958,-0.44875
2026-08-15 22:33:57.991,57.217,raise,-0.11562500000000031,-0.49562499999999954
2026-08-15 22:33:58.001,57.227,raise,0.06562500000000027,-0.46374999999999944
2026-08-15 22:33:58.011,57.237,raise,-0.0187499999999996,-0.46687499999999993
2026-08-15 22:33:58.021,57.247,raise,-0.019375000000000364,-0.4899999999999993
2026-08-15 22:33:58.031,57.257,raise,0.07624999999999993,-0.45062500000000005
2026-08-15 22:33:58.041,57.267,raise,-0.11062499999999975,-0.4962500000000003
2026-08-15 22:33:58.051,57.277,raise,0.0593750000000004,-0.46499999999999986
2026-08-15 22:33:58.061,57.287,raise,0.0006249999999996536,-0.4700000000000004
2026-08-15 22:33:58.071,57.297,raise,0.0024999999999997247,-0.48812500000000036
2026-08-15 22:33:58.081,57.307,raise,0.07500000000000062,-0.45374999999999943
2026-08-15 22:33:58.091,57.317,raise,-0.11937499999999934,-0.5006250000000001
2026-08-15 22:33:58.101,57.327,raise,0.06562500000000027,-0.4656249999999995
2026-08-15 22:33:58.111,57.337,raise,-0.02187500000000009,-0.4631249999999998
2026-08-15 22:33:58.121,57.347,raise,-0.014999999999999458,-0.48250000000000015
2026-08-15 22:33:58.131,57.357,raise,0.07937500000000042,-0.44749999999999956
2026-08-15 22:33:58.141,57.367,raise,-0.10874999999999968,-0.49999999999999933
2026-08-15 22:33:58.151,57.377,raise,0.06249999999999978,-0.45812500000000034
2026-08-15 22:33:58.161,57.387,raise,0.005625000000000213,-0.46499999999999986
2026-08-15 22:33:58.171,57.397,raise,0.010000000000000009,-0.4818749999999994
2026-08-15 22:33:58.181,57.407,raise,0.07500000000000062,-0.4531249999999998
2026-08-15 22:33:58.191,57.417,raise,-0.11812500000000004,-0.4981250000000004
2026-08-15 22:33:58.201,57.427,raise,0.05312500000000053,-0.45875
2026-08-15 22:33:58.211,57.437,raise,-0.02874999999999961,-0.46937499999999965
2026-08-15 22:33:58.221,57.447,raise,-0.012499999999999734,-0.4981250000000004
2026-08-15 22:33:58.231,57.457,raise,0.07687499999999958,-0.4531249999999998
2026-08-15 22:33:58.241,57.467,raise,-0.1112499999999994,-0.49875
2026-08-15 22:33:58.251,57.477,raise,0.06062499999999971,-0.46687499999999993
2026-08-15 22:33:58.261,57.487,raise,-0.005625000000000213,-0.4674999999999996
2026-08-15 22:33:58.271,57.497,raise,0.01187500000000008,-0.4931249999999998
2026-08-15 22:33:58.281,57.507,raise,0.07874999999999965,-0.45187499999999936
2026-08-15 22:33:58.291,57.517,raise,-0.11499999999999955,-0.5031249999999998
2026-08-15 22:33:58.301,57.527,raise,0.0506249999999997,-0.46875
2026-08-15 22:33:58.311,57.537,raise,-0.0318750000000001,-0.47250000000000014
2026-08-15 22:33:58.321,57.547,raise,-0.010624999999999662,-0.4899999999999993
2026-08-15 22:33:58.331,57.557,raise,0.07750000000000035,-0.4525000000000001
2026-08-15 22:33:58.341,57.567,raise,-0.10812500000000003,-0.5056249999999995
2026-08-15 22:33:58.351,57.577,raise,0.06437499999999985,-0.46187499999999937
2026-08-15 22:33:58.361,57.587,raise,-0.004374999999999796,-0.46499999999999986
2026-08-15 22:33:58.371,57.597,raise,-0.03437499999999982,-0.48562499999999953
2026-08-15 22:33:58.381,57.607,raise,0.078125,-0.4525000000000001
2026-08-15 22:33:58.391,57.617,raise,-0.11687499999999962,-0.4981250000000004
2026-08-15 22:33:58.401,57.627,raise,0.055000000000000604,-0.45875
2026-08-15 22:33:58.411,57.637,raise,-0.03375000000000017,-0.4643750000000002
2026-08-15 22:33:58.421,57.647,raise,-0.0031249999999993783,-0.4831249999999998
2026-08-15 22:33:58.431,57.657,raise,0.078125,-0.4512499999999997
2026-08-15 22:33:58.441,57.667,raise,-0.11937499999999934,-0.5025000000000002
2026-08-15 22:33:58.451,57.677,raise,0.06562500000000027,-0.45875
2026-08-15 22:33:58.461,57.687,raise,-0.011249999999999316,-0.4662500000000003
2026-08-15 22:33:58.471,57.697,raise,-0.02375000000000016,-0.49374999999999947
2026-08-15 22:33:58.481,57.707,raise,0.07874999999999965,-0.44937499999999964
2026-08-15 22:33:58.491,57.717,raise,-0.11624999999999996,-0.5037499999999995
2026-08-15 22:33:58.501,57.727,raise,0.056875000000000675,-0.46062500000000006
2026-08-15 22:33:58.511,57.737,raise,-0.040000000000000036,-0.46937499999999965
2026-08-15 22:33:58.521,57.747,raise,-0.0006249999999996536,-0.4906250000000001
2026-08-15 22:33:58.531,57.757,raise,0.07750000000000035,-0.4500000000000004
2026-08-15 22:33:58.541,57.767,raise,-0.11624999999999996,-0.4993749999999997
2026-08-15 22:33:58.551,57.777,raise,0.06249999999999978,-0.4674999999999996
2026-08-15 22:33:58.561,57.787,raise,-0.012499999999999734,-0.4743750000000002
2026-08-15 22:33:58.571,57.797,raise,-0.024374999999999813,-0.4899999999999993
2026-08-15 22:33:58.581,57.807,raise,0.07562500000000028,-0.45875
2026-08-15 22:33:58.591,57.817,raise,-0.11375000000000024,-0.5012499999999998
2026-08-15 22:33:58.601,57.827,raise,0.05437499999999984,-0.4643750000000002
2026-08-15 22:33:58.611,57.837,raise,0.007500000000000284,-0.47250000000000014
2026-08-15 22:33:58.621,57.847,raise,0.003750000000000142,-0.4874999999999996
2026-08-15 22:33:58.631,57.857,raise,0.08062499999999972,-0.4525000000000001
2026-08-15 22:33:58.641,57.867,raise,-0.11874999999999969,-0.5025000000000002
2026-08-15 22:33:58.651,57.877,raise,0.06750000000000034,-0.4612499999999997
2026-08-15 22:33:58.661,57.887,raise,-0.021249999999999325,-0.46812500000000035
2026-08-15 22:33:58.671,57.897,raise,-0.01687499999999953,-0.48374999999999946
2026-08-15 22:33:58.681,57.907,raise,0.07562500000000028,-0.4500000000000004
2026-08-15 22:33:58.691,57.917,raise,-0.1143749999999999,-0.5006250000000001
2026-08-15 22:33:58.701,57.927,raise,0.061875000000000124,-0.45937499999999964
2026-08-15 22:33:58.711,57.937,raise,0.004374999999999796,-0.46687499999999993
2026-08-15 22:33:58.721,57.947,raise,0.008124999999999938,-0.49437500000000023
2026-08-15 22:33:58.731,57.957,raise,0.07874999999999965,-0.45062500000000005
2026-08-15 22:33:58.741,57.967,raise,-0.11624999999999996,-0.5012499999999998
2026-08-15 22:33:58.751,57.977,raise,0.0637500000000002,-0.45875
2026-08-15 22:33:58.761,57.987,raise,-0.02375000000000016,-0.46812500000000035
2026-08-15 22:33:58.771,57.997,raise,-0.014374999999999805,-0.4949999999999999
2026-08-15 22:33:58.781,58.007,raise,0.078125,-0.45062500000000005
2026-08-15 22:33:58.791,58.017,raise,-0.1143749999999999,-0.5006250000000001
2026-08-15 22:33:58.801,58.027,raise,0.056875000000000675,-0.46875
2026-08-15 22:33:58.811,58.037,raise,0.0,-0.4700000000000004
2026-08-15 22:33:58.821,58.047,raise,0.008749999999999591,-0.49562499999999954
2026-08-15 22:33:58.831,58.057,raise,0.078125,-0.45499999999999985
2026-08-15 22:33:58.841,58.067,raise,-0.11624999999999996,-0.5018749999999994
2026-08-15 22:33:58.851,58.077,raise,0.05125000000000046,-0.46875
2026-08-15 22:33:58.861,58.087,raise,-0.029375000000000373,-0.4731249999999998
2026-08-15 22:33:58.871,58.097,raise,-0.010000000000000009,-0.48937499999999967
2026-08-15 22:33:58.881,58.107,raise,0.078125,-0.4525000000000001
2026-08-15 22:33:58.891,58.117,raise,-0.11312499999999948,-0.5012499999999998
2026-08-15 22:33:58.901,58.127,raise,0.06562500000000027,-0.46187499999999937
2026-08-15 22:33:58.911,58.137,raise,-0.004999999999999449,-0.46499999999999986
2026-08-15 22:33:58.921,58.147,raise,0.015000000000000568,-0.4849999999999999
2026-08-15 22:33:58.931,58.157,raise,0.07750000000000035,-0.4531249999999998
2026-08-15 22:33:58.941,58.167,raise,-0.11687499999999962,-0.49562499999999954
2026-08-15 22:33:58.951,58.177,raise,0.056875000000000675,-0.46187499999999937
2026-08-15 22:33:58.961,58.187,raise,-0.033124999999999405,-0.46687499999999993
2026-08-15 22:33:58.971,58.197,raise,-0.004999999999999449,-0.4818749999999994
2026-08-15 22:33:58.981,58.207,raise,0.07500000000000062,-0.45374999999999943
2026-08-15 22:33:58.991,58.217,raise,-0.10437499999999988,-0.49999999999999933
2026-08-15 22:33:59.001,58.227,raise,0.06437499999999985,-0.45812500000000034
2026-08-15 22:33:59.011,58.237,raise,-0.009375000000000355,-0.4718749999999994
2026-08-15 22:33:59.021,58.247,raise,-0.026874999999999538,-0.4974999999999996
2026-08-15 22:33:59.031,58.257,raise,0.07500000000000062,-0.4512499999999997
2026-08-15 22:33:59.041,58.267,raise,-0.1112499999999994,-0.5037499999999995
2026-08-15 22:33:59.051,58.277,raise,0.056875000000000675,-0.47062500000000007
2026-08-15 22:33:59.061,58.287,raise,-0.03687499999999955,-0.4731249999999998
2026-08-15 22:33:59.071,58.297,raise,-0.004374999999999796,-0.49374999999999947
2026-08-15 22:33:59.081,58.307,raise,0.07624999999999993,-0.4556249999999995
2026-08-15 22:33:59.091,58.317,raise,-0.12187500000000018,-0.5031249999999998
2026-08-15 22:33:59.101,58.327,raise,0.06249999999999978,-0.46812500000000035
2026-08-15 22:33:59.111,58.337,raise,-0.014999999999999458,-0.4743750000000002
2026-08-15 22:33:59.121,58.347,raise,-0.023124999999999396,-0.49374999999999947
2026-08-15 22:33:59.131,58.357,raise,0.07500000000000062,-0.4556249999999995
2026-08-15 22:33:59.141,58.367,raise,-0.11312499999999948,-0.5037499999999995
2026-08-15 22:33:59.151,58.377,raise,0.06062499999999971,-0.4643750000000002
2026-08-15 22:33:59.161,58.387,raise,-0.04437499999999983,-0.46937499999999965
2026-08-15 22:33:59.171,58.397,raise,0.004374999999999796,-0.48937499999999967
2026-08-15 22:33:59.181,58.407,raise,0.07750000000000035,-0.4556249999999995
2026-08-15 22:33:59.191,58.417,raise,-0.12312499999999948,-0.5074999999999996
2026-08-15 22:33:59.201,58.427,raise,0.0637500000000002,-0.4656249999999995
2026-08-15 22:33:59.211,58.437,raise,-0.020000000000000018,-0.4700000000000004
2026-08-15 22:33:59.221,58.447,raise,-0.019375000000000364,-0.4874999999999996
2026-08-15 22:33:59.231,58.457,raise,0.07187500000000013,-0.4556249999999995
2026-08-15 22:33:59.241,58.467,raise,-0.11249999999999982,-0.5018749999999994
2026-08-15 22:33:59.251,58.477,raise,0.0593750000000004,-0.45937499999999964
2026-08-15 22:33:59.261,58.487,raise,0.0024999999999997247,-0.4712499999999997
2026-08-15 22:33:59.271,58.497,raise,0.006875000000000631,-0.4962500000000003
2026-08-15 22:33:59.281,58.507,raise,0.07750000000000035,-0.4531249999999998
2026-08-15 22:33:59.291,58.517,raise,-0.11375000000000024,-0.5025000000000002
2026-08-15 22:33:59.301,58.527,raise,0.06562500000000027,-0.4631249999999998
2026-08-15 22:33:59.311,58.537,raise,-0.021249999999999325,-0.47687499999999994
2026-08-15 22:33:59.321,58.547,raise,-0.01687499999999953,-0.4962500000000003
2026-08-15 22:33:59.331,58.557,raise,0.07624999999999993,-0.45812500000000034
2026-08-15 22:33:59.341,58.567,raise,-0.11375000000000024,-0.5049999999999999
2026-08-15 22:33:59.351,58.577,raise,0.06000000000000005,-0.46812500000000035
2026-08-15 22:33:59.361,58.587,raise,-0.001875000000000071,-0.47499999999999987
2026-08-15 22:33:59.371,58.597,raise,0.008124999999999938,-0.4949999999999999
2026-08-15 22:33:59.381,58.607,raise,0.07937500000000042,-0.45625000000000027
2026-08-15 22:33:59.391,58.617,raise,-0.11375000000000024,-0.5037499999999995
2026-08-15 22:33:59.401,58.627,raise,0.06687500000000068,-0.4643750000000002
2026-08-15 22:33:59.411,58.637,raise,-0.024999999999999467,-0.47687499999999994
2026-08-15 22:33:59.421,58.647,raise,-0.011249999999999316,-0.48875
2026-08-15 22:33:59.431,58.657,raise,0.07562500000000028,-0.45812500000000034
2026-08-15 22:33:59.441,58.667,raise,-0.11249999999999982,-0.5043750000000002
2026-08-15 22:33:59.451,58.677,raise,0.0593750000000004,-0.46499999999999986
2026-08-15 22:33:59.461,58.687,raise,-0.00687499999999952,-0.4712499999999997
2026-08-15 22:33:59.471,58.697,raise,0.010624999999999662,-0.48937499999999967
2026-08-15 22:33:59.481,58.707,raise,0.07562500000000028,-0.4568749999999999
2026-08-15 22:33:59.491,58.717,raise,-0.11499999999999955,-0.5018749999999994
2026-08-15 22:33:59.501,58.727,raise,0.051875000000000115,-0.46187499999999937
2026-08-15 22:33:59.511,58.737,raise,-0.030000000000000027,-0.46937499999999965
2026-08-15 22:33:59.521,58.747,raise,-0.006249999999999867,-0.4831249999999998
2026-08-15 22:33:59.531,58.757,raise,0.07312500000000055,-0.4556249999999995
2026-08-15 22:33:59.541,58.767,raise,-0.11187500000000017,-0.5062500000000003
2026-08-15 22:33:59.551,58.777,raise,0.06312500000000054,-0.4643750000000002
2026-08-15 22:33:59.561,58.787,raise,-0.008749999999999591,-0.4743750000000002
2026-08-15 22:33:59.571,58.797,raise,0.011250000000000426,-0.4974999999999996
2026-08-15 22:33:59.581,58.807,raise,0.07624999999999993,-0.45625000000000027
2026-08-15 22:33:59.591,58.817,raise,-0.11687499999999962,-0.5031249999999998
2026-08-15 22:33:59.601,58.827,raise,0.05312500000000053,-0.4700000000000004
2026-08-15 22:33:59.611,58.837,raise,-0.03687499999999955,-0.4756249999999995
2026-08-15 22:33:59.621,58.847,raise,-0.0031249999999993783,-0.4931249999999998
2026-08-15 22:33:59.631,58.857,raise,0.07750000000000035,-0.45499999999999985
2026-08-15 22:33:59.641,58.867,raise,-0.10624999999999996,-0.5062500000000003
2026-08-15 22:33:59.651,58.877,raise,0.06562500000000027,-0.46812500000000035
2026-08-15 22:33:59.661,58.887,raise,-0.011249999999999316,-0.47499999999999987
2026-08-15 22:33:59.671,58.897,raise,-0.028124999999999956,-0.49124999999999974
2026-08-15 22:33:59.681,58.907,raise,0.07249999999999979,-0.45374999999999943
2026-08-15 22:33:59.691,58.917,raise,-0.11750000000000038,-0.5031249999999998
2026-08-15 22:33:59.701,58.927,raise,0.05812499999999998,-0.46187499999999937
2026-08-15 22:33:59.711,58.937,raise,-0.03750000000000031,-0.46875
2026-08-15 22:33:59.721,58.947,raise,0.0012500000000004174,-0.4874999999999996
2026-08-15 22:33:59.731,58.957,raise,0.07687499999999958,-0.4531249999999998
2026-08-15 22:33:59.741,58.967,raise,-0.11937499999999934,-0.5025000000000002
2026-08-15 22:33:59.751,58.977,raise,0.06562500000000027,-0.4612499999999997
2026-08-15 22:33:59.761,58.987,raise,-0.013750000000000151,-0.46687499999999993
2026-08-15 22:33:59.771,58.997,raise,-0.022499999999999742,-0.4843750000000002
2026-08-15 22:33:59.781,59.007,raise,0.07562500000000028,-0.4531249999999998
2026-08-15 22:33:59.791,59.017,raise,-0.1143749999999999,-0.5031249999999998
2026-08-15 22:33:59.801,59.027,raise,0.053750000000000187,-0.4662500000000003
2026-08-15 22:33:59.811,59.037,raise,-0.04562500000000025,-0.47374999999999945
2026-08-15 22:33:59.821,59.047,raise,0.0024999999999997247,-0.49562499999999954
2026-08-15 22:33:59.831,59.057,raise,0.07937500000000042,-0.45374999999999943
2026-08-15 22:33:59.841,59.067,raise,-0.11812500000000004,-0.5031249999999998
2026-08-15 22:33:59.851,59.077,raise,0.06624999999999992,-0.46812500000000035
2026-08-15 22:33:59.861,59.087,raise,-0.022499999999999742,-0.47499999999999987
2026-08-15 22:33:59.871,59.097,raise,-0.015625000000000222,-0.4906250000000001
2026-08-15 22:33:59.881,59.107,raise,0.07312500000000055,-0.4574999999999996
2026-08-15 22:33:59.891,59.117,raise,-0.11187500000000017,-0.5006250000000001
2026-08-15 22:33:59.901,59.127,raise,0.06062499999999971,-0.46687499999999993
2026-08-15 22:33:59.911,59.137,raise,-0.0012500000000004174,-0.47812500000000036
2026-08-15 22:33:59.921,59.147,raise,0.009375000000000355,-0.48937499999999967
2026-08-15 22:33:59.931,59.157,raise,0.07750000000000035,-0.4543750000000002
2026-08-15 22:33:59.941,59.167,raise,-0.11624999999999996,-0.5037499999999995
2026-08-15 22:33:59.951,59.177,raise,0.06750000000000034,-0.46687499999999993
2026-08-15 22:33:59.961,59.187,raise,-0.02375000000000016,-0.46812500000000035
2026-08-15 22:33:59.971,59.197,raise,-0.015625000000000222,-0.48687499999999995
2026-08-15 22:33:59.981,59.207,raise,0.07624999999999993,-0.4556249999999995
2026-08-15 22:33:59.991,59.217,raise,-0.1143749999999999,-0.5049999999999999
2026-08-15 22:34:00.001,59.227,raise,0.061875000000000124,-0.4600000000000004
2026-08-15 22:34:00.011,59.237,raise,-0.001875000000000071,-0.4700000000000004
2026-08-15 22:34:00.021,59.247,raise,0.009375000000000355,-0.48562499999999953
2026-08-15 22:34:00.031,59.257,raise,0.08062499999999972,-0.4556249999999995
2026-08-15 22:34:00.041,59.267,raise,-0.11499999999999955,-0.5025000000000002
2026-08-15 22:34:00.051,59.277,raise,0.06874999999999964,-0.4600000000000004
2026-08-15 22:34:00.061,59.287,raise,-0.02874999999999961,-0.47250000000000014
2026-08-15 22:34:00.071,59.297,raise,-0.009375000000000355,-0.4949999999999999
2026-08-15 22:34:00.081,59.307,raise,0.078125,-0.4574999999999996
2026-08-15 22:34:00.091,59.317,raise,-0.10937499999999933,-0.5043750000000002
2026-08-15 22:34:00.101,59.327,raise,0.0637500000000002,-0.4643750000000002
2026-08-15 22:34:00.111,59.337,raise,-0.008749999999999591,-0.4731249999999998
2026-08-15 22:34:00.121,59.347,raise,0.013125000000000497,-0.4931249999999998
2026-08-15 22:34:00.131,59.357,raise,0.07562500000000028,-0.45499999999999985
2026-08-15 22:34:00.141,59.367,raise,-0.11687499999999962,-0.5025000000000002
2026-08-15 22:34:00.151,59.377,raise,0.05750000000000033,-0.4662500000000003
2026-08-15 22:34:00.161,59.387,raise,-0.03437499999999982,-0.4743750000000002
2026-08-15 22:34:00.171,59.397,raise,-0.003750000000000142,-0.49250000000000016
2026-08-15 22:34:00.181,59.407,raise,0.07500000000000062,-0.45625000000000027
2026-08-15 22:34:00.191,59.417,raise,-0.10624999999999996,-0.5043750000000002
2026-08-15 22:34:00.201,59.427,raise,0.0637500000000002,-0.46687499999999993
2026-08-15 22:34:00.211,59.437,raise,-0.013124999999999387,-0.48124999999999973
2026-08-15 22:34:00.221,59.447,raise,0.015000000000000568,-0.4906250000000001
2026-08-15 22:34:00.231,59.457,raise,0.07437499999999986,-0.45937499999999964
2026-08-15 22:34:00.241,59.467,raise,-0.11750000000000038,-0.5074999999999996
2026-08-15 22:34:00.251,59.477,raise,0.05812499999999998,-0.4656249999999995
2026-08-15 22:34:00.261,59.487,raise,-0.040000000000000036,-0.46875
2026-08-15 22:34:00.271,59.497,raise,0.0012500000000004174,-0.4849999999999999
2026-08-15 22:34:00.281,59.507,raise,0.07874999999999965,-0.4543750000000002
2026-08-15 22:34:00.291,59.517,raise,-0.10937499999999933,-0.5012499999999998
2026-08-15 22:34:00.301,59.527,raise,0.06812499999999999,-0.46250000000000013
2026-08-15 22:34:00.311,59.537,raise,-0.015625000000000222,-0.47250000000000014
2026-08-15 22:34:00.321,59.547,raise,-0.024999999999999467,-0.48875
2026-08-15 22:34:00.331,59.557,raise,0.0737500000000002,-0.4556249999999995
2026-08-15 22:34:00.341,59.567,raise,-0.11249999999999982,-0.5037499999999995
2026-08-15 22:34:00.351,59.577,raise,0.06125000000000047,-0.4656249999999995
2026-08-15 22:34:00.361,59.587,raise,-0.04437499999999983,-0.4743750000000002
2026-08-15 22:34:00.371,59.597,raise,0.008749999999999591,-0.4931249999999998
2026-08-15 22:34:00.381,59.607,raise,0.07874999999999965,-0.45499999999999985
2026-08-15 22:34:00.391,59.617,raise,-0.11750000000000038,-0.5018749999999994
2026-08-15 22:34:00.401,59.627,raise,0.06750000000000034,-0.4656249999999995
2026-08-15 22:34:00.411,59.637,raise,-0.020000000000000018,-0.4731249999999998
2026-08-15 22:34:00.421,59.647,raise,-0.013750000000000151,-0.49124999999999974
2026-08-15 22:34:00.431,59.657,raise,0.07687499999999958,-0.45187499999999936
2026-08-15 22:34:00.441,59.667,raise,-0.10874999999999968,-0.5012499999999998
2026-08-15 22:34:00.451,59.677,raise,0.06000000000000005,-0.46499999999999986
2026-08-15 22:34:00.461,59.687,raise,-0.0462499999999999,-0.47499999999999987
2026-08-15 22:34:00.471,59.697,raise,0.008124999999999938,-0.4862500000000003
2026-08-15 22:34:00.481,59.707,raise,0.08062499999999972,-0.45187499999999936
2026-08-15 22:34:00.491,59.717,raise,-0.11562500000000031,-0.5006250000000001
2026-08-15 22:34:00.501,59.727,raise,0.07062499999999972,-0.45937499999999964
2026-08-15 22:34:00.511,59.737,raise,-0.02187500000000009,-0.46374999999999944
2026-08-15 22:34:00.521,59.747,raise,-0.012499999999999734,-0.48374999999999946
2026-08-15 22:34:00.531,59.757,raise,0.07437499999999986,-0.4500000000000004
2026-08-15 22:34:00.541,59.767,raise,-0.1100000000000001,-0.5043750000000002
2026-08-15 22:34:00.551,59.777,raise,0.06062499999999971,-0.46250000000000013
2026-08-15 22:34:00.561,59.787,raise,-0.0024999999999997247,-0.46812500000000035
2026-08-15 22:34:00.571,59.797,raise,0.011250000000000426,-0.4831249999999998
2026-08-15 22:34:00.581,59.807,raise,0.07624999999999993,-0.4512499999999997
2026-08-15 22:34:00.591,59.817,raise,-0.11687499999999962,-0.5043750000000002
2026-08-15 22:34:00.601,59.827,raise,0.06750000000000034,-0.46250000000000013
2026-08-15 22:34:00.611,59.837,raise,-0.02562500000000023,-0.4718749999999994
2026-08-15 22:34:00.621,59.847,raise,-0.003750000000000142,-0.4931249999999998
2026-08-15 22:34:00.631,59.857,raise,0.07562500000000028,-0.4531249999999998
2026-08-15 22:34:00.641,59.867,raise,-0.1056250000000003,-0.5049999999999999
2026-08-15 22:34:00.651,59.877,raise,0.06312500000000054,-0.46687499999999993
2026-08-15 22:34:00.661,59.887,raise,-0.007500000000000284,-0.47499999999999987
2026-08-15 22:34:00.671,59.897,raise,0.015000000000000568,-0.4918749999999994
2026-08-15 22:34:00.681,59.907,raise,0.07874999999999965,-0.45374999999999943
2026-08-15 22:34:00.691,59.917,raise,-0.11249999999999982,-0.5056249999999995
2026-08-15 22:34:00.701,59.927,raise,0.07000000000000006,-0.4662500000000003
2026-08-15 22:34:00.711,59.937,raise,-0.03062499999999968,-0.47875
2026-08-15 22:34:00.721,59.947,raise,-0.0024999999999997247,-0.48812500000000036
2026-08-15 22:34:00.731,59.957,raise,0.07687499999999958,-0.4525000000000001
2026-08-15 22:34:00.741,59.967,raise,-0.10312499999999947,-0.506875
2026-08-15 22:34:00.751,59.977,raise,0.06562500000000027,-0.45812500000000034
2026-08-15 22:34:00.761,59.987,raise,-0.006249999999999867,-0.46687499999999993
2026-08-15 22:34:00.771,59.997,raise,0.020000000000000018,-0.4843750000000002
2026-08-15 22:34:00.781,60.007,raise,0.078125,-0.45187499999999936
2026-08-15 22:34:00.791,60.017,raise,-0.11312499999999948,-0.5056249999999995
2026-08-15 22:34:00.801,60.027,raise,0.055000000000000604,-0.4600000000000004
2026-08-15 22:34:00.811,60.037,raise,-0.04187500000000011,-0.4718749999999994
2026-08-15 22:34:00.821,60.047,raise,0.0,-0.4849999999999999
2026-08-15 22:34:00.831,60.057,raise,0.07874999999999965,-0.4525000000000001
2026-08-15 22:34:00.841,60.067,raise,-0.10874999999999968,-0.5031249999999998
2026-08-15 22:34:00.851,60.077,raise,0.06687500000000068,-0.46250000000000013
2026-08-15 22:34:00.861,60.087,raise,-0.014999999999999458,-0.47062500000000007
2026-08-15 22:34:00.871,60.097,raise,0.019375000000000364,-0.4931249999999998
2026-08-15 22:34:00.881,60.107,raise,0.07687499999999958,-0.45374999999999943
2026-08-15 22:34:00.891,60.117,raise,-0.11562500000000031,-0.5006250000000001
2026-08-15 22:34:00.901,60.127,raise,0.058749999999999636,-0.45812500000000034
2026-08-15 22:34:00.911,60.137,raise,-0.04249999999999976,-0.4718749999999994
2026-08-15 22:34:00.921,60.147,raise,0.003750000000000142,-0.4906250000000001
2026-08-15 22:34:00.931,60.157,raise,0.07937500000000042,-0.4531249999999998
2026-08-15 22:34:00.941,60.167,raise,-0.10187500000000016,-0.5018749999999994
2026-08-15 22:34:00.951,60.177,raise,0.06624999999999992,-0.46499999999999986
2026-08-15 22:34:00.961,60.187,raise,-0.014374999999999805,-0.47374999999999945
2026-08-15 22:34:00.971,60.197,raise,-0.017500000000000293,-0.48812500000000036
2026-08-15 22:34:00.981,60.207,raise,0.08000000000000007,-0.4500000000000004
2026-08-15 22:34:00.991,60.217,raise,-0.10937499999999933,-0.5018749999999994
2026-08-15 22:34:01.001,60.227,raise,0.06062499999999971,-0.45937499999999964
2026-08-15 22:34:01.011,60.237,raise,-0.046874999999999556,-0.4756249999999995
2026-08-15 22:34:01.021,60.247,raise,0.008124999999999938,-0.4849999999999999
2026-08-15 22:34:01.031,60.257,raise,0.078125,-0.4543750000000002
2026-08-15 22:34:01.041,60.267,raise,-0.11687499999999962,-0.5018749999999994
2026-08-15 22:34:01.051,60.277,raise,0.06750000000000034,-0.46062500000000006
2026-08-15 22:34:01.061,60.287,raise,-0.024374999999999813,-0.46937499999999965
2026-08-15 22:34:01.071,60.297,raise,-0.012499999999999734,-0.4818749999999994
2026-08-15 22:34:01.081,60.307,raise,0.07187500000000013,-0.45187499999999936
2026-08-15 22:34:01.091,60.317,raise,-0.11187500000000017,-0.5049999999999999
2026-08-15 22:34:01.101,60.327,raise,0.06249999999999978,-0.45812500000000034
2026-08-15 22:34:01.111,60.337,raise,-0.054999999999999494,-0.4700000000000004
2026-08-15 22:34:01.121,60.347,raise,0.012499999999999734,-0.47875
2026-08-15 22:34:01.131,60.357,raise,0.07874999999999965,-0.45062500000000005
2026-08-15 22:34:01.141,60.367,raise,-0.11750000000000038,-0.5025000000000002
2026-08-15 22:34:01.151,60.377,raise,0.06937500000000041,-0.45875
2026-08-15 22:34:01.161,60.387,raise,-0.02375000000000016,-0.47250000000000014
2026-08-15 22:34:01.171,60.397,raise,-0.006249999999999867,-0.4899999999999993
2026-08-15 22:34:01.181,60.407,raise,0.07312500000000055,-0.45062500000000005
2026-08-15 22:34:01.191,60.417,raise,-0.10499999999999954,-0.5037499999999995
2026-08-15 22:34:01.201,60.427,raise,0.06249999999999978,-0.46250000000000013
2026-08-15 22:34:01.211,60.437,raise,-0.00687499999999952,-0.4762500000000003
2026-08-15 22:34:01.221,60.447,raise,0.015000000000000568,-0.4874999999999996
2026-08-15 22:34:01.231,60.457,raise,0.07874999999999965,-0.45374999999999943
2026-08-15 22:34:01.241,60.467,raise,-0.1143749999999999,-0.5031249999999998
2026-08-15 22:34:01.251,60.477,raise,0.07062499999999972,-0.4643750000000002
2026-08-15 22:34:01.261,60.487,raise,-0.03624999999999989,-0.47937499999999966
2026-08-15 22:34:01.271,60.497,raise,-0.0031249999999993783,-0.4874999999999996
2026-08-15 22:34:01.281,60.507,raise,0.0737500000000002,-0.4531249999999998
2026-08-15 22:34:01.291,60.517,raise,-0.10812500000000003,-0.5037499999999995
2026-08-15 22:34:01.301,60.527,raise,0.06624999999999992,-0.46187499999999937
2026-08-15 22:34:01.311,60.537,raise,-0.010000000000000009,-0.4712499999999997
2026-08-15 22:34:01.321,60.547,raise,0.015000000000000568,-0.48250000000000015
2026-08-15 22:34:01.331,60.557,raise,0.07437499999999986,-0.4525000000000001
2026-08-15 22:34:01.341,60.567,raise,-0.1143749999999999,-0.5012499999999998
2026-08-15 22:34:01.351,60.577,raise,0.06874999999999964,-0.4631249999999998
2026-08-15 22:34:01.361,60.587,raise,-0.03562500000000024,-0.46937499999999965
2026-08-15 22:34:01.371,60.597,raise,0.001875000000000071,-0.4806250000000001
2026-08-15 22:34:01.381,60.607,raise,0.07687499999999958,-0.45187499999999936
2026-08-15 22:34:01.391,60.617,raise,-0.10187500000000016,-0.49687499999999996
2026-08-15 22:34:01.401,60.627,raise,0.06562500000000027,-0.4574999999999996
2026-08-15 22:34:01.411,60.637,raise,-0.012499999999999734,-0.47062500000000007
2026-08-15 22:34:01.421,60.647,raise,0.02062499999999967,-0.49374999999999947
2026-08-15 22:34:01.431,60.657,raise,0.07500000000000062,-0.4512499999999997
2026-08-15 22:34:01.441,60.667,raise,-0.11062499999999975,-0.5037499999999995
2026-08-15 22:34:01.451,60.677,raise,0.05750000000000033,-0.45499999999999985
2026-08-15 22:34:01.461,60.687,raise,-0.04437499999999983,-0.4718749999999994
2026-08-15 22:34:01.471,60.697,raise,0.008124999999999938,-0.48812500000000036
2026-08-15 22:34:01.481,60.707,raise,0.07937500000000042,-0.45062500000000005
2026-08-15 22:34:01.491,60.717,raise,-0.10000000000000009,-0.49875
2026-08-15 22:34:01.501,60.727,raise,0.07000000000000006,-0.46062500000000006
2026-08-15 22:34:01.511,60.737,raise,-0.02187500000000009,-0.47250000000000014
2026-08-15 22:34:01.521,60.747,raise,0.024374999999999813,-0.48562499999999953
2026-08-15 22:34:01.531,60.757,raise,0.0737500000000002,-0.4525000000000001
2026-08-15 22:34:01.541,60.767,raise,-0.11062499999999975,-0.49999999999999933
2026-08-15 22:34:01.551,60.777,raise,0.0593750000000004,-0.46062500000000006
2026-08-15 22:34:01.561,60.787,raise,-0.04937500000000039,-0.46812500000000035
2026-08-15 22:34:01.571,60.797,raise,0.010624999999999662,-0.48250000000000015
2026-08-15 22:34:01.581,60.807,raise,0.07500000000000062,-0.45499999999999985
2026-08-15 22:34:01.591,60.817,raise,-0.10375000000000023,-0.5012499999999998
2026-08-15 22:34:01.601,60.827,raise,0.06562500000000027,-0.4600000000000004
2026-08-15 22:34:01.611,60.837,raise,-0.022499999999999742,-0.47062500000000007
2026-08-15 22:34:01.621,60.847,raise,-0.01187500000000008,-0.4762500000000003
2026-08-15 22:34:01.631,60.857,raise,0.07874999999999965,-0.45062500000000005
2026-08-15 22:34:01.641,60.867,raise,-0.10375000000000023,-0.4974999999999996
2026-08-15 22:34:01.651,60.877,raise,0.06500000000000061,-0.4574999999999996
2026-08-15 22:34:01.661,60.887,raise,-0.05312499999999942,-0.46937499999999965
2026-08-15 22:34:01.671,60.897,raise,0.013125000000000497,-0.48937499999999967
2026-08-15 22:34:01.681,60.907,raise,0.078125,-0.44812500000000033
2026-08-15 22:34:01.691,60.917,raise,-0.09874999999999967,-0.5025000000000002
2026-08-15 22:34:01.701,60.927,raise,0.07062499999999972,-0.4531249999999998
2026-08-15 22:34:01.711,60.937,raise,-0.030000000000000027,-0.4712499999999997
2026-08-15 22:34:01.721,60.947,raise,-0.004374999999999796,-0.4849999999999999
2026-08-15 22:34:01.731,60.957,raise,0.07687499999999958,-0.4500000000000004
2026-08-15 22:34:01.741,60.967,raise,-0.10812500000000003,-0.5012499999999998
2026-08-15 22:34:01.751,60.977,raise,0.06750000000000034,-0.45937499999999964
2026-08-15 22:34:01.761,60.987,raise,-0.05750000000000033,-0.4718749999999994
2026-08-15 22:34:01.771,60.997,raise,0.016249999999999876,-0.4831249999999998
2026-08-15 22:34:01.781,61.007,raise,0.078125,-0.45374999999999943
2026-08-15 22:34:01.791,61.017,raise,-0.11624999999999996,-0.5018749999999994
2026-08-15 22:34:01.801,61.027,raise,0.06937500000000041,-0.46187499999999937
2026-08-15 22:34:01.811,61.037,raise,-0.03375000000000017,-0.4743750000000002
2026-08-15 22:34:01.821,61.047,raise,-0.0031249999999993783,-0.4818749999999994
2026-08-15 22:34:01.831,61.057,raise,0.07187500000000013,-0.4525000000000001
2026-08-15 22:34:01.841,61.067,raise,-0.10312499999999947,-0.4993749999999997
2026-08-15 22:34:01.851,61.077,raise,0.06312500000000054,-0.4556249999999995
2026-08-15 22:34:01.861,61.087,raise,-0.010624999999999662,-0.46937499999999965
2026-08-15 22:34:01.871,61.097,raise,0.018124999999999947,-0.4756249999999995
2026-08-15 22:34:01.881,61.107,raise,0.07937500000000042,-0.45062500000000005
2026-08-15 22:34:01.891,61.117,raise,-0.1112499999999994,-0.5031249999999998
2026-08-15 22:34:01.901,61.127,raise,0.07437499999999986,-0.4531249999999998
2026-08-15 22:34:01.911,61.137,raise,-0.03874999999999962,-0.4674999999999996
2026-08-15 22:34:01.921,61.147,raise,0.001875000000000071,-0.47374999999999945
2026-08-15 22:34:01.931,61.157,raise,0.07249999999999979,-0.4500000000000004
2026-08-15 22:34:01.941,61.167,raise,-0.10375000000000023,-0.4993749999999997
2026-08-15 22:34:01.951,61.177,raise,0.06874999999999964,-0.4525000000000001
2026-08-15 22:34:01.961,61.187,raise,-0.016249999999999876,-0.4674999999999996
2026-08-15 22:34:01.971,61.197,raise,0.02187500000000009,-0.4862500000000003
2026-08-15 22:34:01.981,61.207,raise,0.08000000000000007,-0.45187499999999936
2026-08-15 22:34:01.991,61.217,raise,-0.1112499999999994,-0.5012499999999998
2026-08-15 22:34:02.001,61.227,raise,0.07249999999999979,-0.4631249999999998
2026-08-15 22:34:02.011,61.237,raise,-0.04249999999999976,-0.47250000000000014
2026-08-15 22:34:02.021,61.247,raise,0.006249999999999867,-0.4849999999999999
2026-08-15 22:34:02.031,61.257,raise,0.07562500000000028,-0.44749999999999956
2026-08-15 22:34:02.041,61.267,raise,-0.10375000000000023,-0.5025000000000002
2026-08-15 22:34:02.051,61.277,raise,0.06312500000000054,-0.45875
2026-08-15 22:34:02.061,61.287,raise,-0.018124999999999947,-0.47499999999999987
2026-08-15 22:34:02.071,61.297,raise,0.022499999999999742,-0.4806250000000001
2026-08-15 22:34:02.081,61.307,raise,0.0737500000000002,-0.4531249999999998
2026-08-15 22:34:02.091,61.317,raise,-0.10687499999999961,-0.49687499999999996
2026-08-15 22:34:02.101,61.327,raise,0.05750000000000033,-0.45812500000000034
2026-08-15 22:34:02.111,61.337,raise,-0.046874999999999556,-0.4674999999999996
2026-08-15 22:34:02.121,61.347,raise,0.008124999999999938,-0.4774999999999996
2026-08-15 22:34:02.131,61.357,raise,0.07874999999999965,-0.44625000000000026
2026-08-15 22:34:02.141,61.367,raise,-0.10000000000000009,-0.5006250000000001
2026-08-15 22:34:02.151,61.377,raise,0.07000000000000006,-0.45499999999999985
2026-08-15 22:34:02.161,61.387,raise,-0.024374999999999813,-0.46687499999999993
2026-08-15 22:34:02.171,61.397,raise,0.02375000000000016,-0.47499999999999987
2026-08-15 22:34:02.181,61.407,raise,0.07562500000000028,-0.4500000000000004
2026-08-15 22:34:02.191,61.417,raise,-0.1100000000000001,-0.5018749999999994
2026-08-15 22:34:02.201,61.427,raise,0.06062499999999971,-0.45499999999999985
2026-08-15 22:34:02.211,61.437,raise,-0.05562500000000026,-0.4718749999999994
2026-08-15 22:34:02.221,61.447,raise,0.013750000000000151,-0.4874999999999996
2026-08-15 22:34:02.231,61.457,raise,0.08000000000000007,-0.4531249999999998
2026-08-15 22:34:02.241,61.467,raise,-0.09812500000000002,-0.5012499999999998
2026-08-15 22:34:02.251,61.477,raise,0.06937500000000041,-0.4543750000000002
2026-08-15 22:34:02.261,61.487,raise,-0.02874999999999961,-0.47499999999999987
2026-08-15 22:34:02.271,61.497,raise,-0.00687499999999952,-0.48374999999999946
2026-08-15 22:34:02.281,61.507,raise,0.07187500000000013,-0.44875
2026-08-15 22:34:02.291,61.517,raise,-0.10874999999999968,-0.5012499999999998
2026-08-15 22:34:02.301,61.527,raise,0.0637500000000002,-0.46062500000000006
2026-08-15 22:34:02.311,61.537,raise,-0.06062499999999971,-0.48124999999999973
2026-08-15 22:34:02.321,61.547,raise,0.014374999999999805,-0.4843750000000002
2026-08-15 22:34:02.331,61.557,raise,0.07562500000000028,-0.45374999999999943
2026-08-15 22:34:02.341,61.567,raise,-0.0968749999999996,-0.5012499999999998
2026-08-15 22:34:02.351,61.577,raise,0.07000000000000006,-0.45875
2026-08-15 22:34:02.361,61.587,raise,-0.03624999999999989,-0.48124999999999973
2026-08-15 22:34:02.371,61.597,raise,-0.004374999999999796,-0.4818749999999994
2026-08-15 22:34:02.381,61.607,raise,0.07312500000000055,-0.44875
2026-08-15 22:34:02.391,61.617,raise,-0.10437499999999988,-0.4974999999999996
2026-08-15 22:34:02.401,61.627,raise,0.06937500000000041,-0.4543750000000002
2026-08-15 22:34:02.411,61.637,raise,-0.061875000000000124,-0.4700000000000004
2026-08-15 22:34:02.421,61.647,raise,0.0187499999999996,-0.4762500000000003
2026-08-15 22:34:02.431,61.657,raise,0.078125,-0.44749999999999956
2026-08-15 22:34:02.441,61.667,raise,-0.11375000000000024,-0.49562499999999954
2026-08-15 22:34:02.451,61.677,raise,0.07437499999999986,-0.45499999999999985
2026-08-15 22:34:02.461,61.687,raise,-0.04187500000000011,-0.4712499999999997
2026-08-15 22:34:02.471,61.697,raise,0.006875000000000631,-0.4874999999999996
2026-08-15 22:34:02.481,61.707,raise,0.07125000000000048,-0.45187499999999936
2026-08-15 22:34:02.491,61.717,raise,-0.10312499999999947,-0.4993749999999997
2026-08-15 22:34:02.501,61.727,raise,0.06874999999999964,-0.45499999999999985
2026-08-15 22:34:02.511,61.737,raise,-0.019375000000000364,-0.4731249999999998
2026-08-15 22:34:02.521,61.747,raise,0.020000000000000018,-0.48374999999999946
2026-08-15 22:34:02.531,61.757,raise,0.07437499999999986,-0.4500000000000004
2026-08-15 22:34:02.541,61.767,raise,-0.11249999999999982,-0.5012499999999998
2026-08-15 22:34:02.551,61.777,raise,0.07062499999999972,-0.4600000000000004
2026-08-15 22:34:02.561,61.787,raise,-0.04437499999999983,-0.4774999999999996
2026-08-15 22:34:02.571,61.797,raise,0.007500000000000284,-0.4831249999999998
2026-08-15 22:34:02.581,61.807,raise,0.07187500000000013,-0.4531249999999998
2026-08-15 22:34:02.591,61.817,raise,-0.10000000000000009,-0.5018749999999994
2026-08-15 22:34:02.601,61.827,raise,0.06624999999999992,-0.45937499999999964
2026-08-15 22:34:02.611,61.837,raise,-0.021249999999999325,-0.47875
2026-08-15 22:34:02.621,61.847,raise,0.023125000000000506,-0.4800000000000004
2026-08-15 22:34:02.631,61.857,raise,0.07687499999999958,-0.44937499999999964
2026-08-15 22:34:02.641,61.867,raise,-0.11312499999999948,-0.5025000000000002
2026-08-15 22:34:02.651,61.877,raise,0.07437499999999986,-0.4568749999999999
2026-08-15 22:34:02.661,61.887,raise,-0.046874999999999556,-0.46875
2026-08-15 22:34:02.671,61.897,raise,0.012499999999999734,-0.4756249999999995
2026-08-15 22:34:02.681,61.907,raise,0.07687499999999958,-0.44937499999999964
2026-08-15 22:34:02.691,61.917,raise,-0.09750000000000036,-0.4974999999999996
2026-08-15 22:34:02.701,61.927,raise,0.06874999999999964,-0.4525000000000001
2026-08-15 22:34:02.711,61.937,raise,-0.02375000000000016,-0.47062500000000007
2026-08-15 22:34:02.721,61.947,raise,0.026249999999999885,-0.4743750000000002
2026-08-15 22:34:02.731,61.957,raise,0.07312500000000055,-0.44812500000000033
2026-08-15 22:34:02.741,61.967,raise,-0.10687499999999961,-0.4981250000000004
2026-08-15 22:34:02.751,61.977,raise,0.07562500000000028,-0.45374999999999943
2026-08-15 22:34:02.761,61.987,raise,-0.053750000000000187,-0.4712499999999997
2026-08-15 22:34:02.771,61.997,raise,0.012499999999999734,-0.4806250000000001
2026-08-15 22:34:02.781,62.007,raise,0.07624999999999993,-0.44812500000000033
2026-08-15 22:34:02.791,62.017,raise,-0.10062499999999974,-0.5037499999999995
2026-08-15 22:34:02.801,62.027,raise,0.06874999999999964,-0.45875
2026-08-15 22:34:02.811,62.037,raise,-0.03249999999999975,-0.4756249999999995
2026-08-15 22:34:02.821,62.047,raise,0.028124999999999956,-0.4831249999999998
2026-08-15 22:34:02.831,62.057,raise,0.07562500000000028,-0.4525000000000001
2026-08-15 22:34:02.841,62.067,raise,-0.10812500000000003,-0.5043750000000002
2026-08-15 22:34:02.851,62.077,raise,0.06249999999999978,-0.45812500000000034
2026-08-15 22:34:02.861,62.087,raise,-0.0593750000000004,-0.4762500000000003
2026-08-15 22:34:02.871,62.097,raise,0.01687500000000064,-0.47875
2026-08-15 22:34:02.881,62.107,raise,0.078125,-0.4500000000000004
2026-08-15 22:34:02.891,62.117,raise,-0.09187500000000015,-0.49687499999999996
2026-08-15 22:34:02.901,62.127,raise,0.0737500000000002,-0.45625000000000027
2026-08-15 22:34:02.911,62.137,raise,-0.034999999999999476,-0.4700000000000004
2026-08-15 22:34:02.921,62.147,raise,-0.0012500000000004174,-0.4756249999999995
2026-08-15 22:34:02.931,62.157,raise,0.07249999999999979,-0.44875
2026-08-15 22:34:02.941,62.167,raise,-0.10437499999999988,-0.5012499999999998
2026-08-15 22:34:02.951,62.177,raise,0.06312500000000054,-0.4556249999999995
2026-08-15 22:34:02.961,62.187,raise,-0.0637500000000002,-0.4700000000000004
2026-08-15 22:34:02.971,62.197,raise,0.018124999999999947,-0.47374999999999945
2026-08-15 22:34:02.981,62.207,raise,0.078125,-0.44749999999999956
2026-08-15 22:34:02.991,62.217,raise,-0.08937500000000043,-0.4981250000000004
2026-08-15 22:34:03.001,62.227,raise,0.0737500000000002,-0.44937499999999964
2026-08-15 22:34:03.011,62.237,raise,-0.03874999999999962,-0.46875
2026-08-15 22:34:03.021,62.247,raise,0.0024999999999997247,-0.4831249999999998
2026-08-15 22:34:03.031,62.257,raise,0.07312500000000055,-0.44875
2026-08-15 22:34:03.041,62.267,raise,-0.10812500000000003,-0.4981250000000004
2026-08-15 22:34:03.051,62.277,raise,0.06500000000000061,-0.4543750000000002
2026-08-15 22:34:03.061,62.287,raise,-0.07249999999999979,-0.4762500000000003
2026-08-15 22:34:03.071,62.297,raise,0.01687500000000064,-0.4843750000000002
2026-08-15 22:34:03.081,62.307,raise,0.07750000000000035,-0.4525000000000001
2026-08-15 22:34:03.091,62.317,raise,-0.11937499999999934,-0.5025000000000002
2026-08-15 22:34:03.101,62.327,raise,0.07312500000000055,-0.4574999999999996
2026-08-15 22:34:03.111,62.337,raise,-0.04562500000000025,-0.47875
2026-08-15 22:34:03.121,62.347,raise,0.006875000000000631,-0.4800000000000004
2026-08-15 22:34:03.131,62.357,raise,0.07000000000000006,-0.4525000000000001
2026-08-15 22:34:03.141,62.367,raise,-0.10000000000000009,-0.4993749999999997
2026-08-15 22:34:03.151,62.377,raise,0.06812499999999999,-0.4543750000000002
2026-08-15 22:34:03.161,62.387,raise,-0.027500000000000302,-0.47875
2026-08-15 22:34:03.171,62.397,raise,0.024374999999999813,-0.4762500000000003
2026-08-15 22:34:03.181,62.407,raise,0.07125000000000048,-0.44937499999999964
2026-08-15 22:34:03.191,62.417,raise,-0.1112499999999994,-0.4981250000000004
2026-08-15 22:34:03.201,62.427,raise,0.07312500000000055,-0.4525000000000001
2026-08-15 22:34:03.211,62.437,raise,-0.05312499999999942,-0.4712499999999997
2026-08-15 22:34:03.221,62.447,raise,0.012499999999999734,-0.4756249999999995
2026-08-15 22:34:03.231,62.457,raise,0.06874999999999964,-0.45062500000000005
2026-08-15 22:34:03.241,62.467,raise,-0.10187500000000016,-0.5012499999999998
2026-08-15 22:34:03.251,62.477,raise,0.06874999999999964,-0.45499999999999985
2026-08-15 22:34:03.261,62.487,raise,-0.02874999999999961,-0.47374999999999945
2026-08-15 22:34:03.271,62.497,raise,0.02687500000000065,-0.4712499999999997
2026-08-15 22:34:03.281,62.507,raise,0.0737500000000002,-0.44875
2026-08-15 22:34:03.291,62.517,raise,-0.11249999999999982,-0.5018749999999994
2026-08-15 22:34:03.301,62.527,raise,0.07125000000000048,-0.4543750000000002
2026-08-15 22:34:03.311,62.537,raise,-0.06000000000000005,-0.47937499999999966
2026-08-15 22:34:03.321,62.547,raise,0.01187500000000008,-0.48250000000000015
2026-08-15 22:34:03.331,62.557,raise,0.07750000000000035,-0.4512499999999997
2026-08-15 22:34:03.341,62.567,raise,-0.09812500000000002,-0.5012499999999998
2026-08-15 22:34:03.351,62.577,raise,0.07062499999999972,-0.45875
2026-08-15 22:34:03.361,62.587,raise,-0.0318750000000001,-0.47812500000000036
2026-08-15 22:34:03.371,62.597,raise,0.02874999999999961,-0.4818749999999994
2026-08-15 22:34:03.381,62.607,raise,0.06937500000000041,-0.4512499999999997
2026-08-15 22:34:03.391,62.617,raise,-0.10624999999999996,-0.49687499999999996
2026-08-15 22:34:03.401,62.627,raise,0.07249999999999979,-0.45875
2026-08-15 22:34:03.411,62.637,raise,-0.06562500000000027,-0.47812500000000036
2026-08-15 22:34:03.421,62.647,raise,0.0187499999999996,-0.47687499999999994
2026-08-15 22:34:03.431,62.657,raise,0.07437499999999986,-0.44937499999999964
2026-08-15 22:34:03.441,62.667,raise,-0.09187500000000015,-0.4974999999999996
2026-08-15 22:34:03.451,62.677,raise,0.06937500000000041,-0.45499999999999985
2026-08-15 22:34:03.461,62.687,raise,-0.04437499999999983,-0.4700000000000004
2026-08-15 22:34:03.471,62.697,raise,0.03437499999999982,-0.4712499999999997
2026-08-15 22:34:03.481,62.707,raise,0.06687500000000068,-0.4500000000000004
2026-08-15 22:34:03.491,62.717,raise,-0.10312499999999947,-0.4981250000000004
2026-08-15 22:34:03.501,62.727,raise,0.06437499999999985,-0.45187499999999936
2026-08-15 22:34:03.511,62.737,raise,-0.06437499999999985,-0.4718749999999994
2026-08-15 22:34:03.521,62.747,raise,0.0187499999999996,-0.46937499999999965
2026-08-15 22:34:03.531,62.757,raise,0.07687499999999958,-0.44937499999999964
2026-08-15 22:34:03.541,62.767,raise,-0.09624999999999995,-0.5025000000000002
2026-08-15 22:34:03.551,62.777,raise,0.06937500000000041,-0.45062500000000005
2026-08-15 22:34:03.561,62.787,raise,-0.04375000000000018,-0.47687499999999994
2026-08-15 22:34:03.571,62.797,raise,0.0,-0.4843750000000002
2026-08-15 22:34:03.581,62.807,raise,0.06874999999999964,-0.45187499999999936
2026-08-15 22:34:03.591,62.817,raise,-0.10499999999999954,-0.49999999999999933
2026-08-15 22:34:03.601,62.827,raise,0.06437499999999985,-0.46062500000000006
2026-08-15 22:34:03.611,62.837,raise,-0.07187500000000013,-0.47499999999999987
2026-08-15 22:34:03.621,62.847,raise,0.022499999999999742,-0.4800000000000004
2026-08-15 22:34:03.631,62.857,raise,0.07562500000000028,-0.4500000000000004
2026-08-15 22:34:03.641,62.867,raise,-0.08562500000000028,-0.49687499999999996
2026-08-15 22:34:03.651,62.877,raise,0.07062499999999972,-0.4574999999999996
2026-08-15 22:34:03.661,62.887,raise,-0.05124999999999935,-0.47937499999999966
2026-08-15 22:34:03.671,62.897,raise,0.010000000000000009,-0.47374999999999945
2026-08-15 22:34:03.681,62.907,raise,0.07062499999999972,-0.44749999999999956
2026-08-15 22:34:03.691,62.917,raise,-0.09750000000000036,-0.49374999999999947
2026-08-15 22:34:03.701,62.927,raise,0.06750000000000034,-0.45625000000000027
2026-08-15 22:34:03.711,62.937,raise,-0.07499999999999951,-0.4712499999999997
2026-08-15 22:34:03.721,62.947,raise,0.022499999999999742,-0.4718749999999994
2026-08-15 22:34:03.731,62.957,raise,0.0737500000000002,-0.44937499999999964
2026-08-15 22:34:03.741,62.967,raise,-0.1112499999999994,-0.49687499999999996
2026-08-15 22:34:03.751,62.977,raise,0.07249999999999979,-0.4512499999999997
2026-08-15 22:34:03.761,62.987,raise,-0.054999999999999494,-0.4743750000000002
2026-08-15 22:34:03.771,62.997,raise,0.010000000000000009,-0.46812500000000035
2026-08-15 22:34:03.781,63.007,raise,0.07062499999999972,-0.44937499999999964
2026-08-15 22:34:03.791,63.017,raise,-0.10062499999999974,-0.4993749999999997
2026-08-15 22:34:03.801,63.027,raise,0.06750000000000034,-0.45062500000000005
2026-08-15 22:34:03.811,63.037,raise,-0.033124999999999405,-0.4774999999999996
2026-08-15 22:34:03.821,63.047,raise,0.025000000000000577,-0.48250000000000015
2026-08-15 22:34:03.831,63.057,raise,0.07249999999999979,-0.44812500000000033
2026-08-15 22:34:03.841,63.067,raise,-0.10937499999999933,-0.5037499999999995
2026-08-15 22:34:03.851,63.077,raise,0.07312500000000055,-0.4556249999999995
2026-08-15 22:34:03.861,63.087,raise,-0.061875000000000124,-0.4756249999999995
2026-08-15 22:34:03.871,63.097,raise,0.015625000000000222,-0.4800000000000004
2026-08-15 22:34:03.881,63.107,raise,0.06312500000000054,-0.44812500000000033
2026-08-15 22:34:03.891,63.117,raise,-0.09499999999999953,-0.49687499999999996
2026-08-15 22:34:03.901,63.127,raise,0.06937500000000041,-0.45625000000000027
2026-08-15 22:34:03.911,63.137,raise,-0.03624999999999989,-0.4774999999999996
2026-08-15 22:34:03.921,63.147,raise,0.028124999999999956,-0.47374999999999945
2026-08-15 22:34:03.931,63.157,raise,0.07312500000000055,-0.44937499999999964
2026-08-15 22:34:03.941,63.167,raise,-0.10750000000000037,-0.4949999999999999
2026-08-15 22:34:03.951,63.177,raise,0.07312500000000055,-0.45062500000000005
2026-08-15 22:34:03.961,63.187,raise,-0.0649999999999995,-0.47812500000000036
2026-08-15 22:34:03.971,63.197,raise,0.013125000000000497,-0.4718749999999994
2026-08-15 22:34:03.981,63.207,raise,0.07687499999999958,-0.44875
2026-08-15 22:34:03.991,63.217,raise,-0.09312499999999946,-0.49562499999999954
2026-08-15 22:34:04.001,63.227,raise,0.07062499999999972,-0.4500000000000004
2026-08-15 22:34:04.011,63.237,raise,-0.040000000000000036,-0.46875
2026-08-15 22:34:04.021,63.247,raise,0.030000000000000027,-0.4712499999999997
2026-08-15 22:34:04.031,63.257,raise,0.07000000000000006,-0.4456249999999995
2026-08-15 22:34:04.041,63.267,raise,-0.10812500000000003,-0.4974999999999996
2026-08-15 22:34:04.051,63.277,raise,0.07437499999999986,-0.4512499999999997
2026-08-15 22:34:04.061,63.287,raise,-0.07249999999999979,-0.4731249999999998
2026-08-15 22:34:04.071,63.297,raise,0.019375000000000364,-0.4712499999999997
2026-08-15 22:34:04.081,63.307,raise,0.07249999999999979,-0.45062500000000005
2026-08-15 22:34:04.091,63.317,raise,-0.09124999999999939,-0.5012499999999998
2026-08-15 22:34:04.101,63.327,raise,0.07000000000000006,-0.45062500000000005
2026-08-15 22:34:04.111,63.337,raise,-0.044999999999999485,-0.4743750000000002
2026-08-15 22:34:04.121,63.347,raise,0.03375000000000017,-0.47812500000000036
2026-08-15 22:34:04.131,63.357,raise,0.06750000000000034,-0.44937499999999964
2026-08-15 22:34:04.141,63.367,raise,-0.10624999999999996,-0.4949999999999999
2026-08-15 22:34:04.151,63.377,raise,0.06249999999999978,-0.45187499999999936
2026-08-15 22:34:04.161,63.387,raise,-0.07499999999999951,-0.47374999999999945
2026-08-15 22:34:04.171,63.397,raise,0.02187500000000009,-0.47250000000000014
2026-08-15 22:34:04.181,63.407,raise,0.07249999999999979,-0.4443750000000002
2026-08-15 22:34:04.191,63.417,raise,-0.09124999999999939,-0.49437500000000023
2026-08-15 22:34:04.201,63.427,raise,0.07125000000000048,-0.45187499999999936
2026-08-15 22:34:04.211,63.437,raise,-0.054999999999999494,-0.47937499999999966
2026-08-15 22:34:04.221,63.447,raise,0.0031250000000004885,-0.4712499999999997
2026-08-15 22:34:04.231,63.457,raise,0.06750000000000034,-0.4437499999999994
2026-08-15 22:34:04.241,63.467,raise,-0.09937499999999932,-0.4962500000000003
2026-08-15 22:34:04.251,63.477,raise,0.07125000000000048,-0.4456249999999995
2026-08-15 22:34:04.261,63.487,raise,-0.07937500000000042,-0.46499999999999986
2026-08-15 22:34:04.271,63.497,raise,0.026249999999999885,-0.46499999999999986
2026-08-15 22:34:04.281,63.507,raise,0.07187500000000013,-0.4425000000000001
2026-08-15 22:34:04.291,63.517,raise,-0.08562500000000028,-0.49437500000000023
2026-08-15 22:34:04.301,63.527,raise,0.07000000000000006,-0.44937499999999964
2026-08-15 22:34:04.311,63.537,raise,-0.05750000000000033,-0.4700000000000004
2026-08-15 22:34:04.321,63.547,raise,0.011250000000000426,-0.4662500000000003
2026-08-15 22:34:04.331,63.557,raise,0.06624999999999992,-0.44499999999999984
2026-08-15 22:34:04.341,63.567,raise,-0.0968749999999996,-0.49250000000000016
2026-08-15 22:34:04.351,63.577,raise,0.06812499999999999,-0.4443750000000002
2026-08-15 22:34:04.361,63.587,raise,-0.0824999999999998,-0.47062500000000007
2026-08-15 22:34:04.371,63.597,raise,0.028124999999999956,-0.4731249999999998
2026-08-15 22:34:04.381,63.607,raise,0.07000000000000006,-0.4456249999999995
2026-08-15 22:34:04.391,63.617,raise,-0.11187500000000017,-0.49437500000000023
2026-08-15 22:34:04.401,63.627,raise,0.07062499999999972,-0.4500000000000004
2026-08-15 22:34:04.411,63.637,raise,-0.0649999999999995,-0.47250000000000014
2026-08-15 22:34:04.421,63.647,raise,0.014374999999999805,-0.4718749999999994
2026-08-15 22:34:04.431,63.657,raise,0.06624999999999992,-0.44625000000000026
2026-08-15 22:34:04.441,63.667,raise,-0.09499999999999953,-0.4906250000000001
2026-08-15 22:34:04.451,63.677,raise,0.06812499999999999,-0.44812500000000033
2026-08-15 22:34:04.461,63.687,raise,-0.08874999999999966,-0.4731249999999998
2026-08-15 22:34:04.471,63.697,raise,0.033125000000000515,-0.4700000000000004
2026-08-15 22:34:04.481,63.707,raise,0.07312500000000055,-0.44499999999999984
2026-08-15 22:34:04.491,63.717,raise,-0.10812500000000003,-0.4931249999999998
2026-08-15 22:34:04.501,63.727,raise,0.07249999999999979,-0.4500000000000004
2026-08-15 22:34:04.511,63.737,raise,-0.07000000000000006,-0.4662500000000003
2026-08-15 22:34:04.521,63.747,raise,0.01687500000000064,-0.4643750000000002
2026-08-15 22:34:04.531,63.757,raise,0.06000000000000005,-0.44875
2026-08-15 22:34:04.541,63.767,raise,-0.09187500000000015,-0.4918749999999994
2026-08-15 22:34:04.551,63.777,raise,0.06812499999999999,-0.4468749999999999
2026-08-15 22:34:04.561,63.787,raise,-0.04812499999999997,-0.4700000000000004
2026-08-15 22:34:04.571,63.797,raise,0.028124999999999956,-0.4674999999999996
2026-08-15 22:34:04.581,63.807,raise,0.07249999999999979,-0.4456249999999995
2026-08-15 22:34:04.591,63.817,raise,-0.10687499999999961,-0.49562499999999954
2026-08-15 22:34:04.601,63.827,raise,0.07562500000000028,-0.44937499999999964
2026-08-15 22:34:04.611,63.837,raise,-0.07187500000000013,-0.47062500000000007
2026-08-15 22:34:04.621,63.847,raise,0.020000000000000018,-0.4743750000000002
2026-08-15 22:34:04.631,63.857,raise,0.07312500000000055,-0.44812500000000033
2026-08-15 22:34:04.641,63.867,raise,-0.09062499999999973,-0.49687499999999996
2026-08-15 22:34:04.651,63.877,raise,0.07187500000000013,-0.4468749999999999
2026-08-15 22:34:04.661,63.887,raise,-0.04750000000000032,-0.4762500000000003
2026-08-15 22:34:04.671,63.897,raise,0.03437499999999982,-0.47374999999999945
2026-08-15 22:34:04.681,63.907,raise,0.07125000000000048,-0.4437499999999994
2026-08-15 22:34:04.691,63.917,raise,-0.10000000000000009,-0.4962500000000003
2026-08-15 22:34:04.701,63.927,raise,0.07562500000000028,-0.44937499999999964
2026-08-15 22:34:04.711,63.937,raise,-0.07562500000000028,-0.47875
2026-08-15 22:34:04.721,63.947,raise,0.026249999999999885,-0.4712499999999997
2026-08-15 22:34:04.731,63.957,raise,0.0737500000000002,-0.4468749999999999
2026-08-15 22:34:04.741,63.967,raise,-0.08812500000000001,-0.4949999999999999
2026-08-15 22:34:04.751,63.977,raise,0.07187500000000013,-0.45062500000000005
2026-08-15 22:34:04.761,63.987,raise,-0.054999999999999494,-0.4806250000000001
2026-08-15 22:34:04.771,63.997,raise,0.03687500000000066,-0.4718749999999994
2026-08-15 22:34:04.781,64.007,raise,0.06937500000000041,-0.4456249999999995
2026-08-15 22:34:04.791,64.017,raise,-0.09937499999999932,-0.4906250000000001
2026-08-15 22:34:04.801,64.027,raise,0.06624999999999992,-0.45187499999999936
2026-08-15 22:34:04.811,64.037,raise,-0.08375000000000021,-0.4712499999999997
2026-08-15 22:34:04.821,64.047,raise,0.021250000000000435,-0.46687499999999993
2026-08-15 22:34:04.831,64.057,raise,0.07312500000000055,-0.4468749999999999
2026-08-15 22:34:04.841,64.067,raise,-0.08624999999999994,-0.49875
2026-08-15 22:34:04.851,64.077,raise,0.07312500000000055,-0.45187499999999936
2026-08-15 22:34:04.861,64.087,raise,-0.06062499999999971,-0.4756249999999995
2026-08-15 22:34:04.871,64.097,raise,0.01187500000000008,-0.4643750000000002
2026-08-15 22:34:04.881,64.107,raise,0.06500000000000061,-0.44625000000000026
2026-08-15 22:34:04.891,64.117,raise,-0.0956250000000003,-0.5006250000000001
2026-08-15 22:34:04.901,64.127,raise,0.07125000000000048,-0.44312499999999977
2026-08-15 22:34:04.911,64.137,raise,-0.08562500000000028,-0.47250000000000014
2026-08-15 22:34:04.921,64.147,raise,0.033125000000000515,-0.4731249999999998
2026-08-15 22:34:04.931,64.157,raise,0.07187500000000013,-0.44625000000000026
2026-08-15 22:34:04.941,64.167,raise,-0.0737500000000002,-0.49437500000000023
2026-08-15 22:34:04.951,64.177,raise,0.07249999999999979,-0.4512499999999997
2026-08-15 22:34:04.961,64.187,raise,-0.06312499999999943,-0.47374999999999945
2026-08-15 22:34:04.971,64.197,raise,0.016249999999999876,-0.47062500000000007
2026-08-15 22:34:04.981,64.207,raise,0.06249999999999978,-0.44749999999999956
2026-08-15 22:34:04.991,64.217,raise,-0.09375000000000022,-0.49250000000000016
2026-08-15 22:34:05.001,64.227,raise,0.07000000000000006,-0.44875
2026-08-15 22:34:05.011,64.237,raise,-0.08874999999999966,-0.47812500000000036
2026-08-15 22:34:05.021,64.247,raise,0.029375000000000373,-0.46875
2026-08-15 22:34:05.031,64.257,raise,0.07187500000000013,-0.4425000000000001
2026-08-15 22:34:05.041,64.267,raise,-0.10750000000000037,-0.49374999999999947
2026-08-15 22:34:05.051,64.277,raise,0.07624999999999993,-0.4525000000000001
2026-08-15 22:34:05.061,64.287,raise,-0.07000000000000006,-0.4731249999999998
2026-08-15 22:34:05.071,64.297,raise,0.0187499999999996,-0.46687499999999993
2026-08-15 22:34:05.081,64.307,raise,0.05750000000000033,-0.4500000000000004
2026-08-15 22:34:05.091,64.317,raise,-0.0924999999999998,-0.4931249999999998
2026-08-15 22:34:05.101,64.327,raise,0.07249999999999979,-0.45062500000000005
2026-08-15 22:34:05.111,64.337,raise,-0.09124999999999939,-0.47374999999999945
2026-08-15 22:34:05.121,64.347,raise,0.03375000000000017,-0.4612499999999997
2026-08-15 22:34:05.131,64.357,raise,0.06874999999999964,-0.44499999999999984
2026-08-15 22:34:05.141,64.367,raise,-0.10437499999999988,-0.4974999999999996
2026-08-15 22:34:05.151,64.377,raise,0.07687499999999958,-0.44812500000000033
2026-08-15 22:34:05.161,64.387,raise,-0.07249999999999979,-0.47250000000000014
2026-08-15 22:34:05.171,64.397,raise,0.024374999999999813,-0.4743750000000002
2026-08-15 22:34:05.181,64.407,raise,0.05562500000000026,-0.44749999999999956
2026-08-15 22:34:05.191,64.417,raise,-0.08937500000000043,-0.49562499999999954
2026-08-15 22:34:05.201,64.427,raise,0.06937500000000041,-0.4525000000000001
2026-08-15 22:34:05.211,64.437,raise,-0.05624999999999991,-0.4774999999999996
2026-08-15 22:34:05.221,64.447,raise,0.03437499999999982,-0.47374999999999945
2026-08-15 22:34:05.231,64.457,raise,0.06937500000000041,-0.4500000000000004
2026-08-15 22:34:05.241,64.467,raise,-0.10000000000000009,-0.49562499999999954
2026-08-15 22:34:05.251,64.477,raise,0.07500000000000062,-0.4500000000000004
2026-08-15 22:34:05.261,64.487,raise,-0.07562500000000028,-0.4774999999999996
2026-08-15 22:34:05.271,64.497,raise,0.02687500000000065,-0.46937499999999965
2026-08-15 22:34:05.281,64.507,raise,0.07312500000000055,-0.44625000000000026
2026-08-15 22:34:05.291,64.517,raise,-0.08499999999999952,-0.49374999999999947
2026-08-15 22:34:05.301,64.527,raise,0.07125000000000048,-0.45187499999999936
2026-08-15 22:34:05.311,64.537,raise,-0.06124999999999936,-0.4718749999999994
2026-08-15 22:34:05.321,64.547,raise,0.03624999999999989,-0.4662500000000003
2026-08-15 22:34:05.331,64.557,raise,0.06437499999999985,-0.44937499999999964
2026-08-15 22:34:05.341,64.567,raise,-0.0956250000000003,-0.49124999999999974
2026-08-15 22:34:05.351,64.577,raise,0.07500000000000062,-0.44749999999999956
2026-08-15 22:34:05.361,64.587,raise,-0.08187500000000014,-0.4731249999999998
2026-08-15 22:34:05.371,64.597,raise,0.030000000000000027,-0.46499999999999986
2026-08-15 22:34:05.381,64.607,raise,0.07249999999999979,-0.44625000000000026
2026-08-15 22:34:05.391,64.617,raise,-0.07750000000000035,-0.49374999999999947
2026-08-15 22:34:05.401,64.627,raise,0.07249999999999979,-0.4468749999999999
2026-08-15 22:34:05.411,64.637,raise,-0.0593750000000004,-0.47499999999999987
2026-08-15 22:34:05.421,64.647,raise,0.040000000000000036,-0.47250000000000014
2026-08-15 22:34:05.431,64.657,raise,0.06812499999999999,-0.4468749999999999
2026-08-15 22:34:05.441,64.667,raise,-0.09750000000000036,-0.49562499999999954
2026-08-15 22:34:05.451,64.677,raise,0.06937500000000041,-0.44625000000000026
2026-08-15 22:34:05.461,64.687,raise,-0.08499999999999952,-0.4774999999999996
2026-08-15 22:34:05.471,64.697,raise,0.031250000000000444,-0.4718749999999994
2026-08-15 22:34:05.481,64.707,raise,0.07500000000000062,-0.4512499999999997
2026-08-15 22:34:05.491,64.717,raise,-0.07562500000000028,-0.49437500000000023
2026-08-15 22:34:05.501,64.727,raise,0.07624999999999993,-0.45062500000000005
2026-08-15 22:34:05.511,64.737,raise,-0.0649999999999995,-0.4774999999999996
2026-08-15 22:34:05.521,64.747,raise,0.01687500000000064,-0.4656249999999995
2026-08-15 22:34:05.531,64.757,raise,0.06312500000000054,-0.44749999999999956
2026-08-15 22:34:05.541,64.767,raise,-0.09375000000000022,-0.4962500000000003
2026-08-15 22:34:05.551,64.777,raise,0.06937500000000041,-0.4512499999999997
2026-08-15 22:34:05.561,64.787,raise,-0.09437499999999988,-0.48374999999999946
2026-08-15 22:34:05.571,64.797,raise,0.0318750000000001,-0.46875
2026-08-15 22:34:05.581,64.807,raise,0.07000000000000006,-0.4468749999999999
2026-08-15 22:34:05.591,64.817,raise,-0.06937500000000041,-0.49250000000000016
2026-08-15 22:34:05.601,64.827,raise,0.07500000000000062,-0.44937499999999964
2026-08-15 22:34:05.611,64.837,raise,-0.06812499999999999,-0.47374999999999945
2026-08-15 22:34:05.621,64.847,raise,0.0187499999999996,-0.46374999999999944
2026-08-15 22:34:05.631,64.857,raise,0.06062499999999971,-0.44875
2026-08-15 22:34:05.641,64.867,raise,-0.09062499999999973,-0.4974999999999996
2026-08-15 22:34:05.651,64.877,raise,0.07437499999999986,-0.44875
2026-08-15 22:34:05.661,64.887,raise,-0.09499999999999953,-0.4756249999999995
2026-08-15 22:34:05.671,64.897,raise,0.03437499999999982,-0.46374999999999944
2026-08-15 22:34:05.681,64.907,raise,0.07187500000000013,-0.4468749999999999
2026-08-15 22:34:05.691,64.917,raise,-0.10249999999999981,-0.49437500000000023
2026-08-15 22:34:05.701,64.927,raise,0.07874999999999965,-0.44499999999999984
2026-08-15 22:34:05.711,64.937,raise,-0.07562500000000028,-0.47937499999999966
2026-08-15 22:34:05.721,64.947,raise,0.026249999999999885,-0.47062500000000007
2026-08-15 22:34:05.731,64.957,raise,0.05249999999999977,-0.44937499999999964
2026-08-15 22:34:05.741,64.967,raise,-0.08375000000000021,-0.49250000000000016
2026-08-15 22:34:05.751,64.977,raise,0.06937500000000041,-0.4512499999999997
2026-08-15 22:34:05.761,64.987,raise,-0.09874999999999967,-0.47875
2026-08-15 22:34:05.771,64.997,raise,0.03687500000000066,-0.4712499999999997
2026-08-15 22:34:05.781,65.007,raise,0.06500000000000061,-0.44937499999999964
2026-08-15 22:34:05.791,65.017,raise,-0.10062499999999974,-0.49562499999999954
2026-08-15 22:34:05.801,65.027,raise,0.07562500000000028,-0.45062500000000005
2026-08-15 22:34:05.811,65.037,raise,-0.07750000000000035,-0.48374999999999946
2026-08-15 22:34:05.821,65.047,raise,0.02562500000000023,-0.46812500000000035
2026-08-15 22:34:05.831,65.057,raise,0.04874999999999963,-0.45187499999999936
2026-08-15 22:34:05.841,65.067,raise,-0.08124999999999938,-0.49250000000000016
2026-08-15 22:34:05.851,65.077,raise,0.07312500000000055,-0.4512499999999997
2026-08-15 22:34:05.861,65.087,raise,-0.06124999999999936,-0.4774999999999996
2026-08-15 22:34:05.871,65.097,raise,0.04062499999999969,-0.4700000000000004
2026-08-15 22:34:05.881,65.107,raise,0.06624999999999992,-0.44749999999999956
2026-08-15 22:34:05.891,65.117,raise,-0.0956250000000003,-0.4931249999999998
2026-08-15 22:34:05.901,65.127,raise,0.07937500000000042,-0.4500000000000004
2026-08-15 22:34:05.911,65.137,raise,-0.08562500000000028,-0.4762500000000003
2026-08-15 22:34:05.921,65.147,raise,0.031250000000000444,-0.4656249999999995
2026-08-15 22:34:05.931,65.157,raise,0.0737500000000002,-0.45062500000000005
2026-08-15 22:34:05.941,65.167,raise,-0.07562500000000028,-0.49250000000000016
2026-08-15 22:34:05.951,65.177,raise,0.07249999999999979,-0.44937499999999964
2026-08-15 22:34:05.961,65.187,raise,-0.06437499999999985,-0.4800000000000004
2026-08-15 22:34:05.971,65.197,raise,0.04375000000000018,-0.4712499999999997
2026-08-15 22:34:05.981,65.207,raise,0.061875000000000124,-0.44749999999999956
2026-08-15 22:34:05.991,65.217,raise,-0.08937500000000043,-0.49437500000000023
2026-08-15 22:34:06.001,65.227,raise,0.0737500000000002,-0.44749999999999956
2026-08-15 22:34:06.011,65.237,raise,-0.09312499999999946,-0.47875
2026-08-15 22:34:06.021,65.247,raise,0.03375000000000017,-0.46937499999999965
2026-08-15 22:34:06.031,65.257,raise,0.07125000000000048,-0.45062500000000005
2026-08-15 22:34:06.041,65.267,raise,-0.07499999999999951,-0.4974999999999996
2026-08-15 22:34:06.051,65.277,raise,0.07624999999999993,-0.4525000000000001
2026-08-15 22:34:06.061,65.287,raise,-0.06750000000000034,-0.48875
2026-08-15 22:34:06.071,65.297,raise,0.04187500000000011,-0.46937499999999965
2026-08-15 22:34:06.081,65.307,raise,0.061875000000000124,-0.4500000000000004
2026-08-15 22:34:06.091,65.317,raise,-0.08812500000000001,-0.49687499999999996
2026-08-15 22:34:06.101,65.327,raise,0.07000000000000006,-0.45374999999999943
2026-08-15 22:34:06.111,65.337,raise,-0.09750000000000036,-0.4862500000000003
2026-08-15 22:34:06.121,65.347,raise,0.03249999999999975,-0.46875
2026-08-15 22:34:06.131,65.357,raise,0.06937500000000041,-0.4468749999999999
2026-08-15 22:34:06.141,65.367,raise,-0.06874999999999964,-0.4931249999999998
2026-08-15 22:34:06.151,65.377,raise,0.07874999999999965,-0.44875
2026-08-15 22:34:06.161,65.387,raise,-0.07187500000000013,-0.4762500000000003
2026-08-15 22:34:06.171,65.397,raise,0.02187500000000009,-0.46374999999999944
2026-08-15 22:34:06.181,65.407,raise,0.055000000000000604,-0.45062500000000005
2026-08-15 22:34:06.191,65.417,raise,-0.08562500000000028,-0.4981250000000004
2026-08-15 22:34:06.201,65.427,raise,0.06874999999999964,-0.44875
2026-08-15 22:34:06.211,65.437,raise,-0.09937499999999932,-0.4806250000000001
2026-08-15 22:34:06.221,65.447,raise,0.03437499999999982,-0.47499999999999987
2026-08-15 22:34:06.231,65.457,raise,0.06750000000000034,-0.45374999999999943
2026-08-15 22:34:06.241,65.467,raise,-0.06562500000000027,-0.49875
2026-08-15 22:34:06.251,65.477,raise,0.07750000000000035,-0.4468749999999999
2026-08-15 22:34:06.261,65.487,raise,-0.07499999999999951,-0.4818749999999994
2026-08-15 22:34:06.271,65.497,raise,0.02562500000000023,-0.4700000000000004
2026-08-15 22:34:06.281,65.507,raise,0.05562500000000026,-0.44875
2026-08-15 22:34:06.291,65.517,raise,-0.08312499999999945,-0.49437500000000023
2026-08-15 22:34:06.301,65.527,raise,0.0737500000000002,-0.45187499999999936
2026-08-15 22:34:06.311,65.537,raise,-0.09937499999999932,-0.4843750000000002
2026-08-15 22:34:06.321,65.547,raise,0.03624999999999989,-0.4743750000000002
2026-08-15 22:34:06.331,65.557,raise,0.06937500000000041,-0.4525000000000001
2026-08-15 22:34:06.341,65.567,raise,-0.1012499999999994,-0.4981250000000004
2026-08-15 22:34:06.351,65.577,raise,0.07562500000000028,-0.45499999999999985
2026-08-15 22:34:06.361,65.587,raise,-0.08187500000000014,-0.48875
2026-08-15 22:34:06.371,65.597,raise,0.02874999999999961,-0.4674999999999996
2026-08-15 22:34:06.381,65.607,raise,0.04812499999999997,-0.45062500000000005
2026-08-15 22:34:06.391,65.617,raise,-0.07499999999999951,-0.4931249999999998
2026-08-15 22:34:06.401,65.627,raise,0.07312500000000055,-0.45062500000000005
2026-08-15 22:34:06.411,65.637,raise,-0.10437499999999988,-0.4762500000000003
2026-08-15 22:34:06.421,65.647,raise,0.040000000000000036,-0.46812500000000035
2026-08-15 22:34:06.431,65.657,raise,0.06437499999999985,-0.4500000000000004
2026-08-15 22:34:06.441,65.667,raise,-0.09499999999999953,-0.5012499999999998
2026-08-15 22:34:06.451,65.677,raise,0.078125,-0.44812500000000033
2026-08-15 22:34:06.461,65.687,raise,-0.08812500000000001,-0.4806250000000001
2026-08-15 22:34:06.471,65.697,raise,0.02874999999999961,-0.46499999999999986
2026-08-15 22:34:06.481,65.707,raise,0.04375000000000018,-0.45374999999999943
2026-08-15 22:34:06.491,65.717,raise,-0.07312499999999944,-0.4981250000000004
2026-08-15 22:34:06.501,65.727,raise,0.07750000000000035,-0.4468749999999999
2026-08-15 22:34:06.511,65.737,raise,-0.06562500000000027,-0.4843750000000002
2026-08-15 22:34:06.521,65.747,raise,0.045000000000000595,-0.4712499999999997
2026-08-15 22:34:06.531,65.757,raise,0.06125000000000047,-0.44937499999999964
2026-08-15 22:34:06.541,65.767,raise,-0.09312499999999946,-0.5012499999999998
2026-08-15 22:34:06.551,65.777,raise,0.08000000000000007,-0.45187499999999936
2026-08-15 22:34:06.561,65.787,raise,-0.09750000000000036,-0.4849999999999999
2026-08-15 22:34:06.571,65.797,raise,0.03437499999999982,-0.47374999999999945
2026-08-15 22:34:06.581,65.807,raise,0.07000000000000006,-0.45499999999999985
2026-08-15 22:34:06.591,65.817,raise,-0.06687499999999957,-0.49687499999999996
2026-08-15 22:34:06.601,65.827,raise,0.07624999999999993,-0.4543750000000002
2026-08-15 22:34:06.611,65.837,raise,-0.07000000000000006,-0.48562499999999953
2026-08-15 22:34:06.621,65.847,raise,0.0462499999999999,-0.4662500000000003
2026-08-15 22:34:06.631,65.857,raise,0.05812499999999998,-0.4500000000000004
2026-08-15 22:34:06.641,65.867,raise,-0.08375000000000021,-0.49437500000000023
2026-08-15 22:34:06.651,65.877,raise,0.07687499999999958,-0.45187499999999936
2026-08-15 22:34:06.661,65.887,raise,-0.09312499999999946,-0.4774999999999996
2026-08-15 22:34:06.671,65.897,raise,0.033125000000000515,-0.4662500000000003
2026-08-15 22:34:06.681,65.907,raise,0.06812499999999999,-0.4512499999999997
2026-08-15 22:34:06.691,65.917,raise,-0.061875000000000124,-0.4899999999999993
2026-08-15 22:34:06.701,65.927,raise,0.07562500000000028,-0.44499999999999984
2026-08-15 22:34:06.711,65.937,raise,-0.07687499999999958,-0.47812500000000036
2026-08-15 22:34:06.721,65.947,raise,0.04812499999999997,-0.46250000000000013
2026-08-15 22:34:06.731,65.957,raise,0.056875000000000675,-0.45062500000000005
2026-08-15 22:34:06.741,65.967,raise,-0.08750000000000036,-0.4962500000000003
2026-08-15 22:34:06.751,65.977,raise,0.07500000000000062,-0.44625000000000026
2026-08-15 22:34:06.761,65.987,raise,-0.1012499999999994,-0.48250000000000015
2026-08-15 22:34:06.771,65.997,raise,0.03874999999999962,-0.47250000000000014
2026-08-15 22:34:06.781,66.007,raise,0.06624999999999992,-0.44875
2026-08-15 22:34:06.791,66.017,raise,-0.06249999999999978,-0.49875
2026-08-15 22:34:06.801,66.027,raise,0.07249999999999979,-0.44812500000000033
2026-08-15 22:34:06.811,66.037,raise,-0.08124999999999938,-0.4831249999999998
2026-08-15 22:34:06.821,66.047,raise,0.029375000000000373,-0.4712499999999997
2026-08-15 22:34:06.831,66.057,raise,0.050000000000000044,-0.4512499999999997
2026-08-15 22:34:06.841,66.067,raise,-0.07750000000000035,-0.49687499999999996
2026-08-15 22:34:06.851,66.077,raise,0.07312500000000055,-0.4525000000000001
2026-08-15 22:34:06.861,66.087,raise,-0.1012499999999994,-0.4862500000000003
2026-08-15 22:34:06.871,66.097,raise,0.038124999999999964,-0.46812500000000035
2026-08-15 22:34:06.881,66.107,raise,0.06687500000000068,-0.4512499999999997
2026-08-15 22:34:06.891,66.117,raise,-0.05624999999999991,-0.49374999999999947
2026-08-15 22:34:06.901,66.127,raise,0.07687499999999958,-0.4525000000000001
2026-08-15 22:34:06.911,66.137,raise,-0.0824999999999998,-0.48937499999999967
2026-08-15 22:34:06.921,66.147,raise,0.029375000000000373,-0.46374999999999944
2026-08-15 22:34:06.931,66.157,raise,0.04375000000000018,-0.45187499999999936
2026-08-15 22:34:06.941,66.167,raise,-0.07312499999999944,-0.4918749999999994
2026-08-15 22:34:06.951,66.177,raise,0.07874999999999965,-0.4468749999999999
2026-08-15 22:34:06.961,66.187,raise,-0.10375000000000023,-0.4800000000000004
2026-08-15 22:34:06.971,66.197,raise,0.04562500000000025,-0.4631249999999998
2026-08-15 22:34:06.981,66.207,raise,0.06624999999999992,-0.4500000000000004
2026-08-15 22:34:06.991,66.217,raise,-0.09437499999999988,-0.4974999999999996
2026-08-15 22:34:07.001,66.227,raise,0.07624999999999993,-0.44625000000000026
2026-08-15 22:34:07.011,66.237,raise,-0.08750000000000036,-0.4849999999999999
2026-08-15 22:34:07.021,66.247,raise,0.033125000000000515,-0.4612499999999997
2026-08-15 22:34:07.031,66.257,raise,0.03937500000000038,-0.4525000000000001
2026-08-15 22:34:07.041,66.267,raise,-0.06937500000000041,-0.4974999999999996
2026-08-15 22:34:07.051,66.277,raise,0.07249999999999979,-0.44812500000000033
2026-08-15 22:34:07.061,66.287,raise,-0.10687499999999961,-0.48562499999999953
2026-08-15 22:34:07.071,66.297,raise,0.043125000000000524,-0.47687499999999994
2026-08-15 22:34:07.081,66.307,raise,0.061875000000000124,-0.4556249999999995
2026-08-15 22:34:07.091,66.317,raise,-0.09124999999999939,-0.4981250000000004
2026-08-15 22:34:07.101,66.327,raise,0.07937500000000042,-0.4543750000000002
2026-08-15 22:34:07.111,66.337,raise,-0.08937500000000043,-0.4874999999999996
2026-08-15 22:34:07.121,66.347,raise,0.03437499999999982,-0.4700000000000004
2026-08-15 22:34:07.131,66.357,raise,0.03249999999999975,-0.4543750000000002
2026-08-15 22:34:07.141,66.367,raise,-0.06624999999999992,-0.49437500000000023
2026-08-15 22:34:07.151,66.377,raise,0.07937500000000042,-0.45187499999999936
2026-08-15 22:34:07.161,66.387,raise,-0.07499999999999951,-0.48812500000000036
2026-08-15 22:34:07.171,66.397,raise,0.050000000000000044,-0.46812500000000035
2026-08-15 22:34:07.181,66.407,raise,0.058749999999999636,-0.45374999999999943
2026-08-15 22:34:07.191,66.417,raise,-0.08499999999999952,-0.49875
2026-08-15 22:34:07.201,66.427,raise,0.07750000000000035,-0.4543750000000002
2026-08-15 22:34:07.211,66.437,raise,-0.09750000000000036,-0.4849999999999999
2026-08-15 22:34:07.221,66.447,raise,0.03624999999999989,-0.46812500000000035
2026-08-15 22:34:07.231,66.457,raise,0.06750000000000034,-0.4543750000000002
2026-08-15 22:34:07.241,66.467,raise,-0.0637500000000002,-0.5006250000000001
2026-08-15 22:34:07.251,66.477,raise,0.07500000000000062,-0.4568749999999999
2026-08-15 22:34:07.261,66.487,raise,-0.07874999999999965,-0.48687499999999995
2026-08-15 22:34:07.271,66.497,raise,0.04750000000000032,-0.4662500000000003
2026-08-15 22:34:07.281,66.507,raise,0.055000000000000604,-0.4543750000000002
2026-08-15 22:34:07.291,66.517,raise,-0.08624999999999994,-0.5018749999999994
2026-08-15 22:34:07.301,66.527,raise,0.07500000000000062,-0.4525000000000001
2026-08-15 22:34:07.311,66.537,raise,-0.09874999999999967,-0.48812500000000036
2026-08-15 22:34:07.321,66.547,raise,0.03874999999999962,-0.4712499999999997
2026-08-15 22:34:07.331,66.557,raise,0.06500000000000061,-0.4574999999999996
2026-08-15 22:34:07.341,66.567,raise,-0.058749999999999636,-0.49875
2026-08-15 22:34:07.351,66.577,raise,0.07624999999999993,-0.4568749999999999
2026-08-15 22:34:07.361,66.587,raise,-0.08687499999999959,-0.49374999999999947
2026-08-15 22:34:07.371,66.597,raise,0.0506249999999997,-0.4731249999999998
2026-08-15 22:34:07.381,66.607,raise,0.04562500000000025,-0.45875
2026-08-15 22:34:07.391,66.617,raise,-0.07750000000000035,-0.5006250000000001
2026-08-15 22:34:07.401,66.627,raise,0.07624999999999993,-0.4543750000000002
2026-08-15 22:34:07.411,66.637,raise,-0.10187500000000016,-0.4931249999999998
2026-08-15 22:34:07.421,66.647,raise,0.045000000000000595,-0.4700000000000004
2026-08-15 22:34:07.431,66.657,raise,0.06437499999999985,-0.4543750000000002
2026-08-15 22:34:07.441,66.667,raise,-0.046874999999999556,-0.49562499999999954
2026-08-15 22:34:07.451,66.677,raise,0.07750000000000035,-0.4556249999999995
2026-08-15 22:34:07.461,66.687,raise,-0.08562500000000028,-0.4843750000000002
2026-08-15 22:34:07.471,66.697,raise,0.030000000000000027,-0.46812500000000035
2026-08-15 22:34:07.481,66.707,raise,0.04125000000000045,-0.45499999999999985
2026-08-15 22:34:07.491,66.717,raise,-0.07312499999999944,-0.49374999999999947
2026-08-15 22:34:07.501,66.727,raise,0.07624999999999993,-0.45187499999999936
2026-08-15 22:34:07.511,66.737,raise,-0.10312499999999947,-0.48687499999999995
2026-08-15 22:34:07.521,66.747,raise,0.04375000000000018,-0.46812500000000035
2026-08-15 22:34:07.531,66.757,raise,0.0637500000000002,-0.4531249999999998
2026-08-15 22:34:07.541,66.767,raise,-0.0462499999999999,-0.5025000000000002
2026-08-15 22:34:07.551,66.777,raise,0.07750000000000035,-0.4525000000000001
2026-08-15 22:34:07.561,66.787,raise,-0.0956250000000003,-0.4874999999999996
2026-08-15 22:34:07.571,66.797,raise,0.03375000000000017,-0.47499999999999987
2026-08-15 22:34:07.581,66.807,raise,0.030000000000000027,-0.4600000000000004
2026-08-15 22:34:07.591,66.817,raise,-0.06812499999999999,-0.5025000000000002
2026-08-15 22:34:07.601,66.827,raise,0.07624999999999993,-0.4512499999999997
2026-08-15 22:34:07.611,66.837,raise,-0.1056250000000003,-0.4899999999999993
2026-08-15 22:34:07.621,66.847,raise,0.043125000000000524,-0.47062500000000007
2026-08-15 22:34:07.631,66.857,raise,0.0593750000000004,-0.4556249999999995
2026-08-15 22:34:07.641,66.867,raise,-0.08437499999999987,-0.4974999999999996
2026-08-15 22:34:07.651,66.877,raise,0.08000000000000007,-0.4531249999999998
2026-08-15 22:34:07.661,66.887,raise,-0.09375000000000022,-0.49124999999999974
2026-08-15 22:34:07.671,66.897,raise,0.03375000000000017,-0.4718749999999994
2026-08-15 22:34:07.681,66.907,raise,0.031250000000000444,-0.45499999999999985
2026-08-15 22:34:07.691,66.917,raise,-0.061875000000000124,-0.49562499999999954
2026-08-15 22:34:07.701,66.927,raise,0.07687499999999958,-0.4525000000000001
2026-08-15 22:34:07.711,66.937,raise,-0.11187500000000017,-0.4949999999999999
2026-08-15 22:34:07.721,66.947,raise,0.04437499999999983,-0.4662500000000003
2026-08-15 22:34:07.731,66.957,raise,0.051875000000000115,-0.4556249999999995
2026-08-15 22:34:07.741,66.967,raise,-0.08062499999999972,-0.4974999999999996
2026-08-15 22:34:07.751,66.977,raise,0.07687499999999958,-0.45062500000000005
2026-08-15 22:34:07.761,66.987,raise,-0.09937499999999932,-0.4862500000000003
2026-08-15 22:34:07.771,66.997,raise,0.040000000000000036,-0.4643750000000002
2026-08-15 22:34:07.781,67.007,raise,0.022499999999999742,-0.45625000000000027
2026-08-15 22:34:07.791,67.017,raise,-0.0593750000000004,-0.5025000000000002
2026-08-15 22:34:07.801,67.027,raise,0.07500000000000062,-0.45374999999999943
2026-08-15 22:34:07.811,67.037,raise,-0.08624999999999994,-0.49437500000000023
2026-08-15 22:34:07.821,67.047,raise,0.04874999999999963,-0.46374999999999944
2026-08-15 22:34:07.831,67.057,raise,0.050000000000000044,-0.4600000000000004
2026-08-15 22:34:07.841,67.067,raise,-0.07937500000000042,-0.49875
2026-08-15 22:34:07.851,67.077,raise,0.08000000000000007,-0.44812500000000033
2026-08-15 22:34:07.861,67.087,raise,-0.10062499999999974,-0.49562499999999954
2026-08-15 22:34:07.871,67.097,raise,0.03874999999999962,-0.4712499999999997
2026-08-15 22:34:07.881,67.107,raise,0.0637500000000002,-0.4568749999999999
2026-08-15 22:34:07.891,67.117,raise,-0.05437499999999984,-0.4974999999999996
2026-08-15 22:34:07.901,67.127,raise,0.07687499999999958,-0.4574999999999996
2026-08-15 22:34:07.911,67.137,raise,-0.08812500000000001,-0.4899999999999993
2026-08-15 22:34:07.921,67.147,raise,0.0506249999999997,-0.47062500000000007
2026-08-15 22:34:07.931,67.157,raise,0.04249999999999976,-0.4600000000000004
2026-08-15 22:34:07.941,67.167,raise,-0.07499999999999951,-0.49374999999999947
2026-08-15 22:34:07.951,67.177,raise,0.08062499999999972,-0.45062500000000005
2026-08-15 22:34:07.961,67.187,raise,-0.10624999999999996,-0.49250000000000016
2026-08-15 22:34:07.971,67.197,raise,0.04562500000000025,-0.46687499999999993
2026-08-15 22:34:07.981,67.207,raise,0.06000000000000005,-0.45187499999999936
2026-08-15 22:34:07.991,67.217,raise,-0.04437499999999983,-0.4906250000000001
2026-08-15 22:34:08.001,67.227,raise,0.07624999999999993,-0.45062500000000005
2026-08-15 22:34:08.011,67.237,raise,-0.09062499999999973,-0.4843750000000002
2026-08-15 22:34:08.021,67.247,raise,0.05437499999999984,-0.4643750000000002
2026-08-15 22:34:08.031,67.257,raise,0.03562500000000024,-0.4543750000000002
2026-08-15 22:34:08.041,67.267,raise,-0.07000000000000006,-0.5006250000000001
2026-08-15 22:34:08.051,67.277,raise,0.0737500000000002,-0.45062500000000005
2026-08-15 22:34:08.061,67.287,raise,-0.10812500000000003,-0.48812500000000036
2026-08-15 22:34:08.071,67.297,raise,0.04125000000000045,-0.46187499999999937
2026-08-15 22:34:08.081,67.307,raise,0.06125000000000047,-0.4568749999999999
2026-08-15 22:34:08.091,67.317,raise,-0.04437499999999983,-0.5012499999999998
2026-08-15 22:34:08.101,67.327,raise,0.07624999999999993,-0.44937499999999964
2026-08-15 22:34:08.111,67.337,raise,-0.0956250000000003,-0.4918749999999994
2026-08-15 22:34:08.121,67.347,raise,0.030000000000000027,-0.4731249999999998
2026-08-15 22:34:08.131,67.357,raise,0.030000000000000027,-0.45937499999999964
2026-08-15 22:34:08.141,67.367,raise,-0.0637500000000002,-0.4949999999999999
2026-08-15 22:34:08.151,67.377,raise,0.07500000000000062,-0.45499999999999985
2026-08-15 22:34:08.161,67.387,raise,-0.10937499999999933,-0.4918749999999994
2026-08-15 22:34:08.171,67.397,raise,0.04750000000000032,-0.4662500000000003
2026-08-15 22:34:08.181,67.407,raise,0.05312500000000053,-0.45625000000000027
2026-08-15 22:34:08.191,67.417,raise,-0.034999999999999476,-0.4931249999999998
2026-08-15 22:34:08.201,67.427,raise,0.07312500000000055,-0.45499999999999985
2026-08-15 22:34:08.211,67.437,raise,-0.10249999999999981,-0.4949999999999999
2026-08-15 22:34:08.221,67.447,raise,0.03624999999999989,-0.46875
2026-08-15 22:34:08.231,67.457,raise,0.02375000000000016,-0.45625000000000027
2026-08-15 22:34:08.241,67.467,raise,-0.06124999999999936,-0.4962500000000003
2026-08-15 22:34:08.251,67.477,raise,0.0737500000000002,-0.44937499999999964
2026-08-15 22:34:08.261,67.487,raise,-0.11375000000000024,-0.48875
2026-08-15 22:34:08.271,67.497,raise,0.04874999999999963,-0.4656249999999995
2026-08-15 22:34:08.281,67.507,raise,0.05125000000000046,-0.45625000000000027
2026-08-15 22:34:08.291,67.517,raise,-0.08062499999999972,-0.49374999999999947
2026-08-15 22:34:08.301,67.527,raise,0.07937500000000042,-0.4556249999999995
2026-08-15 22:34:08.311,67.537,raise,-0.10000000000000009,-0.4899999999999993
2026-08-15 22:34:08.321,67.547,raise,0.03937500000000038,-0.4643750000000002
2026-08-15 22:34:08.331,67.557,raise,0.01687500000000064,-0.45812500000000034
2026-08-15 22:34:08.341,67.567,raise,-0.05624999999999991,-0.5018749999999994
2026-08-15 22:34:08.351,67.577,raise,0.07437499999999986,-0.44937499999999964
2026-08-15 22:34:08.361,67.587,raise,-0.08437499999999987,-0.4899999999999993
2026-08-15 22:34:08.371,67.597,raise,0.04812499999999997,-0.4718749999999994
2026-08-15 22:34:08.381,67.607,raise,0.04375000000000018,-0.45625000000000027
2026-08-15 22:34:08.391,67.617,raise,-0.07624999999999993,-0.5006250000000001
2026-08-15 22:34:08.401,67.627,raise,0.078125,-0.44937499999999964
2026-08-15 22:34:08.411,67.637,raise,-0.10187500000000016,-0.4906250000000001
2026-08-15 22:34:08.421,67.647,raise,0.040000000000000036,-0.46812500000000035
2026-08-15 22:34:08.431,67.657,raise,0.010624999999999662,-0.45937499999999964
2026-08-15 22:34:08.441,67.667,raise,-0.05124999999999935,-0.4949999999999999
2026-08-15 22:34:08.451,67.677,raise,0.078125,-0.45062500000000005
2026-08-15 22:34:08.461,67.687,raise,-0.09062499999999973,-0.4962500000000003
2026-08-15 22:34:08.471,67.697,raise,0.05249999999999977,-0.46812500000000035
2026-08-15 22:34:08.481,67.707,raise,0.03437499999999982,-0.4531249999999998
2026-08-15 22:34:08.491,67.717,raise,-0.07312499999999944,-0.49250000000000016
2026-08-15 22:34:08.501,67.727,raise,0.07937500000000042,-0.45187499999999936
2026-08-15 22:34:08.511,67.737,raise,-0.1112499999999994,-0.4962500000000003
2026-08-15 22:34:08.521,67.747,raise,0.04249999999999976,-0.46499999999999986
2026-08-15 22:34:08.531,67.757,raise,0.05812499999999998,-0.45062500000000005
2026-08-15 22:34:08.541,67.767,raise,-0.04375000000000018,-0.49437500000000023
2026-08-15 22:34:08.551,67.777,raise,0.07624999999999993,-0.4525000000000001
2026-08-15 22:34:08.561,67.787,raise,-0.09375000000000022,-0.49124999999999974
2026-08-15 22:34:08.571,67.797,raise,0.051875000000000115,-0.46499999999999986
2026-08-15 22:34:08.581,67.807,raise,0.030000000000000027,-0.45875
2026-08-15 22:34:08.591,67.817,raise,-0.06437499999999985,-0.5012499999999998
2026-08-15 22:34:08.601,67.827,raise,0.07187500000000013,-0.44875
2026-08-15 22:34:08.611,67.837,raise,-0.11187500000000017,-0.48875
2026-08-15 22:34:08.621,67.847,raise,0.045000000000000595,-0.46499999999999986
2026-08-15 22:34:08.631,67.857,raise,0.053750000000000187,-0.45937499999999964
2026-08-15 22:34:08.641,67.867,raise,-0.03750000000000031,-0.4993749999999997
2026-08-15 22:34:08.651,67.877,raise,0.07874999999999965,-0.45187499999999936
2026-08-15 22:34:08.661,67.887,raise,-0.09624999999999995,-0.49250000000000016
2026-08-15 22:34:08.671,67.897,raise,0.05437499999999984,-0.46687499999999993
2026-08-15 22:34:08.681,67.907,raise,0.025000000000000577,-0.46062500000000006
2026-08-15 22:34:08.691,67.917,raise,-0.06437499999999985,-0.4949999999999999
2026-08-15 22:34:08.701,67.927,raise,0.07624999999999993,-0.4531249999999998
2026-08-15 22:34:08.711,67.937,raise,-0.1112499999999994,-0.4918749999999994
2026-08-15 22:34:08.721,67.947,raise,0.04812499999999997,-0.4674999999999996
2026-08-15 22:34:08.731,67.957,raise,0.05125000000000046,-0.4612499999999997
2026-08-15 22:34:08.741,67.967,raise,-0.03249999999999975,-0.4931249999999998
2026-08-15 22:34:08.751,67.977,raise,0.07750000000000035,-0.45062500000000005
2026-08-15 22:34:08.761,67.987,raise,-0.10187500000000016,-0.4918749999999994
2026-08-15 22:34:08.771,67.997,raise,0.038124999999999964,-0.4643750000000002
2026-08-15 22:34:08.781,68.007,raise,0.018124999999999947,-0.4543750000000002
2026-08-15 22:34:08.791,68.017,raise,-0.06062499999999971,-0.4918749999999994
2026-08-15 22:34:08.801,68.027,raise,0.07437499999999986,-0.4543750000000002
2026-08-15 22:34:08.811,68.037,raise,-0.11312499999999948,-0.48812500000000036
2026-08-15 22:34:08.821,68.047,raise,0.0462499999999999,-0.46687499999999993
2026-08-15 22:34:08.831,68.057,raise,0.040000000000000036,-0.45937499999999964
2026-08-15 22:34:08.841,68.067,raise,-0.03062499999999968,-0.49999999999999933
2026-08-15 22:34:08.851,68.077,raise,0.07562500000000028,-0.4512499999999997
2026-08-15 22:34:08.861,68.087,raise,-0.10687499999999961,-0.4899999999999993
2026-08-15 22:34:08.871,68.097,raise,0.03874999999999962,-0.45875
2026-08-15 22:34:08.881,68.107,raise,0.014374999999999805,-0.4556249999999995
2026-08-15 22:34:08.891,68.117,raise,-0.05249999999999977,-0.4981250000000004
2026-08-15 22:34:08.901,68.127,raise,0.07624999999999993,-0.45062500000000005
2026-08-15 22:34:08.911,68.137,raise,-0.11375000000000024,-0.48875
2026-08-15 22:34:08.921,68.147,raise,0.04874999999999963,-0.46687499999999993
2026-08-15 22:34:08.931,68.157,raise,0.03624999999999989,-0.45875
2026-08-15 22:34:08.941,68.167,raise,-0.07750000000000035,-0.4949999999999999
2026-08-15 22:34:08.951,68.177,raise,0.07937500000000042,-0.4512499999999997
2026-08-15 22:34:08.961,68.187,raise,-0.10874999999999968,-0.49124999999999974
2026-08-15 22:34:08.971,68.197,raise,0.04375000000000018,-0.46499999999999986
2026-08-15 22:34:08.981,68.207,raise,0.008749999999999591,-0.46187499999999937
2026-08-15 22:34:08.991,68.217,raise,-0.0462499999999999,-0.49124999999999974
2026-08-15 22:34:09.001,68.227,raise,0.07500000000000062,-0.45187499999999936
2026-08-15 22:34:09.011,68.237,raise,-0.1112499999999994,-0.49437500000000023
2026-08-15 22:34:09.021,68.247,raise,0.04937500000000039,-0.46499999999999986
2026-08-15 22:34:09.031,68.257,raise,0.033125000000000515,-0.4531249999999998
2026-08-15 22:34:09.041,68.267,raise,-0.06687499999999957,-0.4899999999999993
2026-08-15 22:34:09.051,68.277,raise,0.07437499999999986,-0.45062500000000005
2026-08-15 22:34:09.061,68.287,raise,-0.10812500000000003,-0.48937499999999967
2026-08-15 22:34:09.071,68.297,raise,0.04125000000000045,-0.4612499999999997
2026-08-15 22:34:09.081,68.307,raise,0.0024999999999997247,-0.4543750000000002
2026-08-15 22:34:09.091,68.317,raise,-0.043124999999999414,-0.48687499999999995
2026-08-15 22:34:09.101,68.327,raise,0.07687499999999958,-0.4531249999999998
2026-08-15 22:34:09.111,68.337,raise,-0.10000000000000009,-0.48875
2026-08-15 22:34:09.121,68.347,raise,0.05624999999999991,-0.45937499999999964
2026-08-15 22:34:09.131,68.357,raise,0.02562500000000023,-0.45625000000000027
2026-08-15 22:34:09.141,68.367,raise,-0.06562500000000027,-0.4949999999999999
2026-08-15 22:34:09.151,68.377,raise,0.0737500000000002,-0.4468749999999999
2026-08-15 22:34:09.161,68.387,raise,-0.11499999999999955,-0.48937499999999967
2026-08-15 22:34:09.171,68.397,raise,0.04812499999999997,-0.4674999999999996
2026-08-15 22:34:09.181,68.407,raise,0.04937500000000039,-0.45937499999999964
2026-08-15 22:34:09.191,68.417,raise,-0.033124999999999405,-0.49250000000000016
2026-08-15 22:34:09.201,68.427,raise,0.07562500000000028,-0.4500000000000004
2026-08-15 22:34:09.211,68.437,raise,-0.10000000000000009,-0.49250000000000016
2026-08-15 22:34:09.221,68.447,raise,0.05125000000000046,-0.46937499999999965
2026-08-15 22:34:09.231,68.457,raise,0.019375000000000364,-0.46250000000000013
2026-08-15 22:34:09.241,68.467,raise,-0.06062499999999971,-0.49374999999999947
2026-08-15 22:34:09.251,68.477,raise,0.07750000000000035,-0.4525000000000001
2026-08-15 22:34:09.261,68.487,raise,-0.11562500000000031,-0.4931249999999998
2026-08-15 22:34:09.271,68.497,raise,0.04937500000000039,-0.46250000000000013
2026-08-15 22:34:09.281,68.507,raise,0.04562500000000025,-0.4543750000000002
2026-08-15 22:34:09.291,68.517,raise,-0.026874999999999538,-0.49250000000000016
2026-08-15 22:34:09.301,68.527,raise,0.07750000000000035,-0.45187499999999936
2026-08-15 22:34:09.311,68.537,raise,-0.1056250000000003,-0.4981250000000004
2026-08-15 22:34:09.321,68.547,raise,0.05437499999999984,-0.4662500000000003
2026-08-15 22:34:09.331,68.557,raise,0.012499999999999734,-0.45499999999999985
2026-08-15 22:34:09.341,68.567,raise,-0.053750000000000187,-0.4899999999999993
2026-08-15 22:34:09.351,68.577,raise,0.07187500000000013,-0.45062500000000005
2026-08-15 22:34:09.361,68.587,raise,-0.11499999999999955,-0.49124999999999974
2026-08-15 22:34:09.371,68.597,raise,0.046875000000000666,-0.4574999999999996
2026-08-15 22:34:09.381,68.607,raise,0.03687500000000066,-0.45625000000000027
2026-08-15 22:34:09.391,68.617,raise,-0.02562500000000023,-0.4962500000000003
2026-08-15 22:34:09.401,68.627,raise,0.07312500000000055,-0.44749999999999956
2026-08-15 22:34:09.411,68.637,raise,-0.10937499999999933,-0.49124999999999974
2026-08-15 22:34:09.421,68.647,raise,0.040000000000000036,-0.45875
2026-08-15 22:34:09.431,68.657,raise,0.005625000000000213,-0.45499999999999985
2026-08-15 22:34:09.441,68.667,raise,-0.04562500000000025,-0.49437500000000023
2026-08-15 22:34:09.451,68.677,raise,0.07500000000000062,-0.44749999999999956
2026-08-15 22:34:09.461,68.687,raise,-0.11375000000000024,-0.48937499999999967
2026-08-15 22:34:09.471,68.697,raise,0.0506249999999997,-0.46250000000000013
2026-08-15 22:34:09.481,68.707,raise,0.0318750000000001,-0.45812500000000034
2026-08-15 22:34:09.491,68.717,raise,-0.016249999999999876,-0.48875
2026-08-15 22:34:09.501,68.727,raise,0.07562500000000028,-0.44875
2026-08-15 22:34:09.511,68.737,raise,-0.11062499999999975,-0.4949999999999999
2026-08-15 22:34:09.521,68.747,raise,0.043125000000000524,-0.4643750000000002
2026-08-15 22:34:09.531,68.757,raise,0.004374999999999796,-0.46187499999999937
2026-08-15 22:34:09.541,68.767,raise,-0.04124999999999934,-0.4899999999999993
2026-08-15 22:34:09.551,68.777,raise,0.0737500000000002,-0.45187499999999936
2026-08-15 22:34:09.561,68.787,raise,-0.11687499999999962,-0.4993749999999997
2026-08-15 22:34:09.571,68.797,raise,0.051875000000000115,-0.46250000000000013
2026-08-15 22:34:09.581,68.807,raise,0.024374999999999813,-0.4556249999999995
2026-08-15 22:34:09.591,68.817,raise,-0.06812499999999999,-0.4906250000000001
2026-08-15 22:34:09.601,68.827,raise,0.07562500000000028,-0.45187499999999936
2026-08-15 22:34:09.611,68.837,raise,-0.10812500000000003,-0.48812500000000036
2026-08-15 22:34:09.621,68.847,raise,0.040000000000000036,-0.4568749999999999
2026-08-15 22:34:09.631,68.857,raise,-0.001875000000000071,-0.4556249999999995
2026-08-15 22:34:09.641,68.867,raise,-0.03687499999999955,-0.48687499999999995
2026-08-15 22:34:09.651,68.877,raise,0.07624999999999993,-0.44625000000000026
2026-08-15 22:34:09.661,68.887,raise,-0.10312499999999947,-0.4906250000000001
2026-08-15 22:34:09.671,68.897,raise,0.05562500000000026,-0.4568749999999999
2026-08-15 22:34:09.681,68.907,raise,0.02062499999999967,-0.4568749999999999
2026-08-15 22:34:09.691,68.917,raise,-0.061875000000000124,-0.49562499999999954
2026-08-15 22:34:09.701,68.927,raise,0.07312500000000055,-0.44499999999999984
2026-08-15 22:34:09.711,68.937,raise,-0.11187500000000017,-0.49250000000000016
2026-08-15 22:34:09.721,68.947,raise,0.04437499999999983,-0.4643750000000002
2026-08-15 22:34:09.731,68.957,raise,-0.008124999999999938,-0.4600000000000004
2026-08-15 22:34:09.741,68.967,raise,-0.028124999999999956,-0.49124999999999974
2026-08-15 22:34:09.751,68.977,raise,0.07750000000000035,-0.44812500000000033
2026-08-15 22:34:09.761,68.987,raise,-0.10312499999999947,-0.4918749999999994
2026-08-15 22:34:09.771,68.997,raise,0.056875000000000675,-0.45812500000000034
2026-08-15 22:34:09.781,69.007,raise,0.014374999999999805,-0.46062500000000006
2026-08-15 22:34:09.791,69.017,raise,-0.05562500000000026,-0.4918749999999994
2026-08-15 22:34:09.801,69.027,raise,0.07562500000000028,-0.45187499999999936
2026-08-15 22:34:09.811,69.037,raise,-0.11812500000000004,-0.4949999999999999
2026-08-15 22:34:09.821,69.047,raise,0.04812499999999997,-0.46374999999999944
2026-08-15 22:34:09.831,69.057,raise,0.03750000000000031,-0.4556249999999995
2026-08-15 22:34:09.841,69.067,raise,-0.029375000000000373,-0.4918749999999994
2026-08-15 22:34:09.851,69.077,raise,0.07187500000000013,-0.4500000000000004
2026-08-15 22:34:09.861,69.087,raise,-0.10750000000000037,-0.4874999999999996
2026-08-15 22:34:09.871,69.097,raise,0.06000000000000005,-0.4600000000000004
2026-08-15 22:34:09.881,69.107,raise,0.008124999999999938,-0.4568749999999999
2026-08-15 22:34:09.891,69.117,raise,-0.04562500000000025,-0.4843750000000002
2026-08-15 22:34:09.901,69.127,raise,0.0737500000000002,-0.44812500000000033
2026-08-15 22:34:09.911,69.137,raise,-0.11249999999999982,-0.49437500000000023
2026-08-15 22:34:09.921,69.147,raise,0.04937500000000039,-0.4568749999999999
2026-08-15 22:34:09.931,69.157,raise,0.033125000000000515,-0.45875
2026-08-15 22:34:09.941,69.167,raise,-0.01687499999999953,-0.49124999999999974
2026-08-15 22:34:09.951,69.177,raise,0.07500000000000062,-0.44875
2026-08-15 22:34:09.961,69.187,raise,-0.11187500000000017,-0.4906250000000001
2026-08-15 22:34:09.971,69.197,raise,0.056875000000000675,-0.4656249999999995
2026-08-15 22:34:09.981,69.207,raise,0.0031250000000004885,-0.45937499999999964
2026-08-15 22:34:09.991,69.217,raise,-0.044999999999999485,-0.48937499999999967
2026-08-15 22:34:10.001,69.227,raise,0.07624999999999993,-0.4443750000000002
2026-08-15 22:34:10.011,69.237,raise,-0.11750000000000038,-0.49374999999999947
2026-08-15 22:34:10.021,69.247,raise,0.05562500000000026,-0.46187499999999937
2026-08-15 22:34:10.031,69.257,raise,0.030000000000000027,-0.45937499999999964
2026-08-15 22:34:10.041,69.267,raise,-0.015625000000000222,-0.4918749999999994
2026-08-15 22:34:10.051,69.277,raise,0.0737500000000002,-0.45062500000000005
2026-08-15 22:34:10.061,69.287,raise,-0.11812500000000004,-0.49999999999999933
2026-08-15 22:34:10.071,69.297,raise,0.04062499999999969,-0.4631249999999998
2026-08-15 22:34:10.081,69.307,raise,-0.003750000000000142,-0.4568749999999999
2026-08-15 22:34:10.091,69.317,raise,-0.03750000000000031,-0.48937499999999967
2026-08-15 22:34:10.101,69.327,raise,0.07249999999999979,-0.44937499999999964
2026-08-15 22:34:10.111,69.337,raise,-0.11499999999999955,-0.4974999999999996
2026-08-15 22:34:10.121,69.347,raise,0.05125000000000046,-0.45875
2026-08-15 22:34:10.131,69.357,raise,0.023125000000000506,-0.4574999999999996
2026-08-15 22:34:10.141,69.367,raise,-0.010624999999999662,-0.4849999999999999
2026-08-15 22:34:10.151,69.377,raise,0.07687499999999958,-0.4437499999999994
2026-08-15 22:34:10.161,69.387,raise,-0.11249999999999982,-0.49124999999999974
2026-08-15 22:34:10.171,69.397,raise,0.04437499999999983,-0.4568749999999999
2026-08-15 22:34:10.181,69.407,raise,-0.009375000000000355,-0.45812500000000034
2026-08-15 22:34:10.191,69.417,raise,-0.03249999999999975,-0.4949999999999999
2026-08-15 22:34:10.201,69.427,raise,0.07500000000000062,-0.4468749999999999
2026-08-15 22:34:10.211,69.437,raise,-0.11812500000000004,-0.49562499999999954
2026-08-15 22:34:10.221,69.447,raise,0.053750000000000187,-0.45875
2026-08-15 22:34:10.231,69.457,raise,0.016249999999999876,-0.46062500000000006
2026-08-15 22:34:10.241,69.467,raise,-0.05750000000000033,-0.49250000000000016
2026-08-15 22:34:10.251,69.477,raise,0.07874999999999965,-0.4468749999999999
2026-08-15 22:34:10.261,69.487,raise,-0.11624999999999996,-0.49437500000000023
2026-08-15 22:34:10.271,69.497,raise,0.046875000000000666,-0.46499999999999986
2026-08-15 22:34:10.281,69.507,raise,-0.013124999999999387,-0.45937499999999964
2026-08-15 22:34:10.291,69.517,raise,-0.03062499999999968,-0.4918749999999994
2026-08-15 22:34:10.301,69.527,raise,0.0737500000000002,-0.4568749999999999
2026-08-15 22:34:10.311,69.537,raise,-0.10687499999999961,-0.4974999999999996
2026-08-15 22:34:10.321,69.547,raise,0.05437499999999984,-0.4612499999999997
2026-08-15 22:34:10.331,69.557,raise,0.010624999999999662,-0.4662500000000003
2026-08-15 22:34:10.341,69.567,raise,-0.054999999999999494,-0.4862500000000003
2026-08-15 22:34:10.351,69.577,raise,0.0737500000000002,-0.4500000000000004
2026-08-15 22:34:10.361,69.587,raise,-0.11562500000000031,-0.5006250000000001
2026-08-15 22:34:10.371,69.597,raise,0.04874999999999963,-0.46062500000000006
2026-08-15 22:34:10.381,69.607,raise,-0.02062499999999967,-0.4556249999999995
2026-08-15 22:34:10.391,69.617,raise,-0.018124999999999947,-0.48812500000000036
2026-08-15 22:34:10.401,69.627,raise,0.07750000000000035,-0.4468749999999999
2026-08-15 22:34:10.411,69.637,raise,-0.11562500000000031,-0.49124999999999974
2026-08-15 22:34:10.421,69.647,raise,0.0593750000000004,-0.45812500000000034
2026-08-15 22:34:10.431,69.657,raise,0.0050000000000005596,-0.45875
2026-08-15 22:34:10.441,69.667,raise,-0.04375000000000018,-0.48250000000000015
2026-08-15 22:34:10.451,69.677,raise,0.07624999999999993,-0.44875
2026-08-15 22:34:10.461,69.687,raise,-0.1143749999999999,-0.49250000000000016
2026-08-15 22:34:10.471,69.697,raise,0.051875000000000115,-0.45625000000000027
2026-08-15 22:34:10.481,69.707,raise,0.027500000000000302,-0.45937499999999964
2026-08-15 22:34:10.491,69.717,raise,-0.01687499999999953,-0.49250000000000016
2026-08-15 22:34:10.501,69.727,raise,0.07500000000000062,-0.4456249999999995
2026-08-15 22:34:10.511,69.737,raise,-0.10750000000000037,-0.49124999999999974
2026-08-15 22:34:10.521,69.747,raise,0.0593750000000004,-0.46062500000000006
2026-08-15 22:34:10.531,69.757,raise,-0.0006249999999996536,-0.4600000000000004
2026-08-15 22:34:10.541,69.767,raise,-0.03750000000000031,-0.4899999999999993
2026-08-15 22:34:10.551,69.777,raise,0.0737500000000002,-0.44812500000000033
2026-08-15 22:34:10.561,69.787,raise,-0.11750000000000038,-0.49875
2026-08-15 22:34:10.571,69.797,raise,0.05249999999999977,-0.4662500000000003
2026-08-15 22:34:10.581,69.807,raise,0.02187500000000009,-0.47062500000000007
2026-08-15 22:34:10.591,69.817,raise,-0.010624999999999662,-0.48687499999999995
2026-08-15 22:34:10.601,69.827,raise,0.07687499999999958,-0.4468749999999999
2026-08-15 22:34:10.611,69.837,raise,-0.1112499999999994,-0.49562499999999954
2026-08-15 22:34:10.621,69.847,raise,0.06125000000000047,-0.4600000000000004
2026-08-15 22:34:10.631,69.857,raise,-0.00687499999999952,-0.4574999999999996
2026-08-15 22:34:10.641,69.867,raise,-0.029375000000000373,-0.4843750000000002
2026-08-15 22:34:10.651,69.877,raise,0.07312500000000055,-0.4500000000000004
2026-08-15 22:34:10.661,69.887,raise,-0.11687499999999962,-0.4906250000000001
2026-08-15 22:34:10.671,69.897,raise,0.053750000000000187,-0.4556249999999995
2026-08-15 22:34:10.681,69.907,raise,0.0187499999999996,-0.4568749999999999
2026-08-15 22:34:10.691,69.917,raise,-0.00687499999999952,-0.4818749999999994
2026-08-15 22:34:10.701,69.927,raise,0.07687499999999958,-0.44812500000000033
2026-08-15 22:34:10.711,69.937,raise,-0.11499999999999955,-0.49437500000000023
2026-08-15 22:34:10.721,69.947,raise,0.045000000000000595,-0.4556249999999995
2026-08-15 22:34:10.731,69.957,raise,-0.011249999999999316,-0.46062500000000006
2026-08-15 22:34:10.741,69.967,raise,-0.02874999999999961,-0.4931249999999998
2026-08-15 22:34:10.751,69.977,raise,0.07750000000000035,-0.4468749999999999
2026-08-15 22:34:10.761,69.987,raise,-0.1112499999999994,-0.49374999999999947
2026-08-15 22:34:10.771,69.997,raise,0.05750000000000033,-0.46499999999999986
2026-08-15 22:34:10.781,70.007,raise,0.01187500000000008,-0.45875
2026-08-15 22:34:10.791,70.017,raise,-0.05124999999999935,-0.49250000000000016
2026-08-15 22:34:10.801,70.027,raise,0.0737500000000002,-0.44812500000000033
2026-08-15 22:34:10.811,70.037,raise,-0.1143749999999999,-0.49437500000000023
2026-08-15 22:34:10.821,70.047,raise,0.04750000000000032,-0.46187499999999937
2026-08-15 22:34:10.831,70.057,raise,-0.015625000000000222,-0.4656249999999995
2026-08-15 22:34:10.841,70.067,raise,-0.026249999999999885,-0.4874999999999996
2026-08-15 22:34:10.851,70.077,raise,0.07624999999999993,-0.44749999999999956
2026-08-15 22:34:10.861,70.087,raise,-0.11312499999999948,-0.49562499999999954
2026-08-15 22:34:10.871,70.097,raise,0.05750000000000033,-0.46187499999999937
2026-08-15 22:34:10.881,70.107,raise,0.008749999999999591,-0.45812500000000034
2026-08-15 22:34:10.891,70.117,raise,-0.0506249999999997,-0.48374999999999946
2026-08-15 22:34:10.901,70.127,raise,0.078125,-0.44749999999999956
2026-08-15 22:34:10.911,70.137,raise,-0.11562500000000031,-0.4918749999999994
2026-08-15 22:34:10.921,70.147,raise,0.050000000000000044,-0.4556249999999995
2026-08-15 22:34:10.931,70.157,raise,-0.024999999999999467,-0.45625000000000027
2026-08-15 22:34:10.941,70.167,raise,-0.018124999999999947,-0.4806250000000001
2026-08-15 22:34:10.951,70.177,raise,0.07687499999999958,-0.44312499999999977
2026-08-15 22:34:10.961,70.187,raise,-0.11249999999999982,-0.4918749999999994
2026-08-15 22:34:10.971,70.197,raise,0.0593750000000004,-0.45499999999999985
2026-08-15 22:34:10.981,70.207,raise,-0.003750000000000142,-0.46062500000000006
2026-08-15 22:34:10.991,70.217,raise,-0.03937500000000038,-0.49124999999999974
2026-08-15 22:34:11.001,70.227,raise,0.07437499999999986,-0.4437499999999994
2026-08-15 22:34:11.011,70.237,raise,-0.11375000000000024,-0.4931249999999998
2026-08-15 22:34:11.021,70.247,raise,0.05312500000000053,-0.4500000000000004
2026-08-15 22:34:11.031,70.257,raise,-0.02375000000000016,-0.4574999999999996
2026-08-15 22:34:11.041,70.267,raise,-0.012499999999999734,-0.4899999999999993
2026-08-15 22:34:11.051,70.277,raise,0.0737500000000002,-0.44749999999999956
2026-08-15 22:34:11.061,70.287,raise,-0.11750000000000038,-0.49437500000000023
2026-08-15 22:34:11.071,70.297,raise,0.05750000000000033,-0.46374999999999944
2026-08-15 22:34:11.081,70.307,raise,-0.008749999999999591,-0.4574999999999996
2026-08-15 22:34:11.091,70.317,raise,-0.03624999999999989,-0.48812500000000036
2026-08-15 22:34:11.101,70.327,raise,0.07312500000000055,-0.44812500000000033
2026-08-15 22:34:11.111,70.337,raise,-0.11750000000000038,-0.49562499999999954
2026-08-15 22:34:11.121,70.347,raise,0.053750000000000187,-0.45937499999999964
2026-08-15 22:34:11.131,70.357,raise,0.016249999999999876,-0.4568749999999999
2026-08-15 22:34:11.141,70.367,raise,-0.004999999999999449,-0.48562499999999953
2026-08-15 22:34:11.151,70.377,raise,0.0737500000000002,-0.44875
2026-08-15 22:34:11.161,70.387,raise,-0.1143749999999999,-0.4949999999999999
2026-08-15 22:34:11.171,70.397,raise,0.061875000000000124,-0.4568749999999999
2026-08-15 22:34:11.181,70.407,raise,-0.011249999999999316,-0.45937499999999964
2026-08-15 22:34:11.191,70.417,raise,-0.028124999999999956,-0.4818749999999994
2026-08-15 22:34:11.201,70.427,raise,0.06874999999999964,-0.4500000000000004
2026-08-15 22:34:11.211,70.437,raise,-0.11375000000000024,-0.4918749999999994
2026-08-15 22:34:11.221,70.447,raise,0.050000000000000044,-0.4574999999999996
2026-08-15 22:34:11.231,70.457,raise,0.013750000000000151,-0.46250000000000013
2026-08-15 22:34:11.241,70.467,raise,-0.004374999999999796,-0.4818749999999994
2026-08-15 22:34:11.251,70.477,raise,0.07937500000000042,-0.4468749999999999
2026-08-15 22:34:11.261,70.487,raise,-0.11624999999999996,-0.4931249999999998
2026-08-15 22:34:11.271,70.497,raise,0.06687500000000068,-0.4556249999999995
2026-08-15 22:34:11.281,70.507,raise,-0.016249999999999876,-0.46062500000000006
2026-08-15 22:34:11.291,70.517,raise,-0.023124999999999396,-0.4918749999999994
2026-08-15 22:34:11.301,70.527,raise,0.0737500000000002,-0.44812500000000033
2026-08-15 22:34:11.311,70.537,raise,-0.11187500000000017,-0.49875
2026-08-15 22:34:11.321,70.547,raise,0.056875000000000675,-0.46374999999999944
2026-08-15 22:34:11.331,70.557,raise,0.0024999999999997247,-0.4662500000000003
2026-08-15 22:34:11.341,70.567,raise,0.0,-0.49124999999999974
2026-08-15 22:34:11.351,70.577,raise,0.07437499999999986,-0.4543750000000002
2026-08-15 22:34:11.361,70.587,raise,-0.11499999999999955,-0.49437500000000023
2026-08-15 22:34:11.371,70.597,raise,0.04937500000000039,-0.4612499999999997
2026-08-15 22:34:11.381,70.607,raise,-0.018124999999999947,-0.46812500000000035
2026-08-15 22:34:11.391,70.617,raise,-0.019375000000000364,-0.48562499999999953
2026-08-15 22:34:11.401,70.627,raise,0.07562500000000028,-0.4468749999999999
2026-08-15 22:34:11.411,70.637,raise,-0.1100000000000001,-0.4993749999999997
2026-08-15 22:34:11.421,70.647,raise,0.05750000000000033,-0.4568749999999999
2026-08-15 22:34:11.431,70.657,raise,0.004374999999999796,-0.45937499999999964
2026-08-15 22:34:11.441,70.667,raise,0.005625000000000213,-0.48250000000000015
2026-08-15 22:34:11.451,70.677,raise,0.07687499999999958,-0.4437499999999994
2026-08-15 22:34:11.461,70.687,raise,-0.11812500000000004,-0.4899999999999993
2026-08-15 22:34:11.471,70.697,raise,0.05624999999999991,-0.45625000000000027
2026-08-15 22:34:11.481,70.707,raise,-0.024374999999999813,-0.4612499999999997
2026-08-15 22:34:11.491,70.717,raise,-0.010624999999999662,-0.47875
2026-08-15 22:34:11.501,70.727,raise,0.07437499999999986,-0.4468749999999999
2026-08-15 22:34:11.511,70.737,raise,-0.1100000000000001,-0.49875
2026-08-15 22:34:11.521,70.747,raise,0.0593750000000004,-0.4556249999999995
2026-08-15 22:34:11.531,70.757,raise,-0.003750000000000142,-0.4612499999999997
2026-08-15 22:34:11.541,70.767,raise,-0.03937500000000038,-0.48937499999999967
2026-08-15 22:34:11.551,70.777,raise,0.0737500000000002,-0.44937499999999964
2026-08-15 22:34:11.561,70.787,raise,-0.11499999999999955,-0.49437500000000023
2026-08-15 22:34:11.571,70.797,raise,0.05249999999999977,-0.46250000000000013
2026-08-15 22:34:11.581,70.807,raise,-0.028124999999999956,-0.4656249999999995
2026-08-15 22:34:11.591,70.817,raise,-0.005625000000000213,-0.48875
2026-08-15 22:34:11.601,70.827,raise,0.07874999999999965,-0.44937499999999964
2026-08-15 22:34:11.611,70.837,raise,-0.11375000000000024,-0.4931249999999998
2026-08-15 22:34:11.621,70.847,raise,0.0637500000000002,-0.4612499999999997
2026-08-15 22:34:11.631,70.857,raise,-0.007500000000000284,-0.4656249999999995
2026-08-15 22:34:11.641,70.867,raise,-0.029375000000000373,-0.4874999999999996
2026-08-15 22:34:11.651,70.877,raise,0.07249999999999979,-0.44625000000000026
2026-08-15 22:34:11.661,70.887,raise,-0.11375000000000024,-0.4962500000000003
2026-08-15 22:34:11.671,70.897,raise,0.05624999999999991,-0.4600000000000004
2026-08-15 22:34:11.681,70.907,raise,-0.03562500000000024,-0.4568749999999999
2026-08-15 22:34:11.691,70.917,raise,0.0012500000000004174,-0.4806250000000001
2026-08-15 22:34:11.701,70.927,raise,0.07624999999999993,-0.44937499999999964
2026-08-15 22:34:11.711,70.937,raise,-0.11187500000000017,-0.49687499999999996
2026-08-15 22:34:11.721,70.947,raise,0.06437499999999985,-0.4556249999999995
2026-08-15 22:34:11.731,70.957,raise,-0.010624999999999662,-0.46062500000000006
2026-08-15 22:34:11.741,70.967,raise,-0.02375000000000016,-0.47875
2026-08-15 22:34:11.751,70.977,raise,0.07562500000000028,-0.44875
2026-08-15 22:34:11.761,70.987,raise,-0.11062499999999975,-0.4899999999999993
2026-08-15 22:34:11.771,70.997,raise,0.058749999999999636,-0.45625000000000027
2026-08-15 22:34:11.781,71.007,raise,0.010000000000000009,-0.4612499999999997
2026-08-15 22:34:11.791,71.017,raise,-0.0012500000000004174,-0.4899999999999993
2026-08-15 22:34:11.801,71.027,raise,0.078125,-0.4500000000000004
2026-08-15 22:34:11.811,71.037,raise,-0.11187500000000017,-0.4974999999999996
2026-08-15 22:34:11.821,71.047,raise,0.06562500000000027,-0.4574999999999996
2026-08-15 22:34:11.831,71.057,raise,-0.0187499999999996,-0.46812500000000035
2026-08-15 22:34:11.841,71.067,raise,-0.020000000000000018,-0.4906250000000001
2026-08-15 22:34:11.851,71.077,raise,0.07249999999999979,-0.44499999999999984
2026-08-15 22:34:11.861,71.087,raise,-0.10750000000000037,-0.49687499999999996
2026-08-15 22:34:11.871,71.097,raise,0.058749999999999636,-0.4612499999999997
2026-08-15 22:34:11.881,71.107,raise,0.003750000000000142,-0.46937499999999965
2026-08-15 22:34:11.891,71.117,raise,0.008749999999999591,-0.4831249999999998
2026-08-15 22:34:11.901,71.127,raise,0.078125,-0.44937499999999964
2026-08-15 22:34:11.911,71.137,raise,-0.11249999999999982,-0.5006250000000001
2026-08-15 22:34:11.921,71.147,raise,0.06687500000000068,-0.45937499999999964
2026-08-15 22:34:11.931,71.157,raise,-0.022499999999999742,-0.46812500000000035
2026-08-15 22:34:11.941,71.167,raise,-0.015625000000000222,-0.48124999999999973
2026-08-15 22:34:11.951,71.177,raise,0.07687499999999958,-0.45062500000000005
2026-08-15 22:34:11.961,71.187,raise,-0.11249999999999982,-0.4949999999999999
2026-08-15 22:34:11.971,71.197,raise,0.06249999999999978,-0.45875
2026-08-15 22:34:11.981,71.207,raise,0.0,-0.46187499999999937
2026-08-15 22:34:11.991,71.217,raise,0.012499999999999734,-0.4762500000000003
2026-08-15 22:34:12.001,71.227,raise,0.07624999999999993,-0.4468749999999999
2026-08-15 22:34:12.011,71.237,raise,-0.1112499999999994,-0.49687499999999996
2026-08-15 22:34:12.021,71.247,raise,0.05624999999999991,-0.4525000000000001
2026-08-15 22:34:12.031,71.257,raise,-0.02874999999999961,-0.46187499999999937
2026-08-15 22:34:12.041,71.267,raise,-0.011249999999999316,-0.4931249999999998
2026-08-15 22:34:12.051,71.277,raise,0.07125000000000048,-0.44499999999999984
2026-08-15 22:34:12.061,71.287,raise,-0.10750000000000037,-0.5006250000000001
2026-08-15 22:34:12.071,71.297,raise,0.06062499999999971,-0.4556249999999995
2026-08-15 22:34:12.081,71.307,raise,-0.009375000000000355,-0.4631249999999998
2026-08-15 22:34:12.091,71.317,raise,-0.034999999999999476,-0.4899999999999993
2026-08-15 22:34:12.101,71.327,raise,0.0737500000000002,-0.4456249999999995
2026-08-15 22:34:12.111,71.337,raise,-0.11187500000000017,-0.49562499999999954
2026-08-15 22:34:12.121,71.347,raise,0.05750000000000033,-0.46250000000000013
2026-08-15 22:34:12.131,71.357,raise,-0.031249999999999334,-0.46499999999999986
2026-08-15 22:34:12.141,71.367,raise,0.0012500000000004174,-0.48687499999999995
2026-08-15 22:34:12.151,71.377,raise,0.07687499999999958,-0.44937499999999964
2026-08-15 22:34:12.161,71.387,raise,-0.1100000000000001,-0.4962500000000003
2026-08-15 22:34:12.171,71.397,raise,0.06624999999999992,-0.4574999999999996
2026-08-15 22:34:12.181,71.407,raise,-0.014374999999999805,-0.47062500000000007
2026-08-15 22:34:12.191,71.417,raise,-0.02874999999999961,-0.48374999999999946
2026-08-15 22:34:12.201,71.427,raise,0.07125000000000048,-0.44937499999999964
2026-08-15 22:34:12.211,71.437,raise,-0.11249999999999982,-0.4981250000000004
2026-08-15 22:34:12.221,71.447,raise,0.053750000000000187,-0.4574999999999996
2026-08-15 22:34:12.231,71.457,raise,-0.038124999999999964,-0.4631249999999998
2026-08-15 22:34:12.241,71.467,raise,0.001875000000000071,-0.47875
2026-08-15 22:34:12.251,71.477,raise,0.07312500000000055,-0.4468749999999999
2026-08-15 22:34:12.261,71.487,raise,-0.11249999999999982,-0.4918749999999994
2026-08-15 22:34:12.271,71.497,raise,0.06312500000000054,-0.45625000000000027
2026-08-15 22:34:12.281,71.507,raise,-0.012499999999999734,-0.4631249999999998
2026-08-15 22:34:12.291,71.517,raise,-0.023124999999999396,-0.4800000000000004
2026-08-15 22:34:12.301,71.527,raise,0.0737500000000002,-0.44875
2026-08-15 22:34:12.311,71.537,raise,-0.11375000000000024,-0.49562499999999954
2026-08-15 22:34:12.321,71.547,raise,0.05624999999999991,-0.45625000000000027
2026-08-15 22:34:12.331,71.557,raise,-0.0012500000000004174,-0.4674999999999996
2026-08-15 22:34:12.341,71.567,raise,0.005625000000000213,-0.48812500000000036
2026-08-15 22:34:12.351,71.577,raise,0.07937500000000042,-0.44875
2026-08-15 22:34:12.361,71.587,raise,-0.11499999999999955,-0.4962500000000003
2026-08-15 22:34:12.371,71.597,raise,0.07062499999999972,-0.46250000000000013
2026-08-15 22:34:12.381,71.607,raise,-0.02187500000000009,-0.46812500000000035
2026-08-15 22:34:12.391,71.617,raise,-0.014374999999999805,-0.48812500000000036
2026-08-15 22:34:12.401,71.627,raise,0.07187500000000013,-0.44937499999999964
2026-08-15 22:34:12.411,71.637,raise,-0.10874999999999968,-0.4949999999999999
2026-08-15 22:34:12.421,71.647,raise,0.05812499999999998,-0.45875
2026-08-15 22:34:12.431,71.657,raise,0.001875000000000071,-0.4700000000000004
2026-08-15 22:34:12.441,71.667,raise,0.010000000000000009,-0.48124999999999973
2026-08-15 22:34:12.451,71.677,raise,0.07624999999999993,-0.44937499999999964
2026-08-15 22:34:12.461,71.687,raise,-0.1143749999999999,-0.4993749999999997
2026-08-15 22:34:12.471,71.697,raise,0.06750000000000034,-0.4568749999999999
2026-08-15 22:34:12.481,71.707,raise,-0.028124999999999956,-0.4568749999999999
2026-08-15 22:34:12.491,71.717,raise,-0.008749999999999591,-0.4774999999999996
2026-08-15 22:34:12.501,71.727,raise,0.07624999999999993,-0.4468749999999999
2026-08-15 22:34:12.511,71.737,raise,-0.10750000000000037,-0.4993749999999997
2026-08-15 22:34:12.521,71.747,raise,0.06437499999999985,-0.4568749999999999
2026-08-15 22:34:12.531,71.757,raise,-0.006249999999999867,-0.46187499999999937
2026-08-15 22:34:12.541,71.767,raise,0.010000000000000009,-0.47937499999999966
2026-08-15 22:34:12.551,71.777,raise,0.0737500000000002,-0.4500000000000004
2026-08-15 22:34:12.561,71.787,raise,-0.1143749999999999,-0.49687499999999996
2026-08-15 22:34:12.571,71.797,raise,0.06874999999999964,-0.4525000000000001
2026-08-15 22:34:12.581,71.807,raise,-0.03624999999999989,-0.46875
2026-08-15 22:34:12.591,71.817,raise,-0.003750000000000142,-0.4906250000000001
2026-08-15 22:34:12.601,71.827,raise,0.07562500000000028,-0.4468749999999999
2026-08-15 22:34:12.611,71.837,raise,-0.10187500000000016,-0.5006250000000001
2026-08-15 22:34:12.621,71.847,raise,0.06125000000000047,-0.4500000000000004
2026-08-15 22:34:12.631,71.857,raise,-0.008749999999999591,-0.46499999999999986
2026-08-15 22:34:12.641,71.867,raise,0.014374999999999805,-0.4849999999999999
2026-08-15 22:34:12.651,71.877,raise,0.07624999999999993,-0.4456249999999995
2026-08-15 22:34:12.661,71.887,raise,-0.11249999999999982,-0.49875
2026-08-15 22:34:12.671,71.897,raise,0.05562500000000026,-0.45937499999999964
2026-08-15 22:34:12.681,71.907,raise,-0.03624999999999989,-0.46875
2026-08-15 22:34:12.691,71.917,raise,0.0024999999999997247,-0.4831249999999998
2026-08-15 22:34:12.701,71.927,raise,0.07687499999999958,-0.44625000000000026
2026-08-15 22:34:12.711,71.937,raise,-0.10499999999999954,-0.4974999999999996
2026-08-15 22:34:12.721,71.947,raise,0.06624999999999992,-0.4568749999999999
2026-08-15 22:34:12.731,71.957,raise,-0.018124999999999947,-0.46875
2026-08-15 22:34:12.741,71.967,raise,-0.018124999999999947,-0.47875
2026-08-15 22:34:12.751,71.977,raise,0.07500000000000062,-0.44625000000000026
2026-08-15 22:34:12.761,71.987,raise,-0.11499999999999955,-0.4949999999999999
2026-08-15 22:34:12.771,71.997,raise,0.05750000000000033,-0.45374999999999943
2026-08-15 22:34:12.781,72.007,raise,-0.04437499999999983,-0.46374999999999944
2026-08-15 22:34:12.791,72.017,raise,0.0024999999999997247,-0.47687499999999994
2026-08-15 22:34:12.801,72.027,raise,0.07562500000000028,-0.4456249999999995
2026-08-15 22:34:12.811,72.037,raise,-0.10187500000000016,-0.4974999999999996
2026-08-15 22:34:12.821,72.047,raise,0.06500000000000061,-0.4531249999999998
2026-08-15 22:34:12.831,72.057,raise,-0.02062499999999967,-0.4631249999999998
2026-08-15 22:34:12.841,72.067,raise,-0.017500000000000293,-0.4743750000000002
2026-08-15 22:34:12.851,72.077,raise,0.07437499999999986,-0.44812500000000033
2026-08-15 22:34:12.861,72.087,raise,-0.10750000000000037,-0.4949999999999999
2026-08-15 22:34:12.871,72.097,raise,0.06249999999999978,-0.44937499999999964
2026-08-15 22:34:12.881,72.107,raise,-0.0506249999999997,-0.46374999999999944
2026-08-15 22:34:12.891,72.117,raise,0.008749999999999591,-0.48687499999999995
2026-08-15 22:34:12.901,72.127,raise,0.07562500000000028,-0.44625000000000026
2026-08-15 22:34:12.911,72.137,raise,-0.11562500000000031,-0.49562499999999954
2026-08-15 22:34:12.921,72.147,raise,0.06562500000000027,-0.4568749999999999
2026-08-15 22:34:12.931,72.157,raise,-0.02562500000000023,-0.4662500000000003
2026-08-15 22:34:12.941,72.167,raise,-0.009375000000000355,-0.4806250000000001
2026-08-15 22:34:12.951,72.177,raise,0.0737500000000002,-0.4468749999999999
2026-08-15 22:34:12.961,72.187,raise,-0.1056250000000003,-0.49374999999999947
2026-08-15 22:34:12.971,72.197,raise,0.06125000000000047,-0.4525000000000001
2026-08-15 22:34:12.981,72.207,raise,-0.00687499999999952,-0.4743750000000002
2026-08-15 22:34:12.991,72.217,raise,0.015625000000000222,-0.4774999999999996
2026-08-15 22:34:13.001,72.227,raise,0.07624999999999993,-0.44749999999999956
2026-08-15 22:34:13.011,72.237,raise,-0.11249999999999982,-0.4962500000000003
2026-08-15 22:34:13.021,72.247,raise,0.06812499999999999,-0.45187499999999936
2026-08-15 22:34:13.031,72.257,raise,-0.033124999999999405,-0.4600000000000004
2026-08-15 22:34:13.041,72.267,raise,-0.004374999999999796,-0.4756249999999995
2026-08-15 22:34:13.051,72.277,raise,0.07125000000000048,-0.44812500000000033
2026-08-15 22:34:13.061,72.287,raise,-0.1056250000000003,-0.49687499999999996
2026-08-15 22:34:13.071,72.297,raise,0.06312500000000054,-0.4531249999999998
2026-08-15 22:34:13.081,72.307,raise,-0.012499999999999734,-0.46499999999999986
2026-08-15 22:34:13.091,72.317,raise,0.016249999999999876,-0.4731249999999998
2026-08-15 22:34:13.101,72.327,raise,0.07562500000000028,-0.44625000000000026
2026-08-15 22:34:13.111,72.337,raise,-0.1143749999999999,-0.49875
2026-08-15 22:34:13.121,72.347,raise,0.06812499999999999,-0.4543750000000002
2026-08-15 22:34:13.131,72.357,raise,-0.03562500000000024,-0.4662500000000003
2026-08-15 22:34:13.141,72.367,raise,-0.0012500000000004174,-0.4843750000000002
2026-08-15 22:34:13.151,72.377,raise,0.07562500000000028,-0.4443750000000002
2026-08-15 22:34:13.161,72.387,raise,-0.10312499999999947,-0.49437500000000023
2026-08-15 22:34:13.171,72.397,raise,0.06437499999999985,-0.4574999999999996
2026-08-15 22:34:13.181,72.407,raise,-0.015625000000000222,-0.4718749999999994
2026-08-15 22:34:13.191,72.417,raise,0.017500000000000293,-0.4849999999999999
2026-08-15 22:34:13.201,72.427,raise,0.07312500000000055,-0.44625000000000026
2026-08-15 22:34:13.211,72.437,raise,-0.11249999999999982,-0.49687499999999996
2026-08-15 22:34:13.221,72.447,raise,0.05624999999999991,-0.4600000000000004
2026-08-15 22:34:13.231,72.457,raise,-0.046874999999999556,-0.4731249999999998
2026-08-15 22:34:13.241,72.467,raise,0.006875000000000631,-0.4806250000000001
2026-08-15 22:34:13.251,72.477,raise,0.07562500000000028,-0.4500000000000004
2026-08-15 22:34:13.261,72.487,raise,-0.10375000000000023,-0.5012499999999998
2026-08-15 22:34:13.271,72.497,raise,0.06437499999999985,-0.4574999999999996
2026-08-15 22:34:13.281,72.507,raise,-0.0187499999999996,-0.4656249999999995
2026-08-15 22:34:13.291,72.517,raise,-0.019375000000000364,-0.47812500000000036
2026-08-15 22:34:13.301,72.527,raise,0.07500000000000062,-0.45187499999999936
2026-08-15 22:34:13.311,72.537,raise,-0.10812500000000003,-0.49875
2026-08-15 22:34:13.321,72.547,raise,0.058749999999999636,-0.45625000000000027
2026-08-15 22:34:13.331,72.557,raise,-0.050000000000000044,-0.4674999999999996
2026-08-15 22:34:13.341,72.567,raise,0.011250000000000426,-0.47687499999999994
2026-08-15 22:34:13.351,72.577,raise,0.07562500000000028,-0.44875
2026-08-15 22:34:13.361,72.587,raise,-0.0956250000000003,-0.49687499999999996
2026-08-15 22:34:13.371,72.597,raise,0.06750000000000034,-0.45374999999999943
2026-08-15 22:34:13.381,72.607,raise,-0.024374999999999813,-0.46812500000000035
2026-08-15 22:34:13.391,72.617,raise,-0.00687499999999952,-0.4862500000000003
2026-08-15 22:34:13.401,72.627,raise,0.07562500000000028,-0.4456249999999995
2026-08-15 22:34:13.411,72.637,raise,-0.10249999999999981,-0.49687499999999996
2026-08-15 22:34:13.421,72.647,raise,0.06125000000000047,-0.4531249999999998
2026-08-15 22:34:13.431,72.657,raise,-0.05624999999999991,-0.4700000000000004
2026-08-15 22:34:13.441,72.667,raise,0.015000000000000568,-0.48374999999999946
2026-08-15 22:34:13.451,72.677,raise,0.07500000000000062,-0.44749999999999956
2026-08-15 22:34:13.461,72.687,raise,-0.11750000000000038,-0.49374999999999947
2026-08-15 22:34:13.471,72.697,raise,0.07062499999999972,-0.4568749999999999
2026-08-15 22:34:13.481,72.707,raise,-0.027500000000000302,-0.4700000000000004
2026-08-15 22:34:13.491,72.717,raise,-0.004999999999999449,-0.47812500000000036
2026-08-15 22:34:13.501,72.727,raise,0.07437499999999986,-0.44812500000000033
2026-08-15 22:34:13.511,72.737,raise,-0.10499999999999954,-0.49374999999999947
2026-08-15 22:34:13.521,72.747,raise,0.06437499999999985,-0.4543750000000002
2026-08-15 22:34:13.531,72.757,raise,-0.056874999999999565,-0.47374999999999945
2026-08-15 22:34:13.541,72.767,raise,0.015625000000000222,-0.47812500000000036
2026-08-15 22:34:13.551,72.777,raise,0.07312500000000055,-0.44875
2026-08-15 22:34:13.561,72.787,raise,-0.11187500000000017,-0.4974999999999996
2026-08-15 22:34:13.571,72.797,raise,0.06624999999999992,-0.45499999999999985
2026-08-15 22:34:13.581,72.807,raise,-0.038124999999999964,-0.46687499999999993
2026-08-15 22:34:13.591,72.817,raise,0.0006249999999996536,-0.47687499999999994
2026-08-15 22:34:13.601,72.827,raise,0.07000000000000006,-0.44812500000000033
2026-08-15 22:34:13.611,72.837,raise,-0.10375000000000023,-0.4974999999999996
2026-08-15 22:34:13.621,72.847,raise,0.06437499999999985,-0.45187499999999936
2026-08-15 22:34:13.631,72.857,raise,-0.013750000000000151,-0.4643750000000002
2026-08-15 22:34:13.641,72.867,raise,0.02062499999999967,-0.4718749999999994
2026-08-15 22:34:13.651,72.877,raise,0.0737500000000002,-0.44499999999999984
2026-08-15 22:34:13.661,72.887,raise,-0.11187500000000017,-0.49687499999999996
2026-08-15 22:34:13.671,72.897,raise,0.07125000000000048,-0.45062500000000005
2026-08-15 22:34:13.681,72.907,raise,-0.04874999999999963,-0.46875
2026-08-15 22:34:13.691,72.917,raise,0.007500000000000284,-0.47812500000000036
2026-08-15 22:34:13.701,72.927,raise,0.06874999999999964,-0.4456249999999995
2026-08-15 22:34:13.711,72.937,raise,-0.09937499999999932,-0.4974999999999996
2026-08-15 22:34:13.721,72.947,raise,0.0637500000000002,-0.45374999999999943
2026-08-15 22:34:13.731,72.957,raise,-0.019375000000000364,-0.47062500000000007
2026-08-15 22:34:13.741,72.967,raise,0.023125000000000506,-0.47937499999999966
2026-08-15 22:34:13.751,72.977,raise,0.0737500000000002,-0.4456249999999995
2026-08-15 22:34:13.761,72.987,raise,-0.10812500000000003,-0.49999999999999933
2026-08-15 22:34:13.771,72.997,raise,0.07062499999999972,-0.45499999999999985
2026-08-15 22:34:13.781,73.007,raise,-0.04937500000000039,-0.47499999999999987
2026-08-15 22:34:13.791,73.017,raise,0.006875000000000631,-0.47875
2026-08-15 22:34:13.801,73.027,raise,0.07500000000000062,-0.44937499999999964
2026-08-15 22:34:13.811,73.037,raise,-0.10187500000000016,-0.4981250000000004
2026-08-15 22:34:13.821,73.047,raise,0.06437499999999985,-0.4556249999999995
2026-08-15 22:34:13.831,73.057,raise,-0.027500000000000302,-0.46875
2026-08-15 22:34:13.841,73.067,raise,0.022499999999999742,-0.4743750000000002
2026-08-15 22:34:13.851,73.077,raise,0.07187500000000013,-0.44499999999999984
2026-08-15 22:34:13.861,73.087,raise,-0.1056250000000003,-0.49374999999999947
2026-08-15 22:34:13.871,73.097,raise,0.0593750000000004,-0.44812500000000033
2026-08-15 22:34:13.881,73.107,raise,-0.05750000000000033,-0.4700000000000004
2026-08-15 22:34:13.891,73.117,raise,0.012499999999999734,-0.46937499999999965
2026-08-15 22:34:13.901,73.127,raise,0.07249999999999979,-0.44749999999999956
2026-08-15 22:34:13.911,73.137,raise,-0.0956250000000003,-0.4981250000000004
2026-08-15 22:34:13.921,73.147,raise,0.06874999999999964,-0.44749999999999956
2026-08-15 22:34:13.931,73.157,raise,-0.027500000000000302,-0.4700000000000004
2026-08-15 22:34:13.941,73.167,raise,0.027500000000000302,-0.48124999999999973
2026-08-15 22:34:13.951,73.177,raise,0.07500000000000062,-0.44499999999999984
2026-08-15 22:34:13.961,73.187,raise,-0.10624999999999996,-0.4962500000000003
2026-08-15 22:34:13.971,73.197,raise,0.0593750000000004,-0.4543750000000002
2026-08-15 22:34:13.981,73.207,raise,-0.05812499999999998,-0.4700000000000004
2026-08-15 22:34:13.991,73.217,raise,0.0187499999999996,-0.47687499999999994
2026-08-15 22:34:14.001,73.227,raise,0.07624999999999993,-0.4443750000000002
2026-08-15 22:34:14.011,73.237,raise,-0.09312499999999946,-0.4931249999999998
2026-08-15 22:34:14.021,73.247,raise,0.06750000000000034,-0.4574999999999996
2026-08-15 22:34:14.031,73.257,raise,-0.03687499999999955,-0.4718749999999994
2026-08-15 22:34:14.041,73.267,raise,-0.0012500000000004174,-0.4774999999999996
2026-08-15 22:34:14.051,73.277,raise,0.06874999999999964,-0.44749999999999956
2026-08-15 22:34:14.061,73.287,raise,-0.10375000000000023,-0.4931249999999998
2026-08-15 22:34:14.071,73.297,raise,0.0637500000000002,-0.45499999999999985
2026-08-15 22:34:14.081,73.307,raise,-0.07000000000000006,-0.46875
2026-08-15 22:34:14.091,73.317,raise,0.017500000000000293,-0.4731249999999998
2026-08-15 22:34:14.101,73.327,raise,0.07249999999999979,-0.44749999999999956
2026-08-15 22:34:14.111,73.337,raise,-0.11312499999999948,-0.4993749999999997
2026-08-15 22:34:14.121,73.347,raise,0.06687500000000068,-0.4500000000000004
2026-08-15 22:34:14.131,73.357,raise,-0.04249999999999976,-0.46812500000000035
2026-08-15 22:34:14.141,73.367,raise,0.0024999999999997247,-0.46875
2026-08-15 22:34:14.151,73.377,raise,0.06750000000000034,-0.4456249999999995
2026-08-15 22:34:14.161,73.387,raise,-0.1012499999999994,-0.49687499999999996
2026-08-15 22:34:14.171,73.397,raise,0.06562500000000027,-0.44625000000000026
2026-08-15 22:34:14.181,73.407,raise,-0.026249999999999885,-0.4700000000000004
2026-08-15 22:34:14.191,73.417,raise,0.019375000000000364,-0.48250000000000015
2026-08-15 22:34:14.201,73.427,raise,0.07312500000000055,-0.44875
2026-08-15 22:34:14.211,73.437,raise,-0.11312499999999948,-0.4981250000000004
2026-08-15 22:34:14.221,73.447,raise,0.06624999999999992,-0.4512499999999997
2026-08-15 22:34:14.231,73.457,raise,-0.04874999999999963,-0.4718749999999994
2026-08-15 22:34:14.241,73.467,raise,0.006875000000000631,-0.47937499999999966
2026-08-15 22:34:14.251,73.477,raise,0.06562500000000027,-0.45062500000000005
2026-08-15 22:34:14.261,73.487,raise,-0.09812500000000002,-0.49562499999999954
2026-08-15 22:34:14.271,73.497,raise,0.06562500000000027,-0.4543750000000002
2026-08-15 22:34:14.281,73.507,raise,-0.027500000000000302,-0.47374999999999945
2026-08-15 22:34:14.291,73.517,raise,0.024374999999999813,-0.4743750000000002
2026-08-15 22:34:14.301,73.527,raise,0.07062499999999972,-0.44937499999999964
2026-08-15 22:34:14.311,73.537,raise,-0.10750000000000037,-0.4993749999999997
2026-08-15 22:34:14.321,73.547,raise,0.06937500000000041,-0.45499999999999985
2026-08-15 22:34:14.331,73.557,raise,-0.05812499999999998,-0.47687499999999994
2026-08-15 22:34:14.341,73.567,raise,0.009375000000000355,-0.4756249999999995
2026-08-15 22:34:14.351,73.577,raise,0.07062499999999972,-0.44875
2026-08-15 22:34:14.361,73.587,raise,-0.09750000000000036,-0.49687499999999996
2026-08-15 22:34:14.371,73.597,raise,0.06624999999999992,-0.4512499999999997
2026-08-15 22:34:14.381,73.607,raise,-0.027500000000000302,-0.46875
2026-08-15 22:34:14.391,73.617,raise,0.027500000000000302,-0.47374999999999945
2026-08-15 22:34:14.401,73.627,raise,0.0737500000000002,-0.4468749999999999
2026-08-15 22:34:14.411,73.637,raise,-0.10437499999999988,-0.4949999999999999
2026-08-15 22:34:14.421,73.647,raise,0.06937500000000041,-0.45062500000000005
2026-08-15 22:34:14.431,73.657,raise,-0.056874999999999565,-0.4700000000000004
2026-08-15 22:34:14.441,73.667,raise,0.012499999999999734,-0.46687499999999993
2026-08-15 22:34:14.451,73.677,raise,0.07187500000000013,-0.44812500000000033
2026-08-15 22:34:14.461,73.687,raise,-0.09750000000000036,-0.5018749999999994
2026-08-15 22:34:14.471,73.697,raise,0.06812499999999999,-0.44937499999999964
2026-08-15 22:34:14.481,73.707,raise,-0.03624999999999989,-0.47250000000000014
2026-08-15 22:34:14.491,73.717,raise,0.03249999999999975,-0.47812500000000036
2026-08-15 22:34:14.501,73.727,raise,0.07062499999999972,-0.44499999999999984
2026-08-15 22:34:14.511,73.737,raise,-0.10437499999999988,-0.4931249999999998
2026-08-15 22:34:14.521,73.747,raise,0.061875000000000124,-0.4543750000000002
2026-08-15 22:34:14.531,73.757,raise,-0.0637500000000002,-0.4731249999999998
2026-08-15 22:34:14.541,73.767,raise,0.017500000000000293,-0.4774999999999996
2026-08-15 22:34:14.551,73.777,raise,0.07125000000000048,-0.44875
2026-08-15 22:34:14.561,73.787,raise,-0.09437499999999988,-0.49999999999999933
2026-08-15 22:34:14.571,73.797,raise,0.06687500000000068,-0.45187499999999936
2026-08-15 22:34:14.581,73.807,raise,-0.043124999999999414,-0.47875
2026-08-15 22:34:14.591,73.817,raise,-0.0012500000000004174,-0.47374999999999945
2026-08-15 22:34:14.601,73.827,raise,0.06874999999999964,-0.44812500000000033
2026-08-15 22:34:14.611,73.837,raise,-0.10249999999999981,-0.49437500000000023
2026-08-15 22:34:14.621,73.847,raise,0.06562500000000027,-0.4543750000000002
2026-08-15 22:34:14.631,73.857,raise,-0.06812499999999999,-0.46812500000000035
2026-08-15 22:34:14.641,73.867,raise,0.020000000000000018,-0.4643750000000002
2026-08-15 22:34:14.651,73.877,raise,0.07437499999999986,-0.44625000000000026
2026-08-15 22:34:14.661,73.887,raise,-0.08874999999999966,-0.49687499999999996
2026-08-15 22:34:14.671,73.897,raise,0.07125000000000048,-0.45062500000000005
2026-08-15 22:34:14.681,73.907,raise,-0.050000000000000044,-0.46937499999999965
2026-08-15 22:34:14.691,73.917,raise,0.009375000000000355,-0.46875
2026-08-15 22:34:14.701,73.927,raise,0.06624999999999992,-0.4456249999999995
2026-08-15 22:34:14.711,73.937,raise,-0.09874999999999967,-0.49437500000000023
2026-08-15 22:34:14.721,73.947,raise,0.06062499999999971,-0.44812500000000033
2026-08-15 22:34:14.731,73.957,raise,-0.07124999999999937,-0.47062500000000007
2026-08-15 22:34:14.741,73.967,raise,0.02062499999999967,-0.4762500000000003
2026-08-15 22:34:14.751,73.977,raise,0.07187500000000013,-0.44625000000000026
2026-08-15 22:34:14.761,73.987,raise,-0.10874999999999968,-0.4949999999999999
2026-08-15 22:34:14.771,73.997,raise,0.0737500000000002,-0.45062500000000005
2026-08-15 22:34:14.781,74.007,raise,-0.05249999999999977,-0.4718749999999994
2026-08-15 22:34:14.791,74.017,raise,0.008749999999999591,-0.4756249999999995
2026-08-15 22:34:14.801,74.027,raise,0.06624999999999992,-0.45062500000000005
2026-08-15 22:34:14.811,74.037,raise,-0.09874999999999967,-0.49687499999999996
2026-08-15 22:34:14.821,74.047,raise,0.06312500000000054,-0.4531249999999998
2026-08-15 22:34:14.831,74.057,raise,-0.033124999999999405,-0.4806250000000001
2026-08-15 22:34:14.841,74.067,raise,0.02187500000000009,-0.4731249999999998
2026-08-15 22:34:14.851,74.077,raise,0.07125000000000048,-0.44812500000000033
2026-08-15 22:34:14.861,74.087,raise,-0.10437499999999988,-0.49437500000000023
2026-08-15 22:34:14.871,74.097,raise,0.07062499999999972,-0.4531249999999998
2026-08-15 22:34:14.881,74.107,raise,-0.056874999999999565,-0.46812500000000035
2026-08-15 22:34:14.891,74.117,raise,0.01187500000000008,-0.46812500000000035
2026-08-15 22:34:14.901,74.127,raise,0.06125000000000047,-0.44812500000000033
2026-08-15 22:34:14.911,74.137,raise,-0.1012499999999994,-0.49250000000000016
2026-08-15 22:34:14.921,74.147,raise,0.06624999999999992,-0.44812500000000033
2026-08-15 22:34:14.931,74.157,raise,-0.038124999999999964,-0.46875
2026-08-15 22:34:14.941,74.167,raise,0.027500000000000302,-0.46812500000000035
2026-08-15 22:34:14.951,74.177,raise,0.06937500000000041,-0.4468749999999999
2026-08-15 22:34:14.961,74.187,raise,-0.11312499999999948,-0.4962500000000003
2026-08-15 22:34:14.971,74.197,raise,0.07187500000000013,-0.44875
2026-08-15 22:34:14.981,74.207,raise,-0.06687499999999957,-0.4700000000000004
2026-08-15 22:34:14.991,74.217,raise,0.0187499999999996,-0.47875
2026-08-15 22:34:15.001,74.227,raise,0.06937500000000041,-0.4437499999999994
2026-08-15 22:34:15.011,74.237,raise,-0.0924999999999998,-0.4974999999999996
2026-08-15 22:34:15.021,74.247,raise,0.06562500000000027,-0.44499999999999984
2026-08-15 22:34:15.031,74.257,raise,-0.03874999999999962,-0.47250000000000014
2026-08-15 22:34:15.041,74.267,raise,0.02687500000000065,-0.4762500000000003
2026-08-15 22:34:15.051,74.277,raise,0.06812499999999999,-0.44937499999999964
2026-08-15 22:34:15.061,74.287,raise,-0.10249999999999981,-0.49562499999999954
2026-08-15 22:34:15.071,74.297,raise,0.06812499999999999,-0.4525000000000001
2026-08-15 22:34:15.081,74.307,raise,-0.06812499999999999,-0.47812500000000036
2026-08-15 22:34:15.091,74.317,raise,0.019375000000000364,-0.4743750000000002
2026-08-15 22:34:15.101,74.327,raise,0.07125000000000048,-0.4500000000000004
2026-08-15 22:34:15.111,74.337,raise,-0.08937500000000043,-0.4962500000000003
2026-08-15 22:34:15.121,74.347,raise,0.07187500000000013,-0.44937499999999964
2026-08-15 22:34:15.131,74.357,raise,-0.044999999999999485,-0.47875
2026-08-15 22:34:15.141,74.367,raise,0.03437499999999982,-0.47062500000000007
2026-08-15 22:34:15.151,74.377,raise,0.07125000000000048,-0.44812500000000033
2026-08-15 22:34:15.161,74.387,raise,-0.10062499999999974,-0.4899999999999993
2026-08-15 22:34:15.171,74.397,raise,0.06062499999999971,-0.4468749999999999
2026-08-15 22:34:15.181,74.407,raise,-0.07499999999999951,-0.47062500000000007
2026-08-15 22:34:15.191,74.417,raise,0.018124999999999947,-0.4662500000000003
2026-08-15 22:34:15.201,74.427,raise,0.07249999999999979,-0.44875
2026-08-15 22:34:15.211,74.437,raise,-0.09124999999999939,-0.5018749999999994
2026-08-15 22:34:15.221,74.447,raise,0.07062499999999972,-0.4468749999999999
2026-08-15 22:34:15.231,74.457,raise,-0.0506249999999997,-0.4718749999999994
2026-08-15 22:34:15.241,74.467,raise,0.006875000000000631,-0.4800000000000004
2026-08-15 22:34:15.251,74.477,raise,0.06437499999999985,-0.44749999999999956
2026-08-15 22:34:15.261,74.487,raise,-0.10000000000000009,-0.49687499999999996
2026-08-15 22:34:15.271,74.497,raise,0.07000000000000006,-0.4468749999999999
2026-08-15 22:34:15.281,74.507,raise,-0.07499999999999951,-0.47499999999999987
2026-08-15 22:34:15.291,74.517,raise,0.02687500000000065,-0.47687499999999994
2026-08-15 22:34:15.301,74.527,raise,0.06812499999999999,-0.44812500000000033
2026-08-15 22:34:15.311,74.537,raise,-0.08312499999999945,-0.4962500000000003
2026-08-15 22:34:15.321,74.547,raise,0.06937500000000041,-0.45625000000000027
2026-08-15 22:34:15.331,74.557,raise,-0.05624999999999991,-0.47812500000000036
2026-08-15 22:34:15.341,74.567,raise,0.008749999999999591,-0.47250000000000014
2026-08-15 22:34:15.351,74.577,raise,0.06562500000000027,-0.44937499999999964
2026-08-15 22:34:15.361,74.587,raise,-0.0956250000000003,-0.4949999999999999
2026-08-15 22:34:15.371,74.597,raise,0.06812499999999999,-0.45062500000000005
2026-08-15 22:34:15.381,74.607,raise,-0.08437499999999987,-0.4800000000000004
2026-08-15 22:34:15.391,74.617,raise,0.027500000000000302,-0.46812500000000035
2026-08-15 22:34:15.401,74.627,raise,0.07062499999999972,-0.44499999999999984
2026-08-15 22:34:15.411,74.637,raise,-0.10812500000000003,-0.49374999999999947
2026-08-15 22:34:15.421,74.647,raise,0.07062499999999972,-0.45187499999999936
2026-08-15 22:34:15.431,74.657,raise,-0.06062499999999971,-0.46937499999999965
2026-08-15 22:34:15.441,74.667,raise,0.01687500000000064,-0.4674999999999996
2026-08-15 22:34:15.451,74.677,raise,0.06687500000000068,-0.44625000000000026
2026-08-15 22:34:15.461,74.687,raise,-0.09375000000000022,-0.4981250000000004
2026-08-15 22:34:15.471,74.697,raise,0.06687500000000068,-0.45062500000000005
2026-08-15 22:34:15.481,74.707,raise,-0.03687499999999955,-0.47250000000000014
2026-08-15 22:34:15.491,74.717,raise,0.027500000000000302,-0.4674999999999996
2026-08-15 22:34:15.501,74.727,raise,0.07062499999999972,-0.4468749999999999
2026-08-15 22:34:15.511,74.737,raise,-0.10437499999999988,-0.49437500000000023
2026-08-15 22:34:15.521,74.747,raise,0.0737500000000002,-0.44812500000000033
2026-08-15 22:34:15.531,74.757,raise,-0.06437499999999985,-0.4762500000000003
2026-08-15 22:34:15.541,74.767,raise,0.017500000000000293,-0.4743750000000002
2026-08-15 22:34:15.551,74.777,raise,0.058749999999999636,-0.44812500000000033
2026-08-15 22:34:15.561,74.787,raise,-0.0924999999999998,-0.49875
2026-08-15 22:34:15.571,74.797,raise,0.07125000000000048,-0.4531249999999998
2026-08-15 22:34:15.581,74.807,raise,-0.046874999999999556,-0.48124999999999973
2026-08-15 22:34:15.591,74.817,raise,0.030000000000000027,-0.47499999999999987
2026-08-15 22:34:15.601,74.827,raise,0.06812499999999999,-0.44812500000000033
2026-08-15 22:34:15.611,74.837,raise,-0.10187500000000016,-0.4931249999999998
2026-08-15 22:34:15.621,74.847,raise,0.07312500000000055,-0.4525000000000001
2026-08-15 22:34:15.631,74.857,raise,-0.07249999999999979,-0.4762500000000003
2026-08-15 22:34:15.641,74.867,raise,0.025000000000000577,-0.46937499999999965
2026-08-15 22:34:15.651,74.877,raise,0.07437499999999986,-0.4443750000000002
2026-08-15 22:34:15.661,74.887,raise,-0.08499999999999952,-0.49562499999999954
2026-08-15 22:34:15.671,74.897,raise,0.07187500000000013,-0.44937499999999964
2026-08-15 22:34:15.681,74.907,raise,-0.04937500000000039,-0.46687499999999993
2026-08-15 22:34:15.691,74.917,raise,0.03375000000000017,-0.46687499999999993
2026-08-15 22:34:15.701,74.927,raise,0.06874999999999964,-0.44625000000000026
2026-08-15 22:34:15.711,74.937,raise,-0.09750000000000036,-0.49250000000000016
2026-08-15 22:34:15.721,74.947,raise,0.0637500000000002,-0.4456249999999995
2026-08-15 22:34:15.731,74.957,raise,-0.07562500000000028,-0.47062500000000007
2026-08-15 22:34:15.741,74.967,raise,0.024374999999999813,-0.4631249999999998
2026-08-15 22:34:15.751,74.977,raise,0.07062499999999972,-0.44187499999999935
2026-08-15 22:34:15.761,74.987,raise,-0.08124999999999938,-0.49374999999999947
2026-08-15 22:34:15.771,74.997,raise,0.07000000000000006,-0.44499999999999984
2026-08-15 22:34:15.781,75.007,raise,-0.05437499999999984,-0.4712499999999997
2026-08-15 22:34:15.791,75.017,raise,0.033125000000000515,-0.4756249999999995
2026-08-15 22:34:15.801,75.027,raise,0.06687500000000068,-0.44937499999999964
2026-08-15 22:34:15.811,75.037,raise,-0.09937499999999932,-0.4981250000000004
2026-08-15 22:34:15.821,75.047,raise,0.06249999999999978,-0.44625000000000026
2026-08-15 22:34:15.831,75.057,raise,-0.08124999999999938,-0.4774999999999996
2026-08-15 22:34:15.841,75.067,raise,0.02187500000000009,-0.4743750000000002
2026-08-15 22:34:15.851,75.077,raise,0.0737500000000002,-0.4500000000000004
2026-08-15 22:34:15.861,75.087,raise,-0.07937500000000042,-0.4962500000000003
2026-08-15 22:34:15.871,75.097,raise,0.07125000000000048,-0.44937499999999964
2026-08-15 22:34:15.881,75.107,raise,-0.05624999999999991,-0.4806250000000001
2026-08-15 22:34:15.891,75.117,raise,0.012499999999999734,-0.46875
2026-08-15 22:34:15.901,75.127,raise,0.06500000000000061,-0.44499999999999984
2026-08-15 22:34:15.911,75.137,raise,-0.0968749999999996,-0.4949999999999999
2026-08-15 22:34:15.921,75.147,raise,0.06687500000000068,-0.4512499999999997
2026-08-15 22:34:15.931,75.157,raise,-0.08312499999999945,-0.46875
2026-08-15 22:34:15.941,75.167,raise,0.02562500000000023,-0.46812500000000035
2026-08-15 22:34:15.951,75.177,raise,0.07125000000000048,-0.4443750000000002
2026-08-15 22:34:15.961,75.187,raise,-0.10750000000000037,-0.49374999999999947
2026-08-15 22:34:15.971,75.197,raise,0.07125000000000048,-0.45187499999999936
2026-08-15 22:34:15.981,75.207,raise,-0.06437499999999985,-0.4712499999999997
2026-08-15 22:34:15.991,75.217,raise,0.018124999999999947,-0.4656249999999995
2026-08-15 22:34:16.001,75.227,raise,0.06312500000000054,-0.44812500000000033
2026-08-15 22:34:16.011,75.237,raise,-0.09187500000000015,-0.49437500000000023
2026-08-15 22:34:16.021,75.247,raise,0.06874999999999964,-0.4468749999999999
2026-08-15 22:34:16.031,75.257,raise,-0.08874999999999966,-0.47062500000000007
2026-08-15 22:34:16.041,75.267,raise,0.026249999999999885,-0.47687499999999994
2026-08-15 22:34:16.051,75.277,raise,0.06874999999999964,-0.4512499999999997
2026-08-15 22:34:16.061,75.287,raise,-0.10437499999999988,-0.49687499999999996
2026-08-15 22:34:16.071,75.297,raise,0.07000000000000006,-0.44499999999999984
2026-08-15 22:34:16.081,75.307,raise,-0.07000000000000006,-0.47937499999999966
2026-08-15 22:34:16.091,75.317,raise,0.016249999999999876,-0.4756249999999995
2026-08-15 22:34:16.101,75.327,raise,0.05812499999999998,-0.44625000000000026
2026-08-15 22:34:16.111,75.337,raise,-0.09000000000000008,-0.49437500000000023
2026-08-15 22:34:16.121,75.347,raise,0.06937500000000041,-0.45187499999999936
2026-08-15 22:34:16.131,75.357,raise,-0.050000000000000044,-0.4774999999999996
2026-08-15 22:34:16.141,75.367,raise,0.0318750000000001,-0.46812500000000035
2026-08-15 22:34:16.151,75.377,raise,0.06624999999999992,-0.44875
2026-08-15 22:34:16.161,75.387,raise,-0.10312499999999947,-0.4974999999999996
2026-08-15 22:34:16.171,75.397,raise,0.07249999999999979,-0.45187499999999936
2026-08-15 22:34:16.181,75.407,raise,-0.07499999999999951,-0.47499999999999987
2026-08-15 22:34:16.191,75.417,raise,0.024374999999999813,-0.46875
2026-08-15 22:34:16.201,75.427,raise,0.06624999999999992,-0.4500000000000004
2026-08-15 22:34:16.211,75.437,raise,-0.08624999999999994,-0.4931249999999998
2026-08-15 22:34:16.221,75.447,raise,0.07000000000000006,-0.4468749999999999
2026-08-15 22:34:16.231,75.457,raise,-0.053750000000000187,-0.4718749999999994
2026-08-15 22:34:16.241,75.467,raise,0.03437499999999982,-0.46875
2026-08-15 22:34:16.251,75.477,raise,0.06937500000000041,-0.4443750000000002
2026-08-15 22:34:16.261,75.487,raise,-0.1012499999999994,-0.4981250000000004
2026-08-15 22:34:16.271,75.497,raise,0.07500000000000062,-0.4456249999999995
2026-08-15 22:34:16.281,75.507,raise,-0.08562500000000028,-0.4743750000000002
2026-08-15 22:34:16.291,75.517,raise,0.02375000000000016,-0.4774999999999996
2026-08-15 22:34:16.301,75.527,raise,0.07000000000000006,-0.44812500000000033
2026-08-15 22:34:16.311,75.537,raise,-0.08624999999999994,-0.49562499999999954
2026-08-15 22:34:16.321,75.547,raise,0.07000000000000006,-0.44749999999999956
2026-08-15 22:34:16.331,75.557,raise,-0.05812499999999998,-0.47875
2026-08-15 22:34:16.341,75.567,raise,0.03437499999999982,-0.47374999999999945
2026-08-15 22:34:16.351,75.577,raise,0.061875000000000124,-0.44937499999999964
2026-08-15 22:34:16.361,75.587,raise,-0.09312499999999946,-0.49687499999999996
2026-08-15 22:34:16.371,75.597,raise,0.0637500000000002,-0.4500000000000004
2026-08-15 22:34:16.381,75.607,raise,-0.08187500000000014,-0.4800000000000004
2026-08-15 22:34:16.391,75.617,raise,0.026249999999999885,-0.47062500000000007
2026-08-15 22:34:16.401,75.627,raise,0.06937500000000041,-0.4500000000000004
2026-08-15 22:34:16.411,75.637,raise,-0.07937500000000042,-0.49562499999999954
2026-08-15 22:34:16.421,75.647,raise,0.06937500000000041,-0.4500000000000004
2026-08-15 22:34:16.431,75.657,raise,-0.06312499999999943,-0.4806250000000001
2026-08-15 22:34:16.441,75.667,raise,0.015625000000000222,-0.46875
2026-08-15 22:34:16.451,75.677,raise,0.06062499999999971,-0.44625000000000026
2026-08-15 22:34:16.461,75.687,raise,-0.0924999999999998,-0.49124999999999974
2026-08-15 22:34:16.471,75.697,raise,0.06750000000000034,-0.4500000000000004
2026-08-15 22:34:16.481,75.707,raise,-0.08812500000000001,-0.47062500000000007
2026-08-15 22:34:16.491,75.717,raise,0.029375000000000373,-0.4662500000000003
2026-08-15 22:34:16.501,75.727,raise,0.0637500000000002,-0.44812500000000033
2026-08-15 22:34:16.511,75.737,raise,-0.07499999999999951,-0.4931249999999998
2026-08-15 22:34:16.521,75.747,raise,0.07249999999999979,-0.44937499999999964
2026-08-15 22:34:16.531,75.757,raise,-0.06562500000000027,-0.47499999999999987
2026-08-15 22:34:16.541,75.767,raise,0.014374999999999805,-0.46374999999999944
2026-08-15 22:34:16.551,75.777,raise,0.06125000000000047,-0.45062500000000005
2026-08-15 22:34:16.561,75.787,raise,-0.09124999999999939,-0.5006250000000001
2026-08-15 22:34:16.571,75.797,raise,0.06687500000000068,-0.44812500000000033
2026-08-15 22:34:16.581,75.807,raise,-0.09375000000000022,-0.47812500000000036
2026-08-15 22:34:16.591,75.817,raise,0.02874999999999961,-0.4756249999999995
2026-08-15 22:34:16.601,75.827,raise,0.06812499999999999,-0.45062500000000005
2026-08-15 22:34:16.611,75.837,raise,-0.10062499999999974,-0.4962500000000003
2026-08-15 22:34:16.621,75.847,raise,0.07249999999999979,-0.45374999999999943
2026-08-15 22:34:16.631,75.857,raise,-0.07187500000000013,-0.4806250000000001
2026-08-15 22:34:16.641,75.867,raise,0.02187500000000009,-0.47499999999999987
2026-08-15 22:34:16.651,75.877,raise,0.05624999999999991,-0.4468749999999999
2026-08-15 22:34:16.661,75.887,raise,-0.09000000000000008,-0.49687499999999996
2026-08-15 22:34:16.671,75.897,raise,0.07000000000000006,-0.44875
2026-08-15 22:34:16.681,75.907,raise,-0.054999999999999494,-0.4806250000000001
2026-08-15 22:34:16.691,75.917,raise,0.03562500000000024,-0.4674999999999996
2026-08-15 22:34:16.701,75.927,raise,0.06812499999999999,-0.4468749999999999
2026-08-15 22:34:16.711,75.937,raise,-0.10062499999999974,-0.4899999999999993
2026-08-15 22:34:16.721,75.947,raise,0.07249999999999979,-0.4456249999999995
2026-08-15 22:34:16.731,75.957,raise,-0.08124999999999938,-0.47062500000000007
2026-08-15 22:34:16.741,75.967,raise,0.026249999999999885,-0.46374999999999944
2026-08-15 22:34:16.751,75.977,raise,0.05125000000000046,-0.44812500000000033
2026-08-15 22:34:16.761,75.987,raise,-0.07937500000000042,-0.4918749999999994
2026-08-15 22:34:16.771,75.997,raise,0.07249999999999979,-0.4443750000000002
2026-08-15 22:34:16.781,76.007,raise,-0.056874999999999565,-0.47374999999999945
2026-08-15 22:34:16.791,76.017,raise,0.03687500000000066,-0.4643750000000002
2026-08-15 22:34:16.801,76.027,raise,0.0637500000000002,-0.44749999999999956
2026-08-15 22:34:16.811,76.037,raise,-0.10000000000000009,-0.5006250000000001
2026-08-15 22:34:16.821,76.047,raise,0.0737500000000002,-0.4456249999999995
2026-08-15 22:34:16.831,76.057,raise,-0.08312499999999945,-0.47687499999999994
2026-08-15 22:34:16.841,76.067,raise,0.024374999999999813,-0.47812500000000036
2026-08-15 22:34:16.851,76.077,raise,0.06812499999999999,-0.45062500000000005
2026-08-15 22:34:16.861,76.087,raise,-0.08124999999999938,-0.49875
2026-08-15 22:34:16.871,76.097,raise,0.07249999999999979,-0.4437499999999994
2026-08-15 22:34:16.881,76.107,raise,-0.06000000000000005,-0.47812500000000036
2026-08-15 22:34:16.891,76.117,raise,0.03937500000000038,-0.47250000000000014
2026-08-15 22:34:16.901,76.127,raise,0.06249999999999978,-0.44749999999999956
2026-08-15 22:34:16.911,76.137,raise,-0.09437499999999988,-0.49374999999999947
2026-08-15 22:34:16.921,76.147,raise,0.06562500000000027,-0.45374999999999943
2026-08-15 22:34:16.931,76.157,raise,-0.08312499999999945,-0.47937499999999966
2026-08-15 22:34:16.941,76.167,raise,0.026249999999999885,-0.46875
2026-08-15 22:34:16.951,76.177,raise,0.06874999999999964,-0.4500000000000004
2026-08-15 22:34:16.961,76.187,raise,-0.07687499999999958,-0.4962500000000003
2026-08-15 22:34:16.971,76.197,raise,0.07249999999999979,-0.44875
2026-08-15 22:34:16.981,76.207,raise,-0.06312499999999943,-0.48124999999999973
2026-08-15 22:34:16.991,76.217,raise,0.04062499999999969,-0.4643750000000002
2026-08-15 22:34:17.001,76.227,raise,0.06062499999999971,-0.4468749999999999
2026-08-15 22:34:17.011,76.237,raise,-0.09062499999999973,-0.49374999999999947
2026-08-15 22:34:17.021,76.247,raise,0.06812499999999999,-0.44749999999999956
2026-08-15 22:34:17.031,76.257,raise,-0.09375000000000022,-0.4743750000000002
2026-08-15 22:34:17.041,76.267,raise,0.031250000000000444,-0.46374999999999944
2026-08-15 22:34:17.051,76.277,raise,0.06937500000000041,-0.4468749999999999
2026-08-15 22:34:17.061,76.287,raise,-0.0737500000000002,-0.4974999999999996
2026-08-15 22:34:17.071,76.297,raise,0.07000000000000006,-0.44749999999999956
2026-08-15 22:34:17.081,76.307,raise,-0.07437499999999986,-0.4806250000000001
2026-08-15 22:34:17.091,76.317,raise,0.019375000000000364,-0.4656249999999995
2026-08-15 22:34:17.101,76.327,raise,0.05750000000000033,-0.44937499999999964
2026-08-15 22:34:17.111,76.337,raise,-0.09000000000000008,-0.49437500000000023
2026-08-15 22:34:17.121,76.347,raise,0.06937500000000041,-0.4468749999999999
2026-08-15 22:34:17.131,76.357,raise,-0.09124999999999939,-0.4800000000000004
2026-08-15 22:34:17.141,76.367,raise,0.03437499999999982,-0.46875
2026-08-15 22:34:17.151,76.377,raise,0.07000000000000006,-0.4500000000000004
2026-08-15 22:34:17.161,76.387,raise,-0.06624999999999992,-0.4962500000000003
2026-08-15 22:34:17.171,76.397,raise,0.07687499999999958,-0.4531249999999998
2026-08-15 22:34:17.181,76.407,raise,-0.07750000000000035,-0.48374999999999946
2026-08-15 22:34:17.191,76.417,raise,0.02375000000000016,-0.4700000000000004
2026-08-15 22:34:17.201,76.427,raise,0.051875000000000115,-0.4500000000000004
2026-08-15 22:34:17.211,76.437,raise,-0.08312499999999945,-0.4962500000000003
2026-08-15 22:34:17.221,76.447,raise,0.07000000000000006,-0.4525000000000001
2026-08-15 22:34:17.231,76.457,raise,-0.0956250000000003,-0.48875
2026-08-15 22:34:17.241,76.467,raise,0.03624999999999989,-0.47250000000000014
2026-08-15 22:34:17.251,76.477,raise,0.06812499999999999,-0.44875
2026-08-15 22:34:17.261,76.487,raise,-0.09750000000000036,-0.49374999999999947
2026-08-15 22:34:17.271,76.497,raise,0.07437499999999986,-0.4531249999999998
2026-08-15 22:34:17.281,76.507,raise,-0.07937500000000042,-0.47687499999999994
2026-08-15 22:34:17.291,76.517,raise,0.025000000000000577,-0.46687499999999993
2026-08-15 22:34:17.301,76.527,raise,0.046875000000000666,-0.4525000000000001
2026-08-15 22:34:17.311,76.537,raise,-0.08375000000000021,-0.49875
2026-08-15 22:34:17.321,76.547,raise,0.07187500000000013,-0.4500000000000004
2026-08-15 22:34:17.331,76.557,raise,-0.06000000000000005,-0.4800000000000004
2026-08-15 22:34:17.341,76.567,raise,0.03687500000000066,-0.4643750000000002
2026-08-15 22:34:17.351,76.577,raise,0.06624999999999992,-0.45062500000000005
2026-08-15 22:34:17.361,76.587,raise,-0.09312499999999946,-0.4993749999999997
2026-08-15 22:34:17.371,76.597,raise,0.0737500000000002,-0.4456249999999995
2026-08-15 22:34:17.381,76.607,raise,-0.08062499999999972,-0.4818749999999994
2026-08-15 22:34:17.391,76.617,raise,0.028124999999999956,-0.4712499999999997
2026-08-15 22:34:17.401,76.627,raise,0.04437499999999983,-0.44937499999999964
2026-08-15 22:34:17.411,76.637,raise,-0.07937500000000042,-0.4981250000000004
2026-08-15 22:34:17.421,76.647,raise,0.0737500000000002,-0.45187499999999936
2026-08-15 22:34:17.431,76.657,raise,-0.06000000000000005,-0.4806250000000001
2026-08-15 22:34:17.441,76.667,raise,0.03874999999999962,-0.46937499999999965
2026-08-15 22:34:17.451,76.677,raise,0.06125000000000047,-0.45062500000000005
2026-08-15 22:34:17.461,76.687,raise,-0.08937500000000043,-0.4918749999999994
2026-08-15 22:34:17.471,76.697,raise,0.07750000000000035,-0.4500000000000004
2026-08-15 22:34:17.481,76.707,raise,-0.09124999999999939,-0.4831249999999998
2026-08-15 22:34:17.491,76.717,raise,0.033125000000000515,-0.46812500000000035
2026-08-15 22:34:17.501,76.727,raise,0.06750000000000034,-0.44875
2026-08-15 22:34:17.511,76.737,raise,-0.07124999999999937,-0.4931249999999998
2026-08-15 22:34:17.521,76.747,raise,0.07249999999999979,-0.44875
2026-08-15 22:34:17.531,76.757,raise,-0.07000000000000006,-0.4762500000000003
2026-08-15 22:34:17.541,76.767,raise,0.04062499999999969,-0.4656249999999995
2026-08-15 22:34:17.551,76.777,raise,0.05812499999999998,-0.45187499999999936
2026-08-15 22:34:17.561,76.787,raise,-0.09062499999999973,-0.49250000000000016
2026-08-15 22:34:17.571,76.797,raise,0.06562500000000027,-0.44749999999999956
2026-08-15 22:34:17.581,76.807,raise,-0.08874999999999966,-0.47875
2026-08-15 22:34:17.591,76.817,raise,0.0318750000000001,-0.46687499999999993
2026-08-15 22:34:17.601,76.827,raise,0.06937500000000041,-0.45187499999999936
2026-08-15 22:34:17.611,76.837,raise,-0.06687499999999957,-0.4974999999999996
2026-08-15 22:34:17.621,76.847,raise,0.07312500000000055,-0.44937499999999964
2026-08-15 22:34:17.631,76.857,raise,-0.07499999999999951,-0.47937499999999966
2026-08-15 22:34:17.641,76.867,raise,0.045000000000000595,-0.47062500000000007
2026-08-15 22:34:17.651,76.877,raise,0.05562500000000026,-0.4500000000000004
2026-08-15 22:34:17.661,76.887,raise,-0.0824999999999998,-0.49562499999999954
2026-08-15 22:34:17.671,76.897,raise,0.06874999999999964,-0.4456249999999995
2026-08-15 22:34:17.681,76.907,raise,-0.09499999999999953,-0.4818749999999994
2026-08-15 22:34:17.691,76.917,raise,0.03375000000000017,-0.46937499999999965
2026-08-15 22:34:17.701,76.927,raise,0.06750000000000034,-0.4500000000000004
2026-08-15 22:34:17.711,76.937,raise,-0.061875000000000124,-0.49374999999999947
2026-08-15 22:34:17.721,76.947,raise,0.07437499999999986,-0.4531249999999998
2026-08-15 22:34:17.731,76.957,raise,-0.07499999999999951,-0.48124999999999973
2026-08-15 22:34:17.741,76.967,raise,0.02375000000000016,-0.46812500000000035
2026-08-15 22:34:17.751,76.977,raise,0.05249999999999977,-0.44875
2026-08-15 22:34:17.761,76.987,raise,-0.08812500000000001,-0.49124999999999974
2026-08-15 22:34:17.771,76.997,raise,0.0737500000000002,-0.4525000000000001
2026-08-15 22:34:17.781,77.007,raise,-0.09624999999999995,-0.4849999999999999
2026-08-15 22:34:17.791,77.017,raise,0.035000000000000586,-0.4662500000000003
2026-08-15 22:34:17.801,77.027,raise,0.06562500000000027,-0.4525000000000001
2026-08-15 22:34:17.811,77.037,raise,-0.09750000000000036,-0.49250000000000016
2026-08-15 22:34:17.821,77.047,raise,0.07000000000000006,-0.44937499999999964
2026-08-15 22:34:17.831,77.057,raise,-0.0824999999999998,-0.47937499999999966
2026-08-15 22:34:17.841,77.067,raise,0.024374999999999813,-0.4662500000000003
2026-08-15 22:34:17.851,77.077,raise,0.0462499999999999,-0.4525000000000001
2026-08-15 22:34:17.861,77.087,raise,-0.07750000000000035,-0.49687499999999996
2026-08-15 22:34:17.871,77.097,raise,0.07000000000000006,-0.44875
2026-08-15 22:34:17.881,77.107,raise,-0.10062499999999974,-0.47875
2026-08-15 22:34:17.891,77.117,raise,0.03937500000000038,-0.4718749999999994
2026-08-15 22:34:17.901,77.127,raise,0.06249999999999978,-0.4500000000000004
2026-08-15 22:34:17.911,77.137,raise,-0.09187500000000015,-0.49374999999999947
2026-08-15 22:34:17.921,77.147,raise,0.07500000000000062,-0.44749999999999956
2026-08-15 22:34:17.931,77.157,raise,-0.08562500000000028,-0.48124999999999973
2026-08-15 22:34:17.941,77.167,raise,0.031250000000000444,-0.46937499999999965
2026-08-15 22:34:17.951,77.177,raise,0.04125000000000045,-0.4525000000000001
2026-08-15 22:34:17.961,77.187,raise,-0.0737500000000002,-0.49687499999999996
2026-08-15 22:34:17.971,77.197,raise,0.07312500000000055,-0.45062500000000005
2026-08-15 22:34:17.981,77.207,raise,-0.06750000000000034,-0.48875
2026-08-15 22:34:17.991,77.217,raise,0.040000000000000036,-0.46687499999999993
2026-08-15 22:34:18.001,77.227,raise,0.06125000000000047,-0.44812500000000033
2026-08-15 22:34:18.011,77.237,raise,-0.08750000000000036,-0.4918749999999994
2026-08-15 22:34:18.021,77.247,raise,0.07687499999999958,-0.4500000000000004
2026-08-15 22:34:18.031,77.257,raise,-0.08937500000000043,-0.49124999999999974
2026-08-15 22:34:18.041,77.267,raise,0.030000000000000027,-0.46687499999999993
2026-08-15 22:34:18.051,77.277,raise,0.06624999999999992,-0.4531249999999998
2026-08-15 22:34:18.061,77.287,raise,-0.07187500000000013,-0.4962500000000003
2026-08-15 22:34:18.071,77.297,raise,0.07187500000000013,-0.4512499999999997
2026-08-15 22:34:18.081,77.307,raise,-0.06874999999999964,-0.48124999999999973
2026-08-15 22:34:18.091,77.317,raise,0.04375000000000018,-0.4674999999999996
2026-08-15 22:34:18.101,77.327,raise,0.05624999999999991,-0.4531249999999998
2026-08-15 22:34:18.111,77.337,raise,-0.08499999999999952,-0.5006250000000001
2026-08-15 22:34:18.121,77.347,raise,0.07437499999999986,-0.44625000000000026
2026-08-15 22:34:18.131,77.357,raise,-0.0956250000000003,-0.48250000000000015
2026-08-15 22:34:18.141,77.367,raise,0.033125000000000515,-0.4643750000000002
2026-08-15 22:34:18.151,77.377,raise,0.06812499999999999,-0.45187499999999936
2026-08-15 22:34:18.161,77.387,raise,-0.07124999999999937,-0.49999999999999933
2026-08-15 22:34:18.171,77.397,raise,0.07500000000000062,-0.44749999999999956
2026-08-15 22:34:18.181,77.407,raise,-0.07687499999999958,-0.4831249999999998
2026-08-15 22:34:18.191,77.417,raise,0.04375000000000018,-0.4731249999999998
2026-08-15 22:34:18.201,77.427,raise,0.051875000000000115,-0.4531249999999998
2026-08-15 22:34:18.211,77.437,raise,-0.08687499999999959,-0.5006250000000001
2026-08-15 22:34:18.221,77.447,raise,0.06937500000000041,-0.4525000000000001
2026-08-15 22:34:18.231,77.457,raise,-0.09750000000000036,-0.4849999999999999
2026-08-15 22:34:18.241,77.467,raise,0.033125000000000515,-0.4712499999999997
2026-08-15 22:34:18.251,77.477,raise,0.06562500000000027,-0.4525000000000001
2026-08-15 22:34:18.261,77.487,raise,-0.06124999999999936,-0.49250000000000016
2026-08-15 22:34:18.271,77.497,raise,0.0737500000000002,-0.44875
2026-08-15 22:34:18.281,77.507,raise,-0.07437499999999986,-0.48875
2026-08-15 22:34:18.291,77.517,raise,0.021250000000000435,-0.46937499999999965
2026-08-15 22:34:18.301,77.527,raise,0.04874999999999963,-0.45062500000000005
2026-08-15 22:34:18.311,77.537,raise,-0.08062499999999972,-0.49687499999999996
2026-08-15 22:34:18.321,77.547,raise,0.07125000000000048,-0.45374999999999943
2026-08-15 22:34:18.331,77.557,raise,-0.10000000000000009,-0.4774999999999996
2026-08-15 22:34:18.341,77.567,raise,0.03750000000000031,-0.4674999999999996
2026-08-15 22:34:18.351,77.577,raise,0.06437499999999985,-0.45062500000000005
2026-08-15 22:34:18.361,77.587,raise,-0.051875000000000115,-0.4918749999999994
2026-08-15 22:34:18.371,77.597,raise,0.07312500000000055,-0.4500000000000004
2026-08-15 22:34:18.381,77.607,raise,-0.08812500000000001,-0.4818749999999994
2026-08-15 22:34:18.391,77.617,raise,0.029375000000000373,-0.4662500000000003
2026-08-15 22:34:18.401,77.627,raise,0.043125000000000524,-0.45062500000000005
2026-08-15 22:34:18.411,77.637,raise,-0.078125,-0.5006250000000001
2026-08-15 22:34:18.421,77.647,raise,0.0737500000000002,-0.44812500000000033
2026-08-15 22:34:18.431,77.657,raise,-0.10499999999999954,-0.4831249999999998
2026-08-15 22:34:18.441,77.667,raise,0.038124999999999964,-0.4743750000000002
2026-08-15 22:34:18.451,77.677,raise,0.0637500000000002,-0.45187499999999936
2026-08-15 22:34:18.461,77.687,raise,-0.09437499999999988,-0.4949999999999999
2026-08-15 22:34:18.471,77.697,raise,0.07624999999999993,-0.44749999999999956
2026-08-15 22:34:18.481,77.707,raise,-0.08812500000000001,-0.48562499999999953
2026-08-15 22:34:18.491,77.717,raise,0.03375000000000017,-0.46937499999999965
2026-08-15 22:34:18.501,77.727,raise,0.03874999999999962,-0.4543750000000002
2026-08-15 22:34:18.511,77.737,raise,-0.07062499999999972,-0.4974999999999996
2026-08-15 22:34:18.521,77.747,raise,0.07249999999999979,-0.4500000000000004
2026-08-15 22:34:18.531,77.757,raise,-0.06937500000000041,-0.4874999999999996
2026-08-15 22:34:18.541,77.767,raise,0.03874999999999962,-0.46875
2026-08-15 22:34:18.551,77.777,raise,0.056875000000000675,-0.45062500000000005
2026-08-15 22:34:18.561,77.787,raise,-0.09187500000000015,-0.49687499999999996
2026-08-15 22:34:18.571,77.797,raise,0.07500000000000062,-0.4531249999999998
2026-08-15 22:34:18.581,77.807,raise,-0.08937500000000043,-0.4774999999999996
2026-08-15 22:34:18.591,77.817,raise,0.03437499999999982,-0.4674999999999996
2026-08-15 22:34:18.601,77.827,raise,0.035000000000000586,-0.45062500000000005
2026-08-15 22:34:18.611,77.837,raise,-0.06937500000000041,-0.49124999999999974
2026-08-15 22:34:18.621,77.847,raise,0.07312500000000055,-0.4500000000000004
2026-08-15 22:34:18.631,77.857,raise,-0.07312499999999944,-0.4800000000000004
2026-08-15 22:34:18.641,77.867,raise,0.04375000000000018,-0.4612499999999997
2026-08-15 22:34:18.651,77.877,raise,0.05812499999999998,-0.4500000000000004
2026-08-15 22:34:18.661,77.887,raise,-0.08437499999999987,-0.49687499999999996
2026-08-15 22:34:18.671,77.897,raise,0.07687499999999958,-0.44937499999999964
2026-08-15 22:34:18.681,77.907,raise,-0.09124999999999939,-0.4843750000000002
2026-08-15 22:34:18.691,77.917,raise,0.03375000000000017,-0.4712499999999997
2026-08-15 22:34:18.701,77.927,raise,0.06874999999999964,-0.44812500000000033
2026-08-15 22:34:18.711,77.937,raise,-0.061875000000000124,-0.49250000000000016
2026-08-15 22:34:18.721,77.947,raise,0.07750000000000035,-0.4456249999999995
2026-08-15 22:34:18.731,77.957,raise,-0.07562500000000028,-0.4806250000000001
2026-08-15 22:34:18.741,77.967,raise,0.0462499999999999,-0.46875
2026-08-15 22:34:18.751,77.977,raise,0.05249999999999977,-0.4525000000000001
2026-08-15 22:34:18.761,77.987,raise,-0.08562500000000028,-0.49250000000000016
2026-08-15 22:34:18.771,77.997,raise,0.07062499999999972,-0.4500000000000004
2026-08-15 22:34:18.781,78.007,raise,-0.1012499999999994,-0.48687499999999995
2026-08-15 22:34:18.791,78.017,raise,0.03624999999999989,-0.47062500000000007
2026-08-15 22:34:18.801,78.027,raise,0.06437499999999985,-0.44875
2026-08-15 22:34:18.811,78.037,raise,-0.05624999999999991,-0.4949999999999999
2026-08-15 22:34:18.821,78.047,raise,0.07187500000000013,-0.4500000000000004
2026-08-15 22:34:18.831,78.057,raise,-0.08187500000000014,-0.4874999999999996
2026-08-15 22:34:18.841,78.067,raise,0.04437499999999983,-0.4674999999999996
2026-08-15 22:34:18.851,78.077,raise,0.043125000000000524,-0.4512499999999997
2026-08-15 22:34:18.861,78.087,raise,-0.07874999999999965,-0.49124999999999974
2026-08-15 22:34:18.871,78.097,raise,0.07125000000000048,-0.44749999999999956
2026-08-15 22:34:18.881,78.107,raise,-0.1012499999999994,-0.48812500000000036
2026-08-15 22:34:18.891,78.117,raise,0.040000000000000036,-0.46374999999999944
2026-08-15 22:34:18.901,78.127,raise,0.06562500000000027,-0.45062500000000005
2026-08-15 22:34:18.911,78.137,raise,-0.051875000000000115,-0.4949999999999999
2026-08-15 22:34:18.921,78.147,raise,0.0737500000000002,-0.44749999999999956
2026-08-15 22:34:18.931,78.157,raise,-0.08124999999999938,-0.48250000000000015
2026-08-15 22:34:18.941,78.167,raise,0.02874999999999961,-0.46187499999999937
2026-08-15 22:34:18.951,78.177,raise,0.04249999999999976,-0.4512499999999997
2026-08-15 22:34:18.961,78.187,raise,-0.07499999999999951,-0.49562499999999954
2026-08-15 22:34:18.971,78.197,raise,0.07187500000000013,-0.4468749999999999
2026-08-15 22:34:18.981,78.207,raise,-0.10187500000000016,-0.4874999999999996
2026-08-15 22:34:18.991,78.217,raise,0.03937500000000038,-0.4700000000000004
2026-08-15 22:34:19.001,78.227,raise,0.06312500000000054,-0.44875
2026-08-15 22:34:19.011,78.237,raise,-0.08874999999999966,-0.4962500000000003
2026-08-15 22:34:19.021,78.247,raise,0.07500000000000062,-0.44937499999999964
2026-08-15 22:34:19.031,78.257,raise,-0.08812500000000001,-0.4843750000000002
2026-08-15 22:34:19.041,78.267,raise,0.033125000000000515,-0.4700000000000004
2026-08-15 22:34:19.051,78.277,raise,0.0318750000000001,-0.4500000000000004
2026-08-15 22:34:19.061,78.287,raise,-0.07312499999999944,-0.49437500000000023
2026-08-15 22:34:19.071,78.297,raise,0.07249999999999979,-0.44937499999999964
2026-08-15 22:34:19.081,78.307,raise,-0.10874999999999968,-0.4918749999999994
2026-08-15 22:34:19.091,78.317,raise,0.04062499999999969,-0.46499999999999986
2026-08-15 22:34:19.101,78.327,raise,0.05624999999999991,-0.4468749999999999
2026-08-15 22:34:19.111,78.337,raise,-0.08874999999999966,-0.49250000000000016
2026-08-15 22:34:19.121,78.347,raise,0.07562500000000028,-0.4500000000000004
2026-08-15 22:34:19.131,78.357,raise,-0.09375000000000022,-0.47875
2026-08-15 22:34:19.141,78.367,raise,0.031250000000000444,-0.4643750000000002
2026-08-15 22:34:19.151,78.377,raise,0.03062499999999968,-0.4500000000000004
2026-08-15 22:34:19.161,78.387,raise,-0.06124999999999936,-0.49687499999999996
2026-08-15 22:34:19.171,78.397,raise,0.07562500000000028,-0.44749999999999956
2026-08-15 22:34:19.181,78.407,raise,-0.07687499999999958,-0.48250000000000015
2026-08-15 22:34:19.191,78.417,raise,0.04187500000000011,-0.46499999999999986
2026-08-15 22:34:19.201,78.427,raise,0.05249999999999977,-0.4525000000000001
2026-08-15 22:34:19.211,78.437,raise,-0.08687499999999959,-0.5012499999999998
2026-08-15 22:34:19.221,78.447,raise,0.07437499999999986,-0.4512499999999997
2026-08-15 22:34:19.231,78.457,raise,-0.09437499999999988,-0.4849999999999999
2026-08-15 22:34:19.241,78.467,raise,0.03375000000000017,-0.47250000000000014
2026-08-15 22:34:19.251,78.477,raise,0.06687500000000068,-0.45187499999999936
2026-08-15 22:34:19.261,78.487,raise,-0.06000000000000005,-0.4949999999999999
2026-08-15 22:34:19.271,78.497,raise,0.07562500000000028,-0.45062500000000005
2026-08-15 22:34:19.281,78.507,raise,-0.08312499999999945,-0.48937499999999967
2026-08-15 22:34:19.291,78.517,raise,0.0462499999999999,-0.46937499999999965
2026-08-15 22:34:19.301,78.527,raise,0.04937500000000039,-0.4568749999999999
2026-08-15 22:34:19.311,78.537,raise,-0.08312499999999945,-0.4962500000000003
2026-08-15 22:34:19.321,78.547,raise,0.07312500000000055,-0.4531249999999998
2026-08-15 22:34:19.331,78.557,raise,-0.1012499999999994,-0.4899999999999993
2026-08-15 22:34:19.341,78.567,raise,0.03874999999999962,-0.46687499999999993
2026-08-15 22:34:19.351,78.576,raise,0.058749999999999636,-0.45187499999999936
2026-08-15 22:34:19.361,78.587,raise,-0.05437499999999984,-0.49374999999999947
2026-08-15 22:34:19.371,78.597,raise,0.07249999999999979,-0.4500000000000004
2026-08-15 22:34:19.381,78.607,raise,-0.08124999999999938,-0.4806250000000001
2026-08-15 22:34:19.391,78.617,raise,0.0462499999999999,-0.46187499999999937
2026-08-15 22:34:19.401,78.627,raise,0.046875000000000666,-0.45062500000000005
2026-08-15 22:34:19.411,78.637,raise,-0.07499999999999951,-0.48937499999999967
2026-08-15 22:34:19.421,78.647,raise,0.07000000000000006,-0.44625000000000026
2026-08-15 22:34:19.431,78.657,raise,-0.10000000000000009,-0.4849999999999999
2026-08-15 22:34:19.441,78.667,raise,0.03937500000000038,-0.46187499999999937
2026-08-15 22:34:19.451,78.677,raise,0.061875000000000124,-0.4525000000000001
2026-08-15 22:34:19.461,78.687,raise,-0.04937500000000039,-0.4993749999999997
2026-08-15 22:34:19.471,78.697,raise,0.07437499999999986,-0.4456249999999995
2026-08-15 22:34:19.481,78.707,raise,-0.09124999999999939,-0.4862500000000003
2026-08-15 22:34:19.491,78.717,raise,0.031250000000000444,-0.4731249999999998
2026-08-15 22:34:19.501,78.727,raise,0.04187500000000011,-0.45374999999999943
2026-08-15 22:34:19.511,78.737,raise,-0.07062499999999972,-0.4931249999999998
2026-08-15 22:34:19.521,78.747,raise,0.07187500000000013,-0.4468749999999999
2026-08-15 22:34:19.531,78.757,raise,-0.10062499999999974,-0.4862500000000003
2026-08-15 22:34:19.541,78.767,raise,0.03874999999999962,-0.46937499999999965
2026-08-15 22:34:19.551,78.777,raise,0.06000000000000005,-0.4568749999999999
2026-08-15 22:34:19.561,78.787,raise,-0.0506249999999997,-0.49999999999999933
2026-08-15 22:34:19.571,78.797,raise,0.07437499999999986,-0.4525000000000001
2026-08-15 22:34:19.581,78.807,raise,-0.09187500000000015,-0.49124999999999974
2026-08-15 22:34:19.591,78.817,raise,0.03062499999999968,-0.46812500000000035
2026-08-15 22:34:19.601,78.827,raise,0.031250000000000444,-0.45374999999999943
2026-08-15 22:34:19.611,78.837,raise,-0.07000000000000006,-0.4949999999999999
2026-08-15 22:34:19.621,78.847,raise,0.07000000000000006,-0.45062500000000005
2026-08-15 22:34:19.631,78.857,raise,-0.10687499999999961,-0.49562499999999954
2026-08-15 22:34:19.641,78.867,raise,0.045000000000000595,-0.4656249999999995
2026-08-15 22:34:19.651,78.877,raise,0.04937500000000039,-0.4512499999999997
2026-08-15 22:34:19.661,78.887,raise,-0.08874999999999966,-0.49437500000000023
2026-08-15 22:34:19.671,78.897,raise,0.0737500000000002,-0.44749999999999956
2026-08-15 22:34:19.681,78.907,raise,-0.09312499999999946,-0.48562499999999953
2026-08-15 22:34:19.691,78.917,raise,0.031250000000000444,-0.4643750000000002
2026-08-15 22:34:19.701,78.927,raise,0.024374999999999813,-0.4531249999999998
2026-08-15 22:34:19.711,78.937,raise,-0.06249999999999978,-0.4993749999999997
2026-08-15 22:34:19.721,78.947,raise,0.07624999999999993,-0.44937499999999964
2026-08-15 22:34:19.731,78.957,raise,-0.07687499999999958,-0.4874999999999996
2026-08-15 22:34:19.741,78.967,raise,0.0462499999999999,-0.4631249999999998
2026-08-15 22:34:19.751,78.977,raise,0.053750000000000187,-0.4568749999999999
2026-08-15 22:34:19.761,78.987,raise,-0.0824999999999998,-0.49999999999999933
2026-08-15 22:34:19.771,78.997,raise,0.0737500000000002,-0.4500000000000004
2026-08-15 22:34:19.781,79.007,raise,-0.10062499999999974,-0.4899999999999993
2026-08-15 22:34:19.791,79.017,raise,0.033125000000000515,-0.4700000000000004
2026-08-15 22:34:19.801,79.027,raise,0.01687500000000064,-0.4556249999999995
2026-08-15 22:34:19.811,79.037,raise,-0.0593750000000004,-0.49562499999999954
2026-08-15 22:34:19.821,79.047,raise,0.07187500000000013,-0.4556249999999995
2026-08-15 22:34:19.831,79.057,raise,-0.08000000000000007,-0.4906250000000001
2026-08-15 22:34:19.841,79.067,raise,0.046875000000000666,-0.4718749999999994
2026-08-15 22:34:19.851,79.077,raise,0.04750000000000032,-0.4531249999999998
2026-08-15 22:34:19.861,79.087,raise,-0.08000000000000007,-0.4931249999999998
2026-08-15 22:34:19.871,79.097,raise,0.078125,-0.4500000000000004
2026-08-15 22:34:19.881,79.107,raise,-0.10499999999999954,-0.49250000000000016
2026-08-15 22:34:19.891,79.117,raise,0.03687500000000066,-0.46875
2026-08-15 22:34:19.901,79.127,raise,0.06249999999999978,-0.4568749999999999
2026-08-15 22:34:19.911,79.137,raise,-0.056874999999999565,-0.49124999999999974
2026-08-15 22:34:19.921,79.147,raise,0.07437499999999986,-0.45062500000000005
2026-08-15 22:34:19.931,79.157,raise,-0.08562500000000028,-0.4818749999999994
2026-08-15 22:34:19.941,79.167,raise,0.046875000000000666,-0.46250000000000013
2026-08-15 22:34:19.951,79.177,raise,0.04375000000000018,-0.4525000000000001
2026-08-15 22:34:19.961,79.187,raise,-0.07562500000000028,-0.49999999999999933
2026-08-15 22:34:19.971,79.197,raise,0.07062499999999972,-0.45187499999999936
2026-08-15 22:34:19.981,79.207,raise,-0.1056250000000003,-0.48250000000000015
2026-08-15 22:34:19.991,79.217,raise,0.03937500000000038,-0.45937499999999964
2026-08-15 22:34:20.001,79.227,raise,0.06249999999999978,-0.45187499999999936
2026-08-15 22:34:20.011,79.237,raise,-0.050000000000000044,-0.49437500000000023
2026-08-15 22:34:20.021,79.247,raise,0.07249999999999979,-0.44937499999999964
2026-08-15 22:34:20.031,79.257,raise,-0.09000000000000008,-0.4849999999999999
2026-08-15 22:34:20.041,79.267,raise,0.04750000000000032,-0.4712499999999997
2026-08-15 22:34:20.051,79.277,raise,0.03249999999999975,-0.4556249999999995
2026-08-15 22:34:20.061,79.287,raise,-0.07062499999999972,-0.49562499999999954
2026-08-15 22:34:20.071,79.297,raise,0.06874999999999964,-0.45499999999999985
2026-08-15 22:34:20.081,79.307,raise,-0.10687499999999961,-0.49124999999999974
2026-08-15 22:34:20.091,79.317,raise,0.038124999999999964,-0.46875
2026-08-15 22:34:20.101,79.327,raise,0.056875000000000675,-0.4574999999999996
2026-08-15 22:34:20.111,79.337,raise,-0.04562500000000025,-0.49437500000000023
2026-08-15 22:34:20.121,79.347,raise,0.0737500000000002,-0.4525000000000001
2026-08-15 22:34:20.131,79.357,raise,-0.09124999999999939,-0.4918749999999994
2026-08-15 22:34:20.141,79.367,raise,0.02874999999999961,-0.4662500000000003
2026-08-15 22:34:20.151,79.377,raise,0.027500000000000302,-0.4512499999999997
2026-08-15 22:34:20.161,79.387,raise,-0.06687499999999957,-0.49374999999999947
2026-08-15 22:34:20.171,79.397,raise,0.07562500000000028,-0.44937499999999964
2026-08-15 22:34:20.181,79.407,raise,-0.10874999999999968,-0.48374999999999946
2026-08-15 22:34:20.191,79.417,raise,0.040000000000000036,-0.4643750000000002
2026-08-15 22:34:20.201,79.427,raise,0.05125000000000046,-0.4543750000000002
2026-08-15 22:34:20.211,79.437,raise,-0.08874999999999966,-0.4931249999999998
2026-08-15 22:34:20.221,79.447,raise,0.07437499999999986,-0.44875
2026-08-15 22:34:20.231,79.457,raise,-0.09499999999999953,-0.48812500000000036
2026-08-15 22:34:20.241,79.467,raise,0.03062499999999968,-0.46250000000000013
2026-08-15 22:34:20.251,79.477,raise,0.02687500000000065,-0.4531249999999998
2026-08-15 22:34:20.261,79.487,raise,-0.06437499999999985,-0.4962500000000003
2026-08-15 22:34:20.271,79.497,raise,0.07624999999999993,-0.44875
2026-08-15 22:34:20.281,79.507,raise,-0.10874999999999968,-0.4906250000000001
2026-08-15 22:34:20.291,79.517,raise,0.04375000000000018,-0.47374999999999945
2026-08-15 22:34:20.301,79.527,raise,0.04937500000000039,-0.45499999999999985
2026-08-15 22:34:20.311,79.537,raise,-0.08437499999999987,-0.49875
2026-08-15 22:34:20.321,79.547,raise,0.0737500000000002,-0.44875
2026-08-15 22:34:20.331,79.557,raise,-0.10000000000000009,-0.49250000000000016
2026-08-15 22:34:20.341,79.567,raise,0.035000000000000586,-0.4700000000000004
2026-08-15 22:34:20.351,79.577,raise,0.020000000000000018,-0.45937499999999964
2026-08-15 22:34:20.361,79.587,raise,-0.058749999999999636,-0.4974999999999996
2026-08-15 22:34:20.371,79.597,raise,0.07312500000000055,-0.4500000000000004
2026-08-15 22:34:20.381,79.607,raise,-0.08124999999999938,-0.49124999999999974
2026-08-15 22:34:20.391,79.617,raise,0.045000000000000595,-0.46499999999999986
2026-08-15 22:34:20.401,79.627,raise,0.04750000000000032,-0.45062500000000005
2026-08-15 22:34:20.411,79.637,raise,-0.08187500000000014,-0.4949999999999999
2026-08-15 22:34:20.421,79.647,raise,0.07562500000000028,-0.44749999999999956
2026-08-15 22:34:20.431,79.657,raise,-0.10000000000000009,-0.4831249999999998
2026-08-15 22:34:20.441,79.667,raise,0.03562500000000024,-0.4612499999999997
2026-08-15 22:34:20.451,79.677,raise,0.06000000000000005,-0.4543750000000002
2026-08-15 22:34:20.461,79.687,raise,-0.051875000000000115,-0.49124999999999974
2026-08-15 22:34:20.471,79.697,raise,0.07125000000000048,-0.4468749999999999
2026-08-15 22:34:20.481,79.707,raise,-0.08187500000000014,-0.4831249999999998
2026-08-15 22:34:20.491,79.717,raise,0.0462499999999999,-0.46250000000000013
2026-08-15 22:34:20.501,79.727,raise,0.04125000000000045,-0.4512499999999997
2026-08-15 22:34:20.511,79.737,raise,-0.07312499999999944,-0.49437500000000023
2026-08-15 22:34:20.521,79.747,raise,0.07687499999999958,-0.44749999999999956
2026-08-15 22:34:20.531,79.757,raise,-0.10187500000000016,-0.4849999999999999
2026-08-15 22:34:20.541,79.767,raise,0.038124999999999964,-0.46875
2026-08-15 22:34:20.551,79.777,raise,0.05750000000000033,-0.45499999999999985
2026-08-15 22:34:20.561,79.787,raise,-0.04874999999999963,-0.4962500000000003
2026-08-15 22:34:20.571,79.797,raise,0.07437499999999986,-0.4512499999999997
2026-08-15 22:34:20.581,79.807,raise,-0.09437499999999988,-0.48875
2026-08-15 22:34:20.591,79.817,raise,0.04750000000000032,-0.46875
2026-08-15 22:34:20.601,79.827,raise,0.0318750000000001,-0.45625000000000027
2026-08-15 22:34:20.611,79.837,raise,-0.06687499999999957,-0.4949999999999999
2026-08-15 22:34:20.621,79.847,raise,0.07062499999999972,-0.4512499999999997
2026-08-15 22:34:20.631,79.857,raise,-0.10624999999999996,-0.48687499999999995
2026-08-15 22:34:20.641,79.867,raise,0.03937500000000038,-0.4662500000000003
2026-08-15 22:34:20.651,79.877,raise,0.056875000000000675,-0.4531249999999998
2026-08-15 22:34:20.661,79.887,raise,-0.043124999999999414,-0.49124999999999974
2026-08-15 22:34:20.671,79.897,raise,0.07312500000000055,-0.44749999999999956
2026-08-15 22:34:20.681,79.907,raise,-0.09000000000000008,-0.4906250000000001
2026-08-15 22:34:20.691,79.917,raise,0.030000000000000027,-0.46250000000000013
2026-08-15 22:34:20.701,79.927,raise,0.029375000000000373,-0.45187499999999936
2026-08-15 22:34:20.711,79.937,raise,-0.0649999999999995,-0.4906250000000001
2026-08-15 22:34:20.721,79.947,raise,0.07125000000000048,-0.4456249999999995
2026-08-15 22:34:20.731,79.957,raise,-0.1100000000000001,-0.48875
2026-08-15 22:34:20.741,79.967,raise,0.04437499999999983,-0.4600000000000004
2026-08-15 22:34:20.751,79.977,raise,0.05312500000000053,-0.45062500000000005
2026-08-15 22:34:20.761,79.987,raise,-0.03750000000000031,-0.4918749999999994
2026-08-15 22:34:20.771,79.997,raise,0.0737500000000002,-0.4468749999999999
2026-08-15 22:34:20.781,80.007,raise,-0.09750000000000036,-0.48374999999999946
2026-08-15 22:34:20.791,80.017,raise,0.030000000000000027,-0.4600000000000004
2026-08-15 22:34:20.801,80.027,raise,0.023125000000000506,-0.45374999999999943
2026-08-15 22:34:20.811,80.037,raise,-0.06937500000000041,-0.49250000000000016
2026-08-15 22:34:20.821,80.047,raise,0.07000000000000006,-0.44875
2026-08-15 22:34:20.831,80.057,raise,-0.12124999999999941,-0.4906250000000001
2026-08-15 22:34:20.841,80.067,raise,0.03375000000000017,-0.4662500000000003
2026-08-15 22:34:20.851,80.077,raise,0.04187500000000011,-0.4543750000000002
2026-08-15 22:34:20.861,80.087,raise,-0.08812500000000001,-0.49374999999999947
2026-08-15 22:34:20.871,80.097,raise,0.06750000000000034,-0.4500000000000004
2026-08-15 22:34:20.881,80.107,raise,-0.10187500000000016,-0.48812500000000036
2026-08-15 22:34:20.891,80.117,raise,0.0318750000000001,-0.4656249999999995
2026-08-15 22:34:20.901,80.127,raise,0.015000000000000568,-0.4568749999999999
2026-08-15 22:34:20.911,80.137,raise,-0.06124999999999936,-0.49124999999999974
2026-08-15 22:34:20.921,80.147,raise,0.06437499999999985,-0.44937499999999964
2026-08-15 22:34:20.931,80.157,raise,-0.09000000000000008,-0.49250000000000016
2026-08-15 22:34:20.941,80.167,raise,0.03937500000000038,-0.46062500000000006
2026-08-15 22:34:20.951,80.177,raise,0.04375000000000018,-0.44625000000000026
2026-08-15 22:34:20.961,80.187,raise,-0.08124999999999938,-0.4874999999999996
2026-08-15 22:34:20.971,80.197,raise,0.07312500000000055,-0.44875
2026-08-15 22:34:20.981,80.207,raise,-0.10499999999999954,-0.47875
2026-08-15 22:34:20.991,80.217,raise,0.03375000000000017,-0.4600000000000004
2026-08-15 22:34:21.001,80.227,raise,0.007500000000000284,-0.44937499999999964
2026-08-15 22:34:21.011,80.237,raise,-0.05624999999999991,-0.4931249999999998
2026-08-15 22:34:21.021,80.247,raise,0.06937500000000041,-0.4468749999999999
2026-08-15 22:34:21.031,80.257,raise,-0.09187500000000015,-0.4818749999999994
2026-08-15 22:34:21.041,80.267,raise,0.04125000000000045,-0.45812500000000034
2026-08-15 22:34:21.051,80.277,raise,0.03437499999999982,-0.45062500000000005
2026-08-15 22:34:21.061,80.287,raise,-0.08000000000000007,-0.5006250000000001
2026-08-15 22:34:21.071,80.297,raise,0.07000000000000006,-0.4468749999999999
2026-08-15 22:34:21.081,80.307,raise,-0.10499999999999954,-0.4874999999999996
2026-08-15 22:34:21.091,80.317,raise,0.0318750000000001,-0.4674999999999996
2026-08-15 22:34:21.101,80.327,raise,0.056875000000000675,-0.45187499999999936
2026-08-15 22:34:21.111,80.337,raise,-0.05124999999999935,-0.49124999999999974
2026-08-15 22:34:21.121,80.347,raise,0.07125000000000048,-0.45062500000000005
2026-08-15 22:34:21.131,80.357,raise,-0.09187500000000015,-0.48812500000000036
2026-08-15 22:34:21.141,80.367,raise,0.04375000000000018,-0.46499999999999986
2026-08-15 22:34:21.151,80.377,raise,0.03062499999999968,-0.45374999999999943
2026-08-15 22:34:21.161,80.387,raise,-0.07312499999999944,-0.48875
2026-08-15 22:34:21.171,80.397,raise,0.06750000000000034,-0.45187499999999936
2026-08-15 22:34:21.181,80.407,raise,-0.11499999999999955,-0.4906250000000001
2026-08-15 22:34:21.191,80.417,raise,0.040000000000000036,-0.46499999999999986
2026-08-15 22:34:21.201,80.427,raise,0.05312500000000053,-0.4500000000000004
2026-08-15 22:34:21.211,80.437,raise,-0.046874999999999556,-0.4874999999999996
2026-08-15 22:34:21.221,80.447,raise,0.06937500000000041,-0.44812500000000033
2026-08-15 22:34:21.231,80.457,raise,-0.0968749999999996,-0.4849999999999999
2026-08-15 22:34:21.241,80.467,raise,0.046875000000000666,-0.46250000000000013
2026-08-15 22:34:21.251,80.477,raise,0.02687500000000065,-0.4525000000000001
2026-08-15 22:34:21.261,80.487,raise,-0.06750000000000034,-0.48937499999999967
2026-08-15 22:34:21.271,80.497,raise,0.07249999999999979,-0.4456249999999995
2026-08-15 22:34:21.281,80.507,raise,-0.10937499999999933,-0.4818749999999994
2026-08-15 22:34:21.291,80.517,raise,0.03874999999999962,-0.46062500000000006
2026-08-15 22:34:21.301,80.527,raise,0.05249999999999977,-0.4543750000000002
2026-08-15 22:34:21.311,80.537,raise,-0.03750000000000031,-0.49437500000000023
2026-08-15 22:34:21.321,80.547,raise,0.06687500000000068,-0.44875
2026-08-15 22:34:21.331,80.557,raise,-0.0968749999999996,-0.48562499999999953
2026-08-15 22:34:21.341,80.567,raise,0.027500000000000302,-0.46812500000000035
2026-08-15 22:34:21.351,80.577,raise,0.02187500000000009,-0.4525000000000001
2026-08-15 22:34:21.361,80.587,raise,-0.06312499999999943,-0.4918749999999994
2026-08-15 22:34:21.371,80.597,raise,0.06874999999999964,-0.44625000000000026
2026-08-15 22:34:21.381,80.607,raise,-0.11187500000000017,-0.4862500000000003
2026-08-15 22:34:21.391,80.617,raise,0.04249999999999976,-0.4662500000000003
2026-08-15 22:34:21.401,80.627,raise,0.04812499999999997,-0.4543750000000002
2026-08-15 22:34:21.411,80.637,raise,-0.038124999999999964,-0.49374999999999947
2026-08-15 22:34:21.421,80.647,raise,0.07249999999999979,-0.44625000000000026
2026-08-15 22:34:21.431,80.657,raise,-0.10000000000000009,-0.48812500000000036
2026-08-15 22:34:21.441,80.667,raise,0.035000000000000586,-0.46374999999999944
2026-08-15 22:34:21.451,80.677,raise,0.017500000000000293,-0.44937499999999964
2026-08-15 22:34:21.461,80.687,raise,-0.06000000000000005,-0.48875
2026-08-15 22:34:21.471,80.697,raise,0.07187500000000013,-0.44749999999999956
2026-08-15 22:34:21.481,80.707,raise,-0.11062499999999975,-0.4949999999999999
2026-08-15 22:34:21.491,80.717,raise,0.04437499999999983,-0.4612499999999997
2026-08-15 22:34:21.501,80.727,raise,0.04437499999999983,-0.44875
2026-08-15 22:34:21.511,80.737,raise,-0.08187500000000014,-0.4862500000000003
2026-08-15 22:34:21.521,80.747,raise,0.07500000000000062,-0.4500000000000004
2026-08-15 22:34:21.531,80.757,raise,-0.10499999999999954,-0.4818749999999994
2026-08-15 22:34:21.541,80.767,raise,0.03562500000000024,-0.45937499999999964
2026-08-15 22:34:21.551,80.777,raise,0.015000000000000568,-0.45187499999999936
2026-08-15 22:34:21.561,80.787,raise,-0.05624999999999991,-0.4962500000000003
2026-08-15 22:34:21.571,80.797,raise,0.06812499999999999,-0.44499999999999984
2026-08-15 22:34:21.581,80.807,raise,-0.08937500000000043,-0.4862500000000003
2026-08-15 22:34:21.591,80.817,raise,0.046875000000000666,-0.45812500000000034
2026-08-15 22:34:21.601,80.827,raise,0.03874999999999962,-0.4512499999999997
2026-08-15 22:34:21.611,80.837,raise,-0.07750000000000035,-0.4931249999999998
2026-08-15 22:34:21.621,80.847,raise,0.07187500000000013,-0.44312499999999977
2026-08-15 22:34:21.631,80.857,raise,-0.10437499999999988,-0.4862500000000003
2026-08-15 22:34:21.641,80.867,raise,0.03874999999999962,-0.4643750000000002
2026-08-15 22:34:21.651,80.877,raise,0.007500000000000284,-0.45187499999999936
2026-08-15 22:34:21.661,80.887,raise,-0.04937500000000039,-0.4931249999999998
2026-08-15 22:34:21.671,80.897,raise,0.07062499999999972,-0.4556249999999995
2026-08-15 22:34:21.681,80.907,raise,-0.09499999999999953,-0.49124999999999974
2026-08-15 22:34:21.691,80.917,raise,0.04562500000000025,-0.46499999999999986
2026-08-15 22:34:21.701,80.927,raise,0.03062499999999968,-0.4556249999999995
2026-08-15 22:34:21.711,80.937,raise,-0.07499999999999951,-0.48937499999999967
2026-08-15 22:34:21.721,80.947,raise,0.07187500000000013,-0.44875
2026-08-15 22:34:21.731,80.957,raise,-0.10499999999999954,-0.49124999999999974
2026-08-15 22:34:21.741,80.967,raise,0.03874999999999962,-0.4612499999999997
2026-08-15 22:34:21.751,80.977,raise,0.05562500000000026,-0.45062500000000005
2026-08-15 22:34:21.761,80.987,raise,-0.044999999999999485,-0.4899999999999993
2026-08-15 22:34:21.771,80.997,raise,0.07062499999999972,-0.4456249999999995
2026-08-15 22:34:21.781,81.007,raise,-0.0924999999999998,-0.4862500000000003
2026-08-15 22:34:21.791,81.017,raise,0.04375000000000018,-0.46062500000000006
2026-08-15 22:34:21.801,81.027,raise,0.026249999999999885,-0.4525000000000001
2026-08-15 22:34:21.811,81.037,raise,-0.06687499999999957,-0.5006250000000001
2026-08-15 22:34:21.821,81.047,raise,0.06624999999999992,-0.44875
2026-08-15 22:34:21.831,81.057,raise,-0.11249999999999982,-0.4874999999999996
2026-08-15 22:34:21.841,81.067,raise,0.03687500000000066,-0.46250000000000013
2026-08-15 22:34:21.851,81.077,raise,0.051875000000000115,-0.4574999999999996
2026-08-15 22:34:21.861,81.087,raise,-0.04187500000000011,-0.4974999999999996
2026-08-15 22:34:21.871,81.097,raise,0.0737500000000002,-0.4512499999999997
2026-08-15 22:34:21.881,81.107,raise,-0.0956250000000003,-0.4906250000000001
2026-08-15 22:34:21.891,81.117,raise,0.04812499999999997,-0.4700000000000004
2026-08-15 22:34:21.901,81.127,raise,0.0187499999999996,-0.4543750000000002
2026-08-15 22:34:21.911,81.137,raise,-0.06562500000000027,-0.49875
2026-08-15 22:34:21.921,81.147,raise,0.06874999999999964,-0.4512499999999997
2026-08-15 22:34:21.931,81.157,raise,-0.11062499999999975,-0.4899999999999993
2026-08-15 22:34:21.941,81.167,raise,0.043125000000000524,-0.4662500000000003
2026-08-15 22:34:21.951,81.177,raise,0.04937500000000039,-0.45937499999999964
2026-08-15 22:34:21.961,81.187,raise,-0.03375000000000017,-0.49437500000000023
2026-08-15 22:34:21.971,81.197,raise,0.07312500000000055,-0.44875
2026-08-15 22:34:21.981,81.207,raise,-0.09750000000000036,-0.4974999999999996
2026-08-15 22:34:21.991,81.217,raise,0.02874999999999961,-0.46250000000000013
2026-08-15 22:34:22.001,81.227,raise,0.02062499999999967,-0.45374999999999943
2026-08-15 22:34:22.011,81.237,raise,-0.058749999999999636,-0.4918749999999994
2026-08-15 22:34:22.021,81.247,raise,0.07249999999999979,-0.45499999999999985
2026-08-15 22:34:22.031,81.257,raise,-0.11562500000000031,-0.48562499999999953
2026-08-15 22:34:22.041,81.267,raise,0.04125000000000045,-0.46687499999999993
2026-08-15 22:34:22.051,81.277,raise,0.043125000000000524,-0.4556249999999995
2026-08-15 22:34:22.061,81.287,raise,-0.08499999999999952,-0.49124999999999974
2026-08-15 22:34:22.071,81.297,raise,0.07062499999999972,-0.4512499999999997
2026-08-15 22:34:22.081,81.307,raise,-0.10249999999999981,-0.49374999999999947
2026-08-15 22:34:22.091,81.317,raise,0.03562500000000024,-0.4643750000000002
2026-08-15 22:34:22.101,81.327,raise,0.014374999999999805,-0.4556249999999995
2026-08-15 22:34:22.111,81.337,raise,-0.053750000000000187,-0.4981250000000004
2026-08-15 22:34:22.121,81.347,raise,0.06812499999999999,-0.44937499999999964
2026-08-15 22:34:22.131,81.357,raise,-0.11062499999999975,-0.49124999999999974
2026-08-15 22:34:22.141,81.367,raise,0.04562500000000025,-0.4700000000000004
2026-08-15 22:34:22.151,81.377,raise,0.03750000000000031,-0.45812500000000034
2026-08-15 22:34:22.161,81.387,raise,-0.0824999999999998,-0.4949999999999999
2026-08-15 22:34:22.171,81.397,raise,0.0737500000000002,-0.44937499999999964
2026-08-15 22:34:22.181,81.407,raise,-0.10437499999999988,-0.49374999999999947
2026-08-15 22:34:22.191,81.417,raise,0.03562500000000024,-0.46937499999999965
2026-08-15 22:34:22.201,81.427,raise,0.006249999999999867,-0.4612499999999997
2026-08-15 22:34:22.211,81.437,raise,-0.05249999999999977,-0.49999999999999933
2026-08-15 22:34:22.221,81.447,raise,0.07062499999999972,-0.4556249999999995
2026-08-15 22:34:22.231,81.457,raise,-0.09437499999999988,-0.4974999999999996
2026-08-15 22:34:22.241,81.467,raise,0.04562500000000025,-0.4712499999999997
2026-08-15 22:34:22.251,81.477,raise,0.03375000000000017,-0.45937499999999964
2026-08-15 22:34:22.261,81.487,raise,-0.07249999999999979,-0.49374999999999947
2026-08-15 22:34:22.271,81.497,raise,0.07249999999999979,-0.45374999999999943
2026-08-15 22:34:22.281,81.507,raise,-0.10687499999999961,-0.49875
2026-08-15 22:34:22.291,81.517,raise,0.03687500000000066,-0.4656249999999995
2026-08-15 22:34:22.301,81.527,raise,0.056875000000000675,-0.4612499999999997
2026-08-15 22:34:22.311,81.537,raise,-0.0462499999999999,-0.49374999999999947
2026-08-15 22:34:22.321,81.547,raise,0.07249999999999979,-0.4543750000000002
2026-08-15 22:34:22.331,81.557,raise,-0.0924999999999998,-0.49437500000000023
2026-08-15 22:34:22.341,81.567,raise,0.0506249999999997,-0.46812500000000035
2026-08-15 22:34:22.351,81.577,raise,0.029375000000000373,-0.45875
2026-08-15 22:34:22.361,81.587,raise,-0.07124999999999937,-0.5012499999999998
2026-08-15 22:34:22.371,81.597,raise,0.07249999999999979,-0.4525000000000001
2026-08-15 22:34:22.381,81.607,raise,-0.10937499999999933,-0.4949999999999999
2026-08-15 22:34:22.391,81.617,raise,0.03937500000000038,-0.4643750000000002
2026-08-15 22:34:22.401,81.627,raise,0.055000000000000604,-0.46250000000000013
2026-08-15 22:34:22.411,81.637,raise,-0.040000000000000036,-0.49875
2026-08-15 22:34:22.421,81.647,raise,0.07312500000000055,-0.45374999999999943
2026-08-15 22:34:22.431,81.657,raise,-0.0956250000000003,-0.49374999999999947
2026-08-15 22:34:22.441,81.667,raise,0.04874999999999963,-0.47250000000000014
2026-08-15 22:34:22.451,81.677,raise,0.02187500000000009,-0.45937499999999964
2026-08-15 22:34:22.461,81.687,raise,-0.06562500000000027,-0.49999999999999933
2026-08-15 22:34:22.471,81.697,raise,0.07062499999999972,-0.4543750000000002
2026-08-15 22:34:22.481,81.707,raise,-0.10937499999999933,-0.49374999999999947
2026-08-15 22:34:22.491,81.717,raise,0.04562500000000025,-0.4674999999999996
2026-08-15 22:34:22.501,81.727,raise,0.051875000000000115,-0.4631249999999998
2026-08-15 22:34:22.511,81.737,raise,-0.03687499999999955,-0.49437500000000023
2026-08-15 22:34:22.521,81.747,raise,0.07312500000000055,-0.45187499999999936
2026-08-15 22:34:22.531,81.757,raise,-0.09750000000000036,-0.49562499999999954
2026-08-15 22:34:22.541,81.767,raise,0.03249999999999975,-0.46687499999999993
2026-08-15 22:34:22.551,81.777,raise,0.017500000000000293,-0.4568749999999999
2026-08-15 22:34:22.561,81.787,raise,-0.06000000000000005,-0.4974999999999996
2026-08-15 22:34:22.571,81.797,raise,0.07062499999999972,-0.4531249999999998
2026-08-15 22:34:22.581,81.807,raise,-0.10874999999999968,-0.48875
2026-08-15 22:34:22.591,81.817,raise,0.04249999999999976,-0.4674999999999996
2026-08-15 22:34:22.601,81.827,raise,0.04750000000000032,-0.4543750000000002
2026-08-15 22:34:22.611,81.837,raise,-0.033124999999999405,-0.4993749999999997
2026-08-15 22:34:22.621,81.847,raise,0.0737500000000002,-0.45187499999999936
2026-08-15 22:34:22.631,81.857,raise,-0.10187500000000016,-0.4918749999999994
2026-08-15 22:34:22.641,81.867,raise,0.03437499999999982,-0.4631249999999998
2026-08-15 22:34:22.651,81.877,raise,0.015625000000000222,-0.45812500000000034
2026-08-15 22:34:22.661,81.887,raise,-0.054999999999999494,-0.49875
2026-08-15 22:34:22.671,81.897,raise,0.07500000000000062,-0.45187499999999936
2026-08-15 22:34:22.681,81.907,raise,-0.11062499999999975,-0.49124999999999974
2026-08-15 22:34:22.691,81.917,raise,0.046875000000000666,-0.46875
2026-08-15 22:34:22.701,81.927,raise,0.04125000000000045,-0.45875
2026-08-15 22:34:22.711,81.937,raise,-0.08124999999999938,-0.49687499999999996
2026-08-15 22:34:22.721,81.947,raise,0.07312500000000055,-0.4525000000000001
2026-08-15 22:34:22.731,81.957,raise,-0.09937499999999932,-0.4931249999999998
2026-08-15 22:34:22.741,81.967,raise,0.03687500000000066,-0.4712499999999997
2026-08-15 22:34:22.751,81.977,raise,0.012499999999999734,-0.4631249999999998
2026-08-15 22:34:22.761,81.987,raise,-0.054999999999999494,-0.49437500000000023
2026-08-15 22:34:22.771,81.997,raise,0.07500000000000062,-0.4531249999999998
2026-08-15 22:34:22.781,82.007,raise,-0.11187500000000017,-0.4949999999999999
2026-08-15 22:34:22.791,82.017,raise,0.04562500000000025,-0.4662500000000003
2026-08-15 22:34:22.801,82.027,raise,0.03937500000000038,-0.4543750000000002
2026-08-15 22:34:22.811,82.037,raise,-0.07499999999999951,-0.49562499999999954
2026-08-15 22:34:22.821,82.047,raise,0.07249999999999979,-0.45499999999999985
2026-08-15 22:34:22.831,82.057,raise,-0.10687499999999961,-0.48937499999999967
2026-08-15 22:34:22.841,82.067,raise,0.03750000000000031,-0.46687499999999993
2026-08-15 22:34:22.851,82.077,raise,0.006249999999999867,-0.4568749999999999
2026-08-15 22:34:22.861,82.087,raise,-0.04437499999999983,-0.4918749999999994
2026-08-15 22:34:22.871,82.097,raise,0.07187500000000013,-0.4525000000000001
2026-08-15 22:34:22.881,82.107,raise,-0.08937500000000043,-0.4899999999999993
2026-08-15 22:34:22.891,82.117,raise,0.04812499999999997,-0.4612499999999997
2026-08-15 22:34:22.901,82.127,raise,0.03562500000000024,-0.45625000000000027
2026-08-15 22:34:22.911,82.137,raise,-0.07000000000000006,-0.4981250000000004
2026-08-15 22:34:22.921,82.147,raise,0.07312500000000055,-0.4500000000000004
2026-08-15 22:34:22.931,82.157,raise,-0.10624999999999996,-0.49124999999999974
2026-08-15 22:34:22.941,82.167,raise,0.04187500000000011,-0.4712499999999997
2026-08-15 22:34:22.951,82.177,raise,0.05437499999999984,-0.45625000000000027
2026-08-15 22:34:22.961,82.187,raise,-0.04375000000000018,-0.4962500000000003
2026-08-15 22:34:22.971,82.197,raise,0.07312500000000055,-0.44875
2026-08-15 22:34:22.981,82.207,raise,-0.09750000000000036,-0.4918749999999994
2026-08-15 22:34:22.991,82.217,raise,0.0506249999999997,-0.4700000000000004
2026-08-15 22:34:23.001,82.227,raise,0.029375000000000373,-0.4574999999999996
2026-08-15 22:34:23.011,82.237,raise,-0.0637500000000002,-0.4949999999999999
2026-08-15 22:34:23.021,82.247,raise,0.0737500000000002,-0.4512499999999997
2026-08-15 22:34:23.031,82.257,raise,-0.1056250000000003,-0.4918749999999994
2026-08-15 22:34:23.041,82.267,raise,0.04125000000000045,-0.46687499999999993
2026-08-15 22:34:23.051,82.277,raise,0.050000000000000044,-0.45812500000000034
2026-08-15 22:34:23.061,82.287,raise,-0.04375000000000018,-0.49437500000000023
2026-08-15 22:34:23.071,82.297,raise,0.07125000000000048,-0.45187499999999936
2026-08-15 22:34:23.081,82.307,raise,-0.09375000000000022,-0.49999999999999933
2026-08-15 22:34:23.091,82.317,raise,0.050000000000000044,-0.4674999999999996
2026-08-15 22:34:23.101,82.327,raise,0.023125000000000506,-0.45625000000000027
2026-08-15 22:34:23.111,82.337,raise,-0.06249999999999978,-0.49124999999999974
2026-08-15 22:34:23.121,82.347,raise,0.06874999999999964,-0.44937499999999964
2026-08-15 22:34:23.131,82.357,raise,-0.1100000000000001,-0.48875
2026-08-15 22:34:23.141,82.367,raise,0.04375000000000018,-0.46374999999999944
2026-08-15 22:34:23.151,82.377,raise,0.04937500000000039,-0.45812500000000034
2026-08-15 22:34:23.161,82.387,raise,-0.03562500000000024,-0.49999999999999933
2026-08-15 22:34:23.171,82.397,raise,0.07249999999999979,-0.44749999999999956
2026-08-15 22:34:23.181,82.407,raise,-0.10062499999999974,-0.4899999999999993
2026-08-15 22:34:23.191,82.417,raise,0.0506249999999997,-0.4643750000000002
2026-08-15 22:34:23.201,82.427,raise,0.020000000000000018,-0.4600000000000004
2026-08-15 22:34:23.211,82.437,raise,-0.058749999999999636,-0.4974999999999996
2026-08-15 22:34:23.221,82.447,raise,0.06624999999999992,-0.4512499999999997
2026-08-15 22:34:23.231,82.457,raise,-0.11312499999999948,-0.49374999999999947
2026-08-15 22:34:23.241,82.467,raise,0.04375000000000018,-0.47062500000000007
2026-08-15 22:34:23.251,82.477,raise,0.04562500000000025,-0.46250000000000013
2026-08-15 22:34:23.261,82.487,raise,-0.031249999999999334,-0.49687499999999996
2026-08-15 22:34:23.271,82.497,raise,0.07312500000000055,-0.45499999999999985
2026-08-15 22:34:23.281,82.507,raise,-0.09937499999999932,-0.4949999999999999
2026-08-15 22:34:23.291,82.517,raise,0.03562500000000024,-0.4712499999999997
2026-08-15 22:34:23.301,82.527,raise,0.013750000000000151,-0.4643750000000002
2026-08-15 22:34:23.311,82.537,raise,-0.05562500000000026,-0.49437500000000023
2026-08-15 22:34:23.321,82.547,raise,0.07062499999999972,-0.45625000000000027
2026-08-15 22:34:23.331,82.557,raise,-0.11062499999999975,-0.49687499999999996
2026-08-15 22:34:23.341,82.567,raise,0.04562500000000025,-0.46812500000000035
2026-08-15 22:34:23.351,82.577,raise,0.040000000000000036,-0.4600000000000004
2026-08-15 22:34:23.361,82.587,raise,-0.07562500000000028,-0.49437500000000023
2026-08-15 22:34:23.371,82.597,raise,0.0737500000000002,-0.4531249999999998
2026-08-15 22:34:23.381,82.607,raise,-0.10249999999999981,-0.4981250000000004
2026-08-15 22:34:23.391,82.617,raise,0.03937500000000038,-0.4631249999999998
2026-08-15 22:34:23.401,82.627,raise,0.010624999999999662,-0.4568749999999999
2026-08-15 22:34:23.411,82.637,raise,-0.0506249999999997,-0.48937499999999967
2026-08-15 22:34:23.421,82.647,raise,0.07500000000000062,-0.45187499999999936
2026-08-15 22:34:23.431,82.657,raise,-0.1143749999999999,-0.4906250000000001
2026-08-15 22:34:23.441,82.667,raise,0.05125000000000046,-0.4612499999999997
2026-08-15 22:34:23.451,82.677,raise,0.038124999999999964,-0.45875
2026-08-15 22:34:23.461,82.687,raise,-0.07000000000000006,-0.49875
2026-08-15 22:34:23.471,82.697,raise,0.07437499999999986,-0.44875
2026-08-15 22:34:23.481,82.707,raise,-0.10187500000000016,-0.49124999999999974
2026-08-15 22:34:23.491,82.717,raise,0.03937500000000038,-0.4700000000000004
2026-08-15 22:34:23.501,82.727,raise,0.009375000000000355,-0.45937499999999964
2026-08-15 22:34:23.511,82.737,raise,-0.0462499999999999,-0.49875
2026-08-15 22:34:23.521,82.747,raise,0.07312500000000055,-0.45374999999999943
2026-08-15 22:34:23.531,82.757,raise,-0.08687499999999959,-0.49250000000000016
2026-08-15 22:34:23.541,82.767,raise,0.04812499999999997,-0.46875
2026-08-15 22:34:23.551,82.777,raise,0.033125000000000515,-0.4643750000000002
2026-08-15 22:34:23.561,82.787,raise,-0.06937500000000041,-0.49562499999999954
2026-08-15 22:34:23.571,82.797,raise,0.07187500000000013,-0.4543750000000002
2026-08-15 22:34:23.581,82.807,raise,-0.1112499999999994,-0.49562499999999954
2026-08-15 22:34:23.591,82.817,raise,0.04125000000000045,-0.4674999999999996
2026-08-15 22:34:23.601,82.827,raise,0.0506249999999997,-0.4543750000000002
2026-08-15 22:34:23.611,82.837,raise,-0.04062499999999969,-0.49437500000000023
2026-08-15 22:34:23.621,82.847,raise,0.07437499999999986,-0.45062500000000005
2026-08-15 22:34:23.631,82.857,raise,-0.09312499999999946,-0.48812500000000036
2026-08-15 22:34:23.641,82.867,raise,0.04874999999999963,-0.46374999999999944
2026-08-15 22:34:23.651,82.877,raise,0.030000000000000027,-0.4543750000000002
2026-08-15 22:34:23.661,82.887,raise,-0.06562500000000027,-0.4899999999999993
2026-08-15 22:34:23.671,82.897,raise,0.07562500000000028,-0.4512499999999997
2026-08-15 22:34:23.681,82.907,raise,-0.10750000000000037,-0.4874999999999996
2026-08-15 22:34:23.691,82.917,raise,0.043125000000000524,-0.46187499999999937
2026-08-15 22:34:23.701,82.927,raise,0.05125000000000046,-0.4574999999999996
2026-08-15 22:34:23.711,82.937,raise,-0.03874999999999962,-0.5018749999999994
2026-08-15 22:34:23.721,82.947,raise,0.07562500000000028,-0.4512499999999997
2026-08-15 22:34:23.731,82.957,raise,-0.09874999999999967,-0.4906250000000001
2026-08-15 22:34:23.741,82.967,raise,0.05125000000000046,-0.46937499999999965
2026-08-15 22:34:23.751,82.977,raise,0.021250000000000435,-0.45875
2026-08-15 22:34:23.761,82.987,raise,-0.06062499999999971,-0.4981250000000004
2026-08-15 22:34:23.771,82.997,raise,0.06937500000000041,-0.4500000000000004
2026-08-15 22:34:23.781,83.007,raise,-0.10937499999999933,-0.49562499999999954
2026-08-15 22:34:23.791,83.017,raise,0.04437499999999983,-0.4674999999999996
2026-08-15 22:34:23.801,83.027,raise,0.04750000000000032,-0.4631249999999998
2026-08-15 22:34:23.811,83.037,raise,-0.034999999999999476,-0.49562499999999954
2026-08-15 22:34:23.821,83.047,raise,0.0737500000000002,-0.4531249999999998
2026-08-15 22:34:23.831,83.057,raise,-0.10000000000000009,-0.49687499999999996
2026-08-15 22:34:23.841,83.067,raise,0.051875000000000115,-0.46937499999999965
2026-08-15 22:34:23.851,83.077,raise,0.01687500000000064,-0.45812500000000034
2026-08-15 22:34:23.861,83.087,raise,-0.056874999999999565,-0.4962500000000003
2026-08-15 22:34:23.871,83.097,raise,0.07437499999999986,-0.4512499999999997
2026-08-15 22:34:23.881,83.107,raise,-0.11062499999999975,-0.4962500000000003
2026-08-15 22:34:23.891,83.117,raise,0.04437499999999983,-0.4643750000000002
2026-08-15 22:34:23.901,83.127,raise,0.04562500000000025,-0.45625000000000027
2026-08-15 22:34:23.911,83.137,raise,-0.026249999999999885,-0.4906250000000001
2026-08-15 22:34:23.921,83.147,raise,0.07312500000000055,-0.4512499999999997
2026-08-15 22:34:23.931,83.157,raise,-0.10187500000000016,-0.48875
2026-08-15 22:34:23.941,83.167,raise,0.035000000000000586,-0.46250000000000013
2026-08-15 22:34:23.951,83.177,raise,0.013125000000000497,-0.45499999999999985
2026-08-15 22:34:23.961,83.187,raise,-0.051875000000000115,-0.5012499999999998
2026-08-15 22:34:23.971,83.197,raise,0.07125000000000048,-0.45062500000000005
2026-08-15 22:34:23.981,83.207,raise,-0.11562500000000031,-0.4918749999999994
2026-08-15 22:34:23.991,83.217,raise,0.0462499999999999,-0.4574999999999996
2026-08-15 22:34:24.001,83.227,raise,0.040000000000000036,-0.45374999999999943
2026-08-15 22:34:24.011,83.237,raise,-0.07624999999999993,-0.49687499999999996
2026-08-15 22:34:24.021,83.247,raise,0.07500000000000062,-0.44499999999999984
2026-08-15 22:34:24.031,83.257,raise,-0.10499999999999954,-0.48937499999999967
2026-08-15 22:34:24.041,83.267,raise,0.04125000000000045,-0.4700000000000004
2026-08-15 22:34:24.051,83.277,raise,0.006875000000000631,-0.45937499999999964
2026-08-15 22:34:24.061,83.287,raise,-0.050000000000000044,-0.4981250000000004
2026-08-15 22:34:24.071,83.297,raise,0.07062499999999972,-0.4531249999999998
2026-08-15 22:34:24.081,83.307,raise,-0.1112499999999994,-0.4918749999999994
2026-08-15 22:34:24.091,83.317,raise,0.046875000000000666,-0.46875
2026-08-15 22:34:24.101,83.327,raise,0.03624999999999989,-0.46062500000000006
2026-08-15 22:34:24.111,83.337,raise,-0.06937500000000041,-0.4931249999999998
2026-08-15 22:34:24.121,83.347,raise,0.07437499999999986,-0.44812500000000033
2026-08-15 22:34:24.131,83.357,raise,-0.10312499999999947,-0.49124999999999974
2026-08-15 22:34:24.141,83.367,raise,0.043125000000000524,-0.46187499999999937
2026-08-15 22:34:24.151,83.377,raise,0.004374999999999796,-0.45625000000000027
2026-08-15 22:34:24.161,83.387,raise,-0.043124999999999414,-0.4899999999999993
2026-08-15 22:34:24.171,83.397,raise,0.07062499999999972,-0.44875
2026-08-15 22:34:24.181,83.407,raise,-0.09437499999999988,-0.4874999999999996
2026-08-15 22:34:24.191,83.417,raise,0.0506249999999997,-0.46250000000000013
2026-08-15 22:34:24.201,83.427,raise,0.02562500000000023,-0.45499999999999985
2026-08-15 22:34:24.211,83.437,raise,-0.06249999999999978,-0.4962500000000003
2026-08-15 22:34:24.221,83.447,raise,0.07187500000000013,-0.4468749999999999
2026-08-15 22:34:24.231,83.457,raise,-0.10499999999999954,-0.4899999999999993
2026-08-15 22:34:24.241,83.467,raise,0.04437499999999983,-0.46062500000000006
2026-08-15 22:34:24.251,83.477,raise,0.05249999999999977,-0.4574999999999996
2026-08-15 22:34:24.261,83.487,raise,-0.03687499999999955,-0.4974999999999996
2026-08-15 22:34:24.271,83.497,raise,0.07437499999999986,-0.45062500000000005
2026-08-15 22:34:24.281,83.507,raise,-0.0924999999999998,-0.4899999999999993
2026-08-15 22:34:24.291,83.517,raise,0.04874999999999963,-0.46812500000000035
2026-08-15 22:34:24.301,83.527,raise,0.02375000000000016,-0.45937499999999964
2026-08-15 22:34:24.311,83.537,raise,-0.06249999999999978,-0.49562499999999954
2026-08-15 22:34:24.321,83.547,raise,0.07562500000000028,-0.45499999999999985
2026-08-15 22:34:24.331,83.557,raise,-0.10874999999999968,-0.49437500000000023
2026-08-15 22:34:24.341,83.567,raise,0.04187500000000011,-0.46687499999999993
2026-08-15 22:34:24.351,83.577,raise,0.04812499999999997,-0.46250000000000013
2026-08-15 22:34:24.361,83.587,raise,-0.03375000000000017,-0.49437500000000023
2026-08-15 22:34:24.371,83.597,raise,0.07562500000000028,-0.44937499999999964
2026-08-15 22:34:24.381,83.607,raise,-0.09375000000000022,-0.4949999999999999
2026-08-15 22:34:24.391,83.617,raise,0.051875000000000115,-0.4631249999999998
2026-08-15 22:34:24.401,83.627,raise,0.02187500000000009,-0.45187499999999936
2026-08-15 22:34:24.411,83.637,raise,-0.05562500000000026,-0.48875
2026-08-15 22:34:24.421,83.647,raise,0.07312500000000055,-0.45187499999999936
2026-08-15 22:34:24.431,83.657,raise,-0.10874999999999968,-0.4874999999999996
2026-08-15 22:34:24.441,83.667,raise,0.04437499999999983,-0.45937499999999964
2026-08-15 22:34:24.451,83.677,raise,0.05125000000000046,-0.4531249999999998
2026-08-15 22:34:24.461,83.687,raise,-0.029375000000000373,-0.48562499999999953
2026-08-15 22:34:24.471,83.697,raise,0.07750000000000035,-0.4456249999999995
2026-08-15 22:34:24.481,83.707,raise,-0.10000000000000009,-0.48812500000000036
2026-08-15 22:34:24.491,83.717,raise,0.03874999999999962,-0.45937499999999964
2026-08-15 22:34:24.501,83.727,raise,0.015625000000000222,-0.45374999999999943
2026-08-15 22:34:24.511,83.737,raise,-0.05124999999999935,-0.4974999999999996
2026-08-15 22:34:24.521,83.747,raise,0.07624999999999993,-0.44749999999999956
2026-08-15 22:34:24.531,83.757,raise,-0.10874999999999968,-0.49437500000000023
2026-08-15 22:34:24.541,83.767,raise,0.04562500000000025,-0.47062500000000007
2026-08-15 22:34:24.551,83.777,raise,0.03937500000000038,-0.45875
2026-08-15 22:34:24.561,83.787,raise,-0.0318750000000001,-0.4981250000000004
2026-08-15 22:34:24.571,83.797,raise,0.07125000000000048,-0.44937499999999964
2026-08-15 22:34:24.581,83.807,raise,-0.10249999999999981,-0.49437500000000023
2026-08-15 22:34:24.591,83.817,raise,0.03375000000000017,-0.4674999999999996
2026-08-15 22:34:24.601,83.827,raise,0.01187500000000008,-0.45875
2026-08-15 22:34:24.611,83.837,raise,-0.046874999999999556,-0.49124999999999974
2026-08-15 22:34:24.621,83.847,raise,0.07000000000000006,-0.4500000000000004
2026-08-15 22:34:24.631,83.857,raise,-0.10937499999999933,-0.49250000000000016
2026-08-15 22:34:24.641,83.867,raise,0.046875000000000666,-0.4656249999999995
2026-08-15 22:34:24.651,83.877,raise,0.03562500000000024,-0.45187499999999936
2026-08-15 22:34:24.661,83.887,raise,-0.06874999999999964,-0.49374999999999947
2026-08-15 22:34:24.671,83.897,raise,0.07437499999999986,-0.4500000000000004
2026-08-15 22:34:24.681,83.907,raise,-0.10249999999999981,-0.49374999999999947
2026-08-15 22:34:24.691,83.917,raise,0.04249999999999976,-0.4631249999999998
2026-08-15 22:34:24.701,83.927,raise,0.008749999999999591,-0.4525000000000001
2026-08-15 22:34:24.711,83.937,raise,-0.046874999999999556,-0.49124999999999974
2026-08-15 22:34:24.721,83.947,raise,0.07312500000000055,-0.44937499999999964
2026-08-15 22:34:24.731,83.957,raise,-0.0968749999999996,-0.48875
2026-08-15 22:34:24.741,83.967,raise,0.04750000000000032,-0.4631249999999998
2026-08-15 22:34:24.751,83.977,raise,0.030000000000000027,-0.45374999999999943
2026-08-15 22:34:24.761,83.987,raise,-0.06812499999999999,-0.4949999999999999
2026-08-15 22:34:24.771,83.997,raise,0.07437499999999986,-0.44812500000000033
2026-08-15 22:34:24.781,84.007,raise,-0.10375000000000023,-0.48812500000000036
2026-08-15 22:34:24.791,84.017,raise,0.04249999999999976,-0.46812500000000035
2026-08-15 22:34:24.801,84.027,raise,0.0,-0.45812500000000034
2026-08-15 22:34:24.811,84.037,raise,-0.03750000000000031,-0.49562499999999954
2026-08-15 22:34:24.821,84.047,raise,0.07312500000000055,-0.4500000000000004
2026-08-15 22:34:24.831,84.057,raise,-0.09624999999999995,-0.4931249999999998
2026-08-15 22:34:24.841,84.067,raise,0.04937500000000039,-0.46937499999999965
2026-08-15 22:34:24.851,84.077,raise,0.025000000000000577,-0.4631249999999998
2026-08-15 22:34:24.861,84.087,raise,-0.061875000000000124,-0.4949999999999999
2026-08-15 22:34:24.871,84.097,raise,0.07312500000000055,-0.4543750000000002
2026-08-15 22:34:24.881,84.107,raise,-0.10874999999999968,-0.49875
2026-08-15 22:34:24.891,84.117,raise,0.043125000000000524,-0.46687499999999993
2026-08-15 22:34:24.901,84.127,raise,0.04812499999999997,-0.46374999999999944
2026-08-15 22:34:24.911,84.137,raise,-0.03562500000000024,-0.4899999999999993
2026-08-15 22:34:24.921,84.147,raise,0.07437499999999986,-0.4512499999999997
2026-08-15 22:34:24.931,84.157,raise,-0.09750000000000036,-0.4949999999999999
2026-08-15 22:34:24.941,84.167,raise,0.04874999999999963,-0.46374999999999944
2026-08-15 22:34:24.951,84.177,raise,0.019375000000000364,-0.45499999999999985
2026-08-15 22:34:24.961,84.187,raise,-0.05624999999999991,-0.4906250000000001
2026-08-15 22:34:24.971,84.197,raise,0.07062499999999972,-0.4500000000000004
2026-08-15 22:34:24.981,84.207,raise,-0.11062499999999975,-0.48875
2026-08-15 22:34:24.991,84.217,raise,0.04437499999999983,-0.4600000000000004
2026-08-15 22:34:25.001,84.227,raise,0.04937500000000039,-0.45499999999999985
2026-08-15 22:34:25.011,84.237,raise,-0.031249999999999334,-0.4962500000000003
2026-08-15 22:34:25.021,84.247,raise,0.07249999999999979,-0.44937499999999964
2026-08-15 22:34:25.031,84.257,raise,-0.0956250000000003,-0.49250000000000016
2026-08-15 22:34:25.041,84.267,raise,0.050000000000000044,-0.4631249999999998
2026-08-15 22:34:25.051,84.277,raise,0.018124999999999947,-0.46062500000000006
2026-08-15 22:34:25.061,84.287,raise,-0.053750000000000187,-0.4981250000000004
2026-08-15 22:34:25.071,84.297,raise,0.06937500000000041,-0.44749999999999956
2026-08-15 22:34:25.081,84.307,raise,-0.1100000000000001,-0.49250000000000016
2026-08-15 22:34:25.091,84.317,raise,0.045000000000000595,-0.4712499999999997
2026-08-15 22:34:25.101,84.327,raise,0.04125000000000045,-0.4600000000000004
2026-08-15 22:34:25.111,84.337,raise,-0.026874999999999538,-0.4931249999999998
2026-08-15 22:34:25.121,84.347,raise,0.07500000000000062,-0.4525000000000001
2026-08-15 22:34:25.131,84.357,raise,-0.10375000000000023,-0.4931249999999998
2026-08-15 22:34:25.141,84.367,raise,0.03874999999999962,-0.4656249999999995
2026-08-15 22:34:25.151,84.377,raise,0.015000000000000568,-0.46187499999999937
2026-08-15 22:34:25.161,84.387,raise,-0.050000000000000044,-0.4918749999999994
2026-08-15 22:34:25.171,84.397,raise,0.07125000000000048,-0.4512499999999997
2026-08-15 22:34:25.181,84.407,raise,-0.11499999999999955,-0.49875
2026-08-15 22:34:25.191,84.417,raise,0.04437499999999983,-0.4662500000000003
2026-08-15 22:34:25.201,84.427,raise,0.040000000000000036,-0.45625000000000027
2026-08-15 22:34:25.211,84.437,raise,-0.027500000000000302,-0.49374999999999947
2026-08-15 22:34:25.221,84.447,raise,0.07062499999999972,-0.45187499999999936
2026-08-15 22:34:25.231,84.457,raise,-0.10874999999999968,-0.49250000000000016
2026-08-15 22:34:25.241,84.467,raise,0.03937500000000038,-0.46250000000000013
2026-08-15 22:34:25.251,84.477,raise,0.005625000000000213,-0.45812500000000034
2026-08-15 22:34:25.261,84.487,raise,-0.04874999999999963,-0.4918749999999994
2026-08-15 22:34:25.271,84.497,raise,0.06874999999999964,-0.4512499999999997
2026-08-15 22:34:25.281,84.507,raise,-0.11062499999999975,-0.4931249999999998
2026-08-15 22:34:25.291,84.517,raise,0.04562500000000025,-0.4631249999999998
2026-08-15 22:34:25.301,84.527,raise,0.030000000000000027,-0.4612499999999997
2026-08-15 22:34:25.311,84.537,raise,-0.07124999999999937,-0.5025000000000002
2026-08-15 22:34:25.321,84.547,raise,0.07125000000000048,-0.45374999999999943
2026-08-15 22:34:25.331,84.557,raise,-0.10750000000000037,-0.49437500000000023
2026-08-15 22:34:25.341,84.567,raise,0.043125000000000524,-0.47062500000000007
2026-08-15 22:34:25.351,84.577,raise,0.0031250000000004885,-0.45937499999999964
2026-08-15 22:34:25.361,84.587,raise,-0.03874999999999962,-0.49437500000000023
2026-08-15 22:34:25.371,84.597,raise,0.07750000000000035,-0.4531249999999998
2026-08-15 22:34:25.381,84.607,raise,-0.09437499999999988,-0.49562499999999954
2026-08-15 22:34:25.391,84.617,raise,0.050000000000000044,-0.4674999999999996
2026-08-15 22:34:25.401,84.627,raise,0.024374999999999813,-0.46374999999999944
2026-08-15 22:34:25.411,84.637,raise,-0.06124999999999936,-0.49562499999999954
2026-08-15 22:34:25.421,84.647,raise,0.07125000000000048,-0.44812500000000033
2026-08-15 22:34:25.431,84.657,raise,-0.10249999999999981,-0.4974999999999996
2026-08-15 22:34:25.441,84.667,raise,0.03937500000000038,-0.46499999999999986
2026-08-15 22:34:25.451,84.677,raise,0.0006249999999996536,-0.4531249999999998
2026-08-15 22:34:25.461,84.687,raise,-0.03624999999999989,-0.49124999999999974
2026-08-15 22:34:25.471,84.697,raise,0.07249999999999979,-0.4531249999999998
2026-08-15 22:34:25.481,84.707,raise,-0.09499999999999953,-0.49437500000000023
2026-08-15 22:34:25.491,84.717,raise,0.05312500000000053,-0.46250000000000013
2026-08-15 22:34:25.501,84.727,raise,0.02562500000000023,-0.4543750000000002
2026-08-15 22:34:25.511,84.737,raise,-0.06062499999999971,-0.48812500000000036
2026-08-15 22:34:25.521,84.747,raise,0.0737500000000002,-0.44937499999999964
2026-08-15 22:34:25.531,84.757,raise,-0.11249999999999982,-0.49124999999999974
2026-08-15 22:34:25.541,84.767,raise,0.04437499999999983,-0.46250000000000013
2026-08-15 22:34:25.551,84.777,raise,0.045000000000000595,-0.4574999999999996
2026-08-15 22:34:25.561,84.787,raise,-0.03562500000000024,-0.5012499999999998
2026-08-15 22:34:25.571,84.797,raise,0.07062499999999972,-0.4500000000000004
2026-08-15 22:34:25.581,84.807,raise,-0.10062499999999974,-0.49250000000000016
2026-08-15 22:34:25.591,84.817,raise,0.04750000000000032,-0.46250000000000013
2026-08-15 22:34:25.601,84.827,raise,0.017500000000000293,-0.45875
2026-08-15 22:34:25.611,84.837,raise,-0.058749999999999636,-0.49437500000000023
2026-08-15 22:34:25.621,84.847,raise,0.06874999999999964,-0.4500000000000004
2026-08-15 22:34:25.631,84.857,raise,-0.11312499999999948,-0.49562499999999954
