timestamp,elapsed_s,segment,roots_V,grounded_roots_V
2026-08-16 11:19:59.906,0.001,lower,-6.25,-6.25
2026-08-16 11:19:59.919,0.015,lower,0.06000000000000005,0.09312500000000057
2026-08-16 11:19:59.929,0.025,lower,-0.10624999999999996,0.03624999999999989
2026-08-16 11:19:59.939,0.035,lower,0.07249999999999979,0.0912500000000005
2026-08-16 11:19:59.949,0.045,lower,-0.10624999999999996,0.05624999999999991
2026-08-16 11:19:59.959,0.055,lower,0.027500000000000302,0.06312500000000054
2026-08-16 11:19:59.969,0.065,lower,0.07000000000000006,0.0912500000000005
2026-08-16 11:19:59.979,0.075,lower,-0.08437499999999987,0.03687500000000066
2026-08-16 11:19:59.989,0.085,lower,0.07437499999999986,0.09812500000000002
2026-08-16 11:19:59.999,0.095,lower,-0.08624999999999994,0.055000000000000604
2026-08-16 11:20:00.009,0.105,lower,0.03874999999999962,0.07187500000000013
2026-08-16 11:20:00.019,0.115,lower,0.05125000000000046,0.09375000000000022
2026-08-16 11:20:00.029,0.125,lower,-0.10312499999999947,0.04187500000000011
2026-08-16 11:20:00.039,0.135,lower,0.07437499999999986,0.0956250000000003
2026-08-16 11:20:00.049,0.145,lower,-0.11062499999999975,0.050000000000000044
2026-08-16 11:20:00.059,0.155,lower,0.03437499999999982,0.07187500000000013
2026-08-16 11:20:00.069,0.165,lower,0.07062499999999972,0.09624999999999995
2026-08-16 11:20:00.079,0.175,lower,-0.08000000000000007,0.03624999999999989
2026-08-16 11:20:00.089,0.185,lower,0.08062499999999972,0.09062499999999973
2026-08-16 11:20:00.099,0.195,lower,-0.09000000000000008,0.0506249999999997
2026-08-16 11:20:00.109,0.205,lower,0.020000000000000018,0.07500000000000062
2026-08-16 11:20:00.119,0.215,lower,0.055000000000000604,0.09312500000000057
2026-08-16 11:20:00.129,0.225,lower,-0.09937499999999932,0.04750000000000032
2026-08-16 11:20:00.139,0.235,lower,0.07687499999999958,0.0968749999999996
2026-08-16 11:20:00.149,0.245,lower,-0.11312499999999948,0.06500000000000061
2026-08-16 11:20:00.159,0.255,lower,0.035000000000000586,0.08000000000000007
2026-08-16 11:20:00.169,0.265,lower,0.06624999999999992,0.0912500000000005
2026-08-16 11:20:00.179,0.275,lower,-0.11249999999999982,0.03874999999999962
2026-08-16 11:20:00.189,0.285,lower,0.07937500000000042,0.09437499999999988
2026-08-16 11:20:00.199,0.295,lower,-0.09437499999999988,0.05437499999999984
2026-08-16 11:20:00.209,0.305,lower,0.02562500000000023,0.078125
2026-08-16 11:20:00.219,0.315,lower,0.0462499999999999,0.09312500000000057
2026-08-16 11:20:00.229,0.325,lower,-0.09437499999999988,0.03874999999999962
2026-08-16 11:20:00.239,0.335,lower,0.07750000000000035,0.0956250000000003
2026-08-16 11:20:00.249,0.345,lower,-0.1100000000000001,0.056875000000000675
2026-08-16 11:20:00.259,0.355,lower,0.038124999999999964,0.06874999999999964
2026-08-16 11:20:00.269,0.365,lower,0.06750000000000034,0.0924999999999998
2026-08-16 11:20:00.279,0.375,lower,-0.10750000000000037,0.04375000000000018
2026-08-16 11:20:00.289,0.385,lower,0.08312500000000056,0.09000000000000008
2026-08-16 11:20:00.299,0.395,lower,-0.09874999999999967,0.05750000000000033
2026-08-16 11:20:00.309,0.405,lower,0.029375000000000373,0.07562500000000028
2026-08-16 11:20:00.319,0.415,lower,0.046875000000000666,0.09312500000000057
2026-08-16 11:20:00.329,0.425,lower,-0.08874999999999966,0.04562500000000025
2026-08-16 11:20:00.339,0.435,lower,0.08062499999999972,0.0956250000000003
2026-08-16 11:20:00.349,0.445,lower,-0.07000000000000006,0.0506249999999997
2026-08-16 11:20:00.359,0.455,lower,0.04187500000000011,0.07437499999999986
2026-08-16 11:20:00.369,0.465,lower,0.06750000000000034,0.09812500000000002
2026-08-16 11:20:00.379,0.475,lower,-0.10499999999999954,0.04187500000000011
2026-08-16 11:20:00.389,0.485,lower,0.08500000000000063,0.09375000000000022
2026-08-16 11:20:00.399,0.495,lower,-0.0956250000000003,0.06312500000000054
2026-08-16 11:20:00.409,0.505,lower,0.03249999999999975,0.07624999999999993
2026-08-16 11:20:00.419,0.515,lower,0.07500000000000062,0.09187500000000015
2026-08-16 11:20:00.429,0.525,lower,-0.0824999999999998,0.03874999999999962
2026-08-16 11:20:00.439,0.535,lower,0.08187500000000014,0.0956250000000003
2026-08-16 11:20:00.449,0.545,lower,-0.07687499999999958,0.06062499999999971
2026-08-16 11:20:00.459,0.555,lower,0.04750000000000032,0.08062499999999972
2026-08-16 11:20:00.469,0.565,lower,0.0637500000000002,0.0924999999999998
2026-08-16 11:20:00.479,0.575,lower,-0.10624999999999996,0.03562500000000024
2026-08-16 11:20:00.489,0.585,lower,0.08687499999999959,0.10000000000000009
2026-08-16 11:20:00.499,0.595,lower,-0.09937499999999932,0.05750000000000033
2026-08-16 11:20:00.509,0.605,lower,0.03687500000000066,0.07249999999999979
2026-08-16 11:20:00.519,0.615,lower,0.07687499999999958,0.09375000000000022
2026-08-16 11:20:00.529,0.625,lower,-0.078125,0.04249999999999976
2026-08-16 11:20:00.539,0.635,lower,0.08500000000000063,0.09437499999999988
2026-08-16 11:20:00.549,0.645,lower,-0.07312499999999944,0.05624999999999991
2026-08-16 11:20:00.559,0.655,lower,0.053750000000000187,0.07249999999999979
2026-08-16 11:20:00.569,0.665,lower,0.06500000000000061,0.09062499999999973
2026-08-16 11:20:00.579,0.675,lower,-0.0968749999999996,0.04062499999999969
2026-08-16 11:20:00.589,0.685,lower,0.0824999999999998,0.09375000000000022
2026-08-16 11:20:00.599,0.695,lower,-0.09874999999999967,0.05437499999999984
2026-08-16 11:20:00.609,0.705,lower,0.04062499999999969,0.07750000000000035
2026-08-16 11:20:00.619,0.715,lower,0.07687499999999958,0.09187500000000015
2026-08-16 11:20:00.629,0.725,lower,-0.06812499999999999,0.046875000000000666
2026-08-16 11:20:00.639,0.735,lower,0.08874999999999966,0.09437499999999988
2026-08-16 11:20:00.649,0.745,lower,-0.08124999999999938,0.06312500000000054
2026-08-16 11:20:00.659,0.755,lower,0.028124999999999956,0.078125
2026-08-16 11:20:00.669,0.765,lower,0.06437499999999985,0.09000000000000008
2026-08-16 11:20:00.679,0.775,lower,-0.09124999999999939,0.040000000000000036
2026-08-16 11:20:00.689,0.785,lower,0.08687499999999959,0.0956250000000003
2026-08-16 11:20:00.699,0.795,lower,-0.10499999999999954,0.05750000000000033
2026-08-16 11:20:00.709,0.805,lower,0.043125000000000524,0.0737500000000002
2026-08-16 11:20:00.719,0.815,lower,0.07750000000000035,0.09500000000000064
2026-08-16 11:20:00.729,0.825,lower,-0.10437499999999988,0.04062499999999969
2026-08-16 11:20:00.739,0.835,lower,0.08562500000000028,0.09812500000000002
2026-08-16 11:20:00.749,0.845,lower,-0.08437499999999987,0.058749999999999636
2026-08-16 11:20:00.759,0.855,lower,0.030000000000000027,0.06812499999999999
2026-08-16 11:20:00.769,0.865,lower,0.0593750000000004,0.09062499999999973
2026-08-16 11:20:00.779,0.875,lower,-0.08874999999999966,0.04062499999999969
2026-08-16 11:20:00.789,0.885,lower,0.08562500000000028,0.08937500000000043
2026-08-16 11:20:00.799,0.895,lower,-0.10249999999999981,0.05562500000000026
2026-08-16 11:20:00.809,0.905,lower,0.04562500000000025,0.07187500000000013
2026-08-16 11:20:00.819,0.915,lower,0.07750000000000035,0.09312500000000057
2026-08-16 11:20:00.829,0.925,lower,-0.10312499999999947,0.04125000000000045
2026-08-16 11:20:00.839,0.935,lower,0.08812500000000001,0.09437499999999988
2026-08-16 11:20:00.849,0.945,lower,-0.08874999999999966,0.04874999999999963
2026-08-16 11:20:00.859,0.955,lower,0.03687500000000066,0.07437499999999986
2026-08-16 11:20:00.869,0.965,lower,0.05437499999999984,0.0956250000000003
2026-08-16 11:20:00.879,0.975,lower,-0.0824999999999998,0.04187500000000011
2026-08-16 11:20:00.889,0.985,lower,0.08874999999999966,0.0968749999999996
2026-08-16 11:20:00.899,0.995,lower,-0.0637500000000002,0.06249999999999978
2026-08-16 11:20:00.909,1.005,lower,0.04874999999999963,0.07624999999999993
2026-08-16 11:20:00.919,1.015,lower,0.07312500000000055,0.0956250000000003
2026-08-16 11:20:00.929,1.025,lower,-0.10000000000000009,0.03750000000000031
2026-08-16 11:20:00.939,1.035,lower,0.08874999999999966,0.09312500000000057
2026-08-16 11:20:00.949,1.045,lower,-0.09375000000000022,0.05750000000000033
2026-08-16 11:20:00.959,1.055,lower,0.03437499999999982,0.07874999999999965
2026-08-16 11:20:00.969,1.065,lower,0.07937500000000042,0.09187500000000015
2026-08-16 11:20:00.979,1.075,lower,-0.07874999999999965,0.03874999999999962
2026-08-16 11:20:00.989,1.085,lower,0.08874999999999966,0.09624999999999995
2026-08-16 11:20:00.999,1.095,lower,-0.06624999999999992,0.0593750000000004
2026-08-16 11:20:01.009,1.105,lower,0.04937500000000039,0.06812499999999999
2026-08-16 11:20:01.019,1.115,lower,0.06937500000000041,0.09437499999999988
2026-08-16 11:20:01.029,1.125,lower,-0.0956250000000003,0.040000000000000036
2026-08-16 11:20:01.039,1.135,lower,0.0912500000000005,0.09375000000000022
2026-08-16 11:20:01.049,1.145,lower,-0.0956250000000003,0.05312500000000053
2026-08-16 11:20:01.059,1.155,lower,0.043125000000000524,0.0737500000000002
2026-08-16 11:20:01.069,1.165,lower,0.0824999999999998,0.09437499999999988
2026-08-16 11:20:01.079,1.175,lower,-0.07312499999999944,0.04249999999999976
2026-08-16 11:20:01.089,1.185,lower,0.08562500000000028,0.09187500000000015
2026-08-16 11:20:01.099,1.195,lower,-0.0737500000000002,0.053750000000000187
2026-08-16 11:20:01.109,1.205,lower,0.055000000000000604,0.07312500000000055
2026-08-16 11:20:01.119,1.215,lower,0.06750000000000034,0.09375000000000022
2026-08-16 11:20:01.129,1.225,lower,-0.09375000000000022,0.04249999999999976
2026-08-16 11:20:01.139,1.235,lower,0.08500000000000063,0.09187500000000015
2026-08-16 11:20:01.149,1.245,lower,-0.10249999999999981,0.06437499999999985
2026-08-16 11:20:01.159,1.255,lower,0.04062499999999969,0.07500000000000062
2026-08-16 11:20:01.169,1.265,lower,0.08062499999999972,0.09187500000000015
2026-08-16 11:20:01.179,1.275,lower,-0.07249999999999979,0.04187500000000011
2026-08-16 11:20:01.189,1.285,lower,0.08874999999999966,0.09437499999999988
2026-08-16 11:20:01.199,1.295,lower,-0.078125,0.0593750000000004
2026-08-16 11:20:01.209,1.305,lower,0.02687500000000065,0.07437499999999986
2026-08-16 11:20:01.219,1.315,lower,0.06000000000000005,0.0924999999999998
2026-08-16 11:20:01.229,1.325,lower,-0.09187500000000015,0.03687500000000066
2026-08-16 11:20:01.239,1.335,lower,0.08624999999999994,0.0912500000000005
2026-08-16 11:20:01.249,1.345,lower,-0.10499999999999954,0.05812499999999998
2026-08-16 11:20:01.259,1.355,lower,0.0462499999999999,0.06437499999999985
2026-08-16 11:20:01.269,1.365,lower,0.07624999999999993,0.09062499999999973
2026-08-16 11:20:01.279,1.375,lower,-0.10874999999999968,0.03874999999999962
2026-08-16 11:20:01.289,1.385,lower,0.0912500000000005,0.09750000000000036
2026-08-16 11:20:01.299,1.395,lower,-0.08124999999999938,0.05750000000000033
2026-08-16 11:20:01.309,1.405,lower,0.0318750000000001,0.06874999999999964
2026-08-16 11:20:01.319,1.415,lower,0.058749999999999636,0.09000000000000008
2026-08-16 11:20:01.329,1.425,lower,-0.08812500000000001,0.04187500000000011
2026-08-16 11:20:01.339,1.435,lower,0.08562500000000028,0.09437499999999988
2026-08-16 11:20:01.349,1.445,lower,-0.10812500000000003,0.051875000000000115
2026-08-16 11:20:01.359,1.455,lower,0.045000000000000595,0.07187500000000013
2026-08-16 11:20:01.369,1.465,lower,0.07874999999999965,0.09500000000000064
2026-08-16 11:20:01.379,1.475,lower,-0.10187500000000016,0.04375000000000018
2026-08-16 11:20:01.389,1.485,lower,0.08937500000000043,0.09437499999999988
2026-08-16 11:20:01.399,1.495,lower,-0.08687499999999959,0.0506249999999997
2026-08-16 11:20:01.409,1.505,lower,0.03562500000000024,0.078125
2026-08-16 11:20:01.419,1.515,lower,0.051875000000000115,0.09312500000000057
2026-08-16 11:20:01.429,1.525,lower,-0.08187500000000014,0.045000000000000595
2026-08-16 11:20:01.439,1.535,lower,0.08562500000000028,0.09500000000000064
2026-08-16 11:20:01.449,1.545,lower,-0.06750000000000034,0.06062499999999971
2026-08-16 11:20:01.459,1.555,lower,0.05125000000000046,0.07624999999999993
2026-08-16 11:20:01.469,1.565,lower,0.0737500000000002,0.08874999999999966
2026-08-16 11:20:01.479,1.575,lower,-0.10249999999999981,0.03750000000000031
2026-08-16 11:20:01.489,1.585,lower,0.09000000000000008,0.09500000000000064
2026-08-16 11:20:01.499,1.595,lower,-0.09437499999999988,0.058749999999999636
2026-08-16 11:20:01.509,1.605,lower,0.03750000000000031,0.07062499999999972
2026-08-16 11:20:01.519,1.615,lower,0.08062499999999972,0.0924999999999998
2026-08-16 11:20:01.529,1.625,lower,-0.07750000000000035,0.04062499999999969
2026-08-16 11:20:01.539,1.635,lower,0.08437499999999987,0.09437499999999988
2026-08-16 11:20:01.549,1.645,lower,-0.06874999999999964,0.05562500000000026
2026-08-16 11:20:01.559,1.655,lower,0.05249999999999977,0.06874999999999964
2026-08-16 11:20:01.569,1.665,lower,0.07062499999999972,0.0912500000000005
2026-08-16 11:20:01.579,1.675,lower,-0.09937499999999932,0.04062499999999969
2026-08-16 11:20:01.589,1.685,lower,0.08125000000000049,0.0912500000000005
2026-08-16 11:20:01.599,1.695,lower,-0.09499999999999953,0.05750000000000033
2026-08-16 11:20:01.609,1.705,lower,0.03437499999999982,0.07312500000000055
2026-08-16 11:20:01.619,1.715,lower,0.07937500000000042,0.0912500000000005
2026-08-16 11:20:01.629,1.725,lower,-0.07499999999999951,0.04187500000000011
2026-08-16 11:20:01.639,1.735,lower,0.08750000000000036,0.09000000000000008
2026-08-16 11:20:01.649,1.745,lower,-0.07750000000000035,0.05312500000000053
2026-08-16 11:20:01.659,1.755,lower,0.04874999999999963,0.07562500000000028
2026-08-16 11:20:01.669,1.765,lower,0.06249999999999978,0.0924999999999998
2026-08-16 11:20:01.679,1.775,lower,-0.10062499999999974,0.04249999999999976
2026-08-16 11:20:01.689,1.785,lower,0.07937500000000042,0.0968749999999996
2026-08-16 11:20:01.699,1.795,lower,-0.10624999999999996,0.06249999999999978
2026-08-16 11:20:01.709,1.805,lower,0.03562500000000024,0.0737500000000002
2026-08-16 11:20:01.719,1.815,lower,0.07687499999999958,0.09312500000000057
2026-08-16 11:20:01.729,1.825,lower,-0.07312499999999944,0.03874999999999962
2026-08-16 11:20:01.739,1.835,lower,0.08687499999999959,0.0968749999999996
2026-08-16 11:20:01.749,1.845,lower,-0.08624999999999994,0.06062499999999971
2026-08-16 11:20:01.759,1.855,lower,0.02687500000000065,0.06874999999999964
2026-08-16 11:20:01.769,1.865,lower,0.058749999999999636,0.0924999999999998
2026-08-16 11:20:01.779,1.875,lower,-0.09624999999999995,0.03750000000000031
2026-08-16 11:20:01.789,1.885,lower,0.08187500000000014,0.09937500000000044
2026-08-16 11:20:01.799,1.895,lower,-0.10624999999999996,0.06000000000000005
2026-08-16 11:20:01.809,1.905,lower,0.03874999999999962,0.06750000000000034
2026-08-16 11:20:01.819,1.915,lower,0.07312500000000055,0.0912500000000005
2026-08-16 11:20:01.829,1.925,lower,-0.10812500000000003,0.04062499999999969
2026-08-16 11:20:01.839,1.935,lower,0.08312500000000056,0.0912500000000005
2026-08-16 11:20:01.849,1.945,lower,-0.08812500000000001,0.055000000000000604
2026-08-16 11:20:01.859,1.955,lower,0.029375000000000373,0.0737500000000002
2026-08-16 11:20:01.869,1.965,lower,0.053750000000000187,0.09312500000000057
2026-08-16 11:20:01.879,1.975,lower,-0.0924999999999998,0.045000000000000595
2026-08-16 11:20:01.889,1.985,lower,0.08125000000000049,0.09624999999999995
2026-08-16 11:20:01.899,1.995,lower,-0.06750000000000034,0.051875000000000115
2026-08-16 11:20:01.909,2.005,lower,0.04125000000000045,0.0737500000000002
2026-08-16 11:20:01.919,2.015,lower,0.06874999999999964,0.0956250000000003
2026-08-16 11:20:01.929,2.025,lower,-0.11062499999999975,0.040000000000000036
2026-08-16 11:20:01.939,2.035,lower,0.0824999999999998,0.0912500000000005
2026-08-16 11:20:01.949,2.045,lower,-0.09812500000000002,0.06125000000000047
2026-08-16 11:20:01.959,2.055,lower,0.02874999999999961,0.07750000000000035
2026-08-16 11:20:01.969,2.065,lower,0.04125000000000045,0.08937500000000043
2026-08-16 11:20:01.979,2.075,lower,-0.09062499999999973,0.03437499999999982
2026-08-16 11:20:01.989,2.085,lower,0.08375000000000021,0.0968749999999996
2026-08-16 11:20:01.999,2.095,lower,-0.07124999999999937,0.06000000000000005
2026-08-16 11:20:02.009,2.105,lower,0.04249999999999976,0.07750000000000035
2026-08-16 11:20:02.019,2.115,lower,0.06750000000000034,0.09624999999999995
2026-08-16 11:20:02.029,2.125,lower,-0.1056250000000003,0.040000000000000036
2026-08-16 11:20:02.039,2.135,lower,0.08187500000000014,0.09437499999999988
2026-08-16 11:20:02.049,2.145,lower,-0.10062499999999974,0.06000000000000005
2026-08-16 11:20:02.059,2.155,lower,0.031250000000000444,0.06687500000000068
2026-08-16 11:20:02.069,2.165,lower,0.07125000000000048,0.09312500000000057
2026-08-16 11:20:02.079,2.175,lower,-0.08437499999999987,0.04375000000000018
2026-08-16 11:20:02.089,2.185,lower,0.08125000000000049,0.08937500000000043
2026-08-16 11:20:02.099,2.195,lower,-0.07750000000000035,0.05624999999999991
2026-08-16 11:20:02.109,2.205,lower,0.04249999999999976,0.07187500000000013
2026-08-16 11:20:02.119,2.215,lower,0.06312500000000054,0.0924999999999998
2026-08-16 11:20:02.129,2.225,lower,-0.10312499999999947,0.046875000000000666
2026-08-16 11:20:02.139,2.235,lower,0.07500000000000062,0.09312500000000057
2026-08-16 11:20:02.149,2.245,lower,-0.10624999999999996,0.053750000000000187
2026-08-16 11:20:02.159,2.255,lower,0.033125000000000515,0.07624999999999993
2026-08-16 11:20:02.169,2.265,lower,0.07500000000000062,0.09187500000000015
2026-08-16 11:20:02.179,2.275,lower,-0.08124999999999938,0.04125000000000045
2026-08-16 11:20:02.189,2.285,lower,0.08375000000000021,0.09500000000000064
2026-08-16 11:20:02.199,2.295,lower,-0.08187500000000014,0.06437499999999985
2026-08-16 11:20:02.209,2.305,lower,0.013750000000000151,0.07187500000000013
2026-08-16 11:20:02.219,2.315,lower,0.05812499999999998,0.09187500000000015
2026-08-16 11:20:02.229,2.325,lower,-0.10187500000000016,0.03874999999999962
2026-08-16 11:20:02.239,2.335,lower,0.07687499999999958,0.09187500000000015
2026-08-16 11:20:02.249,2.345,lower,-0.1056250000000003,0.0637500000000002
2026-08-16 11:20:02.259,2.355,lower,0.03750000000000031,0.0824999999999998
2026-08-16 11:20:02.269,2.365,lower,0.07187500000000013,0.0956250000000003
2026-08-16 11:20:02.279,2.375,lower,-0.07750000000000035,0.03937500000000038
2026-08-16 11:20:02.289,2.385,lower,0.08125000000000049,0.0956250000000003
2026-08-16 11:20:02.299,2.395,lower,-0.08750000000000036,0.06000000000000005
2026-08-16 11:20:02.309,2.405,lower,0.022499999999999742,0.06562500000000027
2026-08-16 11:20:02.319,2.415,lower,0.056875000000000675,0.0924999999999998
2026-08-16 11:20:02.329,2.425,lower,-0.0968749999999996,0.04125000000000045
2026-08-16 11:20:02.339,2.435,lower,0.08062499999999972,0.09437499999999988
2026-08-16 11:20:02.349,2.445,lower,-0.1112499999999994,0.05562500000000026
2026-08-16 11:20:02.359,2.455,lower,0.038124999999999964,0.0737500000000002
2026-08-16 11:20:02.369,2.465,lower,0.07187500000000013,0.09312500000000057
2026-08-16 11:20:02.379,2.475,lower,-0.10937499999999933,0.04437499999999983
2026-08-16 11:20:02.389,2.485,lower,0.08125000000000049,0.09624999999999995
2026-08-16 11:20:02.399,2.495,lower,-0.09375000000000022,0.05249999999999977
2026-08-16 11:20:02.409,2.505,lower,0.02375000000000016,0.07312500000000055
2026-08-16 11:20:02.419,2.515,lower,0.05249999999999977,0.09812500000000002
2026-08-16 11:20:02.429,2.525,lower,-0.09937499999999932,0.04750000000000032
2026-08-16 11:20:02.439,2.535,lower,0.07937500000000042,0.09500000000000064
2026-08-16 11:20:02.449,2.545,lower,-0.06874999999999964,0.06562500000000027
2026-08-16 11:20:02.459,2.555,lower,0.03624999999999989,0.07874999999999965
2026-08-16 11:20:02.469,2.565,lower,0.07062499999999972,0.09187500000000015
2026-08-16 11:20:02.479,2.575,lower,-0.1100000000000001,0.03562500000000024
2026-08-16 11:20:02.489,2.585,lower,0.08187500000000014,0.09624999999999995
2026-08-16 11:20:02.499,2.595,lower,-0.09874999999999967,0.06062499999999971
2026-08-16 11:20:02.509,2.605,lower,0.0318750000000001,0.07312500000000055
2026-08-16 11:20:02.519,2.615,lower,0.07187500000000013,0.09500000000000064
2026-08-16 11:20:02.529,2.625,lower,-0.08874999999999966,0.04249999999999976
2026-08-16 11:20:02.539,2.635,lower,0.08500000000000063,0.09437499999999988
2026-08-16 11:20:02.549,2.645,lower,-0.07187500000000013,0.06062499999999971
2026-08-16 11:20:02.559,2.655,lower,0.0462499999999999,0.07000000000000006
2026-08-16 11:20:02.569,2.665,lower,0.06812499999999999,0.09624999999999995
2026-08-16 11:20:02.579,2.675,lower,-0.10499999999999954,0.04125000000000045
2026-08-16 11:20:02.589,2.685,lower,0.08437499999999987,0.09312500000000057
2026-08-16 11:20:02.599,2.695,lower,-0.10000000000000009,0.06000000000000005
2026-08-16 11:20:02.609,2.705,lower,0.03562500000000024,0.07312500000000055
2026-08-16 11:20:02.619,2.715,lower,0.07687499999999958,0.09312500000000057
2026-08-16 11:20:02.629,2.725,lower,-0.08375000000000021,0.04437499999999983
2026-08-16 11:20:02.639,2.735,lower,0.08562500000000028,0.09500000000000064
2026-08-16 11:20:02.649,2.745,lower,-0.07750000000000035,0.05562500000000026
2026-08-16 11:20:02.659,2.755,lower,0.04249999999999976,0.07249999999999979
2026-08-16 11:20:02.669,2.765,lower,0.06562500000000027,0.0912500000000005
2026-08-16 11:20:02.679,2.775,lower,-0.1056250000000003,0.04249999999999976
2026-08-16 11:20:02.689,2.785,lower,0.07500000000000062,0.09312500000000057
2026-08-16 11:20:02.699,2.795,lower,-0.1056250000000003,0.06312500000000054
2026-08-16 11:20:02.709,2.805,lower,0.035000000000000586,0.07249999999999979
2026-08-16 11:20:02.719,2.815,lower,0.07562500000000028,0.0924999999999998
2026-08-16 11:20:02.729,2.825,lower,-0.07624999999999993,0.03562500000000024
2026-08-16 11:20:02.739,2.835,lower,0.08750000000000036,0.0956250000000003
2026-08-16 11:20:02.749,2.845,lower,-0.08187500000000014,0.06562500000000027
2026-08-16 11:20:02.759,2.855,lower,0.023125000000000506,0.08125000000000049
2026-08-16 11:20:02.769,2.865,lower,0.06249999999999978,0.0956250000000003
2026-08-16 11:20:02.779,2.875,lower,-0.09812500000000002,0.040000000000000036
2026-08-16 11:20:02.789,2.885,lower,0.08500000000000063,0.0968749999999996
2026-08-16 11:20:02.799,2.895,lower,-0.10249999999999981,0.061875000000000124
2026-08-16 11:20:02.809,2.905,lower,0.03937500000000038,0.06687500000000068
2026-08-16 11:20:02.819,2.915,lower,0.07687499999999958,0.09750000000000036
2026-08-16 11:20:02.829,2.925,lower,-0.11312499999999948,0.04375000000000018
2026-08-16 11:20:02.839,2.935,lower,0.08624999999999994,0.0912500000000005
2026-08-16 11:20:02.849,2.945,lower,-0.08750000000000036,0.058749999999999636
2026-08-16 11:20:02.859,2.955,lower,0.02874999999999961,0.06874999999999964
2026-08-16 11:20:02.869,2.965,lower,0.05812499999999998,0.0912500000000005
2026-08-16 11:20:02.879,2.975,lower,-0.0956250000000003,0.04187500000000011
2026-08-16 11:20:02.889,2.985,lower,0.08187500000000014,0.09187500000000015
2026-08-16 11:20:02.899,2.995,lower,-0.11062499999999975,0.05750000000000033
2026-08-16 11:20:02.909,3.005,lower,0.040000000000000036,0.07687499999999958
2026-08-16 11:20:02.919,3.015,lower,0.07249999999999979,0.09375000000000022
2026-08-16 11:20:02.929,3.025,lower,-0.10812500000000003,0.043125000000000524
2026-08-16 11:20:02.939,3.035,lower,0.08312500000000056,0.09062499999999973
2026-08-16 11:20:02.949,3.045,lower,-0.09375000000000022,0.0637500000000002
2026-08-16 11:20:02.959,3.055,lower,0.02874999999999961,0.07750000000000035
2026-08-16 11:20:02.969,3.065,lower,0.04874999999999963,0.09437499999999988
2026-08-16 11:20:02.979,3.075,lower,-0.09375000000000022,0.04125000000000045
2026-08-16 11:20:02.989,3.085,lower,0.08437499999999987,0.0956250000000003
2026-08-16 11:20:02.999,3.095,lower,-0.06937500000000041,0.06125000000000047
2026-08-16 11:20:03.009,3.105,lower,0.04125000000000045,0.07500000000000062
2026-08-16 11:20:03.019,3.115,lower,0.07000000000000006,0.09624999999999995
2026-08-16 11:20:03.029,3.125,lower,-0.10437499999999988,0.04125000000000045
2026-08-16 11:20:03.039,3.135,lower,0.08687499999999959,0.09500000000000064
2026-08-16 11:20:03.049,3.145,lower,-0.09624999999999995,0.06312500000000054
2026-08-16 11:20:03.059,3.155,lower,0.03624999999999989,0.06812499999999999
2026-08-16 11:20:03.069,3.165,lower,0.07750000000000035,0.09375000000000022
2026-08-16 11:20:03.079,3.175,lower,-0.08624999999999994,0.04249999999999976
2026-08-16 11:20:03.089,3.185,lower,0.08812500000000001,0.09874999999999967
2026-08-16 11:20:03.099,3.195,lower,-0.07312499999999944,0.06000000000000005
2026-08-16 11:20:03.109,3.205,lower,0.04375000000000018,0.07437499999999986
2026-08-16 11:20:03.119,3.215,lower,0.07062499999999972,0.09500000000000064
2026-08-16 11:20:03.129,3.225,lower,-0.10062499999999974,0.04437499999999983
2026-08-16 11:20:03.139,3.235,lower,0.07562500000000028,0.0912500000000005
2026-08-16 11:20:03.149,3.245,lower,-0.09812500000000002,0.05437499999999984
2026-08-16 11:20:03.159,3.255,lower,0.03687500000000066,0.07249999999999979
2026-08-16 11:20:03.169,3.265,lower,0.07562500000000028,0.09375000000000022
2026-08-16 11:20:03.179,3.275,lower,-0.0824999999999998,0.03874999999999962
2026-08-16 11:20:03.189,3.285,lower,0.08375000000000021,0.09312500000000057
2026-08-16 11:20:03.199,3.295,lower,-0.08000000000000007,0.06437499999999985
2026-08-16 11:20:03.209,3.305,lower,0.046875000000000666,0.07437499999999986
2026-08-16 11:20:03.219,3.315,lower,0.06125000000000047,0.09375000000000022
2026-08-16 11:20:03.229,3.325,lower,-0.10375000000000023,0.045000000000000595
2026-08-16 11:20:03.239,3.335,lower,0.07874999999999965,0.09437499999999988
2026-08-16 11:20:03.249,3.345,lower,-0.10499999999999954,0.06437499999999985
2026-08-16 11:20:03.259,3.355,lower,0.03750000000000031,0.07874999999999965
2026-08-16 11:20:03.269,3.365,lower,0.07750000000000035,0.09500000000000064
2026-08-16 11:20:03.279,3.375,lower,-0.07562500000000028,0.040000000000000036
2026-08-16 11:20:03.289,3.385,lower,0.08375000000000021,0.0968749999999996
2026-08-16 11:20:03.299,3.395,lower,-0.0824999999999998,0.06000000000000005
2026-08-16 11:20:03.309,3.405,lower,0.025000000000000577,0.06812499999999999
2026-08-16 11:20:03.319,3.415,lower,0.06062499999999971,0.09500000000000064
2026-08-16 11:20:03.329,3.425,lower,-0.0956250000000003,0.04125000000000045
2026-08-16 11:20:03.339,3.435,lower,0.08437499999999987,0.09937500000000044
2026-08-16 11:20:03.349,3.445,lower,-0.10624999999999996,0.06000000000000005
2026-08-16 11:20:03.359,3.455,lower,0.040000000000000036,0.06687500000000068
2026-08-16 11:20:03.369,3.465,lower,0.07687499999999958,0.08937500000000043
2026-08-16 11:20:03.379,3.475,lower,-0.11062499999999975,0.04125000000000045
2026-08-16 11:20:03.389,3.485,lower,0.08687499999999959,0.09500000000000064
2026-08-16 11:20:03.399,3.495,lower,-0.08812500000000001,0.056875000000000675
2026-08-16 11:20:03.409,3.505,lower,0.03249999999999975,0.07562500000000028
2026-08-16 11:20:03.419,3.515,lower,0.053750000000000187,0.09375000000000022
2026-08-16 11:20:03.429,3.525,lower,-0.09187500000000015,0.04249999999999976
2026-08-16 11:20:03.439,3.535,lower,0.08312500000000056,0.09437499999999988
2026-08-16 11:20:03.449,3.545,lower,-0.06874999999999964,0.05312500000000053
2026-08-16 11:20:03.459,3.555,lower,0.04062499999999969,0.07000000000000006
2026-08-16 11:20:03.469,3.565,lower,0.07312500000000055,0.0956250000000003
2026-08-16 11:20:03.479,3.575,lower,-0.1100000000000001,0.03937500000000038
2026-08-16 11:20:03.489,3.585,lower,0.08624999999999994,0.09375000000000022
2026-08-16 11:20:03.499,3.595,lower,-0.08937500000000043,0.06125000000000047
2026-08-16 11:20:03.509,3.605,lower,0.0318750000000001,0.07874999999999965
2026-08-16 11:20:03.519,3.615,lower,0.04937500000000039,0.09312500000000057
2026-08-16 11:20:03.529,3.625,lower,-0.08874999999999966,0.03874999999999962
2026-08-16 11:20:03.539,3.635,lower,0.08562500000000028,0.09624999999999995
2026-08-16 11:20:03.549,3.645,lower,-0.06750000000000034,0.06125000000000047
2026-08-16 11:20:03.559,3.655,lower,0.04812499999999997,0.07687499999999958
2026-08-16 11:20:03.569,3.665,lower,0.07437499999999986,0.09624999999999995
2026-08-16 11:20:03.579,3.675,lower,-0.10375000000000023,0.043125000000000524
2026-08-16 11:20:03.589,3.685,lower,0.08812500000000001,0.10000000000000009
2026-08-16 11:20:03.599,3.695,lower,-0.09750000000000036,0.05624999999999991
2026-08-16 11:20:03.609,3.705,lower,0.03437499999999982,0.06937500000000041
2026-08-16 11:20:03.619,3.715,lower,0.07624999999999993,0.09437499999999988
2026-08-16 11:20:03.629,3.725,lower,-0.08000000000000007,0.04125000000000045
2026-08-16 11:20:03.639,3.735,lower,0.08562500000000028,0.09187500000000015
2026-08-16 11:20:03.649,3.745,lower,-0.0737500000000002,0.055000000000000604
2026-08-16 11:20:03.659,3.755,lower,0.04937500000000039,0.07125000000000048
2026-08-16 11:20:03.669,3.765,lower,0.06125000000000047,0.09437499999999988
2026-08-16 11:20:03.679,3.775,lower,-0.10499999999999954,0.04125000000000045
2026-08-16 11:20:03.689,3.785,lower,0.07750000000000035,0.0912500000000005
2026-08-16 11:20:03.699,3.795,lower,-0.10249999999999981,0.050000000000000044
2026-08-16 11:20:03.709,3.805,lower,0.03062499999999968,0.07187500000000013
2026-08-16 11:20:03.719,3.815,lower,0.07624999999999993,0.08937500000000043
2026-08-16 11:20:03.729,3.825,lower,-0.0824999999999998,0.043125000000000524
2026-08-16 11:20:03.739,3.835,lower,0.08312500000000056,0.0956250000000003
2026-08-16 11:20:03.749,3.845,lower,-0.08000000000000007,0.06500000000000061
2026-08-16 11:20:03.759,3.855,lower,0.04750000000000032,0.07687499999999958
2026-08-16 11:20:03.769,3.865,lower,0.06125000000000047,0.09624999999999995
2026-08-16 11:20:03.779,3.875,lower,-0.10375000000000023,0.03874999999999962
2026-08-16 11:20:03.789,3.885,lower,0.07874999999999965,0.09750000000000036
2026-08-16 11:20:03.799,3.895,lower,-0.10874999999999968,0.06062499999999971
2026-08-16 11:20:03.809,3.905,lower,0.03062499999999968,0.07874999999999965
2026-08-16 11:20:03.819,3.915,lower,0.07249999999999979,0.09624999999999995
2026-08-16 11:20:03.829,3.925,lower,-0.07874999999999965,0.03750000000000031
2026-08-16 11:20:03.839,3.935,lower,0.08187500000000014,0.0968749999999996
2026-08-16 11:20:03.849,3.945,lower,-0.08687499999999959,0.058749999999999636
2026-08-16 11:20:03.859,3.955,lower,0.021250000000000435,0.06750000000000034
2026-08-16 11:20:03.869,3.965,lower,0.05437499999999984,0.0912500000000005
2026-08-16 11:20:03.879,3.975,lower,-0.10187500000000016,0.04062499999999969
2026-08-16 11:20:03.889,3.985,lower,0.08125000000000049,0.0912500000000005
2026-08-16 11:20:03.899,3.995,lower,-0.1143749999999999,0.05562500000000026
2026-08-16 11:20:03.909,4.005,lower,0.03874999999999962,0.07437499999999986
2026-08-16 11:20:03.919,4.015,lower,0.07187500000000013,0.0912500000000005
2026-08-16 11:20:03.929,4.025,lower,-0.11937499999999934,0.04062499999999969
2026-08-16 11:20:03.939,4.035,lower,0.07874999999999965,0.0912500000000005
2026-08-16 11:20:03.949,4.045,lower,-0.09187500000000015,0.050000000000000044
2026-08-16 11:20:03.959,4.055,lower,0.019375000000000364,0.07125000000000048
2026-08-16 11:20:03.969,4.065,lower,0.04874999999999963,0.09187500000000015
2026-08-16 11:20:03.979,4.075,lower,-0.09812500000000002,0.04187500000000011
2026-08-16 11:20:03.989,4.085,lower,0.07874999999999965,0.09375000000000022
2026-08-16 11:20:03.999,4.095,lower,-0.07187500000000013,0.0637500000000002
2026-08-16 11:20:04.009,4.105,lower,0.040000000000000036,0.07312500000000055
2026-08-16 11:20:04.019,4.115,lower,0.06750000000000034,0.09375000000000022
2026-08-16 11:20:04.029,4.125,lower,-0.11249999999999982,0.03624999999999989
2026-08-16 11:20:04.039,4.135,lower,0.08375000000000021,0.09624999999999995
2026-08-16 11:20:04.049,4.145,lower,-0.09937499999999932,0.06000000000000005
2026-08-16 11:20:04.059,4.155,lower,0.025000000000000577,0.07687499999999958
2026-08-16 11:20:04.069,4.165,lower,0.04125000000000045,0.09312500000000057
2026-08-16 11:20:04.079,4.175,lower,-0.09187500000000015,0.03937500000000038
2026-08-16 11:20:04.089,4.185,lower,0.07624999999999993,0.09437499999999988
2026-08-16 11:20:04.099,4.195,lower,-0.08000000000000007,0.0593750000000004
2026-08-16 11:20:04.109,4.205,lower,0.04062499999999969,0.06562500000000027
2026-08-16 11:20:04.119,4.215,lower,0.06125000000000047,0.08874999999999966
2026-08-16 11:20:04.129,4.225,lower,-0.11249999999999982,0.04062499999999969
2026-08-16 11:20:04.139,4.235,lower,0.08125000000000049,0.08937500000000043
2026-08-16 11:20:04.149,4.245,lower,-0.10499999999999954,0.05624999999999991
2026-08-16 11:20:04.159,4.255,lower,0.02687500000000065,0.07000000000000006
2026-08-16 11:20:04.169,4.265,lower,0.07062499999999972,0.0912500000000005
2026-08-16 11:20:04.179,4.275,lower,-0.09187500000000015,0.04125000000000045
2026-08-16 11:20:04.189,4.285,lower,0.07500000000000062,0.09187500000000015
2026-08-16 11:20:04.199,4.295,lower,-0.0824999999999998,0.0506249999999997
2026-08-16 11:20:04.209,4.305,lower,0.03874999999999962,0.06937500000000041
2026-08-16 11:20:04.219,4.315,lower,0.058749999999999636,0.0912500000000005
2026-08-16 11:20:04.229,4.325,lower,-0.11062499999999975,0.040000000000000036
2026-08-16 11:20:04.239,4.335,lower,0.07000000000000006,0.08874999999999966
2026-08-16 11:20:04.249,4.345,lower,-0.10937499999999933,0.061875000000000124
2026-08-16 11:20:04.259,4.355,lower,0.02874999999999961,0.07687499999999958
2026-08-16 11:20:04.269,4.365,lower,0.07249999999999979,0.0924999999999998
2026-08-16 11:20:04.279,4.375,lower,-0.08437499999999987,0.04375000000000018
2026-08-16 11:20:04.289,4.385,lower,0.078125,0.0924999999999998
2026-08-16 11:20:04.299,4.395,lower,-0.08312499999999945,0.06125000000000047
2026-08-16 11:20:04.309,4.405,lower,0.013125000000000497,0.07687499999999958
2026-08-16 11:20:04.319,4.415,lower,0.05437499999999984,0.08874999999999966
2026-08-16 11:20:04.329,4.425,lower,-0.10687499999999961,0.03624999999999989
2026-08-16 11:20:04.339,4.435,lower,0.07687499999999958,0.09437499999999988
2026-08-16 11:20:04.349,4.445,lower,-0.11249999999999982,0.055000000000000604
2026-08-16 11:20:04.359,4.455,lower,0.0318750000000001,0.06750000000000034
2026-08-16 11:20:04.369,4.465,lower,0.07062499999999972,0.09000000000000008
2026-08-16 11:20:04.379,4.475,lower,-0.08187500000000014,0.03937500000000038
2026-08-16 11:20:04.389,4.485,lower,0.07750000000000035,0.08937500000000043
2026-08-16 11:20:04.399,4.495,lower,-0.08937500000000043,0.05624999999999991
2026-08-16 11:20:04.409,4.505,lower,0.017500000000000293,0.06937500000000041
2026-08-16 11:20:04.419,4.515,lower,0.05312500000000053,0.08937500000000043
2026-08-16 11:20:04.429,4.525,lower,-0.10312499999999947,0.03874999999999962
2026-08-16 11:20:04.439,4.535,lower,0.07562500000000028,0.08812500000000001
2026-08-16 11:20:04.449,4.545,lower,-0.1200000000000001,0.055000000000000604
2026-08-16 11:20:04.459,4.555,lower,0.03062499999999968,0.06812499999999999
2026-08-16 11:20:04.469,4.565,lower,0.06750000000000034,0.09187500000000015
2026-08-16 11:20:04.479,4.575,lower,-0.11874999999999969,0.040000000000000036
2026-08-16 11:20:04.489,4.585,lower,0.08000000000000007,0.0912500000000005
2026-08-16 11:20:04.499,4.595,lower,-0.09812500000000002,0.06000000000000005
2026-08-16 11:20:04.509,4.605,lower,0.02375000000000016,0.07562500000000028
2026-08-16 11:20:04.519,4.615,lower,0.04874999999999963,0.09187500000000015
2026-08-16 11:20:04.529,4.625,lower,-0.0968749999999996,0.04562500000000025
2026-08-16 11:20:04.539,4.635,lower,0.07750000000000035,0.09375000000000022
2026-08-16 11:20:04.549,4.645,lower,-0.07312499999999944,0.06312500000000054
2026-08-16 11:20:04.559,4.655,lower,0.038124999999999964,0.07750000000000035
2026-08-16 11:20:04.569,4.665,lower,0.06624999999999992,0.0924999999999998
2026-08-16 11:20:04.579,4.675,lower,-0.11499999999999955,0.03937500000000038
2026-08-16 11:20:04.589,4.685,lower,0.08062499999999972,0.09437499999999988
2026-08-16 11:20:04.599,4.695,lower,-0.10437499999999988,0.06000000000000005
2026-08-16 11:20:04.609,4.705,lower,0.026249999999999885,0.06687500000000068
2026-08-16 11:20:04.619,4.715,lower,0.07312500000000055,0.09187500000000015
2026-08-16 11:20:04.629,4.725,lower,-0.09375000000000022,0.040000000000000036
2026-08-16 11:20:04.639,4.735,lower,0.07937500000000042,0.09812500000000002
2026-08-16 11:20:04.649,4.745,lower,-0.07437499999999986,0.05812499999999998
2026-08-16 11:20:04.659,4.755,lower,0.03687500000000066,0.06874999999999964
2026-08-16 11:20:04.669,4.765,lower,0.061875000000000124,0.09062499999999973
2026-08-16 11:20:04.679,4.775,lower,-0.10874999999999968,0.03750000000000031
2026-08-16 11:20:04.689,4.785,lower,0.07937500000000042,0.08937500000000043
2026-08-16 11:20:04.699,4.795,lower,-0.10499999999999954,0.04874999999999963
2026-08-16 11:20:04.709,4.805,lower,0.02687500000000065,0.07125000000000048
2026-08-16 11:20:04.719,4.815,lower,0.07000000000000006,0.09500000000000064
2026-08-16 11:20:04.729,4.825,lower,-0.08687499999999959,0.040000000000000036
2026-08-16 11:20:04.739,4.835,lower,0.0824999999999998,0.0956250000000003
2026-08-16 11:20:04.749,4.845,lower,-0.08124999999999938,0.06687500000000068
2026-08-16 11:20:04.759,4.855,lower,0.04249999999999976,0.07312500000000055
2026-08-16 11:20:04.769,4.865,lower,0.06000000000000005,0.09437499999999988
2026-08-16 11:20:04.779,4.875,lower,-0.1100000000000001,0.0462499999999999
2026-08-16 11:20:04.789,4.885,lower,0.06937500000000041,0.0956250000000003
2026-08-16 11:20:04.799,4.895,lower,-0.11312499999999948,0.06000000000000005
2026-08-16 11:20:04.809,4.905,lower,0.02874999999999961,0.07687499999999958
2026-08-16 11:20:04.819,4.915,lower,0.06687500000000068,0.08937500000000043
2026-08-16 11:20:04.829,4.925,lower,-0.09000000000000008,0.03562500000000024
2026-08-16 11:20:04.839,4.935,lower,0.07062499999999972,0.09375000000000022
2026-08-16 11:20:04.849,4.945,lower,-0.09937499999999932,0.05624999999999991
2026-08-16 11:20:04.859,4.955,lower,0.001875000000000071,0.0637500000000002
2026-08-16 11:20:04.869,4.965,lower,0.04187500000000011,0.08750000000000036
2026-08-16 11:20:04.879,4.975,lower,-0.12562500000000032,0.03437499999999982
2026-08-16 11:20:04.889,4.985,lower,0.05312500000000053,0.08812500000000001
2026-08-16 11:20:04.899,4.995,lower,-0.13624999999999998,0.0506249999999997
2026-08-16 11:20:04.909,5.005,lower,0.006875000000000631,0.06500000000000061
2026-08-16 11:20:04.919,5.015,lower,0.04187500000000011,0.08312500000000056
2026-08-16 11:20:04.929,5.025,lower,-0.14625,0.029375000000000373
2026-08-16 11:20:04.939,5.035,lower,0.05312500000000053,0.08187500000000014
2026-08-16 11:20:04.949,5.045,lower,-0.1200000000000001,0.045000000000000595
2026-08-16 11:20:04.959,5.055,lower,-0.0031249999999993783,0.0637500000000002
2026-08-16 11:20:04.969,5.065,lower,0.02562500000000023,0.08187500000000014
2026-08-16 11:20:04.979,5.075,lower,-0.12687499999999963,0.035000000000000586
2026-08-16 11:20:04.989,5.085,lower,0.056875000000000675,0.08375000000000021
2026-08-16 11:20:04.999,5.095,lower,-0.14000000000000012,0.04249999999999976
2026-08-16 11:20:05.009,5.105,lower,0.017500000000000293,0.06562500000000027
2026-08-16 11:20:05.019,5.115,lower,0.05125000000000046,0.08562500000000028
2026-08-16 11:20:05.029,5.125,lower,-0.1331249999999995,0.03562500000000024
2026-08-16 11:20:05.039,5.135,lower,0.06624999999999992,0.08812500000000001
2026-08-16 11:20:05.049,5.145,lower,-0.11062499999999975,0.05750000000000033
2026-08-16 11:20:05.059,5.155,lower,0.013750000000000151,0.06937500000000041
2026-08-16 11:20:05.069,5.165,lower,0.03687500000000066,0.0912500000000005
2026-08-16 11:20:05.079,5.175,lower,-0.10000000000000009,0.03624999999999989
2026-08-16 11:20:05.089,5.185,lower,0.07687499999999958,0.0912500000000005
2026-08-16 11:20:05.099,5.195,lower,-0.07562500000000028,0.05812499999999998
2026-08-16 11:20:05.109,5.205,lower,0.040000000000000036,0.06312500000000054
2026-08-16 11:20:05.119,5.215,lower,0.06937500000000041,0.0912500000000005
2026-08-16 11:20:05.129,5.225,lower,-0.10624999999999996,0.03937500000000038
2026-08-16 11:20:05.139,5.235,lower,0.08812500000000001,0.09750000000000036
2026-08-16 11:20:05.149,5.245,lower,-0.0968749999999996,0.05562500000000026
2026-08-16 11:20:05.159,5.255,lower,0.03249999999999975,0.06750000000000034
2026-08-16 11:20:05.169,5.265,lower,0.07562500000000028,0.08874999999999966
2026-08-16 11:20:05.179,5.275,lower,-0.08750000000000036,0.04125000000000045
2026-08-16 11:20:05.189,5.285,lower,0.07874999999999965,0.08750000000000036
2026-08-16 11:20:05.199,5.295,lower,-0.07249999999999979,0.0506249999999997
2026-08-16 11:20:05.209,5.305,lower,0.04750000000000032,0.06812499999999999
2026-08-16 11:20:05.219,5.315,lower,0.06562500000000027,0.09437499999999988
2026-08-16 11:20:05.229,5.325,lower,-0.10499999999999954,0.03687500000000066
2026-08-16 11:20:05.239,5.335,lower,0.078125,0.08750000000000036
2026-08-16 11:20:05.249,5.345,lower,-0.09937499999999932,0.055000000000000604
2026-08-16 11:20:05.259,5.355,lower,0.040000000000000036,0.07624999999999993
2026-08-16 11:20:05.269,5.365,lower,0.08187500000000014,0.09500000000000064
2026-08-16 11:20:05.279,5.375,lower,-0.08000000000000007,0.04437499999999983
2026-08-16 11:20:05.289,5.385,lower,0.08937500000000043,0.0968749999999996
2026-08-16 11:20:05.299,5.395,lower,-0.0737500000000002,0.0637500000000002
2026-08-16 11:20:05.309,5.405,lower,0.05312500000000053,0.07562500000000028
2026-08-16 11:20:05.319,5.415,lower,0.06562500000000027,0.09437499999999988
2026-08-16 11:20:05.329,5.425,lower,-0.09750000000000036,0.03937500000000038
2026-08-16 11:20:05.339,5.435,lower,0.08312500000000056,0.0968749999999996
2026-08-16 11:20:05.349,5.445,lower,-0.10187500000000016,0.06125000000000047
2026-08-16 11:20:05.359,5.455,lower,0.04187500000000011,0.078125
2026-08-16 11:20:05.369,5.465,lower,0.07874999999999965,0.0912500000000005
2026-08-16 11:20:05.379,5.475,lower,-0.07562500000000028,0.03937500000000038
2026-08-16 11:20:05.389,5.485,lower,0.08624999999999994,0.09812500000000002
2026-08-16 11:20:05.399,5.495,lower,-0.08375000000000021,0.05812499999999998
2026-08-16 11:20:05.409,5.505,lower,0.017500000000000293,0.06562500000000027
2026-08-16 11:20:05.419,5.515,lower,0.053750000000000187,0.09187500000000015
2026-08-16 11:20:05.429,5.525,lower,-0.1056250000000003,0.03874999999999962
2026-08-16 11:20:05.439,5.535,lower,0.06562500000000027,0.08624999999999994
2026-08-16 11:20:05.449,5.545,lower,-0.12249999999999983,0.0506249999999997
2026-08-16 11:20:05.459,5.555,lower,0.028124999999999956,0.06437499999999985
2026-08-16 11:20:05.469,5.565,lower,0.0593750000000004,0.08750000000000036
2026-08-16 11:20:05.479,5.575,lower,-0.13062499999999977,0.03750000000000031
2026-08-16 11:20:05.489,5.585,lower,0.0737500000000002,0.0912500000000005
2026-08-16 11:20:05.499,5.595,lower,-0.10375000000000023,0.0506249999999997
2026-08-16 11:20:05.509,5.605,lower,0.014374999999999805,0.06750000000000034
2026-08-16 11:20:05.519,5.615,lower,0.045000000000000595,0.08937500000000043
2026-08-16 11:20:05.529,5.625,lower,-0.11062499999999975,0.03874999999999962
2026-08-16 11:20:05.539,5.635,lower,0.06937500000000041,0.08874999999999966
2026-08-16 11:20:05.549,5.645,lower,-0.13124999999999942,0.058749999999999636
2026-08-16 11:20:05.559,5.655,lower,0.023125000000000506,0.07125000000000048
2026-08-16 11:20:05.569,5.665,lower,0.05562500000000026,0.08624999999999994
2026-08-16 11:20:05.579,5.675,lower,-0.1275000000000004,0.03375000000000017
2026-08-16 11:20:05.589,5.685,lower,0.06687500000000068,0.0924999999999998
2026-08-16 11:20:05.599,5.695,lower,-0.11499999999999955,0.05750000000000033
2026-08-16 11:20:05.609,5.705,lower,0.010000000000000009,0.07125000000000048
2026-08-16 11:20:05.619,5.715,lower,0.027500000000000302,0.08624999999999994
2026-08-16 11:20:05.629,5.725,lower,-0.11624999999999996,0.03437499999999982
2026-08-16 11:20:05.639,5.735,lower,0.06062499999999971,0.08750000000000036
2026-08-16 11:20:05.649,5.745,lower,-0.09437499999999988,0.0506249999999997
2026-08-16 11:20:05.659,5.755,lower,0.020000000000000018,0.06062499999999971
2026-08-16 11:20:05.669,5.765,lower,0.04437499999999983,0.08187500000000014
2026-08-16 11:20:05.679,5.775,lower,-0.1275000000000004,0.03249999999999975
2026-08-16 11:20:05.689,5.785,lower,0.06624999999999992,0.08500000000000063
2026-08-16 11:20:05.699,5.795,lower,-0.11687499999999962,0.05125000000000046
2026-08-16 11:20:05.709,5.805,lower,0.016249999999999876,0.061875000000000124
2026-08-16 11:20:05.719,5.815,lower,0.06000000000000005,0.08312500000000056
2026-08-16 11:20:05.729,5.825,lower,-0.10499999999999954,0.03375000000000017
2026-08-16 11:20:05.739,5.835,lower,0.06750000000000034,0.08687499999999959
2026-08-16 11:20:05.749,5.845,lower,-0.09812500000000002,0.04562500000000025
2026-08-16 11:20:05.759,5.855,lower,0.02375000000000016,0.06312500000000054
2026-08-16 11:20:05.769,5.865,lower,0.045000000000000595,0.08624999999999994
2026-08-16 11:20:05.779,5.875,lower,-0.12812500000000004,0.033125000000000515
2026-08-16 11:20:05.789,5.885,lower,0.050000000000000044,0.08687499999999959
2026-08-16 11:20:05.799,5.895,lower,-0.13062499999999977,0.053750000000000187
2026-08-16 11:20:05.809,5.905,lower,0.010000000000000009,0.06437499999999985
2026-08-16 11:20:05.819,5.915,lower,0.05812499999999998,0.08562500000000028
2026-08-16 11:20:05.829,5.925,lower,-0.09812500000000002,0.030000000000000027
2026-08-16 11:20:05.839,5.935,lower,0.07125000000000048,0.08937500000000043
2026-08-16 11:20:05.849,5.945,lower,-0.08687499999999959,0.05624999999999991
2026-08-16 11:20:05.859,5.955,lower,0.04874999999999963,0.07624999999999993
2026-08-16 11:20:05.869,5.965,lower,0.06687500000000068,0.08687499999999959
2026-08-16 11:20:05.879,5.975,lower,-0.0968749999999996,0.03624999999999989
2026-08-16 11:20:05.889,5.985,lower,0.08812500000000001,0.09312500000000057
2026-08-16 11:20:05.899,5.995,lower,-0.0968749999999996,0.05437499999999984
2026-08-16 11:20:05.909,6.005,lower,0.04937500000000039,0.07000000000000006
2026-08-16 11:20:05.919,6.015,lower,0.09500000000000064,0.09375000000000022
2026-08-16 11:20:05.929,6.025,lower,-0.06000000000000005,0.04062499999999969
2026-08-16 11:20:05.939,6.035,lower,0.10312500000000058,0.0924999999999998
2026-08-16 11:20:05.949,6.045,lower,-0.06249999999999978,0.056875000000000675
2026-08-16 11:20:05.959,6.055,lower,0.050000000000000044,0.07187500000000013
2026-08-16 11:20:05.969,6.065,lower,0.08500000000000063,0.09312500000000057
2026-08-16 11:20:05.979,6.075,lower,-0.06937500000000041,0.04437499999999983
2026-08-16 11:20:05.989,6.085,lower,0.11375000000000024,0.09624999999999995
2026-08-16 11:20:05.999,6.095,lower,-0.08000000000000007,0.06125000000000047
2026-08-16 11:20:06.009,6.105,lower,0.06812499999999999,0.08062499999999972
2026-08-16 11:20:06.019,6.115,lower,0.10687499999999961,0.0968749999999996
2026-08-16 11:20:06.029,6.125,lower,-0.08062499999999972,0.051875000000000115
2026-08-16 11:20:06.039,6.135,lower,0.11750000000000038,0.09937500000000044
2026-08-16 11:20:06.049,6.145,lower,-0.06000000000000005,0.06812499999999999
2026-08-16 11:20:06.059,6.155,lower,0.05437499999999984,0.08000000000000007
2026-08-16 11:20:06.069,6.165,lower,0.0824999999999998,0.1012500000000005
2026-08-16 11:20:06.079,6.175,lower,-0.06249999999999978,0.04937500000000039
2026-08-16 11:20:06.089,6.185,lower,0.11062499999999975,0.09937500000000044
2026-08-16 11:20:06.099,6.195,lower,-0.04062499999999969,0.06687500000000068
2026-08-16 11:20:06.109,6.205,lower,0.07000000000000006,0.08062499999999972
2026-08-16 11:20:06.119,6.215,lower,0.10062499999999974,0.09937500000000044
2026-08-16 11:20:06.129,6.225,lower,-0.08062499999999972,0.04562500000000025
2026-08-16 11:20:06.139,6.235,lower,0.11312500000000059,0.10062499999999974
2026-08-16 11:20:06.149,6.245,lower,-0.07124999999999937,0.06500000000000061
2026-08-16 11:20:06.159,6.255,lower,0.05750000000000033,0.07312500000000055
2026-08-16 11:20:06.169,6.265,lower,0.10437499999999988,0.09750000000000036
2026-08-16 11:20:06.179,6.275,lower,-0.06624999999999992,0.04375000000000018
2026-08-16 11:20:06.189,6.285,lower,0.10249999999999981,0.09375000000000022
2026-08-16 11:20:06.199,6.295,lower,-0.05124999999999935,0.056875000000000675
2026-08-16 11:20:06.209,6.305,lower,0.06562500000000027,0.07000000000000006
2026-08-16 11:20:06.219,6.315,lower,0.08937500000000043,0.09375000000000022
2026-08-16 11:20:06.229,6.325,lower,-0.08874999999999966,0.04187500000000011
2026-08-16 11:20:06.239,6.335,lower,0.10437499999999988,0.09312500000000057
2026-08-16 11:20:06.249,6.345,lower,-0.08124999999999938,0.0593750000000004
2026-08-16 11:20:06.259,6.355,lower,0.05312500000000053,0.07624999999999993
2026-08-16 11:20:06.269,6.365,lower,0.09500000000000064,0.09812500000000002
2026-08-16 11:20:06.279,6.375,lower,-0.0649999999999995,0.04874999999999963
2026-08-16 11:20:06.289,6.385,lower,0.10312500000000058,0.09937500000000044
2026-08-16 11:20:06.299,6.395,lower,-0.058749999999999636,0.07062499999999972
2026-08-16 11:20:06.309,6.405,lower,0.06249999999999978,0.07937500000000042
2026-08-16 11:20:06.319,6.415,lower,0.08187500000000014,0.10062499999999974
2026-08-16 11:20:06.329,6.425,lower,-0.09000000000000008,0.046875000000000666
2026-08-16 11:20:06.339,6.435,lower,0.09062499999999973,0.09937500000000044
2026-08-16 11:20:06.349,6.445,lower,-0.08812500000000001,0.06437499999999985
2026-08-16 11:20:06.359,6.455,lower,0.04750000000000032,0.08125000000000049
2026-08-16 11:20:06.369,6.465,lower,0.08624999999999994,0.0968749999999996
2026-08-16 11:20:06.379,6.475,lower,-0.06437499999999985,0.04062499999999969
2026-08-16 11:20:06.389,6.485,lower,0.0956250000000003,0.10000000000000009
2026-08-16 11:20:06.399,6.495,lower,-0.07437499999999986,0.061875000000000124
2026-08-16 11:20:06.409,6.505,lower,0.02687500000000065,0.06562500000000027
2026-08-16 11:20:06.419,6.515,lower,0.06624999999999992,0.0924999999999998
2026-08-16 11:20:06.429,6.525,lower,-0.09937499999999932,0.040000000000000036
2026-08-16 11:20:06.439,6.535,lower,0.07937500000000042,0.09812500000000002
2026-08-16 11:20:06.449,6.545,lower,-0.11187500000000017,0.058749999999999636
2026-08-16 11:20:06.459,6.555,lower,0.0318750000000001,0.06874999999999964
2026-08-16 11:20:06.469,6.565,lower,0.07249999999999979,0.0912500000000005
2026-08-16 11:20:06.479,6.575,lower,-0.08499999999999952,0.04062499999999969
2026-08-16 11:20:06.489,6.585,lower,0.07500000000000062,0.0912500000000005
2026-08-16 11:20:06.499,6.595,lower,-0.09750000000000036,0.053750000000000187
2026-08-16 11:20:06.509,6.605,lower,0.013750000000000151,0.06874999999999964
2026-08-16 11:20:06.519,6.615,lower,0.04375000000000018,0.09500000000000064
2026-08-16 11:20:06.529,6.625,lower,-0.11499999999999955,0.04187500000000011
2026-08-16 11:20:06.539,6.635,lower,0.06125000000000047,0.09062499999999973
2026-08-16 11:20:06.549,6.645,lower,-0.13562500000000033,0.05125000000000046
2026-08-16 11:20:06.559,6.655,lower,0.016249999999999876,0.07125000000000048
2026-08-16 11:20:06.569,6.665,lower,0.04874999999999963,0.08500000000000063
2026-08-16 11:20:06.579,6.675,lower,-0.14249999999999985,0.040000000000000036
2026-08-16 11:20:06.589,6.685,lower,0.05437499999999984,0.09187500000000015
2026-08-16 11:20:06.599,6.695,lower,-0.12124999999999941,0.05812499999999998
2026-08-16 11:20:06.609,6.705,lower,-0.001875000000000071,0.06874999999999964
2026-08-16 11:20:06.619,6.715,lower,0.013750000000000151,0.08624999999999994
2026-08-16 11:20:06.629,6.725,lower,-0.1275000000000004,0.035000000000000586
2026-08-16 11:20:06.639,6.735,lower,0.04562500000000025,0.08812500000000001
2026-08-16 11:20:06.649,6.745,lower,-0.10312499999999947,0.053750000000000187
2026-08-16 11:20:06.659,6.755,lower,0.011250000000000426,0.0593750000000004
2026-08-16 11:20:06.669,6.765,lower,0.03437499999999982,0.08312500000000056
2026-08-16 11:20:06.679,6.775,lower,-0.14062499999999978,0.0318750000000001
2026-08-16 11:20:06.689,6.785,lower,0.055000000000000604,0.08937500000000043
2026-08-16 11:20:06.699,6.795,lower,-0.1287499999999997,0.051875000000000115
2026-08-16 11:20:06.709,6.805,lower,-0.0006249999999996536,0.061875000000000124
2026-08-16 11:20:06.719,6.815,lower,0.051875000000000115,0.08562500000000028
2026-08-16 11:20:06.729,6.825,lower,-0.1143749999999999,0.03562500000000024
2026-08-16 11:20:06.739,6.835,lower,0.058749999999999636,0.08687499999999959
2026-08-16 11:20:06.749,6.845,lower,-0.0924999999999998,0.0506249999999997
2026-08-16 11:20:06.759,6.855,lower,0.025000000000000577,0.06750000000000034
2026-08-16 11:20:06.769,6.865,lower,0.051875000000000115,0.09000000000000008
2026-08-16 11:20:06.779,6.875,lower,-0.11812500000000004,0.03937500000000038
2026-08-16 11:20:06.789,6.885,lower,0.07249999999999979,0.08937500000000043
2026-08-16 11:20:06.799,6.895,lower,-0.1143749999999999,0.046875000000000666
2026-08-16 11:20:06.809,6.905,lower,0.02375000000000016,0.07062499999999972
2026-08-16 11:20:06.819,6.915,lower,0.06812499999999999,0.09187500000000015
2026-08-16 11:20:06.829,6.925,lower,-0.0924999999999998,0.03687500000000066
2026-08-16 11:20:06.839,6.935,lower,0.07500000000000062,0.08937500000000043
2026-08-16 11:20:06.849,6.945,lower,-0.08499999999999952,0.06000000000000005
2026-08-16 11:20:06.859,6.955,lower,0.045000000000000595,0.07624999999999993
2026-08-16 11:20:06.869,6.965,lower,0.06500000000000061,0.09312500000000057
2026-08-16 11:20:06.879,6.975,lower,-0.0956250000000003,0.03562500000000024
2026-08-16 11:20:06.889,6.985,lower,0.08937500000000043,0.0968749999999996
2026-08-16 11:20:06.899,6.995,lower,-0.09124999999999939,0.06062499999999971
2026-08-16 11:20:06.909,7.005,lower,0.05562500000000026,0.07937500000000042
2026-08-16 11:20:06.919,7.015,lower,0.09624999999999995,0.0956250000000003
2026-08-16 11:20:06.929,7.025,lower,-0.05624999999999991,0.04125000000000045
2026-08-16 11:20:06.939,7.035,lower,0.10687499999999961,0.09750000000000036
2026-08-16 11:20:06.949,7.045,lower,-0.0637500000000002,0.06000000000000005
2026-08-16 11:20:06.959,7.055,lower,0.043125000000000524,0.06687500000000068
2026-08-16 11:20:06.969,7.065,lower,0.0824999999999998,0.0912500000000005
2026-08-16 11:20:06.979,7.075,lower,-0.07874999999999965,0.04375000000000018
2026-08-16 11:20:06.989,7.085,lower,0.10375000000000023,0.09312500000000057
2026-08-16 11:20:06.999,7.095,lower,-0.08562500000000028,0.061875000000000124
2026-08-16 11:20:07.009,7.105,lower,0.056875000000000675,0.07874999999999965
2026-08-16 11:20:07.019,7.115,lower,0.09312500000000057,0.0956250000000003
2026-08-16 11:20:07.029,7.125,lower,-0.09124999999999939,0.04874999999999963
2026-08-16 11:20:07.039,7.135,lower,0.10375000000000023,0.09812500000000002
2026-08-16 11:20:07.049,7.145,lower,-0.0737500000000002,0.05812499999999998
2026-08-16 11:20:07.059,7.155,lower,0.04187500000000011,0.07624999999999993
2026-08-16 11:20:07.069,7.165,lower,0.06624999999999992,0.09500000000000064
2026-08-16 11:20:07.079,7.175,lower,-0.08187500000000014,0.0462499999999999
2026-08-16 11:20:07.089,7.185,lower,0.09437499999999988,0.09500000000000064
2026-08-16 11:20:07.099,7.195,lower,-0.10937499999999933,0.06062499999999971
2026-08-16 11:20:07.109,7.205,lower,0.03624999999999989,0.07000000000000006
2026-08-16 11:20:07.119,7.215,lower,0.05624999999999991,0.08750000000000036
2026-08-16 11:20:07.129,7.225,lower,-0.1418750000000002,0.031250000000000444
2026-08-16 11:20:07.139,7.235,lower,0.04249999999999976,0.07687499999999958
2026-08-16 11:20:07.149,7.245,lower,-0.15499999999999958,0.04249999999999976
2026-08-16 11:20:07.159,7.255,lower,-0.04187500000000011,0.05437499999999984
2026-08-16 11:20:07.169,7.265,lower,-0.033124999999999405,0.06062499999999971
2026-08-16 11:20:07.179,7.275,lower,-0.1793749999999994,0.009375000000000355
2026-08-16 11:20:07.189,7.285,lower,-0.011249999999999316,0.06062499999999971
2026-08-16 11:20:07.199,7.295,lower,-0.17625000000000002,0.02187500000000009
2026-08-16 11:20:07.209,7.305,lower,-0.06124999999999936,0.023125000000000506
2026-08-16 11:20:07.219,7.315,lower,-0.04437499999999983,0.04562500000000025
2026-08-16 11:20:07.229,7.325,lower,-0.22812500000000013,-0.008749999999999591
2026-08-16 11:20:07.239,7.335,lower,-0.044999999999999485,0.03437499999999982
2026-08-16 11:20:07.249,7.345,lower,-0.234375,0.0
2026-08-16 11:20:07.259,7.355,lower,-0.10187500000000016,0.011250000000000426
2026-08-16 11:20:07.269,7.365,lower,-0.05750000000000033,0.029375000000000373
2026-08-16 11:20:07.279,7.375,lower,-0.21625000000000005,-0.021249999999999325
2026-08-16 11:20:07.289,7.385,lower,-0.03937500000000038,0.02687500000000065
2026-08-16 11:20:07.299,7.395,lower,-0.1924999999999999,-0.008124999999999938
2026-08-16 11:20:07.309,7.405,lower,-0.0649999999999995,0.013125000000000497
2026-08-16 11:20:07.319,7.415,lower,-0.03750000000000031,0.031250000000000444
2026-08-16 11:20:07.329,7.425,lower,-0.19625000000000004,-0.01187500000000008
2026-08-16 11:20:07.339,7.435,lower,-0.005625000000000213,0.038124999999999964
2026-08-16 11:20:07.349,7.445,lower,-0.18187500000000023,0.013750000000000151
2026-08-16 11:20:07.359,7.455,lower,-0.034999999999999476,0.025000000000000577
2026-08-16 11:20:07.369,7.465,lower,0.014374999999999805,0.046875000000000666
2026-08-16 11:20:07.379,7.475,lower,-0.14000000000000012,-0.004999999999999449
2026-08-16 11:20:07.389,7.485,lower,0.03375000000000017,0.050000000000000044
2026-08-16 11:20:07.399,7.495,lower,-0.12812500000000004,0.01687500000000064
2026-08-16 11:20:07.409,7.505,lower,0.006875000000000631,0.035000000000000586
2026-08-16 11:20:07.419,7.515,lower,0.025000000000000577,0.055000000000000604
2026-08-16 11:20:07.429,7.525,lower,-0.13249999999999984,0.0024999999999997247
2026-08-16 11:20:07.439,7.535,lower,0.05312500000000053,0.06062499999999971
2026-08-16 11:20:07.449,7.545,lower,-0.1318750000000002,0.029375000000000373
2026-08-16 11:20:07.459,7.555,lower,0.022499999999999742,0.040000000000000036
2026-08-16 11:20:07.469,7.565,lower,0.0637500000000002,0.06500000000000061
2026-08-16 11:20:07.479,7.575,lower,-0.08312499999999945,0.01687500000000064
2026-08-16 11:20:07.489,7.585,lower,0.08624999999999994,0.06687500000000068
2026-08-16 11:20:07.499,7.595,lower,-0.08562500000000028,0.04125000000000045
2026-08-16 11:20:07.509,7.605,lower,0.028124999999999956,0.05812499999999998
2026-08-16 11:20:07.519,7.615,lower,0.06624999999999992,0.07937500000000042
2026-08-16 11:20:07.529,7.625,lower,-0.08624999999999994,0.03249999999999975
2026-08-16 11:20:07.539,7.635,lower,0.09187500000000015,0.08375000000000021
2026-08-16 11:20:07.549,7.645,lower,-0.09750000000000036,0.046875000000000666
2026-08-16 11:20:07.559,7.655,lower,0.055000000000000604,0.06312500000000054
2026-08-16 11:20:07.569,7.665,lower,0.0912500000000005,0.09312500000000057
2026-08-16 11:20:07.579,7.675,lower,-0.09312499999999946,0.04062499999999969
2026-08-16 11:20:07.589,7.685,lower,0.10500000000000065,0.0912500000000005
2026-08-16 11:20:07.599,7.695,lower,-0.07000000000000006,0.06500000000000061
2026-08-16 11:20:07.609,7.705,lower,0.05125000000000046,0.08000000000000007
2026-08-16 11:20:07.619,7.715,lower,0.078125,0.0956250000000003
2026-08-16 11:20:07.629,7.725,lower,-0.06562500000000027,0.05624999999999991
2026-08-16 11:20:07.639,7.735,lower,0.11750000000000038,0.10375000000000023
2026-08-16 11:20:07.649,7.745,lower,-0.08062499999999972,0.07624999999999993
2026-08-16 11:20:07.659,7.755,lower,0.0824999999999998,0.09187500000000015
2026-08-16 11:20:07.669,7.765,lower,0.11187500000000017,0.10812500000000003
2026-08-16 11:20:07.679,7.775,lower,-0.06687499999999957,0.06000000000000005
2026-08-16 11:20:07.689,7.785,lower,0.12812500000000004,0.11062499999999975
2026-08-16 11:20:07.699,7.795,lower,-0.05750000000000033,0.07249999999999979
2026-08-16 11:20:07.709,7.805,lower,0.07062499999999972,0.08562500000000028
2026-08-16 11:20:07.719,7.815,lower,0.08187500000000014,0.10750000000000037
2026-08-16 11:20:07.729,7.825,lower,-0.04874999999999963,0.06000000000000005
2026-08-16 11:20:07.739,7.835,lower,0.1243749999999999,0.10687499999999961
2026-08-16 11:20:07.749,7.845,lower,-0.03874999999999962,0.07624999999999993
2026-08-16 11:20:07.759,7.855,lower,0.08125000000000049,0.08375000000000021
2026-08-16 11:20:07.769,7.865,lower,0.10249999999999981,0.10687499999999961
2026-08-16 11:20:07.779,7.875,lower,-0.07312499999999944,0.06062499999999971
2026-08-16 11:20:07.789,7.885,lower,0.11937500000000045,0.1056250000000003
2026-08-16 11:20:07.799,7.895,lower,-0.07249999999999979,0.06937500000000041
2026-08-16 11:20:07.809,7.905,lower,0.06000000000000005,0.08874999999999966
2026-08-16 11:20:07.819,7.915,lower,0.10624999999999996,0.10624999999999996
2026-08-16 11:20:07.829,7.925,lower,-0.0506249999999997,0.05750000000000033
2026-08-16 11:20:07.839,7.935,lower,0.11062499999999975,0.10750000000000037
2026-08-16 11:20:07.849,7.945,lower,-0.054999999999999494,0.07874999999999965
2026-08-16 11:20:07.859,7.955,lower,0.07437499999999986,0.08624999999999994
2026-08-16 11:20:07.869,7.965,lower,0.09062499999999973,0.10812500000000003
2026-08-16 11:20:07.879,7.975,lower,-0.07937500000000042,0.05812499999999998
2026-08-16 11:20:07.889,7.985,lower,0.10375000000000023,0.10624999999999996
2026-08-16 11:20:07.899,7.995,lower,-0.08124999999999938,0.07624999999999993
2026-08-16 11:20:07.909,8.005,lower,0.06000000000000005,0.0912500000000005
2026-08-16 11:20:07.919,8.015,lower,0.09937500000000044,0.10500000000000065
2026-08-16 11:20:07.929,8.025,lower,-0.056874999999999565,0.05249999999999977
2026-08-16 11:20:07.939,8.035,lower,0.1056250000000003,0.10937500000000044
2026-08-16 11:20:07.949,8.045,lower,-0.0593750000000004,0.07312500000000055
2026-08-16 11:20:07.959,8.055,lower,0.06687500000000068,0.07500000000000062
2026-08-16 11:20:07.969,8.065,lower,0.07937500000000042,0.10062499999999974
2026-08-16 11:20:07.979,8.075,lower,-0.0824999999999998,0.053750000000000187
2026-08-16 11:20:07.989,8.085,lower,0.09874999999999967,0.1056250000000003
2026-08-16 11:20:07.999,8.095,lower,-0.08874999999999966,0.06874999999999964
2026-08-16 11:20:08.009,8.105,lower,0.05750000000000033,0.08062499999999972
2026-08-16 11:20:08.019,8.115,lower,0.09375000000000022,0.10312500000000058
2026-08-16 11:20:08.029,8.125,lower,-0.05437499999999984,0.053750000000000187
2026-08-16 11:20:08.039,8.135,lower,0.1012500000000005,0.10249999999999981
2026-08-16 11:20:08.049,8.145,lower,-0.07062499999999972,0.06812499999999999
2026-08-16 11:20:08.059,8.155,lower,0.038124999999999964,0.0824999999999998
2026-08-16 11:20:08.069,8.165,lower,0.06812499999999999,0.10249999999999981
2026-08-16 11:20:08.079,8.175,lower,-0.08124999999999938,0.05624999999999991
2026-08-16 11:20:08.089,8.185,lower,0.0956250000000003,0.10249999999999981
2026-08-16 11:20:08.099,8.195,lower,-0.09750000000000036,0.07624999999999993
2026-08-16 11:20:08.109,8.205,lower,0.05125000000000046,0.08562500000000028
2026-08-16 11:20:08.119,8.215,lower,0.08437499999999987,0.10000000000000009
2026-08-16 11:20:08.129,8.225,lower,-0.1012499999999994,0.05624999999999991
2026-08-16 11:20:08.139,8.235,lower,0.09937500000000044,0.10187500000000016
2026-08-16 11:20:08.149,8.245,lower,-0.08375000000000021,0.07125000000000048
2026-08-16 11:20:08.159,8.255,lower,0.03562500000000024,0.08437499999999987
2026-08-16 11:20:08.169,8.265,lower,0.056875000000000675,0.09937500000000044
2026-08-16 11:20:08.179,8.275,lower,-0.0824999999999998,0.04750000000000032
2026-08-16 11:20:08.189,8.285,lower,0.09187500000000015,0.10000000000000009
2026-08-16 11:20:08.199,8.295,lower,-0.06312499999999943,0.06687500000000068
2026-08-16 11:20:08.209,8.305,lower,0.050000000000000044,0.07249999999999979
2026-08-16 11:20:08.219,8.315,lower,0.078125,0.09437499999999988
2026-08-16 11:20:08.229,8.325,lower,-0.1012499999999994,0.04874999999999963
2026-08-16 11:20:08.239,8.335,lower,0.09187500000000015,0.10000000000000009
2026-08-16 11:20:08.249,8.345,lower,-0.08750000000000036,0.06874999999999964
2026-08-16 11:20:08.259,8.355,lower,0.03937500000000038,0.08062499999999972
2026-08-16 11:20:08.269,8.365,lower,0.05125000000000046,0.1012500000000005
2026-08-16 11:20:08.279,8.375,lower,-0.07562500000000028,0.053750000000000187
2026-08-16 11:20:08.289,8.385,lower,0.09187500000000015,0.1012500000000005
2026-08-16 11:20:08.299,8.395,lower,-0.06437499999999985,0.06687500000000068
2026-08-16 11:20:08.309,8.405,lower,0.05312500000000053,0.078125
2026-08-16 11:20:08.319,8.415,lower,0.07062499999999972,0.09937500000000044
2026-08-16 11:20:08.329,8.425,lower,-0.10062499999999974,0.050000000000000044
2026-08-16 11:20:08.339,8.435,lower,0.0912500000000005,0.0968749999999996
2026-08-16 11:20:08.349,8.445,lower,-0.09812500000000002,0.061875000000000124
2026-08-16 11:20:08.359,8.455,lower,0.035000000000000586,0.08000000000000007
2026-08-16 11:20:08.369,8.465,lower,0.07687499999999958,0.0968749999999996
2026-08-16 11:20:08.379,8.475,lower,-0.08124999999999938,0.0506249999999997
2026-08-16 11:20:08.389,8.485,lower,0.08500000000000063,0.10062499999999974
2026-08-16 11:20:08.399,8.495,lower,-0.078125,0.07062499999999972
2026-08-16 11:20:08.409,8.505,lower,0.04437499999999983,0.08062499999999972
2026-08-16 11:20:08.419,8.515,lower,0.05812499999999998,0.09500000000000064
2026-08-16 11:20:08.429,8.525,lower,-0.10437499999999988,0.04437499999999983
2026-08-16 11:20:08.439,8.535,lower,0.07874999999999965,0.09375000000000022
2026-08-16 11:20:08.449,8.545,lower,-0.10687499999999961,0.06312500000000054
2026-08-16 11:20:08.459,8.555,lower,0.0318750000000001,0.06874999999999964
2026-08-16 11:20:08.469,8.565,lower,0.0737500000000002,0.0956250000000003
2026-08-16 11:20:08.479,8.575,lower,-0.08000000000000007,0.04437499999999983
2026-08-16 11:20:08.489,8.585,lower,0.08500000000000063,0.09812500000000002
2026-08-16 11:20:08.499,8.595,lower,-0.08562500000000028,0.06312500000000054
2026-08-16 11:20:08.509,8.605,lower,0.019375000000000364,0.07000000000000006
2026-08-16 11:20:08.519,8.615,lower,0.055000000000000604,0.0924999999999998
2026-08-16 11:20:08.529,8.625,lower,-0.09937499999999932,0.04874999999999963
2026-08-16 11:20:08.539,8.635,lower,0.07500000000000062,0.09062499999999973
2026-08-16 11:20:08.549,8.645,lower,-0.10874999999999968,0.06125000000000047
2026-08-16 11:20:08.559,8.655,lower,0.03624999999999989,0.0737500000000002
2026-08-16 11:20:08.569,8.665,lower,0.07062499999999972,0.09437499999999988
2026-08-16 11:20:08.579,8.675,lower,-0.07187500000000013,0.04812499999999997
2026-08-16 11:20:08.589,8.685,lower,0.07874999999999965,0.09500000000000064
2026-08-16 11:20:08.599,8.695,lower,-0.09124999999999939,0.05562500000000026
2026-08-16 11:20:08.609,8.705,lower,0.023125000000000506,0.07500000000000062
2026-08-16 11:20:08.619,8.715,lower,0.0506249999999997,0.09500000000000064
2026-08-16 11:20:08.629,8.725,lower,-0.0968749999999996,0.04750000000000032
2026-08-16 11:20:08.639,8.735,lower,0.08187500000000014,0.09437499999999988
2026-08-16 11:20:08.649,8.745,lower,-0.1143749999999999,0.06937500000000041
2026-08-16 11:20:08.659,8.755,lower,0.03624999999999989,0.08125000000000049
2026-08-16 11:20:08.669,8.765,lower,0.06624999999999992,0.08812500000000001
2026-08-16 11:20:08.679,8.775,lower,-0.11687499999999962,0.03874999999999962
2026-08-16 11:20:08.689,8.785,lower,0.08000000000000007,0.09750000000000036
2026-08-16 11:20:08.699,8.795,lower,-0.09937499999999932,0.061875000000000124
2026-08-16 11:20:08.709,8.805,lower,0.02375000000000016,0.07249999999999979
2026-08-16 11:20:08.719,8.815,lower,0.038124999999999964,0.0924999999999998
2026-08-16 11:20:08.729,8.825,lower,-0.09499999999999953,0.04375000000000018
2026-08-16 11:20:08.739,8.835,lower,0.07750000000000035,0.09500000000000064
2026-08-16 11:20:08.749,8.845,lower,-0.07874999999999965,0.0593750000000004
2026-08-16 11:20:08.759,8.855,lower,0.03750000000000031,0.06874999999999964
2026-08-16 11:20:08.769,8.865,lower,0.061875000000000124,0.08812500000000001
2026-08-16 11:20:08.779,8.875,lower,-0.11249999999999982,0.04437499999999983
2026-08-16 11:20:08.789,8.885,lower,0.08125000000000049,0.09062499999999973
2026-08-16 11:20:08.799,8.895,lower,-0.10437499999999988,0.05750000000000033
2026-08-16 11:20:08.809,8.905,lower,0.023125000000000506,0.07125000000000048
2026-08-16 11:20:08.819,8.915,lower,0.07062499999999972,0.08937500000000043
2026-08-16 11:20:08.829,8.925,lower,-0.09062499999999973,0.046875000000000666
2026-08-16 11:20:08.839,8.935,lower,0.0737500000000002,0.09312500000000057
2026-08-16 11:20:08.849,8.945,lower,-0.0824999999999998,0.055000000000000604
2026-08-16 11:20:08.859,8.955,lower,0.03562500000000024,0.07312500000000055
2026-08-16 11:20:08.869,8.965,lower,0.05624999999999991,0.0924999999999998
2026-08-16 11:20:08.879,8.975,lower,-0.10812500000000003,0.046875000000000666
2026-08-16 11:20:08.889,8.985,lower,0.08062499999999972,0.0924999999999998
2026-08-16 11:20:08.899,8.995,lower,-0.1112499999999994,0.06500000000000061
2026-08-16 11:20:08.909,9.005,lower,0.029375000000000373,0.07937500000000042
2026-08-16 11:20:08.919,9.015,lower,0.06562500000000027,0.08874999999999966
2026-08-16 11:20:08.929,9.025,lower,-0.08812500000000001,0.03937500000000038
2026-08-16 11:20:08.939,9.035,lower,0.07562500000000028,0.09062499999999973
2026-08-16 11:20:08.949,9.045,lower,-0.09000000000000008,0.06249999999999978
2026-08-16 11:20:08.959,9.055,lower,0.043125000000000524,0.07437499999999986
2026-08-16 11:20:08.969,9.065,lower,0.053750000000000187,0.09375000000000022
2026-08-16 11:20:08.979,9.075,lower,-0.1056250000000003,0.04249999999999976
2026-08-16 11:20:08.989,9.085,lower,0.07687499999999958,0.08874999999999966
2026-08-16 11:20:08.999,9.095,lower,-0.10937499999999933,0.06437499999999985
2026-08-16 11:20:09.009,9.105,lower,0.03375000000000017,0.07000000000000006
2026-08-16 11:20:09.019,9.115,lower,0.07062499999999972,0.09187500000000015
2026-08-16 11:20:09.029,9.125,lower,-0.07874999999999965,0.04562500000000025
2026-08-16 11:20:09.039,9.135,lower,0.08500000000000063,0.08874999999999966
2026-08-16 11:20:09.049,9.145,lower,-0.09000000000000008,0.0593750000000004
2026-08-16 11:20:09.059,9.155,lower,0.0187499999999996,0.07062499999999972
2026-08-16 11:20:09.069,9.165,lower,0.04937500000000039,0.09312500000000057
2026-08-16 11:20:09.079,9.175,lower,-0.10187500000000016,0.04562500000000025
2026-08-16 11:20:09.089,9.185,lower,0.08125000000000049,0.09000000000000008
2026-08-16 11:20:09.099,9.195,lower,-0.11874999999999969,0.05624999999999991
2026-08-16 11:20:09.109,9.205,lower,0.03437499999999982,0.07312500000000055
2026-08-16 11:20:09.119,9.215,lower,0.06750000000000034,0.09312500000000057
2026-08-16 11:20:09.129,9.225,lower,-0.12187500000000018,0.043125000000000524
2026-08-16 11:20:09.139,9.235,lower,0.08187500000000014,0.09062499999999973
2026-08-16 11:20:09.149,9.245,lower,-0.10249999999999981,0.06562500000000027
2026-08-16 11:20:09.159,9.255,lower,0.019375000000000364,0.07062499999999972
2026-08-16 11:20:09.169,9.265,lower,0.040000000000000036,0.09000000000000008
2026-08-16 11:20:09.179,9.275,lower,-0.10062499999999974,0.035000000000000586
2026-08-16 11:20:09.189,9.285,lower,0.07500000000000062,0.09000000000000008
2026-08-16 11:20:09.199,9.295,lower,-0.08437499999999987,0.056875000000000675
2026-08-16 11:20:09.209,9.305,lower,0.03375000000000017,0.07187500000000013
2026-08-16 11:20:09.219,9.315,lower,0.05812499999999998,0.08624999999999994
2026-08-16 11:20:09.229,9.325,lower,-0.1243749999999999,0.03750000000000031
2026-08-16 11:20:09.239,9.335,lower,0.07687499999999958,0.09062499999999973
2026-08-16 11:20:09.249,9.345,lower,-0.11249999999999982,0.05750000000000033
2026-08-16 11:20:09.259,9.355,lower,0.021250000000000435,0.06624999999999992
2026-08-16 11:20:09.269,9.365,lower,0.03375000000000017,0.09000000000000008
2026-08-16 11:20:09.279,9.375,lower,-0.10000000000000009,0.03624999999999989
2026-08-16 11:20:09.289,9.385,lower,0.07500000000000062,0.08437499999999987
2026-08-16 11:20:09.299,9.395,lower,-0.0824999999999998,0.053750000000000187
2026-08-16 11:20:09.309,9.405,lower,0.03437499999999982,0.0637500000000002
2026-08-16 11:20:09.319,9.415,lower,0.05624999999999991,0.08562500000000028
2026-08-16 11:20:09.329,9.425,lower,-0.11687499999999962,0.03937500000000038
2026-08-16 11:20:09.339,9.435,lower,0.08000000000000007,0.09062499999999973
2026-08-16 11:20:09.349,9.445,lower,-0.1143749999999999,0.05312500000000053
2026-08-16 11:20:09.359,9.455,lower,0.023125000000000506,0.06937500000000041
2026-08-16 11:20:09.369,9.465,lower,0.06562500000000027,0.08750000000000036
2026-08-16 11:20:09.379,9.475,lower,-0.09437499999999988,0.040000000000000036
2026-08-16 11:20:09.389,9.485,lower,0.07937500000000042,0.09000000000000008
2026-08-16 11:20:09.399,9.495,lower,-0.09124999999999939,0.06062499999999971
2026-08-16 11:20:09.409,9.505,lower,0.035000000000000586,0.07000000000000006
2026-08-16 11:20:09.419,9.515,lower,0.05125000000000046,0.08750000000000036
2026-08-16 11:20:09.429,9.525,lower,-0.1143749999999999,0.04187500000000011
2026-08-16 11:20:09.439,9.535,lower,0.06812499999999999,0.08687499999999959
2026-08-16 11:20:09.449,9.545,lower,-0.11624999999999996,0.05562500000000026
2026-08-16 11:20:09.459,9.555,lower,0.024374999999999813,0.07500000000000062
2026-08-16 11:20:09.469,9.565,lower,0.06500000000000061,0.08624999999999994
2026-08-16 11:20:09.479,9.575,lower,-0.08437499999999987,0.035000000000000586
2026-08-16 11:20:09.489,9.585,lower,0.07500000000000062,0.0912500000000005
2026-08-16 11:20:09.499,9.595,lower,-0.09124999999999939,0.05437499999999984
2026-08-16 11:20:09.509,9.605,lower,0.010624999999999662,0.0637500000000002
2026-08-16 11:20:09.519,9.615,lower,0.04750000000000032,0.08937500000000043
2026-08-16 11:20:09.529,9.625,lower,-0.10874999999999968,0.03937500000000038
2026-08-16 11:20:09.539,9.635,lower,0.07500000000000062,0.08624999999999994
2026-08-16 11:20:09.549,9.645,lower,-0.12312499999999948,0.055000000000000604
2026-08-16 11:20:09.559,9.655,lower,0.028124999999999956,0.06437499999999985
2026-08-16 11:20:09.569,9.665,lower,0.06812499999999999,0.08562500000000028
2026-08-16 11:20:09.579,9.675,lower,-0.08375000000000021,0.038124999999999964
2026-08-16 11:20:09.589,9.685,lower,0.07687499999999958,0.08312500000000056
2026-08-16 11:20:09.599,9.695,lower,-0.09937499999999932,0.050000000000000044
2026-08-16 11:20:09.609,9.705,lower,0.013125000000000497,0.06500000000000061
2026-08-16 11:20:09.619,9.715,lower,0.04125000000000045,0.08562500000000028
2026-08-16 11:20:09.629,9.725,lower,-0.10937499999999933,0.03937500000000038
2026-08-16 11:20:09.639,9.735,lower,0.06874999999999964,0.08437499999999987
2026-08-16 11:20:09.649,9.745,lower,-0.1287499999999997,0.053750000000000187
2026-08-16 11:20:09.659,9.755,lower,0.027500000000000302,0.06812499999999999
2026-08-16 11:20:09.669,9.765,lower,0.05312500000000053,0.08312500000000056
2026-08-16 11:20:09.679,9.775,lower,-0.13249999999999984,0.03375000000000017
2026-08-16 11:20:09.689,9.785,lower,0.07249999999999979,0.08000000000000007
2026-08-16 11:20:09.699,9.795,lower,-0.11312499999999948,0.051875000000000115
2026-08-16 11:20:09.709,9.805,lower,0.012499999999999734,0.06312500000000054
2026-08-16 11:20:09.719,9.815,lower,0.029375000000000373,0.08125000000000049
2026-08-16 11:20:09.729,9.825,lower,-0.1100000000000001,0.03062499999999968
2026-08-16 11:20:09.739,9.835,lower,0.07249999999999979,0.08750000000000036
2026-08-16 11:20:09.749,9.845,lower,-0.08562500000000028,0.053750000000000187
2026-08-16 11:20:09.759,9.855,lower,0.030000000000000027,0.055000000000000604
2026-08-16 11:20:09.769,9.865,lower,0.05750000000000033,0.08312500000000056
2026-08-16 11:20:09.779,9.875,lower,-0.12124999999999941,0.03437499999999982
2026-08-16 11:20:09.789,9.885,lower,0.078125,0.09062499999999973
2026-08-16 11:20:09.799,9.895,lower,-0.11187500000000017,0.05249999999999977
2026-08-16 11:20:09.809,9.905,lower,0.020000000000000018,0.06624999999999992
2026-08-16 11:20:09.819,9.915,lower,0.027500000000000302,0.08687499999999959
2026-08-16 11:20:09.829,9.925,lower,-0.09499999999999953,0.03937500000000038
2026-08-16 11:20:09.839,9.935,lower,0.08000000000000007,0.08500000000000063
2026-08-16 11:20:09.849,9.945,lower,-0.08312499999999945,0.051875000000000115
2026-08-16 11:20:09.859,9.955,lower,0.03874999999999962,0.0637500000000002
2026-08-16 11:20:09.869,9.965,lower,0.06125000000000047,0.08812500000000001
2026-08-16 11:20:09.879,9.975,lower,-0.10937499999999933,0.04187500000000011
2026-08-16 11:20:09.889,9.985,lower,0.08375000000000021,0.08687499999999959
2026-08-16 11:20:09.899,9.995,lower,-0.10874999999999968,0.06312500000000054
2026-08-16 11:20:09.909,10.005,lower,0.028124999999999956,0.07312500000000055
2026-08-16 11:20:09.919,10.015,lower,0.07437499999999986,0.08562500000000028
2026-08-16 11:20:09.929,10.025,lower,-0.08750000000000036,0.040000000000000036
2026-08-16 11:20:09.939,10.035,lower,0.078125,0.09000000000000008
2026-08-16 11:20:09.949,10.045,lower,-0.09000000000000008,0.058749999999999636
2026-08-16 11:20:09.959,10.055,lower,0.04249999999999976,0.06874999999999964
2026-08-16 11:20:09.969,10.065,lower,0.053750000000000187,0.09187500000000015
2026-08-16 11:20:09.979,10.075,lower,-0.1056250000000003,0.03937500000000038
2026-08-16 11:20:09.989,10.085,lower,0.07937500000000042,0.09375000000000022
2026-08-16 11:20:09.999,10.095,lower,-0.1112499999999994,0.06000000000000005
2026-08-16 11:20:10.009,10.105,lower,0.03687500000000066,0.06624999999999992
2026-08-16 11:20:10.019,10.115,lower,0.07500000000000062,0.09312500000000057
2026-08-16 11:20:10.029,10.125,lower,-0.07687499999999958,0.038124999999999964
2026-08-16 11:20:10.039,10.135,lower,0.08874999999999966,0.09437499999999988
2026-08-16 11:20:10.049,10.145,lower,-0.08624999999999994,0.0593750000000004
2026-08-16 11:20:10.059,10.155,lower,0.018124999999999947,0.06624999999999992
2026-08-16 11:20:10.069,10.165,lower,0.05312500000000053,0.09187500000000015
2026-08-16 11:20:10.079,10.175,lower,-0.1012499999999994,0.04375000000000018
2026-08-16 11:20:10.089,10.185,lower,0.0824999999999998,0.08937500000000043
2026-08-16 11:20:10.099,10.195,lower,-0.11312499999999948,0.05437499999999984
2026-08-16 11:20:10.109,10.205,lower,0.03937500000000038,0.0737500000000002
2026-08-16 11:20:10.119,10.215,lower,0.0737500000000002,0.09312500000000057
2026-08-16 11:20:10.129,10.225,lower,-0.07062499999999972,0.04187500000000011
2026-08-16 11:20:10.139,10.235,lower,0.08874999999999966,0.09437499999999988
2026-08-16 11:20:10.149,10.245,lower,-0.0924999999999998,0.05562500000000026
2026-08-16 11:20:10.159,10.255,lower,0.02375000000000016,0.07125000000000048
2026-08-16 11:20:10.169,10.265,lower,0.04874999999999963,0.09375000000000022
2026-08-16 11:20:10.179,10.275,lower,-0.09624999999999995,0.04187500000000011
2026-08-16 11:20:10.189,10.285,lower,0.08437499999999987,0.09312500000000057
2026-08-16 11:20:10.199,10.295,lower,-0.11937499999999934,0.06062499999999971
2026-08-16 11:20:10.209,10.305,lower,0.03750000000000031,0.07750000000000035
2026-08-16 11:20:10.219,10.315,lower,0.07125000000000048,0.08937500000000043
2026-08-16 11:20:10.229,10.325,lower,-0.11562500000000031,0.04062499999999969
2026-08-16 11:20:10.239,10.335,lower,0.08500000000000063,0.0956250000000003
2026-08-16 11:20:10.249,10.345,lower,-0.10249999999999981,0.06437499999999985
2026-08-16 11:20:10.259,10.355,lower,0.03062499999999968,0.06874999999999964
2026-08-16 11:20:10.269,10.365,lower,0.04187500000000011,0.09375000000000022
2026-08-16 11:20:10.279,10.375,lower,-0.08937500000000043,0.04187500000000011
2026-08-16 11:20:10.289,10.385,lower,0.08750000000000036,0.09812500000000002
2026-08-16 11:20:10.299,10.395,lower,-0.07687499999999958,0.06000000000000005
2026-08-16 11:20:10.309,10.405,lower,0.04125000000000045,0.06750000000000034
2026-08-16 11:20:10.319,10.415,lower,0.06125000000000047,0.08687499999999959
2026-08-16 11:20:10.329,10.425,lower,-0.1143749999999999,0.03937500000000038
2026-08-16 11:20:10.339,10.435,lower,0.08624999999999994,0.0912500000000005
2026-08-16 11:20:10.349,10.445,lower,-0.10874999999999968,0.056875000000000675
2026-08-16 11:20:10.359,10.455,lower,0.02687500000000065,0.06624999999999992
2026-08-16 11:20:10.369,10.465,lower,0.07312500000000055,0.09187500000000015
2026-08-16 11:20:10.379,10.475,lower,-0.09062499999999973,0.045000000000000595
2026-08-16 11:20:10.389,10.485,lower,0.08125000000000049,0.0924999999999998
2026-08-16 11:20:10.399,10.495,lower,-0.08375000000000021,0.053750000000000187
2026-08-16 11:20:10.409,10.505,lower,0.03937500000000038,0.0737500000000002
2026-08-16 11:20:10.419,10.515,lower,0.05562500000000026,0.08874999999999966
2026-08-16 11:20:10.429,10.525,lower,-0.11624999999999996,0.04062499999999969
2026-08-16 11:20:10.439,10.535,lower,0.07874999999999965,0.09312500000000057
2026-08-16 11:20:10.449,10.545,lower,-0.11499999999999955,0.05437499999999984
2026-08-16 11:20:10.459,10.555,lower,0.03249999999999975,0.07062499999999972
2026-08-16 11:20:10.469,10.565,lower,0.07249999999999979,0.08937500000000043
2026-08-16 11:20:10.479,10.575,lower,-0.09000000000000008,0.038124999999999964
2026-08-16 11:20:10.489,10.585,lower,0.08062499999999972,0.09312500000000057
2026-08-16 11:20:10.499,10.595,lower,-0.09812500000000002,0.061875000000000124
2026-08-16 11:20:10.509,10.605,lower,0.04062499999999969,0.078125
2026-08-16 11:20:10.519,10.615,lower,0.055000000000000604,0.08937500000000043
2026-08-16 11:20:10.529,10.625,lower,-0.1100000000000001,0.038124999999999964
2026-08-16 11:20:10.539,10.635,lower,0.08062499999999972,0.0968749999999996
2026-08-16 11:20:10.549,10.645,lower,-0.11562500000000031,0.05812499999999998
2026-08-16 11:20:10.559,10.655,lower,0.03562500000000024,0.07062499999999972
2026-08-16 11:20:10.569,10.665,lower,0.0737500000000002,0.09187500000000015
2026-08-16 11:20:10.579,10.675,lower,-0.0824999999999998,0.04249999999999976
2026-08-16 11:20:10.589,10.685,lower,0.07937500000000042,0.0924999999999998
2026-08-16 11:20:10.599,10.695,lower,-0.10312499999999947,0.05562500000000026
2026-08-16 11:20:10.609,10.705,lower,0.02062499999999967,0.06937500000000041
2026-08-16 11:20:10.619,10.715,lower,0.05312500000000053,0.0968749999999996
2026-08-16 11:20:10.629,10.725,lower,-0.10499999999999954,0.04375000000000018
2026-08-16 11:20:10.639,10.735,lower,0.08187500000000014,0.09312500000000057
2026-08-16 11:20:10.649,10.745,lower,-0.12312499999999948,0.056875000000000675
2026-08-16 11:20:10.659,10.755,lower,0.035000000000000586,0.07312500000000055
2026-08-16 11:20:10.669,10.765,lower,0.06937500000000041,0.09000000000000008
2026-08-16 11:20:10.679,10.775,lower,-0.12124999999999941,0.04375000000000018
2026-08-16 11:20:10.689,10.785,lower,0.08375000000000021,0.0912500000000005
2026-08-16 11:20:10.699,10.795,lower,-0.10187500000000016,0.06624999999999992
2026-08-16 11:20:10.709,10.805,lower,0.022499999999999742,0.07687499999999958
2026-08-16 11:20:10.719,10.815,lower,0.04249999999999976,0.08874999999999966
2026-08-16 11:20:10.729,10.825,lower,-0.1012499999999994,0.038124999999999964
2026-08-16 11:20:10.739,10.835,lower,0.078125,0.0968749999999996
2026-08-16 11:20:10.749,10.845,lower,-0.08375000000000021,0.061875000000000124
2026-08-16 11:20:10.759,10.855,lower,0.03437499999999982,0.07624999999999993
2026-08-16 11:20:10.769,10.865,lower,0.06000000000000005,0.09624999999999995
2026-08-16 11:20:10.779,10.875,lower,-0.11375000000000024,0.04249999999999976
2026-08-16 11:20:10.789,10.885,lower,0.08562500000000028,0.0956250000000003
2026-08-16 11:20:10.799,10.895,lower,-0.10750000000000037,0.06062499999999971
2026-08-16 11:20:10.809,10.905,lower,0.022499999999999742,0.06562500000000027
2026-08-16 11:20:10.819,10.915,lower,0.035000000000000586,0.09187500000000015
2026-08-16 11:20:10.829,10.925,lower,-0.09437499999999988,0.04437499999999983
2026-08-16 11:20:10.839,10.935,lower,0.08312500000000056,0.09312500000000057
2026-08-16 11:20:10.849,10.945,lower,-0.08499999999999952,0.06125000000000047
2026-08-16 11:20:10.859,10.955,lower,0.04125000000000045,0.07187500000000013
2026-08-16 11:20:10.869,10.965,lower,0.06312500000000054,0.09375000000000022
2026-08-16 11:20:10.879,10.975,lower,-0.11062499999999975,0.04750000000000032
2026-08-16 11:20:10.889,10.985,lower,0.08312500000000056,0.09624999999999995
2026-08-16 11:20:10.899,10.995,lower,-0.11312499999999948,0.05312500000000053
2026-08-16 11:20:10.909,11.005,lower,0.027500000000000302,0.07500000000000062
2026-08-16 11:20:10.919,11.015,lower,0.07125000000000048,0.0924999999999998
2026-08-16 11:20:10.929,11.025,lower,-0.08874999999999966,0.04249999999999976
2026-08-16 11:20:10.939,11.035,lower,0.08000000000000007,0.09500000000000064
2026-08-16 11:20:10.949,11.045,lower,-0.08812500000000001,0.06687500000000068
2026-08-16 11:20:10.959,11.055,lower,0.04062499999999969,0.0737500000000002
2026-08-16 11:20:10.969,11.065,lower,0.055000000000000604,0.09375000000000022
2026-08-16 11:20:10.979,11.075,lower,-0.11375000000000024,0.04062499999999969
2026-08-16 11:20:10.989,11.085,lower,0.0737500000000002,0.0968749999999996
2026-08-16 11:20:10.999,11.095,lower,-0.11624999999999996,0.06437499999999985
2026-08-16 11:20:11.009,11.105,lower,0.029375000000000373,0.07874999999999965
2026-08-16 11:20:11.019,11.115,lower,0.06874999999999964,0.09437499999999988
2026-08-16 11:20:11.029,11.125,lower,-0.08312499999999945,0.03874999999999962
2026-08-16 11:20:11.039,11.135,lower,0.08125000000000049,0.09750000000000036
2026-08-16 11:20:11.049,11.145,lower,-0.0924999999999998,0.061875000000000124
2026-08-16 11:20:11.059,11.155,lower,0.015625000000000222,0.06937500000000041
2026-08-16 11:20:11.069,11.165,lower,0.050000000000000044,0.09375000000000022
2026-08-16 11:20:11.079,11.175,lower,-0.1056250000000003,0.0462499999999999
2026-08-16 11:20:11.089,11.185,lower,0.07937500000000042,0.09375000000000022
2026-08-16 11:20:11.099,11.195,lower,-0.11874999999999969,0.05750000000000033
2026-08-16 11:20:11.109,11.205,lower,0.03624999999999989,0.07062499999999972
2026-08-16 11:20:11.119,11.215,lower,0.06937500000000041,0.09375000000000022
2026-08-16 11:20:11.129,11.225,lower,-0.07750000000000035,0.04375000000000018
2026-08-16 11:20:11.139,11.235,lower,0.08375000000000021,0.09187500000000015
2026-08-16 11:20:11.149,11.245,lower,-0.10187500000000016,0.05562500000000026
2026-08-16 11:20:11.159,11.255,lower,0.017500000000000293,0.07312500000000055
2026-08-16 11:20:11.169,11.265,lower,0.04437499999999983,0.09500000000000064
2026-08-16 11:20:11.179,11.275,lower,-0.10312499999999947,0.04437499999999983
2026-08-16 11:20:11.189,11.285,lower,0.07937500000000042,0.09437499999999988
2026-08-16 11:20:11.199,11.295,lower,-0.1243749999999999,0.06687500000000068
2026-08-16 11:20:11.209,11.305,lower,0.03375000000000017,0.07750000000000035
2026-08-16 11:20:11.219,11.315,lower,0.06750000000000034,0.09187500000000015
2026-08-16 11:20:11.229,11.325,lower,-0.1200000000000001,0.03687500000000066
2026-08-16 11:20:11.239,11.335,lower,0.07874999999999965,0.0956250000000003
2026-08-16 11:20:11.249,11.345,lower,-0.10499999999999954,0.06312500000000054
2026-08-16 11:20:11.259,11.355,lower,0.022499999999999742,0.07437499999999986
2026-08-16 11:20:11.269,11.365,lower,0.03562500000000024,0.09375000000000022
2026-08-16 11:20:11.279,11.375,lower,-0.0968749999999996,0.04375000000000018
2026-08-16 11:20:11.289,11.385,lower,0.07500000000000062,0.09187500000000015
2026-08-16 11:20:11.299,11.395,lower,-0.08187500000000014,0.06062499999999971
2026-08-16 11:20:11.309,11.405,lower,0.040000000000000036,0.06312500000000054
2026-08-16 11:20:11.319,11.415,lower,0.061875000000000124,0.0924999999999998
2026-08-16 11:20:11.329,11.425,lower,-0.1143749999999999,0.043125000000000524
2026-08-16 11:20:11.339,11.435,lower,0.08187500000000014,0.08874999999999966
2026-08-16 11:20:11.349,11.445,lower,-0.10750000000000037,0.058749999999999636
2026-08-16 11:20:11.359,11.455,lower,0.027500000000000302,0.07312500000000055
2026-08-16 11:20:11.369,11.465,lower,0.07125000000000048,0.09500000000000064
2026-08-16 11:20:11.379,11.475,lower,-0.09437499999999988,0.04375000000000018
2026-08-16 11:20:11.389,11.485,lower,0.08062499999999972,0.0912500000000005
2026-08-16 11:20:11.399,11.495,lower,-0.08000000000000007,0.05812499999999998
2026-08-16 11:20:11.409,11.505,lower,0.04062499999999969,0.07437499999999986
2026-08-16 11:20:11.419,11.515,lower,0.05437499999999984,0.09437499999999988
2026-08-16 11:20:11.429,11.525,lower,-0.10812500000000003,0.040000000000000036
2026-08-16 11:20:11.439,11.535,lower,0.08000000000000007,0.09062499999999973
2026-08-16 11:20:11.449,11.545,lower,-0.11249999999999982,0.06562500000000027
2026-08-16 11:20:11.459,11.555,lower,0.030000000000000027,0.07312500000000055
2026-08-16 11:20:11.469,11.565,lower,0.07249999999999979,0.09187500000000015
2026-08-16 11:20:11.479,11.575,lower,-0.08437499999999987,0.043125000000000524
2026-08-16 11:20:11.489,11.585,lower,0.08562500000000028,0.09937500000000044
2026-08-16 11:20:11.499,11.595,lower,-0.09062499999999973,0.06437499999999985
2026-08-16 11:20:11.509,11.605,lower,0.04437499999999983,0.07562500000000028
2026-08-16 11:20:11.519,11.615,lower,0.05750000000000033,0.0968749999999996
2026-08-16 11:20:11.529,11.625,lower,-0.1056250000000003,0.04249999999999976
2026-08-16 11:20:11.539,11.635,lower,0.07624999999999993,0.09375000000000022
2026-08-16 11:20:11.549,11.645,lower,-0.11187500000000017,0.06125000000000047
2026-08-16 11:20:11.559,11.655,lower,0.03249999999999975,0.06874999999999964
2026-08-16 11:20:11.569,11.665,lower,0.07312500000000055,0.09000000000000008
2026-08-16 11:20:11.579,11.675,lower,-0.07499999999999951,0.04375000000000018
2026-08-16 11:20:11.589,11.685,lower,0.08125000000000049,0.08624999999999994
2026-08-16 11:20:11.599,11.695,lower,-0.09124999999999939,0.0593750000000004
2026-08-16 11:20:11.609,11.705,lower,0.020000000000000018,0.07062499999999972
2026-08-16 11:20:11.619,11.715,lower,0.04812499999999997,0.08812500000000001
2026-08-16 11:20:11.629,11.725,lower,-0.1012499999999994,0.046875000000000666
2026-08-16 11:20:11.639,11.735,lower,0.07750000000000035,0.08750000000000036
2026-08-16 11:20:11.649,11.745,lower,-0.11562500000000031,0.055000000000000604
2026-08-16 11:20:11.659,11.755,lower,0.03937500000000038,0.0737500000000002
2026-08-16 11:20:11.669,11.765,lower,0.06687500000000068,0.09312500000000057
2026-08-16 11:20:11.679,11.775,lower,-0.12124999999999941,0.043125000000000524
2026-08-16 11:20:11.689,11.785,lower,0.08187500000000014,0.09000000000000008
2026-08-16 11:20:11.699,11.795,lower,-0.10000000000000009,0.06000000000000005
2026-08-16 11:20:11.709,11.805,lower,0.021250000000000435,0.07062499999999972
2026-08-16 11:20:11.719,11.815,lower,0.045000000000000595,0.08937500000000043
2026-08-16 11:20:11.729,11.825,lower,-0.09874999999999967,0.04187500000000011
2026-08-16 11:20:11.739,11.835,lower,0.07687499999999958,0.09187500000000015
2026-08-16 11:20:11.749,11.845,lower,-0.11750000000000038,0.0637500000000002
2026-08-16 11:20:11.759,11.855,lower,0.04062499999999969,0.078125
2026-08-16 11:20:11.769,11.865,lower,0.06312500000000054,0.09187500000000015
2026-08-16 11:20:11.779,11.875,lower,-0.11062499999999975,0.03937500000000038
2026-08-16 11:20:11.789,11.885,lower,0.07937500000000042,0.09500000000000064
2026-08-16 11:20:11.799,11.895,lower,-0.10187500000000016,0.06249999999999978
2026-08-16 11:20:11.809,11.905,lower,0.02874999999999961,0.06312500000000054
2026-08-16 11:20:11.819,11.915,lower,0.03624999999999989,0.08750000000000036
2026-08-16 11:20:11.829,11.925,lower,-0.08624999999999994,0.043125000000000524
2026-08-16 11:20:11.839,11.935,lower,0.08312500000000056,0.08750000000000036
2026-08-16 11:20:11.849,11.945,lower,-0.0824999999999998,0.055000000000000604
2026-08-16 11:20:11.859,11.955,lower,0.03937500000000038,0.06937500000000041
2026-08-16 11:20:11.869,11.965,lower,0.06062499999999971,0.08750000000000036
2026-08-16 11:20:11.879,11.975,lower,-0.1112499999999994,0.043125000000000524
2026-08-16 11:20:11.889,11.985,lower,0.08750000000000036,0.08687499999999959
2026-08-16 11:20:11.899,11.995,lower,-0.10624999999999996,0.056875000000000675
2026-08-16 11:20:11.909,12.005,lower,0.02687500000000065,0.07062499999999972
2026-08-16 11:20:11.919,12.015,lower,0.07500000000000062,0.09000000000000008
2026-08-16 11:20:11.929,12.025,lower,-0.08750000000000036,0.04375000000000018
2026-08-16 11:20:11.939,12.035,lower,0.08062499999999972,0.09000000000000008
2026-08-16 11:20:11.949,12.045,lower,-0.08562500000000028,0.06062499999999971
2026-08-16 11:20:11.959,12.055,lower,0.04437499999999983,0.07312500000000055
2026-08-16 11:20:11.969,12.065,lower,0.05812499999999998,0.08750000000000036
2026-08-16 11:20:11.979,12.075,lower,-0.10687499999999961,0.04375000000000018
2026-08-16 11:20:11.989,12.085,lower,0.07437499999999986,0.09000000000000008
2026-08-16 11:20:11.999,12.095,lower,-0.10812500000000003,0.0593750000000004
2026-08-16 11:20:12.009,12.105,lower,0.03437499999999982,0.0737500000000002
2026-08-16 11:20:12.019,12.115,lower,0.07249999999999979,0.09187500000000015
2026-08-16 11:20:12.029,12.125,lower,-0.08124999999999938,0.04187500000000011
2026-08-16 11:20:12.039,12.135,lower,0.08500000000000063,0.0924999999999998
2026-08-16 11:20:12.049,12.145,lower,-0.0924999999999998,0.056875000000000675
2026-08-16 11:20:12.059,12.155,lower,0.04562500000000025,0.06750000000000034
2026-08-16 11:20:12.069,12.165,lower,0.058749999999999636,0.0924999999999998
2026-08-16 11:20:12.079,12.175,lower,-0.10249999999999981,0.03687500000000066
2026-08-16 11:20:12.089,12.185,lower,0.08000000000000007,0.09187500000000015
2026-08-16 11:20:12.099,12.195,lower,-0.11499999999999955,0.05750000000000033
2026-08-16 11:20:12.109,12.205,lower,0.03375000000000017,0.0637500000000002
2026-08-16 11:20:12.119,12.215,lower,0.06687500000000068,0.08500000000000063
2026-08-16 11:20:12.129,12.225,lower,-0.07874999999999965,0.043125000000000524
2026-08-16 11:20:12.139,12.235,lower,0.08187500000000014,0.08687499999999959
2026-08-16 11:20:12.149,12.245,lower,-0.0956250000000003,0.053750000000000187
2026-08-16 11:20:12.159,12.255,lower,0.023125000000000506,0.07125000000000048
2026-08-16 11:20:12.169,12.265,lower,0.04375000000000018,0.08750000000000036
2026-08-16 11:20:12.179,12.275,lower,-0.0968749999999996,0.03937500000000038
2026-08-16 11:20:12.189,12.285,lower,0.08062499999999972,0.09062499999999973
2026-08-16 11:20:12.199,12.295,lower,-0.1200000000000001,0.0593750000000004
2026-08-16 11:20:12.209,12.305,lower,0.03624999999999989,0.06812499999999999
2026-08-16 11:20:12.219,12.315,lower,0.06437499999999985,0.08750000000000036
2026-08-16 11:20:12.229,12.325,lower,-0.11562500000000031,0.04062499999999969
2026-08-16 11:20:12.239,12.335,lower,0.08312500000000056,0.08812500000000001
2026-08-16 11:20:12.249,12.345,lower,-0.10375000000000023,0.06125000000000047
2026-08-16 11:20:12.259,12.355,lower,0.02562500000000023,0.07624999999999993
2026-08-16 11:20:12.269,12.365,lower,0.04125000000000045,0.08874999999999966
2026-08-16 11:20:12.279,12.375,lower,-0.09375000000000022,0.03937500000000038
2026-08-16 11:20:12.289,12.385,lower,0.07937500000000042,0.09000000000000008
2026-08-16 11:20:12.299,12.395,lower,-0.07687499999999958,0.056875000000000675
2026-08-16 11:20:12.309,12.405,lower,0.03874999999999962,0.0637500000000002
2026-08-16 11:20:12.319,12.415,lower,0.06624999999999992,0.08562500000000028
2026-08-16 11:20:12.329,12.425,lower,-0.11187500000000017,0.04062499999999969
2026-08-16 11:20:12.339,12.435,lower,0.08062499999999972,0.08812500000000001
2026-08-16 11:20:12.349,12.445,lower,-0.10687499999999961,0.056875000000000675
2026-08-16 11:20:12.359,12.455,lower,0.028124999999999956,0.06500000000000061
2026-08-16 11:20:12.369,12.465,lower,0.07000000000000006,0.08375000000000021
2026-08-16 11:20:12.379,12.475,lower,-0.0924999999999998,0.038124999999999964
2026-08-16 11:20:12.389,12.485,lower,0.07874999999999965,0.08937500000000043
2026-08-16 11:20:12.399,12.495,lower,-0.08812500000000001,0.05562500000000026
2026-08-16 11:20:12.409,12.505,lower,0.040000000000000036,0.07000000000000006
2026-08-16 11:20:12.419,12.515,lower,0.056875000000000675,0.08687499999999959
2026-08-16 11:20:12.429,12.525,lower,-0.11249999999999982,0.04187500000000011
2026-08-16 11:20:12.439,12.535,lower,0.08125000000000049,0.08874999999999966
2026-08-16 11:20:12.449,12.545,lower,-0.11375000000000024,0.06062499999999971
2026-08-16 11:20:12.459,12.555,lower,0.02562500000000023,0.06937500000000041
2026-08-16 11:20:12.469,12.565,lower,0.07062499999999972,0.09000000000000008
2026-08-16 11:20:12.479,12.575,lower,-0.08937500000000043,0.0462499999999999
2026-08-16 11:20:12.489,12.585,lower,0.07874999999999965,0.08937500000000043
2026-08-16 11:20:12.499,12.595,lower,-0.08750000000000036,0.05812499999999998
2026-08-16 11:20:12.509,12.605,lower,0.040000000000000036,0.07500000000000062
2026-08-16 11:20:12.519,12.615,lower,0.05125000000000046,0.08874999999999966
2026-08-16 11:20:12.529,12.625,lower,-0.10187500000000016,0.04062499999999969
2026-08-16 11:20:12.539,12.635,lower,0.07624999999999993,0.09062499999999973
2026-08-16 11:20:12.549,12.645,lower,-0.11687499999999962,0.0593750000000004
2026-08-16 11:20:12.559,12.655,lower,0.03062499999999968,0.06312500000000054
2026-08-16 11:20:12.569,12.665,lower,0.06874999999999964,0.09000000000000008
2026-08-16 11:20:12.579,12.675,lower,-0.078125,0.043125000000000524
2026-08-16 11:20:12.589,12.685,lower,0.07937500000000042,0.09187500000000015
2026-08-16 11:20:12.599,12.695,lower,-0.09937499999999932,0.056875000000000675
2026-08-16 11:20:12.609,12.705,lower,0.0187499999999996,0.06562500000000027
2026-08-16 11:20:12.619,12.715,lower,0.04874999999999963,0.09062499999999973
2026-08-16 11:20:12.629,12.725,lower,-0.1056250000000003,0.043125000000000524
2026-08-16 11:20:12.639,12.735,lower,0.07624999999999993,0.08750000000000036
2026-08-16 11:20:12.649,12.745,lower,-0.12124999999999941,0.058749999999999636
2026-08-16 11:20:12.659,12.755,lower,0.03437499999999982,0.07187500000000013
2026-08-16 11:20:12.669,12.765,lower,0.06874999999999964,0.08624999999999994
2026-08-16 11:20:12.679,12.775,lower,-0.1200000000000001,0.045000000000000595
2026-08-16 11:20:12.689,12.785,lower,0.07687499999999958,0.08812500000000001
2026-08-16 11:20:12.699,12.795,lower,-0.10187500000000016,0.05312500000000053
2026-08-16 11:20:12.709,12.805,lower,0.0187499999999996,0.06812499999999999
2026-08-16 11:20:12.719,12.815,lower,0.03874999999999962,0.08874999999999966
2026-08-16 11:20:12.729,12.825,lower,-0.10375000000000023,0.04062499999999969
2026-08-16 11:20:12.739,12.835,lower,0.07624999999999993,0.09062499999999973
2026-08-16 11:20:12.749,12.845,lower,-0.12375000000000025,0.06249999999999978
2026-08-16 11:20:12.759,12.855,lower,0.03562500000000024,0.07750000000000035
2026-08-16 11:20:12.769,12.865,lower,0.061875000000000124,0.09062499999999973
2026-08-16 11:20:12.779,12.875,lower,-0.11687499999999962,0.04125000000000045
2026-08-16 11:20:12.789,12.885,lower,0.08062499999999972,0.09375000000000022
2026-08-16 11:20:12.799,12.895,lower,-0.10687499999999961,0.06437499999999985
2026-08-16 11:20:12.809,12.905,lower,0.025000000000000577,0.061875000000000124
2026-08-16 11:20:12.819,12.915,lower,0.033125000000000515,0.08687499999999959
2026-08-16 11:20:12.829,12.925,lower,-0.09750000000000036,0.043125000000000524
2026-08-16 11:20:12.839,12.935,lower,0.07624999999999993,0.09437499999999988
2026-08-16 11:20:12.849,12.945,lower,-0.08437499999999987,0.056875000000000675
2026-08-16 11:20:12.859,12.955,lower,0.035000000000000586,0.06937500000000041
2026-08-16 11:20:12.869,12.965,lower,0.05750000000000033,0.08812500000000001
2026-08-16 11:20:12.879,12.975,lower,-0.11312499999999948,0.045000000000000595
2026-08-16 11:20:12.889,12.985,lower,0.078125,0.08937500000000043
2026-08-16 11:20:12.899,12.995,lower,-0.11375000000000024,0.05750000000000033
2026-08-16 11:20:12.909,13.005,lower,0.024374999999999813,0.06624999999999992
2026-08-16 11:20:12.919,13.015,lower,0.06624999999999992,0.08937500000000043
2026-08-16 11:20:12.929,13.025,lower,-0.09124999999999939,0.040000000000000036
2026-08-16 11:20:12.939,13.035,lower,0.07500000000000062,0.08562500000000028
2026-08-16 11:20:12.949,13.045,lower,-0.0956250000000003,0.051875000000000115
2026-08-16 11:20:12.959,13.055,lower,0.04062499999999969,0.07062499999999972
2026-08-16 11:20:12.969,13.065,lower,0.05125000000000046,0.08500000000000063
2026-08-16 11:20:12.979,13.075,lower,-0.1112499999999994,0.04437499999999983
2026-08-16 11:20:12.989,13.085,lower,0.07562500000000028,0.08937500000000043
2026-08-16 11:20:12.999,13.095,lower,-0.11874999999999969,0.06000000000000005
2026-08-16 11:20:13.009,13.105,lower,0.028124999999999956,0.07312500000000055
2026-08-16 11:20:13.019,13.115,lower,0.06874999999999964,0.09437499999999988
2026-08-16 11:20:13.029,13.125,lower,-0.08750000000000036,0.04187500000000011
2026-08-16 11:20:13.039,13.135,lower,0.08125000000000049,0.09312500000000057
2026-08-16 11:20:13.049,13.145,lower,-0.09624999999999995,0.05750000000000033
2026-08-16 11:20:13.059,13.155,lower,0.03937500000000038,0.0737500000000002
2026-08-16 11:20:13.069,13.165,lower,0.04874999999999963,0.09375000000000022
2026-08-16 11:20:13.079,13.175,lower,-0.10624999999999996,0.04187500000000011
2026-08-16 11:20:13.089,13.185,lower,0.07000000000000006,0.0924999999999998
2026-08-16 11:20:13.099,13.195,lower,-0.11874999999999969,0.06062499999999971
2026-08-16 11:20:13.109,13.205,lower,0.0318750000000001,0.06687500000000068
2026-08-16 11:20:13.119,13.215,lower,0.06312500000000054,0.08874999999999966
2026-08-16 11:20:13.129,13.225,lower,-0.0824999999999998,0.04437499999999983
2026-08-16 11:20:13.139,13.235,lower,0.07937500000000042,0.08750000000000036
2026-08-16 11:20:13.149,13.245,lower,-0.1012499999999994,0.058749999999999636
2026-08-16 11:20:13.159,13.255,lower,0.019375000000000364,0.07062499999999972
2026-08-16 11:20:13.169,13.265,lower,0.03750000000000031,0.08437499999999987
2026-08-16 11:20:13.179,13.275,lower,-0.1012499999999994,0.04375000000000018
2026-08-16 11:20:13.189,13.285,lower,0.07562500000000028,0.08750000000000036
2026-08-16 11:20:13.199,13.295,lower,-0.12812500000000004,0.050000000000000044
2026-08-16 11:20:13.209,13.305,lower,0.033125000000000515,0.06624999999999992
2026-08-16 11:20:13.219,13.315,lower,0.0593750000000004,0.09000000000000008
2026-08-16 11:20:13.229,13.325,lower,-0.12062499999999976,0.04062499999999969
2026-08-16 11:20:13.239,13.335,lower,0.07687499999999958,0.08750000000000036
2026-08-16 11:20:13.249,13.345,lower,-0.10499999999999954,0.061875000000000124
2026-08-16 11:20:13.259,13.355,lower,0.023125000000000506,0.07312500000000055
2026-08-16 11:20:13.269,13.365,lower,0.038124999999999964,0.08812500000000001
2026-08-16 11:20:13.279,13.375,lower,-0.0956250000000003,0.04187500000000011
2026-08-16 11:20:13.289,13.385,lower,0.07687499999999958,0.09312500000000057
2026-08-16 11:20:13.299,13.395,lower,-0.08437499999999987,0.06000000000000005
2026-08-16 11:20:13.309,13.405,lower,0.03750000000000031,0.07562500000000028
2026-08-16 11:20:13.319,13.415,lower,0.058749999999999636,0.08812500000000001
2026-08-16 11:20:13.329,13.425,lower,-0.11312499999999948,0.04187500000000011
2026-08-16 11:20:13.339,13.435,lower,0.07687499999999958,0.09000000000000008
2026-08-16 11:20:13.349,13.445,lower,-0.11312499999999948,0.05812499999999998
2026-08-16 11:20:13.359,13.455,lower,0.028124999999999956,0.06500000000000061
2026-08-16 11:20:13.369,13.465,lower,0.07000000000000006,0.08812500000000001
2026-08-16 11:20:13.379,13.475,lower,-0.09624999999999995,0.04187500000000011
2026-08-16 11:20:13.389,13.485,lower,0.07937500000000042,0.08437499999999987
2026-08-16 11:20:13.399,13.495,lower,-0.08937500000000043,0.055000000000000604
2026-08-16 11:20:13.409,13.505,lower,0.04062499999999969,0.07125000000000048
2026-08-16 11:20:13.419,13.515,lower,0.056875000000000675,0.08500000000000063
2026-08-16 11:20:13.429,13.525,lower,-0.11499999999999955,0.043125000000000524
2026-08-16 11:20:13.439,13.535,lower,0.07937500000000042,0.08562500000000028
2026-08-16 11:20:13.449,13.545,lower,-0.11624999999999996,0.05312500000000053
2026-08-16 11:20:13.459,13.555,lower,0.025000000000000577,0.07062499999999972
2026-08-16 11:20:13.469,13.565,lower,0.07000000000000006,0.08750000000000036
2026-08-16 11:20:13.479,13.575,lower,-0.08937500000000043,0.03750000000000031
2026-08-16 11:20:13.489,13.585,lower,0.08062499999999972,0.08812500000000001
2026-08-16 11:20:13.499,13.595,lower,-0.08937500000000043,0.06125000000000047
2026-08-16 11:20:13.509,13.605,lower,0.04125000000000045,0.07500000000000062
2026-08-16 11:20:13.519,13.615,lower,0.05125000000000046,0.08812500000000001
2026-08-16 11:20:13.529,13.625,lower,-0.1056250000000003,0.03937500000000038
2026-08-16 11:20:13.539,13.635,lower,0.07500000000000062,0.09187500000000015
2026-08-16 11:20:13.549,13.645,lower,-0.11750000000000038,0.06312500000000054
2026-08-16 11:20:13.559,13.655,lower,0.03249999999999975,0.07312500000000055
2026-08-16 11:20:13.569,13.665,lower,0.07062499999999972,0.09062499999999973
2026-08-16 11:20:13.579,13.675,lower,-0.08562500000000028,0.04375000000000018
2026-08-16 11:20:13.589,13.685,lower,0.08062499999999972,0.09437499999999988
2026-08-16 11:20:13.599,13.695,lower,-0.09937499999999932,0.058749999999999636
2026-08-16 11:20:13.609,13.705,lower,0.020000000000000018,0.06812499999999999
2026-08-16 11:20:13.619,13.715,lower,0.050000000000000044,0.09062499999999973
2026-08-16 11:20:13.629,13.725,lower,-0.10187500000000016,0.03874999999999962
2026-08-16 11:20:13.639,13.735,lower,0.07687499999999958,0.08687499999999959
2026-08-16 11:20:13.649,13.745,lower,-0.12499999999999956,0.056875000000000675
2026-08-16 11:20:13.659,13.755,lower,0.03375000000000017,0.06500000000000061
2026-08-16 11:20:13.669,13.765,lower,0.06500000000000061,0.08500000000000063
2026-08-16 11:20:13.679,13.775,lower,-0.12375000000000025,0.040000000000000036
2026-08-16 11:20:13.689,13.785,lower,0.08000000000000007,0.08375000000000021
2026-08-16 11:20:13.699,13.795,lower,-0.10499999999999954,0.051875000000000115
2026-08-16 11:20:13.709,13.805,lower,0.024374999999999813,0.07000000000000006
2026-08-16 11:20:13.719,13.815,lower,0.043125000000000524,0.08750000000000036
2026-08-16 11:20:13.729,13.825,lower,-0.10187500000000016,0.03750000000000031
2026-08-16 11:20:13.739,13.835,lower,0.08125000000000049,0.08874999999999966
2026-08-16 11:20:13.749,13.845,lower,-0.12499999999999956,0.0593750000000004
2026-08-16 11:20:13.759,13.855,lower,0.04187500000000011,0.07000000000000006
2026-08-16 11:20:13.769,13.865,lower,0.06437499999999985,0.09062499999999973
2026-08-16 11:20:13.779,13.875,lower,-0.11687499999999962,0.03687500000000066
2026-08-16 11:20:13.789,13.885,lower,0.08624999999999994,0.09062499999999973
2026-08-16 11:20:13.799,13.895,lower,-0.10687499999999961,0.06000000000000005
2026-08-16 11:20:13.809,13.905,lower,0.02687500000000065,0.07500000000000062
2026-08-16 11:20:13.819,13.915,lower,0.03687500000000066,0.08937500000000043
2026-08-16 11:20:13.829,13.925,lower,-0.09624999999999995,0.04187500000000011
2026-08-16 11:20:13.839,13.935,lower,0.08562500000000028,0.0956250000000003
2026-08-16 11:20:13.849,13.945,lower,-0.08312499999999945,0.05562500000000026
2026-08-16 11:20:13.859,13.955,lower,0.04062499999999969,0.06562500000000027
2026-08-16 11:20:13.869,13.965,lower,0.0637500000000002,0.08874999999999966
2026-08-16 11:20:13.879,13.975,lower,-0.1100000000000001,0.03437499999999982
2026-08-16 11:20:13.889,13.985,lower,0.08812500000000001,0.08687499999999959
2026-08-16 11:20:13.899,13.995,lower,-0.1112499999999994,0.05750000000000033
2026-08-16 11:20:13.909,14.005,lower,0.02874999999999961,0.06562500000000027
2026-08-16 11:20:13.919,14.015,lower,0.07187500000000013,0.08562500000000028
2026-08-16 11:20:13.929,14.025,lower,-0.08937500000000043,0.03874999999999962
2026-08-16 11:20:13.939,14.035,lower,0.08312500000000056,0.08687499999999959
2026-08-16 11:20:13.949,14.045,lower,-0.09124999999999939,0.046875000000000666
2026-08-16 11:20:13.959,14.055,lower,0.04249999999999976,0.06624999999999992
2026-08-16 11:20:13.969,14.065,lower,0.06062499999999971,0.08937500000000043
2026-08-16 11:20:13.979,14.075,lower,-0.10937499999999933,0.04062499999999969
2026-08-16 11:20:13.989,14.085,lower,0.07750000000000035,0.0912500000000005
2026-08-16 11:20:13.999,14.095,lower,-0.11499999999999955,0.061875000000000124
2026-08-16 11:20:14.009,14.105,lower,0.03687500000000066,0.07312500000000055
2026-08-16 11:20:14.019,14.115,lower,0.07687499999999958,0.0912500000000005
2026-08-16 11:20:14.029,14.125,lower,-0.08375000000000021,0.043125000000000524
2026-08-16 11:20:14.039,14.135,lower,0.08562500000000028,0.09375000000000022
2026-08-16 11:20:14.049,14.145,lower,-0.0924999999999998,0.0593750000000004
2026-08-16 11:20:14.059,14.155,lower,0.04750000000000032,0.07312500000000055
2026-08-16 11:20:14.069,14.165,lower,0.05562500000000026,0.09000000000000008
2026-08-16 11:20:14.079,14.175,lower,-0.10687499999999961,0.03687500000000066
2026-08-16 11:20:14.089,14.185,lower,0.07750000000000035,0.0956250000000003
2026-08-16 11:20:14.099,14.195,lower,-0.11874999999999969,0.058749999999999636
2026-08-16 11:20:14.109,14.205,lower,0.035000000000000586,0.06437499999999985
2026-08-16 11:20:14.119,14.215,lower,0.06937500000000041,0.08937500000000043
2026-08-16 11:20:14.129,14.225,lower,-0.07624999999999993,0.03624999999999989
2026-08-16 11:20:14.139,14.235,lower,0.08750000000000036,0.08624999999999994
2026-08-16 11:20:14.149,14.245,lower,-0.09937499999999932,0.055000000000000604
2026-08-16 11:20:14.159,14.255,lower,0.021250000000000435,0.061875000000000124
2026-08-16 11:20:14.169,14.265,lower,0.04187500000000011,0.08000000000000007
2026-08-16 11:20:14.179,14.275,lower,-0.10249999999999981,0.03874999999999962
2026-08-16 11:20:14.189,14.285,lower,0.08062499999999972,0.08375000000000021
2026-08-16 11:20:14.199,14.295,lower,-0.12562500000000032,0.04937500000000039
2026-08-16 11:20:14.209,14.305,lower,0.03437499999999982,0.06687500000000068
2026-08-16 11:20:14.219,14.315,lower,0.06624999999999992,0.08624999999999994
2026-08-16 11:20:14.229,14.325,lower,-0.11937499999999934,0.038124999999999964
2026-08-16 11:20:14.239,14.335,lower,0.0824999999999998,0.08624999999999994
2026-08-16 11:20:14.249,14.345,lower,-0.10750000000000037,0.06437499999999985
2026-08-16 11:20:14.259,14.355,lower,0.02062499999999967,0.07000000000000006
2026-08-16 11:20:14.269,14.365,lower,0.04249999999999976,0.09187500000000015
2026-08-16 11:20:14.279,14.375,lower,-0.0956250000000003,0.03874999999999962
2026-08-16 11:20:14.289,14.385,lower,0.08312500000000056,0.08937500000000043
2026-08-16 11:20:14.299,14.395,lower,-0.0824999999999998,0.058749999999999636
2026-08-16 11:20:14.309,14.405,lower,0.04125000000000045,0.07312500000000055
2026-08-16 11:20:14.319,14.415,lower,0.06500000000000061,0.08937500000000043
2026-08-16 11:20:14.329,14.425,lower,-0.11312499999999948,0.035000000000000586
2026-08-16 11:20:14.339,14.435,lower,0.08500000000000063,0.09312500000000057
2026-08-16 11:20:14.349,14.445,lower,-0.10937499999999933,0.0593750000000004
2026-08-16 11:20:14.359,14.455,lower,0.0318750000000001,0.06249999999999978
2026-08-16 11:20:14.369,14.465,lower,0.0737500000000002,0.08874999999999966
2026-08-16 11:20:14.379,14.475,lower,-0.09000000000000008,0.03874999999999962
2026-08-16 11:20:14.389,14.485,lower,0.08687499999999959,0.0956250000000003
2026-08-16 11:20:14.399,14.495,lower,-0.08624999999999994,0.05249999999999977
2026-08-16 11:20:14.409,14.505,lower,0.04375000000000018,0.06874999999999964
2026-08-16 11:20:14.419,14.515,lower,0.061875000000000124,0.08437499999999987
2026-08-16 11:20:14.429,14.525,lower,-0.11249999999999982,0.03874999999999962
2026-08-16 11:20:14.439,14.535,lower,0.08500000000000063,0.08874999999999966
2026-08-16 11:20:14.449,14.545,lower,-0.11499999999999955,0.050000000000000044
2026-08-16 11:20:14.459,14.555,lower,0.03062499999999968,0.06624999999999992
2026-08-16 11:20:14.469,14.565,lower,0.07500000000000062,0.08812500000000001
2026-08-16 11:20:14.479,14.575,lower,-0.09187500000000015,0.03687500000000066
2026-08-16 11:20:14.489,14.585,lower,0.08687499999999959,0.09187500000000015
2026-08-16 11:20:14.499,14.595,lower,-0.09124999999999939,0.06000000000000005
2026-08-16 11:20:14.509,14.605,lower,0.043125000000000524,0.07062499999999972
2026-08-16 11:20:14.519,14.615,lower,0.05437499999999984,0.09062499999999973
2026-08-16 11:20:14.529,14.625,lower,-0.10812500000000003,0.04125000000000045
2026-08-16 11:20:14.539,14.635,lower,0.0824999999999998,0.09187500000000015
2026-08-16 11:20:14.549,14.645,lower,-0.11812500000000004,0.06000000000000005
2026-08-16 11:20:14.559,14.655,lower,0.03249999999999975,0.07437499999999986
2026-08-16 11:20:14.569,14.665,lower,0.06874999999999964,0.09000000000000008
2026-08-16 11:20:14.579,14.675,lower,-0.0824999999999998,0.03687500000000066
2026-08-16 11:20:14.589,14.685,lower,0.08562500000000028,0.09312500000000057
2026-08-16 11:20:14.599,14.695,lower,-0.09874999999999967,0.05562500000000026
2026-08-16 11:20:14.609,14.705,lower,0.018124999999999947,0.06249999999999978
2026-08-16 11:20:14.619,14.715,lower,0.04812499999999997,0.09187500000000015
2026-08-16 11:20:14.629,14.725,lower,-0.1056250000000003,0.03874999999999962
2026-08-16 11:20:14.639,14.735,lower,0.07687499999999958,0.0912500000000005
2026-08-16 11:20:14.649,14.745,lower,-0.1243749999999999,0.05312500000000053
2026-08-16 11:20:14.659,14.755,lower,0.033125000000000515,0.06249999999999978
2026-08-16 11:20:14.669,14.765,lower,0.06874999999999964,0.08750000000000036
2026-08-16 11:20:14.679,14.775,lower,-0.1287499999999997,0.03062499999999968
2026-08-16 11:20:14.689,14.785,lower,0.0824999999999998,0.08500000000000063
2026-08-16 11:20:14.699,14.795,lower,-0.10624999999999996,0.04937500000000039
2026-08-16 11:20:14.709,14.805,lower,0.02187500000000009,0.06750000000000034
2026-08-16 11:20:14.719,14.815,lower,0.04187500000000011,0.08874999999999966
2026-08-16 11:20:14.729,14.825,lower,-0.10249999999999981,0.03750000000000031
2026-08-16 11:20:14.739,14.835,lower,0.08062499999999972,0.09312500000000057
2026-08-16 11:20:14.749,14.845,lower,-0.1343749999999999,0.06062499999999971
2026-08-16 11:20:14.759,14.855,lower,0.040000000000000036,0.07249999999999979
2026-08-16 11:20:14.769,14.865,lower,0.06125000000000047,0.08750000000000036
2026-08-16 11:20:14.779,14.875,lower,-0.12187500000000018,0.03937500000000038
2026-08-16 11:20:14.789,14.885,lower,0.0824999999999998,0.09187500000000015
2026-08-16 11:20:14.799,14.895,lower,-0.1112499999999994,0.05812499999999998
2026-08-16 11:20:14.809,14.905,lower,0.023125000000000506,0.0737500000000002
2026-08-16 11:20:14.819,14.915,lower,0.03249999999999975,0.09062499999999973
2026-08-16 11:20:14.829,14.925,lower,-0.10062499999999974,0.03750000000000031
2026-08-16 11:20:14.839,14.935,lower,0.08312500000000056,0.0912500000000005
2026-08-16 11:20:14.849,14.945,lower,-0.08750000000000036,0.05562500000000026
2026-08-16 11:20:14.859,14.955,lower,0.04062499999999969,0.058749999999999636
2026-08-16 11:20:14.869,14.965,lower,0.05562500000000026,0.08687499999999959
2026-08-16 11:20:14.879,14.975,lower,-0.11937499999999934,0.03562500000000024
2026-08-16 11:20:14.889,14.985,lower,0.08437499999999987,0.09624999999999995
2026-08-16 11:20:14.899,14.995,lower,-0.12062499999999976,0.055000000000000604
2026-08-16 11:20:14.909,15.005,lower,0.025000000000000577,0.06500000000000061
2026-08-16 11:20:14.919,15.015,lower,0.06937500000000041,0.08624999999999994
2026-08-16 11:20:14.929,15.025,lower,-0.0956250000000003,0.03750000000000031
2026-08-16 11:20:14.939,15.035,lower,0.08125000000000049,0.08874999999999966
2026-08-16 11:20:14.949,15.045,lower,-0.09624999999999995,0.04750000000000032
2026-08-16 11:20:14.959,15.055,lower,0.043125000000000524,0.06500000000000061
2026-08-16 11:20:14.969,15.065,lower,0.053750000000000187,0.0912500000000005
2026-08-16 11:20:14.979,15.075,lower,-0.11874999999999969,0.03562500000000024
2026-08-16 11:20:14.989,15.085,lower,0.07750000000000035,0.08812500000000001
2026-08-16 11:20:14.999,15.095,lower,-0.12375000000000025,0.04812499999999997
2026-08-16 11:20:15.009,15.105,lower,0.031250000000000444,0.07187500000000013
2026-08-16 11:20:15.019,15.115,lower,0.06937500000000041,0.08812500000000001
2026-08-16 11:20:15.029,15.125,lower,-0.09062499999999973,0.04125000000000045
2026-08-16 11:20:15.039,15.135,lower,0.07750000000000035,0.09312500000000057
2026-08-16 11:20:15.049,15.145,lower,-0.09937499999999932,0.0593750000000004
2026-08-16 11:20:15.059,15.155,lower,0.040000000000000036,0.07062499999999972
2026-08-16 11:20:15.069,15.165,lower,0.04937500000000039,0.09062499999999973
2026-08-16 11:20:15.079,15.175,lower,-0.1112499999999994,0.03874999999999962
2026-08-16 11:20:15.089,15.185,lower,0.07125000000000048,0.09000000000000008
2026-08-16 11:20:15.099,15.195,lower,-0.12187500000000018,0.0593750000000004
2026-08-16 11:20:15.109,15.205,lower,0.0318750000000001,0.058749999999999636
2026-08-16 11:20:15.119,15.215,lower,0.06000000000000005,0.08750000000000036
2026-08-16 11:20:15.129,15.225,lower,-0.08187500000000014,0.03874999999999962
2026-08-16 11:20:15.139,15.235,lower,0.078125,0.0924999999999998
2026-08-16 11:20:15.149,15.245,lower,-0.10499999999999954,0.05812499999999998
2026-08-16 11:20:15.159,15.255,lower,0.016249999999999876,0.06687500000000068
2026-08-16 11:20:15.169,15.265,lower,0.035000000000000586,0.08500000000000063
2026-08-16 11:20:15.179,15.275,lower,-0.10750000000000037,0.03937500000000038
2026-08-16 11:20:15.189,15.285,lower,0.0737500000000002,0.09000000000000008
2026-08-16 11:20:15.199,15.295,lower,-0.13124999999999942,0.04874999999999963
2026-08-16 11:20:15.209,15.305,lower,0.033125000000000515,0.06562500000000027
2026-08-16 11:20:15.219,15.315,lower,0.06000000000000005,0.0924999999999998
2026-08-16 11:20:15.229,15.325,lower,-0.12937499999999935,0.03937500000000038
2026-08-16 11:20:15.239,15.335,lower,0.08125000000000049,0.09000000000000008
2026-08-16 11:20:15.249,15.345,lower,-0.11375000000000024,0.04937500000000039
2026-08-16 11:20:15.259,15.355,lower,0.0187499999999996,0.07125000000000048
2026-08-16 11:20:15.269,15.365,lower,0.035000000000000586,0.09187500000000015
2026-08-16 11:20:15.279,15.375,lower,-0.1012499999999994,0.04375000000000018
2026-08-16 11:20:15.289,15.385,lower,0.07937500000000042,0.09000000000000008
2026-08-16 11:20:15.299,15.395,lower,-0.08812500000000001,0.06437499999999985
2026-08-16 11:20:15.309,15.405,lower,0.03375000000000017,0.07624999999999993
2026-08-16 11:20:15.319,15.415,lower,0.05812499999999998,0.0912500000000005
2026-08-16 11:20:15.329,15.425,lower,-0.12124999999999941,0.03874999999999962
2026-08-16 11:20:15.339,15.435,lower,0.07874999999999965,0.09312500000000057
2026-08-16 11:20:15.349,15.445,lower,-0.11687499999999962,0.0593750000000004
2026-08-16 11:20:15.359,15.455,lower,0.02375000000000016,0.0737500000000002
2026-08-16 11:20:15.369,15.465,lower,0.028124999999999956,0.09187500000000015
2026-08-16 11:20:15.379,15.475,lower,-0.09812500000000002,0.03750000000000031
2026-08-16 11:20:15.389,15.485,lower,0.07562500000000028,0.0924999999999998
2026-08-16 11:20:15.399,15.495,lower,-0.09499999999999953,0.055000000000000604
2026-08-16 11:20:15.409,15.505,lower,0.04062499999999969,0.06750000000000034
2026-08-16 11:20:15.419,15.515,lower,0.05562500000000026,0.08624999999999994
2026-08-16 11:20:15.429,15.525,lower,-0.12249999999999983,0.03874999999999962
2026-08-16 11:20:15.439,15.535,lower,0.08375000000000021,0.09187500000000015
2026-08-16 11:20:15.449,15.545,lower,-0.12499999999999956,0.05249999999999977
2026-08-16 11:20:15.459,15.555,lower,0.025000000000000577,0.06687500000000068
2026-08-16 11:20:15.469,15.565,lower,0.06812499999999999,0.08937500000000043
2026-08-16 11:20:15.479,15.575,lower,-0.09874999999999967,0.04062499999999969
2026-08-16 11:20:15.489,15.585,lower,0.08375000000000021,0.0956250000000003
2026-08-16 11:20:15.499,15.595,lower,-0.09937499999999932,0.05125000000000046
2026-08-16 11:20:15.509,15.605,lower,0.04062499999999969,0.07312500000000055
2026-08-16 11:20:15.519,15.615,lower,0.0506249999999997,0.08687499999999959
2026-08-16 11:20:15.529,15.625,lower,-0.11499999999999955,0.04249999999999976
2026-08-16 11:20:15.539,15.635,lower,0.07062499999999972,0.09624999999999995
2026-08-16 11:20:15.549,15.645,lower,-0.1243749999999999,0.06562500000000027
2026-08-16 11:20:15.559,15.655,lower,0.027500000000000302,0.07187500000000013
2026-08-16 11:20:15.569,15.665,lower,0.06624999999999992,0.09312500000000057
2026-08-16 11:20:15.579,15.675,lower,-0.08874999999999966,0.03937500000000038
2026-08-16 11:20:15.589,15.685,lower,0.07750000000000035,0.09312500000000057
2026-08-16 11:20:15.599,15.695,lower,-0.10437499999999988,0.061875000000000124
2026-08-16 11:20:15.609,15.705,lower,0.012499999999999734,0.07937500000000042
2026-08-16 11:20:15.619,15.715,lower,0.04437499999999983,0.09062499999999973
2026-08-16 11:20:15.629,15.725,lower,-0.10937499999999933,0.04437499999999983
2026-08-16 11:20:15.639,15.735,lower,0.07687499999999958,0.09750000000000036
2026-08-16 11:20:15.649,15.745,lower,-0.12562500000000032,0.06249999999999978
2026-08-16 11:20:15.659,15.755,lower,0.035000000000000586,0.06874999999999964
2026-08-16 11:20:15.669,15.765,lower,0.06562500000000027,0.09062499999999973
2026-08-16 11:20:15.679,15.775,lower,-0.12562500000000032,0.04125000000000045
2026-08-16 11:20:15.689,15.785,lower,0.07750000000000035,0.08750000000000036
2026-08-16 11:20:15.699,15.795,lower,-0.11312499999999948,0.05437499999999984
2026-08-16 11:20:15.709,15.805,lower,0.0187499999999996,0.06937500000000041
2026-08-16 11:20:15.719,15.815,lower,0.03750000000000031,0.09000000000000008
2026-08-16 11:20:15.729,15.825,lower,-0.10249999999999981,0.038124999999999964
2026-08-16 11:20:15.739,15.835,lower,0.08000000000000007,0.09062499999999973
2026-08-16 11:20:15.749,15.845,lower,-0.12937499999999935,0.05562500000000026
2026-08-16 11:20:15.759,15.855,lower,0.038124999999999964,0.0737500000000002
2026-08-16 11:20:15.769,15.865,lower,0.0637500000000002,0.09062499999999973
2026-08-16 11:20:15.779,15.875,lower,-0.11937499999999934,0.043125000000000524
2026-08-16 11:20:15.789,15.885,lower,0.08375000000000021,0.0924999999999998
2026-08-16 11:20:15.799,15.895,lower,-0.1100000000000001,0.06312500000000054
2026-08-16 11:20:15.809,15.905,lower,0.026249999999999885,0.07624999999999993
2026-08-16 11:20:15.819,15.915,lower,0.03375000000000017,0.0912500000000005
2026-08-16 11:20:15.829,15.925,lower,-0.09624999999999995,0.04062499999999969
2026-08-16 11:20:15.839,15.935,lower,0.08437499999999987,0.09624999999999995
2026-08-16 11:20:15.849,15.945,lower,-0.08562500000000028,0.06125000000000047
2026-08-16 11:20:15.859,15.955,lower,0.04125000000000045,0.07562500000000028
2026-08-16 11:20:15.869,15.965,lower,0.058749999999999636,0.09500000000000064
2026-08-16 11:20:15.879,15.975,lower,-0.1143749999999999,0.04249999999999976
2026-08-16 11:20:15.889,15.985,lower,0.08624999999999994,0.09187500000000015
2026-08-16 11:20:15.899,15.995,lower,-0.11812500000000004,0.06000000000000005
2026-08-16 11:20:15.909,16.005,lower,0.027500000000000302,0.06687500000000068
2026-08-16 11:20:15.919,16.015,lower,0.07437499999999986,0.09062499999999973
2026-08-16 11:20:15.929,16.025,lower,-0.09437499999999988,0.04062499999999969
2026-08-16 11:20:15.939,16.035,lower,0.08375000000000021,0.08687499999999959
2026-08-16 11:20:15.949,16.045,lower,-0.0924999999999998,0.05812499999999998
2026-08-16 11:20:15.959,16.055,lower,0.04375000000000018,0.06937500000000041
2026-08-16 11:20:15.969,16.065,lower,0.05750000000000033,0.08750000000000036
2026-08-16 11:20:15.979,16.075,lower,-0.11249999999999982,0.043125000000000524
2026-08-16 11:20:15.989,16.085,lower,0.07312500000000055,0.0924999999999998
2026-08-16 11:20:15.999,16.095,lower,-0.11624999999999996,0.053750000000000187
2026-08-16 11:20:16.009,16.105,lower,0.03249999999999975,0.07249999999999979
2026-08-16 11:20:16.019,16.115,lower,0.07125000000000048,0.09187500000000015
2026-08-16 11:20:16.029,16.125,lower,-0.08375000000000021,0.04437499999999983
2026-08-16 11:20:16.039,16.135,lower,0.08187500000000014,0.09500000000000064
2026-08-16 11:20:16.049,16.145,lower,-0.09499999999999953,0.06687500000000068
2026-08-16 11:20:16.059,16.155,lower,0.0462499999999999,0.07312500000000055
2026-08-16 11:20:16.069,16.165,lower,0.050000000000000044,0.0912500000000005
2026-08-16 11:20:16.079,16.175,lower,-0.10499999999999954,0.04062499999999969
2026-08-16 11:20:16.089,16.185,lower,0.078125,0.09312500000000057
2026-08-16 11:20:16.099,16.195,lower,-0.12187500000000018,0.06500000000000061
2026-08-16 11:20:16.109,16.205,lower,0.03874999999999962,0.07750000000000035
2026-08-16 11:20:16.119,16.215,lower,0.06562500000000027,0.0924999999999998
2026-08-16 11:20:16.129,16.225,lower,-0.07874999999999965,0.04125000000000045
2026-08-16 11:20:16.139,16.235,lower,0.08562500000000028,0.09624999999999995
2026-08-16 11:20:16.149,16.245,lower,-0.10375000000000023,0.061875000000000124
2026-08-16 11:20:16.159,16.255,lower,0.020000000000000018,0.07000000000000006
2026-08-16 11:20:16.169,16.265,lower,0.04062499999999969,0.09062499999999973
2026-08-16 11:20:16.179,16.275,lower,-0.10499999999999954,0.043125000000000524
2026-08-16 11:20:16.189,16.285,lower,0.08062499999999972,0.08937500000000043
2026-08-16 11:20:16.199,16.295,lower,-0.12624999999999997,0.05562500000000026
2026-08-16 11:20:16.209,16.305,lower,0.033125000000000515,0.06937500000000041
2026-08-16 11:20:16.219,16.315,lower,0.06500000000000061,0.08750000000000036
2026-08-16 11:20:16.229,16.325,lower,-0.11874999999999969,0.03874999999999962
2026-08-16 11:20:16.239,16.335,lower,0.08437499999999987,0.08562500000000028
2026-08-16 11:20:16.249,16.345,lower,-0.10874999999999968,0.05562500000000026
2026-08-16 11:20:16.259,16.355,lower,0.02562500000000023,0.07062499999999972
2026-08-16 11:20:16.269,16.365,lower,0.03687500000000066,0.09062499999999973
2026-08-16 11:20:16.279,16.375,lower,-0.09375000000000022,0.04750000000000032
2026-08-16 11:20:16.289,16.385,lower,0.08375000000000021,0.09312500000000057
2026-08-16 11:20:16.299,16.395,lower,-0.08499999999999952,0.06687500000000068
2026-08-16 11:20:16.309,16.405,lower,0.04375000000000018,0.07687499999999958
2026-08-16 11:20:16.319,16.415,lower,0.06249999999999978,0.09062499999999973
2026-08-16 11:20:16.329,16.425,lower,-0.11562500000000031,0.038124999999999964
2026-08-16 11:20:16.339,16.435,lower,0.08750000000000036,0.09437499999999988
2026-08-16 11:20:16.349,16.445,lower,-0.11312499999999948,0.06249999999999978
2026-08-16 11:20:16.359,16.455,lower,0.02687500000000065,0.07437499999999986
2026-08-16 11:20:16.369,16.465,lower,0.07500000000000062,0.0912500000000005
2026-08-16 11:20:16.379,16.475,lower,-0.09437499999999988,0.04125000000000045
2026-08-16 11:20:16.389,16.485,lower,0.07937500000000042,0.09000000000000008
2026-08-16 11:20:16.399,16.495,lower,-0.08812500000000001,0.058749999999999636
2026-08-16 11:20:16.409,16.505,lower,0.043125000000000524,0.06562500000000027
2026-08-16 11:20:16.419,16.515,lower,0.05562500000000026,0.08687499999999959
2026-08-16 11:20:16.429,16.525,lower,-0.11312499999999948,0.03687500000000066
2026-08-16 11:20:16.439,16.535,lower,0.08125000000000049,0.08750000000000036
2026-08-16 11:20:16.449,16.545,lower,-0.11624999999999996,0.05812499999999998
2026-08-16 11:20:16.459,16.555,lower,0.02874999999999961,0.06937500000000041
2026-08-16 11:20:16.469,16.565,lower,0.07000000000000006,0.08750000000000036
2026-08-16 11:20:16.479,16.575,lower,-0.08750000000000036,0.04375000000000018
2026-08-16 11:20:16.489,16.585,lower,0.08187500000000014,0.0924999999999998
2026-08-16 11:20:16.499,16.595,lower,-0.09499999999999953,0.05624999999999991
2026-08-16 11:20:16.509,16.605,lower,0.043125000000000524,0.07187500000000013
2026-08-16 11:20:16.519,16.615,lower,0.050000000000000044,0.0912500000000005
2026-08-16 11:20:16.529,16.625,lower,-0.1143749999999999,0.04125000000000045
2026-08-16 11:20:16.539,16.635,lower,0.08187500000000014,0.08874999999999966
2026-08-16 11:20:16.549,16.645,lower,-0.1200000000000001,0.061875000000000124
2026-08-16 11:20:16.559,16.655,lower,0.035000000000000586,0.07437499999999986
2026-08-16 11:20:16.569,16.665,lower,0.06562500000000027,0.08937500000000043
2026-08-16 11:20:16.579,16.675,lower,-0.08499999999999952,0.045000000000000595
2026-08-16 11:20:16.589,16.685,lower,0.08500000000000063,0.0924999999999998
2026-08-16 11:20:16.599,16.695,lower,-0.10187500000000016,0.061875000000000124
2026-08-16 11:20:16.609,16.705,lower,0.015000000000000568,0.07437499999999986
2026-08-16 11:20:16.619,16.715,lower,0.04874999999999963,0.08750000000000036
2026-08-16 11:20:16.629,16.725,lower,-0.10437499999999988,0.04125000000000045
2026-08-16 11:20:16.639,16.735,lower,0.07937500000000042,0.09500000000000064
2026-08-16 11:20:16.649,16.745,lower,-0.1243749999999999,0.058749999999999636
2026-08-16 11:20:16.659,16.755,lower,0.033125000000000515,0.06624999999999992
2026-08-16 11:20:16.669,16.765,lower,0.06624999999999992,0.09187500000000015
2026-08-16 11:20:16.679,16.775,lower,-0.12187500000000018,0.03874999999999962
2026-08-16 11:20:16.689,16.785,lower,0.07874999999999965,0.08562500000000028
2026-08-16 11:20:16.699,16.795,lower,-0.10687499999999961,0.055000000000000604
2026-08-16 11:20:16.709,16.805,lower,0.021250000000000435,0.06562500000000027
2026-08-16 11:20:16.719,16.815,lower,0.04062499999999969,0.08812500000000001
2026-08-16 11:20:16.729,16.825,lower,-0.10499999999999954,0.03687500000000066
2026-08-16 11:20:16.739,16.835,lower,0.07937500000000042,0.08687499999999959
2026-08-16 11:20:16.749,16.845,lower,-0.13375000000000026,0.051875000000000115
2026-08-16 11:20:16.759,16.855,lower,0.038124999999999964,0.07000000000000006
2026-08-16 11:20:16.769,16.865,lower,0.06500000000000061,0.08812500000000001
2026-08-16 11:20:16.779,16.875,lower,-0.12249999999999983,0.04125000000000045
2026-08-16 11:20:16.789,16.885,lower,0.08437499999999987,0.09000000000000008
2026-08-16 11:20:16.799,16.895,lower,-0.11249999999999982,0.0637500000000002
2026-08-16 11:20:16.809,16.905,lower,0.02562500000000023,0.07125000000000048
2026-08-16 11:20:16.819,16.915,lower,0.03624999999999989,0.09062499999999973
2026-08-16 11:20:16.829,16.925,lower,-0.10062499999999974,0.04375000000000018
2026-08-16 11:20:16.839,16.935,lower,0.08000000000000007,0.09187500000000015
2026-08-16 11:20:16.849,16.945,lower,-0.08874999999999966,0.0593750000000004
2026-08-16 11:20:16.859,16.955,lower,0.03624999999999989,0.07000000000000006
2026-08-16 11:20:16.869,16.965,lower,0.055000000000000604,0.09000000000000008
2026-08-16 11:20:16.879,16.975,lower,-0.11687499999999962,0.03937500000000038
2026-08-16 11:20:16.889,16.985,lower,0.08312500000000056,0.09187500000000015
2026-08-16 11:20:16.899,16.995,lower,-0.11687499999999962,0.06000000000000005
2026-08-16 11:20:16.909,17.005,lower,0.026249999999999885,0.06062499999999971
2026-08-16 11:20:16.919,17.015,lower,0.06687500000000068,0.08750000000000036
2026-08-16 11:20:16.929,17.025,lower,-0.0924999999999998,0.03687500000000066
2026-08-16 11:20:16.939,17.035,lower,0.08500000000000063,0.08500000000000063
2026-08-16 11:20:16.949,17.045,lower,-0.09874999999999967,0.05437499999999984
2026-08-16 11:20:16.959,17.055,lower,0.03874999999999962,0.06249999999999978
2026-08-16 11:20:16.969,17.065,lower,0.05312500000000053,0.08437499999999987
2026-08-16 11:20:16.979,17.075,lower,-0.1143749999999999,0.038124999999999964
2026-08-16 11:20:16.989,17.085,lower,0.07437499999999986,0.08624999999999994
2026-08-16 11:20:16.999,17.095,lower,-0.1243749999999999,0.050000000000000044
2026-08-16 11:20:17.009,17.105,lower,0.02874999999999961,0.06874999999999964
2026-08-16 11:20:17.019,17.115,lower,0.06750000000000034,0.09062499999999973
2026-08-16 11:20:17.029,17.125,lower,-0.09062499999999973,0.04187500000000011
2026-08-16 11:20:17.039,17.135,lower,0.08125000000000049,0.09000000000000008
2026-08-16 11:20:17.049,17.145,lower,-0.10000000000000009,0.0593750000000004
2026-08-16 11:20:17.059,17.155,lower,0.040000000000000036,0.07062499999999972
2026-08-16 11:20:17.069,17.165,lower,0.045000000000000595,0.08687499999999959
2026-08-16 11:20:17.079,17.175,lower,-0.11187500000000017,0.04125000000000045
2026-08-16 11:20:17.089,17.185,lower,0.07249999999999979,0.09062499999999973
2026-08-16 11:20:17.099,17.195,lower,-0.12562500000000032,0.06062499999999971
2026-08-16 11:20:17.109,17.205,lower,0.031250000000000444,0.0737500000000002
2026-08-16 11:20:17.119,17.215,lower,0.06937500000000041,0.08750000000000036
2026-08-16 11:20:17.129,17.225,lower,-0.08437499999999987,0.03750000000000031
2026-08-16 11:20:17.139,17.235,lower,0.08187500000000014,0.0956250000000003
2026-08-16 11:20:17.149,17.245,lower,-0.10624999999999996,0.05624999999999991
2026-08-16 11:20:17.159,17.255,lower,0.020000000000000018,0.06312500000000054
2026-08-16 11:20:17.169,17.265,lower,0.03562500000000024,0.08812500000000001
2026-08-16 11:20:17.179,17.275,lower,-0.1100000000000001,0.040000000000000036
2026-08-16 11:20:17.189,17.285,lower,0.07500000000000062,0.09000000000000008
2026-08-16 11:20:17.199,17.295,lower,-0.1331249999999995,0.0506249999999997
2026-08-16 11:20:17.209,17.305,lower,0.028124999999999956,0.061875000000000124
2026-08-16 11:20:17.219,17.315,lower,0.05750000000000033,0.0824999999999998
2026-08-16 11:20:17.229,17.325,lower,-0.12687499999999963,0.03874999999999962
2026-08-16 11:20:17.239,17.335,lower,0.08062499999999972,0.08500000000000063
2026-08-16 11:20:17.249,17.345,lower,-0.11624999999999996,0.055000000000000604
2026-08-16 11:20:17.259,17.355,lower,0.017500000000000293,0.07062499999999972
2026-08-16 11:20:17.269,17.365,lower,0.03437499999999982,0.08624999999999994
2026-08-16 11:20:17.279,17.375,lower,-0.10312499999999947,0.03874999999999962
2026-08-16 11:20:17.289,17.385,lower,0.08000000000000007,0.09187500000000015
2026-08-16 11:20:17.299,17.395,lower,-0.0924999999999998,0.0593750000000004
2026-08-16 11:20:17.309,17.405,lower,0.03249999999999975,0.06687500000000068
2026-08-16 11:20:17.319,17.415,lower,0.05812499999999998,0.08812500000000001
2026-08-16 11:20:17.329,17.425,lower,-0.12124999999999941,0.040000000000000036
2026-08-16 11:20:17.339,17.435,lower,0.07937500000000042,0.08937500000000043
2026-08-16 11:20:17.349,17.445,lower,-0.12062499999999976,0.05750000000000033
2026-08-16 11:20:17.359,17.455,lower,0.02562500000000023,0.07437499999999986
2026-08-16 11:20:17.369,17.465,lower,0.026249999999999885,0.08812500000000001
2026-08-16 11:20:17.379,17.475,lower,-0.0956250000000003,0.035000000000000586
2026-08-16 11:20:17.389,17.485,lower,0.08000000000000007,0.0924999999999998
2026-08-16 11:20:17.399,17.495,lower,-0.0956250000000003,0.0593750000000004
2026-08-16 11:20:17.409,17.505,lower,0.03937500000000038,0.06437499999999985
2026-08-16 11:20:17.419,17.515,lower,0.05312500000000053,0.08624999999999994
2026-08-16 11:20:17.429,17.525,lower,-0.1243749999999999,0.040000000000000036
2026-08-16 11:20:17.439,17.535,lower,0.07937500000000042,0.09187500000000015
2026-08-16 11:20:17.449,17.545,lower,-0.12624999999999997,0.05312500000000053
2026-08-16 11:20:17.459,17.555,lower,0.026249999999999885,0.06500000000000061
2026-08-16 11:20:17.469,17.565,lower,0.06687500000000068,0.08562500000000028
2026-08-16 11:20:17.479,17.575,lower,-0.09750000000000036,0.03624999999999989
2026-08-16 11:20:17.489,17.585,lower,0.08125000000000049,0.08812500000000001
2026-08-16 11:20:17.499,17.595,lower,-0.10000000000000009,0.05312500000000053
2026-08-16 11:20:17.509,17.605,lower,0.04062499999999969,0.06687500000000068
2026-08-16 11:20:17.519,17.615,lower,0.04750000000000032,0.08750000000000036
2026-08-16 11:20:17.529,17.625,lower,-0.11562500000000031,0.038124999999999964
2026-08-16 11:20:17.539,17.635,lower,0.07562500000000028,0.08937500000000043
2026-08-16 11:20:17.549,17.645,lower,-0.12499999999999956,0.05125000000000046
2026-08-16 11:20:17.559,17.655,lower,0.028124999999999956,0.07125000000000048
2026-08-16 11:20:17.569,17.665,lower,0.06562500000000027,0.09000000000000008
2026-08-16 11:20:17.579,17.675,lower,-0.09062499999999973,0.03624999999999989
2026-08-16 11:20:17.589,17.685,lower,0.0824999999999998,0.09312500000000057
2026-08-16 11:20:17.599,17.695,lower,-0.1100000000000001,0.05812499999999998
2026-08-16 11:20:17.609,17.705,lower,0.013750000000000151,0.07062499999999972
2026-08-16 11:20:17.619,17.715,lower,0.043125000000000524,0.0912500000000005
2026-08-16 11:20:17.629,17.725,lower,-0.10812500000000003,0.04062499999999969
2026-08-16 11:20:17.639,17.735,lower,0.07687499999999958,0.09062499999999973
2026-08-16 11:20:17.649,17.745,lower,-0.13249999999999984,0.05750000000000033
2026-08-16 11:20:17.659,17.755,lower,0.03375000000000017,0.058749999999999636
2026-08-16 11:20:17.669,17.765,lower,0.06312500000000054,0.08874999999999966
2026-08-16 11:20:17.679,17.775,lower,-0.08437499999999987,0.03562500000000024
2026-08-16 11:20:17.689,17.785,lower,0.07750000000000035,0.0924999999999998
2026-08-16 11:20:17.699,17.795,lower,-0.11249999999999982,0.05249999999999977
2026-08-16 11:20:17.709,17.805,lower,0.017500000000000293,0.06500000000000061
2026-08-16 11:20:17.719,17.815,lower,0.03437499999999982,0.08687499999999959
2026-08-16 11:20:17.729,17.825,lower,-0.10499999999999954,0.03750000000000031
2026-08-16 11:20:17.739,17.835,lower,0.07874999999999965,0.08874999999999966
2026-08-16 11:20:17.749,17.845,lower,-0.13062499999999977,0.05312500000000053
2026-08-16 11:20:17.759,17.855,lower,0.035000000000000586,0.06874999999999964
2026-08-16 11:20:17.769,17.865,lower,0.05624999999999991,0.09000000000000008
2026-08-16 11:20:17.779,17.875,lower,-0.12375000000000025,0.04062499999999969
2026-08-16 11:20:17.789,17.885,lower,0.08125000000000049,0.08687499999999959
2026-08-16 11:20:17.799,17.895,lower,-0.11687499999999962,0.04812499999999997
2026-08-16 11:20:17.809,17.905,lower,0.026249999999999885,0.07062499999999972
2026-08-16 11:20:17.819,17.915,lower,0.030000000000000027,0.08874999999999966
2026-08-16 11:20:17.829,17.925,lower,-0.09874999999999967,0.04187500000000011
2026-08-16 11:20:17.839,17.935,lower,0.08187500000000014,0.09062499999999973
2026-08-16 11:20:17.849,17.945,lower,-0.09124999999999939,0.061875000000000124
2026-08-16 11:20:17.859,17.955,lower,0.03874999999999962,0.07062499999999972
2026-08-16 11:20:17.869,17.965,lower,0.05750000000000033,0.08937500000000043
2026-08-16 11:20:17.879,17.975,lower,-0.12062499999999976,0.04062499999999969
2026-08-16 11:20:17.889,17.985,lower,0.08437499999999987,0.09062499999999973
2026-08-16 11:20:17.899,17.995,lower,-0.11937499999999934,0.055000000000000604
2026-08-16 11:20:17.909,18.005,lower,0.024374999999999813,0.07437499999999986
2026-08-16 11:20:17.919,18.015,lower,0.06624999999999992,0.08562500000000028
2026-08-16 11:20:17.929,18.025,lower,-0.09437499999999988,0.03624999999999989
2026-08-16 11:20:17.939,18.035,lower,0.08125000000000049,0.09000000000000008
2026-08-16 11:20:17.949,18.045,lower,-0.09437499999999988,0.053750000000000187
2026-08-16 11:20:17.959,18.055,lower,0.03624999999999989,0.06249999999999978
2026-08-16 11:20:17.969,18.065,lower,0.051875000000000115,0.08750000000000036
2026-08-16 11:20:17.979,18.075,lower,-0.11062499999999975,0.03687500000000066
2026-08-16 11:20:17.989,18.085,lower,0.09062499999999973,0.0912500000000005
2026-08-16 11:20:17.999,18.095,lower,-0.12562500000000032,0.04750000000000032
2026-08-16 11:20:18.009,18.105,lower,0.0318750000000001,0.06624999999999992
2026-08-16 11:20:18.019,18.115,lower,0.06687500000000068,0.09187500000000015
2026-08-16 11:20:18.029,18.125,lower,-0.08624999999999994,0.03750000000000031
2026-08-16 11:20:18.039,18.135,lower,0.08437499999999987,0.08937500000000043
2026-08-16 11:20:18.049,18.145,lower,-0.10312499999999947,0.04750000000000032
2026-08-16 11:20:18.059,18.155,lower,0.045000000000000595,0.06687500000000068
2026-08-16 11:20:18.069,18.165,lower,0.04937500000000039,0.09062499999999973
2026-08-16 11:20:18.079,18.175,lower,-0.10937499999999933,0.04187500000000011
2026-08-16 11:20:18.089,18.185,lower,0.07687499999999958,0.08874999999999966
2026-08-16 11:20:18.099,18.195,lower,-0.12375000000000025,0.0593750000000004
2026-08-16 11:20:18.109,18.205,lower,0.03437499999999982,0.0737500000000002
2026-08-16 11:20:18.119,18.215,lower,0.06562500000000027,0.08750000000000036
2026-08-16 11:20:18.129,18.225,lower,-0.08187500000000014,0.03562500000000024
2026-08-16 11:20:18.139,18.235,lower,0.08375000000000021,0.0924999999999998
2026-08-16 11:20:18.149,18.245,lower,-0.10437499999999988,0.06000000000000005
2026-08-16 11:20:18.159,18.255,lower,0.017500000000000293,0.07312500000000055
2026-08-16 11:20:18.169,18.265,lower,0.038124999999999964,0.08874999999999966
2026-08-16 11:20:18.179,18.275,lower,-0.10750000000000037,0.03375000000000017
2026-08-16 11:20:18.189,18.285,lower,0.08062499999999972,0.08624999999999994
2026-08-16 11:20:18.199,18.295,lower,-0.12937499999999935,0.05312500000000053
2026-08-16 11:20:18.209,18.305,lower,0.03937500000000038,0.06062499999999971
2026-08-16 11:20:18.219,18.315,lower,0.061875000000000124,0.08375000000000021
2026-08-16 11:20:18.229,18.325,lower,-0.1287499999999997,0.03437499999999982
2026-08-16 11:20:18.239,18.335,lower,0.08937500000000043,0.08562500000000028
2026-08-16 11:20:18.249,18.345,lower,-0.11187500000000017,0.05249999999999977
2026-08-16 11:20:18.259,18.355,lower,0.024374999999999813,0.06750000000000034
2026-08-16 11:20:18.269,18.365,lower,0.03687500000000066,0.08437499999999987
2026-08-16 11:20:18.279,18.375,lower,-0.10000000000000009,0.038124999999999964
2026-08-16 11:20:18.289,18.385,lower,0.08750000000000036,0.08750000000000036
2026-08-16 11:20:18.299,18.395,lower,-0.13624999999999998,0.04937500000000039
2026-08-16 11:20:18.309,18.405,lower,0.040000000000000036,0.07062499999999972
2026-08-16 11:20:18.319,18.415,lower,0.06312500000000054,0.08624999999999994
2026-08-16 11:20:18.329,18.425,lower,-0.11812500000000004,0.038124999999999964
2026-08-16 11:20:18.339,18.435,lower,0.08624999999999994,0.0912500000000005
2026-08-16 11:20:18.349,18.445,lower,-0.11312499999999948,0.0593750000000004
2026-08-16 11:20:18.359,18.455,lower,0.02687500000000065,0.06812499999999999
2026-08-16 11:20:18.369,18.465,lower,0.03375000000000017,0.0912500000000005
2026-08-16 11:20:18.379,18.475,lower,-0.09437499999999988,0.038124999999999964
2026-08-16 11:20:18.389,18.485,lower,0.07874999999999965,0.09062499999999973
2026-08-16 11:20:18.399,18.495,lower,-0.09499999999999953,0.05750000000000033
2026-08-16 11:20:18.409,18.505,lower,0.04125000000000045,0.07624999999999993
2026-08-16 11:20:18.419,18.515,lower,0.05437499999999984,0.08500000000000063
2026-08-16 11:20:18.429,18.525,lower,-0.11375000000000024,0.03687500000000066
2026-08-16 11:20:18.439,18.535,lower,0.08000000000000007,0.09437499999999988
2026-08-16 11:20:18.449,18.545,lower,-0.1200000000000001,0.05562500000000026
2026-08-16 11:20:18.459,18.555,lower,0.030000000000000027,0.06312500000000054
2026-08-16 11:20:18.469,18.565,lower,0.07125000000000048,0.08562500000000028
2026-08-16 11:20:18.479,18.575,lower,-0.09187500000000015,0.03937500000000038
2026-08-16 11:20:18.489,18.585,lower,0.08687499999999959,0.08624999999999994
2026-08-16 11:20:18.499,18.595,lower,-0.10062499999999974,0.050000000000000044
2026-08-16 11:20:18.509,18.605,lower,0.0462499999999999,0.0637500000000002
2026-08-16 11:20:18.519,18.615,lower,0.050000000000000044,0.08687499999999959
2026-08-16 11:20:18.529,18.625,lower,-0.11624999999999996,0.03624999999999989
2026-08-16 11:20:18.539,18.635,lower,0.08062499999999972,0.08750000000000036
2026-08-16 11:20:18.549,18.645,lower,-0.12499999999999956,0.04812499999999997
2026-08-16 11:20:18.559,18.655,lower,0.031250000000000444,0.06562500000000027
2026-08-16 11:20:18.569,18.665,lower,0.07125000000000048,0.08812500000000001
2026-08-16 11:20:18.579,18.675,lower,-0.08562500000000028,0.040000000000000036
2026-08-16 11:20:18.589,18.685,lower,0.08937500000000043,0.09437499999999988
2026-08-16 11:20:18.599,18.695,lower,-0.10437499999999988,0.05812499999999998
2026-08-16 11:20:18.609,18.705,lower,0.046875000000000666,0.07249999999999979
2026-08-16 11:20:18.619,18.715,lower,0.04874999999999963,0.0924999999999998
2026-08-16 11:20:18.629,18.725,lower,-0.10750000000000037,0.040000000000000036
2026-08-16 11:20:18.639,18.735,lower,0.08187500000000014,0.09312500000000057
2026-08-16 11:20:18.649,18.745,lower,-0.13124999999999942,0.05624999999999991
2026-08-16 11:20:18.659,18.755,lower,0.03687500000000066,0.07187500000000013
2026-08-16 11:20:18.669,18.765,lower,0.0637500000000002,0.08687499999999959
2026-08-16 11:20:18.679,18.775,lower,-0.07874999999999965,0.035000000000000586
2026-08-16 11:20:18.689,18.785,lower,0.08624999999999994,0.09062499999999973
2026-08-16 11:20:18.699,18.795,lower,-0.11375000000000024,0.05249999999999977
2026-08-16 11:20:18.709,18.805,lower,0.019375000000000364,0.06125000000000047
2026-08-16 11:20:18.719,18.815,lower,0.03937500000000038,0.08687499999999959
2026-08-16 11:20:18.729,18.825,lower,-0.10437499999999988,0.03687500000000066
2026-08-16 11:20:18.739,18.835,lower,0.07937500000000042,0.08812500000000001
2026-08-16 11:20:18.749,18.845,lower,-0.13249999999999984,0.05312500000000053
2026-08-16 11:20:18.759,18.855,lower,0.038124999999999964,0.06500000000000061
2026-08-16 11:20:18.769,18.865,lower,0.06312500000000054,0.08812500000000001
2026-08-16 11:20:18.779,18.875,lower,-0.12624999999999997,0.03750000000000031
2026-08-16 11:20:18.789,18.885,lower,0.08375000000000021,0.08750000000000036
2026-08-16 11:20:18.799,18.895,lower,-0.11249999999999982,0.04937500000000039
2026-08-16 11:20:18.809,18.905,lower,0.022499999999999742,0.06750000000000034
2026-08-16 11:20:18.819,18.915,lower,0.03375000000000017,0.08624999999999994
2026-08-16 11:20:18.829,18.925,lower,-0.09937499999999932,0.03937500000000038
2026-08-16 11:20:18.839,18.935,lower,0.07937500000000042,0.08687499999999959
2026-08-16 11:20:18.849,18.945,lower,-0.09187500000000015,0.06312500000000054
2026-08-16 11:20:18.859,18.955,lower,0.038124999999999964,0.0737500000000002
2026-08-16 11:20:18.869,18.965,lower,0.058749999999999636,0.09062499999999973
2026-08-16 11:20:18.879,18.975,lower,-0.12062499999999976,0.04062499999999969
2026-08-16 11:20:18.889,18.985,lower,0.08562500000000028,0.09500000000000064
2026-08-16 11:20:18.899,18.995,lower,-0.12375000000000025,0.05750000000000033
2026-08-16 11:20:18.909,19.005,lower,0.02874999999999961,0.07062499999999972
2026-08-16 11:20:18.919,19.015,lower,0.07062499999999972,0.08624999999999994
2026-08-16 11:20:18.929,19.025,lower,-0.10000000000000009,0.031250000000000444
2026-08-16 11:20:18.939,19.035,lower,0.08375000000000021,0.09062499999999973
2026-08-16 11:20:18.949,19.045,lower,-0.10249999999999981,0.04937500000000039
2026-08-16 11:20:18.959,19.055,lower,0.04125000000000045,0.05812499999999998
2026-08-16 11:20:18.969,19.065,lower,0.05437499999999984,0.08500000000000063
2026-08-16 11:20:18.979,19.075,lower,-0.12187500000000018,0.03562500000000024
2026-08-16 11:20:18.989,19.085,lower,0.08624999999999994,0.09375000000000022
2026-08-16 11:20:18.999,19.095,lower,-0.12687499999999963,0.051875000000000115
2026-08-16 11:20:19.009,19.105,lower,0.02375000000000016,0.06687500000000068
2026-08-16 11:20:19.019,19.115,lower,0.07062499999999972,0.08812500000000001
2026-08-16 11:20:19.029,19.125,lower,-0.09312499999999946,0.03687500000000066
2026-08-16 11:20:19.039,19.135,lower,0.08125000000000049,0.09000000000000008
2026-08-16 11:20:19.049,19.145,lower,-0.10312499999999947,0.04937500000000039
2026-08-16 11:20:19.059,19.155,lower,0.04187500000000011,0.06500000000000061
2026-08-16 11:20:19.069,19.165,lower,0.0462499999999999,0.09000000000000008
2026-08-16 11:20:19.079,19.175,lower,-0.11375000000000024,0.03687500000000066
2026-08-16 11:20:19.089,19.185,lower,0.07562500000000028,0.09062499999999973
2026-08-16 11:20:19.099,19.195,lower,-0.12937499999999935,0.06125000000000047
2026-08-16 11:20:19.109,19.205,lower,0.03375000000000017,0.07249999999999979
2026-08-16 11:20:19.119,19.215,lower,0.06500000000000061,0.0912500000000005
2026-08-16 11:20:19.129,19.225,lower,-0.08624999999999994,0.04375000000000018
2026-08-16 11:20:19.139,19.235,lower,0.08187500000000014,0.09375000000000022
2026-08-16 11:20:19.149,19.245,lower,-0.11249999999999982,0.05437499999999984
2026-08-16 11:20:19.159,19.255,lower,0.014374999999999805,0.07312500000000055
2026-08-16 11:20:19.169,19.265,lower,0.03874999999999962,0.08624999999999994
2026-08-16 11:20:19.179,19.275,lower,-0.11187500000000017,0.03375000000000017
2026-08-16 11:20:19.189,19.285,lower,0.07937500000000042,0.08624999999999994
2026-08-16 11:20:19.199,19.295,lower,-0.1331249999999995,0.05249999999999977
2026-08-16 11:20:19.209,19.305,lower,0.029375000000000373,0.06249999999999978
2026-08-16 11:20:19.219,19.315,lower,0.05812499999999998,0.08624999999999994
2026-08-16 11:20:19.229,19.325,lower,-0.08000000000000007,0.03249999999999975
2026-08-16 11:20:19.239,19.335,lower,0.08125000000000049,0.09062499999999973
2026-08-16 11:20:19.249,19.345,lower,-0.11750000000000038,0.05562500000000026
2026-08-16 11:20:19.259,19.355,lower,0.0187499999999996,0.0637500000000002
2026-08-16 11:20:19.269,19.365,lower,0.0318750000000001,0.0824999999999998
2026-08-16 11:20:19.279,19.375,lower,-0.10249999999999981,0.03937500000000038
2026-08-16 11:20:19.289,19.385,lower,0.08062499999999972,0.08874999999999966
2026-08-16 11:20:19.299,19.395,lower,-0.14000000000000012,0.051875000000000115
2026-08-16 11:20:19.309,19.405,lower,0.03687500000000066,0.06937500000000041
2026-08-16 11:20:19.319,19.415,lower,0.058749999999999636,0.08874999999999966
2026-08-16 11:20:19.329,19.425,lower,-0.12687499999999963,0.04125000000000045
2026-08-16 11:20:19.339,19.435,lower,0.08375000000000021,0.0924999999999998
2026-08-16 11:20:19.349,19.445,lower,-0.12499999999999956,0.061875000000000124
2026-08-16 11:20:19.359,19.455,lower,0.02062499999999967,0.06937500000000041
2026-08-16 11:20:19.369,19.465,lower,0.030000000000000027,0.09000000000000008
2026-08-16 11:20:19.379,19.475,lower,-0.10375000000000023,0.04125000000000045
2026-08-16 11:20:19.389,19.485,lower,0.078125,0.0912500000000005
2026-08-16 11:20:19.399,19.495,lower,-0.09812500000000002,0.058749999999999636
2026-08-16 11:20:19.409,19.505,lower,0.03437499999999982,0.07500000000000062
2026-08-16 11:20:19.419,19.515,lower,0.05437499999999984,0.08562500000000028
2026-08-16 11:20:19.429,19.525,lower,-0.12687499999999963,0.035000000000000586
2026-08-16 11:20:19.439,19.535,lower,0.07874999999999965,0.08937500000000043
2026-08-16 11:20:19.449,19.545,lower,-0.12562500000000032,0.055000000000000604
2026-08-16 11:20:19.459,19.555,lower,0.02562500000000023,0.06312500000000054
2026-08-16 11:20:19.469,19.565,lower,0.06125000000000047,0.08687499999999959
2026-08-16 11:20:19.479,19.575,lower,-0.09812500000000002,0.03937500000000038
2026-08-16 11:20:19.489,19.585,lower,0.07750000000000035,0.08937500000000043
2026-08-16 11:20:19.499,19.595,lower,-0.1056250000000003,0.05437499999999984
2026-08-16 11:20:19.509,19.605,lower,0.04375000000000018,0.06562500000000027
2026-08-16 11:20:19.519,19.615,lower,0.04375000000000018,0.08687499999999959
2026-08-16 11:20:19.529,19.625,lower,-0.12062499999999976,0.03687500000000066
2026-08-16 11:20:19.539,19.635,lower,0.08062499999999972,0.08750000000000036
2026-08-16 11:20:19.549,19.645,lower,-0.1318750000000002,0.055000000000000604
2026-08-16 11:20:19.559,19.655,lower,0.025000000000000577,0.07062499999999972
2026-08-16 11:20:19.569,19.665,lower,0.06437499999999985,0.08624999999999994
2026-08-16 11:20:19.579,19.675,lower,-0.09375000000000022,0.043125000000000524
2026-08-16 11:20:19.589,19.685,lower,0.08000000000000007,0.09000000000000008
2026-08-16 11:20:19.599,19.695,lower,-0.10937499999999933,0.0506249999999997
2026-08-16 11:20:19.609,19.705,lower,0.040000000000000036,0.06562500000000027
2026-08-16 11:20:19.619,19.715,lower,0.04187500000000011,0.09062499999999973
2026-08-16 11:20:19.629,19.725,lower,-0.11687499999999962,0.04062499999999969
2026-08-16 11:20:19.639,19.735,lower,0.0737500000000002,0.08874999999999966
2026-08-16 11:20:19.649,19.745,lower,-0.13562500000000033,0.06000000000000005
2026-08-16 11:20:19.659,19.755,lower,0.030000000000000027,0.0737500000000002
2026-08-16 11:20:19.669,19.765,lower,0.06312500000000054,0.08874999999999966
2026-08-16 11:20:19.679,19.775,lower,-0.08624999999999994,0.03624999999999989
2026-08-16 11:20:19.689,19.785,lower,0.078125,0.09062499999999973
2026-08-16 11:20:19.699,19.795,lower,-0.11812500000000004,0.055000000000000604
2026-08-16 11:20:19.709,19.805,lower,0.013125000000000497,0.07249999999999979
2026-08-16 11:20:19.719,19.815,lower,0.03437499999999982,0.08812500000000001
2026-08-16 11:20:19.729,19.825,lower,-0.1143749999999999,0.03687500000000066
2026-08-16 11:20:19.739,19.835,lower,0.0737500000000002,0.09000000000000008
2026-08-16 11:20:19.749,19.845,lower,-0.1387499999999997,0.05125000000000046
2026-08-16 11:20:19.759,19.855,lower,0.033125000000000515,0.06562500000000027
2026-08-16 11:20:19.769,19.865,lower,0.0593750000000004,0.08687499999999959
2026-08-16 11:20:19.779,19.875,lower,-0.13249999999999984,0.040000000000000036
2026-08-16 11:20:19.789,19.885,lower,0.08000000000000007,0.08812500000000001
2026-08-16 11:20:19.799,19.895,lower,-0.11687499999999962,0.05562500000000026
2026-08-16 11:20:19.809,19.905,lower,0.020000000000000018,0.06750000000000034
2026-08-16 11:20:19.819,19.915,lower,0.03062499999999968,0.08750000000000036
2026-08-16 11:20:19.829,19.925,lower,-0.10375000000000023,0.043125000000000524
2026-08-16 11:20:19.839,19.935,lower,0.07500000000000062,0.09000000000000008
2026-08-16 11:20:19.849,19.945,lower,-0.13624999999999998,0.050000000000000044
2026-08-16 11:20:19.859,19.955,lower,0.03562500000000024,0.07000000000000006
2026-08-16 11:20:19.869,19.965,lower,0.050000000000000044,0.09000000000000008
2026-08-16 11:20:19.879,19.975,lower,-0.1243749999999999,0.04125000000000045
2026-08-16 11:20:19.889,19.985,lower,0.07874999999999965,0.0912500000000005
2026-08-16 11:20:19.899,19.995,lower,-0.1243749999999999,0.06249999999999978
2026-08-16 11:20:19.909,20.005,lower,0.02187500000000009,0.07000000000000006
2026-08-16 11:20:19.919,20.015,lower,0.018124999999999947,0.08562500000000028
2026-08-16 11:20:19.929,20.025,lower,-0.09812500000000002,0.03687500000000066
2026-08-16 11:20:19.939,20.035,lower,0.08125000000000049,0.0912500000000005
2026-08-16 11:20:19.949,20.045,lower,-0.10437499999999988,0.05624999999999991
2026-08-16 11:20:19.959,20.055,lower,0.03562500000000024,0.0737500000000002
2026-08-16 11:20:19.969,20.065,lower,0.0506249999999997,0.08437499999999987
2026-08-16 11:20:19.979,20.075,lower,-0.12249999999999983,0.04125000000000045
2026-08-16 11:20:19.989,20.085,lower,0.08312500000000056,0.0956250000000003
2026-08-16 11:20:19.999,20.095,lower,-0.12812500000000004,0.05624999999999991
2026-08-16 11:20:20.009,20.105,lower,0.024374999999999813,0.06500000000000061
2026-08-16 11:20:20.019,20.115,lower,0.06874999999999964,0.09187500000000015
2026-08-16 11:20:20.029,20.125,lower,-0.0924999999999998,0.04187500000000011
2026-08-16 11:20:20.039,20.135,lower,0.07500000000000062,0.09062499999999973
2026-08-16 11:20:20.049,20.145,lower,-0.10437499999999988,0.05312500000000053
2026-08-16 11:20:20.059,20.155,lower,0.04125000000000045,0.06687500000000068
2026-08-16 11:20:20.069,20.165,lower,0.04750000000000032,0.08750000000000036
2026-08-16 11:20:20.079,20.175,lower,-0.14562500000000034,0.03937500000000038
2026-08-16 11:20:20.089,20.185,lower,0.07249999999999979,0.08750000000000036
2026-08-16 11:20:20.099,20.195,lower,-0.13062499999999977,0.051875000000000115
2026-08-16 11:20:20.109,20.205,lower,0.03062499999999968,0.07000000000000006
2026-08-16 11:20:20.119,20.215,lower,0.0637500000000002,0.0912500000000005
2026-08-16 11:20:20.129,20.225,lower,-0.08874999999999966,0.04437499999999983
2026-08-16 11:20:20.139,20.235,lower,0.07874999999999965,0.0924999999999998
2026-08-16 11:20:20.149,20.245,lower,-0.11062499999999975,0.06249999999999978
2026-08-16 11:20:20.159,20.255,lower,0.0462499999999999,0.07125000000000048
2026-08-16 11:20:20.169,20.265,lower,0.03937500000000038,0.08624999999999994
2026-08-16 11:20:20.179,20.275,lower,-0.11562500000000031,0.038124999999999964
2026-08-16 11:20:20.189,20.285,lower,0.07874999999999965,0.09062499999999973
2026-08-16 11:20:20.199,20.295,lower,-0.1331249999999995,0.05624999999999991
2026-08-16 11:20:20.209,20.305,lower,0.02874999999999961,0.07312500000000055
2026-08-16 11:20:20.219,20.315,lower,0.06125000000000047,0.08812500000000001
2026-08-16 11:20:20.229,20.325,lower,-0.08312499999999945,0.03937500000000038
2026-08-16 11:20:20.239,20.335,lower,0.07937500000000042,0.09375000000000022
2026-08-16 11:20:20.249,20.345,lower,-0.11187500000000017,0.05750000000000033
2026-08-16 11:20:20.259,20.355,lower,0.016249999999999876,0.06249999999999978
2026-08-16 11:20:20.269,20.365,lower,0.033125000000000515,0.08562500000000028
2026-08-16 11:20:20.279,20.375,lower,-0.10499999999999954,0.038124999999999964
2026-08-16 11:20:20.289,20.385,lower,0.08437499999999987,0.08750000000000036
2026-08-16 11:20:20.299,20.395,lower,-0.13624999999999998,0.055000000000000604
2026-08-16 11:20:20.309,20.405,lower,0.03687500000000066,0.06937500000000041
2026-08-16 11:20:20.319,20.415,lower,0.058749999999999636,0.08624999999999994
2026-08-16 11:20:20.329,20.425,lower,-0.12375000000000025,0.04187500000000011
2026-08-16 11:20:20.339,20.435,lower,0.08562500000000028,0.08937500000000043
2026-08-16 11:20:20.349,20.445,lower,-0.12187500000000018,0.0506249999999997
2026-08-16 11:20:20.359,20.455,lower,0.024374999999999813,0.07125000000000048
2026-08-16 11:20:20.369,20.465,lower,0.02874999999999961,0.08937500000000043
2026-08-16 11:20:20.379,20.475,lower,-0.10062499999999974,0.04062499999999969
2026-08-16 11:20:20.389,20.485,lower,0.08187500000000014,0.09187500000000015
2026-08-16 11:20:20.399,20.495,lower,-0.14062499999999978,0.058749999999999636
2026-08-16 11:20:20.409,20.505,lower,0.040000000000000036,0.07062499999999972
2026-08-16 11:20:20.419,20.515,lower,0.058749999999999636,0.08874999999999966
2026-08-16 11:20:20.429,20.525,lower,-0.12187500000000018,0.04125000000000045
2026-08-16 11:20:20.439,20.535,lower,0.08562500000000028,0.09000000000000008
2026-08-16 11:20:20.449,20.545,lower,-0.12249999999999983,0.0593750000000004
2026-08-16 11:20:20.459,20.555,lower,0.024374999999999813,0.0737500000000002
2026-08-16 11:20:20.469,20.565,lower,0.026249999999999885,0.08812500000000001
2026-08-16 11:20:20.479,20.575,lower,-0.0956250000000003,0.04125000000000045
2026-08-16 11:20:20.489,20.585,lower,0.08312500000000056,0.09500000000000064
2026-08-16 11:20:20.499,20.595,lower,-0.09624999999999995,0.05750000000000033
2026-08-16 11:20:20.509,20.605,lower,0.04187500000000011,0.06437499999999985
2026-08-16 11:20:20.519,20.615,lower,0.053750000000000187,0.08937500000000043
2026-08-16 11:20:20.529,20.625,lower,-0.11499999999999955,0.03874999999999962
2026-08-16 11:20:20.539,20.635,lower,0.08125000000000049,0.08500000000000063
2026-08-16 11:20:20.549,20.645,lower,-0.1243749999999999,0.05312500000000053
2026-08-16 11:20:20.559,20.655,lower,0.033125000000000515,0.06687500000000068
2026-08-16 11:20:20.569,20.665,lower,0.0637500000000002,0.08375000000000021
2026-08-16 11:20:20.579,20.675,lower,-0.08812500000000001,0.040000000000000036
2026-08-16 11:20:20.589,20.685,lower,0.0824999999999998,0.08624999999999994
2026-08-16 11:20:20.599,20.695,lower,-0.10624999999999996,0.050000000000000044
2026-08-16 11:20:20.609,20.705,lower,0.04437499999999983,0.06812499999999999
2026-08-16 11:20:20.619,20.715,lower,0.04249999999999976,0.08562500000000028
2026-08-16 11:20:20.629,20.725,lower,-0.1100000000000001,0.040000000000000036
2026-08-16 11:20:20.639,20.735,lower,0.08125000000000049,0.09062499999999973
2026-08-16 11:20:20.649,20.745,lower,-0.1331249999999995,0.061875000000000124
2026-08-16 11:20:20.659,20.755,lower,0.03437499999999982,0.07187500000000013
2026-08-16 11:20:20.669,20.765,lower,0.06812499999999999,0.08437499999999987
2026-08-16 11:20:20.679,20.775,lower,-0.0824999999999998,0.03937500000000038
2026-08-16 11:20:20.689,20.785,lower,0.0824999999999998,0.08937500000000043
2026-08-16 11:20:20.699,20.795,lower,-0.1143749999999999,0.05437499999999984
2026-08-16 11:20:20.709,20.805,lower,0.015625000000000222,0.06937500000000041
2026-08-16 11:20:20.719,20.815,lower,0.040000000000000036,0.08624999999999994
2026-08-16 11:20:20.729,20.825,lower,-0.10499999999999954,0.03687500000000066
2026-08-16 11:20:20.739,20.835,lower,0.07874999999999965,0.09062499999999973
2026-08-16 11:20:20.749,20.845,lower,-0.1343749999999999,0.055000000000000604
2026-08-16 11:20:20.759,20.855,lower,0.03687500000000066,0.06249999999999978
2026-08-16 11:20:20.769,20.865,lower,0.06500000000000061,0.08500000000000063
2026-08-16 11:20:20.779,20.875,lower,-0.07750000000000035,0.03874999999999962
2026-08-16 11:20:20.789,20.885,lower,0.08312500000000056,0.0912500000000005
2026-08-16 11:20:20.799,20.895,lower,-0.11499999999999955,0.051875000000000115
2026-08-16 11:20:20.809,20.905,lower,0.02562500000000023,0.06687500000000068
2026-08-16 11:20:20.819,20.915,lower,0.033125000000000515,0.08500000000000063
2026-08-16 11:20:20.829,20.925,lower,-0.10499999999999954,0.03687500000000066
2026-08-16 11:20:20.839,20.935,lower,0.08624999999999994,0.08937500000000043
2026-08-16 11:20:20.849,20.945,lower,-0.14062499999999978,0.04874999999999963
2026-08-16 11:20:20.859,20.955,lower,0.03874999999999962,0.06937500000000041
2026-08-16 11:20:20.869,20.965,lower,0.05812499999999998,0.09000000000000008
2026-08-16 11:20:20.879,20.975,lower,-0.12687499999999963,0.03750000000000031
2026-08-16 11:20:20.889,20.985,lower,0.09062499999999973,0.0912500000000005
2026-08-16 11:20:20.899,20.995,lower,-0.12375000000000025,0.058749999999999636
2026-08-16 11:20:20.909,21.005,lower,0.026249999999999885,0.07312500000000055
2026-08-16 11:20:20.919,21.015,lower,0.02687500000000065,0.08312500000000056
2026-08-16 11:20:20.929,21.025,lower,-0.09874999999999967,0.03937500000000038
2026-08-16 11:20:20.939,21.035,lower,0.0824999999999998,0.09000000000000008
2026-08-16 11:20:20.949,21.045,lower,-0.09812500000000002,0.05750000000000033
2026-08-16 11:20:20.959,21.055,lower,0.03687500000000066,0.07000000000000006
2026-08-16 11:20:20.969,21.065,lower,0.051875000000000115,0.08687499999999959
2026-08-16 11:20:20.979,21.075,lower,-0.11812500000000004,0.03750000000000031
2026-08-16 11:20:20.989,21.085,lower,0.08562500000000028,0.0912500000000005
2026-08-16 11:20:20.999,21.095,lower,-0.12499999999999956,0.05624999999999991
2026-08-16 11:20:21.009,21.105,lower,0.02687500000000065,0.06312500000000054
2026-08-16 11:20:21.019,21.115,lower,0.06812499999999999,0.08750000000000036
2026-08-16 11:20:21.029,21.125,lower,-0.09000000000000008,0.04062499999999969
2026-08-16 11:20:21.039,21.135,lower,0.07937500000000042,0.0924999999999998
2026-08-16 11:20:21.049,21.145,lower,-0.10499999999999954,0.05562500000000026
2026-08-16 11:20:21.059,21.155,lower,0.04187500000000011,0.06687500000000068
2026-08-16 11:20:21.069,21.165,lower,0.04562500000000025,0.08687499999999959
2026-08-16 11:20:21.079,21.175,lower,-0.11750000000000038,0.04125000000000045
2026-08-16 11:20:21.089,21.185,lower,0.08000000000000007,0.08562500000000028
2026-08-16 11:20:21.099,21.195,lower,-0.13375000000000026,0.04937500000000039
2026-08-16 11:20:21.109,21.205,lower,0.03249999999999975,0.06687500000000068
2026-08-16 11:20:21.119,21.215,lower,0.0637500000000002,0.08812500000000001
2026-08-16 11:20:21.129,21.225,lower,-0.08687499999999959,0.038124999999999964
2026-08-16 11:20:21.139,21.235,lower,0.08437499999999987,0.08750000000000036
2026-08-16 11:20:21.149,21.245,lower,-0.11187500000000017,0.058749999999999636
2026-08-16 11:20:21.159,21.255,lower,0.0462499999999999,0.06874999999999964
2026-08-16 11:20:21.169,21.265,lower,0.038124999999999964,0.08375000000000021
2026-08-16 11:20:21.179,21.275,lower,-0.11499999999999955,0.04187500000000011
2026-08-16 11:20:21.189,21.285,lower,0.07562500000000028,0.08687499999999959
2026-08-16 11:20:21.199,21.295,lower,-0.13812500000000005,0.05249999999999977
2026-08-16 11:20:21.209,21.305,lower,0.031250000000000444,0.07187500000000013
2026-08-16 11:20:21.219,21.315,lower,0.05812499999999998,0.08500000000000063
2026-08-16 11:20:21.229,21.325,lower,-0.08687499999999959,0.03750000000000031
2026-08-16 11:20:21.239,21.335,lower,0.08062499999999972,0.09062499999999973
2026-08-16 11:20:21.249,21.345,lower,-0.11812500000000004,0.05312500000000053
2026-08-16 11:20:21.259,21.355,lower,0.016249999999999876,0.06500000000000061
2026-08-16 11:20:21.269,21.365,lower,0.031250000000000444,0.08874999999999966
2026-08-16 11:20:21.279,21.375,lower,-0.10687499999999961,0.038124999999999964
2026-08-16 11:20:21.289,21.385,lower,0.078125,0.09062499999999973
2026-08-16 11:20:21.299,21.395,lower,-0.14124999999999943,0.05249999999999977
2026-08-16 11:20:21.309,21.405,lower,0.0318750000000001,0.06437499999999985
2026-08-16 11:20:21.319,21.415,lower,0.05624999999999991,0.08562500000000028
2026-08-16 11:20:21.329,21.425,lower,-0.12687499999999963,0.03937500000000038
2026-08-16 11:20:21.339,21.435,lower,0.08187500000000014,0.08562500000000028
2026-08-16 11:20:21.349,21.445,lower,-0.12499999999999956,0.05125000000000046
2026-08-16 11:20:21.359,21.455,lower,0.019375000000000364,0.06937500000000041
2026-08-16 11:20:21.369,21.465,lower,0.022499999999999742,0.08874999999999966
2026-08-16 11:20:21.379,21.475,lower,-0.10375000000000023,0.04062499999999969
2026-08-16 11:20:21.389,21.485,lower,0.07937500000000042,0.09000000000000008
2026-08-16 11:20:21.399,21.495,lower,-0.1475000000000004,0.04750000000000032
2026-08-16 11:20:21.409,21.505,lower,0.03624999999999989,0.06687500000000068
2026-08-16 11:20:21.419,21.515,lower,0.0506249999999997,0.08562500000000028
2026-08-16 11:20:21.429,21.525,lower,-0.1275000000000004,0.03874999999999962
2026-08-16 11:20:21.439,21.535,lower,0.07937500000000042,0.08750000000000036
2026-08-16 11:20:21.449,21.545,lower,-0.13062499999999977,0.05624999999999991
2026-08-16 11:20:21.459,21.555,lower,0.023125000000000506,0.0737500000000002
2026-08-16 11:20:21.469,21.565,lower,0.019375000000000364,0.08500000000000063
2026-08-16 11:20:21.479,21.575,lower,-0.10187500000000016,0.033125000000000515
2026-08-16 11:20:21.489,21.585,lower,0.07937500000000042,0.0924999999999998
2026-08-16 11:20:21.499,21.595,lower,-0.1056250000000003,0.05249999999999977
2026-08-16 11:20:21.509,21.605,lower,0.03687500000000066,0.07000000000000006
2026-08-16 11:20:21.519,21.615,lower,0.04562500000000025,0.08812500000000001
2026-08-16 11:20:21.529,21.625,lower,-0.11937499999999934,0.040000000000000036
2026-08-16 11:20:21.539,21.635,lower,0.07937500000000042,0.09062499999999973
2026-08-16 11:20:21.549,21.645,lower,-0.1318750000000002,0.05249999999999977
2026-08-16 11:20:21.559,21.655,lower,0.02562500000000023,0.06562500000000027
2026-08-16 11:20:21.569,21.665,lower,0.06125000000000047,0.08687499999999959
2026-08-16 11:20:21.579,21.675,lower,-0.09437499999999988,0.03687500000000066
2026-08-16 11:20:21.589,21.685,lower,0.08375000000000021,0.08750000000000036
2026-08-16 11:20:21.599,21.695,lower,-0.11687499999999962,0.0506249999999997
2026-08-16 11:20:21.609,21.705,lower,0.038124999999999964,0.06874999999999964
2026-08-16 11:20:21.619,21.715,lower,0.03624999999999989,0.08437499999999987
2026-08-16 11:20:21.629,21.725,lower,-0.11874999999999969,0.04187500000000011
2026-08-16 11:20:21.639,21.735,lower,0.07874999999999965,0.0912500000000005
2026-08-16 11:20:21.649,21.745,lower,-0.14437499999999992,0.04937500000000039
2026-08-16 11:20:21.659,21.755,lower,0.030000000000000027,0.06937500000000041
2026-08-16 11:20:21.669,21.765,lower,0.06062499999999971,0.08437499999999987
2026-08-16 11:20:21.679,21.775,lower,-0.0924999999999998,0.03624999999999989
2026-08-16 11:20:21.689,21.785,lower,0.08437499999999987,0.08750000000000036
2026-08-16 11:20:21.699,21.795,lower,-0.12624999999999997,0.05437499999999984
2026-08-16 11:20:21.709,21.805,lower,0.04187500000000011,0.07312500000000055
2026-08-16 11:20:21.719,21.815,lower,0.03249999999999975,0.08624999999999994
2026-08-16 11:20:21.729,21.825,lower,-0.11499999999999955,0.038124999999999964
2026-08-16 11:20:21.739,21.835,lower,0.07437499999999986,0.09062499999999973
2026-08-16 11:20:21.749,21.845,lower,-0.1431249999999995,0.05562500000000026
2026-08-16 11:20:21.759,21.855,lower,0.02562500000000023,0.07437499999999986
2026-08-16 11:20:21.769,21.865,lower,0.06000000000000005,0.08812500000000001
2026-08-16 11:20:21.779,21.875,lower,-0.08562500000000028,0.03624999999999989
2026-08-16 11:20:21.789,21.885,lower,0.078125,0.09187500000000015
2026-08-16 11:20:21.799,21.895,lower,-0.12499999999999956,0.05249999999999977
2026-08-16 11:20:21.809,21.905,lower,0.01687500000000064,0.06750000000000034
2026-08-16 11:20:21.819,21.915,lower,0.029375000000000373,0.08624999999999994
2026-08-16 11:20:21.829,21.925,lower,-0.1112499999999994,0.040000000000000036
2026-08-16 11:20:21.839,21.935,lower,0.07437499999999986,0.08437499999999987
2026-08-16 11:20:21.849,21.945,lower,-0.14499999999999957,0.05249999999999977
2026-08-16 11:20:21.859,21.955,lower,0.031250000000000444,0.06624999999999992
2026-08-16 11:20:21.869,21.965,lower,0.0506249999999997,0.08312500000000056
2026-08-16 11:20:21.879,21.975,lower,-0.1287499999999997,0.04125000000000045
2026-08-16 11:20:21.889,21.985,lower,0.08000000000000007,0.08812500000000001
2026-08-16 11:20:21.899,21.995,lower,-0.13062499999999977,0.04937500000000039
2026-08-16 11:20:21.909,22.005,lower,0.02062499999999967,0.07125000000000048
2026-08-16 11:20:21.919,22.015,lower,0.020000000000000018,0.08500000000000063
2026-08-16 11:20:21.929,22.025,lower,-0.1100000000000001,0.04062499999999969
2026-08-16 11:20:21.939,22.035,lower,0.07687499999999958,0.08687499999999959
2026-08-16 11:20:21.949,22.045,lower,-0.1100000000000001,0.053750000000000187
2026-08-16 11:20:21.959,22.055,lower,0.03062499999999968,0.06874999999999964
2026-08-16 11:20:21.969,22.065,lower,0.045000000000000595,0.08624999999999994
2026-08-16 11:20:21.979,22.075,lower,-0.12687499999999963,0.03562500000000024
2026-08-16 11:20:21.989,22.085,lower,0.08062499999999972,0.08937500000000043
2026-08-16 11:20:21.999,22.095,lower,-0.13249999999999984,0.056875000000000675
2026-08-16 11:20:22.009,22.105,lower,0.021250000000000435,0.07562500000000028
2026-08-16 11:20:22.019,22.115,lower,0.016249999999999876,0.08624999999999994
2026-08-16 11:20:22.029,22.125,lower,-0.09750000000000036,0.03562500000000024
2026-08-16 11:20:22.039,22.135,lower,0.08062499999999972,0.09437499999999988
2026-08-16 11:20:22.049,22.145,lower,-0.11187500000000017,0.05312500000000053
2026-08-16 11:20:22.059,22.155,lower,0.03249999999999975,0.06812499999999999
2026-08-16 11:20:22.069,22.165,lower,0.043125000000000524,0.08750000000000036
2026-08-16 11:20:22.079,22.175,lower,-0.11687499999999962,0.03937500000000038
2026-08-16 11:20:22.089,22.185,lower,0.07500000000000062,0.08624999999999994
2026-08-16 11:20:22.099,22.195,lower,-0.13687499999999964,0.051875000000000115
2026-08-16 11:20:22.109,22.205,lower,0.02687500000000065,0.06687500000000068
2026-08-16 11:20:22.119,22.215,lower,0.06062499999999971,0.08312500000000056
2026-08-16 11:20:22.129,22.225,lower,-0.09437499999999988,0.04062499999999969
2026-08-16 11:20:22.139,22.235,lower,0.07687499999999958,0.08874999999999966
2026-08-16 11:20:22.149,22.245,lower,-0.11937499999999934,0.04874999999999963
2026-08-16 11:20:22.159,22.255,lower,0.04249999999999976,0.07312500000000055
2026-08-16 11:20:22.169,22.265,lower,0.03375000000000017,0.08437499999999987
2026-08-16 11:20:22.179,22.275,lower,-0.11750000000000038,0.03937500000000038
2026-08-16 11:20:22.189,22.285,lower,0.0737500000000002,0.08937500000000043
2026-08-16 11:20:22.199,22.295,lower,-0.14437499999999992,0.053750000000000187
2026-08-16 11:20:22.209,22.305,lower,0.02874999999999961,0.06937500000000041
2026-08-16 11:20:22.219,22.315,lower,0.05750000000000033,0.08624999999999994
2026-08-16 11:20:22.229,22.325,lower,-0.08937500000000043,0.03562500000000024
2026-08-16 11:20:22.239,22.335,lower,0.08125000000000049,0.09000000000000008
2026-08-16 11:20:22.249,22.345,lower,-0.1200000000000001,0.05312500000000053
2026-08-16 11:20:22.259,22.355,lower,0.015000000000000568,0.07624999999999993
2026-08-16 11:20:22.269,22.365,lower,0.028124999999999956,0.08562500000000028
2026-08-16 11:20:22.279,22.375,lower,-0.10874999999999968,0.03687500000000066
2026-08-16 11:20:22.289,22.385,lower,0.07687499999999958,0.09000000000000008
2026-08-16 11:20:22.299,22.395,lower,-0.1418750000000002,0.05249999999999977
2026-08-16 11:20:22.309,22.405,lower,0.03375000000000017,0.06562500000000027
2026-08-16 11:20:22.319,22.415,lower,0.05312500000000053,0.08437499999999987
2026-08-16 11:20:22.329,22.425,lower,-0.07750000000000035,0.03750000000000031
2026-08-16 11:20:22.339,22.435,lower,0.08125000000000049,0.08812500000000001
2026-08-16 11:20:22.349,22.445,lower,-0.12187500000000018,0.0506249999999997
2026-08-16 11:20:22.359,22.455,lower,0.018124999999999947,0.07125000000000048
2026-08-16 11:20:22.369,22.465,lower,0.028124999999999956,0.08624999999999994
2026-08-16 11:20:22.379,22.475,lower,-0.10187500000000016,0.04062499999999969
2026-08-16 11:20:22.389,22.485,lower,0.08000000000000007,0.09000000000000008
2026-08-16 11:20:22.399,22.495,lower,-0.14625,0.046875000000000666
2026-08-16 11:20:22.409,22.505,lower,0.03437499999999982,0.07062499999999972
2026-08-16 11:20:22.419,22.515,lower,0.04812499999999997,0.08750000000000036
2026-08-16 11:20:22.429,22.525,lower,-0.12187500000000018,0.03750000000000031
2026-08-16 11:20:22.439,22.535,lower,0.07937500000000042,0.08812500000000001
2026-08-16 11:20:22.449,22.545,lower,-0.13375000000000026,0.05562500000000026
2026-08-16 11:20:22.459,22.555,lower,0.026249999999999885,0.07312500000000055
2026-08-16 11:20:22.469,22.565,lower,0.0187499999999996,0.08312500000000056
2026-08-16 11:20:22.479,22.575,lower,-0.09499999999999953,0.045000000000000595
2026-08-16 11:20:22.489,22.585,lower,0.08125000000000049,0.0924999999999998
2026-08-16 11:20:22.499,22.595,lower,-0.1100000000000001,0.05437499999999984
2026-08-16 11:20:22.509,22.605,lower,0.04062499999999969,0.07562500000000028
2026-08-16 11:20:22.519,22.615,lower,0.0462499999999999,0.08750000000000036
2026-08-16 11:20:22.529,22.625,lower,-0.11874999999999969,0.03375000000000017
2026-08-16 11:20:22.539,22.635,lower,0.0824999999999998,0.08874999999999966
2026-08-16 11:20:22.549,22.645,lower,-0.13249999999999984,0.04937500000000039
2026-08-16 11:20:22.559,22.655,lower,0.03062499999999968,0.06249999999999978
2026-08-16 11:20:22.569,22.665,lower,0.06500000000000061,0.08562500000000028
2026-08-16 11:20:22.579,22.675,lower,-0.09187500000000015,0.03687500000000066
2026-08-16 11:20:22.589,22.685,lower,0.08375000000000021,0.08687499999999959
2026-08-16 11:20:22.599,22.695,lower,-0.11312499999999948,0.051875000000000115
2026-08-16 11:20:22.609,22.705,lower,0.04125000000000045,0.06750000000000034
2026-08-16 11:20:22.619,22.715,lower,0.040000000000000036,0.0824999999999998
2026-08-16 11:20:22.629,22.725,lower,-0.11187500000000017,0.03937500000000038
2026-08-16 11:20:22.639,22.735,lower,0.078125,0.0912500000000005
2026-08-16 11:20:22.649,22.745,lower,-0.1318750000000002,0.046875000000000666
2026-08-16 11:20:22.659,22.755,lower,0.03249999999999975,0.07125000000000048
2026-08-16 11:20:22.669,22.765,lower,0.06000000000000005,0.08687499999999959
2026-08-16 11:20:22.679,22.775,lower,-0.08187500000000014,0.03624999999999989
2026-08-16 11:20:22.689,22.785,lower,0.08062499999999972,0.09062499999999973
2026-08-16 11:20:22.699,22.795,lower,-0.11874999999999969,0.05437499999999984
2026-08-16 11:20:22.709,22.805,lower,0.04125000000000045,0.06937500000000041
2026-08-16 11:20:22.719,22.815,lower,0.02874999999999961,0.08500000000000063
2026-08-16 11:20:22.729,22.825,lower,-0.10249999999999981,0.04187500000000011
2026-08-16 11:20:22.739,22.835,lower,0.07937500000000042,0.09437499999999988
2026-08-16 11:20:22.749,22.845,lower,-0.1387499999999997,0.05812499999999998
2026-08-16 11:20:22.759,22.855,lower,0.03687500000000066,0.07750000000000035
2026-08-16 11:20:22.769,22.865,lower,0.058749999999999636,0.08937500000000043
2026-08-16 11:20:22.779,22.875,lower,-0.07187500000000013,0.03874999999999962
2026-08-16 11:20:22.789,22.885,lower,0.08187500000000014,0.09750000000000036
2026-08-16 11:20:22.799,22.895,lower,-0.12375000000000025,0.053750000000000187
2026-08-16 11:20:22.809,22.905,lower,0.021250000000000435,0.06500000000000061
2026-08-16 11:20:22.819,22.915,lower,0.030000000000000027,0.08937500000000043
2026-08-16 11:20:22.829,22.925,lower,-0.10249999999999981,0.04062499999999969
2026-08-16 11:20:22.839,22.935,lower,0.08312500000000056,0.0912500000000005
2026-08-16 11:20:22.849,22.945,lower,-0.14375000000000027,0.0506249999999997
2026-08-16 11:20:22.859,22.955,lower,0.04062499999999969,0.06562500000000027
2026-08-16 11:20:22.869,22.965,lower,0.055000000000000604,0.08312500000000056
2026-08-16 11:20:22.879,22.975,lower,-0.12624999999999997,0.035000000000000586
2026-08-16 11:20:22.889,22.985,lower,0.08437499999999987,0.08750000000000036
2026-08-16 11:20:22.899,22.995,lower,-0.12124999999999941,0.046875000000000666
2026-08-16 11:20:22.909,23.005,lower,0.024374999999999813,0.07249999999999979
2026-08-16 11:20:22.919,23.015,lower,0.020000000000000018,0.08500000000000063
2026-08-16 11:20:22.929,23.025,lower,-0.09874999999999967,0.03874999999999962
2026-08-16 11:20:22.939,23.035,lower,0.07687499999999958,0.09187500000000015
2026-08-16 11:20:22.949,23.045,lower,-0.10312499999999947,0.05750000000000033
2026-08-16 11:20:22.959,23.055,lower,0.03687500000000066,0.07062499999999972
2026-08-16 11:20:22.969,23.065,lower,0.0462499999999999,0.08937500000000043
2026-08-16 11:20:22.979,23.075,lower,-0.11874999999999969,0.03874999999999962
2026-08-16 11:20:22.989,23.085,lower,0.08312500000000056,0.09375000000000022
2026-08-16 11:20:22.999,23.095,lower,-0.1287499999999997,0.05624999999999991
2026-08-16 11:20:23.009,23.105,lower,0.025000000000000577,0.07500000000000062
2026-08-16 11:20:23.019,23.115,lower,0.013750000000000151,0.08874999999999966
2026-08-16 11:20:23.029,23.125,lower,-0.08937500000000043,0.035000000000000586
2026-08-16 11:20:23.039,23.135,lower,0.07937500000000042,0.09437499999999988
2026-08-16 11:20:23.049,23.145,lower,-0.11375000000000024,0.055000000000000604
2026-08-16 11:20:23.059,23.155,lower,0.043125000000000524,0.0637500000000002
2026-08-16 11:20:23.069,23.165,lower,0.043125000000000524,0.08562500000000028
2026-08-16 11:20:23.079,23.175,lower,-0.1143749999999999,0.03437499999999982
2026-08-16 11:20:23.089,23.185,lower,0.0824999999999998,0.09624999999999995
2026-08-16 11:20:23.099,23.195,lower,-0.13687499999999964,0.051875000000000115
2026-08-16 11:20:23.109,23.205,lower,0.030000000000000027,0.06687500000000068
2026-08-16 11:20:23.119,23.215,lower,0.06249999999999978,0.08562500000000028
2026-08-16 11:20:23.129,23.225,lower,-0.08750000000000036,0.03937500000000038
2026-08-16 11:20:23.139,23.235,lower,0.08312500000000056,0.08812500000000001
2026-08-16 11:20:23.149,23.245,lower,-0.11562500000000031,0.04562500000000025
2026-08-16 11:20:23.159,23.255,lower,0.04437499999999983,0.07062499999999972
2026-08-16 11:20:23.169,23.265,lower,0.03562500000000024,0.08687499999999959
2026-08-16 11:20:23.179,23.275,lower,-0.11187500000000017,0.038124999999999964
2026-08-16 11:20:23.189,23.285,lower,0.07312500000000055,0.08750000000000036
2026-08-16 11:20:23.199,23.295,lower,-0.13624999999999998,0.04375000000000018
2026-08-16 11:20:23.209,23.305,lower,0.03062499999999968,0.07062499999999972
2026-08-16 11:20:23.219,23.315,lower,0.05750000000000033,0.08687499999999959
2026-08-16 11:20:23.229,23.325,lower,-0.08000000000000007,0.03874999999999962
2026-08-16 11:20:23.239,23.335,lower,0.0737500000000002,0.08687499999999959
2026-08-16 11:20:23.249,23.345,lower,-0.11562500000000031,0.05249999999999977
2026-08-16 11:20:23.259,23.355,lower,0.019375000000000364,0.07437499999999986
2026-08-16 11:20:23.269,23.365,lower,0.02562500000000023,0.08437499999999987
2026-08-16 11:20:23.279,23.375,lower,-0.10187500000000016,0.03750000000000031
2026-08-16 11:20:23.289,23.385,lower,0.07624999999999993,0.09437499999999988
2026-08-16 11:20:23.299,23.395,lower,-0.13812500000000005,0.05437499999999984
2026-08-16 11:20:23.309,23.405,lower,0.035000000000000586,0.06000000000000005
2026-08-16 11:20:23.319,23.415,lower,0.053750000000000187,0.08437499999999987
2026-08-16 11:20:23.329,23.425,lower,-0.07624999999999993,0.03624999999999989
2026-08-16 11:20:23.339,23.435,lower,0.08624999999999994,0.0956250000000003
2026-08-16 11:20:23.349,23.445,lower,-0.13062499999999977,0.051875000000000115
2026-08-16 11:20:23.359,23.455,lower,0.02062499999999967,0.06812499999999999
2026-08-16 11:20:23.369,23.465,lower,0.022499999999999742,0.08624999999999994
2026-08-16 11:20:23.379,23.475,lower,-0.10187500000000016,0.040000000000000036
2026-08-16 11:20:23.389,23.485,lower,0.08187500000000014,0.09312500000000057
2026-08-16 11:20:23.399,23.495,lower,-0.14812500000000006,0.04750000000000032
2026-08-16 11:20:23.409,23.505,lower,0.033125000000000515,0.06624999999999992
2026-08-16 11:20:23.419,23.515,lower,0.04874999999999963,0.08624999999999994
2026-08-16 11:20:23.429,23.525,lower,-0.1243749999999999,0.03750000000000031
2026-08-16 11:20:23.439,23.535,lower,0.07500000000000062,0.08750000000000036
2026-08-16 11:20:23.449,23.545,lower,-0.13000000000000012,0.04375000000000018
2026-08-16 11:20:23.459,23.555,lower,0.02062499999999967,0.06750000000000034
2026-08-16 11:20:23.469,23.565,lower,0.016249999999999876,0.08375000000000021
2026-08-16 11:20:23.479,23.575,lower,-0.0956250000000003,0.03624999999999989
2026-08-16 11:20:23.489,23.585,lower,0.07500000000000062,0.09187500000000015
2026-08-16 11:20:23.499,23.595,lower,-0.1143749999999999,0.055000000000000604
2026-08-16 11:20:23.509,23.605,lower,0.03937500000000038,0.07249999999999979
2026-08-16 11:20:23.519,23.615,lower,0.03874999999999962,0.08500000000000063
2026-08-16 11:20:23.529,23.625,lower,-0.1200000000000001,0.04062499999999969
2026-08-16 11:20:23.539,23.635,lower,0.07874999999999965,0.09437499999999988
2026-08-16 11:20:23.549,23.645,lower,-0.13375000000000026,0.05437499999999984
2026-08-16 11:20:23.559,23.655,lower,0.029375000000000373,0.06687500000000068
2026-08-16 11:20:23.569,23.665,lower,0.05624999999999991,0.08812500000000001
2026-08-16 11:20:23.579,23.675,lower,-0.09124999999999939,0.03874999999999962
2026-08-16 11:20:23.589,23.685,lower,0.07624999999999993,0.09312500000000057
2026-08-16 11:20:23.599,23.695,lower,-0.11687499999999962,0.05312500000000053
2026-08-16 11:20:23.609,23.705,lower,0.043125000000000524,0.06562500000000027
2026-08-16 11:20:23.619,23.715,lower,0.03249999999999975,0.08812500000000001
2026-08-16 11:20:23.629,23.725,lower,-0.11874999999999969,0.03750000000000031
2026-08-16 11:20:23.639,23.735,lower,0.08000000000000007,0.09000000000000008
2026-08-16 11:20:23.649,23.745,lower,-0.14124999999999943,0.05312500000000053
2026-08-16 11:20:23.659,23.755,lower,0.024374999999999813,0.06500000000000061
2026-08-16 11:20:23.669,23.765,lower,0.05437499999999984,0.08500000000000063
2026-08-16 11:20:23.679,23.775,lower,-0.08937500000000043,0.038124999999999964
2026-08-16 11:20:23.689,23.785,lower,0.0737500000000002,0.08812500000000001
2026-08-16 11:20:23.699,23.795,lower,-0.12499999999999956,0.046875000000000666
2026-08-16 11:20:23.709,23.805,lower,0.03375000000000017,0.07062499999999972
2026-08-16 11:20:23.719,23.815,lower,0.025000000000000577,0.08562500000000028
2026-08-16 11:20:23.729,23.825,lower,-0.11687499999999962,0.040000000000000036
2026-08-16 11:20:23.739,23.835,lower,0.07000000000000006,0.0924999999999998
2026-08-16 11:20:23.749,23.845,lower,-0.14874999999999972,0.05750000000000033
2026-08-16 11:20:23.759,23.855,lower,0.026249999999999885,0.04437499999999983
2026-08-16 11:20:23.769,23.865,lower,0.05437499999999984,0.0824999999999998
2026-08-16 11:20:23.779,23.875,lower,-0.0824999999999998,-0.07874999999999965
2026-08-16 11:20:23.789,23.885,lower,0.07562500000000028,0.10375000000000023
2026-08-16 11:20:23.799,23.895,lower,-0.13062499999999977,-0.030000000000000027
2026-08-16 11:20:23.809,23.905,lower,0.016249999999999876,0.05750000000000033
2026-08-16 11:20:23.819,23.915,lower,0.021250000000000435,0.07937500000000042
2026-08-16 11:20:23.829,23.925,lower,-0.11187500000000017,-0.07624999999999993
2026-08-16 11:20:23.839,23.935,lower,0.07187500000000013,0.10687499999999961
2026-08-16 11:20:23.849,23.945,lower,-0.1518750000000002,-0.03750000000000031
2026-08-16 11:20:23.859,23.955,lower,0.0318750000000001,0.035000000000000586
2026-08-16 11:20:23.869,23.965,lower,0.046875000000000666,0.07437499999999986
2026-08-16 11:20:23.879,23.975,lower,-0.1387499999999997,-0.06750000000000034
2026-08-16 11:20:23.889,23.985,lower,0.07249999999999979,0.10437499999999988
2026-08-16 11:20:23.899,23.995,lower,-0.1343749999999999,-0.04249999999999976
2026-08-16 11:20:23.909,24.005,lower,0.0187499999999996,0.03937500000000038
2026-08-16 11:20:23.919,24.015,lower,0.013750000000000151,0.09062499999999973
2026-08-16 11:20:23.929,24.025,lower,-0.10750000000000037,-0.06062499999999971
2026-08-16 11:20:23.939,24.035,lower,0.07062499999999972,0.10062499999999974
2026-08-16 11:20:23.949,24.045,lower,-0.15375000000000028,-0.050000000000000044
2026-08-16 11:20:23.959,24.055,lower,0.030000000000000027,0.05249999999999977
2026-08-16 11:20:23.969,24.065,lower,0.03937500000000038,0.09187500000000015
2026-08-16 11:20:23.979,24.075,lower,-0.13062499999999977,-0.05249999999999977
2026-08-16 11:20:23.989,24.085,lower,0.07624999999999993,0.11187500000000017
2026-08-16 11:20:23.999,24.095,lower,-0.13499999999999956,-0.014999999999999458
2026-08-16 11:20:24.009,24.105,lower,0.018124999999999947,0.05812499999999998
2026-08-16 11:20:24.019,24.115,lower,0.005625000000000213,0.09312500000000057
2026-08-16 11:20:24.029,24.125,lower,-0.09499999999999953,-0.06874999999999964
2026-08-16 11:20:24.039,24.135,lower,0.07187500000000013,0.11375000000000024
2026-08-16 11:20:24.049,24.145,lower,-0.11812500000000004,-0.021249999999999325
2026-08-16 11:20:24.059,24.155,lower,0.03437499999999982,0.06937500000000041
2026-08-16 11:20:24.069,24.165,lower,0.0318750000000001,0.08937500000000043
2026-08-16 11:20:24.079,24.175,lower,-0.11624999999999996,-0.06249999999999978
2026-08-16 11:20:24.089,24.185,lower,0.06874999999999964,0.11937500000000045
2026-08-16 11:20:24.099,24.195,lower,-0.14249999999999985,-0.026874999999999538
2026-08-16 11:20:24.109,24.205,lower,0.02562500000000023,0.043125000000000524
2026-08-16 11:20:24.119,24.215,lower,0.05312500000000053,0.08375000000000021
2026-08-16 11:20:24.129,24.225,lower,-0.08687499999999959,-0.05624999999999991
2026-08-16 11:20:24.139,24.235,lower,0.07249999999999979,0.11312500000000059
2026-08-16 11:20:24.149,24.245,lower,-0.12375000000000025,-0.03249999999999975
2026-08-16 11:20:24.159,24.255,lower,0.04249999999999976,0.04874999999999963
2026-08-16 11:20:24.169,24.265,lower,0.02375000000000016,0.10624999999999996
2026-08-16 11:20:24.179,24.275,lower,-0.11937499999999934,-0.053750000000000187
2026-08-16 11:20:24.189,24.285,lower,0.07062499999999972,0.1143749999999999
2026-08-16 11:20:24.199,24.295,lower,-0.15000000000000013,-0.04124999999999934
2026-08-16 11:20:24.209,24.305,lower,0.03062499999999968,0.06000000000000005
2026-08-16 11:20:24.219,24.315,lower,0.0506249999999997,0.09874999999999967
2026-08-16 11:20:24.229,24.325,lower,-0.08499999999999952,-0.0462499999999999
2026-08-16 11:20:24.239,24.335,lower,0.07312500000000055,0.1200000000000001
2026-08-16 11:20:24.249,24.345,lower,-0.13000000000000012,-0.003750000000000142
2026-08-16 11:20:24.259,24.355,lower,0.043125000000000524,0.06750000000000034
2026-08-16 11:20:24.269,24.365,lower,0.018124999999999947,0.10062499999999974
2026-08-16 11:20:24.279,24.375,lower,-0.10937499999999933,-0.06562500000000027
2026-08-16 11:20:24.289,24.385,lower,0.07187500000000013,0.12562500000000032
2026-08-16 11:20:24.299,24.395,lower,-0.1475000000000004,-0.014999999999999458
2026-08-16 11:20:24.309,24.405,lower,0.03249999999999975,0.07562500000000028
2026-08-16 11:20:24.319,24.415,lower,0.04812499999999997,0.09437499999999988
2026-08-16 11:20:24.329,24.425,lower,-0.07874999999999965,-0.06000000000000005
2026-08-16 11:20:24.339,24.435,lower,0.07874999999999965,0.12562500000000032
2026-08-16 11:20:24.349,24.445,lower,-0.13124999999999942,-0.024374999999999813
2026-08-16 11:20:24.359,24.455,lower,0.015000000000000568,0.046875000000000666
2026-08-16 11:20:24.369,24.465,lower,0.013750000000000151,0.09062499999999973
2026-08-16 11:20:24.379,24.475,lower,-0.10187500000000016,-0.05437499999999984
2026-08-16 11:20:24.389,24.485,lower,0.07437499999999986,0.1200000000000001
2026-08-16 11:20:24.399,24.495,lower,-0.14937499999999937,-0.02874999999999961
2026-08-16 11:20:24.409,24.505,lower,0.03249999999999975,0.05437499999999984
2026-08-16 11:20:24.419,24.515,lower,0.04249999999999976,0.08500000000000063
2026-08-16 11:20:24.429,24.525,lower,-0.1243749999999999,-0.046874999999999556
2026-08-16 11:20:24.439,24.535,lower,0.07500000000000062,0.12062499999999976
2026-08-16 11:20:24.449,24.545,lower,-0.13624999999999998,-0.03624999999999989
2026-08-16 11:20:24.459,24.555,lower,0.021250000000000435,0.061875000000000124
2026-08-16 11:20:24.469,24.565,lower,0.009375000000000355,0.10624999999999996
2026-08-16 11:20:24.479,24.575,lower,-0.09937499999999932,-0.04562500000000025
2026-08-16 11:20:24.489,24.585,lower,0.07500000000000062,0.1243749999999999
2026-08-16 11:20:24.499,24.595,lower,-0.1200000000000001,0.0
2026-08-16 11:20:24.509,24.605,lower,0.04249999999999976,0.07187500000000013
2026-08-16 11:20:24.519,24.615,lower,0.040000000000000036,0.1056250000000003
2026-08-16 11:20:24.529,24.625,lower,-0.12062499999999976,-0.03937500000000038
2026-08-16 11:20:24.539,24.635,lower,0.07874999999999965,0.12812500000000004
2026-08-16 11:20:24.549,24.645,lower,-0.14062499999999978,-0.010000000000000009
2026-08-16 11:20:24.559,24.655,lower,0.03062499999999968,0.078125
2026-08-16 11:20:24.569,24.665,lower,0.0050000000000005596,0.09937500000000044
2026-08-16 11:20:24.579,24.675,lower,-0.09499999999999953,-0.056874999999999565
2026-08-16 11:20:24.589,24.685,lower,0.08062499999999972,0.1318750000000002
2026-08-16 11:20:24.599,24.695,lower,-0.1200000000000001,-0.019375000000000364
2026-08-16 11:20:24.609,24.705,lower,0.03937500000000038,0.04750000000000032
2026-08-16 11:20:24.619,24.715,lower,0.03375000000000017,0.0956250000000003
2026-08-16 11:20:24.629,24.725,lower,-0.11499999999999955,-0.05562500000000026
2026-08-16 11:20:24.639,24.735,lower,0.08187500000000014,0.11687499999999962
2026-08-16 11:20:24.649,24.745,lower,-0.1418750000000002,-0.029375000000000373
2026-08-16 11:20:24.659,24.755,lower,0.02874999999999961,0.05562500000000026
2026-08-16 11:20:24.669,24.765,lower,0.05249999999999977,0.08874999999999966
2026-08-16 11:20:24.679,24.775,lower,-0.08437499999999987,-0.04874999999999963
2026-08-16 11:20:24.689,24.785,lower,0.07874999999999965,0.12187500000000018
2026-08-16 11:20:24.699,24.795,lower,-0.12624999999999997,-0.03687499999999955
2026-08-16 11:20:24.709,24.805,lower,0.04062499999999969,0.0593750000000004
2026-08-16 11:20:24.719,24.815,lower,0.02187500000000009,0.1100000000000001
2026-08-16 11:20:24.729,24.825,lower,-0.10750000000000037,-0.04437499999999983
2026-08-16 11:20:24.739,24.835,lower,0.07750000000000035,0.12624999999999997
2026-08-16 11:20:24.749,24.845,lower,-0.14499999999999957,0.0012500000000004174
2026-08-16 11:20:24.759,24.855,lower,0.0318750000000001,0.07249999999999979
2026-08-16 11:20:24.769,24.865,lower,0.05312500000000053,0.10624999999999996
2026-08-16 11:20:24.779,24.875,lower,-0.07437499999999986,-0.03937500000000038
2026-08-16 11:20:24.789,24.885,lower,0.08000000000000007,0.1331250000000006
2026-08-16 11:20:24.799,24.895,lower,-0.13249999999999984,-0.009375000000000355
2026-08-16 11:20:24.809,24.905,lower,0.025000000000000577,0.07437499999999986
2026-08-16 11:20:24.819,24.915,lower,0.02062499999999967,0.10312500000000058
2026-08-16 11:20:24.829,24.925,lower,-0.1012499999999994,-0.05312499999999942
2026-08-16 11:20:24.839,24.935,lower,0.08125000000000049,0.1275000000000004
2026-08-16 11:20:24.849,24.945,lower,-0.15124999999999944,-0.015625000000000222
2026-08-16 11:20:24.859,24.955,lower,0.04249999999999976,0.04874999999999963
2026-08-16 11:20:24.869,24.965,lower,0.04937500000000039,0.09500000000000064
2026-08-16 11:20:24.879,24.975,lower,-0.07124999999999937,-0.05249999999999977
2026-08-16 11:20:24.889,24.985,lower,0.08187500000000014,0.1200000000000001
2026-08-16 11:20:24.899,24.995,lower,-0.13562500000000033,-0.02375000000000016
2026-08-16 11:20:24.909,25.005,lower,0.028124999999999956,0.056875000000000675
2026-08-16 11:20:24.919,25.015,lower,0.013750000000000151,0.09062499999999973
2026-08-16 11:20:24.929,25.025,lower,-0.1012499999999994,-0.0506249999999997
2026-08-16 11:20:24.939,25.035,lower,0.07937500000000042,0.1275000000000004
2026-08-16 11:20:24.949,25.045,lower,-0.1506249999999998,-0.03375000000000017
2026-08-16 11:20:24.959,25.055,lower,0.040000000000000036,0.06249999999999978
2026-08-16 11:20:24.969,25.065,lower,0.04375000000000018,0.10937500000000044
2026-08-16 11:20:24.979,25.075,lower,-0.12312499999999948,-0.044999999999999485
2026-08-16 11:20:24.989,25.085,lower,0.08500000000000063,0.12812500000000004
2026-08-16 11:20:24.999,25.095,lower,-0.13687499999999964,-0.0012500000000004174
2026-08-16 11:20:25.009,25.105,lower,0.026249999999999885,0.07312500000000055
2026-08-16 11:20:25.019,25.115,lower,0.009375000000000355,0.10937500000000044
2026-08-16 11:20:25.029,25.125,lower,-0.09124999999999939,-0.038124999999999964
2026-08-16 11:20:25.039,25.135,lower,0.08375000000000021,0.1287499999999997
2026-08-16 11:20:25.049,25.145,lower,-0.11750000000000038,-0.00687499999999952
2026-08-16 11:20:25.059,25.155,lower,0.04125000000000045,0.07937500000000042
2026-08-16 11:20:25.069,25.165,lower,0.03750000000000031,0.10187500000000016
2026-08-16 11:20:25.079,25.175,lower,-0.11562500000000031,-0.05249999999999977
2026-08-16 11:20:25.089,25.185,lower,0.0824999999999998,0.13375000000000026
2026-08-16 11:20:25.099,25.195,lower,-0.14499999999999957,-0.017500000000000293
2026-08-16 11:20:25.109,25.205,lower,0.033125000000000515,0.051875000000000115
2026-08-16 11:20:25.119,25.215,lower,0.06000000000000005,0.10062499999999974
2026-08-16 11:20:25.129,25.225,lower,-0.08375000000000021,-0.054999999999999494
2026-08-16 11:20:25.139,25.235,lower,0.0824999999999998,0.13500000000000068
2026-08-16 11:20:25.149,25.245,lower,-0.12812500000000004,-0.027500000000000302
2026-08-16 11:20:25.159,25.255,lower,0.04812499999999997,0.05750000000000033
2026-08-16 11:20:25.169,25.265,lower,0.02874999999999961,0.0924999999999998
2026-08-16 11:20:25.179,25.275,lower,-0.11375000000000024,-0.05124999999999935
2026-08-16 11:20:25.189,25.285,lower,0.07624999999999993,0.12500000000000067
2026-08-16 11:20:25.199,25.295,lower,-0.15000000000000013,-0.0318750000000001
2026-08-16 11:20:25.209,25.305,lower,0.035000000000000586,0.06437499999999985
2026-08-16 11:20:25.219,25.315,lower,0.05437499999999984,0.10812500000000003
2026-08-16 11:20:25.229,25.325,lower,-0.08437499999999987,-0.043124999999999414
2026-08-16 11:20:25.239,25.335,lower,0.08062499999999972,0.1275000000000004
2026-08-16 11:20:25.249,25.345,lower,-0.12812500000000004,0.0012500000000004174
2026-08-16 11:20:25.259,25.355,lower,0.04937500000000039,0.07312500000000055
2026-08-16 11:20:25.269,25.365,lower,0.023125000000000506,0.10750000000000037
2026-08-16 11:20:25.279,25.375,lower,-0.11062499999999975,-0.03624999999999989
2026-08-16 11:20:25.289,25.385,lower,0.07937500000000042,0.13125000000000053
2026-08-16 11:20:25.299,25.395,lower,-0.15000000000000013,-0.009375000000000355
2026-08-16 11:20:25.309,25.405,lower,0.03437499999999982,0.07874999999999965
2026-08-16 11:20:25.319,25.415,lower,0.04750000000000032,0.10312500000000058
2026-08-16 11:20:25.329,25.425,lower,-0.07687499999999958,-0.05437499999999984
2026-08-16 11:20:25.339,25.435,lower,0.08125000000000049,0.13249999999999984
2026-08-16 11:20:25.349,25.445,lower,-0.1331249999999995,-0.014999999999999458
2026-08-16 11:20:25.359,25.455,lower,0.02187500000000009,0.0506249999999997
2026-08-16 11:20:25.369,25.465,lower,0.015625000000000222,0.0968749999999996
2026-08-16 11:20:25.379,25.475,lower,-0.10312499999999947,-0.05124999999999935
2026-08-16 11:20:25.389,25.485,lower,0.08000000000000007,0.13687499999999964
2026-08-16 11:20:25.399,25.495,lower,-0.15625,-0.024999999999999467
2026-08-16 11:20:25.409,25.505,lower,0.03687500000000066,0.0593750000000004
2026-08-16 11:20:25.419,25.515,lower,0.043125000000000524,0.09312500000000057
2026-08-16 11:20:25.429,25.525,lower,-0.12937499999999935,-0.05124999999999935
2026-08-16 11:20:25.439,25.535,lower,0.07624999999999993,0.13062499999999977
2026-08-16 11:20:25.449,25.545,lower,-0.14437499999999992,-0.03624999999999989
2026-08-16 11:20:25.459,25.555,lower,0.02562500000000023,0.06500000000000061
2026-08-16 11:20:25.469,25.565,lower,0.005625000000000213,0.11562500000000031
2026-08-16 11:20:25.479,25.575,lower,-0.09499999999999953,-0.04249999999999976
2026-08-16 11:20:25.489,25.585,lower,0.08000000000000007,0.13375000000000026
2026-08-16 11:20:25.499,25.595,lower,-0.1275000000000004,-0.03937500000000038
2026-08-16 11:20:25.509,25.605,lower,0.043125000000000524,0.07500000000000062
2026-08-16 11:20:25.519,25.615,lower,0.03687500000000066,0.11249999999999982
2026-08-16 11:20:25.529,25.625,lower,-0.12499999999999956,-0.03624999999999989
2026-08-16 11:20:25.539,25.635,lower,0.07937500000000042,0.13624999999999998
2026-08-16 11:20:25.549,25.645,lower,-0.14874999999999972,-0.011249999999999316
2026-08-16 11:20:25.559,25.655,lower,0.029375000000000373,0.08500000000000063
2026-08-16 11:20:25.569,25.665,lower,0.0006249999999996536,0.1056250000000003
2026-08-16 11:20:25.579,25.675,lower,-0.09874999999999967,-0.05750000000000033
2026-08-16 11:20:25.589,25.685,lower,0.08062499999999972,0.13500000000000068
2026-08-16 11:20:25.599,25.695,lower,-0.12937499999999935,-0.018124999999999947
2026-08-16 11:20:25.609,25.705,lower,0.043125000000000524,0.053750000000000187
2026-08-16 11:20:25.619,25.715,lower,0.02874999999999961,0.09874999999999967
2026-08-16 11:20:25.629,25.725,lower,-0.12187500000000018,-0.051875000000000115
2026-08-16 11:20:25.639,25.735,lower,0.0824999999999998,0.13562500000000033
2026-08-16 11:20:25.649,25.745,lower,-0.14812500000000006,-0.023124999999999396
2026-08-16 11:20:25.659,25.755,lower,0.02562500000000023,0.06000000000000005
2026-08-16 11:20:25.669,25.765,lower,0.04937500000000039,0.09000000000000008
2026-08-16 11:20:25.679,25.775,lower,-0.0924999999999998,-0.04750000000000032
2026-08-16 11:20:25.689,25.785,lower,0.07937500000000042,0.13125000000000053
2026-08-16 11:20:25.699,25.795,lower,-0.1331249999999995,-0.03437499999999982
2026-08-16 11:20:25.709,25.805,lower,0.03562500000000024,0.06812499999999999
2026-08-16 11:20:25.719,25.815,lower,0.019375000000000364,0.1143749999999999
2026-08-16 11:20:25.729,25.825,lower,-0.11874999999999969,-0.04249999999999976
2026-08-16 11:20:25.739,25.835,lower,0.07249999999999979,0.13562500000000033
2026-08-16 11:20:25.749,25.845,lower,-0.15499999999999958,-0.038124999999999964
2026-08-16 11:20:25.759,25.855,lower,0.029375000000000373,0.07562500000000028
2026-08-16 11:20:25.769,25.865,lower,0.0462499999999999,0.11249999999999982
2026-08-16 11:20:25.779,25.875,lower,-0.0824999999999998,-0.03624999999999989
2026-08-16 11:20:25.789,25.885,lower,0.07750000000000035,0.1387499999999997
2026-08-16 11:20:25.799,25.895,lower,-0.14000000000000012,-0.004374999999999796
2026-08-16 11:20:25.809,25.905,lower,0.019375000000000364,0.08312500000000056
2026-08-16 11:20:25.819,25.915,lower,0.013125000000000497,0.11062499999999975
2026-08-16 11:20:25.829,25.925,lower,-0.10937499999999933,-0.054999999999999494
2026-08-16 11:20:25.839,25.935,lower,0.07312500000000055,0.13562500000000033
2026-08-16 11:20:25.849,25.945,lower,-0.16375000000000028,-0.012499999999999734
2026-08-16 11:20:25.859,25.955,lower,0.03562500000000024,0.0506249999999997
2026-08-16 11:20:25.869,25.965,lower,0.03874999999999962,0.10437499999999988
2026-08-16 11:20:25.879,25.975,lower,-0.07750000000000035,-0.05562500000000026
2026-08-16 11:20:25.889,25.985,lower,0.07562500000000028,0.1387499999999997
2026-08-16 11:20:25.899,25.995,lower,-0.14499999999999957,-0.02562500000000023
2026-08-16 11:20:25.909,26.005,lower,0.023125000000000506,0.06125000000000047
2026-08-16 11:20:25.919,26.015,lower,0.004374999999999796,0.09500000000000064
2026-08-16 11:20:25.929,26.025,lower,-0.1112499999999994,-0.046874999999999556
2026-08-16 11:20:25.939,26.035,lower,0.07500000000000062,0.1331250000000006
2026-08-16 11:20:25.949,26.045,lower,-0.1649999999999996,-0.031249999999999334
2026-08-16 11:20:25.959,26.055,lower,0.03437499999999982,0.06937500000000041
2026-08-16 11:20:25.969,26.065,lower,0.029375000000000373,0.11187500000000017
2026-08-16 11:20:25.979,26.075,lower,-0.1343749999999999,-0.043124999999999414
2026-08-16 11:20:25.989,26.085,lower,0.07500000000000062,0.13562500000000033
2026-08-16 11:20:25.999,26.095,lower,-0.15000000000000013,-0.03562500000000024
2026-08-16 11:20:26.009,26.105,lower,0.021250000000000435,0.07687499999999958
2026-08-16 11:20:26.019,26.115,lower,-0.001875000000000071,0.11500000000000066
2026-08-16 11:20:26.029,26.125,lower,-0.1012499999999994,-0.03562500000000024
2026-08-16 11:20:26.039,26.135,lower,0.07437499999999986,0.1387499999999997
2026-08-16 11:20:26.049,26.145,lower,-0.13249999999999984,-0.005625000000000213
2026-08-16 11:20:26.059,26.155,lower,0.03562500000000024,0.08437499999999987
2026-08-16 11:20:26.069,26.165,lower,0.02375000000000016,0.11062499999999975
2026-08-16 11:20:26.079,26.175,lower,-0.12312499999999948,-0.0593750000000004
2026-08-16 11:20:26.089,26.185,lower,0.0737500000000002,0.13562500000000033
2026-08-16 11:20:26.099,26.195,lower,-0.15499999999999958,-0.017500000000000293
2026-08-16 11:20:26.109,26.205,lower,0.02687500000000065,0.05249999999999977
2026-08-16 11:20:26.119,26.215,lower,0.04562500000000025,0.10249999999999981
2026-08-16 11:20:26.129,26.225,lower,-0.09312499999999946,-0.0506249999999997
2026-08-16 11:20:26.139,26.235,lower,0.07687499999999958,0.13812500000000005
2026-08-16 11:20:26.149,26.245,lower,-0.13937499999999936,-0.024374999999999813
2026-08-16 11:20:26.159,26.255,lower,0.03874999999999962,0.0637500000000002
2026-08-16 11:20:26.169,26.265,lower,0.017500000000000293,0.09375000000000022
2026-08-16 11:20:26.179,26.275,lower,-0.11937499999999934,-0.051875000000000115
2026-08-16 11:20:26.189,26.285,lower,0.06687500000000068,0.13375000000000026
2026-08-16 11:20:26.199,26.295,lower,-0.16312499999999952,-0.030000000000000027
2026-08-16 11:20:26.209,26.305,lower,0.026249999999999885,0.06750000000000034
2026-08-16 11:20:26.219,26.315,lower,0.04125000000000045,0.11750000000000038
2026-08-16 11:20:26.229,26.325,lower,-0.08750000000000036,-0.046874999999999556
2026-08-16 11:20:26.239,26.335,lower,0.07249999999999979,0.1318750000000002
2026-08-16 11:20:26.249,26.345,lower,-0.1431249999999995,-0.040000000000000036
2026-08-16 11:20:26.259,26.355,lower,0.045000000000000595,0.07874999999999965
2026-08-16 11:20:26.269,26.365,lower,0.011250000000000426,0.10874999999999968
2026-08-16 11:20:26.279,26.375,lower,-0.11937499999999934,-0.038124999999999964
2026-08-16 11:20:26.289,26.385,lower,0.07687499999999958,0.13937500000000047
2026-08-16 11:20:26.299,26.395,lower,-0.16375000000000028,-0.007500000000000284
2026-08-16 11:20:26.309,26.405,lower,0.031250000000000444,0.08562500000000028
2026-08-16 11:20:26.319,26.415,lower,0.04187500000000011,0.10812500000000003
2026-08-16 11:20:26.329,26.425,lower,-0.08124999999999938,-0.05750000000000033
2026-08-16 11:20:26.339,26.435,lower,0.08187500000000014,0.13812500000000005
2026-08-16 11:20:26.349,26.445,lower,-0.14562500000000034,-0.016249999999999876
2026-08-16 11:20:26.359,26.455,lower,0.015000000000000568,0.08937500000000043
2026-08-16 11:20:26.369,26.465,lower,0.009375000000000355,0.1012500000000005
2026-08-16 11:20:26.379,26.475,lower,-0.1112499999999994,-0.05750000000000033
2026-08-16 11:20:26.389,26.485,lower,0.0737500000000002,0.1387499999999997
2026-08-16 11:20:26.399,26.495,lower,-0.16375000000000028,-0.03062499999999968
2026-08-16 11:20:26.409,26.505,lower,0.031250000000000444,0.06125000000000047
2026-08-16 11:20:26.419,26.515,lower,0.035000000000000586,0.0924999999999998
2026-08-16 11:20:26.429,26.525,lower,-0.1343749999999999,-0.04874999999999963
2026-08-16 11:20:26.439,26.535,lower,0.07312500000000055,0.13375000000000026
2026-08-16 11:20:26.449,26.545,lower,-0.14874999999999972,-0.0318750000000001
2026-08-16 11:20:26.459,26.555,lower,0.020000000000000018,0.06750000000000034
2026-08-16 11:20:26.469,26.565,lower,0.0031250000000004885,0.11624999999999996
2026-08-16 11:20:26.479,26.575,lower,-0.10062499999999974,-0.04375000000000018
2026-08-16 11:20:26.489,26.585,lower,0.07437499999999986,0.13562500000000033
2026-08-16 11:20:26.499,26.595,lower,-0.13249999999999984,-0.038124999999999964
2026-08-16 11:20:26.509,26.605,lower,0.03937500000000038,0.07937500000000042
2026-08-16 11:20:26.519,26.615,lower,0.028124999999999956,0.11312500000000059
2026-08-16 11:20:26.529,26.625,lower,-0.12375000000000025,-0.03937500000000038
2026-08-16 11:20:26.539,26.635,lower,0.07687499999999958,0.13687499999999964
2026-08-16 11:20:26.549,26.645,lower,-0.15124999999999944,-0.010000000000000009
2026-08-16 11:20:26.559,26.655,lower,0.030000000000000027,0.0824999999999998
2026-08-16 11:20:26.569,26.665,lower,-0.005625000000000213,0.1100000000000001
2026-08-16 11:20:26.579,26.675,lower,-0.09437499999999988,-0.05624999999999991
2026-08-16 11:20:26.589,26.685,lower,0.07437499999999986,0.13812500000000005
2026-08-16 11:20:26.599,26.695,lower,-0.1331249999999995,-0.016249999999999876
2026-08-16 11:20:26.609,26.705,lower,0.04437499999999983,0.08750000000000036
2026-08-16 11:20:26.619,26.715,lower,0.025000000000000577,0.1012500000000005
2026-08-16 11:20:26.629,26.725,lower,-0.12249999999999983,-0.05812499999999998
2026-08-16 11:20:26.639,26.735,lower,0.08062499999999972,0.14000000000000012
2026-08-16 11:20:26.649,26.745,lower,-0.1531249999999995,-0.024999999999999467
2026-08-16 11:20:26.659,26.755,lower,0.03375000000000017,0.06000000000000005
2026-08-16 11:20:26.669,26.765,lower,0.04562500000000025,0.0924999999999998
2026-08-16 11:20:26.679,26.775,lower,-0.09062499999999973,-0.05562500000000026
2026-08-16 11:20:26.689,26.785,lower,0.0824999999999998,0.13125000000000053
2026-08-16 11:20:26.699,26.795,lower,-0.1387499999999997,-0.03437499999999982
2026-08-16 11:20:26.709,26.805,lower,0.04249999999999976,0.0637500000000002
2026-08-16 11:20:26.719,26.815,lower,0.015625000000000222,0.08812500000000001
2026-08-16 11:20:26.729,26.825,lower,-0.11687499999999962,-0.046874999999999556
2026-08-16 11:20:26.739,26.835,lower,0.08062499999999972,0.13375000000000026
2026-08-16 11:20:26.749,26.845,lower,-0.15812500000000007,-0.043124999999999414
2026-08-16 11:20:26.759,26.855,lower,0.03249999999999975,0.06937500000000041
2026-08-16 11:20:26.769,26.865,lower,0.04812499999999997,0.10937500000000044
2026-08-16 11:20:26.779,26.875,lower,-0.07624999999999993,-0.03937500000000038
2026-08-16 11:20:26.789,26.885,lower,0.07937500000000042,0.13000000000000012
2026-08-16 11:20:26.799,26.895,lower,-0.14062499999999978,-0.010624999999999662
2026-08-16 11:20:26.809,26.905,lower,0.020000000000000018,0.07937500000000042
2026-08-16 11:20:26.819,26.915,lower,0.018124999999999947,0.10375000000000023
2026-08-16 11:20:26.829,26.925,lower,-0.10499999999999954,-0.061875000000000124
2026-08-16 11:20:26.839,26.935,lower,0.07937500000000042,0.13500000000000068
2026-08-16 11:20:26.849,26.945,lower,-0.16000000000000014,-0.0187499999999996
2026-08-16 11:20:26.859,26.955,lower,0.03687500000000066,0.08375000000000021
2026-08-16 11:20:26.869,26.965,lower,0.04249999999999976,0.10187500000000016
2026-08-16 11:20:26.879,26.975,lower,-0.06750000000000034,-0.05624999999999991
2026-08-16 11:20:26.889,26.985,lower,0.08125000000000049,0.13562500000000033
2026-08-16 11:20:26.899,26.995,lower,-0.14687499999999964,-0.02562500000000023
2026-08-16 11:20:26.909,27.005,lower,0.0318750000000001,0.055000000000000604
2026-08-16 11:20:26.919,27.015,lower,0.006249999999999867,0.09437499999999988
2026-08-16 11:20:26.929,27.025,lower,-0.10187500000000016,-0.0593750000000004
2026-08-16 11:20:26.939,27.035,lower,0.08500000000000063,0.12249999999999983
2026-08-16 11:20:26.949,27.045,lower,-0.1606249999999998,-0.034999999999999476
2026-08-16 11:20:26.959,27.055,lower,0.045000000000000595,0.061875000000000124
2026-08-16 11:20:26.969,27.065,lower,0.03624999999999989,0.08187500000000014
2026-08-16 11:20:26.979,27.075,lower,-0.1275000000000004,-0.05124999999999935
2026-08-16 11:20:26.989,27.085,lower,0.08750000000000036,0.1275000000000004
2026-08-16 11:20:26.999,27.095,lower,-0.15000000000000013,-0.04375000000000018
2026-08-16 11:20:27.009,27.105,lower,0.028124999999999956,0.06937500000000041
2026-08-16 11:20:27.019,27.115,lower,0.003750000000000142,0.1056250000000003
2026-08-16 11:20:27.029,27.125,lower,-0.09375000000000022,-0.04812499999999997
2026-08-16 11:20:27.039,27.135,lower,0.08375000000000021,0.13125000000000053
2026-08-16 11:20:27.049,27.145,lower,-0.1287499999999997,-0.012499999999999734
2026-08-16 11:20:27.059,27.155,lower,0.04125000000000045,0.07249999999999979
2026-08-16 11:20:27.069,27.165,lower,0.03437499999999982,0.10249999999999981
2026-08-16 11:20:27.079,27.175,lower,-0.11562500000000031,-0.038124999999999964
2026-08-16 11:20:27.089,27.185,lower,0.08562500000000028,0.13249999999999984
2026-08-16 11:20:27.099,27.195,lower,-0.14687499999999964,-0.020000000000000018
2026-08-16 11:20:27.109,27.205,lower,0.030000000000000027,0.08000000000000007
2026-08-16 11:20:27.119,27.215,lower,0.05125000000000046,0.09437499999999988
2026-08-16 11:20:27.129,27.225,lower,-0.07499999999999951,-0.04937500000000039
2026-08-16 11:20:27.139,27.235,lower,0.06874999999999964,0.1243749999999999
2026-08-16 11:20:27.149,27.245,lower,-0.12124999999999941,-0.02062499999999967
2026-08-16 11:20:27.159,27.255,lower,0.040000000000000036,0.053750000000000187
2026-08-16 11:20:27.169,27.265,lower,0.02062499999999967,0.09000000000000008
2026-08-16 11:20:27.179,27.275,lower,-0.11687499999999962,-0.06124999999999936
2026-08-16 11:20:27.189,27.285,lower,0.08187500000000014,0.1275000000000004
2026-08-16 11:20:27.199,27.295,lower,-0.16249999999999987,-0.04124999999999934
2026-08-16 11:20:27.209,27.305,lower,0.04125000000000045,0.056875000000000675
2026-08-16 11:20:27.219,27.315,lower,0.05312500000000053,0.08312500000000056
2026-08-16 11:20:27.229,27.325,lower,-0.07874999999999965,-0.05750000000000033
2026-08-16 11:20:27.239,27.335,lower,0.07937500000000042,0.13062499999999977
2026-08-16 11:20:27.249,27.345,lower,-0.13812500000000005,-0.04562500000000025
2026-08-16 11:20:27.259,27.355,lower,0.05249999999999977,0.06812499999999999
2026-08-16 11:20:27.269,27.365,lower,0.019375000000000364,0.10312500000000058
2026-08-16 11:20:27.279,27.375,lower,-0.10812500000000003,-0.04874999999999963
2026-08-16 11:20:27.289,27.385,lower,0.08375000000000021,0.1318750000000002
2026-08-16 11:20:27.299,27.395,lower,-0.15625,-0.010000000000000009
2026-08-16 11:20:27.309,27.405,lower,0.03937500000000038,0.07125000000000048
2026-08-16 11:20:27.319,27.415,lower,0.04750000000000032,0.10312500000000058
2026-08-16 11:20:27.329,27.425,lower,-0.07312499999999944,-0.040000000000000036
2026-08-16 11:20:27.339,27.435,lower,0.08562500000000028,0.13000000000000012
2026-08-16 11:20:27.349,27.445,lower,-0.14249999999999985,-0.02062499999999967
2026-08-16 11:20:27.359,27.455,lower,0.023125000000000506,0.08187500000000014
2026-08-16 11:20:27.369,27.465,lower,0.01187500000000008,0.09624999999999995
2026-08-16 11:20:27.379,27.475,lower,-0.10062499999999974,-0.06312499999999943
2026-08-16 11:20:27.389,27.485,lower,0.08437499999999987,0.1343749999999999
2026-08-16 11:20:27.399,27.495,lower,-0.15625,-0.03375000000000017
2026-08-16 11:20:27.409,27.505,lower,0.03687500000000066,0.05249999999999977
2026-08-16 11:20:27.419,27.515,lower,0.04062499999999969,0.09000000000000008
2026-08-16 11:20:27.429,27.525,lower,-0.12687499999999963,-0.06000000000000005
2026-08-16 11:20:27.439,27.535,lower,0.08375000000000021,0.1318750000000002
2026-08-16 11:20:27.449,27.545,lower,-0.1475000000000004,-0.03750000000000031
2026-08-16 11:20:27.459,27.555,lower,0.02687500000000065,0.05750000000000033
2026-08-16 11:20:27.469,27.565,lower,0.005625000000000213,0.08562500000000028
2026-08-16 11:20:27.479,27.575,lower,-0.09499999999999953,-0.05750000000000033
2026-08-16 11:20:27.489,27.585,lower,0.08375000000000021,0.12937500000000046
2026-08-16 11:20:27.499,27.595,lower,-0.16000000000000014,-0.04249999999999976
2026-08-16 11:20:27.509,27.605,lower,0.04562500000000025,0.06312500000000054
2026-08-16 11:20:27.519,27.615,lower,0.03249999999999975,0.10812500000000003
2026-08-16 11:20:27.529,27.625,lower,-0.1243749999999999,-0.046874999999999556
2026-08-16 11:20:27.539,27.635,lower,0.08500000000000063,0.12812500000000004
2026-08-16 11:20:27.549,27.645,lower,-0.1506249999999998,-0.010000000000000009
2026-08-16 11:20:27.559,27.655,lower,0.03062499999999968,0.07437499999999986
2026-08-16 11:20:27.569,27.665,lower,-0.0006249999999996536,0.10000000000000009
2026-08-16 11:20:27.579,27.675,lower,-0.09312499999999946,-0.043124999999999414
2026-08-16 11:20:27.589,27.685,lower,0.08062499999999972,0.13000000000000012
2026-08-16 11:20:27.599,27.695,lower,-0.13124999999999942,-0.02062499999999967
2026-08-16 11:20:27.609,27.705,lower,0.04375000000000018,0.07624999999999993
2026-08-16 11:20:27.619,27.715,lower,0.022499999999999742,0.09750000000000036
2026-08-16 11:20:27.629,27.725,lower,-0.1200000000000001,-0.06562500000000027
2026-08-16 11:20:27.639,27.735,lower,0.08312500000000056,0.12937500000000046
2026-08-16 11:20:27.649,27.745,lower,-0.15000000000000013,-0.027500000000000302
2026-08-16 11:20:27.659,27.755,lower,0.030000000000000027,0.050000000000000044
2026-08-16 11:20:27.669,27.765,lower,0.045000000000000595,0.0912500000000005
2026-08-16 11:20:27.679,27.775,lower,-0.09000000000000008,-0.06062499999999971
2026-08-16 11:20:27.689,27.785,lower,0.07937500000000042,0.1331250000000006
2026-08-16 11:20:27.699,27.795,lower,-0.13812500000000005,-0.038124999999999964
2026-08-16 11:20:27.709,27.805,lower,0.040000000000000036,0.05624999999999991
2026-08-16 11:20:27.719,27.815,lower,0.013125000000000497,0.08312500000000056
2026-08-16 11:20:27.729,27.825,lower,-0.11499999999999955,-0.05124999999999935
2026-08-16 11:20:27.739,27.835,lower,0.07624999999999993,0.12812500000000004
2026-08-16 11:20:27.749,27.845,lower,-0.15812500000000007,-0.040000000000000036
2026-08-16 11:20:27.759,27.855,lower,0.029375000000000373,0.06249999999999978
2026-08-16 11:20:27.769,27.865,lower,0.03937500000000038,0.10937500000000044
2026-08-16 11:20:27.779,27.875,lower,-0.08062499999999972,-0.04437499999999983
2026-08-16 11:20:27.789,27.885,lower,0.07437499999999986,0.12937500000000046
2026-08-16 11:20:27.799,27.895,lower,-0.14812500000000006,-0.046874999999999556
2026-08-16 11:20:27.809,27.905,lower,0.045000000000000595,0.07312500000000055
2026-08-16 11:20:27.819,27.915,lower,0.005625000000000213,0.10000000000000009
2026-08-16 11:20:27.829,27.925,lower,-0.11062499999999975,-0.04062499999999969
2026-08-16 11:20:27.839,27.935,lower,0.078125,0.13125000000000053
2026-08-16 11:20:27.849,27.945,lower,-0.16874999999999973,-0.019375000000000364
2026-08-16 11:20:27.859,27.955,lower,0.03375000000000017,0.08062499999999972
2026-08-16 11:20:27.869,27.965,lower,0.035000000000000586,0.09750000000000036
2026-08-16 11:20:27.879,27.975,lower,-0.07624999999999993,-0.06249999999999978
2026-08-16 11:20:27.889,27.985,lower,0.07312500000000055,0.1275000000000004
2026-08-16 11:20:27.899,27.995,lower,-0.1518750000000002,-0.026249999999999885
2026-08-16 11:20:27.909,28.005,lower,0.015625000000000222,0.050000000000000044
2026-08-16 11:20:27.919,28.015,lower,-0.004374999999999796,0.08937500000000043
2026-08-16 11:20:27.929,28.025,lower,-0.11187500000000017,-0.0593750000000004
2026-08-16 11:20:27.939,28.035,lower,0.06312500000000054,0.1287499999999997
2026-08-16 11:20:27.949,28.045,lower,-0.07687499999999958,-0.0318750000000001
2026-08-16 11:20:27.959,28.055,lower,0.03437499999999982,0.05812499999999998
2026-08-16 11:20:27.969,28.065,lower,0.038124999999999964,0.08312500000000056
2026-08-16 11:20:27.979,28.075,lower,-0.07687499999999958,-0.054999999999999494
2026-08-16 11:20:27.989,28.085,lower,0.06062499999999971,0.12562500000000032
2026-08-16 11:20:27.999,28.095,lower,-0.07187500000000013,-0.04062499999999969
2026-08-16 11:20:28.009,28.105,lower,0.016249999999999876,0.06249999999999978
2026-08-16 11:20:28.019,28.115,lower,0.014374999999999805,0.1056250000000003
2026-08-16 11:20:28.029,28.125,lower,-0.061875000000000124,-0.0462499999999999
2026-08-16 11:20:28.039,28.135,lower,0.05624999999999991,0.1243749999999999
2026-08-16 11:20:28.049,28.145,lower,-0.06687499999999957,-0.04562500000000025
2026-08-16 11:20:28.059,28.155,lower,0.021250000000000435,0.07062499999999972
2026-08-16 11:20:28.069,28.165,lower,0.021250000000000435,0.09750000000000036
2026-08-16 11:20:28.079,28.175,lower,-0.07624999999999993,-0.040000000000000036
2026-08-16 11:20:28.089,28.185,lower,0.05249999999999977,0.1287499999999997
2026-08-16 11:20:28.099,28.195,lower,-0.08437499999999987,-0.02062499999999967
2026-08-16 11:20:28.109,28.205,lower,0.01187500000000008,0.07874999999999965
2026-08-16 11:20:28.119,28.215,lower,0.004374999999999796,0.0956250000000003
2026-08-16 11:20:28.129,28.225,lower,-0.06687499999999957,-0.06000000000000005
2026-08-16 11:20:28.139,28.235,lower,0.051875000000000115,0.1318750000000002
2026-08-16 11:20:28.149,28.245,lower,-0.07874999999999965,-0.026874999999999538
2026-08-16 11:20:28.159,28.255,lower,0.02187500000000009,0.08187500000000014
2026-08-16 11:20:28.169,28.265,lower,0.014374999999999805,0.09437499999999988
2026-08-16 11:20:28.179,28.275,lower,-0.08375000000000021,-0.0593750000000004
2026-08-16 11:20:28.189,28.285,lower,0.04562500000000025,0.12812500000000004
2026-08-16 11:20:28.199,28.295,lower,-0.09624999999999995,-0.03249999999999975
2026-08-16 11:20:28.209,28.305,lower,0.010000000000000009,0.055000000000000604
2026-08-16 11:20:28.219,28.315,lower,0.02562500000000023,0.08624999999999994
2026-08-16 11:20:28.229,28.325,lower,-0.07249999999999979,-0.05624999999999991
2026-08-16 11:20:28.239,28.335,lower,0.04562500000000025,0.12062499999999976
2026-08-16 11:20:28.249,28.345,lower,-0.08437499999999987,-0.04124999999999934
2026-08-16 11:20:28.259,28.355,lower,0.02062499999999967,0.06687500000000068
2026-08-16 11:20:28.269,28.365,lower,0.009375000000000355,0.10812500000000003
2026-08-16 11:20:28.279,28.375,lower,-0.08687499999999959,-0.044999999999999485
2026-08-16 11:20:28.289,28.385,lower,0.040000000000000036,0.12937500000000046
2026-08-16 11:20:28.299,28.395,lower,-0.09437499999999988,-0.044999999999999485
2026-08-16 11:20:28.309,28.405,lower,0.010624999999999662,0.07187500000000013
2026-08-16 11:20:28.319,28.415,lower,0.0187499999999996,0.09750000000000036
2026-08-16 11:20:28.329,28.425,lower,-0.06562500000000027,-0.038124999999999964
2026-08-16 11:20:28.339,28.435,lower,0.04125000000000045,0.13062499999999977
2026-08-16 11:20:28.349,28.445,lower,-0.08499999999999952,-0.014374999999999805
2026-08-16 11:20:28.359,28.455,lower,-0.003750000000000142,0.07874999999999965
2026-08-16 11:20:28.369,28.465,lower,0.0012500000000004174,0.0968749999999996
2026-08-16 11:20:28.379,28.475,lower,-0.08062499999999972,-0.05812499999999998
2026-08-16 11:20:28.389,28.485,lower,0.038124999999999964,0.1275000000000004
2026-08-16 11:20:28.399,28.495,lower,-0.10249999999999981,-0.021249999999999325
2026-08-16 11:20:28.409,28.505,lower,0.007500000000000284,0.08624999999999994
2026-08-16 11:20:28.419,28.515,lower,0.010624999999999662,0.09062499999999973
2026-08-16 11:20:28.429,28.525,lower,-0.06249999999999978,-0.053750000000000187
2026-08-16 11:20:28.439,28.535,lower,0.03750000000000031,0.12812500000000004
2026-08-16 11:20:28.449,28.545,lower,-0.0956250000000003,-0.03062499999999968
2026-08-16 11:20:28.459,28.555,lower,-0.00687499999999952,0.05750000000000033
2026-08-16 11:20:28.469,28.565,lower,-0.006249999999999867,0.08687499999999959
2026-08-16 11:20:28.479,28.575,lower,-0.08124999999999938,-0.05437499999999984
2026-08-16 11:20:28.489,28.585,lower,0.03874999999999962,0.12812500000000004
2026-08-16 11:20:28.499,28.595,lower,-0.1056250000000003,-0.038124999999999964
2026-08-16 11:20:28.509,28.605,lower,0.007500000000000284,0.06312500000000054
2026-08-16 11:20:28.519,28.615,lower,0.009375000000000355,0.07874999999999965
2026-08-16 11:20:28.529,28.625,lower,-0.09187500000000015,-0.04437499999999983
2026-08-16 11:20:28.539,28.635,lower,0.03750000000000031,0.12937500000000046
2026-08-16 11:20:28.549,28.645,lower,-0.09624999999999995,-0.04812499999999997
2026-08-16 11:20:28.559,28.655,lower,-0.0012500000000004174,0.0737500000000002
2026-08-16 11:20:28.569,28.665,lower,-0.005625000000000213,0.10312500000000058
2026-08-16 11:20:28.579,28.675,lower,-0.07937500000000042,-0.040000000000000036
2026-08-16 11:20:28.589,28.685,lower,0.03437499999999982,0.13000000000000012
2026-08-16 11:20:28.599,28.695,lower,-0.08437499999999987,-0.014374999999999805
2026-08-16 11:20:28.609,28.705,lower,0.007500000000000284,0.08437499999999987
2026-08-16 11:20:28.619,28.715,lower,0.003750000000000142,0.09812500000000002
2026-08-16 11:20:28.629,28.725,lower,-0.09187500000000015,-0.06124999999999936
2026-08-16 11:20:28.639,28.735,lower,0.03437499999999982,0.13000000000000012
2026-08-16 11:20:28.649,28.745,lower,-0.09812500000000002,-0.02562500000000023
2026-08-16 11:20:28.659,28.755,lower,0.001875000000000071,0.08375000000000021
2026-08-16 11:20:28.669,28.765,lower,0.012499999999999734,0.09375000000000022
2026-08-16 11:20:28.679,28.775,lower,-0.08000000000000007,-0.061875000000000124
2026-08-16 11:20:28.689,28.785,lower,0.035000000000000586,0.12687499999999963
2026-08-16 11:20:28.699,28.795,lower,-0.09124999999999939,-0.034999999999999476
2026-08-16 11:20:28.709,28.805,lower,0.008749999999999591,0.051875000000000115
2026-08-16 11:20:28.719,28.815,lower,-0.004374999999999796,0.0824999999999998
2026-08-16 11:20:28.729,28.825,lower,-0.09375000000000022,-0.056874999999999565
2026-08-16 11:20:28.739,28.835,lower,0.03937500000000038,0.12500000000000067
2026-08-16 11:20:28.749,28.845,lower,-0.10375000000000023,-0.043124999999999414
2026-08-16 11:20:28.759,28.855,lower,0.0012500000000004174,0.0637500000000002
2026-08-16 11:20:28.769,28.865,lower,0.016249999999999876,0.078125
2026-08-16 11:20:28.779,28.875,lower,-0.07124999999999937,-0.04750000000000032
2026-08-16 11:20:28.789,28.885,lower,0.040000000000000036,0.1287499999999997
2026-08-16 11:20:28.799,28.895,lower,-0.09499999999999953,-0.04812499999999997
2026-08-16 11:20:28.809,28.905,lower,0.013125000000000497,0.07000000000000006
2026-08-16 11:20:28.819,28.915,lower,0.0,0.10624999999999996
2026-08-16 11:20:28.829,28.925,lower,-0.08812500000000001,-0.040000000000000036
2026-08-16 11:20:28.839,28.935,lower,0.03375000000000017,0.12812500000000004
2026-08-16 11:20:28.849,28.945,lower,-0.10624999999999996,-0.017500000000000293
2026-08-16 11:20:28.859,28.955,lower,0.004374999999999796,0.078125
2026-08-16 11:20:28.869,28.965,lower,0.018124999999999947,0.09624999999999995
2026-08-16 11:20:28.879,28.975,lower,-0.07124999999999937,-0.038124999999999964
2026-08-16 11:20:28.889,28.985,lower,0.03437499999999982,0.12937500000000046
2026-08-16 11:20:28.899,28.995,lower,-0.0924999999999998,-0.026874999999999538
2026-08-16 11:20:28.909,29.005,lower,-0.006249999999999867,0.08375000000000021
2026-08-16 11:20:28.919,29.015,lower,-0.007500000000000284,0.09000000000000008
2026-08-16 11:20:28.929,29.025,lower,-0.08687499999999959,-0.06312499999999943
2026-08-16 11:20:28.939,29.035,lower,0.03375000000000017,0.12624999999999997
2026-08-16 11:20:28.949,29.045,lower,-0.10750000000000037,-0.03687499999999955
2026-08-16 11:20:28.959,29.055,lower,0.006249999999999867,0.050000000000000044
2026-08-16 11:20:28.969,29.065,lower,0.007500000000000284,0.08500000000000063
2026-08-16 11:20:28.979,29.075,lower,-0.06624999999999992,-0.05750000000000033
2026-08-16 11:20:28.989,29.085,lower,0.03624999999999989,0.1243749999999999
2026-08-16 11:20:28.999,29.095,lower,-0.0968749999999996,-0.040000000000000036
2026-08-16 11:20:29.009,29.105,lower,-0.0024999999999997247,0.06125000000000047
2026-08-16 11:20:29.019,29.115,lower,-0.007500000000000284,0.07562500000000028
2026-08-16 11:20:29.029,29.125,lower,-0.08124999999999938,-0.053750000000000187
2026-08-16 11:20:29.039,29.135,lower,0.038124999999999964,0.1243749999999999
2026-08-16 11:20:29.049,29.145,lower,-0.10499999999999954,-0.050000000000000044
2026-08-16 11:20:29.059,29.155,lower,0.008749999999999591,0.06687500000000068
2026-08-16 11:20:29.069,29.165,lower,0.009375000000000355,0.10187500000000016
2026-08-16 11:20:29.079,29.175,lower,-0.09437499999999988,-0.04437499999999983
2026-08-16 11:20:29.089,29.185,lower,0.03874999999999962,0.12687499999999963
2026-08-16 11:20:29.099,29.195,lower,-0.09624999999999995,-0.01187500000000008
2026-08-16 11:20:29.109,29.205,lower,-0.0006249999999996536,0.07312500000000055
2026-08-16 11:20:29.119,29.215,lower,-0.003750000000000142,0.09437499999999988
2026-08-16 11:20:29.129,29.225,lower,-0.07562500000000028,-0.03750000000000031
2026-08-16 11:20:29.139,29.235,lower,0.03750000000000031,0.1275000000000004
2026-08-16 11:20:29.149,29.245,lower,-0.08687499999999959,-0.028124999999999956
2026-08-16 11:20:29.159,29.255,lower,0.009375000000000355,0.07750000000000035
2026-08-16 11:20:29.169,29.265,lower,0.003750000000000142,0.09187500000000015
2026-08-16 11:20:29.179,29.275,lower,-0.09062499999999973,-0.06750000000000034
2026-08-16 11:20:29.189,29.285,lower,0.03437499999999982,0.12187500000000018
2026-08-16 11:20:29.199,29.295,lower,-0.09937499999999932,-0.03375000000000017
2026-08-16 11:20:29.209,29.305,lower,0.004374999999999796,0.04874999999999963
2026-08-16 11:20:29.219,29.315,lower,0.01687500000000064,0.08187500000000014
2026-08-16 11:20:29.229,29.325,lower,-0.07499999999999951,-0.05812499999999998
2026-08-16 11:20:29.239,29.335,lower,0.03687500000000066,0.12062499999999976
2026-08-16 11:20:29.249,29.345,lower,-0.08937500000000043,-0.04062499999999969
2026-08-16 11:20:29.259,29.355,lower,0.017500000000000293,0.056875000000000675
2026-08-16 11:20:29.269,29.365,lower,0.004374999999999796,0.07312500000000055
2026-08-16 11:20:29.279,29.375,lower,-0.08687499999999959,-0.05249999999999977
2026-08-16 11:20:29.289,29.385,lower,0.038124999999999964,0.1200000000000001
2026-08-16 11:20:29.299,29.395,lower,-0.10187500000000016,-0.046874999999999556
2026-08-16 11:20:29.309,29.405,lower,0.0050000000000005596,0.06125000000000047
2026-08-16 11:20:29.319,29.415,lower,0.013750000000000151,0.10000000000000009
2026-08-16 11:20:29.329,29.425,lower,-0.07312499999999944,-0.04750000000000032
2026-08-16 11:20:29.339,29.435,lower,0.04125000000000045,0.12125000000000052
2026-08-16 11:20:29.349,29.445,lower,-0.08812500000000001,-0.051875000000000115
2026-08-16 11:20:29.359,29.455,lower,0.013125000000000497,0.07249999999999979
2026-08-16 11:20:29.369,29.465,lower,0.003750000000000142,0.09375000000000022
2026-08-16 11:20:29.379,29.475,lower,-0.08812500000000001,-0.04187500000000011
2026-08-16 11:20:29.389,29.485,lower,0.03874999999999962,0.12500000000000067
2026-08-16 11:20:29.399,29.495,lower,-0.09874999999999967,-0.028124999999999956
2026-08-16 11:20:29.409,29.505,lower,0.0006249999999996536,0.07437499999999986
2026-08-16 11:20:29.419,29.515,lower,0.014374999999999805,0.08750000000000036
2026-08-16 11:20:29.429,29.525,lower,-0.07124999999999937,-0.0637500000000002
2026-08-16 11:20:29.439,29.535,lower,0.03375000000000017,0.12249999999999983
2026-08-16 11:20:29.449,29.545,lower,-0.09375000000000022,-0.03249999999999975
2026-08-16 11:20:29.459,29.555,lower,-0.010624999999999662,0.07562500000000028
2026-08-16 11:20:29.469,29.565,lower,-0.001875000000000071,0.0824999999999998
2026-08-16 11:20:29.479,29.575,lower,-0.08375000000000021,-0.06062499999999971
2026-08-16 11:20:29.489,29.585,lower,0.035000000000000586,0.1243749999999999
2026-08-16 11:20:29.499,29.595,lower,-0.1056250000000003,-0.043124999999999414
2026-08-16 11:20:29.509,29.605,lower,0.006249999999999867,0.05624999999999991
2026-08-16 11:20:29.519,29.615,lower,0.008749999999999591,0.078125
2026-08-16 11:20:29.529,29.625,lower,-0.09750000000000036,-0.054999999999999494
2026-08-16 11:20:29.539,29.635,lower,0.03375000000000017,0.12062499999999976
2026-08-16 11:20:29.549,29.645,lower,-0.10000000000000009,-0.04937500000000039
2026-08-16 11:20:29.559,29.655,lower,0.0006249999999996536,0.061875000000000124
2026-08-16 11:20:29.569,29.665,lower,-0.004999999999999449,0.09937500000000044
2026-08-16 11:20:29.579,29.675,lower,-0.0824999999999998,-0.050000000000000044
2026-08-16 11:20:29.589,29.685,lower,0.03687500000000066,0.12187500000000018
2026-08-16 11:20:29.599,29.695,lower,-0.10750000000000037,-0.0506249999999997
2026-08-16 11:20:29.609,29.705,lower,0.012499999999999734,0.06812499999999999
2026-08-16 11:20:29.619,29.715,lower,0.008749999999999591,0.09375000000000022
2026-08-16 11:20:29.629,29.725,lower,-0.09812500000000002,-0.04124999999999934
2026-08-16 11:20:29.639,29.735,lower,0.03874999999999962,0.12687499999999963
2026-08-16 11:20:29.649,29.745,lower,-0.1012499999999994,-0.026874999999999538
2026-08-16 11:20:29.659,29.755,lower,-0.005625000000000213,0.07562500000000028
2026-08-16 11:20:29.669,29.765,lower,-0.012499999999999734,0.08812500000000001
2026-08-16 11:20:29.679,29.775,lower,-0.08375000000000021,-0.06687499999999957
2026-08-16 11:20:29.689,29.785,lower,0.03562500000000024,0.1231250000000006
2026-08-16 11:20:29.699,29.795,lower,-0.09000000000000008,-0.033124999999999405
2026-08-16 11:20:29.709,29.805,lower,0.007500000000000284,0.07750000000000035
2026-08-16 11:20:29.719,29.815,lower,0.004374999999999796,0.0824999999999998
2026-08-16 11:20:29.729,29.825,lower,-0.09499999999999953,-0.0593750000000004
2026-08-16 11:20:29.739,29.835,lower,0.03624999999999989,0.1231250000000006
2026-08-16 11:20:29.749,29.845,lower,-0.10062499999999974,-0.04062499999999969
2026-08-16 11:20:29.759,29.855,lower,-0.004999999999999449,0.056875000000000675
2026-08-16 11:20:29.769,29.865,lower,0.014374999999999805,0.07687499999999958
2026-08-16 11:20:29.779,29.875,lower,-0.0737500000000002,-0.05437499999999984
2026-08-16 11:20:29.789,29.885,lower,0.03562500000000024,0.12187500000000018
2026-08-16 11:20:29.799,29.895,lower,-0.09000000000000008,-0.04562500000000025
2026-08-16 11:20:29.809,29.905,lower,0.008749999999999591,0.0637500000000002
2026-08-16 11:20:29.819,29.915,lower,0.0006249999999996536,0.10249999999999981
2026-08-16 11:20:29.829,29.925,lower,-0.09062499999999973,-0.051875000000000115
2026-08-16 11:20:29.839,29.935,lower,0.03437499999999982,0.12562500000000032
2026-08-16 11:20:29.849,29.945,lower,-0.10437499999999988,-0.05624999999999991
2026-08-16 11:20:29.859,29.955,lower,0.0024999999999997247,0.07062499999999972
2026-08-16 11:20:29.869,29.965,lower,0.014374999999999805,0.10000000000000009
2026-08-16 11:20:29.879,29.975,lower,-0.07124999999999937,-0.04562500000000025
2026-08-16 11:20:29.889,29.985,lower,0.03375000000000017,0.12624999999999997
2026-08-16 11:20:29.899,29.995,lower,-0.0956250000000003,-0.024374999999999813
2026-08-16 11:20:29.909,30.005,lower,0.013750000000000151,0.07687499999999958
2026-08-16 11:20:29.919,30.015,lower,-0.005625000000000213,0.0912500000000005
2026-08-16 11:20:29.929,30.025,lower,-0.09187500000000015,-0.07437499999999986
2026-08-16 11:20:29.939,30.035,lower,0.029375000000000373,0.13000000000000012
2026-08-16 11:20:29.949,30.045,lower,-0.10874999999999968,-0.03437499999999982
2026-08-16 11:20:29.959,30.055,lower,-0.0006249999999996536,0.07937500000000042
2026-08-16 11:20:29.969,30.065,lower,0.004374999999999796,0.08812500000000001
2026-08-16 11:20:29.979,30.075,lower,-0.07249999999999979,-0.07000000000000006
2026-08-16 11:20:29.989,30.085,lower,0.03375000000000017,0.13000000000000012
2026-08-16 11:20:29.999,30.095,lower,-0.09812500000000002,-0.04124999999999934
2026-08-16 11:20:30.009,30.105,lower,-0.008749999999999591,0.056875000000000675
2026-08-16 11:20:30.019,30.115,lower,-0.008124999999999938,0.078125
2026-08-16 11:20:30.029,30.125,lower,-0.08874999999999966,-0.06000000000000005
2026-08-16 11:20:30.039,30.135,lower,0.03249999999999975,0.1275000000000004
2026-08-16 11:20:30.049,30.145,lower,-0.11062499999999975,-0.04812499999999997
2026-08-16 11:20:30.059,30.155,lower,0.0012500000000004174,0.06437499999999985
2026-08-16 11:20:30.069,30.165,lower,0.004374999999999796,0.07750000000000035
2026-08-16 11:20:30.079,30.175,lower,-0.09812500000000002,-0.05624999999999991
2026-08-16 11:20:30.089,30.185,lower,0.0318750000000001,0.13062499999999977
2026-08-16 11:20:30.099,30.195,lower,-0.10187500000000016,-0.05437499999999984
2026-08-16 11:20:30.109,30.205,lower,-0.009375000000000355,0.06750000000000034
2026-08-16 11:20:30.119,30.215,lower,-0.01687499999999953,0.10437499999999988
2026-08-16 11:20:30.129,30.225,lower,-0.0824999999999998,-0.050000000000000044
2026-08-16 11:20:30.139,30.235,lower,0.031250000000000444,0.13125000000000053
2026-08-16 11:20:30.149,30.245,lower,-0.11812500000000004,-0.023124999999999396
2026-08-16 11:20:30.159,30.255,lower,0.0031250000000004885,0.07874999999999965
2026-08-16 11:20:30.169,30.265,lower,-0.0012500000000004174,0.09375000000000022
2026-08-16 11:20:30.179,30.275,lower,-0.10375000000000023,-0.0462499999999999
2026-08-16 11:20:30.189,30.285,lower,0.02562500000000023,0.1318750000000002
2026-08-16 11:20:30.199,30.295,lower,-0.11062499999999975,-0.03624999999999989
2026-08-16 11:20:30.209,30.305,lower,-0.008124999999999938,0.08187500000000014
2026-08-16 11:20:30.219,30.315,lower,-0.019375000000000364,0.0924999999999998
2026-08-16 11:20:30.229,30.325,lower,-0.08750000000000036,-0.06812499999999999
2026-08-16 11:20:30.239,30.335,lower,0.025000000000000577,0.12687499999999963
2026-08-16 11:20:30.249,30.345,lower,-0.09812500000000002,-0.043124999999999414
2026-08-16 11:20:30.259,30.355,lower,0.0024999999999997247,0.051875000000000115
2026-08-16 11:20:30.269,30.365,lower,-0.007500000000000284,0.08000000000000007
2026-08-16 11:20:30.279,30.375,lower,-0.10874999999999968,-0.06624999999999992
2026-08-16 11:20:30.289,30.385,lower,0.022499999999999742,0.12687499999999963
2026-08-16 11:20:30.299,30.395,lower,-0.11624999999999996,-0.054999999999999494
2026-08-16 11:20:30.309,30.405,lower,-0.013750000000000151,0.055000000000000604
2026-08-16 11:20:30.319,30.415,lower,-0.0006249999999996536,0.06937500000000041
2026-08-16 11:20:30.329,30.425,lower,-0.09062499999999973,-0.0637500000000002
2026-08-16 11:20:30.339,30.435,lower,0.02062499999999967,0.12500000000000067
2026-08-16 11:20:30.349,30.445,lower,-0.1056250000000003,-0.06062499999999971
2026-08-16 11:20:30.359,30.455,lower,-0.005625000000000213,0.06125000000000047
2026-08-16 11:20:30.369,30.465,lower,-0.021249999999999325,0.09500000000000064
2026-08-16 11:20:30.379,30.475,lower,-0.10750000000000037,-0.05562500000000026
2026-08-16 11:20:30.389,30.485,lower,0.01687500000000064,0.12062499999999976
2026-08-16 11:20:30.399,30.495,lower,-0.12062499999999976,-0.027500000000000302
2026-08-16 11:20:30.409,30.505,lower,-0.014374999999999805,0.07062499999999972
2026-08-16 11:20:30.419,30.515,lower,-0.008124999999999938,0.08624999999999994
2026-08-16 11:20:30.429,30.525,lower,-0.08562500000000028,-0.04812499999999997
2026-08-16 11:20:30.439,30.535,lower,0.0187499999999996,0.1243749999999999
2026-08-16 11:20:30.449,30.545,lower,-0.1143749999999999,-0.04187500000000011
2026-08-16 11:20:30.459,30.555,lower,-0.0031249999999993783,0.07062499999999972
2026-08-16 11:20:30.469,30.565,lower,-0.021249999999999325,0.08624999999999994
2026-08-16 11:20:30.479,30.575,lower,-0.09812500000000002,-0.06937500000000041
2026-08-16 11:20:30.489,30.585,lower,0.023125000000000506,0.12562500000000032
2026-08-16 11:20:30.499,30.595,lower,-0.12249999999999983,-0.044999999999999485
2026-08-16 11:20:30.509,30.605,lower,-0.0031249999999993783,0.04874999999999963
2026-08-16 11:20:30.519,30.615,lower,-0.0012500000000004174,0.08062499999999972
2026-08-16 11:20:30.529,30.625,lower,-0.07562500000000028,-0.06750000000000034
2026-08-16 11:20:30.539,30.635,lower,0.02874999999999961,0.12624999999999997
2026-08-16 11:20:30.549,30.645,lower,-0.11249999999999982,-0.0506249999999997
2026-08-16 11:20:30.559,30.655,lower,-0.012499999999999734,0.0593750000000004
2026-08-16 11:20:30.569,30.665,lower,-0.014999999999999458,0.07437499999999986
2026-08-16 11:20:30.579,30.675,lower,-0.09499999999999953,-0.06562500000000027
2026-08-16 11:20:30.589,30.685,lower,0.025000000000000577,0.12187500000000018
2026-08-16 11:20:30.599,30.695,lower,-0.11750000000000038,-0.06000000000000005
2026-08-16 11:20:30.609,30.705,lower,0.0006249999999996536,0.06500000000000061
2026-08-16 11:20:30.619,30.715,lower,0.0012500000000004174,0.09937500000000044
2026-08-16 11:20:30.629,30.725,lower,-0.1056250000000003,-0.05562500000000026
2026-08-16 11:20:30.639,30.735,lower,0.029375000000000373,0.12500000000000067
2026-08-16 11:20:30.649,30.745,lower,-0.10499999999999954,-0.06562500000000027
2026-08-16 11:20:30.659,30.755,lower,-0.00687499999999952,0.07437499999999986
2026-08-16 11:20:30.669,30.765,lower,-0.014999999999999458,0.0924999999999998
2026-08-16 11:20:30.679,30.775,lower,-0.08687499999999959,-0.04874999999999963
2026-08-16 11:20:30.689,30.785,lower,0.029375000000000373,0.12812500000000004
2026-08-16 11:20:30.699,30.795,lower,-0.08874999999999966,-0.03562500000000024
2026-08-16 11:20:30.709,30.805,lower,0.004374999999999796,0.078125
2026-08-16 11:20:30.719,30.815,lower,-0.0006249999999996536,0.09187500000000015
2026-08-16 11:20:30.729,30.825,lower,-0.09124999999999939,-0.06687499999999957
2026-08-16 11:20:30.739,30.835,lower,0.03874999999999962,0.13500000000000068
2026-08-16 11:20:30.749,30.845,lower,-0.09812500000000002,-0.03249999999999975
2026-08-16 11:20:30.759,30.855,lower,0.005625000000000213,0.05624999999999991
2026-08-16 11:20:30.769,30.865,lower,-0.009375000000000355,0.09000000000000008
2026-08-16 11:20:30.779,30.875,lower,-0.07187500000000013,-0.05812499999999998
2026-08-16 11:20:30.789,30.885,lower,0.04062499999999969,0.1375000000000004
2026-08-16 11:20:30.799,30.895,lower,-0.09062499999999973,-0.044999999999999485
2026-08-16 11:20:30.809,30.905,lower,0.013125000000000497,0.0637500000000002
2026-08-16 11:20:30.819,30.915,lower,0.0050000000000005596,0.08187500000000014
2026-08-16 11:20:30.829,30.925,lower,-0.08624999999999994,-0.054999999999999494
2026-08-16 11:20:30.839,30.935,lower,0.040000000000000036,0.1318750000000002
2026-08-16 11:20:30.849,30.945,lower,-0.10249999999999981,-0.0506249999999997
2026-08-16 11:20:30.859,30.955,lower,0.006249999999999867,0.06812499999999999
2026-08-16 11:20:30.869,30.965,lower,0.016249999999999876,0.10687499999999961
2026-08-16 11:20:30.879,30.975,lower,-0.07124999999999937,-0.04750000000000032
2026-08-16 11:20:30.889,30.985,lower,0.038124999999999964,0.1287499999999997
2026-08-16 11:20:30.899,30.995,lower,-0.09375000000000022,-0.05812499999999998
2026-08-16 11:20:30.909,31.005,lower,0.015625000000000222,0.0737500000000002
2026-08-16 11:20:30.919,31.015,lower,0.0031250000000004885,0.09874999999999967
2026-08-16 11:20:30.929,31.025,lower,-0.08937500000000043,-0.04812499999999997
2026-08-16 11:20:30.939,31.035,lower,0.03375000000000017,0.12937500000000046
2026-08-16 11:20:30.949,31.045,lower,-0.10062499999999974,-0.03437499999999982
2026-08-16 11:20:30.959,31.055,lower,0.008124999999999938,0.08000000000000007
2026-08-16 11:20:30.969,31.065,lower,0.01187500000000008,0.09187500000000015
2026-08-16 11:20:30.979,31.075,lower,-0.06687499999999957,-0.07312499999999944
2026-08-16 11:20:30.989,31.085,lower,0.040000000000000036,0.1318750000000002
2026-08-16 11:20:30.999,31.095,lower,-0.09375000000000022,-0.04062499999999969
2026-08-16 11:20:31.009,31.105,lower,0.0187499999999996,0.08062499999999972
2026-08-16 11:20:31.019,31.115,lower,-0.0024999999999997247,0.08562500000000028
2026-08-16 11:20:31.029,31.125,lower,-0.08375000000000021,-0.07062499999999972
2026-08-16 11:20:31.039,31.135,lower,0.03687500000000066,0.12937500000000046
2026-08-16 11:20:31.049,31.145,lower,-0.10499999999999954,-0.05312499999999942
2026-08-16 11:20:31.059,31.155,lower,0.009375000000000355,0.055000000000000604
2026-08-16 11:20:31.069,31.165,lower,0.008124999999999938,0.07562500000000028
2026-08-16 11:20:31.079,31.175,lower,-0.06312499999999943,-0.06124999999999936
2026-08-16 11:20:31.089,31.185,lower,0.04249999999999976,0.11874999999999969
2026-08-16 11:20:31.099,31.195,lower,-0.09750000000000036,-0.061875000000000124
2026-08-16 11:20:31.109,31.205,lower,-0.001875000000000071,0.06125000000000047
2026-08-16 11:20:31.119,31.215,lower,-0.004374999999999796,0.06750000000000034
2026-08-16 11:20:31.129,31.225,lower,-0.08000000000000007,-0.056874999999999565
2026-08-16 11:20:31.139,31.235,lower,0.040000000000000036,0.12562500000000032
2026-08-16 11:20:31.149,31.245,lower,-0.11062499999999975,-0.0637500000000002
2026-08-16 11:20:31.159,31.255,lower,0.008124999999999938,0.06562500000000027
2026-08-16 11:20:31.169,31.265,lower,0.008124999999999938,0.09312500000000057
2026-08-16 11:20:31.179,31.275,lower,-0.0968749999999996,-0.05312499999999942
2026-08-16 11:20:31.189,31.285,lower,0.035000000000000586,0.12187500000000018
2026-08-16 11:20:31.199,31.295,lower,-0.10624999999999996,-0.03874999999999962
2026-08-16 11:20:31.209,31.305,lower,-0.0031249999999993783,0.07312500000000055
2026-08-16 11:20:31.219,31.315,lower,-0.008124999999999938,0.08375000000000021
2026-08-16 11:20:31.229,31.325,lower,-0.08187500000000014,-0.07687499999999958
2026-08-16 11:20:31.239,31.335,lower,0.0318750000000001,0.12187500000000018
2026-08-16 11:20:31.249,31.345,lower,-0.09187500000000015,-0.04750000000000032
2026-08-16 11:20:31.259,31.355,lower,0.005625000000000213,0.07874999999999965
2026-08-16 11:20:31.269,31.365,lower,0.0050000000000005596,0.08187500000000014
2026-08-16 11:20:31.279,31.375,lower,-0.09312499999999946,-0.07499999999999951
2026-08-16 11:20:31.289,31.385,lower,0.03249999999999975,0.1231250000000006
2026-08-16 11:20:31.299,31.395,lower,-0.09937499999999932,-0.050000000000000044
2026-08-16 11:20:31.309,31.405,lower,0.0024999999999997247,0.050000000000000044
2026-08-16 11:20:31.319,31.415,lower,-0.014999999999999458,0.0737500000000002
2026-08-16 11:20:31.329,31.425,lower,-0.07562500000000028,-0.06812499999999999
2026-08-16 11:20:31.339,31.435,lower,0.03562500000000024,0.11750000000000038
2026-08-16 11:20:31.349,31.445,lower,-0.09437499999999988,-0.06000000000000005
2026-08-16 11:20:31.359,31.455,lower,0.012499999999999734,0.05812499999999998
2026-08-16 11:20:31.369,31.465,lower,-0.0024999999999997247,0.06687500000000068
2026-08-16 11:20:31.379,31.475,lower,-0.09124999999999939,-0.06000000000000005
2026-08-16 11:20:31.389,31.485,lower,0.03562500000000024,0.1231250000000006
2026-08-16 11:20:31.399,31.495,lower,-0.10499999999999954,-0.0649999999999995
2026-08-16 11:20:31.409,31.505,lower,0.003750000000000142,0.06874999999999964
2026-08-16 11:20:31.419,31.515,lower,0.010624999999999662,0.09000000000000008
2026-08-16 11:20:31.429,31.525,lower,-0.07437499999999986,-0.053750000000000187
2026-08-16 11:20:31.439,31.535,lower,0.040000000000000036,0.12624999999999997
2026-08-16 11:20:31.449,31.545,lower,-0.09812500000000002,-0.03750000000000031
2026-08-16 11:20:31.459,31.555,lower,0.013125000000000497,0.07187500000000013
2026-08-16 11:20:31.469,31.565,lower,-0.001875000000000071,0.08874999999999966
2026-08-16 11:20:31.479,31.575,lower,-0.08937500000000043,-0.04750000000000032
2026-08-16 11:20:31.489,31.585,lower,0.03375000000000017,0.1243749999999999
2026-08-16 11:20:31.499,31.595,lower,-0.10874999999999968,-0.04750000000000032
2026-08-16 11:20:31.509,31.605,lower,0.0031250000000004885,0.07937500000000042
2026-08-16 11:20:31.519,31.615,lower,0.011250000000000426,0.08375000000000021
2026-08-16 11:20:31.529,31.625,lower,-0.06874999999999964,-0.07249999999999979
2026-08-16 11:20:31.539,31.635,lower,0.03624999999999989,0.12562500000000032
2026-08-16 11:20:31.549,31.645,lower,-0.0968749999999996,-0.05249999999999977
2026-08-16 11:20:31.559,31.655,lower,-0.005625000000000213,0.050000000000000044
2026-08-16 11:20:31.569,31.665,lower,-0.0012500000000004174,0.07687499999999958
2026-08-16 11:20:31.579,31.675,lower,-0.08499999999999952,-0.06687499999999957
2026-08-16 11:20:31.589,31.685,lower,0.03375000000000017,0.12125000000000052
2026-08-16 11:20:31.599,31.695,lower,-0.10750000000000037,-0.06249999999999978
2026-08-16 11:20:31.609,31.705,lower,0.008749999999999591,0.0593750000000004
2026-08-16 11:20:31.619,31.715,lower,0.004374999999999796,0.07125000000000048
2026-08-16 11:20:31.629,31.725,lower,-0.06562500000000027,-0.0637500000000002
2026-08-16 11:20:31.639,31.735,lower,0.033125000000000515,0.12125000000000052
2026-08-16 11:20:31.649,31.745,lower,-0.09812500000000002,-0.06812499999999999
2026-08-16 11:20:31.659,31.755,lower,0.0006249999999996536,0.06312500000000054
2026-08-16 11:20:31.669,31.765,lower,-0.013750000000000151,0.09624999999999995
2026-08-16 11:20:31.679,31.775,lower,-0.08499999999999952,-0.05562500000000026
2026-08-16 11:20:31.689,31.785,lower,0.03624999999999989,0.12249999999999983
2026-08-16 11:20:31.699,31.795,lower,-0.11062499999999975,-0.040000000000000036
2026-08-16 11:20:31.709,31.805,lower,0.008749999999999591,0.07062499999999972
2026-08-16 11:20:31.719,31.815,lower,-0.0012500000000004174,0.08624999999999994
2026-08-16 11:20:31.729,31.825,lower,-0.10062499999999974,-0.04937500000000039
2026-08-16 11:20:31.739,31.835,lower,0.035000000000000586,0.12812500000000004
2026-08-16 11:20:31.749,31.845,lower,-0.1056250000000003,-0.04375000000000018
2026-08-16 11:20:31.759,31.855,lower,-0.003750000000000142,0.07937500000000042
2026-08-16 11:20:31.769,31.865,lower,-0.013124999999999387,0.08375000000000021
2026-08-16 11:20:31.779,31.875,lower,-0.08312499999999945,-0.0737500000000002
2026-08-16 11:20:31.789,31.885,lower,0.03375000000000017,0.12687499999999963
2026-08-16 11:20:31.799,31.895,lower,-0.09624999999999995,-0.05624999999999991
2026-08-16 11:20:31.809,31.905,lower,0.0050000000000005596,0.046875000000000666
2026-08-16 11:20:31.819,31.915,lower,-0.0006249999999996536,0.07562500000000028
2026-08-16 11:20:31.829,31.925,lower,-0.09499999999999953,-0.07062499999999972
2026-08-16 11:20:31.839,31.935,lower,0.0318750000000001,0.12687499999999963
2026-08-16 11:20:31.849,31.945,lower,-0.11062499999999975,-0.061875000000000124
2026-08-16 11:20:31.859,31.955,lower,-0.004374999999999796,0.056875000000000675
2026-08-16 11:20:31.869,31.965,lower,-0.018124999999999947,0.06937500000000041
2026-08-16 11:20:31.879,31.975,lower,-0.07687499999999958,-0.06624999999999992
2026-08-16 11:20:31.889,31.985,lower,0.0318750000000001,0.1243749999999999
2026-08-16 11:20:31.899,31.995,lower,-0.09750000000000036,-0.07249999999999979
2026-08-16 11:20:31.909,32.005,lower,0.008124999999999938,0.06249999999999978
2026-08-16 11:20:31.919,32.015,lower,-0.010000000000000009,0.09500000000000064
2026-08-16 11:20:31.929,32.025,lower,-0.0968749999999996,-0.06000000000000005
2026-08-16 11:20:31.939,32.035,lower,0.029375000000000373,0.12249999999999983
2026-08-16 11:20:31.949,32.045,lower,-0.1143749999999999,-0.07937500000000042
2026-08-16 11:20:31.959,32.055,lower,-0.0006249999999996536,0.07062499999999972
2026-08-16 11:20:31.969,32.065,lower,0.001875000000000071,0.08562500000000028
2026-08-16 11:20:31.979,32.075,lower,-0.07687499999999958,-0.051875000000000115
2026-08-16 11:20:31.989,32.085,lower,0.027500000000000302,0.12687499999999963
2026-08-16 11:20:31.999,32.095,lower,-0.1056250000000003,-0.04375000000000018
2026-08-16 11:20:32.009,32.105,lower,0.009375000000000355,0.07624999999999993
2026-08-16 11:20:32.019,32.115,lower,-0.011249999999999316,0.08375000000000021
2026-08-16 11:20:32.029,32.125,lower,-0.09874999999999967,-0.07874999999999965
2026-08-16 11:20:32.039,32.135,lower,0.026249999999999885,0.12187500000000018
2026-08-16 11:20:32.049,32.145,lower,-0.11624999999999996,-0.05562500000000026
2026-08-16 11:20:32.059,32.155,lower,-0.0024999999999997247,0.04375000000000018
2026-08-16 11:20:32.069,32.165,lower,-0.004374999999999796,0.07125000000000048
2026-08-16 11:20:32.079,32.175,lower,-0.08312499999999945,-0.07499999999999951
2026-08-16 11:20:32.089,32.185,lower,0.02687500000000065,0.12375000000000025
2026-08-16 11:20:32.099,32.195,lower,-0.11062499999999975,-0.06437499999999985
2026-08-16 11:20:32.109,32.205,lower,-0.022499999999999742,0.05125000000000046
2026-08-16 11:20:32.119,32.215,lower,-0.027500000000000302,0.06624999999999992
2026-08-16 11:20:32.129,32.225,lower,-0.10249999999999981,-0.07249999999999979
2026-08-16 11:20:32.139,32.235,lower,0.018124999999999947,0.11874999999999969
2026-08-16 11:20:32.149,32.245,lower,-0.1287499999999997,-0.07062499999999972
2026-08-16 11:20:32.159,32.255,lower,-0.013750000000000151,0.055000000000000604
2026-08-16 11:20:32.169,32.265,lower,-0.016249999999999876,0.08687499999999959
2026-08-16 11:20:32.179,32.275,lower,-0.08437499999999987,-0.06624999999999992
2026-08-16 11:20:32.189,32.285,lower,0.01187500000000008,0.11687499999999962
2026-08-16 11:20:32.199,32.295,lower,-0.12499999999999956,-0.08124999999999938
2026-08-16 11:20:32.209,32.305,lower,-0.023124999999999396,0.061875000000000124
2026-08-16 11:20:32.219,32.315,lower,-0.03375000000000017,0.08187500000000014
2026-08-16 11:20:32.229,32.325,lower,-0.10437499999999988,-0.06124999999999936
2026-08-16 11:20:32.239,32.335,lower,0.013750000000000151,0.1200000000000001
2026-08-16 11:20:32.249,32.345,lower,-0.1343749999999999,-0.051875000000000115
2026-08-16 11:20:32.259,32.355,lower,-0.007500000000000284,0.07000000000000006
2026-08-16 11:20:32.269,32.365,lower,-0.013750000000000151,0.08437499999999987
2026-08-16 11:20:32.279,32.375,lower,-0.11249999999999982,-0.08312499999999945
2026-08-16 11:20:32.289,32.385,lower,0.025000000000000577,0.12500000000000067
2026-08-16 11:20:32.299,32.395,lower,-0.11750000000000038,-0.050000000000000044
2026-08-16 11:20:32.309,32.405,lower,-0.007500000000000284,0.08500000000000063
2026-08-16 11:20:32.319,32.415,lower,-0.024999999999999467,0.07437499999999986
2026-08-16 11:20:32.329,32.425,lower,-0.09437499999999988,-0.07437499999999986
2026-08-16 11:20:32.339,32.435,lower,0.028124999999999956,0.12687499999999963
2026-08-16 11:20:32.349,32.445,lower,-0.10874999999999968,-0.061875000000000124
2026-08-16 11:20:32.359,32.455,lower,-0.0006249999999996536,0.05562500000000026
2026-08-16 11:20:32.369,32.465,lower,-0.01187500000000008,0.07187500000000013
2026-08-16 11:20:32.379,32.475,lower,-0.11375000000000024,-0.06812499999999999
2026-08-16 11:20:32.389,32.485,lower,0.022499999999999742,0.1231250000000006
2026-08-16 11:20:32.399,32.495,lower,-0.12062499999999976,-0.06750000000000034
2026-08-16 11:20:32.409,32.505,lower,-0.014374999999999805,0.0593750000000004
2026-08-16 11:20:32.419,32.515,lower,-0.00687499999999952,0.09437499999999988
2026-08-16 11:20:32.429,32.525,lower,-0.0956250000000003,-0.06124999999999936
2026-08-16 11:20:32.439,32.535,lower,0.018124999999999947,0.12187500000000018
2026-08-16 11:20:32.449,32.545,lower,-0.1112499999999994,-0.07499999999999951
2026-08-16 11:20:32.459,32.555,lower,-0.007500000000000284,0.06812499999999999
2026-08-16 11:20:32.469,32.565,lower,-0.02187500000000009,0.08562500000000028
2026-08-16 11:20:32.479,32.575,lower,-0.10874999999999968,-0.054999999999999494
2026-08-16 11:20:32.489,32.585,lower,0.0187499999999996,0.12624999999999997
2026-08-16 11:20:32.499,32.595,lower,-0.12312499999999948,-0.046874999999999556
2026-08-16 11:20:32.509,32.605,lower,-0.017500000000000293,0.07249999999999979
2026-08-16 11:20:32.519,32.615,lower,-0.011249999999999316,0.08437499999999987
2026-08-16 11:20:32.529,32.625,lower,-0.08624999999999994,-0.078125
2026-08-16 11:20:32.539,32.635,lower,0.014374999999999805,0.12687499999999963
2026-08-16 11:20:32.549,32.645,lower,-0.12124999999999941,-0.05312499999999942
2026-08-16 11:20:32.559,32.655,lower,-0.007500000000000284,0.08187500000000014
2026-08-16 11:20:32.569,32.665,lower,-0.03062499999999968,0.0737500000000002
2026-08-16 11:20:32.579,32.675,lower,-0.10937499999999933,-0.07499999999999951
2026-08-16 11:20:32.589,32.685,lower,0.01687500000000064,0.1231250000000006
2026-08-16 11:20:32.599,32.695,lower,-0.1331249999999995,-0.06000000000000005
2026-08-16 11:20:32.609,32.705,lower,-0.013124999999999387,0.050000000000000044
2026-08-16 11:20:32.619,32.715,lower,-0.01187500000000008,0.06937500000000041
2026-08-16 11:20:32.629,32.725,lower,-0.08312499999999945,-0.07000000000000006
2026-08-16 11:20:32.639,32.735,lower,0.024374999999999813,0.1243749999999999
2026-08-16 11:20:32.649,32.745,lower,-0.11687499999999962,-0.06687499999999957
2026-08-16 11:20:32.659,32.755,lower,-0.016249999999999876,0.06312500000000054
2026-08-16 11:20:32.669,32.765,lower,-0.0187499999999996,0.06500000000000061
2026-08-16 11:20:32.679,32.775,lower,-0.09624999999999995,-0.05562500000000026
2026-08-16 11:20:32.689,32.785,lower,0.02874999999999961,0.13062499999999977
2026-08-16 11:20:32.699,32.795,lower,-0.11812500000000004,-0.06687499999999957
2026-08-16 11:20:32.709,32.805,lower,-0.0012500000000004174,0.07312500000000055
2026-08-16 11:20:32.719,32.815,lower,0.0012500000000004174,0.09812500000000002
2026-08-16 11:20:32.729,32.825,lower,-0.06937500000000041,-0.04437499999999983
2026-08-16 11:20:32.739,32.835,lower,0.03624999999999989,0.13500000000000068
2026-08-16 11:20:32.749,32.845,lower,-0.10187500000000016,-0.03375000000000017
