timestamp,elapsed_s,segment,roots_V,grounded_roots_V
2026-08-16 00:08:24.210,0.001,lower,-0.04062499999999969,-0.04937500000000039
2026-08-16 00:08:24.220,0.011,lower,-0.013750000000000151,-0.05750000000000033
2026-08-16 00:08:24.230,0.021,lower,0.06624999999999992,-0.020000000000000018
2026-08-16 00:08:24.240,0.031,lower,-0.11187500000000017,-0.07312499999999944
2026-08-16 00:08:24.250,0.041,lower,0.05750000000000033,-0.031249999999999334
2026-08-16 00:08:24.260,0.051,lower,-0.06687499999999957,-0.050000000000000044
2026-08-16 00:08:24.270,0.061,lower,0.008124999999999938,-0.05249999999999977
2026-08-16 00:08:24.280,0.071,lower,0.07000000000000006,-0.020000000000000018
2026-08-16 00:08:24.290,0.081,lower,-0.09812500000000002,-0.06750000000000034
2026-08-16 00:08:24.300,0.091,lower,0.061875000000000124,-0.02874999999999961
2026-08-16 00:08:24.310,0.101,lower,-0.040000000000000036,-0.04874999999999963
2026-08-16 00:08:24.320,0.111,lower,-0.006249999999999867,-0.04937500000000039
2026-08-16 00:08:24.330,0.121,lower,0.06687500000000068,-0.024999999999999467
2026-08-16 00:08:24.340,0.131,lower,-0.10687499999999961,-0.06687499999999957
2026-08-16 00:08:24.350,0.141,lower,0.05812499999999998,-0.026874999999999538
2026-08-16 00:08:24.360,0.151,lower,-0.06562500000000027,-0.03937500000000038
2026-08-16 00:08:24.370,0.161,lower,0.010000000000000009,-0.050000000000000044
2026-08-16 00:08:24.380,0.171,lower,0.06750000000000034,-0.020000000000000018
2026-08-16 00:08:24.390,0.181,lower,-0.11499999999999955,-0.07187500000000013
2026-08-16 00:08:24.400,0.191,lower,0.06500000000000061,-0.026874999999999538
2026-08-16 00:08:24.410,0.201,lower,-0.04375000000000018,-0.04437499999999983
2026-08-16 00:08:24.420,0.211,lower,-0.0031249999999993783,-0.04562500000000025
2026-08-16 00:08:24.430,0.221,lower,0.06624999999999992,-0.017500000000000293
2026-08-16 00:08:24.440,0.231,lower,-0.10000000000000009,-0.07000000000000006
2026-08-16 00:08:24.450,0.241,lower,0.06000000000000005,-0.02375000000000016
2026-08-16 00:08:24.460,0.251,lower,-0.06812499999999999,-0.04249999999999976
2026-08-16 00:08:24.470,0.261,lower,0.01687500000000064,-0.05624999999999991
2026-08-16 00:08:24.480,0.271,lower,0.06812499999999999,-0.02187500000000009
2026-08-16 00:08:24.490,0.281,lower,-0.11874999999999969,-0.07437499999999986
2026-08-16 00:08:24.500,0.291,lower,0.06812499999999999,-0.028124999999999956
2026-08-16 00:08:24.510,0.301,lower,-0.0462499999999999,-0.04812499999999997
2026-08-16 00:08:24.520,0.311,lower,-0.0006249999999996536,-0.05437499999999984
2026-08-16 00:08:24.530,0.321,lower,0.061875000000000124,-0.02187500000000009
2026-08-16 00:08:24.540,0.331,lower,-0.10437499999999988,-0.06812499999999999
2026-08-16 00:08:24.550,0.341,lower,0.0593750000000004,-0.028124999999999956
2026-08-16 00:08:24.560,0.351,lower,-0.027500000000000302,-0.04937500000000039
2026-08-16 00:08:24.570,0.361,lower,0.01687500000000064,-0.046874999999999556
2026-08-16 00:08:24.580,0.371,lower,0.06812499999999999,-0.023124999999999396
2026-08-16 00:08:24.590,0.381,lower,-0.11249999999999982,-0.06937500000000041
2026-08-16 00:08:24.600,0.391,lower,0.0637500000000002,-0.02375000000000016
2026-08-16 00:08:24.610,0.401,lower,-0.05312499999999942,-0.04062499999999969
2026-08-16 00:08:24.620,0.411,lower,0.003750000000000142,-0.04375000000000018
2026-08-16 00:08:24.630,0.421,lower,0.06249999999999978,-0.019375000000000364
2026-08-16 00:08:24.640,0.431,lower,-0.10187500000000016,-0.07000000000000006
2026-08-16 00:08:24.650,0.441,lower,0.0637500000000002,-0.023124999999999396
2026-08-16 00:08:24.660,0.451,lower,-0.030000000000000027,-0.040000000000000036
2026-08-16 00:08:24.670,0.461,lower,0.018124999999999947,-0.040000000000000036
2026-08-16 00:08:24.680,0.471,lower,0.06562500000000027,-0.021249999999999325
2026-08-16 00:08:24.690,0.481,lower,-0.11062499999999975,-0.0737500000000002
2026-08-16 00:08:24.700,0.491,lower,0.06624999999999992,-0.02187500000000009
2026-08-16 00:08:24.710,0.501,lower,-0.06062499999999971,-0.04187500000000011
2026-08-16 00:08:24.720,0.511,lower,0.010000000000000009,-0.05812499999999998
2026-08-16 00:08:24.730,0.521,lower,0.06312500000000054,-0.020000000000000018
2026-08-16 00:08:24.740,0.531,lower,-0.09937499999999932,-0.0737500000000002
2026-08-16 00:08:24.750,0.541,lower,0.06062499999999971,-0.02375000000000016
2026-08-16 00:08:24.760,0.551,lower,-0.038124999999999964,-0.050000000000000044
2026-08-16 00:08:24.770,0.561,lower,0.02187500000000009,-0.05249999999999977
2026-08-16 00:08:24.780,0.571,lower,0.061875000000000124,-0.023124999999999396
2026-08-16 00:08:24.790,0.581,lower,-0.10937499999999933,-0.07062499999999972
2026-08-16 00:08:24.800,0.591,lower,0.053750000000000187,-0.027500000000000302
2026-08-16 00:08:24.810,0.601,lower,-0.06437499999999985,-0.044999999999999485
2026-08-16 00:08:24.820,0.611,lower,0.010000000000000009,-0.05124999999999935
2026-08-16 00:08:24.830,0.621,lower,0.06750000000000034,-0.02187500000000009
2026-08-16 00:08:24.840,0.631,lower,-0.09437499999999988,-0.07124999999999937
2026-08-16 00:08:24.850,0.641,lower,0.0637500000000002,-0.026874999999999538
2026-08-16 00:08:24.860,0.651,lower,-0.04062499999999969,-0.05249999999999977
2026-08-16 00:08:24.870,0.661,lower,0.025000000000000577,-0.04562500000000025
2026-08-16 00:08:24.880,0.671,lower,0.06687500000000068,-0.02062499999999967
2026-08-16 00:08:24.890,0.681,lower,-0.1056250000000003,-0.06812499999999999
2026-08-16 00:08:24.900,0.691,lower,0.05624999999999991,-0.023124999999999396
2026-08-16 00:08:24.910,0.701,lower,-0.07000000000000006,-0.040000000000000036
2026-08-16 00:08:24.920,0.711,lower,0.017500000000000293,-0.043124999999999414
2026-08-16 00:08:24.930,0.721,lower,0.06500000000000061,-0.023124999999999396
2026-08-16 00:08:24.940,0.731,lower,-0.09375000000000022,-0.07000000000000006
2026-08-16 00:08:24.950,0.741,lower,0.06624999999999992,-0.02187500000000009
2026-08-16 00:08:24.960,0.751,lower,-0.04562500000000025,-0.0462499999999999
2026-08-16 00:08:24.970,0.761,lower,-0.003750000000000142,-0.053750000000000187
2026-08-16 00:08:24.980,0.771,lower,0.06437499999999985,-0.02062499999999967
2026-08-16 00:08:24.990,0.781,lower,-0.10624999999999996,-0.07312499999999944
2026-08-16 00:08:25.000,0.791,lower,0.055000000000000604,-0.024374999999999813
2026-08-16 00:08:25.010,0.801,lower,-0.0737500000000002,-0.04750000000000032
2026-08-16 00:08:25.020,0.811,lower,0.016249999999999876,-0.053750000000000187
2026-08-16 00:08:25.030,0.821,lower,0.06624999999999992,-0.02375000000000016
2026-08-16 00:08:25.040,0.831,lower,-0.11562500000000031,-0.07124999999999937
2026-08-16 00:08:25.050,0.841,lower,0.06562500000000027,-0.024999999999999467
2026-08-16 00:08:25.060,0.851,lower,-0.0506249999999997,-0.04874999999999963
2026-08-16 00:08:25.070,0.861,lower,0.005625000000000213,-0.0506249999999997
2026-08-16 00:08:25.080,0.871,lower,0.06125000000000047,-0.024374999999999813
2026-08-16 00:08:25.090,0.881,lower,-0.10187500000000016,-0.06812499999999999
2026-08-16 00:08:25.100,0.891,lower,0.06125000000000047,-0.027500000000000302
2026-08-16 00:08:25.110,0.901,lower,-0.07750000000000035,-0.051875000000000115
2026-08-16 00:08:25.120,0.911,lower,0.018124999999999947,-0.04750000000000032
2026-08-16 00:08:25.130,0.921,lower,0.06937500000000041,-0.026249999999999885
2026-08-16 00:08:25.140,0.931,lower,-0.1143749999999999,-0.06937500000000041
2026-08-16 00:08:25.150,0.941,lower,0.06062499999999971,-0.022499999999999742
2026-08-16 00:08:25.160,0.951,lower,-0.05562500000000026,-0.043124999999999414
2026-08-16 00:08:25.170,0.961,lower,0.005625000000000213,-0.04437499999999983
2026-08-16 00:08:25.180,0.971,lower,0.06062499999999971,-0.02062499999999967
2026-08-16 00:08:25.190,0.981,lower,-0.10249999999999981,-0.07562500000000028
2026-08-16 00:08:25.200,0.991,lower,0.06125000000000047,-0.02375000000000016
2026-08-16 00:08:25.210,1.001,lower,-0.034999999999999476,-0.04562500000000025
2026-08-16 00:08:25.220,1.011,lower,0.020000000000000018,-0.04562500000000025
2026-08-16 00:08:25.230,1.021,lower,0.06562500000000027,-0.02375000000000016
2026-08-16 00:08:25.240,1.031,lower,-0.10874999999999968,-0.07687499999999958
2026-08-16 00:08:25.250,1.041,lower,0.0637500000000002,-0.024374999999999813
2026-08-16 00:08:25.260,1.051,lower,-0.061875000000000124,-0.04874999999999963
2026-08-16 00:08:25.270,1.061,lower,0.010624999999999662,-0.05624999999999991
2026-08-16 00:08:25.280,1.071,lower,0.06687500000000068,-0.026249999999999885
2026-08-16 00:08:25.290,1.081,lower,-0.1012499999999994,-0.07312499999999944
2026-08-16 00:08:25.300,1.091,lower,0.06249999999999978,-0.03249999999999975
2026-08-16 00:08:25.310,1.101,lower,-0.03937500000000038,-0.05249999999999977
2026-08-16 00:08:25.320,1.111,lower,0.02375000000000016,-0.051875000000000115
2026-08-16 00:08:25.330,1.121,lower,0.0637500000000002,-0.022499999999999742
2026-08-16 00:08:25.340,1.131,lower,-0.10812500000000003,-0.07187500000000013
2026-08-16 00:08:25.350,1.141,lower,0.06562500000000027,-0.029375000000000373
2026-08-16 00:08:25.360,1.151,lower,-0.06874999999999964,-0.05312499999999942
2026-08-16 00:08:25.370,1.161,lower,0.012499999999999734,-0.04812499999999997
2026-08-16 00:08:25.380,1.171,lower,0.06874999999999964,-0.023124999999999396
2026-08-16 00:08:25.390,1.181,lower,-0.09187500000000015,-0.07124999999999937
2026-08-16 00:08:25.400,1.191,lower,0.06312500000000054,-0.026249999999999885
2026-08-16 00:08:25.410,1.201,lower,-0.04375000000000018,-0.04375000000000018
2026-08-16 00:08:25.420,1.211,lower,0.02874999999999961,-0.04812499999999997
2026-08-16 00:08:25.430,1.221,lower,0.061875000000000124,-0.019375000000000364
2026-08-16 00:08:25.440,1.231,lower,-0.10750000000000037,-0.07000000000000006
2026-08-16 00:08:25.450,1.241,lower,0.05750000000000033,-0.027500000000000302
2026-08-16 00:08:25.460,1.251,lower,-0.07062499999999972,-0.0462499999999999
2026-08-16 00:08:25.470,1.261,lower,0.013750000000000151,-0.044999999999999485
2026-08-16 00:08:25.480,1.271,lower,0.06687500000000068,-0.028124999999999956
2026-08-16 00:08:25.490,1.281,lower,-0.09375000000000022,-0.07624999999999993
2026-08-16 00:08:25.500,1.291,lower,0.0637500000000002,-0.028124999999999956
2026-08-16 00:08:25.510,1.301,lower,-0.05249999999999977,-0.05124999999999935
2026-08-16 00:08:25.520,1.311,lower,-0.0012500000000004174,-0.05562500000000026
2026-08-16 00:08:25.530,1.321,lower,0.06500000000000061,-0.024999999999999467
2026-08-16 00:08:25.540,1.331,lower,-0.10750000000000037,-0.07187500000000013
2026-08-16 00:08:25.550,1.341,lower,0.05750000000000033,-0.024374999999999813
2026-08-16 00:08:25.560,1.351,lower,-0.07499999999999951,-0.050000000000000044
2026-08-16 00:08:25.570,1.361,lower,0.018124999999999947,-0.051875000000000115
2026-08-16 00:08:25.580,1.371,lower,0.06687500000000068,-0.023124999999999396
2026-08-16 00:08:25.590,1.381,lower,-0.08874999999999966,-0.078125
2026-08-16 00:08:25.600,1.391,lower,0.06500000000000061,-0.029375000000000373
2026-08-16 00:08:25.610,1.401,lower,-0.05562500000000026,-0.05437499999999984
2026-08-16 00:08:25.620,1.411,lower,0.001875000000000071,-0.05124999999999935
2026-08-16 00:08:25.630,1.421,lower,0.06062499999999971,-0.024374999999999813
2026-08-16 00:08:25.640,1.431,lower,-0.10437499999999988,-0.07062499999999972
2026-08-16 00:08:25.650,1.441,lower,0.06125000000000047,-0.02874999999999961
2026-08-16 00:08:25.660,1.451,lower,-0.08062499999999972,-0.05437499999999984
2026-08-16 00:08:25.670,1.461,lower,0.021250000000000435,-0.04874999999999963
2026-08-16 00:08:25.680,1.471,lower,0.06437499999999985,-0.021249999999999325
2026-08-16 00:08:25.690,1.481,lower,-0.11312499999999948,-0.0737500000000002
2026-08-16 00:08:25.700,1.491,lower,0.06500000000000061,-0.027500000000000302
2026-08-16 00:08:25.710,1.501,lower,-0.058749999999999636,-0.04562500000000025
2026-08-16 00:08:25.720,1.511,lower,0.006249999999999867,-0.0462499999999999
2026-08-16 00:08:25.730,1.521,lower,0.06125000000000047,-0.024374999999999813
2026-08-16 00:08:25.740,1.531,lower,-0.10312499999999947,-0.07624999999999993
2026-08-16 00:08:25.750,1.541,lower,0.05750000000000033,-0.02562500000000023
2026-08-16 00:08:25.760,1.551,lower,-0.08375000000000021,-0.051875000000000115
2026-08-16 00:08:25.770,1.561,lower,0.021250000000000435,-0.044999999999999485
2026-08-16 00:08:25.780,1.571,lower,0.06500000000000061,-0.024999999999999467
2026-08-16 00:08:25.790,1.581,lower,-0.1112499999999994,-0.07687499999999958
2026-08-16 00:08:25.800,1.591,lower,0.06687500000000068,-0.027500000000000302
2026-08-16 00:08:25.810,1.601,lower,-0.0649999999999995,-0.050000000000000044
2026-08-16 00:08:25.820,1.611,lower,0.01187500000000008,-0.05312499999999942
2026-08-16 00:08:25.830,1.621,lower,0.058749999999999636,-0.024374999999999813
2026-08-16 00:08:25.840,1.631,lower,-0.09499999999999953,-0.07437499999999986
2026-08-16 00:08:25.850,1.641,lower,0.06687500000000068,-0.03437499999999982
2026-08-16 00:08:25.860,1.651,lower,-0.04562500000000025,-0.053750000000000187
2026-08-16 00:08:25.870,1.661,lower,0.026249999999999885,-0.0506249999999997
2026-08-16 00:08:25.880,1.671,lower,0.06812499999999999,-0.024999999999999467
2026-08-16 00:08:25.890,1.681,lower,-0.1056250000000003,-0.07000000000000006
2026-08-16 00:08:25.900,1.691,lower,0.06812499999999999,-0.026874999999999538
2026-08-16 00:08:25.910,1.701,lower,-0.06812499999999999,-0.05562500000000026
2026-08-16 00:08:25.920,1.711,lower,0.01687500000000064,-0.04750000000000032
2026-08-16 00:08:25.930,1.721,lower,0.06562500000000027,-0.024999999999999467
2026-08-16 00:08:25.940,1.731,lower,-0.0924999999999998,-0.0737500000000002
2026-08-16 00:08:25.950,1.741,lower,0.06500000000000061,-0.027500000000000302
2026-08-16 00:08:25.960,1.751,lower,-0.04750000000000032,-0.04812499999999997
2026-08-16 00:08:25.970,1.761,lower,0.026249999999999885,-0.04750000000000032
2026-08-16 00:08:25.980,1.771,lower,0.06437499999999985,-0.022499999999999742
2026-08-16 00:08:25.990,1.781,lower,-0.10624999999999996,-0.07312499999999944
2026-08-16 00:08:26.000,1.791,lower,0.06812499999999999,-0.030000000000000027
2026-08-16 00:08:26.010,1.801,lower,-0.07750000000000035,-0.050000000000000044
2026-08-16 00:08:26.020,1.811,lower,0.018124999999999947,-0.043124999999999414
2026-08-16 00:08:26.030,1.821,lower,0.0637500000000002,-0.027500000000000302
2026-08-16 00:08:26.040,1.831,lower,-0.09187500000000015,-0.07437499999999986
2026-08-16 00:08:26.050,1.841,lower,0.06687500000000068,-0.024374999999999813
2026-08-16 00:08:26.060,1.851,lower,-0.05249999999999977,-0.05437499999999984
2026-08-16 00:08:26.070,1.861,lower,0.028124999999999956,-0.05437499999999984
2026-08-16 00:08:26.080,1.871,lower,0.06500000000000061,-0.02562500000000023
2026-08-16 00:08:26.090,1.881,lower,-0.1012499999999994,-0.07249999999999979
2026-08-16 00:08:26.100,1.891,lower,0.058749999999999636,-0.027500000000000302
2026-08-16 00:08:26.110,1.901,lower,-0.08000000000000007,-0.05312499999999942
2026-08-16 00:08:26.120,1.911,lower,0.02187500000000009,-0.050000000000000044
2026-08-16 00:08:26.130,1.921,lower,0.07000000000000006,-0.022499999999999742
2026-08-16 00:08:26.140,1.931,lower,-0.08812500000000001,-0.07249999999999979
2026-08-16 00:08:26.150,1.941,lower,0.06750000000000034,-0.028124999999999956
2026-08-16 00:08:26.160,1.951,lower,-0.056874999999999565,-0.05562500000000026
2026-08-16 00:08:26.170,1.961,lower,0.0050000000000005596,-0.051875000000000115
2026-08-16 00:08:26.180,1.971,lower,0.06062499999999971,-0.022499999999999742
2026-08-16 00:08:26.190,1.981,lower,-0.10437499999999988,-0.07687499999999958
2026-08-16 00:08:26.200,1.991,lower,0.06062499999999971,-0.029375000000000373
2026-08-16 00:08:26.210,2.001,lower,-0.08750000000000036,-0.046874999999999556
2026-08-16 00:08:26.220,2.011,lower,0.02187500000000009,-0.0462499999999999
2026-08-16 00:08:26.230,2.021,lower,0.06687500000000068,-0.026874999999999538
2026-08-16 00:08:26.240,2.031,lower,-0.08812500000000001,-0.07187500000000013
2026-08-16 00:08:26.250,2.041,lower,0.06437499999999985,-0.027500000000000302
2026-08-16 00:08:26.260,2.051,lower,-0.06624999999999992,-0.05124999999999935
2026-08-16 00:08:26.270,2.061,lower,0.009375000000000355,-0.0462499999999999
2026-08-16 00:08:26.280,2.071,lower,0.05624999999999991,-0.02874999999999961
2026-08-16 00:08:26.290,2.081,lower,-0.09750000000000036,-0.07499999999999951
2026-08-16 00:08:26.300,2.091,lower,0.06624999999999992,-0.02562500000000023
2026-08-16 00:08:26.310,2.101,lower,-0.09187500000000015,-0.053750000000000187
2026-08-16 00:08:26.320,2.111,lower,0.024374999999999813,-0.05249999999999977
2026-08-16 00:08:26.330,2.121,lower,0.06750000000000034,-0.022499999999999742
2026-08-16 00:08:26.340,2.131,lower,-0.10937499999999933,-0.07687499999999958
2026-08-16 00:08:26.350,2.141,lower,0.06874999999999964,-0.02562500000000023
2026-08-16 00:08:26.360,2.151,lower,-0.06874999999999964,-0.053750000000000187
2026-08-16 00:08:26.370,2.161,lower,0.014374999999999805,-0.051875000000000115
2026-08-16 00:08:26.380,2.171,lower,0.05812499999999998,-0.024999999999999467
2026-08-16 00:08:26.390,2.181,lower,-0.0968749999999996,-0.07687499999999958
2026-08-16 00:08:26.400,2.191,lower,0.06437499999999985,-0.029375000000000373
2026-08-16 00:08:26.410,2.201,lower,-0.09499999999999953,-0.05437499999999984
2026-08-16 00:08:26.420,2.211,lower,0.02687500000000065,-0.04937500000000039
2026-08-16 00:08:26.430,2.221,lower,0.06562500000000027,-0.02375000000000016
2026-08-16 00:08:26.440,2.231,lower,-0.10624999999999996,-0.07124999999999937
2026-08-16 00:08:26.450,2.241,lower,0.06562500000000027,-0.028124999999999956
2026-08-16 00:08:26.460,2.251,lower,-0.07624999999999993,-0.0593750000000004
2026-08-16 00:08:26.470,2.261,lower,0.015625000000000222,-0.0462499999999999
2026-08-16 00:08:26.480,2.271,lower,0.05312500000000053,-0.030000000000000027
2026-08-16 00:08:26.490,2.281,lower,-0.0956250000000003,-0.0737500000000002
2026-08-16 00:08:26.500,2.291,lower,0.06437499999999985,-0.02562500000000023
2026-08-16 00:08:26.510,2.301,lower,-0.05624999999999991,-0.053750000000000187
2026-08-16 00:08:26.520,2.311,lower,0.02562500000000023,-0.04874999999999963
2026-08-16 00:08:26.530,2.321,lower,0.06312500000000054,-0.023124999999999396
2026-08-16 00:08:26.540,2.331,lower,-0.10249999999999981,-0.07437499999999986
2026-08-16 00:08:26.550,2.341,lower,0.06750000000000034,-0.02375000000000016
2026-08-16 00:08:26.560,2.351,lower,-0.07874999999999965,-0.051875000000000115
2026-08-16 00:08:26.570,2.361,lower,0.02062499999999967,-0.04124999999999934
2026-08-16 00:08:26.580,2.371,lower,0.06500000000000061,-0.02562500000000023
2026-08-16 00:08:26.590,2.381,lower,-0.08937500000000043,-0.0737500000000002
2026-08-16 00:08:26.600,2.391,lower,0.06437499999999985,-0.02375000000000016
2026-08-16 00:08:26.610,2.401,lower,-0.054999999999999494,-0.050000000000000044
2026-08-16 00:08:26.620,2.411,lower,0.02375000000000016,-0.05124999999999935
2026-08-16 00:08:26.630,2.421,lower,0.06125000000000047,-0.02187500000000009
2026-08-16 00:08:26.640,2.431,lower,-0.10437499999999988,-0.07312499999999944
2026-08-16 00:08:26.650,2.441,lower,0.07000000000000006,-0.02874999999999961
2026-08-16 00:08:26.660,2.451,lower,-0.08499999999999952,-0.05562500000000026
2026-08-16 00:08:26.670,2.461,lower,0.017500000000000293,-0.046874999999999556
2026-08-16 00:08:26.680,2.471,lower,0.06500000000000061,-0.02375000000000016
2026-08-16 00:08:26.690,2.481,lower,-0.08937500000000043,-0.07000000000000006
2026-08-16 00:08:26.700,2.491,lower,0.06062499999999971,-0.027500000000000302
2026-08-16 00:08:26.710,2.501,lower,-0.06124999999999936,-0.054999999999999494
2026-08-16 00:08:26.720,2.511,lower,0.02687500000000065,-0.04812499999999997
2026-08-16 00:08:26.730,2.521,lower,0.056875000000000675,-0.026249999999999885
2026-08-16 00:08:26.740,2.531,lower,-0.10375000000000023,-0.07562500000000028
2026-08-16 00:08:26.750,2.541,lower,0.06000000000000005,-0.027500000000000302
2026-08-16 00:08:26.760,2.551,lower,-0.09375000000000022,-0.04750000000000032
2026-08-16 00:08:26.770,2.561,lower,0.015625000000000222,-0.044999999999999485
2026-08-16 00:08:26.780,2.571,lower,0.06562500000000027,-0.023124999999999396
2026-08-16 00:08:26.790,2.581,lower,-0.08562500000000028,-0.06750000000000034
2026-08-16 00:08:26.800,2.591,lower,0.06562500000000027,-0.024374999999999813
2026-08-16 00:08:26.810,2.601,lower,-0.06812499999999999,-0.051875000000000115
2026-08-16 00:08:26.820,2.611,lower,0.004374999999999796,-0.040000000000000036
2026-08-16 00:08:26.830,2.621,lower,0.055000000000000604,-0.024374999999999813
2026-08-16 00:08:26.840,2.631,lower,-0.10062499999999974,-0.07624999999999993
2026-08-16 00:08:26.850,2.641,lower,0.06062499999999971,-0.02562500000000023
2026-08-16 00:08:26.860,2.651,lower,-0.09312499999999946,-0.05624999999999991
2026-08-16 00:08:26.870,2.661,lower,0.020000000000000018,-0.04812499999999997
2026-08-16 00:08:26.880,2.671,lower,0.06500000000000061,-0.02375000000000016
2026-08-16 00:08:26.890,2.681,lower,-0.08000000000000007,-0.07437499999999986
2026-08-16 00:08:26.900,2.691,lower,0.06500000000000061,-0.024999999999999467
2026-08-16 00:08:26.910,2.701,lower,-0.07437499999999986,-0.053750000000000187
2026-08-16 00:08:26.920,2.711,lower,0.012499999999999734,-0.05124999999999935
2026-08-16 00:08:26.930,2.721,lower,0.05249999999999977,-0.021249999999999325
2026-08-16 00:08:26.940,2.731,lower,-0.0968749999999996,-0.07000000000000006
2026-08-16 00:08:26.950,2.741,lower,0.06249999999999978,-0.0318750000000001
2026-08-16 00:08:26.960,2.751,lower,-0.09874999999999967,-0.05624999999999991
2026-08-16 00:08:26.970,2.761,lower,0.021250000000000435,-0.050000000000000044
2026-08-16 00:08:26.980,2.771,lower,0.06249999999999978,-0.02375000000000016
2026-08-16 00:08:26.990,2.781,lower,-0.10874999999999968,-0.07624999999999993
2026-08-16 00:08:27.000,2.791,lower,0.0637500000000002,-0.02874999999999961
2026-08-16 00:08:27.010,2.801,lower,-0.08124999999999938,-0.061875000000000124
2026-08-16 00:08:27.020,2.811,lower,0.013750000000000151,-0.043124999999999414
2026-08-16 00:08:27.030,2.821,lower,0.04874999999999963,-0.026874999999999538
2026-08-16 00:08:27.040,2.831,lower,-0.09312499999999946,-0.06874999999999964
2026-08-16 00:08:27.050,2.841,lower,0.06624999999999992,-0.02375000000000016
2026-08-16 00:08:27.060,2.851,lower,-0.1012499999999994,-0.05249999999999977
2026-08-16 00:08:27.070,2.861,lower,0.02687500000000065,-0.04375000000000018
2026-08-16 00:08:27.080,2.871,lower,0.06312500000000054,-0.022499999999999742
2026-08-16 00:08:27.090,2.881,lower,-0.1056250000000003,-0.07312499999999944
2026-08-16 00:08:27.100,2.891,lower,0.06750000000000034,-0.023124999999999396
2026-08-16 00:08:27.110,2.901,lower,-0.0824999999999998,-0.05124999999999935
2026-08-16 00:08:27.120,2.911,lower,0.0187499999999996,-0.03874999999999962
2026-08-16 00:08:27.130,2.921,lower,0.046875000000000666,-0.02562500000000023
2026-08-16 00:08:27.140,2.931,lower,-0.09187500000000015,-0.07312499999999944
2026-08-16 00:08:27.150,2.941,lower,0.0637500000000002,-0.024374999999999813
2026-08-16 00:08:27.160,2.951,lower,-0.058749999999999636,-0.051875000000000115
2026-08-16 00:08:27.170,2.961,lower,0.029375000000000373,-0.050000000000000044
2026-08-16 00:08:27.180,2.971,lower,0.05562500000000026,-0.02562500000000023
2026-08-16 00:08:27.190,2.981,lower,-0.10624999999999996,-0.07437499999999986
2026-08-16 00:08:27.200,2.991,lower,0.06562500000000027,-0.031249999999999334
2026-08-16 00:08:27.210,3.001,lower,-0.09062499999999973,-0.05812499999999998
2026-08-16 00:08:27.220,3.011,lower,0.017500000000000293,-0.04937500000000039
2026-08-16 00:08:27.230,3.021,lower,0.06249999999999978,-0.027500000000000302
2026-08-16 00:08:27.240,3.031,lower,-0.08874999999999966,-0.07062499999999972
2026-08-16 00:08:27.250,3.041,lower,0.06249999999999978,-0.026874999999999538
2026-08-16 00:08:27.260,3.051,lower,-0.0649999999999995,-0.06124999999999936
2026-08-16 00:08:27.270,3.061,lower,0.0318750000000001,-0.04437499999999983
2026-08-16 00:08:27.280,3.071,lower,0.05624999999999991,-0.02062499999999967
2026-08-16 00:08:27.290,3.081,lower,-0.1012499999999994,-0.07249999999999979
2026-08-16 00:08:27.300,3.091,lower,0.06874999999999964,-0.026249999999999885
2026-08-16 00:08:27.310,3.101,lower,-0.08937500000000043,-0.051875000000000115
2026-08-16 00:08:27.320,3.111,lower,0.023125000000000506,-0.04187500000000011
2026-08-16 00:08:27.330,3.121,lower,0.06437499999999985,-0.02562500000000023
2026-08-16 00:08:27.340,3.131,lower,-0.08187500000000014,-0.0737500000000002
2026-08-16 00:08:27.350,3.141,lower,0.06624999999999992,-0.023124999999999396
2026-08-16 00:08:27.360,3.151,lower,-0.07124999999999937,-0.05312499999999942
2026-08-16 00:08:27.370,3.161,lower,0.0318750000000001,-0.04062499999999969
2026-08-16 00:08:27.380,3.171,lower,0.05249999999999977,-0.027500000000000302
2026-08-16 00:08:27.390,3.181,lower,-0.09937499999999932,-0.07562500000000028
2026-08-16 00:08:27.400,3.191,lower,0.061875000000000124,-0.022499999999999742
2026-08-16 00:08:27.410,3.201,lower,-0.09624999999999995,-0.054999999999999494
2026-08-16 00:08:27.420,3.211,lower,0.02375000000000016,-0.044999999999999485
2026-08-16 00:08:27.430,3.221,lower,0.06500000000000061,-0.024999999999999467
2026-08-16 00:08:27.440,3.231,lower,-0.07750000000000035,-0.07624999999999993
2026-08-16 00:08:27.450,3.241,lower,0.06562500000000027,-0.028124999999999956
2026-08-16 00:08:27.460,3.251,lower,-0.07437499999999986,-0.056874999999999565
2026-08-16 00:08:27.470,3.261,lower,0.01187500000000008,-0.051875000000000115
2026-08-16 00:08:27.480,3.271,lower,0.04812499999999997,-0.02874999999999961
2026-08-16 00:08:27.490,3.281,lower,-0.09750000000000036,-0.07312499999999944
2026-08-16 00:08:27.500,3.291,lower,0.06062499999999971,-0.03249999999999975
2026-08-16 00:08:27.510,3.301,lower,-0.1012499999999994,-0.0637500000000002
2026-08-16 00:08:27.520,3.311,lower,0.028124999999999956,-0.04562500000000025
2026-08-16 00:08:27.530,3.321,lower,0.06062499999999971,-0.027500000000000302
2026-08-16 00:08:27.540,3.331,lower,-0.07499999999999951,-0.07124999999999937
2026-08-16 00:08:27.550,3.341,lower,0.0637500000000002,-0.02375000000000016
2026-08-16 00:08:27.560,3.351,lower,-0.08000000000000007,-0.05124999999999935
2026-08-16 00:08:27.570,3.361,lower,0.014374999999999805,-0.044999999999999485
2026-08-16 00:08:27.580,3.371,lower,0.045000000000000595,-0.024374999999999813
2026-08-16 00:08:27.590,3.381,lower,-0.0968749999999996,-0.07187500000000013
2026-08-16 00:08:27.600,3.391,lower,0.06624999999999992,-0.024999999999999467
2026-08-16 00:08:27.610,3.401,lower,-0.10375000000000023,-0.054999999999999494
2026-08-16 00:08:27.620,3.411,lower,0.029375000000000373,-0.04437499999999983
2026-08-16 00:08:27.630,3.421,lower,0.061875000000000124,-0.02562500000000023
2026-08-16 00:08:27.640,3.431,lower,-0.10624999999999996,-0.07437499999999986
2026-08-16 00:08:27.650,3.441,lower,0.06500000000000061,-0.028124999999999956
2026-08-16 00:08:27.660,3.451,lower,-0.08687499999999959,-0.05750000000000033
2026-08-16 00:08:27.670,3.461,lower,0.019375000000000364,-0.05124999999999935
2026-08-16 00:08:27.680,3.471,lower,0.04187500000000011,-0.026249999999999885
2026-08-16 00:08:27.690,3.481,lower,-0.08874999999999966,-0.07124999999999937
2026-08-16 00:08:27.700,3.491,lower,0.06750000000000034,-0.024999999999999467
2026-08-16 00:08:27.710,3.501,lower,-0.06687499999999957,-0.05562500000000026
2026-08-16 00:08:27.720,3.511,lower,0.0318750000000001,-0.046874999999999556
2026-08-16 00:08:27.730,3.521,lower,0.05812499999999998,-0.027500000000000302
2026-08-16 00:08:27.740,3.531,lower,-0.10375000000000023,-0.07499999999999951
2026-08-16 00:08:27.750,3.541,lower,0.06687500000000068,-0.03249999999999975
2026-08-16 00:08:27.760,3.551,lower,-0.08937500000000043,-0.06312499999999943
2026-08-16 00:08:27.770,3.561,lower,0.019375000000000364,-0.04874999999999963
2026-08-16 00:08:27.780,3.571,lower,0.03874999999999962,-0.026874999999999538
2026-08-16 00:08:27.790,3.581,lower,-0.08312499999999945,-0.07062499999999972
2026-08-16 00:08:27.800,3.591,lower,0.06500000000000061,-0.027500000000000302
2026-08-16 00:08:27.810,3.601,lower,-0.06687499999999957,-0.06687499999999957
2026-08-16 00:08:27.820,3.611,lower,0.0318750000000001,-0.04437499999999983
2026-08-16 00:08:27.830,3.621,lower,0.055000000000000604,-0.026874999999999538
2026-08-16 00:08:27.840,3.631,lower,-0.0968749999999996,-0.07000000000000006
2026-08-16 00:08:27.850,3.641,lower,0.07000000000000006,-0.024999999999999467
2026-08-16 00:08:27.860,3.651,lower,-0.09499999999999953,-0.05562500000000026
2026-08-16 00:08:27.870,3.661,lower,0.02562500000000023,-0.04187500000000011
2026-08-16 00:08:27.880,3.671,lower,0.06562500000000027,-0.028124999999999956
2026-08-16 00:08:27.890,3.681,lower,-0.07937500000000042,-0.07437499999999986
2026-08-16 00:08:27.900,3.691,lower,0.06812499999999999,-0.027500000000000302
2026-08-16 00:08:27.910,3.701,lower,-0.07249999999999979,-0.05562500000000026
2026-08-16 00:08:27.920,3.711,lower,0.033125000000000515,-0.038124999999999964
2026-08-16 00:08:27.930,3.721,lower,0.056875000000000675,-0.026874999999999538
2026-08-16 00:08:27.940,3.731,lower,-0.09624999999999995,-0.07562500000000028
2026-08-16 00:08:27.950,3.741,lower,0.06624999999999992,-0.024374999999999813
2026-08-16 00:08:27.960,3.751,lower,-0.09812500000000002,-0.05812499999999998
2026-08-16 00:08:27.970,3.761,lower,0.02687500000000065,-0.050000000000000044
2026-08-16 00:08:27.980,3.771,lower,0.06249999999999978,-0.028124999999999956
2026-08-16 00:08:27.990,3.781,lower,-0.07750000000000035,-0.0737500000000002
2026-08-16 00:08:28.000,3.791,lower,0.06874999999999964,-0.03437499999999982
2026-08-16 00:08:28.010,3.801,lower,-0.07937500000000042,-0.0637500000000002
2026-08-16 00:08:28.020,3.811,lower,0.035000000000000586,-0.046874999999999556
2026-08-16 00:08:28.030,3.821,lower,0.04874999999999963,-0.029375000000000373
2026-08-16 00:08:28.040,3.831,lower,-0.09124999999999939,-0.07312499999999944
2026-08-16 00:08:28.050,3.841,lower,0.06562500000000027,-0.026874999999999538
2026-08-16 00:08:28.060,3.851,lower,-0.10187500000000016,-0.06124999999999936
2026-08-16 00:08:28.070,3.861,lower,0.02874999999999961,-0.04562500000000025
2026-08-16 00:08:28.080,3.871,lower,0.0637500000000002,-0.024999999999999467
2026-08-16 00:08:28.090,3.881,lower,-0.07000000000000006,-0.07437499999999986
2026-08-16 00:08:28.100,3.891,lower,0.06750000000000034,-0.02562500000000023
2026-08-16 00:08:28.110,3.901,lower,-0.07937500000000042,-0.053750000000000187
2026-08-16 00:08:28.120,3.911,lower,0.013750000000000151,-0.04375000000000018
2026-08-16 00:08:28.130,3.921,lower,0.046875000000000666,-0.02562500000000023
2026-08-16 00:08:28.140,3.931,lower,-0.08687499999999959,-0.07062499999999972
2026-08-16 00:08:28.150,3.941,lower,0.06500000000000061,-0.024999999999999467
2026-08-16 00:08:28.160,3.951,lower,-0.10499999999999954,-0.0593750000000004
2026-08-16 00:08:28.170,3.961,lower,0.03249999999999975,-0.040000000000000036
2026-08-16 00:08:28.180,3.971,lower,0.06000000000000005,-0.0318750000000001
2026-08-16 00:08:28.190,3.981,lower,-0.06812499999999999,-0.07562500000000028
2026-08-16 00:08:28.200,3.991,lower,0.06750000000000034,-0.02874999999999961
2026-08-16 00:08:28.210,4.001,lower,-0.08687499999999959,-0.06124999999999936
2026-08-16 00:08:28.220,4.011,lower,0.018124999999999947,-0.054999999999999494
2026-08-16 00:08:28.230,4.021,lower,0.04249999999999976,-0.033124999999999405
2026-08-16 00:08:28.240,4.031,lower,-0.08624999999999994,-0.07562500000000028
2026-08-16 00:08:28.250,4.041,lower,0.06312500000000054,-0.03437499999999982
2026-08-16 00:08:28.260,4.051,lower,-0.10874999999999968,-0.0637500000000002
2026-08-16 00:08:28.270,4.061,lower,0.029375000000000373,-0.04874999999999963
2026-08-16 00:08:28.280,4.071,lower,0.05812499999999998,-0.030000000000000027
2026-08-16 00:08:28.290,4.081,lower,-0.10249999999999981,-0.07062499999999972
2026-08-16 00:08:28.300,4.091,lower,0.06812499999999999,-0.02874999999999961
2026-08-16 00:08:28.310,4.101,lower,-0.09000000000000008,-0.06624999999999992
2026-08-16 00:08:28.320,4.111,lower,0.024374999999999813,-0.04562500000000025
2026-08-16 00:08:28.330,4.121,lower,0.03750000000000031,-0.029375000000000373
2026-08-16 00:08:28.340,4.131,lower,-0.08124999999999938,-0.07062499999999972
2026-08-16 00:08:28.350,4.141,lower,0.06937500000000041,-0.029375000000000373
2026-08-16 00:08:28.360,4.151,lower,-0.07499999999999951,-0.05812499999999998
2026-08-16 00:08:28.370,4.161,lower,0.03437499999999982,-0.04562500000000025
2026-08-16 00:08:28.380,4.171,lower,0.055000000000000604,-0.027500000000000302
2026-08-16 00:08:28.390,4.181,lower,-0.09874999999999967,-0.07187500000000013
2026-08-16 00:08:28.400,4.191,lower,0.07187500000000013,-0.026249999999999885
2026-08-16 00:08:28.410,4.201,lower,-0.0968749999999996,-0.056874999999999565
2026-08-16 00:08:28.420,4.211,lower,0.02562500000000023,-0.04062499999999969
2026-08-16 00:08:28.430,4.221,lower,0.030000000000000027,-0.029375000000000373
2026-08-16 00:08:28.440,4.231,lower,-0.07687499999999958,-0.08062499999999972
2026-08-16 00:08:28.450,4.241,lower,0.06687500000000068,-0.02562500000000023
2026-08-16 00:08:28.460,4.251,lower,-0.07687499999999958,-0.058749999999999636
2026-08-16 00:08:28.470,4.261,lower,0.03624999999999989,-0.056874999999999565
2026-08-16 00:08:28.480,4.271,lower,0.0506249999999997,-0.033124999999999405
2026-08-16 00:08:28.490,4.281,lower,-0.0956250000000003,-0.07562500000000028
2026-08-16 00:08:28.500,4.291,lower,0.06812499999999999,-0.02562500000000023
2026-08-16 00:08:28.510,4.301,lower,-0.09812500000000002,-0.0637500000000002
2026-08-16 00:08:28.520,4.311,lower,0.025000000000000577,-0.051875000000000115
2026-08-16 00:08:28.530,4.321,lower,0.058749999999999636,-0.0318750000000001
2026-08-16 00:08:28.540,4.331,lower,-0.07124999999999937,-0.08062499999999972
2026-08-16 00:08:28.550,4.341,lower,0.06874999999999964,-0.0318750000000001
2026-08-16 00:08:28.560,4.351,lower,-0.0824999999999998,-0.06249999999999978
2026-08-16 00:08:28.570,4.361,lower,0.03687500000000066,-0.044999999999999485
2026-08-16 00:08:28.580,4.371,lower,0.050000000000000044,-0.030000000000000027
2026-08-16 00:08:28.590,4.381,lower,-0.09499999999999953,-0.07249999999999979
2026-08-16 00:08:28.600,4.391,lower,0.07000000000000006,-0.028124999999999956
2026-08-16 00:08:28.610,4.401,lower,-0.10249999999999981,-0.06562500000000027
2026-08-16 00:08:28.620,4.411,lower,0.029375000000000373,-0.044999999999999485
2026-08-16 00:08:28.630,4.421,lower,0.06062499999999971,-0.03062499999999968
2026-08-16 00:08:28.640,4.431,lower,-0.06687499999999957,-0.07062499999999972
2026-08-16 00:08:28.650,4.441,lower,0.07000000000000006,-0.026874999999999538
2026-08-16 00:08:28.660,4.451,lower,-0.08687499999999959,-0.06249999999999978
2026-08-16 00:08:28.670,4.461,lower,0.03937500000000038,-0.04124999999999934
2026-08-16 00:08:28.680,4.471,lower,0.04375000000000018,-0.026249999999999885
2026-08-16 00:08:28.690,4.481,lower,-0.09124999999999939,-0.07437499999999986
2026-08-16 00:08:28.700,4.491,lower,0.06500000000000061,-0.02187500000000009
2026-08-16 00:08:28.710,4.501,lower,-0.10750000000000037,-0.06062499999999971
2026-08-16 00:08:28.720,4.511,lower,0.030000000000000027,-0.053750000000000187
2026-08-16 00:08:28.730,4.521,lower,0.05562500000000026,-0.029375000000000373
2026-08-16 00:08:28.740,4.531,lower,-0.06687499999999957,-0.07874999999999965
2026-08-16 00:08:28.750,4.541,lower,0.06937500000000041,-0.026249999999999885
2026-08-16 00:08:28.760,4.551,lower,-0.09187500000000015,-0.06624999999999992
2026-08-16 00:08:28.770,4.561,lower,0.014374999999999805,-0.05124999999999935
2026-08-16 00:08:28.780,4.571,lower,0.03874999999999962,-0.029375000000000373
2026-08-16 00:08:28.790,4.581,lower,-0.08375000000000021,-0.07249999999999979
2026-08-16 00:08:28.800,4.591,lower,0.06437499999999985,-0.0318750000000001
2026-08-16 00:08:28.810,4.601,lower,-0.10624999999999996,-0.061875000000000124
2026-08-16 00:08:28.820,4.611,lower,0.03375000000000017,-0.0462499999999999
2026-08-16 00:08:28.830,4.621,lower,0.056875000000000675,-0.033124999999999405
2026-08-16 00:08:28.840,4.631,lower,-0.058749999999999636,-0.0737500000000002
2026-08-16 00:08:28.850,4.641,lower,0.07062499999999972,-0.028124999999999956
2026-08-16 00:08:28.860,4.651,lower,-0.09375000000000022,-0.06750000000000034
2026-08-16 00:08:28.870,4.661,lower,0.017500000000000293,-0.04187500000000011
2026-08-16 00:08:28.880,4.671,lower,0.03437499999999982,-0.027500000000000302
2026-08-16 00:08:28.890,4.681,lower,-0.08499999999999952,-0.06937500000000041
2026-08-16 00:08:28.900,4.691,lower,0.06750000000000034,-0.027500000000000302
2026-08-16 00:08:28.910,4.701,lower,-0.1100000000000001,-0.058749999999999636
2026-08-16 00:08:28.920,4.711,lower,0.03249999999999975,-0.04124999999999934
2026-08-16 00:08:28.930,4.721,lower,0.051875000000000115,-0.030000000000000027
2026-08-16 00:08:28.940,4.731,lower,-0.10000000000000009,-0.06937500000000041
2026-08-16 00:08:28.950,4.741,lower,0.06812499999999999,-0.027500000000000302
2026-08-16 00:08:28.960,4.751,lower,-0.09874999999999967,-0.06000000000000005
2026-08-16 00:08:28.970,4.761,lower,0.025000000000000577,-0.03937500000000038
2026-08-16 00:08:28.980,4.771,lower,0.025000000000000577,-0.0318750000000001
2026-08-16 00:08:28.990,4.781,lower,-0.08062499999999972,-0.07437499999999986
2026-08-16 00:08:29.000,4.791,lower,0.06687500000000068,-0.026249999999999885
2026-08-16 00:08:29.010,4.801,lower,-0.07874999999999965,-0.06124999999999936
2026-08-16 00:08:29.020,4.811,lower,0.03437499999999982,-0.04874999999999963
2026-08-16 00:08:29.030,4.821,lower,0.0506249999999997,-0.03062499999999968
2026-08-16 00:08:29.040,4.831,lower,-0.09624999999999995,-0.07437499999999986
2026-08-16 00:08:29.050,4.841,lower,0.07000000000000006,-0.03249999999999975
2026-08-16 00:08:29.060,4.851,lower,-0.10687499999999961,-0.06249999999999978
2026-08-16 00:08:29.070,4.861,lower,0.02562500000000023,-0.04375000000000018
2026-08-16 00:08:29.080,4.871,lower,0.020000000000000018,-0.02874999999999961
2026-08-16 00:08:29.090,4.881,lower,-0.07187500000000013,-0.07187500000000013
2026-08-16 00:08:29.100,4.891,lower,0.06500000000000061,-0.02562500000000023
2026-08-16 00:08:29.110,4.901,lower,-0.08312499999999945,-0.06687499999999957
2026-08-16 00:08:29.120,4.911,lower,0.04062499999999969,-0.04375000000000018
2026-08-16 00:08:29.130,4.921,lower,0.04437499999999983,-0.028124999999999956
2026-08-16 00:08:29.140,4.931,lower,-0.09124999999999939,-0.06937500000000041
2026-08-16 00:08:29.150,4.941,lower,0.07187500000000013,-0.024999999999999467
2026-08-16 00:08:29.160,4.951,lower,-0.10624999999999996,-0.05812499999999998
2026-08-16 00:08:29.170,4.961,lower,0.026249999999999885,-0.03750000000000031
2026-08-16 00:08:29.180,4.971,lower,0.05562500000000026,-0.03062499999999968
2026-08-16 00:08:29.190,4.981,lower,-0.0737500000000002,-0.07187500000000013
2026-08-16 00:08:29.200,4.991,lower,0.06125000000000047,-0.027500000000000302
2026-08-16 00:08:29.210,5.001,lower,-0.09062499999999973,-0.058749999999999636
2026-08-16 00:08:29.220,5.011,lower,0.038124999999999964,-0.04249999999999976
2026-08-16 00:08:29.230,5.021,lower,0.038124999999999964,-0.03062499999999968
2026-08-16 00:08:29.240,5.031,lower,-0.08937500000000043,-0.07937500000000042
2026-08-16 00:08:29.250,5.041,lower,0.06687500000000068,-0.024374999999999813
2026-08-16 00:08:29.260,5.051,lower,-0.11312499999999948,-0.06062499999999971
2026-08-16 00:08:29.270,5.061,lower,0.02874999999999961,-0.050000000000000044
2026-08-16 00:08:29.280,5.071,lower,0.05812499999999998,-0.028124999999999956
2026-08-16 00:08:29.290,5.081,lower,-0.06249999999999978,-0.07437499999999986
2026-08-16 00:08:29.300,5.091,lower,0.0637500000000002,-0.023124999999999396
2026-08-16 00:08:29.310,5.101,lower,-0.0924999999999998,-0.06249999999999978
2026-08-16 00:08:29.320,5.111,lower,0.04125000000000045,-0.046874999999999556
2026-08-16 00:08:29.330,5.121,lower,0.035000000000000586,-0.030000000000000027
2026-08-16 00:08:29.340,5.131,lower,-0.08437499999999987,-0.07187500000000013
2026-08-16 00:08:29.350,5.141,lower,0.0637500000000002,-0.02874999999999961
2026-08-16 00:08:29.360,5.151,lower,-0.11624999999999996,-0.0637500000000002
2026-08-16 00:08:29.370,5.161,lower,0.03249999999999975,-0.043124999999999414
2026-08-16 00:08:29.380,5.171,lower,0.055000000000000604,-0.02375000000000016
2026-08-16 00:08:29.390,5.181,lower,-0.061875000000000124,-0.07249999999999979
2026-08-16 00:08:29.400,5.191,lower,0.06750000000000034,-0.026874999999999538
2026-08-16 00:08:29.410,5.201,lower,-0.09812500000000002,-0.06750000000000034
2026-08-16 00:08:29.420,5.211,lower,0.023125000000000506,-0.03874999999999962
2026-08-16 00:08:29.430,5.221,lower,0.027500000000000302,-0.030000000000000027
2026-08-16 00:08:29.440,5.231,lower,-0.08062499999999972,-0.06687499999999957
2026-08-16 00:08:29.450,5.241,lower,0.06750000000000034,-0.023124999999999396
2026-08-16 00:08:29.460,5.251,lower,-0.11750000000000038,-0.05812499999999998
2026-08-16 00:08:29.470,5.261,lower,0.03375000000000017,-0.04187500000000011
2026-08-16 00:08:29.480,5.271,lower,0.053750000000000187,-0.028124999999999956
2026-08-16 00:08:29.490,5.281,lower,-0.054999999999999494,-0.078125
2026-08-16 00:08:29.500,5.291,lower,0.06874999999999964,-0.02874999999999961
2026-08-16 00:08:29.510,5.301,lower,-0.1012499999999994,-0.06249999999999978
2026-08-16 00:08:29.520,5.311,lower,0.022499999999999742,-0.03750000000000031
2026-08-16 00:08:29.530,5.321,lower,0.025000000000000577,-0.031249999999999334
2026-08-16 00:08:29.540,5.331,lower,-0.07624999999999993,-0.07249999999999979
2026-08-16 00:08:29.550,5.341,lower,0.06812499999999999,-0.023124999999999396
2026-08-16 00:08:29.560,5.351,lower,-0.1200000000000001,-0.06437499999999985
2026-08-16 00:08:29.570,5.361,lower,0.03750000000000031,-0.04562500000000025
2026-08-16 00:08:29.580,5.371,lower,0.04937500000000039,-0.029375000000000373
2026-08-16 00:08:29.590,5.381,lower,-0.09499999999999953,-0.07437499999999986
2026-08-16 00:08:29.600,5.391,lower,0.06874999999999964,-0.029375000000000373
2026-08-16 00:08:29.610,5.401,lower,-0.10437499999999988,-0.06624999999999992
2026-08-16 00:08:29.620,5.411,lower,0.027500000000000302,-0.043124999999999414
2026-08-16 00:08:29.630,5.421,lower,0.018124999999999947,-0.0318750000000001
2026-08-16 00:08:29.640,5.431,lower,-0.07062499999999972,-0.07000000000000006
2026-08-16 00:08:29.650,5.441,lower,0.07062499999999972,-0.02562500000000023
2026-08-16 00:08:29.660,5.451,lower,-0.08937500000000043,-0.06937500000000041
2026-08-16 00:08:29.670,5.461,lower,0.03687500000000066,-0.040000000000000036
2026-08-16 00:08:29.680,5.471,lower,0.04562500000000025,-0.024374999999999813
2026-08-16 00:08:29.690,5.481,lower,-0.09062499999999973,-0.06687499999999957
2026-08-16 00:08:29.700,5.491,lower,0.06624999999999992,-0.02562500000000023
2026-08-16 00:08:29.710,5.501,lower,-0.10624999999999996,-0.06124999999999936
2026-08-16 00:08:29.720,5.511,lower,0.031250000000000444,-0.04437499999999983
2026-08-16 00:08:29.730,5.521,lower,0.011250000000000426,-0.02874999999999961
2026-08-16 00:08:29.740,5.531,lower,-0.06562500000000027,-0.06874999999999964
2026-08-16 00:08:29.750,5.541,lower,0.06562500000000027,-0.02562500000000023
2026-08-16 00:08:29.760,5.551,lower,-0.09375000000000022,-0.061875000000000124
2026-08-16 00:08:29.770,5.561,lower,0.04062499999999969,-0.038124999999999964
2026-08-16 00:08:29.780,5.571,lower,0.03874999999999962,-0.026874999999999538
2026-08-16 00:08:29.790,5.581,lower,-0.08937500000000043,-0.07312499999999944
2026-08-16 00:08:29.800,5.591,lower,0.06937500000000041,-0.023124999999999396
2026-08-16 00:08:29.810,5.601,lower,-0.11187500000000017,-0.0649999999999995
2026-08-16 00:08:29.820,5.611,lower,0.0318750000000001,-0.04437499999999983
2026-08-16 00:08:29.830,5.621,lower,0.056875000000000675,-0.02874999999999961
2026-08-16 00:08:29.840,5.631,lower,-0.06249999999999978,-0.07000000000000006
2026-08-16 00:08:29.850,5.641,lower,0.06812499999999999,-0.024374999999999813
2026-08-16 00:08:29.860,5.651,lower,-0.0968749999999996,-0.0649999999999995
2026-08-16 00:08:29.870,5.661,lower,0.03937500000000038,-0.04562500000000025
2026-08-16 00:08:29.880,5.671,lower,0.03437499999999982,-0.031249999999999334
2026-08-16 00:08:29.890,5.681,lower,-0.08062499999999972,-0.07249999999999979
2026-08-16 00:08:29.900,5.691,lower,0.06624999999999992,-0.02562500000000023
2026-08-16 00:08:29.910,5.701,lower,-0.11312499999999948,-0.06937500000000041
2026-08-16 00:08:29.920,5.711,lower,0.03375000000000017,-0.04187500000000011
2026-08-16 00:08:29.930,5.721,lower,0.05249999999999977,-0.031249999999999334
2026-08-16 00:08:29.940,5.731,lower,-0.054999999999999494,-0.06750000000000034
2026-08-16 00:08:29.950,5.741,lower,0.06750000000000034,-0.023124999999999396
2026-08-16 00:08:29.960,5.751,lower,-0.09750000000000036,-0.06812499999999999
2026-08-16 00:08:29.970,5.761,lower,0.045000000000000595,-0.04062499999999969
2026-08-16 00:08:29.980,5.771,lower,0.024374999999999813,-0.028124999999999956
2026-08-16 00:08:29.990,5.781,lower,-0.07874999999999965,-0.06874999999999964
2026-08-16 00:08:30.000,5.791,lower,0.06312500000000054,-0.027500000000000302
2026-08-16 00:08:30.010,5.801,lower,-0.11812500000000004,-0.06249999999999978
2026-08-16 00:08:30.020,5.811,lower,0.035000000000000586,-0.03937500000000038
2026-08-16 00:08:30.030,5.821,lower,0.05125000000000046,-0.028124999999999956
2026-08-16 00:08:30.040,5.831,lower,-0.05249999999999977,-0.0737500000000002
2026-08-16 00:08:30.050,5.841,lower,0.06874999999999964,-0.02562500000000023
2026-08-16 00:08:30.060,5.851,lower,-0.10312499999999947,-0.06062499999999971
2026-08-16 00:08:30.070,5.861,lower,0.026249999999999885,-0.03937500000000038
2026-08-16 00:08:30.080,5.871,lower,0.02562500000000023,-0.031249999999999334
2026-08-16 00:08:30.090,5.881,lower,-0.0737500000000002,-0.07437499999999986
2026-08-16 00:08:30.100,5.891,lower,0.06750000000000034,-0.021249999999999325
2026-08-16 00:08:30.110,5.901,lower,-0.11562500000000031,-0.06312499999999943
2026-08-16 00:08:30.120,5.911,lower,0.03687500000000066,-0.04874999999999963
2026-08-16 00:08:30.130,5.921,lower,0.046875000000000666,-0.0318750000000001
2026-08-16 00:08:30.140,5.931,lower,-0.04562500000000025,-0.07249999999999979
2026-08-16 00:08:30.150,5.941,lower,0.07000000000000006,-0.027500000000000302
2026-08-16 00:08:30.160,5.951,lower,-0.10437499999999988,-0.06562500000000027
2026-08-16 00:08:30.170,5.961,lower,0.029375000000000373,-0.04249999999999976
2026-08-16 00:08:30.180,5.971,lower,0.015000000000000568,-0.031249999999999334
2026-08-16 00:08:30.190,5.981,lower,-0.07124999999999937,-0.07187500000000013
2026-08-16 00:08:30.200,5.991,lower,0.06937500000000041,-0.02874999999999961
2026-08-16 00:08:30.210,6.001,lower,-0.11624999999999996,-0.07562500000000028
2026-08-16 00:08:30.220,6.011,lower,0.03874999999999962,-0.040000000000000036
2026-08-16 00:08:30.230,6.021,lower,0.04062499999999969,-0.031249999999999334
2026-08-16 00:08:30.240,6.031,lower,-0.09187500000000015,-0.07062499999999972
2026-08-16 00:08:30.250,6.041,lower,0.07000000000000006,-0.024999999999999467
2026-08-16 00:08:30.260,6.051,lower,-0.11062499999999975,-0.0649999999999995
2026-08-16 00:08:30.270,6.061,lower,0.02687500000000065,-0.03874999999999962
2026-08-16 00:08:30.280,6.071,lower,0.010624999999999662,-0.028124999999999956
2026-08-16 00:08:30.290,6.081,lower,-0.061875000000000124,-0.07499999999999951
2026-08-16 00:08:30.300,6.091,lower,0.06624999999999992,-0.026249999999999885
2026-08-16 00:08:30.310,6.101,lower,-0.0956250000000003,-0.06624999999999992
2026-08-16 00:08:30.320,6.111,lower,0.04187500000000011,-0.038124999999999964
2026-08-16 00:08:30.330,6.121,lower,0.03624999999999989,-0.03249999999999975
2026-08-16 00:08:30.340,6.131,lower,-0.08437499999999987,-0.07312499999999944
2026-08-16 00:08:30.350,6.141,lower,0.07062499999999972,-0.026249999999999885
2026-08-16 00:08:30.360,6.151,lower,-0.11312499999999948,-0.0649999999999995
2026-08-16 00:08:30.370,6.161,lower,0.031250000000000444,-0.04437499999999983
2026-08-16 00:08:30.380,6.171,lower,0.005625000000000213,-0.03437499999999982
2026-08-16 00:08:30.390,6.181,lower,-0.05750000000000033,-0.07249999999999979
2026-08-16 00:08:30.400,6.191,lower,0.06937500000000041,-0.027500000000000302
2026-08-16 00:08:30.410,6.201,lower,-0.10312499999999947,-0.06750000000000034
2026-08-16 00:08:30.420,6.211,lower,0.043125000000000524,-0.04375000000000018
2026-08-16 00:08:30.430,6.221,lower,0.029375000000000373,-0.03249999999999975
2026-08-16 00:08:30.440,6.231,lower,-0.078125,-0.06874999999999964
2026-08-16 00:08:30.450,6.241,lower,0.06937500000000041,-0.028124999999999956
2026-08-16 00:08:30.460,6.251,lower,-0.11750000000000038,-0.06750000000000034
2026-08-16 00:08:30.470,6.261,lower,0.03437499999999982,-0.04437499999999983
2026-08-16 00:08:30.480,6.271,lower,0.0506249999999997,-0.03562500000000024
2026-08-16 00:08:30.490,6.281,lower,-0.056874999999999565,-0.07437499999999986
2026-08-16 00:08:30.500,6.291,lower,0.06874999999999964,-0.0318750000000001
2026-08-16 00:08:30.510,6.301,lower,-0.10000000000000009,-0.0637500000000002
2026-08-16 00:08:30.520,6.311,lower,0.04437499999999983,-0.044999999999999485
2026-08-16 00:08:30.530,6.321,lower,0.02062499999999967,-0.03249999999999975
2026-08-16 00:08:30.540,6.331,lower,-0.07562500000000028,-0.06687499999999957
2026-08-16 00:08:30.550,6.341,lower,0.06562500000000027,-0.026249999999999885
2026-08-16 00:08:30.560,6.351,lower,-0.11812500000000004,-0.0649999999999995
2026-08-16 00:08:30.570,6.361,lower,0.03874999999999962,-0.03687499999999955
2026-08-16 00:08:30.580,6.371,lower,0.05249999999999977,-0.031249999999999334
2026-08-16 00:08:30.590,6.381,lower,-0.04812499999999997,-0.07687499999999958
2026-08-16 00:08:30.600,6.391,lower,0.07249999999999979,-0.02375000000000016
2026-08-16 00:08:30.610,6.401,lower,-0.10437499999999988,-0.06874999999999964
2026-08-16 00:08:30.620,6.411,lower,0.04750000000000032,-0.0462499999999999
2026-08-16 00:08:30.630,6.421,lower,0.020000000000000018,-0.03062499999999968
2026-08-16 00:08:30.640,6.431,lower,-0.06874999999999964,-0.07062499999999972
2026-08-16 00:08:30.650,6.441,lower,0.06750000000000034,-0.024999999999999467
2026-08-16 00:08:30.660,6.451,lower,-0.1200000000000001,-0.06687499999999957
2026-08-16 00:08:30.670,6.461,lower,0.04062499999999969,-0.04062499999999969
2026-08-16 00:08:30.680,6.471,lower,0.04437499999999983,-0.033124999999999405
2026-08-16 00:08:30.690,6.481,lower,-0.043124999999999414,-0.07062499999999972
2026-08-16 00:08:30.700,6.491,lower,0.06812499999999999,-0.028124999999999956
2026-08-16 00:08:30.710,6.501,lower,-0.10687499999999961,-0.06687499999999957
2026-08-16 00:08:30.720,6.511,lower,0.02687500000000065,-0.04437499999999983
2026-08-16 00:08:30.730,6.521,lower,0.01187500000000008,-0.03249999999999975
2026-08-16 00:08:30.740,6.531,lower,-0.06624999999999992,-0.07124999999999937
2026-08-16 00:08:30.750,6.541,lower,0.06249999999999978,-0.030000000000000027
2026-08-16 00:08:30.760,6.551,lower,-0.12187500000000018,-0.07437499999999986
2026-08-16 00:08:30.770,6.561,lower,0.040000000000000036,-0.04124999999999934
2026-08-16 00:08:30.780,6.571,lower,0.03937500000000038,-0.030000000000000027
2026-08-16 00:08:30.790,6.581,lower,-0.03750000000000031,-0.0649999999999995
2026-08-16 00:08:30.800,6.591,lower,0.07000000000000006,-0.027500000000000302
2026-08-16 00:08:30.810,6.601,lower,-0.10937499999999933,-0.06687499999999957
2026-08-16 00:08:30.820,6.611,lower,0.029375000000000373,-0.03624999999999989
2026-08-16 00:08:30.830,6.621,lower,0.008124999999999938,-0.03062499999999968
2026-08-16 00:08:30.840,6.631,lower,-0.061875000000000124,-0.07187500000000013
2026-08-16 00:08:30.850,6.641,lower,0.06874999999999964,-0.02375000000000016
2026-08-16 00:08:30.860,6.651,lower,-0.11874999999999969,-0.0649999999999995
2026-08-16 00:08:30.870,6.661,lower,0.04062499999999969,-0.033124999999999405
2026-08-16 00:08:30.880,6.671,lower,0.03562500000000024,-0.031249999999999334
2026-08-16 00:08:30.890,6.681,lower,-0.08375000000000021,-0.07499999999999951
2026-08-16 00:08:30.900,6.691,lower,0.07125000000000048,-0.024999999999999467
2026-08-16 00:08:30.910,6.701,lower,-0.11562500000000031,-0.06562500000000027
2026-08-16 00:08:30.920,6.711,lower,0.035000000000000586,-0.044999999999999485
2026-08-16 00:08:30.930,6.721,lower,0.004374999999999796,-0.03375000000000017
2026-08-16 00:08:30.940,6.731,lower,-0.05624999999999991,-0.07000000000000006
2026-08-16 00:08:30.950,6.741,lower,0.06937500000000041,-0.026874999999999538
2026-08-16 00:08:30.960,6.751,lower,-0.10249999999999981,-0.06687499999999957
2026-08-16 00:08:30.970,6.761,lower,0.043125000000000524,-0.04249999999999976
2026-08-16 00:08:30.980,6.771,lower,0.02562500000000023,-0.038124999999999964
2026-08-16 00:08:30.990,6.781,lower,-0.078125,-0.06687499999999957
2026-08-16 00:08:31.000,6.791,lower,0.06937500000000041,-0.029375000000000373
2026-08-16 00:08:31.010,6.801,lower,-0.11812500000000004,-0.06812499999999999
2026-08-16 00:08:31.020,6.811,lower,0.0318750000000001,-0.04062499999999969
2026-08-16 00:08:31.030,6.821,lower,-0.0024999999999997247,-0.03249999999999975
2026-08-16 00:08:31.040,6.831,lower,-0.05124999999999935,-0.06562500000000027
2026-08-16 00:08:31.050,6.841,lower,0.06687500000000068,-0.026874999999999538
2026-08-16 00:08:31.060,6.851,lower,-0.10812500000000003,-0.06062499999999971
2026-08-16 00:08:31.070,6.861,lower,0.0462499999999999,-0.03750000000000031
2026-08-16 00:08:31.080,6.871,lower,0.020000000000000018,-0.029375000000000373
2026-08-16 00:08:31.090,6.881,lower,-0.07437499999999986,-0.07562500000000028
2026-08-16 00:08:31.100,6.891,lower,0.06687500000000068,-0.021249999999999325
2026-08-16 00:08:31.110,6.901,lower,-0.1200000000000001,-0.06750000000000034
2026-08-16 00:08:31.120,6.911,lower,0.0318750000000001,-0.03624999999999989
2026-08-16 00:08:31.130,6.921,lower,0.04062499999999969,-0.030000000000000027
2026-08-16 00:08:31.140,6.931,lower,-0.04750000000000032,-0.07187500000000013
2026-08-16 00:08:31.150,6.941,lower,0.06750000000000034,-0.022499999999999742
2026-08-16 00:08:31.160,6.951,lower,-0.10750000000000037,-0.06562500000000027
2026-08-16 00:08:31.170,6.961,lower,0.045000000000000595,-0.04249999999999976
2026-08-16 00:08:31.180,6.971,lower,0.010624999999999662,-0.03687499999999955
2026-08-16 00:08:31.190,6.981,lower,-0.07124999999999937,-0.07312499999999944
2026-08-16 00:08:31.200,6.991,lower,0.0637500000000002,-0.028124999999999956
2026-08-16 00:08:31.210,7.001,lower,-0.12375000000000025,-0.07187500000000013
2026-08-16 00:08:31.220,7.011,lower,0.038124999999999964,-0.044999999999999485
2026-08-16 00:08:31.230,7.021,lower,0.040000000000000036,-0.04124999999999934
2026-08-16 00:08:31.240,7.031,lower,-0.04437499999999983,-0.07062499999999972
2026-08-16 00:08:31.250,7.041,lower,0.06687500000000068,-0.03062499999999968
2026-08-16 00:08:31.260,7.051,lower,-0.11187500000000017,-0.07312499999999944
2026-08-16 00:08:31.270,7.061,lower,0.04249999999999976,-0.03937500000000038
2026-08-16 00:08:31.280,7.071,lower,0.006249999999999867,-0.031249999999999334
2026-08-16 00:08:31.290,7.081,lower,-0.06249999999999978,-0.06624999999999992
2026-08-16 00:08:31.300,7.091,lower,0.06437499999999985,-0.024999999999999467
2026-08-16 00:08:31.310,7.101,lower,-0.12562500000000032,-0.06312499999999943
2026-08-16 00:08:31.320,7.111,lower,0.04062499999999969,-0.034999999999999476
2026-08-16 00:08:31.330,7.121,lower,0.03687500000000066,-0.03062499999999968
2026-08-16 00:08:31.340,7.131,lower,-0.03687499999999955,-0.06562500000000027
2026-08-16 00:08:31.350,7.141,lower,0.06624999999999992,-0.02375000000000016
2026-08-16 00:08:31.360,7.151,lower,-0.11312499999999948,-0.06312499999999943
2026-08-16 00:08:31.370,7.161,lower,0.0318750000000001,-0.03750000000000031
2026-08-16 00:08:31.380,7.171,lower,0.001875000000000071,-0.0318750000000001
2026-08-16 00:08:31.390,7.181,lower,-0.06062499999999971,-0.07000000000000006
2026-08-16 00:08:31.400,7.191,lower,0.06562500000000027,-0.024374999999999813
2026-08-16 00:08:31.410,7.201,lower,-0.12499999999999956,-0.06750000000000034
2026-08-16 00:08:31.420,7.211,lower,0.04249999999999976,-0.043124999999999414
2026-08-16 00:08:31.430,7.221,lower,0.0318750000000001,-0.031249999999999334
2026-08-16 00:08:31.440,7.231,lower,-0.02874999999999961,-0.07187500000000013
2026-08-16 00:08:31.450,7.241,lower,0.06750000000000034,-0.020000000000000018
2026-08-16 00:08:31.460,7.251,lower,-0.11750000000000038,-0.06687499999999957
2026-08-16 00:08:31.470,7.261,lower,0.031250000000000444,-0.04812499999999997
2026-08-16 00:08:31.480,7.271,lower,-0.0031249999999993783,-0.04124999999999934
2026-08-16 00:08:31.490,7.281,lower,-0.05624999999999991,-0.06812499999999999
2026-08-16 00:08:31.500,7.291,lower,0.06562500000000027,-0.028124999999999956
2026-08-16 00:08:31.510,7.301,lower,-0.12687499999999963,-0.07062499999999972
2026-08-16 00:08:31.520,7.311,lower,0.04249999999999976,-0.04187500000000011
2026-08-16 00:08:31.530,7.321,lower,0.02062499999999967,-0.03375000000000017
2026-08-16 00:08:31.540,7.331,lower,-0.07874999999999965,-0.06812499999999999
2026-08-16 00:08:31.550,7.341,lower,0.06750000000000034,-0.024374999999999813
2026-08-16 00:08:31.560,7.351,lower,-0.12062499999999976,-0.07437499999999986
2026-08-16 00:08:31.570,7.361,lower,0.03437499999999982,-0.03624999999999989
2026-08-16 00:08:31.580,7.371,lower,-0.008124999999999938,-0.02874999999999961
2026-08-16 00:08:31.590,7.381,lower,-0.05124999999999935,-0.06437499999999985
2026-08-16 00:08:31.600,7.391,lower,0.06874999999999964,-0.024999999999999467
2026-08-16 00:08:31.610,7.401,lower,-0.11062499999999975,-0.06562500000000027
2026-08-16 00:08:31.620,7.411,lower,0.045000000000000595,-0.03375000000000017
2026-08-16 00:08:31.630,7.421,lower,0.015000000000000568,-0.031249999999999334
2026-08-16 00:08:31.640,7.431,lower,-0.07312499999999944,-0.0737500000000002
2026-08-16 00:08:31.650,7.441,lower,0.06687500000000068,-0.024999999999999467
2026-08-16 00:08:31.660,7.451,lower,-0.11937499999999934,-0.06812499999999999
2026-08-16 00:08:31.670,7.461,lower,0.03750000000000031,-0.033124999999999405
2026-08-16 00:08:31.680,7.471,lower,-0.010000000000000009,-0.033124999999999405
2026-08-16 00:08:31.690,7.481,lower,-0.044999999999999485,-0.06937500000000041
2026-08-16 00:08:31.700,7.491,lower,0.06687500000000068,-0.02187500000000009
2026-08-16 00:08:31.710,7.501,lower,-0.11312499999999948,-0.06750000000000034
2026-08-16 00:08:31.720,7.511,lower,0.04375000000000018,-0.04062499999999969
2026-08-16 00:08:31.730,7.521,lower,0.008124999999999938,-0.03687499999999955
2026-08-16 00:08:31.740,7.531,lower,-0.06750000000000034,-0.07000000000000006
2026-08-16 00:08:31.750,7.541,lower,0.06874999999999964,-0.026874999999999538
2026-08-16 00:08:31.760,7.551,lower,-0.12687499999999963,-0.06937500000000041
2026-08-16 00:08:31.770,7.561,lower,0.03750000000000031,-0.04375000000000018
2026-08-16 00:08:31.780,7.571,lower,0.03624999999999989,-0.040000000000000036
2026-08-16 00:08:31.790,7.581,lower,-0.04062499999999969,-0.07187500000000013
2026-08-16 00:08:31.800,7.591,lower,0.06812499999999999,-0.024374999999999813
2026-08-16 00:08:31.810,7.601,lower,-0.11375000000000024,-0.07312499999999944
2026-08-16 00:08:31.820,7.611,lower,0.04874999999999963,-0.034999999999999476
2026-08-16 00:08:31.830,7.621,lower,0.006249999999999867,-0.030000000000000027
2026-08-16 00:08:31.840,7.631,lower,-0.06249999999999978,-0.06249999999999978
2026-08-16 00:08:31.850,7.641,lower,0.07000000000000006,-0.024374999999999813
2026-08-16 00:08:31.860,7.651,lower,-0.12187500000000018,-0.06750000000000034
2026-08-16 00:08:31.870,7.661,lower,0.040000000000000036,-0.03375000000000017
2026-08-16 00:08:31.880,7.671,lower,0.0318750000000001,-0.03249999999999975
2026-08-16 00:08:31.890,7.681,lower,-0.029375000000000373,-0.06000000000000005
2026-08-16 00:08:31.900,7.691,lower,0.06874999999999964,-0.023124999999999396
2026-08-16 00:08:31.910,7.701,lower,-0.11624999999999996,-0.0649999999999995
2026-08-16 00:08:31.920,7.711,lower,0.05125000000000046,-0.03562500000000024
2026-08-16 00:08:31.930,7.721,lower,0.0006249999999996536,-0.03062499999999968
2026-08-16 00:08:31.940,7.731,lower,-0.05812499999999998,-0.07124999999999937
2026-08-16 00:08:31.950,7.741,lower,0.06812499999999999,-0.02375000000000016
2026-08-16 00:08:31.960,7.751,lower,-0.12687499999999963,-0.06624999999999992
2026-08-16 00:08:31.970,7.761,lower,0.038124999999999964,-0.04375000000000018
2026-08-16 00:08:31.980,7.771,lower,0.02562500000000023,-0.03687499999999955
2026-08-16 00:08:31.990,7.781,lower,-0.026874999999999538,-0.07312499999999944
2026-08-16 00:08:32.000,7.791,lower,0.06562500000000027,-0.022499999999999742
2026-08-16 00:08:32.010,7.801,lower,-0.1200000000000001,-0.0737500000000002
2026-08-16 00:08:32.020,7.811,lower,0.033125000000000515,-0.043124999999999414
2026-08-16 00:08:32.030,7.821,lower,-0.004374999999999796,-0.038124999999999964
2026-08-16 00:08:32.040,7.831,lower,-0.04937500000000039,-0.0649999999999995
2026-08-16 00:08:32.050,7.841,lower,0.06812499999999999,-0.026249999999999885
2026-08-16 00:08:32.060,7.851,lower,-0.12624999999999997,-0.07000000000000006
2026-08-16 00:08:32.070,7.861,lower,0.046875000000000666,-0.03937500000000038
2026-08-16 00:08:32.080,7.871,lower,0.019375000000000364,-0.02874999999999961
2026-08-16 00:08:32.090,7.881,lower,-0.020000000000000018,-0.06562500000000027
2026-08-16 00:08:32.100,7.891,lower,0.07000000000000006,-0.02562500000000023
2026-08-16 00:08:32.110,7.901,lower,-0.12062499999999976,-0.06437499999999985
2026-08-16 00:08:32.120,7.911,lower,0.038124999999999964,-0.033124999999999405
2026-08-16 00:08:32.130,7.921,lower,-0.010624999999999662,-0.03249999999999975
2026-08-16 00:08:32.140,7.931,lower,-0.0462499999999999,-0.06249999999999978
2026-08-16 00:08:32.150,7.941,lower,0.06812499999999999,-0.024374999999999813
2026-08-16 00:08:32.160,7.951,lower,-0.12499999999999956,-0.06562500000000027
2026-08-16 00:08:32.170,7.961,lower,0.04874999999999963,-0.03687499999999955
2026-08-16 00:08:32.180,7.971,lower,0.013125000000000497,-0.038124999999999964
2026-08-16 00:08:32.190,7.981,lower,-0.07312499999999944,-0.07499999999999951
2026-08-16 00:08:32.200,7.991,lower,0.06812499999999999,-0.026874999999999538
2026-08-16 00:08:32.210,8.001,lower,-0.11937499999999934,-0.07249999999999979
2026-08-16 00:08:32.220,8.011,lower,0.03562500000000024,-0.044999999999999485
2026-08-16 00:08:32.230,8.021,lower,-0.014999999999999458,-0.03874999999999962
2026-08-16 00:08:32.240,8.031,lower,-0.03937500000000038,-0.07062499999999972
2026-08-16 00:08:32.250,8.041,lower,0.06937500000000041,-0.02562500000000023
2026-08-16 00:08:32.260,8.051,lower,-0.11750000000000038,-0.07187500000000013
2026-08-16 00:08:32.270,8.061,lower,0.04750000000000032,-0.04187500000000011
2026-08-16 00:08:32.280,8.071,lower,0.01187500000000008,-0.04124999999999934
2026-08-16 00:08:32.290,8.081,lower,-0.06062499999999971,-0.06624999999999992
2026-08-16 00:08:32.300,8.091,lower,0.07062499999999972,-0.027500000000000302
2026-08-16 00:08:32.310,8.101,lower,-0.1200000000000001,-0.07187500000000013
2026-08-16 00:08:32.320,8.111,lower,0.04187500000000011,-0.03750000000000031
2026-08-16 00:08:32.330,8.121,lower,-0.019375000000000364,-0.03562500000000024
2026-08-16 00:08:32.340,8.131,lower,-0.03249999999999975,-0.06812499999999999
2026-08-16 00:08:32.350,8.141,lower,0.07187500000000013,-0.02562500000000023
2026-08-16 00:08:32.360,8.151,lower,-0.11687499999999962,-0.07874999999999965
2026-08-16 00:08:32.370,8.161,lower,0.0506249999999997,-0.04249999999999976
2026-08-16 00:08:32.380,8.171,lower,0.0012500000000004174,-0.030000000000000027
2026-08-16 00:08:32.390,8.181,lower,-0.05624999999999991,-0.06249999999999978
2026-08-16 00:08:32.400,8.191,lower,0.07249999999999979,-0.02375000000000016
2026-08-16 00:08:32.410,8.201,lower,-0.12624999999999997,-0.06874999999999964
2026-08-16 00:08:32.420,8.211,lower,0.04249999999999976,-0.03375000000000017
2026-08-16 00:08:32.430,8.221,lower,0.025000000000000577,-0.03687499999999955
2026-08-16 00:08:32.440,8.231,lower,-0.02562500000000023,-0.07624999999999993
2026-08-16 00:08:32.450,8.241,lower,0.07062499999999972,-0.021249999999999325
2026-08-16 00:08:32.460,8.251,lower,-0.11812500000000004,-0.06874999999999964
2026-08-16 00:08:32.470,8.261,lower,0.05312500000000053,-0.03437499999999982
2026-08-16 00:08:32.480,8.271,lower,-0.004999999999999449,-0.040000000000000036
2026-08-16 00:08:32.490,8.281,lower,-0.05124999999999935,-0.07124999999999937
2026-08-16 00:08:32.500,8.291,lower,0.06874999999999964,-0.027500000000000302
2026-08-16 00:08:32.510,8.301,lower,-0.1243749999999999,-0.07000000000000006
2026-08-16 00:08:32.520,8.311,lower,0.045000000000000595,-0.04375000000000018
2026-08-16 00:08:32.530,8.321,lower,0.02062499999999967,-0.038124999999999964
2026-08-16 00:08:32.540,8.331,lower,-0.022499999999999742,-0.06624999999999992
2026-08-16 00:08:32.550,8.341,lower,0.07062499999999972,-0.02874999999999961
2026-08-16 00:08:32.560,8.351,lower,-0.11750000000000038,-0.07312499999999944
2026-08-16 00:08:32.570,8.361,lower,0.05437499999999984,-0.04124999999999934
2026-08-16 00:08:32.580,8.371,lower,-0.008124999999999938,-0.04249999999999976
2026-08-16 00:08:32.590,8.381,lower,-0.044999999999999485,-0.06937500000000041
2026-08-16 00:08:32.600,8.391,lower,0.07000000000000006,-0.029375000000000373
2026-08-16 00:08:32.610,8.401,lower,-0.1243749999999999,-0.07437499999999986
2026-08-16 00:08:32.620,8.411,lower,0.045000000000000595,-0.04062499999999969
2026-08-16 00:08:32.630,8.421,lower,0.020000000000000018,-0.034999999999999476
2026-08-16 00:08:32.640,8.431,lower,-0.017500000000000293,-0.06249999999999978
2026-08-16 00:08:32.650,8.441,lower,0.07187500000000013,-0.027500000000000302
2026-08-16 00:08:32.660,8.451,lower,-0.11874999999999969,-0.07000000000000006
2026-08-16 00:08:32.670,8.461,lower,0.03750000000000031,-0.03624999999999989
2026-08-16 00:08:32.680,8.471,lower,-0.012499999999999734,-0.03562500000000024
2026-08-16 00:08:32.690,8.481,lower,-0.03874999999999962,-0.06249999999999978
2026-08-16 00:08:32.700,8.491,lower,0.06937500000000041,-0.023124999999999396
2026-08-16 00:08:32.710,8.501,lower,-0.12187500000000018,-0.07000000000000006
2026-08-16 00:08:32.720,8.511,lower,0.04812499999999997,-0.03624999999999989
2026-08-16 00:08:32.730,8.521,lower,0.012499999999999734,-0.038124999999999964
2026-08-16 00:08:32.740,8.531,lower,-0.011249999999999316,-0.07187500000000013
2026-08-16 00:08:32.750,8.541,lower,0.07000000000000006,-0.026874999999999538
2026-08-16 00:08:32.760,8.551,lower,-0.1243749999999999,-0.0737500000000002
2026-08-16 00:08:32.770,8.561,lower,0.03624999999999989,-0.04562500000000025
2026-08-16 00:08:32.780,8.571,lower,-0.01687499999999953,-0.044999999999999485
2026-08-16 00:08:32.790,8.581,lower,-0.03562500000000024,-0.06874999999999964
2026-08-16 00:08:32.800,8.591,lower,0.06937500000000041,-0.02375000000000016
2026-08-16 00:08:32.810,8.601,lower,-0.12375000000000025,-0.07499999999999951
2026-08-16 00:08:32.820,8.611,lower,0.051875000000000115,-0.040000000000000036
2026-08-16 00:08:32.830,8.621,lower,0.0050000000000005596,-0.043124999999999414
2026-08-16 00:08:32.840,8.631,lower,-0.06312499999999943,-0.07187500000000013
2026-08-16 00:08:32.850,8.641,lower,0.07125000000000048,-0.026249999999999885
2026-08-16 00:08:32.860,8.651,lower,-0.12187500000000018,-0.07624999999999993
2026-08-16 00:08:32.870,8.661,lower,0.04375000000000018,-0.04187500000000011
2026-08-16 00:08:32.880,8.671,lower,-0.02062499999999967,-0.03375000000000017
2026-08-16 00:08:32.890,8.681,lower,-0.028124999999999956,-0.06624999999999992
2026-08-16 00:08:32.900,8.691,lower,0.07062499999999972,-0.026874999999999538
2026-08-16 00:08:32.910,8.701,lower,-0.11874999999999969,-0.07312499999999944
2026-08-16 00:08:32.920,8.711,lower,0.05125000000000046,-0.04187500000000011
2026-08-16 00:08:32.930,8.721,lower,-0.0031249999999993783,-0.034999999999999476
2026-08-16 00:08:32.940,8.731,lower,-0.054999999999999494,-0.06312499999999943
2026-08-16 00:08:32.950,8.741,lower,0.06874999999999964,-0.024999999999999467
2026-08-16 00:08:32.960,8.751,lower,-0.12624999999999997,-0.07187500000000013
2026-08-16 00:08:32.970,8.761,lower,0.04125000000000045,-0.03624999999999989
2026-08-16 00:08:32.980,8.771,lower,-0.03062499999999968,-0.040000000000000036
2026-08-16 00:08:32.990,8.781,lower,-0.033124999999999405,-0.07312499999999944
2026-08-16 00:08:33.000,8.791,lower,0.06937500000000041,-0.027500000000000302
2026-08-16 00:08:33.010,8.801,lower,-0.11874999999999969,-0.0737500000000002
2026-08-16 00:08:33.020,8.811,lower,0.050000000000000044,-0.03687499999999955
2026-08-16 00:08:33.030,8.821,lower,-0.008124999999999938,-0.04062499999999969
2026-08-16 00:08:33.040,8.831,lower,-0.04750000000000032,-0.0737500000000002
2026-08-16 00:08:33.050,8.841,lower,0.06874999999999964,-0.02874999999999961
2026-08-16 00:08:33.060,8.851,lower,-0.12499999999999956,-0.07874999999999965
2026-08-16 00:08:33.070,8.861,lower,0.04874999999999963,-0.0462499999999999
2026-08-16 00:08:33.080,8.871,lower,0.018124999999999947,-0.04562500000000025
2026-08-16 00:08:33.090,8.881,lower,-0.02062499999999967,-0.07312499999999944
2026-08-16 00:08:33.100,8.891,lower,0.07062499999999972,-0.03062499999999968
2026-08-16 00:08:33.110,8.901,lower,-0.1200000000000001,-0.07687499999999958
2026-08-16 00:08:33.120,8.911,lower,0.051875000000000115,-0.04187500000000011
2026-08-16 00:08:33.130,8.921,lower,-0.012499999999999734,-0.04750000000000032
2026-08-16 00:08:33.140,8.931,lower,-0.04124999999999934,-0.06562500000000027
2026-08-16 00:08:33.150,8.941,lower,0.06562500000000027,-0.03062499999999968
2026-08-16 00:08:33.160,8.951,lower,-0.1287499999999997,-0.08000000000000007
2026-08-16 00:08:33.170,8.961,lower,0.046875000000000666,-0.03750000000000031
2026-08-16 00:08:33.180,8.971,lower,0.008124999999999938,-0.0462499999999999
2026-08-16 00:08:33.190,8.981,lower,-0.019375000000000364,-0.06687499999999957
2026-08-16 00:08:33.200,8.991,lower,0.06750000000000034,-0.03375000000000017
2026-08-16 00:08:33.210,9.001,lower,-0.12375000000000025,-0.07937500000000042
2026-08-16 00:08:33.220,9.011,lower,0.05249999999999977,-0.040000000000000036
2026-08-16 00:08:33.230,9.021,lower,-0.018124999999999947,-0.04437499999999983
2026-08-16 00:08:33.240,9.031,lower,-0.03687499999999955,-0.07750000000000035
2026-08-16 00:08:33.250,9.041,lower,0.06500000000000061,-0.0318750000000001
2026-08-16 00:08:33.260,9.051,lower,-0.12499999999999956,-0.08312499999999945
2026-08-16 00:08:33.270,9.061,lower,0.04874999999999963,-0.04375000000000018
2026-08-16 00:08:33.280,9.071,lower,0.004374999999999796,-0.046874999999999556
2026-08-16 00:08:33.290,9.081,lower,-0.007500000000000284,-0.0737500000000002
2026-08-16 00:08:33.300,9.091,lower,0.06874999999999964,-0.034999999999999476
2026-08-16 00:08:33.310,9.101,lower,-0.12687499999999963,-0.07624999999999993
2026-08-16 00:08:33.320,9.111,lower,0.03874999999999962,-0.04937500000000039
2026-08-16 00:08:33.330,9.121,lower,-0.021249999999999325,-0.046874999999999556
2026-08-16 00:08:33.340,9.131,lower,-0.03249999999999975,-0.07562500000000028
2026-08-16 00:08:33.350,9.141,lower,0.06500000000000061,-0.03562500000000024
2026-08-16 00:08:33.360,9.151,lower,-0.12499999999999956,-0.07937500000000042
2026-08-16 00:08:33.370,9.161,lower,0.04937500000000039,-0.04375000000000018
2026-08-16 00:08:33.380,9.171,lower,-0.0012500000000004174,-0.05249999999999977
2026-08-16 00:08:33.390,9.181,lower,-0.00687499999999952,-0.07249999999999979
2026-08-16 00:08:33.400,9.191,lower,0.06874999999999964,-0.03249999999999975
2026-08-16 00:08:33.410,9.201,lower,-0.12624999999999997,-0.08437499999999987
2026-08-16 00:08:33.420,9.211,lower,0.03874999999999962,-0.04062499999999969
2026-08-16 00:08:33.430,9.221,lower,-0.027500000000000302,-0.043124999999999414
2026-08-16 00:08:33.440,9.231,lower,-0.030000000000000027,-0.07062499999999972
2026-08-16 00:08:33.450,9.241,lower,0.07062499999999972,-0.03062499999999968
2026-08-16 00:08:33.460,9.251,lower,-0.1243749999999999,-0.08000000000000007
2026-08-16 00:08:33.470,9.261,lower,0.0506249999999997,-0.04437499999999983
2026-08-16 00:08:33.480,9.271,lower,-0.005625000000000213,-0.04437499999999983
2026-08-16 00:08:33.490,9.281,lower,-0.051875000000000115,-0.06812499999999999
2026-08-16 00:08:33.500,9.291,lower,0.06624999999999992,-0.03437499999999982
2026-08-16 00:08:33.510,9.301,lower,-0.13000000000000012,-0.078125
2026-08-16 00:08:33.520,9.311,lower,0.04562500000000025,-0.04062499999999969
2026-08-16 00:08:33.530,9.321,lower,-0.03874999999999962,-0.04812499999999997
2026-08-16 00:08:33.540,9.331,lower,-0.024374999999999813,-0.07750000000000035
2026-08-16 00:08:33.550,9.341,lower,0.07062499999999972,-0.03437499999999982
2026-08-16 00:08:33.560,9.351,lower,-0.12249999999999983,-0.08062499999999972
2026-08-16 00:08:33.570,9.361,lower,0.051875000000000115,-0.04874999999999963
2026-08-16 00:08:33.580,9.371,lower,-0.010624999999999662,-0.04874999999999963
2026-08-16 00:08:33.590,9.381,lower,-0.046874999999999556,-0.07124999999999937
2026-08-16 00:08:33.600,9.391,lower,0.06687500000000068,-0.02874999999999961
2026-08-16 00:08:33.610,9.401,lower,-0.12624999999999997,-0.08062499999999972
2026-08-16 00:08:33.620,9.411,lower,0.04750000000000032,-0.044999999999999485
2026-08-16 00:08:33.630,9.421,lower,-0.04062499999999969,-0.05124999999999935
2026-08-16 00:08:33.640,9.431,lower,-0.018124999999999947,-0.07124999999999937
2026-08-16 00:08:33.650,9.441,lower,0.06750000000000034,-0.03437499999999982
2026-08-16 00:08:33.660,9.451,lower,-0.12562500000000032,-0.08000000000000007
2026-08-16 00:08:33.670,9.461,lower,0.05249999999999977,-0.043124999999999414
2026-08-16 00:08:33.680,9.471,lower,-0.016249999999999876,-0.04249999999999976
2026-08-16 00:08:33.690,9.481,lower,-0.043124999999999414,-0.07312499999999944
2026-08-16 00:08:33.700,9.491,lower,0.06687500000000068,-0.028124999999999956
2026-08-16 00:08:33.710,9.501,lower,-0.12375000000000025,-0.08375000000000021
2026-08-16 00:08:33.720,9.511,lower,0.04249999999999976,-0.04062499999999969
2026-08-16 00:08:33.730,9.521,lower,0.0031250000000004885,-0.04249999999999976
2026-08-16 00:08:33.740,9.531,lower,-0.014999999999999458,-0.06562500000000027
2026-08-16 00:08:33.750,9.541,lower,0.06624999999999992,-0.033124999999999405
2026-08-16 00:08:33.760,9.551,lower,-0.1287499999999997,-0.08062499999999972
2026-08-16 00:08:33.770,9.561,lower,0.05249999999999977,-0.040000000000000036
2026-08-16 00:08:33.780,9.571,lower,-0.0187499999999996,-0.04437499999999983
2026-08-16 00:08:33.790,9.581,lower,-0.038124999999999964,-0.07687499999999958
2026-08-16 00:08:33.800,9.591,lower,0.06500000000000061,-0.03437499999999982
2026-08-16 00:08:33.810,9.601,lower,-0.1243749999999999,-0.07562500000000028
2026-08-16 00:08:33.820,9.611,lower,0.0506249999999997,-0.038124999999999964
2026-08-16 00:08:33.830,9.621,lower,-0.001875000000000071,-0.0462499999999999
2026-08-16 00:08:33.840,9.631,lower,-0.008749999999999591,-0.07562500000000028
2026-08-16 00:08:33.850,9.641,lower,0.06687500000000068,-0.02874999999999961
2026-08-16 00:08:33.860,9.651,lower,-0.12624999999999997,-0.07937500000000042
2026-08-16 00:08:33.870,9.661,lower,0.058749999999999636,-0.04249999999999976
2026-08-16 00:08:33.880,9.671,lower,-0.026249999999999885,-0.05249999999999977
2026-08-16 00:08:33.890,9.681,lower,-0.03062499999999968,-0.07062499999999972
2026-08-16 00:08:33.900,9.691,lower,0.06500000000000061,-0.03062499999999968
2026-08-16 00:08:33.910,9.701,lower,-0.12124999999999941,-0.07874999999999965
2026-08-16 00:08:33.920,9.711,lower,0.04937500000000039,-0.04062499999999969
2026-08-16 00:08:33.930,9.721,lower,-0.001875000000000071,-0.04937500000000039
2026-08-16 00:08:33.940,9.731,lower,-0.0024999999999997247,-0.06624999999999992
2026-08-16 00:08:33.950,9.741,lower,0.06687500000000068,-0.033124999999999405
2026-08-16 00:08:33.960,9.751,lower,-0.12687499999999963,-0.08062499999999972
2026-08-16 00:08:33.970,9.761,lower,0.04125000000000045,-0.04562500000000025
2026-08-16 00:08:33.980,9.771,lower,-0.0318750000000001,-0.04437499999999983
2026-08-16 00:08:33.990,9.781,lower,-0.0318750000000001,-0.06874999999999964
2026-08-16 00:08:34.000,9.791,lower,0.06624999999999992,-0.034999999999999476
2026-08-16 00:08:34.010,9.801,lower,-0.12499999999999956,-0.07874999999999965
2026-08-16 00:08:34.020,9.811,lower,0.04750000000000032,-0.04375000000000018
2026-08-16 00:08:34.030,9.821,lower,-0.007500000000000284,-0.044999999999999485
2026-08-16 00:08:34.040,9.831,lower,0.0006249999999996536,-0.0637500000000002
2026-08-16 00:08:34.050,9.841,lower,0.06812499999999999,-0.031249999999999334
2026-08-16 00:08:34.060,9.851,lower,-0.12687499999999963,-0.07937500000000042
2026-08-16 00:08:34.070,9.861,lower,0.04437499999999983,-0.03562500000000024
2026-08-16 00:08:34.080,9.871,lower,-0.03562500000000024,-0.043124999999999414
2026-08-16 00:08:34.090,9.881,lower,-0.02187500000000009,-0.07562500000000028
2026-08-16 00:08:34.100,9.891,lower,0.07125000000000048,-0.027500000000000302
2026-08-16 00:08:34.110,9.901,lower,-0.12124999999999941,-0.07874999999999965
2026-08-16 00:08:34.120,9.911,lower,0.05249999999999977,-0.04562500000000025
2026-08-16 00:08:34.130,9.921,lower,-0.011249999999999316,-0.05312499999999942
2026-08-16 00:08:34.140,9.931,lower,-0.04562500000000025,-0.07187500000000013
2026-08-16 00:08:34.150,9.941,lower,0.06937500000000041,-0.030000000000000027
2026-08-16 00:08:34.160,9.951,lower,-0.1243749999999999,-0.07874999999999965
2026-08-16 00:08:34.170,9.961,lower,0.04812499999999997,-0.040000000000000036
2026-08-16 00:08:34.180,9.971,lower,-0.04249999999999976,-0.05312499999999942
2026-08-16 00:08:34.190,9.981,lower,-0.016249999999999876,-0.07249999999999979
2026-08-16 00:08:34.200,9.991,lower,0.06937500000000041,-0.03437499999999982
2026-08-16 00:08:34.210,10.001,lower,-0.12624999999999997,-0.08499999999999952
2026-08-16 00:08:34.220,10.011,lower,0.05312500000000053,-0.04249999999999976
2026-08-16 00:08:34.230,10.021,lower,-0.016249999999999876,-0.04249999999999976
2026-08-16 00:08:34.240,10.031,lower,-0.03874999999999962,-0.06624999999999992
2026-08-16 00:08:34.250,10.041,lower,0.06874999999999964,-0.03437499999999982
2026-08-16 00:08:34.260,10.051,lower,-0.12375000000000025,-0.08499999999999952
2026-08-16 00:08:34.270,10.061,lower,0.04812499999999997,-0.04124999999999934
2026-08-16 00:08:34.280,10.071,lower,-0.04562500000000025,-0.0462499999999999
2026-08-16 00:08:34.290,10.081,lower,-0.007500000000000284,-0.06437499999999985
2026-08-16 00:08:34.300,10.091,lower,0.07125000000000048,-0.031249999999999334
2026-08-16 00:08:34.310,10.101,lower,-0.12375000000000025,-0.0824999999999998
2026-08-16 00:08:34.320,10.111,lower,0.06125000000000047,-0.03937500000000038
2026-08-16 00:08:34.330,10.121,lower,-0.021249999999999325,-0.04812499999999997
2026-08-16 00:08:34.340,10.131,lower,-0.0318750000000001,-0.07437499999999986
2026-08-16 00:08:34.350,10.141,lower,0.06874999999999964,-0.02874999999999961
2026-08-16 00:08:34.360,10.151,lower,-0.12562500000000032,-0.078125
2026-08-16 00:08:34.370,10.161,lower,0.046875000000000666,-0.046874999999999556
2026-08-16 00:08:34.380,10.171,lower,0.003750000000000142,-0.0462499999999999
2026-08-16 00:08:34.390,10.181,lower,-0.006249999999999867,-0.07187500000000013
2026-08-16 00:08:34.400,10.191,lower,0.06624999999999992,-0.028124999999999956
2026-08-16 00:08:34.410,10.201,lower,-0.12312499999999948,-0.07874999999999965
2026-08-16 00:08:34.420,10.211,lower,0.06062499999999971,-0.04562500000000025
2026-08-16 00:08:34.430,10.221,lower,-0.02874999999999961,-0.050000000000000044
2026-08-16 00:08:34.440,10.231,lower,-0.027500000000000302,-0.07187500000000013
2026-08-16 00:08:34.450,10.241,lower,0.07062499999999972,-0.03062499999999968
2026-08-16 00:08:34.460,10.251,lower,-0.12249999999999983,-0.07874999999999965
2026-08-16 00:08:34.470,10.261,lower,0.053750000000000187,-0.04562500000000025
2026-08-16 00:08:34.480,10.271,lower,-0.005625000000000213,-0.04124999999999934
2026-08-16 00:08:34.490,10.281,lower,-0.0024999999999997247,-0.06812499999999999
2026-08-16 00:08:34.500,10.291,lower,0.06624999999999992,-0.033124999999999405
2026-08-16 00:08:34.510,10.301,lower,-0.12687499999999963,-0.08437499999999987
2026-08-16 00:08:34.520,10.311,lower,0.05812499999999998,-0.04062499999999969
2026-08-16 00:08:34.530,10.321,lower,-0.033124999999999405,-0.0462499999999999
2026-08-16 00:08:34.540,10.331,lower,-0.021249999999999325,-0.06812499999999999
2026-08-16 00:08:34.550,10.341,lower,0.07125000000000048,-0.031249999999999334
2026-08-16 00:08:34.560,10.351,lower,-0.12062499999999976,-0.07687499999999958
2026-08-16 00:08:34.570,10.361,lower,0.05125000000000046,-0.03750000000000031
2026-08-16 00:08:34.580,10.371,lower,-0.008749999999999591,-0.04562500000000025
2026-08-16 00:08:34.590,10.381,lower,-0.0012500000000004174,-0.0737500000000002
2026-08-16 00:08:34.600,10.391,lower,0.07187500000000013,-0.030000000000000027
2026-08-16 00:08:34.610,10.401,lower,-0.12312499999999948,-0.08375000000000021
2026-08-16 00:08:34.620,10.411,lower,0.0462499999999999,-0.03687499999999955
2026-08-16 00:08:34.630,10.421,lower,-0.03687499999999955,-0.04937500000000039
2026-08-16 00:08:34.640,10.431,lower,-0.014374999999999805,-0.07437499999999986
2026-08-16 00:08:34.650,10.441,lower,0.07249999999999979,-0.029375000000000373
2026-08-16 00:08:34.660,10.451,lower,-0.11874999999999969,-0.08312499999999945
2026-08-16 00:08:34.670,10.461,lower,0.05562500000000026,-0.04124999999999934
2026-08-16 00:08:34.680,10.471,lower,-0.015625000000000222,-0.051875000000000115
2026-08-16 00:08:34.690,10.481,lower,0.001875000000000071,-0.06874999999999964
2026-08-16 00:08:34.700,10.491,lower,0.07187500000000013,-0.03249999999999975
2026-08-16 00:08:34.710,10.501,lower,-0.12312499999999948,-0.07874999999999965
2026-08-16 00:08:34.720,10.511,lower,0.046875000000000666,-0.04375000000000018
2026-08-16 00:08:34.730,10.521,lower,-0.04437499999999983,-0.05249999999999977
2026-08-16 00:08:34.740,10.531,lower,-0.013124999999999387,-0.07187500000000013
2026-08-16 00:08:34.750,10.541,lower,0.06812499999999999,-0.031249999999999334
2026-08-16 00:08:34.760,10.551,lower,-0.11874999999999969,-0.08499999999999952
2026-08-16 00:08:34.770,10.561,lower,0.056875000000000675,-0.043124999999999414
2026-08-16 00:08:34.780,10.571,lower,-0.021249999999999325,-0.04437499999999983
2026-08-16 00:08:34.790,10.581,lower,-0.03562500000000024,-0.06312499999999943
2026-08-16 00:08:34.800,10.591,lower,0.07000000000000006,-0.028124999999999956
2026-08-16 00:08:34.810,10.601,lower,-0.12499999999999956,-0.07437499999999986
2026-08-16 00:08:34.820,10.611,lower,0.04937500000000039,-0.03624999999999989
2026-08-16 00:08:34.830,10.621,lower,-0.04812499999999997,-0.046874999999999556
2026-08-16 00:08:34.840,10.631,lower,-0.010624999999999662,-0.06000000000000005
2026-08-16 00:08:34.850,10.641,lower,0.07312500000000055,-0.030000000000000027
2026-08-16 00:08:34.860,10.651,lower,-0.12499999999999956,-0.07874999999999965
2026-08-16 00:08:34.870,10.661,lower,0.06000000000000005,-0.040000000000000036
2026-08-16 00:08:34.880,10.671,lower,-0.026249999999999885,-0.04812499999999997
2026-08-16 00:08:34.890,10.681,lower,-0.027500000000000302,-0.07249999999999979
2026-08-16 00:08:34.900,10.691,lower,0.06937500000000041,-0.03249999999999975
2026-08-16 00:08:34.910,10.701,lower,-0.12187500000000018,-0.08124999999999938
2026-08-16 00:08:34.920,10.711,lower,0.05125000000000046,-0.04062499999999969
2026-08-16 00:08:34.930,10.721,lower,-0.05312499999999942,-0.051875000000000115
2026-08-16 00:08:34.940,10.731,lower,-0.005625000000000213,-0.06750000000000034
2026-08-16 00:08:34.950,10.741,lower,0.07125000000000048,-0.028124999999999956
2026-08-16 00:08:34.960,10.751,lower,-0.12312499999999948,-0.07562500000000028
2026-08-16 00:08:34.970,10.761,lower,0.05562500000000026,-0.043124999999999414
2026-08-16 00:08:34.980,10.771,lower,-0.031249999999999334,-0.05437499999999984
2026-08-16 00:08:34.990,10.781,lower,-0.021249999999999325,-0.06874999999999964
2026-08-16 00:08:35.000,10.791,lower,0.06750000000000034,-0.03624999999999989
2026-08-16 00:08:35.010,10.801,lower,-0.12187500000000018,-0.08750000000000036
2026-08-16 00:08:35.020,10.811,lower,0.053750000000000187,-0.04124999999999934
2026-08-16 00:08:35.030,10.821,lower,-0.01187500000000008,-0.04562500000000025
2026-08-16 00:08:35.040,10.831,lower,0.0012500000000004174,-0.06624999999999992
2026-08-16 00:08:35.050,10.841,lower,0.07249999999999979,-0.029375000000000373
2026-08-16 00:08:35.060,10.851,lower,-0.12812500000000004,-0.08312499999999945
2026-08-16 00:08:35.070,10.861,lower,0.06125000000000047,-0.04249999999999976
2026-08-16 00:08:35.080,10.871,lower,-0.03687499999999955,-0.044999999999999485
2026-08-16 00:08:35.090,10.881,lower,-0.017500000000000293,-0.06124999999999936
2026-08-16 00:08:35.100,10.891,lower,0.06687500000000068,-0.0318750000000001
2026-08-16 00:08:35.110,10.901,lower,-0.11874999999999969,-0.08187500000000014
2026-08-16 00:08:35.120,10.911,lower,0.055000000000000604,-0.03437499999999982
2026-08-16 00:08:35.130,10.921,lower,-0.013124999999999387,-0.05124999999999935
2026-08-16 00:08:35.140,10.931,lower,0.0006249999999996536,-0.0737500000000002
2026-08-16 00:08:35.150,10.941,lower,0.06874999999999964,-0.02874999999999961
2026-08-16 00:08:35.160,10.951,lower,-0.12624999999999997,-0.08187500000000014
2026-08-16 00:08:35.170,10.961,lower,0.0637500000000002,-0.03562500000000024
2026-08-16 00:08:35.180,10.971,lower,-0.0462499999999999,-0.053750000000000187
2026-08-16 00:08:35.190,10.981,lower,-0.014374999999999805,-0.07187500000000013
2026-08-16 00:08:35.200,10.991,lower,0.06687500000000068,-0.03249999999999975
2026-08-16 00:08:35.210,11.001,lower,-0.11812500000000004,-0.08124999999999938
2026-08-16 00:08:35.220,11.011,lower,0.05437499999999984,-0.0462499999999999
2026-08-16 00:08:35.230,11.021,lower,-0.02062499999999967,-0.054999999999999494
2026-08-16 00:08:35.240,11.031,lower,0.005625000000000213,-0.06624999999999992
2026-08-16 00:08:35.250,11.041,lower,0.06624999999999992,-0.03375000000000017
2026-08-16 00:08:35.260,11.051,lower,-0.1243749999999999,-0.08187500000000014
2026-08-16 00:08:35.270,11.061,lower,0.046875000000000666,-0.043124999999999414
2026-08-16 00:08:35.280,11.071,lower,-0.04874999999999963,-0.043124999999999414
2026-08-16 00:08:35.290,11.081,lower,-0.010000000000000009,-0.0637500000000002
2026-08-16 00:08:35.300,11.091,lower,0.06812499999999999,-0.031249999999999334
2026-08-16 00:08:35.310,11.101,lower,-0.11874999999999969,-0.08375000000000021
2026-08-16 00:08:35.320,11.111,lower,0.05562500000000026,-0.03874999999999962
2026-08-16 00:08:35.330,11.121,lower,-0.02375000000000016,-0.046874999999999556
2026-08-16 00:08:35.340,11.131,lower,0.008749999999999591,-0.06624999999999992
2026-08-16 00:08:35.350,11.141,lower,0.0637500000000002,-0.0318750000000001
2026-08-16 00:08:35.360,11.151,lower,-0.12687499999999963,-0.07624999999999993
2026-08-16 00:08:35.370,11.161,lower,0.05312500000000053,-0.03562500000000024
2026-08-16 00:08:35.380,11.171,lower,-0.056874999999999565,-0.04562500000000025
2026-08-16 00:08:35.390,11.181,lower,-0.00687499999999952,-0.0737500000000002
2026-08-16 00:08:35.400,11.191,lower,0.07000000000000006,-0.02562500000000023
2026-08-16 00:08:35.410,11.201,lower,-0.11562500000000031,-0.08312499999999945
2026-08-16 00:08:35.420,11.211,lower,0.0593750000000004,-0.033124999999999405
2026-08-16 00:08:35.430,11.221,lower,-0.029375000000000373,-0.04874999999999963
2026-08-16 00:08:35.440,11.231,lower,-0.030000000000000027,-0.07062499999999972
2026-08-16 00:08:35.450,11.241,lower,0.06500000000000061,-0.028124999999999956
2026-08-16 00:08:35.460,11.251,lower,-0.12124999999999941,-0.08187500000000014
2026-08-16 00:08:35.470,11.261,lower,0.050000000000000044,-0.04062499999999969
2026-08-16 00:08:35.480,11.271,lower,-0.06062499999999971,-0.054999999999999494
2026-08-16 00:08:35.490,11.281,lower,-0.0031249999999993783,-0.06750000000000034
2026-08-16 00:08:35.500,11.291,lower,0.06687500000000068,-0.02874999999999961
2026-08-16 00:08:35.510,11.301,lower,-0.13124999999999942,-0.07750000000000035
2026-08-16 00:08:35.520,11.311,lower,0.056875000000000675,-0.04437499999999983
2026-08-16 00:08:35.530,11.321,lower,-0.03687499999999955,-0.05562500000000026
2026-08-16 00:08:35.540,11.331,lower,-0.026874999999999538,-0.0637500000000002
2026-08-16 00:08:35.550,11.341,lower,0.0637500000000002,-0.02874999999999961
2026-08-16 00:08:35.560,11.351,lower,-0.12375000000000025,-0.08124999999999938
2026-08-16 00:08:35.570,11.361,lower,0.05249999999999977,-0.03937500000000038
2026-08-16 00:08:35.580,11.371,lower,-0.06687499999999957,-0.04375000000000018
2026-08-16 00:08:35.590,11.381,lower,0.0006249999999996536,-0.0593750000000004
2026-08-16 00:08:35.600,11.391,lower,0.06500000000000061,-0.027500000000000302
2026-08-16 00:08:35.610,11.401,lower,-0.13000000000000012,-0.08000000000000007
2026-08-16 00:08:35.620,11.411,lower,0.06062499999999971,-0.033124999999999405
2026-08-16 00:08:35.630,11.421,lower,-0.04249999999999976,-0.04750000000000032
2026-08-16 00:08:35.640,11.431,lower,-0.02062499999999967,-0.058749999999999636
2026-08-16 00:08:35.650,11.441,lower,0.06562500000000027,-0.027500000000000302
2026-08-16 00:08:35.660,11.451,lower,-0.12499999999999956,-0.07562500000000028
2026-08-16 00:08:35.670,11.461,lower,0.05312500000000053,-0.034999999999999476
2026-08-16 00:08:35.680,11.471,lower,-0.021249999999999325,-0.0462499999999999
2026-08-16 00:08:35.690,11.481,lower,0.004374999999999796,-0.06812499999999999
2026-08-16 00:08:35.700,11.491,lower,0.06500000000000061,-0.026249999999999885
2026-08-16 00:08:35.710,11.501,lower,-0.12624999999999997,-0.08312499999999945
2026-08-16 00:08:35.720,11.511,lower,0.056875000000000675,-0.04249999999999976
2026-08-16 00:08:35.730,11.521,lower,-0.051875000000000115,-0.051875000000000115
2026-08-16 00:08:35.740,11.531,lower,-0.013750000000000151,-0.06874999999999964
2026-08-16 00:08:35.750,11.541,lower,0.06687500000000068,-0.031249999999999334
2026-08-16 00:08:35.760,11.551,lower,-0.12249999999999983,-0.08124999999999938
2026-08-16 00:08:35.770,11.561,lower,0.05312500000000053,-0.04062499999999969
2026-08-16 00:08:35.780,11.571,lower,-0.027500000000000302,-0.058749999999999636
2026-08-16 00:08:35.790,11.581,lower,0.004374999999999796,-0.061875000000000124
2026-08-16 00:08:35.800,11.591,lower,0.06624999999999992,-0.030000000000000027
2026-08-16 00:08:35.810,11.601,lower,-0.1243749999999999,-0.07874999999999965
2026-08-16 00:08:35.820,11.611,lower,0.06062499999999971,-0.03874999999999962
2026-08-16 00:08:35.830,11.621,lower,-0.05437499999999984,-0.04437499999999983
2026-08-16 00:08:35.840,11.631,lower,-0.005625000000000213,-0.05812499999999998
2026-08-16 00:08:35.850,11.641,lower,0.06312500000000054,-0.03249999999999975
2026-08-16 00:08:35.860,11.651,lower,-0.11812500000000004,-0.0824999999999998
2026-08-16 00:08:35.870,11.661,lower,0.05812499999999998,-0.03249999999999975
2026-08-16 00:08:35.880,11.671,lower,-0.03375000000000017,-0.046874999999999556
2026-08-16 00:08:35.890,11.681,lower,0.0050000000000005596,-0.05750000000000033
2026-08-16 00:08:35.900,11.691,lower,0.06624999999999992,-0.026874999999999538
2026-08-16 00:08:35.910,11.701,lower,-0.12937499999999935,-0.07937500000000042
2026-08-16 00:08:35.920,11.711,lower,0.0462499999999999,-0.034999999999999476
2026-08-16 00:08:35.930,11.721,lower,-0.0593750000000004,-0.04937500000000039
2026-08-16 00:08:35.940,11.731,lower,-0.0024999999999997247,-0.07062499999999972
2026-08-16 00:08:35.950,11.741,lower,0.06437499999999985,-0.02874999999999961
2026-08-16 00:08:35.960,11.751,lower,-0.1143749999999999,-0.078125
2026-08-16 00:08:35.970,11.761,lower,0.055000000000000604,-0.03562500000000024
2026-08-16 00:08:35.980,11.771,lower,-0.033124999999999405,-0.05124999999999935
2026-08-16 00:08:35.990,11.781,lower,0.013125000000000497,-0.06812499999999999
2026-08-16 00:08:36.000,11.791,lower,0.06437499999999985,-0.033124999999999405
2026-08-16 00:08:36.010,11.801,lower,-0.1243749999999999,-0.07750000000000035
2026-08-16 00:08:36.020,11.811,lower,0.04937500000000039,-0.04124999999999934
2026-08-16 00:08:36.030,11.821,lower,-0.0637500000000002,-0.053750000000000187
2026-08-16 00:08:36.040,11.831,lower,-0.0024999999999997247,-0.06312499999999943
2026-08-16 00:08:36.050,11.841,lower,0.06750000000000034,-0.03249999999999975
2026-08-16 00:08:36.060,11.851,lower,-0.11187500000000017,-0.07750000000000035
2026-08-16 00:08:36.070,11.861,lower,0.05750000000000033,-0.03624999999999989
2026-08-16 00:08:36.080,11.871,lower,-0.043124999999999414,-0.05624999999999991
2026-08-16 00:08:36.090,11.881,lower,-0.022499999999999742,-0.06312499999999943
2026-08-16 00:08:36.100,11.891,lower,0.0637500000000002,-0.028124999999999956
2026-08-16 00:08:36.110,11.901,lower,-0.1243749999999999,-0.08187500000000014
2026-08-16 00:08:36.120,11.911,lower,0.05624999999999991,-0.03562500000000024
2026-08-16 00:08:36.130,11.921,lower,-0.07187500000000013,-0.043124999999999414
2026-08-16 00:08:36.140,11.931,lower,0.001875000000000071,-0.05562500000000026
2026-08-16 00:08:36.150,11.941,lower,0.06874999999999964,-0.02562500000000023
2026-08-16 00:08:36.160,11.951,lower,-0.13062499999999977,-0.07874999999999965
2026-08-16 00:08:36.170,11.961,lower,0.058749999999999636,-0.0318750000000001
2026-08-16 00:08:36.180,11.971,lower,-0.04874999999999963,-0.050000000000000044
2026-08-16 00:08:36.190,11.981,lower,-0.014374999999999805,-0.07062499999999972
2026-08-16 00:08:36.200,11.991,lower,0.061875000000000124,-0.028124999999999956
2026-08-16 00:08:36.210,12.001,lower,-0.11874999999999969,-0.07937500000000042
2026-08-16 00:08:36.220,12.011,lower,0.05624999999999991,-0.03249999999999975
2026-08-16 00:08:36.230,12.021,lower,-0.07687499999999958,-0.053750000000000187
2026-08-16 00:08:36.240,12.031,lower,0.003750000000000142,-0.06562500000000027
2026-08-16 00:08:36.250,12.041,lower,0.06687500000000068,-0.0318750000000001
2026-08-16 00:08:36.260,12.051,lower,-0.12812500000000004,-0.07874999999999965
2026-08-16 00:08:36.270,12.061,lower,0.05750000000000033,-0.03750000000000031
2026-08-16 00:08:36.280,12.071,lower,-0.0506249999999997,-0.054999999999999494
2026-08-16 00:08:36.290,12.081,lower,-0.010000000000000009,-0.06437499999999985
2026-08-16 00:08:36.300,12.091,lower,0.06249999999999978,-0.02874999999999961
2026-08-16 00:08:36.310,12.101,lower,-0.11874999999999969,-0.08562500000000028
2026-08-16 00:08:36.320,12.111,lower,0.05562500000000026,-0.03562500000000024
2026-08-16 00:08:36.330,12.121,lower,-0.028124999999999956,-0.054999999999999494
2026-08-16 00:08:36.340,12.131,lower,0.009375000000000355,-0.06124999999999936
2026-08-16 00:08:36.350,12.141,lower,0.06687500000000068,-0.031249999999999334
2026-08-16 00:08:36.360,12.151,lower,-0.12687499999999963,-0.07750000000000035
2026-08-16 00:08:36.370,12.161,lower,0.06437499999999985,-0.03562500000000024
2026-08-16 00:08:36.380,12.171,lower,-0.058749999999999636,-0.0462499999999999
2026-08-16 00:08:36.390,12.181,lower,-0.003750000000000142,-0.056874999999999565
2026-08-16 00:08:36.400,12.191,lower,0.06500000000000061,-0.028124999999999956
2026-08-16 00:08:36.410,12.201,lower,-0.11312499999999948,-0.07687499999999958
2026-08-16 00:08:36.420,12.211,lower,0.0593750000000004,-0.03062499999999968
2026-08-16 00:08:36.430,12.221,lower,-0.03437499999999982,-0.046874999999999556
2026-08-16 00:08:36.440,12.231,lower,0.01187500000000008,-0.05562500000000026
2026-08-16 00:08:36.450,12.241,lower,0.06312500000000054,-0.02562500000000023
2026-08-16 00:08:36.460,12.251,lower,-0.12375000000000025,-0.07624999999999993
2026-08-16 00:08:36.470,12.261,lower,0.06500000000000061,-0.03624999999999989
2026-08-16 00:08:36.480,12.271,lower,-0.06312499999999943,-0.05124999999999935
2026-08-16 00:08:36.490,12.281,lower,-0.0006249999999996536,-0.06874999999999964
2026-08-16 00:08:36.500,12.291,lower,0.06624999999999992,-0.030000000000000027
2026-08-16 00:08:36.510,12.301,lower,-0.11499999999999955,-0.08124999999999938
2026-08-16 00:08:36.520,12.311,lower,0.061875000000000124,-0.03874999999999962
2026-08-16 00:08:36.530,12.321,lower,-0.03624999999999989,-0.051875000000000115
2026-08-16 00:08:36.540,12.331,lower,0.014374999999999805,-0.06562500000000027
2026-08-16 00:08:36.550,12.341,lower,0.06812499999999999,-0.029375000000000373
2026-08-16 00:08:36.560,12.351,lower,-0.1200000000000001,-0.07874999999999965
2026-08-16 00:08:36.570,12.361,lower,0.05125000000000046,-0.03562500000000024
2026-08-16 00:08:36.580,12.371,lower,-0.06624999999999992,-0.058749999999999636
2026-08-16 00:08:36.590,12.381,lower,0.004374999999999796,-0.05812499999999998
2026-08-16 00:08:36.600,12.391,lower,0.06750000000000034,-0.027500000000000302
2026-08-16 00:08:36.610,12.401,lower,-0.10874999999999968,-0.07624999999999993
2026-08-16 00:08:36.620,12.411,lower,0.06249999999999978,-0.034999999999999476
2026-08-16 00:08:36.630,12.421,lower,-0.04187500000000011,-0.04874999999999963
2026-08-16 00:08:36.640,12.431,lower,0.02062499999999967,-0.06000000000000005
2026-08-16 00:08:36.650,12.441,lower,0.06562500000000027,-0.030000000000000027
2026-08-16 00:08:36.660,12.451,lower,-0.11937499999999934,-0.08062499999999972
2026-08-16 00:08:36.670,12.461,lower,0.053750000000000187,-0.034999999999999476
2026-08-16 00:08:36.680,12.471,lower,-0.07000000000000006,-0.04812499999999997
2026-08-16 00:08:36.690,12.481,lower,0.0050000000000005596,-0.05562500000000026
2026-08-16 00:08:36.700,12.491,lower,0.07062499999999972,-0.02874999999999961
2026-08-16 00:08:36.710,12.501,lower,-0.10624999999999996,-0.08062499999999972
2026-08-16 00:08:36.720,12.511,lower,0.06125000000000047,-0.03437499999999982
2026-08-16 00:08:36.730,12.521,lower,-0.05124999999999935,-0.050000000000000044
2026-08-16 00:08:36.740,12.531,lower,-0.012499999999999734,-0.07187500000000013
2026-08-16 00:08:36.750,12.541,lower,0.06437499999999985,-0.02874999999999961
2026-08-16 00:08:36.760,12.551,lower,-0.11750000000000038,-0.0824999999999998
2026-08-16 00:08:36.770,12.561,lower,0.058749999999999636,-0.03249999999999975
2026-08-16 00:08:36.780,12.571,lower,-0.07624999999999993,-0.054999999999999494
2026-08-16 00:08:36.790,12.581,lower,0.007500000000000284,-0.06687499999999957
2026-08-16 00:08:36.800,12.591,lower,0.06750000000000034,-0.026874999999999538
2026-08-16 00:08:36.810,12.601,lower,-0.12499999999999956,-0.07874999999999965
2026-08-16 00:08:36.820,12.611,lower,0.061875000000000124,-0.038124999999999964
2026-08-16 00:08:36.830,12.621,lower,-0.05437499999999984,-0.05624999999999991
2026-08-16 00:08:36.840,12.631,lower,-0.004374999999999796,-0.0593750000000004
2026-08-16 00:08:36.850,12.641,lower,0.06437499999999985,-0.02874999999999961
2026-08-16 00:08:36.860,12.651,lower,-0.11687499999999962,-0.08375000000000021
2026-08-16 00:08:36.870,12.661,lower,0.061875000000000124,-0.034999999999999476
2026-08-16 00:08:36.880,12.671,lower,-0.08499999999999952,-0.0593750000000004
2026-08-16 00:08:36.890,12.681,lower,0.011250000000000426,-0.05812499999999998
2026-08-16 00:08:36.900,12.691,lower,0.06874999999999964,-0.02874999999999961
2026-08-16 00:08:36.910,12.701,lower,-0.12375000000000025,-0.08187500000000014
2026-08-16 00:08:36.920,12.711,lower,0.0637500000000002,-0.03437499999999982
2026-08-16 00:08:36.930,12.721,lower,-0.05750000000000033,-0.04812499999999997
2026-08-16 00:08:36.940,12.731,lower,-0.0031249999999993783,-0.05312499999999942
2026-08-16 00:08:36.950,12.741,lower,0.06062499999999971,-0.031249999999999334
2026-08-16 00:08:36.960,12.751,lower,-0.11499999999999955,-0.08062499999999972
2026-08-16 00:08:36.970,12.761,lower,0.0593750000000004,-0.03624999999999989
2026-08-16 00:08:36.980,12.771,lower,-0.03874999999999962,-0.056874999999999565
2026-08-16 00:08:36.990,12.781,lower,0.015625000000000222,-0.06124999999999936
2026-08-16 00:08:37.000,12.791,lower,0.06750000000000034,-0.0318750000000001
2026-08-16 00:08:37.010,12.801,lower,-0.12562500000000032,-0.08375000000000021
2026-08-16 00:08:37.020,12.811,lower,0.06437499999999985,-0.03750000000000031
2026-08-16 00:08:37.030,12.821,lower,-0.06562500000000027,-0.051875000000000115
2026-08-16 00:08:37.040,12.831,lower,0.001875000000000071,-0.06312499999999943
2026-08-16 00:08:37.050,12.841,lower,0.06812499999999999,-0.031249999999999334
2026-08-16 00:08:37.060,12.851,lower,-0.11062499999999975,-0.07874999999999965
2026-08-16 00:08:37.070,12.861,lower,0.06062499999999971,-0.04124999999999934
2026-08-16 00:08:37.080,12.871,lower,-0.038124999999999964,-0.05562500000000026
2026-08-16 00:08:37.090,12.881,lower,0.019375000000000364,-0.06437499999999985
2026-08-16 00:08:37.100,12.891,lower,0.06687500000000068,-0.030000000000000027
2026-08-16 00:08:37.110,12.901,lower,-0.11937499999999934,-0.08000000000000007
2026-08-16 00:08:37.120,12.911,lower,0.06937500000000041,-0.03874999999999962
2026-08-16 00:08:37.130,12.921,lower,-0.07062499999999972,-0.05562500000000026
2026-08-16 00:08:37.140,12.931,lower,0.003750000000000142,-0.05750000000000033
2026-08-16 00:08:37.150,12.941,lower,0.06687500000000068,-0.0318750000000001
2026-08-16 00:08:37.160,12.951,lower,-0.10812500000000003,-0.07687499999999958
2026-08-16 00:08:37.170,12.961,lower,0.06312500000000054,-0.034999999999999476
2026-08-16 00:08:37.180,12.971,lower,-0.0462499999999999,-0.051875000000000115
2026-08-16 00:08:37.190,12.981,lower,0.0187499999999996,-0.05750000000000033
2026-08-16 00:08:37.200,12.991,lower,0.06249999999999978,-0.026874999999999538
2026-08-16 00:08:37.210,13.001,lower,-0.11874999999999969,-0.07937500000000042
2026-08-16 00:08:37.220,13.011,lower,0.05312500000000053,-0.03562500000000024
2026-08-16 00:08:37.230,13.021,lower,-0.07874999999999965,-0.05312499999999942
2026-08-16 00:08:37.240,13.031,lower,0.007500000000000284,-0.05312499999999942
2026-08-16 00:08:37.250,13.041,lower,0.06812499999999999,-0.03249999999999975
2026-08-16 00:08:37.260,13.051,lower,-0.10874999999999968,-0.08375000000000021
2026-08-16 00:08:37.270,13.061,lower,0.06000000000000005,-0.03062499999999968
2026-08-16 00:08:37.280,13.071,lower,-0.04874999999999963,-0.05624999999999991
2026-08-16 00:08:37.290,13.081,lower,0.02187500000000009,-0.06624999999999992
2026-08-16 00:08:37.300,13.091,lower,0.0637500000000002,-0.0318750000000001
2026-08-16 00:08:37.310,13.101,lower,-0.11750000000000038,-0.08000000000000007
2026-08-16 00:08:37.320,13.111,lower,0.05562500000000026,-0.03562500000000024
2026-08-16 00:08:37.330,13.121,lower,-0.08000000000000007,-0.05750000000000033
2026-08-16 00:08:37.340,13.131,lower,0.011250000000000426,-0.061875000000000124
2026-08-16 00:08:37.350,13.141,lower,0.06937500000000041,-0.02874999999999961
2026-08-16 00:08:37.360,13.151,lower,-0.10000000000000009,-0.07750000000000035
2026-08-16 00:08:37.370,13.161,lower,0.06312500000000054,-0.03750000000000031
2026-08-16 00:08:37.380,13.171,lower,-0.05750000000000033,-0.05562500000000026
2026-08-16 00:08:37.390,13.181,lower,-0.007500000000000284,-0.06000000000000005
2026-08-16 00:08:37.400,13.191,lower,0.0637500000000002,-0.0318750000000001
2026-08-16 00:08:37.410,13.201,lower,-0.11812500000000004,-0.07874999999999965
2026-08-16 00:08:37.420,13.211,lower,0.05562500000000026,-0.03437499999999982
2026-08-16 00:08:37.430,13.221,lower,-0.08499999999999952,-0.0462499999999999
2026-08-16 00:08:37.440,13.231,lower,0.012499999999999734,-0.05562500000000026
2026-08-16 00:08:37.450,13.241,lower,0.06687500000000068,-0.029375000000000373
2026-08-16 00:08:37.460,13.251,lower,-0.1243749999999999,-0.07687499999999958
2026-08-16 00:08:37.470,13.261,lower,0.061875000000000124,-0.03437499999999982
2026-08-16 00:08:37.480,13.271,lower,-0.0637500000000002,-0.05562500000000026
2026-08-16 00:08:37.490,13.281,lower,-0.004999999999999449,-0.056874999999999565
2026-08-16 00:08:37.500,13.291,lower,0.058749999999999636,-0.02874999999999961
2026-08-16 00:08:37.510,13.301,lower,-0.1143749999999999,-0.08124999999999938
2026-08-16 00:08:37.520,13.311,lower,0.05812499999999998,-0.03437499999999982
2026-08-16 00:08:37.530,13.321,lower,-0.09187500000000015,-0.05562500000000026
2026-08-16 00:08:37.540,13.331,lower,0.013750000000000151,-0.0506249999999997
2026-08-16 00:08:37.550,13.341,lower,0.06500000000000061,-0.029375000000000373
2026-08-16 00:08:37.560,13.351,lower,-0.12375000000000025,-0.07937500000000042
2026-08-16 00:08:37.570,13.361,lower,0.06437499999999985,-0.02874999999999961
2026-08-16 00:08:37.580,13.371,lower,-0.07124999999999937,-0.056874999999999565
2026-08-16 00:08:37.590,13.381,lower,0.0012500000000004174,-0.06124999999999936
2026-08-16 00:08:37.600,13.391,lower,0.0593750000000004,-0.028124999999999956
2026-08-16 00:08:37.610,13.401,lower,-0.11375000000000024,-0.08000000000000007
2026-08-16 00:08:37.620,13.411,lower,0.058749999999999636,-0.034999999999999476
2026-08-16 00:08:37.630,13.421,lower,-0.04750000000000032,-0.05812499999999998
2026-08-16 00:08:37.640,13.431,lower,0.016249999999999876,-0.058749999999999636
2026-08-16 00:08:37.650,13.441,lower,0.06312500000000054,-0.027500000000000302
2026-08-16 00:08:37.660,13.451,lower,-0.12312499999999948,-0.08062499999999972
2026-08-16 00:08:37.670,13.461,lower,0.0637500000000002,-0.03437499999999982
2026-08-16 00:08:37.680,13.471,lower,-0.07249999999999979,-0.06000000000000005
2026-08-16 00:08:37.690,13.481,lower,0.004374999999999796,-0.05812499999999998
2026-08-16 00:08:37.700,13.491,lower,0.06312500000000054,-0.02874999999999961
2026-08-16 00:08:37.710,13.501,lower,-0.10687499999999961,-0.07750000000000035
2026-08-16 00:08:37.720,13.511,lower,0.058749999999999636,-0.03562500000000024
2026-08-16 00:08:37.730,13.521,lower,-0.053750000000000187,-0.05124999999999935
2026-08-16 00:08:37.740,13.531,lower,0.019375000000000364,-0.053750000000000187
2026-08-16 00:08:37.750,13.541,lower,0.0593750000000004,-0.03375000000000017
2026-08-16 00:08:37.760,13.551,lower,-0.12249999999999983,-0.0824999999999998
2026-08-16 00:08:37.770,13.561,lower,0.06437499999999985,-0.03249999999999975
2026-08-16 00:08:37.780,13.571,lower,-0.08187500000000014,-0.05562500000000026
2026-08-16 00:08:37.790,13.581,lower,0.003750000000000142,-0.05312499999999942
2026-08-16 00:08:37.800,13.591,lower,0.06624999999999992,-0.026249999999999885
2026-08-16 00:08:37.810,13.601,lower,-0.10687499999999961,-0.07937500000000042
2026-08-16 00:08:37.820,13.611,lower,0.06249999999999978,-0.03062499999999968
2026-08-16 00:08:37.830,13.621,lower,-0.05562500000000026,-0.05562500000000026
2026-08-16 00:08:37.840,13.631,lower,0.02062499999999967,-0.06687499999999957
2026-08-16 00:08:37.850,13.641,lower,0.06062499999999971,-0.026874999999999538
2026-08-16 00:08:37.860,13.651,lower,-0.11750000000000038,-0.08437499999999987
2026-08-16 00:08:37.870,13.661,lower,0.05624999999999991,-0.03750000000000031
2026-08-16 00:08:37.880,13.671,lower,-0.08687499999999959,-0.056874999999999565
2026-08-16 00:08:37.890,13.681,lower,0.008749999999999591,-0.0593750000000004
2026-08-16 00:08:37.900,13.691,lower,0.06562500000000027,-0.03437499999999982
2026-08-16 00:08:37.910,13.701,lower,-0.10375000000000023,-0.07874999999999965
2026-08-16 00:08:37.920,13.711,lower,0.06062499999999971,-0.03375000000000017
2026-08-16 00:08:37.930,13.721,lower,-0.0649999999999995,-0.06312499999999943
2026-08-16 00:08:37.940,13.731,lower,0.022499999999999742,-0.05437499999999984
2026-08-16 00:08:37.950,13.741,lower,0.05812499999999998,-0.030000000000000027
2026-08-16 00:08:37.960,13.751,lower,-0.11562500000000031,-0.07750000000000035
2026-08-16 00:08:37.970,13.761,lower,0.056875000000000675,-0.038124999999999964
2026-08-16 00:08:37.980,13.771,lower,-0.0924999999999998,-0.053750000000000187
2026-08-16 00:08:37.990,13.781,lower,0.008124999999999938,-0.05562500000000026
2026-08-16 00:08:38.000,13.791,lower,0.06249999999999978,-0.031249999999999334
2026-08-16 00:08:38.010,13.801,lower,-0.10624999999999996,-0.08124999999999938
2026-08-16 00:08:38.020,13.811,lower,0.06312500000000054,-0.03750000000000031
2026-08-16 00:08:38.030,13.821,lower,-0.06750000000000034,-0.0593750000000004
2026-08-16 00:08:38.040,13.831,lower,-0.0006249999999996536,-0.053750000000000187
2026-08-16 00:08:38.050,13.841,lower,0.06125000000000047,-0.03375000000000017
2026-08-16 00:08:38.060,13.851,lower,-0.11312499999999948,-0.07937500000000042
2026-08-16 00:08:38.070,13.861,lower,0.056875000000000675,-0.033124999999999405
2026-08-16 00:08:38.080,13.871,lower,-0.09624999999999995,-0.054999999999999494
2026-08-16 00:08:38.090,13.881,lower,0.017500000000000293,-0.0649999999999995
2026-08-16 00:08:38.100,13.891,lower,0.06437499999999985,-0.030000000000000027
2026-08-16 00:08:38.110,13.901,lower,-0.1275000000000004,-0.08124999999999938
2026-08-16 00:08:38.120,13.911,lower,0.06687500000000068,-0.026249999999999885
2026-08-16 00:08:38.130,13.921,lower,-0.07437499999999986,-0.058749999999999636
2026-08-16 00:08:38.140,13.931,lower,-0.0006249999999996536,-0.061875000000000124
2026-08-16 00:08:38.150,13.941,lower,0.058749999999999636,-0.030000000000000027
2026-08-16 00:08:38.160,13.951,lower,-0.11375000000000024,-0.08062499999999972
2026-08-16 00:08:38.170,13.961,lower,0.05812499999999998,-0.034999999999999476
2026-08-16 00:08:38.180,13.971,lower,-0.051875000000000115,-0.0637500000000002
2026-08-16 00:08:38.190,13.981,lower,0.01687500000000064,-0.06062499999999971
2026-08-16 00:08:38.200,13.991,lower,0.06000000000000005,-0.031249999999999334
2026-08-16 00:08:38.210,14.001,lower,-0.12187500000000018,-0.08312499999999945
2026-08-16 00:08:38.220,14.011,lower,0.0637500000000002,-0.03562500000000024
2026-08-16 00:08:38.230,14.021,lower,-0.08187500000000014,-0.06437499999999985
2026-08-16 00:08:38.240,14.031,lower,0.007500000000000284,-0.05812499999999998
2026-08-16 00:08:38.250,14.041,lower,0.0506249999999997,-0.038124999999999964
2026-08-16 00:08:38.260,14.051,lower,-0.1100000000000001,-0.0824999999999998
2026-08-16 00:08:38.270,14.061,lower,0.06125000000000047,-0.033124999999999405
2026-08-16 00:08:38.280,14.071,lower,-0.05437499999999984,-0.056874999999999565
2026-08-16 00:08:38.290,14.081,lower,0.0187499999999996,-0.05437499999999984
2026-08-16 00:08:38.300,14.091,lower,0.06125000000000047,-0.0318750000000001
2026-08-16 00:08:38.310,14.101,lower,-0.11937499999999934,-0.08124999999999938
2026-08-16 00:08:38.320,14.111,lower,0.06812499999999999,-0.03062499999999968
2026-08-16 00:08:38.330,14.121,lower,-0.08562500000000028,-0.05624999999999991
2026-08-16 00:08:38.340,14.131,lower,0.011250000000000426,-0.05124999999999935
2026-08-16 00:08:38.350,14.141,lower,0.06062499999999971,-0.0318750000000001
2026-08-16 00:08:38.360,14.151,lower,-0.10187500000000016,-0.0824999999999998
2026-08-16 00:08:38.370,14.161,lower,0.06249999999999978,-0.03249999999999975
2026-08-16 00:08:38.380,14.171,lower,-0.05750000000000033,-0.058749999999999636
2026-08-16 00:08:38.390,14.181,lower,0.024374999999999813,-0.06249999999999978
2026-08-16 00:08:38.400,14.191,lower,0.0637500000000002,-0.03249999999999975
2026-08-16 00:08:38.410,14.201,lower,-0.11687499999999962,-0.08062499999999972
2026-08-16 00:08:38.420,14.211,lower,0.06812499999999999,-0.03624999999999989
2026-08-16 00:08:38.430,14.221,lower,-0.08624999999999994,-0.0593750000000004
2026-08-16 00:08:38.440,14.231,lower,0.010000000000000009,-0.056874999999999565
2026-08-16 00:08:38.450,14.241,lower,0.06312500000000054,-0.03062499999999968
2026-08-16 00:08:38.460,14.251,lower,-0.10062499999999974,-0.07750000000000035
2026-08-16 00:08:38.470,14.261,lower,0.06062499999999971,-0.03874999999999962
2026-08-16 00:08:38.480,14.271,lower,-0.06750000000000034,-0.06312499999999943
2026-08-16 00:08:38.490,14.281,lower,0.026249999999999885,-0.0593750000000004
2026-08-16 00:08:38.500,14.291,lower,0.05750000000000033,-0.03437499999999982
2026-08-16 00:08:38.510,14.301,lower,-0.11874999999999969,-0.08312499999999945
2026-08-16 00:08:38.520,14.311,lower,0.05624999999999991,-0.03562500000000024
2026-08-16 00:08:38.530,14.321,lower,-0.09624999999999995,-0.054999999999999494
2026-08-16 00:08:38.540,14.331,lower,0.016249999999999876,-0.054999999999999494
2026-08-16 00:08:38.550,14.341,lower,0.06812499999999999,-0.03375000000000017
2026-08-16 00:08:38.560,14.351,lower,-0.0968749999999996,-0.07937500000000042
2026-08-16 00:08:38.570,14.361,lower,0.06624999999999992,-0.03249999999999975
2026-08-16 00:08:38.580,14.371,lower,-0.06874999999999964,-0.053750000000000187
2026-08-16 00:08:38.590,14.381,lower,0.028124999999999956,-0.04937500000000039
2026-08-16 00:08:38.600,14.391,lower,0.0593750000000004,-0.02874999999999961
2026-08-16 00:08:38.610,14.401,lower,-0.11062499999999975,-0.08312499999999945
2026-08-16 00:08:38.620,14.411,lower,0.06125000000000047,-0.031249999999999334
2026-08-16 00:08:38.630,14.421,lower,-0.0956250000000003,-0.058749999999999636
2026-08-16 00:08:38.640,14.431,lower,0.021250000000000435,-0.06249999999999978
2026-08-16 00:08:38.650,14.441,lower,0.06562500000000027,-0.03437499999999982
2026-08-16 00:08:38.660,14.451,lower,-0.09187500000000015,-0.07937500000000042
2026-08-16 00:08:38.670,14.461,lower,0.06937500000000041,-0.0318750000000001
2026-08-16 00:08:38.680,14.471,lower,-0.07437499999999986,-0.061875000000000124
2026-08-16 00:08:38.690,14.481,lower,0.0031250000000004885,-0.06000000000000005
2026-08-16 00:08:38.700,14.491,lower,0.055000000000000604,-0.034999999999999476
2026-08-16 00:08:38.710,14.501,lower,-0.10874999999999968,-0.07687499999999958
2026-08-16 00:08:38.720,14.511,lower,0.06062499999999971,-0.03750000000000031
2026-08-16 00:08:38.730,14.521,lower,-0.09937499999999932,-0.06312499999999943
2026-08-16 00:08:38.740,14.531,lower,0.022499999999999742,-0.05624999999999991
2026-08-16 00:08:38.750,14.541,lower,0.06249999999999978,-0.034999999999999476
2026-08-16 00:08:38.760,14.551,lower,-0.12249999999999983,-0.08375000000000021
2026-08-16 00:08:38.770,14.561,lower,0.06874999999999964,-0.034999999999999476
2026-08-16 00:08:38.780,14.571,lower,-0.08375000000000021,-0.06437499999999985
2026-08-16 00:08:38.790,14.581,lower,0.008749999999999591,-0.05312499999999942
2026-08-16 00:08:38.800,14.591,lower,0.055000000000000604,-0.03062499999999968
2026-08-16 00:08:38.810,14.601,lower,-0.10812500000000003,-0.07874999999999965
2026-08-16 00:08:38.820,14.611,lower,0.06312500000000054,-0.03062499999999968
2026-08-16 00:08:38.830,14.621,lower,-0.10437499999999988,-0.054999999999999494
2026-08-16 00:08:38.840,14.631,lower,0.02187500000000009,-0.056874999999999565
2026-08-16 00:08:38.850,14.641,lower,0.06249999999999978,-0.030000000000000027
2026-08-16 00:08:38.860,14.651,lower,-0.11687499999999962,-0.08062499999999972
2026-08-16 00:08:38.870,14.661,lower,0.06812499999999999,-0.03249999999999975
2026-08-16 00:08:38.880,14.671,lower,-0.08375000000000021,-0.058749999999999636
2026-08-16 00:08:38.890,14.681,lower,0.013750000000000151,-0.04937500000000039
2026-08-16 00:08:38.900,14.691,lower,0.04937500000000039,-0.029375000000000373
2026-08-16 00:08:38.910,14.701,lower,-0.10249999999999981,-0.08124999999999938
2026-08-16 00:08:38.920,14.711,lower,0.06562500000000027,-0.026874999999999538
2026-08-16 00:08:38.930,14.721,lower,-0.0637500000000002,-0.06437499999999985
2026-08-16 00:08:38.940,14.731,lower,0.02687500000000065,-0.05812499999999998
2026-08-16 00:08:38.950,14.741,lower,0.06874999999999964,-0.030000000000000027
2026-08-16 00:08:38.960,14.751,lower,-0.11499999999999955,-0.08124999999999938
2026-08-16 00:08:38.970,14.761,lower,0.06500000000000061,-0.034999999999999476
2026-08-16 00:08:38.980,14.771,lower,-0.08624999999999994,-0.0637500000000002
2026-08-16 00:08:38.990,14.781,lower,0.011250000000000426,-0.06000000000000005
2026-08-16 00:08:39.000,14.791,lower,0.06249999999999978,-0.033124999999999405
2026-08-16 00:08:39.010,14.801,lower,-0.09874999999999967,-0.08437499999999987
2026-08-16 00:08:39.020,14.811,lower,0.061875000000000124,-0.03687499999999955
2026-08-16 00:08:39.030,14.821,lower,-0.07062499999999972,-0.06624999999999992
2026-08-16 00:08:39.040,14.831,lower,0.02562500000000023,-0.05437499999999984
2026-08-16 00:08:39.050,14.841,lower,0.06062499999999971,-0.033124999999999405
2026-08-16 00:08:39.060,14.851,lower,-0.11624999999999996,-0.07874999999999965
2026-08-16 00:08:39.070,14.861,lower,0.06812499999999999,-0.03437499999999982
2026-08-16 00:08:39.080,14.871,lower,-0.09499999999999953,-0.056874999999999565
2026-08-16 00:08:39.090,14.881,lower,0.0187499999999996,-0.05562500000000026
2026-08-16 00:08:39.100,14.891,lower,0.06624999999999992,-0.03249999999999975
2026-08-16 00:08:39.110,14.901,lower,-0.09312499999999946,-0.07750000000000035
2026-08-16 00:08:39.120,14.911,lower,0.06750000000000034,-0.0318750000000001
2026-08-16 00:08:39.130,14.921,lower,-0.07124999999999937,-0.05562500000000026
2026-08-16 00:08:39.140,14.931,lower,0.03062499999999968,-0.04937500000000039
2026-08-16 00:08:39.150,14.941,lower,0.056875000000000675,-0.03062499999999968
2026-08-16 00:08:39.160,14.951,lower,-0.10812500000000003,-0.0824999999999998
2026-08-16 00:08:39.170,14.961,lower,0.06312500000000054,-0.03375000000000017
2026-08-16 00:08:39.180,14.971,lower,-0.10437499999999988,-0.06249999999999978
2026-08-16 00:08:39.190,14.981,lower,0.017500000000000293,-0.06624999999999992
2026-08-16 00:08:39.200,14.991,lower,0.06437499999999985,-0.033124999999999405
2026-08-16 00:08:39.210,15.001,lower,-0.09000000000000008,-0.08062499999999972
2026-08-16 00:08:39.220,15.011,lower,0.06750000000000034,-0.038124999999999964
2026-08-16 00:08:39.230,15.021,lower,-0.07874999999999965,-0.061875000000000124
2026-08-16 00:08:39.240,15.031,lower,0.028124999999999956,-0.05812499999999998
2026-08-16 00:08:39.250,15.041,lower,0.055000000000000604,-0.030000000000000027
2026-08-16 00:08:39.260,15.051,lower,-0.10499999999999954,-0.08062499999999972
2026-08-16 00:08:39.270,15.061,lower,0.06249999999999978,-0.03687499999999955
2026-08-16 00:08:39.280,15.071,lower,-0.10249999999999981,-0.06687499999999957
2026-08-16 00:08:39.290,15.081,lower,0.024374999999999813,-0.06000000000000005
2026-08-16 00:08:39.300,15.091,lower,0.06687500000000068,-0.029375000000000373
2026-08-16 00:08:39.310,15.101,lower,-0.08312499999999945,-0.08000000000000007
2026-08-16 00:08:39.320,15.111,lower,0.07187500000000013,-0.033124999999999405
2026-08-16 00:08:39.330,15.121,lower,-0.08499999999999952,-0.05624999999999991
2026-08-16 00:08:39.340,15.131,lower,0.011250000000000426,-0.050000000000000044
2026-08-16 00:08:39.350,15.141,lower,0.055000000000000604,-0.031249999999999334
2026-08-16 00:08:39.360,15.151,lower,-0.10312499999999947,-0.07437499999999986
2026-08-16 00:08:39.370,15.161,lower,0.06312500000000054,-0.02874999999999961
2026-08-16 00:08:39.380,15.171,lower,-0.10375000000000023,-0.056874999999999565
2026-08-16 00:08:39.390,15.181,lower,0.025000000000000577,-0.046874999999999556
2026-08-16 00:08:39.400,15.191,lower,0.06062499999999971,-0.029375000000000373
2026-08-16 00:08:39.410,15.201,lower,-0.11624999999999996,-0.08062499999999972
2026-08-16 00:08:39.420,15.211,lower,0.06874999999999964,-0.030000000000000027
2026-08-16 00:08:39.430,15.221,lower,-0.08750000000000036,-0.06124999999999936
2026-08-16 00:08:39.440,15.231,lower,0.015000000000000568,-0.05750000000000033
2026-08-16 00:08:39.450,15.241,lower,0.04812499999999997,-0.0318750000000001
2026-08-16 00:08:39.460,15.251,lower,-0.10062499999999974,-0.08000000000000007
2026-08-16 00:08:39.470,15.261,lower,0.06312500000000054,-0.031249999999999334
2026-08-16 00:08:39.480,15.271,lower,-0.11375000000000024,-0.06062499999999971
2026-08-16 00:08:39.490,15.281,lower,0.02687500000000065,-0.06124999999999936
2026-08-16 00:08:39.500,15.291,lower,0.06062499999999971,-0.0318750000000001
2026-08-16 00:08:39.510,15.301,lower,-0.11874999999999969,-0.08062499999999972
2026-08-16 00:08:39.520,15.311,lower,0.06624999999999992,-0.03687499999999955
2026-08-16 00:08:39.530,15.321,lower,-0.0968749999999996,-0.06312499999999943
2026-08-16 00:08:39.540,15.331,lower,0.016249999999999876,-0.056874999999999565
2026-08-16 00:08:39.550,15.341,lower,0.04249999999999976,-0.030000000000000027
2026-08-16 00:08:39.560,15.351,lower,-0.0968749999999996,-0.08062499999999972
2026-08-16 00:08:39.570,15.361,lower,0.06437499999999985,-0.0318750000000001
2026-08-16 00:08:39.580,15.371,lower,-0.07187500000000013,-0.0649999999999995
2026-08-16 00:08:39.590,15.381,lower,0.02687500000000065,-0.05312499999999942
2026-08-16 00:08:39.600,15.391,lower,0.06062499999999971,-0.0318750000000001
2026-08-16 00:08:39.610,15.401,lower,-0.11499999999999955,-0.07687499999999958
2026-08-16 00:08:39.620,15.411,lower,0.06812499999999999,-0.0318750000000001
2026-08-16 00:08:39.630,15.421,lower,-0.09750000000000036,-0.058749999999999636
2026-08-16 00:08:39.640,15.431,lower,0.019375000000000364,-0.04874999999999963
2026-08-16 00:08:39.650,15.441,lower,0.0637500000000002,-0.028124999999999956
2026-08-16 00:08:39.660,15.451,lower,-0.09624999999999995,-0.07874999999999965
2026-08-16 00:08:39.670,15.461,lower,0.06562500000000027,-0.02874999999999961
2026-08-16 00:08:39.680,15.471,lower,-0.07624999999999993,-0.0593750000000004
2026-08-16 00:08:39.690,15.481,lower,0.03249999999999975,-0.046874999999999556
2026-08-16 00:08:39.700,15.491,lower,0.05624999999999991,-0.028124999999999956
2026-08-16 00:08:39.710,15.501,lower,-0.11249999999999982,-0.08124999999999938
2026-08-16 00:08:39.720,15.511,lower,0.06937500000000041,-0.03062499999999968
2026-08-16 00:08:39.730,15.521,lower,-0.10687499999999961,-0.06562500000000027
2026-08-16 00:08:39.740,15.531,lower,0.01687500000000064,-0.05812499999999998
2026-08-16 00:08:39.750,15.541,lower,0.061875000000000124,-0.03437499999999982
2026-08-16 00:08:39.760,15.551,lower,-0.09187500000000015,-0.08000000000000007
2026-08-16 00:08:39.770,15.561,lower,0.06500000000000061,-0.033124999999999405
2026-08-16 00:08:39.780,15.571,lower,-0.08124999999999938,-0.06624999999999992
2026-08-16 00:08:39.790,15.581,lower,0.02874999999999961,-0.053750000000000187
2026-08-16 00:08:39.800,15.591,lower,0.04750000000000032,-0.0318750000000001
2026-08-16 00:08:39.810,15.601,lower,-0.10437499999999988,-0.07750000000000035
2026-08-16 00:08:39.820,15.611,lower,0.06249999999999978,-0.029375000000000373
2026-08-16 00:08:39.830,15.621,lower,-0.1112499999999994,-0.0649999999999995
2026-08-16 00:08:39.840,15.631,lower,0.02562500000000023,-0.05124999999999935
2026-08-16 00:08:39.850,15.641,lower,0.0637500000000002,-0.03249999999999975
2026-08-16 00:08:39.860,15.651,lower,-0.08750000000000036,-0.07562500000000028
2026-08-16 00:08:39.870,15.661,lower,0.06937500000000041,-0.030000000000000027
2026-08-16 00:08:39.880,15.671,lower,-0.08687499999999959,-0.05812499999999998
2026-08-16 00:08:39.890,15.681,lower,0.033125000000000515,-0.04874999999999963
2026-08-16 00:08:39.900,15.691,lower,0.04562500000000025,-0.03062499999999968
2026-08-16 00:08:39.910,15.701,lower,-0.10437499999999988,-0.0737500000000002
2026-08-16 00:08:39.920,15.711,lower,0.06249999999999978,-0.029375000000000373
2026-08-16 00:08:39.930,15.721,lower,-0.11375000000000024,-0.05750000000000033
2026-08-16 00:08:39.940,15.731,lower,0.02562500000000023,-0.04750000000000032
2026-08-16 00:08:39.950,15.741,lower,0.05750000000000033,-0.028124999999999956
2026-08-16 00:08:39.960,15.751,lower,-0.078125,-0.07937500000000042
2026-08-16 00:08:39.970,15.761,lower,0.06624999999999992,-0.026874999999999538
2026-08-16 00:08:39.980,15.771,lower,-0.0968749999999996,-0.06437499999999985
2026-08-16 00:08:39.990,15.781,lower,0.008749999999999591,-0.05750000000000033
2026-08-16 00:08:40.000,15.791,lower,0.04187500000000011,-0.03375000000000017
2026-08-16 00:08:40.010,15.801,lower,-0.1100000000000001,-0.08062499999999972
2026-08-16 00:08:40.020,15.811,lower,0.06062499999999971,-0.026874999999999538
2026-08-16 00:08:40.030,15.821,lower,-0.11687499999999962,-0.06312499999999943
2026-08-16 00:08:40.040,15.831,lower,0.025000000000000577,-0.05437499999999984
2026-08-16 00:08:40.050,15.841,lower,0.056875000000000675,-0.0318750000000001
2026-08-16 00:08:40.060,15.851,lower,-0.11687499999999962,-0.07937500000000042
2026-08-16 00:08:40.070,15.861,lower,0.06874999999999964,-0.0318750000000001
2026-08-16 00:08:40.080,15.871,lower,-0.1012499999999994,-0.06562500000000027
2026-08-16 00:08:40.090,15.881,lower,0.01187500000000008,-0.0506249999999997
2026-08-16 00:08:40.100,15.891,lower,0.033125000000000515,-0.027500000000000302
2026-08-16 00:08:40.110,15.901,lower,-0.10187500000000016,-0.07750000000000035
2026-08-16 00:08:40.120,15.911,lower,0.06125000000000047,-0.031249999999999334
2026-08-16 00:08:40.130,15.921,lower,-0.12062499999999976,-0.06437499999999985
2026-08-16 00:08:40.140,15.931,lower,0.024374999999999813,-0.046874999999999556
2026-08-16 00:08:40.150,15.941,lower,0.053750000000000187,-0.03062499999999968
2026-08-16 00:08:40.160,15.951,lower,-0.11312499999999948,-0.07124999999999937
2026-08-16 00:08:40.170,15.961,lower,0.06500000000000061,-0.026249999999999885
2026-08-16 00:08:40.180,15.971,lower,-0.10624999999999996,-0.06249999999999978
2026-08-16 00:08:40.190,15.981,lower,0.014374999999999805,-0.04874999999999963
2026-08-16 00:08:40.200,15.991,lower,0.026249999999999885,-0.03624999999999989
2026-08-16 00:08:40.210,16.001,lower,-0.09312499999999946,-0.07874999999999965
2026-08-16 00:08:40.220,16.011,lower,0.0637500000000002,-0.033124999999999405
2026-08-16 00:08:40.230,16.021,lower,-0.08624999999999994,-0.06437499999999985
2026-08-16 00:08:40.240,16.031,lower,0.03062499999999968,-0.0462499999999999
2026-08-16 00:08:40.250,16.041,lower,0.04812499999999997,-0.034999999999999476
2026-08-16 00:08:40.260,16.051,lower,-0.11812500000000004,-0.07937500000000042
2026-08-16 00:08:40.270,16.061,lower,0.06624999999999992,-0.033124999999999405
2026-08-16 00:08:40.280,16.071,lower,-0.10937499999999933,-0.06000000000000005
2026-08-16 00:08:40.290,16.081,lower,0.015625000000000222,-0.05437499999999984
2026-08-16 00:08:40.300,16.091,lower,0.0593750000000004,-0.031249999999999334
2026-08-16 00:08:40.310,16.101,lower,-0.09187500000000015,-0.078125
2026-08-16 00:08:40.320,16.111,lower,0.06437499999999985,-0.033124999999999405
2026-08-16 00:08:40.330,16.121,lower,-0.08750000000000036,-0.0637500000000002
2026-08-16 00:08:40.340,16.131,lower,0.02874999999999961,-0.05124999999999935
2026-08-16 00:08:40.350,16.141,lower,0.046875000000000666,-0.031249999999999334
2026-08-16 00:08:40.360,16.151,lower,-0.10812500000000003,-0.07687499999999958
2026-08-16 00:08:40.370,16.161,lower,0.06500000000000061,-0.033124999999999405
2026-08-16 00:08:40.380,16.171,lower,-0.11187500000000017,-0.07124999999999937
2026-08-16 00:08:40.390,16.181,lower,0.018124999999999947,-0.05249999999999977
2026-08-16 00:08:40.400,16.191,lower,0.06062499999999971,-0.02874999999999961
2026-08-16 00:08:40.410,16.201,lower,-0.08750000000000036,-0.07437499999999986
2026-08-16 00:08:40.420,16.211,lower,0.06500000000000061,-0.027500000000000302
2026-08-16 00:08:40.430,16.221,lower,-0.09062499999999973,-0.0593750000000004
2026-08-16 00:08:40.440,16.231,lower,0.03375000000000017,-0.0462499999999999
2026-08-16 00:08:40.450,16.241,lower,0.0462499999999999,-0.030000000000000027
2026-08-16 00:08:40.460,16.251,lower,-0.10499999999999954,-0.078125
2026-08-16 00:08:40.470,16.261,lower,0.06062499999999971,-0.031249999999999334
2026-08-16 00:08:40.480,16.271,lower,-0.12062499999999976,-0.061875000000000124
2026-08-16 00:08:40.490,16.281,lower,0.024374999999999813,-0.04750000000000032
2026-08-16 00:08:40.500,16.291,lower,0.05624999999999991,-0.03062499999999968
2026-08-16 00:08:40.510,16.301,lower,-0.08062499999999972,-0.08187500000000014
2026-08-16 00:08:40.520,16.311,lower,0.06624999999999992,-0.02874999999999961
2026-08-16 00:08:40.530,16.321,lower,-0.10000000000000009,-0.06624999999999992
2026-08-16 00:08:40.540,16.331,lower,0.03437499999999982,-0.054999999999999494
2026-08-16 00:08:40.550,16.341,lower,0.04062499999999969,-0.0318750000000001
2026-08-16 00:08:40.560,16.351,lower,-0.1012499999999994,-0.07937500000000042
2026-08-16 00:08:40.570,16.361,lower,0.0637500000000002,-0.0318750000000001
2026-08-16 00:08:40.580,16.371,lower,-0.11874999999999969,-0.06687499999999957
2026-08-16 00:08:40.590,16.381,lower,0.027500000000000302,-0.04812499999999997
2026-08-16 00:08:40.600,16.391,lower,0.05562500000000026,-0.03437499999999982
2026-08-16 00:08:40.610,16.401,lower,-0.07187500000000013,-0.07562500000000028
2026-08-16 00:08:40.620,16.411,lower,0.06687500000000068,-0.031249999999999334
2026-08-16 00:08:40.630,16.421,lower,-0.10624999999999996,-0.06750000000000034
2026-08-16 00:08:40.640,16.431,lower,0.01687500000000064,-0.0462499999999999
2026-08-16 00:08:40.650,16.441,lower,0.035000000000000586,-0.033124999999999405
2026-08-16 00:08:40.660,16.451,lower,-0.09624999999999995,-0.0737500000000002
2026-08-16 00:08:40.670,16.461,lower,0.06624999999999992,-0.031249999999999334
2026-08-16 00:08:40.680,16.471,lower,-0.12375000000000025,-0.05812499999999998
2026-08-16 00:08:40.690,16.481,lower,0.027500000000000302,-0.05124999999999935
2026-08-16 00:08:40.700,16.491,lower,0.053750000000000187,-0.030000000000000027
2026-08-16 00:08:40.710,16.501,lower,-0.11062499999999975,-0.08124999999999938
2026-08-16 00:08:40.720,16.511,lower,0.06750000000000034,-0.029375000000000373
2026-08-16 00:08:40.730,16.521,lower,-0.1056250000000003,-0.06062499999999971
2026-08-16 00:08:40.740,16.531,lower,0.019375000000000364,-0.0462499999999999
2026-08-16 00:08:40.750,16.541,lower,0.027500000000000302,-0.031249999999999334
2026-08-16 00:08:40.760,16.551,lower,-0.09187500000000015,-0.08000000000000007
2026-08-16 00:08:40.770,16.561,lower,0.06437499999999985,-0.029375000000000373
2026-08-16 00:08:40.780,16.571,lower,-0.12624999999999997,-0.06624999999999992
2026-08-16 00:08:40.790,16.581,lower,0.033125000000000515,-0.058749999999999636
2026-08-16 00:08:40.800,16.591,lower,0.05437499999999984,-0.03249999999999975
2026-08-16 00:08:40.810,16.601,lower,-0.11187500000000017,-0.078125
2026-08-16 00:08:40.820,16.611,lower,0.07062499999999972,-0.027500000000000302
2026-08-16 00:08:40.830,16.621,lower,-0.10937499999999933,-0.0649999999999995
2026-08-16 00:08:40.840,16.631,lower,0.02062499999999967,-0.05437499999999984
2026-08-16 00:08:40.850,16.641,lower,0.022499999999999742,-0.03437499999999982
2026-08-16 00:08:40.860,16.651,lower,-0.08624999999999994,-0.07937500000000042
2026-08-16 00:08:40.870,16.661,lower,0.06937500000000041,-0.031249999999999334
2026-08-16 00:08:40.880,16.671,lower,-0.08874999999999966,-0.06812499999999999
2026-08-16 00:08:40.890,16.681,lower,0.03375000000000017,-0.05249999999999977
2026-08-16 00:08:40.900,16.691,lower,0.04937500000000039,-0.03375000000000017
2026-08-16 00:08:40.910,16.701,lower,-0.10375000000000023,-0.07624999999999993
2026-08-16 00:08:40.920,16.711,lower,0.07062499999999972,-0.0318750000000001
2026-08-16 00:08:40.930,16.721,lower,-0.11562500000000031,-0.06750000000000034
2026-08-16 00:08:40.940,16.731,lower,0.025000000000000577,-0.050000000000000044
2026-08-16 00:08:40.950,16.741,lower,0.06062499999999971,-0.029375000000000373
2026-08-16 00:08:40.960,16.751,lower,-0.07874999999999965,-0.07437499999999986
2026-08-16 00:08:40.970,16.761,lower,0.06624999999999992,-0.03437499999999982
2026-08-16 00:08:40.980,16.771,lower,-0.0924999999999998,-0.06750000000000034
2026-08-16 00:08:40.990,16.781,lower,0.03375000000000017,-0.051875000000000115
2026-08-16 00:08:41.000,16.791,lower,0.04249999999999976,-0.03562500000000024
2026-08-16 00:08:41.010,16.801,lower,-0.1012499999999994,-0.08562500000000028
2026-08-16 00:08:41.020,16.811,lower,0.06624999999999992,-0.033124999999999405
2026-08-16 00:08:41.030,16.821,lower,-0.11499999999999955,-0.06562500000000027
2026-08-16 00:08:41.040,16.831,lower,0.029375000000000373,-0.04812499999999997
2026-08-16 00:08:41.050,16.841,lower,0.0593750000000004,-0.03375000000000017
2026-08-16 00:08:41.060,16.851,lower,-0.07562500000000028,-0.08000000000000007
2026-08-16 00:08:41.070,16.861,lower,0.07187500000000013,-0.028124999999999956
2026-08-16 00:08:41.080,16.871,lower,-0.0968749999999996,-0.06437499999999985
2026-08-16 00:08:41.090,16.881,lower,0.04062499999999969,-0.054999999999999494
2026-08-16 00:08:41.100,16.891,lower,0.043125000000000524,-0.031249999999999334
2026-08-16 00:08:41.110,16.901,lower,-0.0956250000000003,-0.08124999999999938
2026-08-16 00:08:41.120,16.911,lower,0.06312500000000054,-0.03437499999999982
2026-08-16 00:08:41.130,16.921,lower,-0.11750000000000038,-0.06874999999999964
2026-08-16 00:08:41.140,16.931,lower,0.02874999999999961,-0.05750000000000033
2026-08-16 00:08:41.150,16.941,lower,0.056875000000000675,-0.03687499999999955
2026-08-16 00:08:41.160,16.951,lower,-0.06812499999999999,-0.08000000000000007
2026-08-16 00:08:41.170,16.961,lower,0.07187500000000013,-0.033124999999999405
2026-08-16 00:08:41.180,16.971,lower,-0.10624999999999996,-0.0737500000000002
2026-08-16 00:08:41.190,16.981,lower,0.038124999999999964,-0.04812499999999997
2026-08-16 00:08:41.200,16.991,lower,0.030000000000000027,-0.03437499999999982
2026-08-16 00:08:41.210,17.001,lower,-0.09187500000000015,-0.078125
2026-08-16 00:08:41.220,17.011,lower,0.06874999999999964,-0.031249999999999334
2026-08-16 00:08:41.230,17.021,lower,-0.12499999999999956,-0.06249999999999978
2026-08-16 00:08:41.240,17.031,lower,0.03249999999999975,-0.0462499999999999
2026-08-16 00:08:41.250,17.041,lower,0.05437499999999984,-0.03624999999999989
2026-08-16 00:08:41.260,17.051,lower,-0.06624999999999992,-0.07687499999999958
2026-08-16 00:08:41.270,17.061,lower,0.06937500000000041,-0.03062499999999968
2026-08-16 00:08:41.280,17.071,lower,-0.10624999999999996,-0.06437499999999985
2026-08-16 00:08:41.290,17.081,lower,0.019375000000000364,-0.04562500000000025
2026-08-16 00:08:41.300,17.091,lower,0.026249999999999885,-0.031249999999999334
2026-08-16 00:08:41.310,17.101,lower,-0.08312499999999945,-0.08000000000000007
2026-08-16 00:08:41.320,17.111,lower,0.07000000000000006,-0.02874999999999961
2026-08-16 00:08:41.330,17.121,lower,-0.12499999999999956,-0.06937500000000041
2026-08-16 00:08:41.340,17.131,lower,0.03437499999999982,-0.05562500000000026
2026-08-16 00:08:41.350,17.141,lower,0.050000000000000044,-0.034999999999999476
2026-08-16 00:08:41.360,17.151,lower,-0.10812500000000003,-0.08062499999999972
2026-08-16 00:08:41.370,17.161,lower,0.07125000000000048,-0.029375000000000373
2026-08-16 00:08:41.380,17.171,lower,-0.1112499999999994,-0.06937500000000041
2026-08-16 00:08:41.390,17.181,lower,0.02562500000000023,-0.053750000000000187
2026-08-16 00:08:41.400,17.191,lower,0.02062499999999967,-0.03874999999999962
2026-08-16 00:08:41.410,17.201,lower,-0.08062499999999972,-0.07624999999999993
2026-08-16 00:08:41.420,17.211,lower,0.06874999999999964,-0.03375000000000017
2026-08-16 00:08:41.430,17.221,lower,-0.12499999999999956,-0.06812499999999999
2026-08-16 00:08:41.440,17.231,lower,0.03437499999999982,-0.05124999999999935
2026-08-16 00:08:41.450,17.241,lower,0.045000000000000595,-0.034999999999999476
2026-08-16 00:08:41.460,17.251,lower,-0.1056250000000003,-0.07937500000000042
2026-08-16 00:08:41.470,17.261,lower,0.06937500000000041,-0.03375000000000017
2026-08-16 00:08:41.480,17.271,lower,-0.11874999999999969,-0.07562500000000028
2026-08-16 00:08:41.490,17.281,lower,0.0187499999999996,-0.04874999999999963
2026-08-16 00:08:41.500,17.291,lower,0.015625000000000222,-0.03687499999999955
2026-08-16 00:08:41.510,17.301,lower,-0.08375000000000021,-0.07687499999999958
2026-08-16 00:08:41.520,17.311,lower,0.06874999999999964,-0.031249999999999334
2026-08-16 00:08:41.530,17.321,lower,-0.09874999999999967,-0.06874999999999964
2026-08-16 00:08:41.540,17.331,lower,0.03437499999999982,-0.04812499999999997
2026-08-16 00:08:41.550,17.341,lower,0.04249999999999976,-0.03062499999999968
2026-08-16 00:08:41.560,17.351,lower,-0.09437499999999988,-0.07937500000000042
2026-08-16 00:08:41.570,17.361,lower,0.07062499999999972,-0.03062499999999968
2026-08-16 00:08:41.580,17.371,lower,-0.11812500000000004,-0.0649999999999995
2026-08-16 00:08:41.590,17.381,lower,0.03249999999999975,-0.05750000000000033
2026-08-16 00:08:41.600,17.391,lower,0.058749999999999636,-0.033124999999999405
2026-08-16 00:08:41.610,17.401,lower,-0.07437499999999986,-0.08187500000000014
2026-08-16 00:08:41.620,17.411,lower,0.07312500000000055,-0.02874999999999961
2026-08-16 00:08:41.630,17.421,lower,-0.1012499999999994,-0.06750000000000034
2026-08-16 00:08:41.640,17.431,lower,0.03874999999999962,-0.05249999999999977
2026-08-16 00:08:41.650,17.441,lower,0.03750000000000031,-0.03624999999999989
2026-08-16 00:08:41.660,17.451,lower,-0.09499999999999953,-0.07937500000000042
2026-08-16 00:08:41.670,17.461,lower,0.07000000000000006,-0.030000000000000027
2026-08-16 00:08:41.680,17.471,lower,-0.12312499999999948,-0.07187500000000013
2026-08-16 00:08:41.690,17.481,lower,0.02874999999999961,-0.04937500000000039
2026-08-16 00:08:41.700,17.491,lower,0.0506249999999997,-0.03437499999999982
2026-08-16 00:08:41.710,17.501,lower,-0.06687499999999957,-0.078125
2026-08-16 00:08:41.720,17.511,lower,0.06937500000000041,-0.03249999999999975
2026-08-16 00:08:41.730,17.521,lower,-0.10812500000000003,-0.07312499999999944
2026-08-16 00:08:41.740,17.531,lower,0.038124999999999964,-0.04812499999999997
2026-08-16 00:08:41.750,17.541,lower,0.028124999999999956,-0.03437499999999982
2026-08-16 00:08:41.760,17.551,lower,-0.09187500000000015,-0.07499999999999951
2026-08-16 00:08:41.770,17.561,lower,0.06500000000000061,-0.0318750000000001
2026-08-16 00:08:41.780,17.571,lower,-0.12624999999999997,-0.06750000000000034
2026-08-16 00:08:41.790,17.581,lower,0.03437499999999982,-0.044999999999999485
2026-08-16 00:08:41.800,17.591,lower,0.05125000000000046,-0.03249999999999975
2026-08-16 00:08:41.810,17.601,lower,-0.061875000000000124,-0.0824999999999998
2026-08-16 00:08:41.820,17.611,lower,0.06750000000000034,-0.030000000000000027
2026-08-16 00:08:41.830,17.621,lower,-0.10687499999999961,-0.06687499999999957
2026-08-16 00:08:41.840,17.631,lower,0.040000000000000036,-0.04562500000000025
2026-08-16 00:08:41.850,17.641,lower,0.021250000000000435,-0.033124999999999405
2026-08-16 00:08:41.860,17.651,lower,-0.08562500000000028,-0.07624999999999993
2026-08-16 00:08:41.870,17.661,lower,0.06937500000000041,-0.030000000000000027
2026-08-16 00:08:41.880,17.671,lower,-0.13000000000000012,-0.06750000000000034
2026-08-16 00:08:41.890,17.681,lower,0.035000000000000586,-0.053750000000000187
2026-08-16 00:08:41.900,17.691,lower,0.04750000000000032,-0.03437499999999982
2026-08-16 00:08:41.910,17.701,lower,-0.06124999999999936,-0.08187500000000014
2026-08-16 00:08:41.920,17.711,lower,0.07187500000000013,-0.03249999999999975
2026-08-16 00:08:41.930,17.721,lower,-0.11249999999999982,-0.07249999999999979
2026-08-16 00:08:41.940,17.731,lower,0.020000000000000018,-0.04937500000000039
2026-08-16 00:08:41.950,17.741,lower,0.0187499999999996,-0.03562500000000024
2026-08-16 00:08:41.960,17.751,lower,-0.08312499999999945,-0.08062499999999972
2026-08-16 00:08:41.970,17.761,lower,0.06312500000000054,-0.033124999999999405
2026-08-16 00:08:41.980,17.771,lower,-0.13062499999999977,-0.07624999999999993
2026-08-16 00:08:41.990,17.781,lower,0.035000000000000586,-0.050000000000000044
2026-08-16 00:08:42.000,17.791,lower,0.03750000000000031,-0.0318750000000001
2026-08-16 00:08:42.010,17.801,lower,-0.10624999999999996,-0.07562500000000028
2026-08-16 00:08:42.020,17.811,lower,0.06687500000000068,-0.031249999999999334
2026-08-16 00:08:42.030,17.821,lower,-0.11937499999999934,-0.0649999999999995
2026-08-16 00:08:42.040,17.831,lower,0.022499999999999742,-0.04437499999999983
2026-08-16 00:08:42.050,17.841,lower,0.011250000000000426,-0.0318750000000001
2026-08-16 00:08:42.060,17.851,lower,-0.07874999999999965,-0.0737500000000002
2026-08-16 00:08:42.070,17.861,lower,0.07125000000000048,-0.030000000000000027
2026-08-16 00:08:42.080,17.871,lower,-0.13249999999999984,-0.06812499999999999
2026-08-16 00:08:42.090,17.881,lower,0.035000000000000586,-0.04124999999999934
2026-08-16 00:08:42.100,17.891,lower,0.03937500000000038,-0.03937500000000038
2026-08-16 00:08:42.110,17.901,lower,-0.10062499999999974,-0.08124999999999938
2026-08-16 00:08:42.120,17.911,lower,0.06687500000000068,-0.026249999999999885
2026-08-16 00:08:42.130,17.921,lower,-0.12187500000000018,-0.06562500000000027
2026-08-16 00:08:42.140,17.931,lower,0.027500000000000302,-0.0506249999999997
2026-08-16 00:08:42.150,17.941,lower,0.004374999999999796,-0.034999999999999476
2026-08-16 00:08:42.160,17.951,lower,-0.07249999999999979,-0.07750000000000035
2026-08-16 00:08:42.170,17.961,lower,0.06562500000000027,-0.026874999999999538
2026-08-16 00:08:42.180,17.971,lower,-0.11249999999999982,-0.07062499999999972
2026-08-16 00:08:42.190,17.981,lower,0.03624999999999989,-0.05312499999999942
2026-08-16 00:08:42.200,17.991,lower,0.028124999999999956,-0.040000000000000036
2026-08-16 00:08:42.210,18.001,lower,-0.10062499999999974,-0.07750000000000035
2026-08-16 00:08:42.220,18.011,lower,0.06687500000000068,-0.03249999999999975
2026-08-16 00:08:42.230,18.021,lower,-0.13000000000000012,-0.07562500000000028
2026-08-16 00:08:42.240,18.031,lower,0.024374999999999813,-0.050000000000000044
2026-08-16 00:08:42.250,18.041,lower,0.04874999999999963,-0.03750000000000031
2026-08-16 00:08:42.260,18.051,lower,-0.07000000000000006,-0.07687499999999958
2026-08-16 00:08:42.270,18.061,lower,0.06500000000000061,-0.033124999999999405
2026-08-16 00:08:42.280,18.071,lower,-0.1112499999999994,-0.07312499999999944
2026-08-16 00:08:42.290,18.081,lower,0.040000000000000036,-0.04750000000000032
2026-08-16 00:08:42.300,18.091,lower,0.021250000000000435,-0.033124999999999405
2026-08-16 00:08:42.310,18.101,lower,-0.09375000000000022,-0.07499999999999951
2026-08-16 00:08:42.320,18.111,lower,0.06312500000000054,-0.02874999999999961
2026-08-16 00:08:42.330,18.121,lower,-0.13124999999999942,-0.0649999999999995
2026-08-16 00:08:42.340,18.131,lower,0.03062499999999968,-0.044999999999999485
2026-08-16 00:08:42.350,18.141,lower,0.046875000000000666,-0.0318750000000001
2026-08-16 00:08:42.360,18.151,lower,-0.0649999999999995,-0.07874999999999965
2026-08-16 00:08:42.370,18.161,lower,0.06624999999999992,-0.027500000000000302
2026-08-16 00:08:42.380,18.171,lower,-0.11375000000000024,-0.06624999999999992
2026-08-16 00:08:42.390,18.181,lower,0.03750000000000031,-0.038124999999999964
2026-08-16 00:08:42.400,18.191,lower,0.018124999999999947,-0.03562500000000024
2026-08-16 00:08:42.410,18.201,lower,-0.08624999999999994,-0.08437499999999987
2026-08-16 00:08:42.420,18.211,lower,0.061875000000000124,-0.02375000000000016
2026-08-16 00:08:42.430,18.221,lower,-0.13062499999999977,-0.07187500000000013
2026-08-16 00:08:42.440,18.231,lower,0.03437499999999982,-0.04812499999999997
2026-08-16 00:08:42.450,18.241,lower,0.04249999999999976,-0.034999999999999476
2026-08-16 00:08:42.460,18.251,lower,-0.056874999999999565,-0.08062499999999972
2026-08-16 00:08:42.470,18.261,lower,0.0637500000000002,-0.03062499999999968
2026-08-16 00:08:42.480,18.271,lower,-0.12375000000000025,-0.07499999999999951
2026-08-16 00:08:42.490,18.281,lower,0.04187500000000011,-0.04750000000000032
2026-08-16 00:08:42.500,18.291,lower,0.011250000000000426,-0.03937500000000038
2026-08-16 00:08:42.510,18.301,lower,-0.08499999999999952,-0.07687499999999958
2026-08-16 00:08:42.520,18.311,lower,0.061875000000000124,-0.033124999999999405
2026-08-16 00:08:42.530,18.321,lower,-0.1343749999999999,-0.07312499999999944
2026-08-16 00:08:42.540,18.331,lower,0.03062499999999968,-0.04437499999999983
2026-08-16 00:08:42.550,18.341,lower,0.035000000000000586,-0.0318750000000001
2026-08-16 00:08:42.560,18.351,lower,-0.051875000000000115,-0.07187500000000013
2026-08-16 00:08:42.570,18.361,lower,0.06624999999999992,-0.031249999999999334
2026-08-16 00:08:42.580,18.371,lower,-0.12375000000000025,-0.06312499999999943
2026-08-16 00:08:42.590,18.381,lower,0.026249999999999885,-0.04375000000000018
2026-08-16 00:08:42.600,18.391,lower,0.006875000000000631,-0.03624999999999989
2026-08-16 00:08:42.610,18.401,lower,-0.07562500000000028,-0.07312499999999944
2026-08-16 00:08:42.620,18.411,lower,0.06750000000000034,-0.02562500000000023
2026-08-16 00:08:42.630,18.421,lower,-0.1375000000000004,-0.06562500000000027
2026-08-16 00:08:42.640,18.431,lower,0.03687500000000066,-0.04187500000000011
2026-08-16 00:08:42.650,18.441,lower,0.03375000000000017,-0.03062499999999968
2026-08-16 00:08:42.660,18.451,lower,-0.09937499999999932,-0.07562500000000028
2026-08-16 00:08:42.670,18.461,lower,0.06937500000000041,-0.026249999999999885
2026-08-16 00:08:42.680,18.471,lower,-0.12499999999999956,-0.0737500000000002
2026-08-16 00:08:42.690,18.481,lower,0.02687500000000065,-0.04937500000000039
2026-08-16 00:08:42.700,18.491,lower,-0.0006249999999996536,-0.03437499999999982
2026-08-16 00:08:42.710,18.501,lower,-0.07000000000000006,-0.07562500000000028
2026-08-16 00:08:42.720,18.511,lower,0.07062499999999972,-0.034999999999999476
2026-08-16 00:08:42.730,18.521,lower,-0.13937499999999936,-0.07187500000000013
2026-08-16 00:08:42.740,18.531,lower,0.03750000000000031,-0.0506249999999997
2026-08-16 00:08:42.750,18.541,lower,0.023125000000000506,-0.03937500000000038
2026-08-16 00:08:42.760,18.551,lower,-0.0956250000000003,-0.07437499999999986
2026-08-16 00:08:42.770,18.561,lower,0.07125000000000048,-0.03062499999999968
2026-08-16 00:08:42.780,18.571,lower,-0.1275000000000004,-0.07249999999999979
2026-08-16 00:08:42.790,18.581,lower,0.03249999999999975,-0.04750000000000032
2026-08-16 00:08:42.800,18.591,lower,-0.004999999999999449,-0.03687499999999955
2026-08-16 00:08:42.810,18.601,lower,-0.0649999999999995,-0.08000000000000007
2026-08-16 00:08:42.820,18.611,lower,0.06812499999999999,-0.026249999999999885
2026-08-16 00:08:42.830,18.621,lower,-0.11249999999999982,-0.07874999999999965
2026-08-16 00:08:42.840,18.631,lower,0.043125000000000524,-0.04375000000000018
2026-08-16 00:08:42.850,18.641,lower,0.017500000000000293,-0.033124999999999405
2026-08-16 00:08:42.860,18.651,lower,-0.09062499999999973,-0.07249999999999979
2026-08-16 00:08:42.870,18.661,lower,0.0737500000000002,-0.028124999999999956
2026-08-16 00:08:42.880,18.671,lower,-0.1318750000000002,-0.06937500000000041
2026-08-16 00:08:42.890,18.681,lower,0.035000000000000586,-0.04124999999999934
2026-08-16 00:08:42.900,18.691,lower,0.04750000000000032,-0.034999999999999476
2026-08-16 00:08:42.910,18.701,lower,-0.06000000000000005,-0.08062499999999972
2026-08-16 00:08:42.920,18.711,lower,0.06937500000000041,-0.027500000000000302
2026-08-16 00:08:42.930,18.721,lower,-0.11375000000000024,-0.07312499999999944
2026-08-16 00:08:42.940,18.731,lower,0.043125000000000524,-0.040000000000000036
2026-08-16 00:08:42.950,18.741,lower,0.016249999999999876,-0.034999999999999476
2026-08-16 00:08:42.960,18.751,lower,-0.08187500000000014,-0.07499999999999951
2026-08-16 00:08:42.970,18.761,lower,0.06624999999999992,-0.02874999999999961
2026-08-16 00:08:42.980,18.771,lower,-0.13124999999999942,-0.07062499999999972
2026-08-16 00:08:42.990,18.781,lower,0.03624999999999989,-0.050000000000000044
2026-08-16 00:08:43.000,18.791,lower,0.040000000000000036,-0.038124999999999964
2026-08-16 00:08:43.010,18.801,lower,-0.0506249999999997,-0.07624999999999993
2026-08-16 00:08:43.020,18.811,lower,0.06874999999999964,-0.033124999999999405
2026-08-16 00:08:43.030,18.821,lower,-0.1200000000000001,-0.07062499999999972
2026-08-16 00:08:43.040,18.831,lower,0.04874999999999963,-0.04750000000000032
2026-08-16 00:08:43.050,18.841,lower,0.012499999999999734,-0.03437499999999982
2026-08-16 00:08:43.060,18.851,lower,-0.0824999999999998,-0.07562500000000028
2026-08-16 00:08:43.070,18.861,lower,0.06812499999999999,-0.03062499999999968
2026-08-16 00:08:43.080,18.871,lower,-0.13124999999999942,-0.07624999999999993
2026-08-16 00:08:43.090,18.881,lower,0.03562500000000024,-0.043124999999999414
2026-08-16 00:08:43.100,18.891,lower,0.04062499999999969,-0.03687499999999955
2026-08-16 00:08:43.110,18.901,lower,-0.04750000000000032,-0.07187500000000013
2026-08-16 00:08:43.120,18.911,lower,0.07062499999999972,-0.026874999999999538
2026-08-16 00:08:43.130,18.921,lower,-0.12062499999999976,-0.06937500000000041
2026-08-16 00:08:43.140,18.931,lower,0.050000000000000044,-0.04062499999999969
2026-08-16 00:08:43.150,18.941,lower,0.008124999999999938,-0.03375000000000017
2026-08-16 00:08:43.160,18.951,lower,-0.07249999999999979,-0.07687499999999958
2026-08-16 00:08:43.170,18.961,lower,0.07125000000000048,-0.027500000000000302
2026-08-16 00:08:43.180,18.971,lower,-0.13624999999999998,-0.0737500000000002
2026-08-16 00:08:43.190,18.981,lower,0.03874999999999962,-0.0462499999999999
2026-08-16 00:08:43.200,18.991,lower,0.033125000000000515,-0.038124999999999964
2026-08-16 00:08:43.210,19.001,lower,-0.04187500000000011,-0.08000000000000007
2026-08-16 00:08:43.220,19.011,lower,0.06874999999999964,-0.02874999999999961
2026-08-16 00:08:43.230,19.021,lower,-0.12499999999999956,-0.07499999999999951
2026-08-16 00:08:43.240,19.031,lower,0.030000000000000027,-0.05312499999999942
2026-08-16 00:08:43.250,19.041,lower,0.0,-0.04124999999999934
2026-08-16 00:08:43.260,19.051,lower,-0.06687499999999957,-0.08124999999999938
2026-08-16 00:08:43.270,19.061,lower,0.07187500000000013,-0.03375000000000017
2026-08-16 00:08:43.280,19.071,lower,-0.13499999999999956,-0.078125
2026-08-16 00:08:43.290,19.081,lower,0.04062499999999969,-0.05249999999999977
2026-08-16 00:08:43.300,19.091,lower,0.026249999999999885,-0.0462499999999999
2026-08-16 00:08:43.310,19.101,lower,-0.09499999999999953,-0.07624999999999993
2026-08-16 00:08:43.320,19.111,lower,0.07500000000000062,-0.031249999999999334
2026-08-16 00:08:43.330,19.121,lower,-0.1275000000000004,-0.07687499999999958
2026-08-16 00:08:43.340,19.131,lower,0.03249999999999975,-0.043124999999999414
2026-08-16 00:08:43.350,19.141,lower,0.0006249999999996536,-0.033124999999999405
2026-08-16 00:08:43.360,19.151,lower,-0.06249999999999978,-0.07062499999999972
2026-08-16 00:08:43.370,19.161,lower,0.06750000000000034,-0.027500000000000302
2026-08-16 00:08:43.380,19.171,lower,-0.13124999999999942,-0.06937500000000041
2026-08-16 00:08:43.390,19.181,lower,0.04375000000000018,-0.04562500000000025
2026-08-16 00:08:43.400,19.191,lower,0.017500000000000293,-0.03874999999999962
2026-08-16 00:08:43.410,19.201,lower,-0.0824999999999998,-0.07062499999999972
2026-08-16 00:08:43.420,19.211,lower,0.07062499999999972,-0.028124999999999956
2026-08-16 00:08:43.430,19.221,lower,-0.1287499999999997,-0.06812499999999999
2026-08-16 00:08:43.440,19.231,lower,0.03937500000000038,-0.04249999999999976
2026-08-16 00:08:43.450,19.241,lower,-0.012499999999999734,-0.03750000000000031
2026-08-16 00:08:43.460,19.251,lower,-0.0593750000000004,-0.08000000000000007
2026-08-16 00:08:43.470,19.261,lower,0.07187500000000013,-0.031249999999999334
2026-08-16 00:08:43.480,19.271,lower,-0.11499999999999955,-0.07124999999999937
2026-08-16 00:08:43.490,19.281,lower,0.040000000000000036,-0.05312499999999942
2026-08-16 00:08:43.500,19.291,lower,0.016249999999999876,-0.03937500000000038
2026-08-16 00:08:43.510,19.301,lower,-0.08062499999999972,-0.08187500000000014
2026-08-16 00:08:43.520,19.311,lower,0.06812499999999999,-0.029375000000000373
2026-08-16 00:08:43.530,19.321,lower,-0.12937499999999935,-0.07624999999999993
2026-08-16 00:08:43.540,19.331,lower,0.038124999999999964,-0.0506249999999997
2026-08-16 00:08:43.550,19.341,lower,-0.016249999999999876,-0.04187500000000011
2026-08-16 00:08:43.560,19.351,lower,-0.046874999999999556,-0.078125
2026-08-16 00:08:43.570,19.361,lower,0.07750000000000035,-0.031249999999999334
2026-08-16 00:08:43.580,19.371,lower,-0.12187500000000018,-0.07437499999999986
2026-08-16 00:08:43.590,19.381,lower,0.04812499999999997,-0.04937500000000039
2026-08-16 00:08:43.600,19.391,lower,0.008749999999999591,-0.0318750000000001
2026-08-16 00:08:43.610,19.401,lower,-0.07687499999999958,-0.07687499999999958
2026-08-16 00:08:43.620,19.411,lower,0.07062499999999972,-0.03375000000000017
2026-08-16 00:08:43.630,19.421,lower,-0.13124999999999942,-0.078125
2026-08-16 00:08:43.640,19.431,lower,0.03750000000000031,-0.043124999999999414
2026-08-16 00:08:43.650,19.441,lower,0.03562500000000024,-0.03562500000000024
2026-08-16 00:08:43.660,19.451,lower,-0.04562500000000025,-0.07562500000000028
2026-08-16 00:08:43.670,19.461,lower,0.07125000000000048,-0.028124999999999956
2026-08-16 00:08:43.680,19.471,lower,-0.12499999999999956,-0.06812499999999999
2026-08-16 00:08:43.690,19.481,lower,0.051875000000000115,-0.04375000000000018
2026-08-16 00:08:43.700,19.491,lower,0.0031250000000004885,-0.03874999999999962
2026-08-16 00:08:43.710,19.501,lower,-0.07062499999999972,-0.08187500000000014
2026-08-16 00:08:43.720,19.511,lower,0.06624999999999992,-0.03062499999999968
2026-08-16 00:08:43.730,19.521,lower,-0.1375000000000004,-0.07437499999999986
2026-08-16 00:08:43.740,19.531,lower,0.03937500000000038,-0.04249999999999976
2026-08-16 00:08:43.750,19.541,lower,0.03062499999999968,-0.04187500000000011
2026-08-16 00:08:43.760,19.551,lower,-0.040000000000000036,-0.08437499999999987
2026-08-16 00:08:43.770,19.561,lower,0.06750000000000034,-0.03062499999999968
2026-08-16 00:08:43.780,19.571,lower,-0.12687499999999963,-0.07874999999999965
2026-08-16 00:08:43.790,19.581,lower,0.04812499999999997,-0.04812499999999997
2026-08-16 00:08:43.800,19.591,lower,-0.0024999999999997247,-0.04437499999999983
2026-08-16 00:08:43.810,19.601,lower,-0.061875000000000124,-0.07624999999999993
2026-08-16 00:08:43.820,19.611,lower,0.06874999999999964,-0.033124999999999405
2026-08-16 00:08:43.830,19.621,lower,-0.1331249999999995,-0.07312499999999944
2026-08-16 00:08:43.840,19.631,lower,0.043125000000000524,-0.04750000000000032
2026-08-16 00:08:43.850,19.641,lower,0.023125000000000506,-0.04249999999999976
2026-08-16 00:08:43.860,19.651,lower,-0.029375000000000373,-0.07937500000000042
2026-08-16 00:08:43.870,19.661,lower,0.06812499999999999,-0.02874999999999961
2026-08-16 00:08:43.880,19.671,lower,-0.13124999999999942,-0.078125
2026-08-16 00:08:43.890,19.681,lower,0.02874999999999961,-0.04750000000000032
2026-08-16 00:08:43.900,19.691,lower,-0.008124999999999938,-0.03750000000000031
2026-08-16 00:08:43.910,19.701,lower,-0.06437499999999985,-0.07624999999999993
2026-08-16 00:08:43.920,19.711,lower,0.06874999999999964,-0.0318750000000001
2026-08-16 00:08:43.930,19.721,lower,-0.13624999999999998,-0.06874999999999964
2026-08-16 00:08:43.940,19.731,lower,0.04187500000000011,-0.04562500000000025
2026-08-16 00:08:43.950,19.741,lower,0.018124999999999947,-0.03874999999999962
2026-08-16 00:08:43.960,19.751,lower,-0.08687499999999959,-0.07124999999999937
2026-08-16 00:08:43.970,19.761,lower,0.06750000000000034,-0.030000000000000027
2026-08-16 00:08:43.980,19.771,lower,-0.1318750000000002,-0.07687499999999958
2026-08-16 00:08:43.990,19.781,lower,0.0318750000000001,-0.04249999999999976
2026-08-16 00:08:44.000,19.791,lower,-0.014374999999999805,-0.043124999999999414
2026-08-16 00:08:44.010,19.801,lower,-0.05812499999999998,-0.07937500000000042
2026-08-16 00:08:44.020,19.811,lower,0.07125000000000048,-0.030000000000000027
2026-08-16 00:08:44.030,19.821,lower,-0.1387499999999997,-0.0737500000000002
2026-08-16 00:08:44.040,19.831,lower,0.043125000000000524,-0.05124999999999935
2026-08-16 00:08:44.050,19.841,lower,0.008749999999999591,-0.04062499999999969
2026-08-16 00:08:44.060,19.851,lower,-0.08375000000000021,-0.07874999999999965
2026-08-16 00:08:44.070,19.861,lower,0.06937500000000041,-0.02874999999999961
2026-08-16 00:08:44.080,19.871,lower,-0.13562500000000033,-0.08062499999999972
2026-08-16 00:08:44.090,19.881,lower,0.03624999999999989,-0.04812499999999997
2026-08-16 00:08:44.100,19.891,lower,-0.021249999999999325,-0.044999999999999485
2026-08-16 00:08:44.110,19.901,lower,-0.04937500000000039,-0.07874999999999965
2026-08-16 00:08:44.120,19.911,lower,0.07000000000000006,-0.03062499999999968
2026-08-16 00:08:44.130,19.921,lower,-0.12499999999999956,-0.078125
2026-08-16 00:08:44.140,19.931,lower,0.0462499999999999,-0.04812499999999997
2026-08-16 00:08:44.150,19.941,lower,0.0024999999999997247,-0.03874999999999962
2026-08-16 00:08:44.160,19.951,lower,-0.07750000000000035,-0.07624999999999993
2026-08-16 00:08:44.170,19.961,lower,0.07062499999999972,-0.031249999999999334
2026-08-16 00:08:44.180,19.971,lower,-0.13562500000000033,-0.07687499999999958
2026-08-16 00:08:44.190,19.981,lower,0.033125000000000515,-0.043124999999999414
2026-08-16 00:08:44.200,19.991,lower,-0.026249999999999885,-0.04249999999999976
2026-08-16 00:08:44.210,20.001,lower,-0.0462499999999999,-0.0737500000000002
2026-08-16 00:08:44.220,20.011,lower,0.06500000000000061,-0.033124999999999405
2026-08-16 00:08:44.230,20.021,lower,-0.13062499999999977,-0.07624999999999993
2026-08-16 00:08:44.240,20.031,lower,0.0462499999999999,-0.04562500000000025
2026-08-16 00:08:44.250,20.041,lower,-0.006249999999999867,-0.044999999999999485
2026-08-16 00:08:44.260,20.051,lower,-0.07312499999999944,-0.08124999999999938
2026-08-16 00:08:44.270,20.061,lower,0.06249999999999978,-0.03249999999999975
2026-08-16 00:08:44.280,20.071,lower,-0.13812500000000005,-0.07562500000000028
2026-08-16 00:08:44.290,20.081,lower,0.04062499999999969,-0.05124999999999935
2026-08-16 00:08:44.300,20.091,lower,0.020000000000000018,-0.04187500000000011
2026-08-16 00:08:44.310,20.101,lower,-0.038124999999999964,-0.0824999999999998
2026-08-16 00:08:44.320,20.111,lower,0.06750000000000034,-0.03249999999999975
2026-08-16 00:08:44.330,20.121,lower,-0.13124999999999942,-0.07687499999999958
2026-08-16 00:08:44.340,20.131,lower,0.04937500000000039,-0.04874999999999963
2026-08-16 00:08:44.350,20.141,lower,-0.005625000000000213,-0.046874999999999556
2026-08-16 00:08:44.360,20.151,lower,-0.06750000000000034,-0.07874999999999965
2026-08-16 00:08:44.370,20.161,lower,0.06249999999999978,-0.03375000000000017
2026-08-16 00:08:44.380,20.171,lower,-0.11874999999999969,-0.07000000000000006
2026-08-16 00:08:44.390,20.181,lower,0.03624999999999989,-0.04562500000000025
2026-08-16 00:08:44.400,20.191,lower,0.015625000000000222,-0.04062499999999969
2026-08-16 00:08:44.410,20.201,lower,-0.03437499999999982,-0.07499999999999951
2026-08-16 00:08:44.420,20.211,lower,0.06687500000000068,-0.03249999999999975
2026-08-16 00:08:44.430,20.221,lower,-0.13687499999999964,-0.08124999999999938
2026-08-16 00:08:44.440,20.231,lower,0.04937500000000039,-0.050000000000000044
2026-08-16 00:08:44.450,20.241,lower,-0.01687499999999953,-0.03874999999999962
2026-08-16 00:08:44.460,20.251,lower,-0.06687499999999957,-0.07937500000000042
2026-08-16 00:08:44.470,20.261,lower,0.06687500000000068,-0.03249999999999975
2026-08-16 00:08:44.480,20.271,lower,-0.14499999999999957,-0.07187500000000013
2026-08-16 00:08:44.490,20.281,lower,0.03624999999999989,-0.043124999999999414
2026-08-16 00:08:44.500,20.291,lower,0.013125000000000497,-0.04062499999999969
2026-08-16 00:08:44.510,20.301,lower,-0.034999999999999476,-0.08687499999999959
2026-08-16 00:08:44.520,20.311,lower,0.06500000000000061,-0.03249999999999975
2026-08-16 00:08:44.530,20.321,lower,-0.13624999999999998,-0.08187500000000014
2026-08-16 00:08:44.540,20.331,lower,0.030000000000000027,-0.04187500000000011
2026-08-16 00:08:44.550,20.341,lower,-0.0187499999999996,-0.04437499999999983
2026-08-16 00:08:44.560,20.351,lower,-0.054999999999999494,-0.07874999999999965
2026-08-16 00:08:44.570,20.361,lower,0.0637500000000002,-0.031249999999999334
2026-08-16 00:08:44.580,20.371,lower,-0.14062499999999978,-0.07624999999999993
2026-08-16 00:08:44.590,20.381,lower,0.04062499999999969,-0.0506249999999997
2026-08-16 00:08:44.600,20.391,lower,0.0050000000000005596,-0.050000000000000044
2026-08-16 00:08:44.610,20.401,lower,-0.026874999999999538,-0.07937500000000042
2026-08-16 00:08:44.620,20.411,lower,0.06437499999999985,-0.0318750000000001
2026-08-16 00:08:44.630,20.421,lower,-0.14062499999999978,-0.08000000000000007
2026-08-16 00:08:44.640,20.431,lower,0.030000000000000027,-0.04750000000000032
2026-08-16 00:08:44.650,20.441,lower,-0.024999999999999467,-0.04562500000000025
2026-08-16 00:08:44.660,20.451,lower,-0.053750000000000187,-0.07687499999999958
2026-08-16 00:08:44.670,20.461,lower,0.06562500000000027,-0.031249999999999334
2026-08-16 00:08:44.680,20.471,lower,-0.13937499999999936,-0.0824999999999998
2026-08-16 00:08:44.690,20.481,lower,0.04375000000000018,-0.04812499999999997
2026-08-16 00:08:44.700,20.491,lower,-0.003750000000000142,-0.03874999999999962
2026-08-16 00:08:44.710,20.501,lower,-0.07750000000000035,-0.07437499999999986
2026-08-16 00:08:44.720,20.511,lower,0.06562500000000027,-0.03624999999999989
2026-08-16 00:08:44.730,20.521,lower,-0.14124999999999943,-0.07750000000000035
2026-08-16 00:08:44.740,20.531,lower,0.03249999999999975,-0.043124999999999414
2026-08-16 00:08:44.750,20.541,lower,-0.030000000000000027,-0.04249999999999976
2026-08-16 00:08:44.760,20.551,lower,-0.044999999999999485,-0.07249999999999979
2026-08-16 00:08:44.770,20.561,lower,0.06562500000000027,-0.033124999999999405
2026-08-16 00:08:44.780,20.571,lower,-0.13562500000000033,-0.08000000000000007
2026-08-16 00:08:44.790,20.581,lower,0.04437499999999983,-0.04187500000000011
2026-08-16 00:08:44.800,20.591,lower,-0.004374999999999796,-0.04562500000000025
2026-08-16 00:08:44.810,20.601,lower,-0.07187500000000013,-0.078125
2026-08-16 00:08:44.820,20.611,lower,0.06437499999999985,-0.031249999999999334
2026-08-16 00:08:44.830,20.621,lower,-0.1418750000000002,-0.07687499999999958
2026-08-16 00:08:44.840,20.631,lower,0.03624999999999989,-0.04812499999999997
2026-08-16 00:08:44.850,20.641,lower,-0.03624999999999989,-0.04812499999999997
2026-08-16 00:08:44.860,20.651,lower,-0.03937500000000038,-0.07624999999999993
2026-08-16 00:08:44.870,20.661,lower,0.06750000000000034,-0.029375000000000373
2026-08-16 00:08:44.880,20.671,lower,-0.13812500000000005,-0.07624999999999993
2026-08-16 00:08:44.890,20.681,lower,0.04750000000000032,-0.04750000000000032
2026-08-16 00:08:44.900,20.691,lower,-0.010624999999999662,-0.04812499999999997
2026-08-16 00:08:44.910,20.701,lower,-0.06624999999999992,-0.07624999999999993
2026-08-16 00:08:44.920,20.711,lower,0.07000000000000006,-0.02874999999999961
2026-08-16 00:08:44.930,20.721,lower,-0.14000000000000012,-0.078125
2026-08-16 00:08:44.940,20.731,lower,0.038124999999999964,-0.046874999999999556
2026-08-16 00:08:44.950,20.741,lower,0.013125000000000497,-0.03937500000000038
2026-08-16 00:08:44.960,20.751,lower,-0.03562500000000024,-0.07937500000000042
2026-08-16 00:08:44.970,20.761,lower,0.06249999999999978,-0.0318750000000001
2026-08-16 00:08:44.980,20.771,lower,-0.13562500000000033,-0.08624999999999994
2026-08-16 00:08:44.990,20.781,lower,0.04750000000000032,-0.0462499999999999
2026-08-16 00:08:45.000,20.791,lower,-0.017500000000000293,-0.04124999999999934
2026-08-16 00:08:45.010,20.801,lower,-0.05750000000000033,-0.07249999999999979
2026-08-16 00:08:45.020,20.811,lower,0.06249999999999978,-0.03062499999999968
2026-08-16 00:08:45.030,20.821,lower,-0.1418750000000002,-0.08000000000000007
2026-08-16 00:08:45.040,20.831,lower,0.04375000000000018,-0.04124999999999934
2026-08-16 00:08:45.050,20.841,lower,0.009375000000000355,-0.04375000000000018
2026-08-16 00:08:45.060,20.851,lower,-0.030000000000000027,-0.08187500000000014
2026-08-16 00:08:45.070,20.861,lower,0.07125000000000048,-0.030000000000000027
2026-08-16 00:08:45.080,20.871,lower,-0.13624999999999998,-0.08062499999999972
2026-08-16 00:08:45.090,20.881,lower,0.050000000000000044,-0.04375000000000018
2026-08-16 00:08:45.100,20.891,lower,-0.021249999999999325,-0.04437499999999983
2026-08-16 00:08:45.110,20.901,lower,-0.051875000000000115,-0.07562500000000028
2026-08-16 00:08:45.120,20.911,lower,0.06687500000000068,-0.034999999999999476
2026-08-16 00:08:45.130,20.921,lower,-0.1375000000000004,-0.07937500000000042
2026-08-16 00:08:45.140,20.931,lower,0.046875000000000666,-0.04937500000000039
2026-08-16 00:08:45.150,20.941,lower,0.004374999999999796,-0.04812499999999997
2026-08-16 00:08:45.160,20.951,lower,-0.024999999999999467,-0.07499999999999951
2026-08-16 00:08:45.170,20.961,lower,0.06874999999999964,-0.03375000000000017
2026-08-16 00:08:45.180,20.971,lower,-0.13937499999999936,-0.08187500000000014
2026-08-16 00:08:45.190,20.981,lower,0.03624999999999989,-0.050000000000000044
2026-08-16 00:08:45.200,20.991,lower,-0.02562500000000023,-0.051875000000000115
2026-08-16 00:08:45.210,21.001,lower,-0.0506249999999997,-0.07874999999999965
2026-08-16 00:08:45.220,21.011,lower,0.07125000000000048,-0.03437499999999982
2026-08-16 00:08:45.230,21.021,lower,-0.13937499999999936,-0.08499999999999952
2026-08-16 00:08:45.240,21.031,lower,0.0462499999999999,-0.0462499999999999
2026-08-16 00:08:45.250,21.041,lower,-0.0006249999999996536,-0.04750000000000032
2026-08-16 00:08:45.260,21.051,lower,-0.019375000000000364,-0.07562500000000028
2026-08-16 00:08:45.270,21.061,lower,0.06500000000000061,-0.03249999999999975
2026-08-16 00:08:45.280,21.071,lower,-0.13562500000000033,-0.07750000000000035
2026-08-16 00:08:45.290,21.081,lower,0.03937500000000038,-0.04562500000000025
2026-08-16 00:08:45.300,21.091,lower,-0.03062499999999968,-0.04562500000000025
2026-08-16 00:08:45.310,21.101,lower,-0.04062499999999969,-0.0737500000000002
2026-08-16 00:08:45.320,21.111,lower,0.07312500000000055,-0.034999999999999476
2026-08-16 00:08:45.330,21.121,lower,-0.1375000000000004,-0.07874999999999965
2026-08-16 00:08:45.340,21.131,lower,0.04812499999999997,-0.04249999999999976
2026-08-16 00:08:45.350,21.141,lower,-0.001875000000000071,-0.04375000000000018
2026-08-16 00:08:45.360,21.151,lower,-0.06874999999999964,-0.08375000000000021
2026-08-16 00:08:45.370,21.161,lower,0.07062499999999972,-0.03249999999999975
2026-08-16 00:08:45.380,21.171,lower,-0.13812500000000005,-0.07750000000000035
2026-08-16 00:08:45.390,21.181,lower,0.043125000000000524,-0.0506249999999997
2026-08-16 00:08:45.400,21.191,lower,-0.03375000000000017,-0.050000000000000044
2026-08-16 00:08:45.410,21.201,lower,-0.034999999999999476,-0.08000000000000007
2026-08-16 00:08:45.420,21.211,lower,0.06750000000000034,-0.03062499999999968
2026-08-16 00:08:45.430,21.221,lower,-0.13562500000000033,-0.08062499999999972
2026-08-16 00:08:45.440,21.231,lower,0.05249999999999977,-0.04812499999999997
2026-08-16 00:08:45.450,21.241,lower,-0.013124999999999387,-0.050000000000000044
2026-08-16 00:08:45.460,21.251,lower,-0.06312499999999943,-0.07624999999999993
2026-08-16 00:08:45.470,21.261,lower,0.06937500000000041,-0.03437499999999982
2026-08-16 00:08:45.480,21.271,lower,-0.14375000000000027,-0.08562500000000028
2026-08-16 00:08:45.490,21.281,lower,0.04249999999999976,-0.04750000000000032
2026-08-16 00:08:45.500,21.291,lower,-0.04249999999999976,-0.04437499999999983
2026-08-16 00:08:45.510,21.301,lower,-0.03062499999999968,-0.0737500000000002
2026-08-16 00:08:45.520,21.311,lower,0.07000000000000006,-0.0318750000000001
2026-08-16 00:08:45.530,21.321,lower,-0.13687499999999964,-0.08187500000000014
2026-08-16 00:08:45.540,21.331,lower,0.05249999999999977,-0.04124999999999934
2026-08-16 00:08:45.550,21.341,lower,-0.014374999999999805,-0.04750000000000032
2026-08-16 00:08:45.560,21.351,lower,-0.05562500000000026,-0.06937500000000041
2026-08-16 00:08:45.570,21.361,lower,0.06874999999999964,-0.030000000000000027
2026-08-16 00:08:45.580,21.371,lower,-0.1387499999999997,-0.07624999999999993
2026-08-16 00:08:45.590,21.381,lower,0.04562500000000025,-0.04187500000000011
2026-08-16 00:08:45.600,21.391,lower,0.0050000000000005596,-0.04874999999999963
2026-08-16 00:08:45.610,21.401,lower,-0.024999999999999467,-0.07937500000000042
2026-08-16 00:08:45.620,21.411,lower,0.07187500000000013,-0.030000000000000027
2026-08-16 00:08:45.630,21.421,lower,-0.13812500000000005,-0.08187500000000014
2026-08-16 00:08:45.640,21.431,lower,0.055000000000000604,-0.04062499999999969
2026-08-16 00:08:45.650,21.441,lower,-0.020000000000000018,-0.0462499999999999
2026-08-16 00:08:45.660,21.451,lower,-0.04937500000000039,-0.07624999999999993
2026-08-16 00:08:45.670,21.461,lower,0.06500000000000061,-0.033124999999999405
2026-08-16 00:08:45.680,21.471,lower,-0.13624999999999998,-0.078125
2026-08-16 00:08:45.690,21.481,lower,0.04874999999999963,-0.0462499999999999
2026-08-16 00:08:45.700,21.491,lower,0.0012500000000004174,-0.04812499999999997
2026-08-16 00:08:45.710,21.501,lower,-0.016249999999999876,-0.07687499999999958
2026-08-16 00:08:45.720,21.511,lower,0.06874999999999964,-0.03562500000000024
2026-08-16 00:08:45.730,21.521,lower,-0.13812500000000005,-0.08562500000000028
2026-08-16 00:08:45.740,21.531,lower,0.055000000000000604,-0.04812499999999997
2026-08-16 00:08:45.750,21.541,lower,-0.027500000000000302,-0.051875000000000115
2026-08-16 00:08:45.760,21.551,lower,-0.044999999999999485,-0.07624999999999993
2026-08-16 00:08:45.770,21.561,lower,0.06937500000000041,-0.03624999999999989
2026-08-16 00:08:45.780,21.571,lower,-0.14000000000000012,-0.08750000000000036
2026-08-16 00:08:45.790,21.581,lower,0.046875000000000666,-0.04562500000000025
2026-08-16 00:08:45.800,21.591,lower,0.0,-0.044999999999999485
2026-08-16 00:08:45.810,21.601,lower,-0.013124999999999387,-0.07062499999999972
2026-08-16 00:08:45.820,21.611,lower,0.06687500000000068,-0.03562500000000024
2026-08-16 00:08:45.830,21.621,lower,-0.1343749999999999,-0.07874999999999965
2026-08-16 00:08:45.840,21.631,lower,0.035000000000000586,-0.04124999999999934
2026-08-16 00:08:45.850,21.641,lower,-0.0318750000000001,-0.04750000000000032
2026-08-16 00:08:45.860,21.651,lower,-0.03687499999999955,-0.0824999999999998
2026-08-16 00:08:45.870,21.661,lower,0.06937500000000041,-0.03062499999999968
2026-08-16 00:08:45.880,21.671,lower,-0.13812500000000005,-0.08062499999999972
2026-08-16 00:08:45.890,21.681,lower,0.05249999999999977,-0.038124999999999964
2026-08-16 00:08:45.900,21.691,lower,-0.008124999999999938,-0.044999999999999485
2026-08-16 00:08:45.910,21.701,lower,-0.010000000000000009,-0.07874999999999965
2026-08-16 00:08:45.920,21.711,lower,0.07062499999999972,-0.03062499999999968
2026-08-16 00:08:45.930,21.721,lower,-0.1375000000000004,-0.08687499999999959
2026-08-16 00:08:45.940,21.731,lower,0.03750000000000031,-0.0462499999999999
2026-08-16 00:08:45.950,21.741,lower,-0.03562500000000024,-0.04937500000000039
2026-08-16 00:08:45.960,21.751,lower,-0.03562500000000024,-0.078125
2026-08-16 00:08:45.970,21.761,lower,0.06750000000000034,-0.03437499999999982
2026-08-16 00:08:45.980,21.771,lower,-0.13624999999999998,-0.0824999999999998
2026-08-16 00:08:45.990,21.781,lower,0.04937500000000039,-0.04937500000000039
2026-08-16 00:08:46.000,21.791,lower,-0.015625000000000222,-0.054999999999999494
2026-08-16 00:08:46.010,21.801,lower,-0.06124999999999936,-0.07249999999999979
2026-08-16 00:08:46.020,21.811,lower,0.06562500000000027,-0.03562500000000024
2026-08-16 00:08:46.030,21.821,lower,-0.14000000000000012,-0.08437499999999987
2026-08-16 00:08:46.040,21.831,lower,0.046875000000000666,-0.04375000000000018
2026-08-16 00:08:46.050,21.841,lower,-0.044999999999999485,-0.043124999999999414
2026-08-16 00:08:46.060,21.851,lower,-0.027500000000000302,-0.07000000000000006
2026-08-16 00:08:46.070,21.861,lower,0.07312500000000055,-0.031249999999999334
2026-08-16 00:08:46.080,21.871,lower,-0.1343749999999999,-0.07624999999999993
2026-08-16 00:08:46.090,21.881,lower,0.05312500000000053,-0.04124999999999934
2026-08-16 00:08:46.100,21.891,lower,-0.019375000000000364,-0.0462499999999999
2026-08-16 00:08:46.110,21.901,lower,-0.058749999999999636,-0.06687499999999957
2026-08-16 00:08:46.120,21.911,lower,0.07000000000000006,-0.031249999999999334
2026-08-16 00:08:46.130,21.921,lower,-0.1387499999999997,-0.08000000000000007
2026-08-16 00:08:46.140,21.931,lower,0.04437499999999983,-0.043124999999999414
2026-08-16 00:08:46.150,21.941,lower,-0.050000000000000044,-0.04562500000000025
2026-08-16 00:08:46.160,21.951,lower,-0.023124999999999396,-0.07624999999999993
2026-08-16 00:08:46.170,21.961,lower,0.06562500000000027,-0.0318750000000001
2026-08-16 00:08:46.180,21.971,lower,-0.14375000000000027,-0.08062499999999972
2026-08-16 00:08:46.190,21.981,lower,0.05249999999999977,-0.0506249999999997
2026-08-16 00:08:46.200,21.991,lower,-0.026249999999999885,-0.04937500000000039
2026-08-16 00:08:46.210,22.001,lower,-0.05124999999999935,-0.07687499999999958
2026-08-16 00:08:46.220,22.011,lower,0.06562500000000027,-0.0318750000000001
2026-08-16 00:08:46.230,22.021,lower,-0.14562500000000034,-0.08187500000000014
2026-08-16 00:08:46.240,22.031,lower,0.04062499999999969,-0.04937500000000039
2026-08-16 00:08:46.250,22.041,lower,-0.0024999999999997247,-0.05312499999999942
2026-08-16 00:08:46.260,22.051,lower,-0.027500000000000302,-0.07624999999999993
2026-08-16 00:08:46.270,22.061,lower,0.061875000000000124,-0.033124999999999405
2026-08-16 00:08:46.280,22.071,lower,-0.1387499999999997,-0.08624999999999994
2026-08-16 00:08:46.290,22.081,lower,0.05249999999999977,-0.04187500000000011
2026-08-16 00:08:46.300,22.091,lower,-0.03062499999999968,-0.04249999999999976
2026-08-16 00:08:46.310,22.101,lower,-0.04937500000000039,-0.07187500000000013
2026-08-16 00:08:46.320,22.111,lower,0.06687500000000068,-0.030000000000000027
2026-08-16 00:08:46.330,22.121,lower,-0.14124999999999943,-0.0824999999999998
2026-08-16 00:08:46.340,22.131,lower,0.0462499999999999,-0.04249999999999976
2026-08-16 00:08:46.350,22.141,lower,-0.008749999999999591,-0.04375000000000018
2026-08-16 00:08:46.360,22.151,lower,-0.019375000000000364,-0.06624999999999992
2026-08-16 00:08:46.370,22.161,lower,0.06500000000000061,-0.028124999999999956
2026-08-16 00:08:46.380,22.171,lower,-0.14499999999999957,-0.07874999999999965
2026-08-16 00:08:46.390,22.181,lower,0.051875000000000115,-0.038124999999999964
2026-08-16 00:08:46.400,22.191,lower,-0.03750000000000031,-0.0462499999999999
2026-08-16 00:08:46.410,22.201,lower,-0.04062499999999969,-0.08124999999999938
2026-08-16 00:08:46.420,22.211,lower,0.06437499999999985,-0.03249999999999975
2026-08-16 00:08:46.430,22.221,lower,-0.14124999999999943,-0.08062499999999972
2026-08-16 00:08:46.440,22.231,lower,0.04750000000000032,-0.03624999999999989
2026-08-16 00:08:46.450,22.241,lower,-0.016249999999999876,-0.04874999999999963
2026-08-16 00:08:46.460,22.251,lower,-0.014374999999999805,-0.07437499999999986
2026-08-16 00:08:46.470,22.261,lower,0.06249999999999978,-0.031249999999999334
2026-08-16 00:08:46.480,22.271,lower,-0.14812500000000006,-0.08375000000000021
2026-08-16 00:08:46.490,22.281,lower,0.031250000000000444,-0.04437499999999983
2026-08-16 00:08:46.500,22.291,lower,-0.0506249999999997,-0.05249999999999977
2026-08-16 00:08:46.510,22.301,lower,-0.04062499999999969,-0.07499999999999951
2026-08-16 00:08:46.520,22.311,lower,0.06624999999999992,-0.033124999999999405
2026-08-16 00:08:46.530,22.321,lower,-0.14499999999999957,-0.08437499999999987
2026-08-16 00:08:46.540,22.331,lower,0.0462499999999999,-0.04437499999999983
2026-08-16 00:08:46.550,22.341,lower,-0.016249999999999876,-0.051875000000000115
2026-08-16 00:08:46.560,22.351,lower,-0.014374999999999805,-0.06812499999999999
2026-08-16 00:08:46.570,22.361,lower,0.0637500000000002,-0.031249999999999334
2026-08-16 00:08:46.580,22.371,lower,-0.14249999999999985,-0.07750000000000035
2026-08-16 00:08:46.590,22.381,lower,0.03687500000000066,-0.04437499999999983
2026-08-16 00:08:46.600,22.391,lower,-0.050000000000000044,-0.04750000000000032
2026-08-16 00:08:46.610,22.401,lower,-0.027500000000000302,-0.06624999999999992
2026-08-16 00:08:46.620,22.411,lower,0.06312500000000054,-0.03437499999999982
2026-08-16 00:08:46.630,22.421,lower,-0.14000000000000012,-0.07624999999999993
2026-08-16 00:08:46.640,22.431,lower,0.04937500000000039,-0.038124999999999964
2026-08-16 00:08:46.650,22.441,lower,-0.031249999999999334,-0.04562500000000025
2026-08-16 00:08:46.660,22.451,lower,-0.06312499999999943,-0.06624999999999992
2026-08-16 00:08:46.670,22.461,lower,0.06624999999999992,-0.027500000000000302
2026-08-16 00:08:46.680,22.471,lower,-0.14812500000000006,-0.07687499999999958
2026-08-16 00:08:46.690,22.481,lower,0.03750000000000031,-0.040000000000000036
2026-08-16 00:08:46.700,22.491,lower,-0.058749999999999636,-0.04562500000000025
2026-08-16 00:08:46.710,22.501,lower,-0.0318750000000001,-0.07437499999999986
2026-08-16 00:08:46.720,22.511,lower,0.0593750000000004,-0.029375000000000373
2026-08-16 00:08:46.730,22.521,lower,-0.14062499999999978,-0.08312499999999945
2026-08-16 00:08:46.740,22.531,lower,0.04562500000000025,-0.04937500000000039
2026-08-16 00:08:46.750,22.541,lower,-0.0318750000000001,-0.050000000000000044
2026-08-16 00:08:46.760,22.551,lower,-0.05437499999999984,-0.07499999999999951
2026-08-16 00:08:46.770,22.561,lower,0.058749999999999636,-0.03624999999999989
2026-08-16 00:08:46.780,22.571,lower,-0.14812500000000006,-0.08124999999999938
2026-08-16 00:08:46.790,22.581,lower,0.03937500000000038,-0.04375000000000018
2026-08-16 00:08:46.800,22.591,lower,-0.06562500000000027,-0.0506249999999997
2026-08-16 00:08:46.810,22.601,lower,-0.024374999999999813,-0.07000000000000006
2026-08-16 00:08:46.820,22.611,lower,0.0637500000000002,-0.03437499999999982
2026-08-16 00:08:46.830,22.621,lower,-0.14874999999999972,-0.08000000000000007
2026-08-16 00:08:46.840,22.631,lower,0.04812499999999997,-0.03937500000000038
2026-08-16 00:08:46.850,22.641,lower,-0.03562500000000024,-0.04562500000000025
2026-08-16 00:08:46.860,22.651,lower,-0.04812499999999997,-0.06750000000000034
2026-08-16 00:08:46.870,22.661,lower,0.0593750000000004,-0.02874999999999961
2026-08-16 00:08:46.880,22.671,lower,-0.14499999999999957,-0.08437499999999987
2026-08-16 00:08:46.890,22.681,lower,0.04062499999999969,-0.04062499999999969
2026-08-16 00:08:46.900,22.691,lower,-0.016249999999999876,-0.04375000000000018
2026-08-16 00:08:46.910,22.701,lower,-0.02062499999999967,-0.06437499999999985
2026-08-16 00:08:46.920,22.711,lower,0.06312500000000054,-0.030000000000000027
2026-08-16 00:08:46.930,22.721,lower,-0.14437499999999992,-0.08499999999999952
2026-08-16 00:08:46.940,22.731,lower,0.04874999999999963,-0.03937500000000038
2026-08-16 00:08:46.950,22.741,lower,-0.0462499999999999,-0.04562500000000025
2026-08-16 00:08:46.960,22.751,lower,-0.04187500000000011,-0.07437499999999986
2026-08-16 00:08:46.970,22.761,lower,0.0593750000000004,-0.03249999999999975
2026-08-16 00:08:46.980,22.771,lower,-0.1475000000000004,-0.08000000000000007
2026-08-16 00:08:46.990,22.781,lower,0.04562500000000025,-0.03624999999999989
2026-08-16 00:08:47.000,22.791,lower,-0.02187500000000009,-0.051875000000000115
2026-08-16 00:08:47.010,22.801,lower,-0.0187499999999996,-0.07249999999999979
2026-08-16 00:08:47.020,22.811,lower,0.06437499999999985,-0.0318750000000001
2026-08-16 00:08:47.030,22.821,lower,-0.14437499999999992,-0.08062499999999972
2026-08-16 00:08:47.040,22.831,lower,0.0506249999999997,-0.040000000000000036
2026-08-16 00:08:47.050,22.841,lower,-0.04812499999999997,-0.04937500000000039
2026-08-16 00:08:47.060,22.851,lower,-0.03249999999999975,-0.07312499999999944
2026-08-16 00:08:47.070,22.861,lower,0.061875000000000124,-0.028124999999999956
2026-08-16 00:08:47.080,22.871,lower,-0.14124999999999943,-0.0824999999999998
2026-08-16 00:08:47.090,22.881,lower,0.0462499999999999,-0.04187500000000011
2026-08-16 00:08:47.100,22.891,lower,-0.026249999999999885,-0.0506249999999997
2026-08-16 00:08:47.110,22.901,lower,-0.008749999999999591,-0.06562500000000027
2026-08-16 00:08:47.120,22.911,lower,0.06624999999999992,-0.029375000000000373
2026-08-16 00:08:47.130,22.921,lower,-0.14687499999999964,-0.08124999999999938
2026-08-16 00:08:47.140,22.931,lower,0.05812499999999998,-0.04124999999999934
2026-08-16 00:08:47.150,22.941,lower,-0.053750000000000187,-0.04124999999999934
2026-08-16 00:08:47.160,22.951,lower,-0.033124999999999405,-0.0637500000000002
2026-08-16 00:08:47.170,22.961,lower,0.06624999999999992,-0.02562500000000023
2026-08-16 00:08:47.180,22.971,lower,-0.1387499999999997,-0.08000000000000007
2026-08-16 00:08:47.190,22.981,lower,0.04874999999999963,-0.03687499999999955
2026-08-16 00:08:47.200,22.991,lower,-0.029375000000000373,-0.04562500000000025
2026-08-16 00:08:47.210,23.001,lower,-0.008124999999999938,-0.061875000000000124
2026-08-16 00:08:47.220,23.011,lower,0.06062499999999971,-0.030000000000000027
2026-08-16 00:08:47.230,23.021,lower,-0.14437499999999992,-0.08000000000000007
2026-08-16 00:08:47.240,23.031,lower,0.04125000000000045,-0.03624999999999989
2026-08-16 00:08:47.250,23.041,lower,-0.06124999999999936,-0.04812499999999997
2026-08-16 00:08:47.260,23.051,lower,-0.02562500000000023,-0.07437499999999986
2026-08-16 00:08:47.270,23.061,lower,0.06437499999999985,-0.028124999999999956
2026-08-16 00:08:47.280,23.071,lower,-0.1331249999999995,-0.08124999999999938
2026-08-16 00:08:47.290,23.081,lower,0.05249999999999977,-0.04437499999999983
2026-08-16 00:08:47.300,23.091,lower,-0.0318750000000001,-0.051875000000000115
2026-08-16 00:08:47.310,23.101,lower,-0.05124999999999935,-0.07187500000000013
2026-08-16 00:08:47.320,23.111,lower,0.06437499999999985,-0.026874999999999538
2026-08-16 00:08:47.330,23.121,lower,-0.1431249999999995,-0.08187500000000014
2026-08-16 00:08:47.340,23.131,lower,0.045000000000000595,-0.04062499999999969
2026-08-16 00:08:47.350,23.141,lower,-0.06437499999999985,-0.05124999999999935
2026-08-16 00:08:47.360,23.151,lower,-0.02187500000000009,-0.06750000000000034
2026-08-16 00:08:47.370,23.161,lower,0.06624999999999992,-0.026874999999999538
2026-08-16 00:08:47.380,23.171,lower,-0.13375000000000026,-0.08000000000000007
2026-08-16 00:08:47.390,23.181,lower,0.05562500000000026,-0.038124999999999964
2026-08-16 00:08:47.400,23.191,lower,-0.03562500000000024,-0.0462499999999999
2026-08-16 00:08:47.410,23.201,lower,-0.043124999999999414,-0.06437499999999985
2026-08-16 00:08:47.420,23.211,lower,0.06437499999999985,-0.026874999999999538
2026-08-16 00:08:47.430,23.221,lower,-0.1418750000000002,-0.07624999999999993
2026-08-16 00:08:47.440,23.231,lower,0.04874999999999963,-0.03624999999999989
2026-08-16 00:08:47.450,23.241,lower,-0.07062499999999972,-0.04750000000000032
2026-08-16 00:08:47.460,23.251,lower,-0.015625000000000222,-0.06124999999999936
2026-08-16 00:08:47.470,23.261,lower,0.06937500000000041,-0.02874999999999961
2026-08-16 00:08:47.480,23.271,lower,-0.14687499999999964,-0.08375000000000021
2026-08-16 00:08:47.490,23.281,lower,0.055000000000000604,-0.04124999999999934
2026-08-16 00:08:47.500,23.291,lower,-0.04249999999999976,-0.046874999999999556
2026-08-16 00:08:47.510,23.301,lower,-0.03937500000000038,-0.07187500000000013
2026-08-16 00:08:47.520,23.311,lower,0.06062499999999971,-0.030000000000000027
2026-08-16 00:08:47.530,23.321,lower,-0.14000000000000012,-0.07937500000000042
2026-08-16 00:08:47.540,23.331,lower,0.05125000000000046,-0.04249999999999976
2026-08-16 00:08:47.550,23.341,lower,-0.021249999999999325,-0.053750000000000187
2026-08-16 00:08:47.560,23.351,lower,-0.009375000000000355,-0.07249999999999979
2026-08-16 00:08:47.570,23.361,lower,0.06687500000000068,-0.030000000000000027
2026-08-16 00:08:47.580,23.371,lower,-0.1418750000000002,-0.07687499999999958
2026-08-16 00:08:47.590,23.381,lower,0.06125000000000047,-0.04124999999999934
2026-08-16 00:08:47.600,23.391,lower,-0.04812499999999997,-0.05312499999999942
2026-08-16 00:08:47.610,23.401,lower,-0.030000000000000027,-0.06437499999999985
2026-08-16 00:08:47.620,23.411,lower,0.06687500000000068,-0.027500000000000302
2026-08-16 00:08:47.630,23.421,lower,-0.1375000000000004,-0.08187500000000014
2026-08-16 00:08:47.640,23.431,lower,0.0506249999999997,-0.038124999999999964
2026-08-16 00:08:47.650,23.441,lower,-0.023124999999999396,-0.044999999999999485
2026-08-16 00:08:47.660,23.451,lower,-0.004999999999999449,-0.06437499999999985
2026-08-16 00:08:47.670,23.461,lower,0.06562500000000027,-0.027500000000000302
2026-08-16 00:08:47.680,23.471,lower,-0.1431249999999995,-0.078125
2026-08-16 00:08:47.690,23.481,lower,0.058749999999999636,-0.034999999999999476
2026-08-16 00:08:47.700,23.491,lower,-0.054999999999999494,-0.04562500000000025
2026-08-16 00:08:47.710,23.501,lower,-0.02187500000000009,-0.06124999999999936
2026-08-16 00:08:47.720,23.511,lower,0.06624999999999992,-0.0318750000000001
2026-08-16 00:08:47.730,23.521,lower,-0.1331249999999995,-0.08000000000000007
2026-08-16 00:08:47.740,23.531,lower,0.05312500000000053,-0.03874999999999962
2026-08-16 00:08:47.750,23.541,lower,-0.030000000000000027,-0.04750000000000032
2026-08-16 00:08:47.760,23.551,lower,0.0006249999999996536,-0.07312499999999944
2026-08-16 00:08:47.770,23.561,lower,0.06750000000000034,-0.030000000000000027
2026-08-16 00:08:47.780,23.571,lower,-0.14437499999999992,-0.07937500000000042
2026-08-16 00:08:47.790,23.581,lower,0.0637500000000002,-0.03375000000000017
2026-08-16 00:08:47.800,23.591,lower,-0.0593750000000004,-0.04750000000000032
2026-08-16 00:08:47.810,23.601,lower,-0.02187500000000009,-0.07000000000000006
2026-08-16 00:08:47.820,23.611,lower,0.07000000000000006,-0.026874999999999538
2026-08-16 00:08:47.830,23.621,lower,-0.1343749999999999,-0.07937500000000042
2026-08-16 00:08:47.840,23.631,lower,0.05249999999999977,-0.04249999999999976
2026-08-16 00:08:47.850,23.641,lower,-0.03062499999999968,-0.051875000000000115
2026-08-16 00:08:47.860,23.651,lower,-0.0012500000000004174,-0.07249999999999979
2026-08-16 00:08:47.870,23.661,lower,0.06562500000000027,-0.027500000000000302
2026-08-16 00:08:47.880,23.671,lower,-0.13937499999999936,-0.08375000000000021
2026-08-16 00:08:47.890,23.681,lower,0.04750000000000032,-0.03687499999999955
2026-08-16 00:08:47.900,23.691,lower,-0.06750000000000034,-0.054999999999999494
2026-08-16 00:08:47.910,23.701,lower,-0.013750000000000151,-0.06312499999999943
2026-08-16 00:08:47.920,23.711,lower,0.06562500000000027,-0.027500000000000302
2026-08-16 00:08:47.930,23.721,lower,-0.13249999999999984,-0.08000000000000007
2026-08-16 00:08:47.940,23.731,lower,0.056875000000000675,-0.03624999999999989
2026-08-16 00:08:47.950,23.741,lower,-0.040000000000000036,-0.04812499999999997
2026-08-16 00:08:47.960,23.751,lower,-0.04375000000000018,-0.061875000000000124
2026-08-16 00:08:47.970,23.761,lower,0.06624999999999992,-0.03062499999999968
2026-08-16 00:08:47.980,23.771,lower,-0.14375000000000027,-0.08000000000000007
2026-08-16 00:08:47.990,23.781,lower,0.04750000000000032,-0.03562500000000024
2026-08-16 00:08:48.000,23.791,lower,-0.07249999999999979,-0.050000000000000044
2026-08-16 00:08:48.010,23.801,lower,-0.010624999999999662,-0.06124999999999936
2026-08-16 00:08:48.020,23.811,lower,0.06562500000000027,-0.030000000000000027
2026-08-16 00:08:48.030,23.821,lower,-0.13000000000000012,-0.08624999999999994
2026-08-16 00:08:48.040,23.831,lower,0.058749999999999636,-0.034999999999999476
2026-08-16 00:08:48.050,23.841,lower,-0.04249999999999976,-0.05312499999999942
2026-08-16 00:08:48.060,23.851,lower,-0.030000000000000027,-0.07000000000000006
2026-08-16 00:08:48.070,23.861,lower,0.06562500000000027,-0.026249999999999885
2026-08-16 00:08:48.080,23.871,lower,-0.13687499999999964,-0.078125
2026-08-16 00:08:48.090,23.881,lower,0.05312500000000053,-0.040000000000000036
2026-08-16 00:08:48.100,23.891,lower,-0.07874999999999965,-0.0506249999999997
2026-08-16 00:08:48.110,23.901,lower,-0.008749999999999591,-0.06812499999999999
2026-08-16 00:08:48.120,23.911,lower,0.07000000000000006,-0.03062499999999968
2026-08-16 00:08:48.130,23.921,lower,-0.14562500000000034,-0.078125
2026-08-16 00:08:48.140,23.931,lower,0.058749999999999636,-0.04124999999999934
2026-08-16 00:08:48.150,23.941,lower,-0.04937500000000039,-0.051875000000000115
2026-08-16 00:08:48.160,23.951,lower,-0.030000000000000027,-0.06437499999999985
2026-08-16 00:08:48.170,23.961,lower,0.06437499999999985,-0.026874999999999538
2026-08-16 00:08:48.180,23.971,lower,-0.1418750000000002,-0.08187500000000014
2026-08-16 00:08:48.190,23.981,lower,0.051875000000000115,-0.03937500000000038
2026-08-16 00:08:48.200,23.991,lower,-0.028124999999999956,-0.04750000000000032
2026-08-16 00:08:48.210,24.001,lower,-0.005625000000000213,-0.06562500000000027
2026-08-16 00:08:48.220,24.011,lower,0.06249999999999978,-0.029375000000000373
2026-08-16 00:08:48.230,24.021,lower,-0.14937499999999937,-0.08312499999999945
2026-08-16 00:08:48.240,24.031,lower,0.06062499999999971,-0.03687499999999955
2026-08-16 00:08:48.250,24.041,lower,-0.06062499999999971,-0.04750000000000032
2026-08-16 00:08:48.260,24.051,lower,-0.026874999999999538,-0.06000000000000005
2026-08-16 00:08:48.270,24.061,lower,0.06000000000000005,-0.030000000000000027
2026-08-16 00:08:48.280,24.071,lower,-0.13687499999999964,-0.08187500000000014
2026-08-16 00:08:48.290,24.081,lower,0.05125000000000046,-0.03375000000000017
2026-08-16 00:08:48.300,24.091,lower,-0.03375000000000017,-0.04750000000000032
2026-08-16 00:08:48.310,24.101,lower,-0.004374999999999796,-0.07124999999999937
2026-08-16 00:08:48.320,24.111,lower,0.06312500000000054,-0.029375000000000373
2026-08-16 00:08:48.330,24.121,lower,-0.1431249999999995,-0.08499999999999952
2026-08-16 00:08:48.340,24.131,lower,0.05812499999999998,-0.033124999999999405
2026-08-16 00:08:48.350,24.141,lower,-0.06437499999999985,-0.054999999999999494
2026-08-16 00:08:48.360,24.151,lower,-0.016249999999999876,-0.06750000000000034
2026-08-16 00:08:48.370,24.161,lower,0.061875000000000124,-0.028124999999999956
2026-08-16 00:08:48.380,24.171,lower,-0.1331249999999995,-0.07874999999999965
2026-08-16 00:08:48.390,24.181,lower,0.05624999999999991,-0.03937500000000038
2026-08-16 00:08:48.400,24.191,lower,-0.04124999999999934,-0.05124999999999935
2026-08-16 00:08:48.410,24.201,lower,0.001875000000000071,-0.0649999999999995
2026-08-16 00:08:48.420,24.211,lower,0.06249999999999978,-0.031249999999999334
2026-08-16 00:08:48.430,24.221,lower,-0.1475000000000004,-0.08062499999999972
2026-08-16 00:08:48.440,24.231,lower,0.06125000000000047,-0.038124999999999964
2026-08-16 00:08:48.450,24.241,lower,-0.07249999999999979,-0.05312499999999942
2026-08-16 00:08:48.460,24.251,lower,-0.017500000000000293,-0.06312499999999943
2026-08-16 00:08:48.470,24.261,lower,0.06249999999999978,-0.03375000000000017
2026-08-16 00:08:48.480,24.271,lower,-0.13687499999999964,-0.08187500000000014
2026-08-16 00:08:48.490,24.281,lower,0.04812499999999997,-0.03937500000000038
2026-08-16 00:08:48.500,24.291,lower,-0.04562500000000025,-0.04937500000000039
2026-08-16 00:08:48.510,24.301,lower,-0.0024999999999997247,-0.06249999999999978
2026-08-16 00:08:48.520,24.311,lower,0.058749999999999636,-0.03062499999999968
2026-08-16 00:08:48.530,24.321,lower,-0.14249999999999985,-0.08437499999999987
2026-08-16 00:08:48.540,24.331,lower,0.045000000000000595,-0.03687499999999955
2026-08-16 00:08:48.550,24.341,lower,-0.07624999999999993,-0.04937500000000039
2026-08-16 00:08:48.560,24.351,lower,-0.018124999999999947,-0.06000000000000005
2026-08-16 00:08:48.570,24.361,lower,0.0637500000000002,-0.026874999999999538
2026-08-16 00:08:48.580,24.371,lower,-0.13624999999999998,-0.078125
2026-08-16 00:08:48.590,24.381,lower,0.05312500000000053,-0.03437499999999982
2026-08-16 00:08:48.600,24.391,lower,-0.051875000000000115,-0.046874999999999556
2026-08-16 00:08:48.610,24.401,lower,-0.040000000000000036,-0.06812499999999999
2026-08-16 00:08:48.620,24.411,lower,0.06000000000000005,-0.024999999999999467
2026-08-16 00:08:48.630,24.421,lower,-0.14499999999999957,-0.19499999999999962
2026-08-16 00:08:48.640,24.431,lower,0.045000000000000595,-0.06249999999999978
2026-08-16 00:08:48.650,24.441,lower,-0.08937500000000043,-0.10812500000000003
2026-08-16 00:08:48.660,24.451,lower,-0.01187500000000008,-0.1431249999999995
2026-08-16 00:08:48.670,24.461,lower,0.061875000000000124,-0.03375000000000017
2026-08-16 00:08:48.680,24.471,lower,-0.13062499999999977,-0.19062499999999982
2026-08-16 00:08:48.690,24.481,lower,0.05437499999999984,-0.050000000000000044
2026-08-16 00:08:48.700,24.491,lower,-0.058749999999999636,-0.11874999999999969
2026-08-16 00:08:48.710,24.501,lower,-0.03624999999999989,-0.13000000000000012
2026-08-16 00:08:48.720,24.511,lower,0.05750000000000033,-0.024374999999999813
2026-08-16 00:08:48.730,24.521,lower,-0.1475000000000004,-0.1893749999999994
2026-08-16 00:08:48.740,24.531,lower,0.0462499999999999,-0.04437499999999983
2026-08-16 00:08:48.750,24.541,lower,-0.0924999999999998,-0.08562500000000028
2026-08-16 00:08:48.760,24.551,lower,-0.011249999999999316,-0.12249999999999983
2026-08-16 00:08:48.770,24.561,lower,0.05750000000000033,-0.023124999999999396
2026-08-16 00:08:48.780,24.571,lower,-0.15437499999999993,-0.19000000000000017
2026-08-16 00:08:48.790,24.581,lower,0.053750000000000187,-0.04062499999999969
2026-08-16 00:08:48.800,24.591,lower,-0.06124999999999936,-0.09000000000000008
2026-08-16 00:08:48.810,24.601,lower,-0.029375000000000373,-0.11062499999999975
2026-08-16 00:08:48.820,24.611,lower,0.056875000000000675,-0.02375000000000016
2026-08-16 00:08:48.830,24.621,lower,-0.14375000000000027,-0.1849999999999996
2026-08-16 00:08:48.840,24.631,lower,0.04812499999999997,-0.031249999999999334
2026-08-16 00:08:48.850,24.641,lower,-0.10062499999999974,-0.09375000000000022
2026-08-16 00:08:48.860,24.651,lower,-0.005625000000000213,-0.1475000000000004
2026-08-16 00:08:48.870,24.661,lower,0.05812499999999998,-0.027500000000000302
2026-08-16 00:08:48.880,24.671,lower,-0.15249999999999986,-0.1849999999999996
2026-08-16 00:08:48.890,24.681,lower,0.056875000000000675,-0.04937500000000039
2026-08-16 00:08:48.900,24.691,lower,-0.07312499999999944,-0.10187500000000016
2026-08-16 00:08:48.910,24.701,lower,-0.024999999999999467,-0.1331249999999995
2026-08-16 00:08:48.920,24.711,lower,0.055000000000000604,-0.02562500000000023
2026-08-16 00:08:48.930,24.721,lower,-0.14062499999999978,-0.18124999999999947
2026-08-16 00:08:48.940,24.731,lower,0.04562500000000025,-0.04124999999999934
2026-08-16 00:08:48.950,24.741,lower,-0.046874999999999556,-0.10624999999999996
2026-08-16 00:08:48.960,24.751,lower,-0.004374999999999796,-0.12249999999999983
2026-08-16 00:08:48.970,24.761,lower,0.056875000000000675,-0.015625000000000222
2026-08-16 00:08:48.980,24.771,lower,-0.14812500000000006,-0.18312499999999954
2026-08-16 00:08:48.990,24.781,lower,0.04812499999999997,-0.03874999999999962
2026-08-16 00:08:49.000,24.791,lower,-0.08000000000000007,-0.07687499999999958
2026-08-16 00:08:49.010,24.801,lower,-0.019375000000000364,-0.11499999999999955
2026-08-16 00:08:49.020,24.811,lower,0.0593750000000004,-0.020000000000000018
2026-08-16 00:08:49.030,24.821,lower,-0.14499999999999957,-0.1837500000000003
2026-08-16 00:08:49.040,24.831,lower,0.051875000000000115,-0.033124999999999405
2026-08-16 00:08:49.050,24.841,lower,-0.0506249999999997,-0.08062499999999972
2026-08-16 00:08:49.060,24.851,lower,-0.0006249999999996536,-0.10499999999999954
2026-08-16 00:08:49.070,24.861,lower,0.06000000000000005,-0.0187499999999996
2026-08-16 00:08:49.080,24.871,lower,-0.14937499999999937,-0.1781250000000001
2026-08-16 00:08:49.090,24.881,lower,0.05437499999999984,-0.026249999999999885
2026-08-16 00:08:49.100,24.891,lower,-0.078125,-0.08437499999999987
2026-08-16 00:08:49.110,24.901,lower,-0.0187499999999996,-0.13687499999999964
2026-08-16 00:08:49.120,24.911,lower,0.05812499999999998,-0.015625000000000222
2026-08-16 00:08:49.130,24.921,lower,-0.13687499999999964,-0.17749999999999932
2026-08-16 00:08:49.140,24.931,lower,0.051875000000000115,-0.020000000000000018
2026-08-16 00:08:49.150,24.941,lower,-0.06062499999999971,-0.09375000000000022
2026-08-16 00:08:49.160,24.951,lower,0.0024999999999997247,-0.13062499999999977
2026-08-16 00:08:49.170,24.961,lower,0.05624999999999991,-0.014999999999999458
2026-08-16 00:08:49.180,24.971,lower,-0.14812500000000006,-0.18000000000000016
2026-08-16 00:08:49.190,24.981,lower,0.04187500000000011,-0.03937500000000038
2026-08-16 00:08:49.200,24.991,lower,-0.09375000000000022,-0.10249999999999981
2026-08-16 00:08:49.210,25.001,lower,-0.014999999999999458,-0.12562500000000032
2026-08-16 00:08:49.220,25.011,lower,0.06437499999999985,-0.013124999999999387
2026-08-16 00:08:49.230,25.021,lower,-0.13499999999999956,-0.18124999999999947
2026-08-16 00:08:49.240,25.031,lower,0.05249999999999977,-0.03750000000000031
2026-08-16 00:08:49.250,25.041,lower,-0.06437499999999985,-0.11687499999999962
2026-08-16 00:08:49.260,25.051,lower,0.001875000000000071,-0.1143749999999999
2026-08-16 00:08:49.270,25.061,lower,0.058749999999999636,-0.014999999999999458
2026-08-16 00:08:49.280,25.071,lower,-0.14562500000000034,-0.18124999999999947
2026-08-16 00:08:49.290,25.081,lower,0.04437499999999983,-0.02874999999999961
2026-08-16 00:08:49.300,25.091,lower,-0.09312499999999946,-0.07874999999999965
2026-08-16 00:08:49.310,25.101,lower,-0.010624999999999662,-0.10249999999999981
2026-08-16 00:08:49.320,25.111,lower,0.06249999999999978,-0.015625000000000222
2026-08-16 00:08:49.330,25.121,lower,-0.12812500000000004,-0.1781250000000001
2026-08-16 00:08:49.340,25.131,lower,0.05562500000000026,-0.02375000000000016
2026-08-16 00:08:49.350,25.141,lower,-0.06437499999999985,-0.08750000000000036
2026-08-16 00:08:49.360,25.151,lower,-0.027500000000000302,-0.09624999999999995
2026-08-16 00:08:49.370,25.161,lower,0.058749999999999636,-0.013124999999999387
2026-08-16 00:08:49.380,25.171,lower,-0.1431249999999995,-0.17687499999999967
2026-08-16 00:08:49.390,25.181,lower,0.051875000000000115,-0.02187500000000009
2026-08-16 00:08:49.400,25.191,lower,-0.09624999999999995,-0.09000000000000008
2026-08-16 00:08:49.410,25.201,lower,-0.004374999999999796,-0.1287499999999997
2026-08-16 00:08:49.420,25.211,lower,0.06125000000000047,-0.017500000000000293
2026-08-16 00:08:49.430,25.221,lower,-0.1475000000000004,-0.17562500000000036
2026-08-16 00:08:49.440,25.231,lower,0.05624999999999991,-0.03687499999999955
2026-08-16 00:08:49.450,25.241,lower,-0.07062499999999972,-0.1012499999999994
2026-08-16 00:08:49.460,25.251,lower,-0.02062499999999967,-0.11874999999999969
2026-08-16 00:08:49.470,25.261,lower,0.053750000000000187,-0.02375000000000016
2026-08-16 00:08:49.480,25.271,lower,-0.1375000000000004,-0.18000000000000016
2026-08-16 00:08:49.490,25.281,lower,0.05312500000000053,-0.03375000000000017
2026-08-16 00:08:49.500,25.291,lower,-0.10312499999999947,-0.11062499999999975
2026-08-16 00:08:49.510,25.301,lower,-0.0006249999999996536,-0.10937499999999933
2026-08-16 00:08:49.520,25.311,lower,0.06125000000000047,-0.013124999999999387
2026-08-16 00:08:49.530,25.321,lower,-0.1506249999999998,-0.17625000000000002
2026-08-16 00:08:49.540,25.331,lower,0.06312500000000054,-0.028124999999999956
2026-08-16 00:08:49.550,25.341,lower,-0.07687499999999958,-0.07874999999999965
2026-08-16 00:08:49.560,25.351,lower,-0.01687499999999953,-0.10437499999999988
2026-08-16 00:08:49.570,25.361,lower,0.05750000000000033,-0.013750000000000151
2026-08-16 00:08:49.580,25.371,lower,-0.13562500000000033,-0.1737500000000003
2026-08-16 00:08:49.590,25.381,lower,0.053750000000000187,-0.029375000000000373
2026-08-16 00:08:49.600,25.391,lower,-0.04874999999999963,-0.08562500000000028
2026-08-16 00:08:49.610,25.401,lower,-0.0006249999999996536,-0.0968749999999996
2026-08-16 00:08:49.620,25.411,lower,0.06125000000000047,-0.013124999999999387
2026-08-16 00:08:49.630,25.421,lower,-0.14124999999999943,-0.17437499999999995
2026-08-16 00:08:49.640,25.431,lower,0.058749999999999636,-0.019375000000000364
2026-08-16 00:08:49.650,25.441,lower,-0.08124999999999938,-0.08687499999999959
2026-08-16 00:08:49.660,25.451,lower,-0.007500000000000284,-0.13062499999999977
2026-08-16 00:08:49.670,25.461,lower,0.06437499999999985,-0.01187500000000008
2026-08-16 00:08:49.680,25.471,lower,-0.13000000000000012,-0.17749999999999932
2026-08-16 00:08:49.690,25.481,lower,0.06000000000000005,-0.014999999999999458
2026-08-16 00:08:49.700,25.491,lower,-0.05750000000000033,-0.0968749999999996
2026-08-16 00:08:49.710,25.501,lower,0.008124999999999938,-0.12062499999999976
2026-08-16 00:08:49.720,25.511,lower,0.058749999999999636,-0.016249999999999876
2026-08-16 00:08:49.730,25.521,lower,-0.1431249999999995,-0.17749999999999932
2026-08-16 00:08:49.740,25.531,lower,0.06249999999999978,-0.0318750000000001
2026-08-16 00:08:49.750,25.541,lower,-0.08624999999999994,-0.1056250000000003
2026-08-16 00:08:49.760,25.551,lower,-0.010000000000000009,-0.11687499999999962
2026-08-16 00:08:49.770,25.561,lower,0.06249999999999978,-0.01187500000000008
2026-08-16 00:08:49.780,25.571,lower,-0.13000000000000012,-0.1793749999999994
2026-08-16 00:08:49.790,25.581,lower,0.05624999999999991,-0.029375000000000373
2026-08-16 00:08:49.800,25.591,lower,-0.056874999999999565,-0.12062499999999976
2026-08-16 00:08:49.810,25.601,lower,0.01187500000000008,-0.10187500000000016
2026-08-16 00:08:49.820,25.611,lower,0.061875000000000124,-0.008749999999999591
2026-08-16 00:08:49.830,25.621,lower,-0.14000000000000012,-0.1737500000000003
2026-08-16 00:08:49.840,25.631,lower,0.05125000000000046,-0.024374999999999813
2026-08-16 00:08:49.850,25.641,lower,-0.09187500000000015,-0.08187500000000014
2026-08-16 00:08:49.860,25.651,lower,-0.003750000000000142,-0.09375000000000022
2026-08-16 00:08:49.870,25.661,lower,0.06125000000000047,-0.013124999999999387
2026-08-16 00:08:49.880,25.671,lower,-0.12624999999999997,-0.17562500000000036
2026-08-16 00:08:49.890,25.681,lower,0.06249999999999978,-0.01687499999999953
2026-08-16 00:08:49.900,25.691,lower,-0.06124999999999936,-0.08812500000000001
2026-08-16 00:08:49.910,25.701,lower,0.013750000000000151,-0.08624999999999994
2026-08-16 00:08:49.920,25.711,lower,0.0593750000000004,-0.013750000000000151
2026-08-16 00:08:49.930,25.721,lower,-0.1375000000000004,-0.17562500000000036
2026-08-16 00:08:49.940,25.731,lower,0.051875000000000115,-0.013124999999999387
2026-08-16 00:08:49.950,25.741,lower,-0.09624999999999995,-0.09624999999999995
2026-08-16 00:08:49.960,25.751,lower,0.0,-0.12312499999999948
2026-08-16 00:08:49.970,25.761,lower,0.06437499999999985,-0.014374999999999805
2026-08-16 00:08:49.980,25.771,lower,-0.12062499999999976,-0.18124999999999947
2026-08-16 00:08:49.990,25.781,lower,0.06062499999999971,-0.03062499999999968
2026-08-16 00:08:50.000,25.791,lower,-0.07249999999999979,-0.1056250000000003
2026-08-16 00:08:50.010,25.801,lower,-0.021249999999999325,-0.11312499999999948
2026-08-16 00:08:50.020,25.811,lower,0.06000000000000005,-0.02187500000000009
2026-08-16 00:08:50.030,25.821,lower,-0.13937499999999936,-0.1737500000000003
2026-08-16 00:08:50.040,25.831,lower,0.05562500000000026,-0.028124999999999956
2026-08-16 00:08:50.050,25.841,lower,-0.09937499999999932,-0.11499999999999955
2026-08-16 00:08:50.060,25.851,lower,-0.0006249999999996536,-0.09937499999999932
2026-08-16 00:08:50.070,25.861,lower,0.06249999999999978,-0.011249999999999316
2026-08-16 00:08:50.080,25.871,lower,-0.1475000000000004,-0.17249999999999988
2026-08-16 00:08:50.090,25.881,lower,0.06000000000000005,-0.022499999999999742
2026-08-16 00:08:50.100,25.891,lower,-0.07499999999999951,-0.08062499999999972
2026-08-16 00:08:50.110,25.901,lower,-0.012499999999999734,-0.09812500000000002
2026-08-16 00:08:50.120,25.911,lower,0.053750000000000187,-0.011249999999999316
2026-08-16 00:08:50.130,25.921,lower,-0.1331249999999995,-0.17000000000000015
2026-08-16 00:08:50.140,25.931,lower,0.05750000000000033,-0.018124999999999947
2026-08-16 00:08:50.150,25.941,lower,-0.1112499999999994,-0.08874999999999966
2026-08-16 00:08:50.160,25.951,lower,0.006249999999999867,-0.09187500000000015
2026-08-16 00:08:50.170,25.961,lower,0.06125000000000047,-0.010000000000000009
2026-08-16 00:08:50.180,25.971,lower,-0.14812500000000006,-0.17749999999999932
2026-08-16 00:08:50.190,25.981,lower,0.06687500000000068,-0.017500000000000293
2026-08-16 00:08:50.200,25.991,lower,-0.08562500000000028,-0.0956250000000003
2026-08-16 00:08:50.210,26.001,lower,-0.014374999999999805,-0.12124999999999941
2026-08-16 00:08:50.220,26.011,lower,0.0506249999999997,-0.014999999999999458
2026-08-16 00:08:50.230,26.021,lower,-0.13375000000000026,-0.17249999999999988
2026-08-16 00:08:50.240,26.031,lower,0.053750000000000187,-0.03249999999999975
2026-08-16 00:08:50.250,26.041,lower,-0.058749999999999636,-0.10437499999999988
2026-08-16 00:08:50.260,26.051,lower,0.003750000000000142,-0.11375000000000024
2026-08-16 00:08:50.270,26.061,lower,0.05812499999999998,-0.019375000000000364
2026-08-16 00:08:50.280,26.071,lower,-0.1387499999999997,-0.1749999999999996
2026-08-16 00:08:50.290,26.081,lower,0.06062499999999971,-0.029375000000000373
2026-08-16 00:08:50.300,26.091,lower,-0.08874999999999966,-0.1112499999999994
2026-08-16 00:08:50.310,26.101,lower,-0.004374999999999796,-0.1056250000000003
2026-08-16 00:08:50.320,26.111,lower,0.06062499999999971,-0.01187500000000008
2026-08-16 00:08:50.330,26.121,lower,-0.1287499999999997,-0.17687499999999967
2026-08-16 00:08:50.340,26.131,lower,0.05624999999999991,-0.024374999999999813
2026-08-16 00:08:50.350,26.141,lower,-0.06562500000000027,-0.07687499999999958
2026-08-16 00:08:50.360,26.151,lower,0.012499999999999734,-0.0968749999999996
2026-08-16 00:08:50.370,26.161,lower,0.05812499999999998,-0.004999999999999449
2026-08-16 00:08:50.380,26.171,lower,-0.14499999999999957,-0.17249999999999988
2026-08-16 00:08:50.390,26.181,lower,0.06312500000000054,-0.018124999999999947
2026-08-16 00:08:50.400,26.191,lower,-0.09624999999999995,-0.08062499999999972
2026-08-16 00:08:50.410,26.201,lower,-0.006249999999999867,-0.08624999999999994
2026-08-16 00:08:50.420,26.211,lower,0.06125000000000047,-0.010624999999999662
2026-08-16 00:08:50.430,26.221,lower,-0.1287499999999997,-0.17562500000000036
2026-08-16 00:08:50.440,26.231,lower,0.05750000000000033,-0.014999999999999458
2026-08-16 00:08:50.450,26.241,lower,-0.06687499999999957,-0.09437499999999988
2026-08-16 00:08:50.460,26.251,lower,0.011250000000000426,-0.12062499999999976
2026-08-16 00:08:50.470,26.261,lower,0.051875000000000115,-0.0187499999999996
2026-08-16 00:08:50.480,26.271,lower,-0.14062499999999978,-0.17437499999999995
2026-08-16 00:08:50.490,26.281,lower,0.0462499999999999,-0.010624999999999662
2026-08-16 00:08:50.500,26.291,lower,-0.10187500000000016,-0.10187500000000016
2026-08-16 00:08:50.510,26.301,lower,-0.005625000000000213,-0.11375000000000024
2026-08-16 00:08:50.520,26.311,lower,0.05812499999999998,-0.019375000000000364
2026-08-16 00:08:50.530,26.321,lower,-0.12624999999999997,-0.1781250000000001
2026-08-16 00:08:50.540,26.331,lower,0.05312500000000053,-0.024999999999999467
2026-08-16 00:08:50.550,26.341,lower,-0.07874999999999965,-0.11062499999999975
2026-08-16 00:08:50.560,26.351,lower,0.01187500000000008,-0.10375000000000023
2026-08-16 00:08:50.570,26.361,lower,0.05437499999999984,-0.005625000000000213
2026-08-16 00:08:50.580,26.371,lower,-0.14062499999999978,-0.17312499999999953
2026-08-16 00:08:50.590,26.381,lower,0.0506249999999997,-0.02062499999999967
2026-08-16 00:08:50.600,26.391,lower,-0.10812500000000003,-0.12062499999999976
2026-08-16 00:08:50.610,26.401,lower,-0.003750000000000142,-0.09187500000000015
2026-08-16 00:08:50.620,26.411,lower,0.06000000000000005,-0.011249999999999316
2026-08-16 00:08:50.630,26.421,lower,-0.12687499999999963,-0.17000000000000015
2026-08-16 00:08:50.640,26.431,lower,0.055000000000000604,-0.017500000000000293
2026-08-16 00:08:50.650,26.441,lower,-0.08750000000000036,-0.08499999999999952
2026-08-16 00:08:50.660,26.451,lower,-0.017500000000000293,-0.08624999999999994
2026-08-16 00:08:50.670,26.461,lower,0.05249999999999977,-0.012499999999999734
2026-08-16 00:08:50.680,26.471,lower,-0.1387499999999997,-0.17249999999999988
2026-08-16 00:08:50.690,26.481,lower,0.0506249999999997,-0.012499999999999734
2026-08-16 00:08:50.700,26.491,lower,-0.11812500000000004,-0.09187500000000015
2026-08-16 00:08:50.710,26.501,lower,-0.0006249999999996536,-0.08062499999999972
2026-08-16 00:08:50.720,26.511,lower,0.05624999999999991,-0.013750000000000151
2026-08-16 00:08:50.730,26.521,lower,-0.1531249999999995,-0.17562500000000036
2026-08-16 00:08:50.740,26.531,lower,0.055000000000000604,-0.012499999999999734
2026-08-16 00:08:50.750,26.541,lower,-0.09375000000000022,-0.0968749999999996
2026-08-16 00:08:50.760,26.551,lower,-0.0187499999999996,-0.11187500000000017
2026-08-16 00:08:50.770,26.561,lower,0.0462499999999999,-0.016249999999999876
2026-08-16 00:08:50.780,26.571,lower,-0.13937499999999936,-0.1749999999999996
2026-08-16 00:08:50.790,26.581,lower,0.050000000000000044,-0.026249999999999885
2026-08-16 00:08:50.800,26.591,lower,-0.11937499999999934,-0.10874999999999968
2026-08-16 00:08:50.810,26.601,lower,0.0024999999999997247,-0.10312499999999947
2026-08-16 00:08:50.820,26.611,lower,0.051875000000000115,-0.019375000000000364
2026-08-16 00:08:50.830,26.621,lower,-0.15124999999999944,-0.17187500000000022
2026-08-16 00:08:50.840,26.631,lower,0.056875000000000675,-0.02562500000000023
2026-08-16 00:08:50.850,26.641,lower,-0.1012499999999994,-0.11750000000000038
2026-08-16 00:08:50.860,26.651,lower,-0.017500000000000293,-0.09750000000000036
2026-08-16 00:08:50.870,26.661,lower,0.043125000000000524,-0.010624999999999662
2026-08-16 00:08:50.880,26.671,lower,-0.1375000000000004,-0.17124999999999946
2026-08-16 00:08:50.890,26.681,lower,0.051875000000000115,-0.0187499999999996
2026-08-16 00:08:50.900,26.691,lower,-0.06937500000000041,-0.08187500000000014
2026-08-16 00:08:50.910,26.701,lower,-0.001875000000000071,-0.09062499999999973
2026-08-16 00:08:50.920,26.711,lower,0.050000000000000044,-0.010000000000000009
2026-08-16 00:08:50.930,26.721,lower,-0.1475000000000004,-0.1706249999999998
2026-08-16 00:08:50.940,26.731,lower,0.05249999999999977,-0.016249999999999876
2026-08-16 00:08:50.950,26.741,lower,-0.1012499999999994,-0.08937500000000043
2026-08-16 00:08:50.960,26.751,lower,-0.010624999999999662,-0.08124999999999938
2026-08-16 00:08:50.970,26.761,lower,0.0506249999999997,-0.013124999999999387
2026-08-16 00:08:50.980,26.771,lower,-0.1343749999999999,-0.17687499999999967
2026-08-16 00:08:50.990,26.781,lower,0.050000000000000044,-0.010624999999999662
2026-08-16 00:08:51.000,26.791,lower,-0.08499999999999952,-0.10000000000000009
2026-08-16 00:08:51.010,26.801,lower,0.0050000000000005596,-0.1143749999999999
2026-08-16 00:08:51.020,26.811,lower,0.04750000000000032,-0.014374999999999805
2026-08-16 00:08:51.030,26.821,lower,-0.15124999999999944,-0.18124999999999947
2026-08-16 00:08:51.040,26.831,lower,0.05750000000000033,-0.008749999999999591
2026-08-16 00:08:51.050,26.841,lower,-0.1143749999999999,-0.10750000000000037
2026-08-16 00:08:51.060,26.851,lower,-0.008749999999999591,-0.10624999999999996
2026-08-16 00:08:51.070,26.861,lower,0.05437499999999984,-0.021249999999999325
2026-08-16 00:08:51.080,26.871,lower,-0.13375000000000026,-0.17562500000000036
2026-08-16 00:08:51.090,26.881,lower,0.05312500000000053,-0.02187500000000009
2026-08-16 00:08:51.100,26.891,lower,-0.08562500000000028,-0.11937499999999934
2026-08-16 00:08:51.110,26.901,lower,0.003750000000000142,-0.0968749999999996
2026-08-16 00:08:51.120,26.911,lower,0.04874999999999963,-0.00687499999999952
2026-08-16 00:08:51.130,26.921,lower,-0.14375000000000027,-0.17124999999999946
2026-08-16 00:08:51.140,26.931,lower,0.043125000000000524,-0.022499999999999742
2026-08-16 00:08:51.150,26.941,lower,-0.11624999999999996,-0.12562500000000032
2026-08-16 00:08:51.160,26.951,lower,-0.00687499999999952,-0.08874999999999966
2026-08-16 00:08:51.170,26.961,lower,0.051875000000000115,-0.01187500000000008
2026-08-16 00:08:51.180,26.971,lower,-0.1318750000000002,-0.17562500000000036
2026-08-16 00:08:51.190,26.981,lower,0.05249999999999977,-0.019375000000000364
2026-08-16 00:08:51.200,26.991,lower,-0.09437499999999988,-0.09124999999999939
2026-08-16 00:08:51.210,27.001,lower,0.008749999999999591,-0.08187500000000014
2026-08-16 00:08:51.220,27.011,lower,0.046875000000000666,-0.014999999999999458
2026-08-16 00:08:51.230,27.021,lower,-0.14562500000000034,-0.18249999999999988
2026-08-16 00:08:51.240,27.031,lower,0.04562500000000025,-0.012499999999999734
2026-08-16 00:08:51.250,27.041,lower,-0.12312499999999948,-0.10624999999999996
2026-08-16 00:08:51.260,27.051,lower,-0.004999999999999449,-0.08437499999999987
2026-08-16 00:08:51.270,27.061,lower,0.051875000000000115,-0.018124999999999947
2026-08-16 00:08:51.280,27.071,lower,-0.1243749999999999,-0.17687499999999967
2026-08-16 00:08:51.290,27.081,lower,0.05312500000000053,-0.013750000000000151
2026-08-16 00:08:51.300,27.091,lower,-0.09499999999999953,-0.1100000000000001
2026-08-16 00:08:51.310,27.101,lower,-0.019375000000000364,-0.11249999999999982
2026-08-16 00:08:51.320,27.111,lower,0.04249999999999976,-0.023124999999999396
2026-08-16 00:08:51.330,27.121,lower,-0.1418750000000002,-0.17562500000000036
2026-08-16 00:08:51.340,27.131,lower,0.05125000000000046,-0.026249999999999885
2026-08-16 00:08:51.350,27.141,lower,-0.12812500000000004,-0.11562500000000031
2026-08-16 00:08:51.360,27.151,lower,0.0012500000000004174,-0.10187500000000016
2026-08-16 00:08:51.370,27.161,lower,0.05624999999999991,-0.02562500000000023
2026-08-16 00:08:51.380,27.171,lower,-0.12187500000000018,-0.17687499999999967
2026-08-16 00:08:51.390,27.181,lower,0.056875000000000675,-0.024999999999999467
2026-08-16 00:08:51.400,27.191,lower,-0.1012499999999994,-0.1243749999999999
2026-08-16 00:08:51.410,27.201,lower,-0.012499999999999734,-0.09437499999999988
2026-08-16 00:08:51.420,27.211,lower,0.04562500000000025,-0.016249999999999876
2026-08-16 00:08:51.430,27.221,lower,-0.13375000000000026,-0.1706249999999998
2026-08-16 00:08:51.440,27.231,lower,0.05249999999999977,-0.017500000000000293
2026-08-16 00:08:51.450,27.241,lower,-0.12562500000000032,-0.0924999999999998
2026-08-16 00:08:51.460,27.251,lower,0.004374999999999796,-0.08562500000000028
2026-08-16 00:08:51.470,27.261,lower,0.04812499999999997,-0.017500000000000293
2026-08-16 00:08:51.480,27.271,lower,-0.15000000000000013,-0.17749999999999932
2026-08-16 00:08:51.490,27.281,lower,0.05750000000000033,-0.01687499999999953
2026-08-16 00:08:51.500,27.291,lower,-0.10812500000000003,-0.10249999999999981
2026-08-16 00:08:51.510,27.301,lower,-0.011249999999999316,-0.08124999999999938
2026-08-16 00:08:51.520,27.311,lower,0.03687500000000066,-0.01687499999999953
2026-08-16 00:08:51.530,27.321,lower,-0.1375000000000004,-0.18000000000000016
2026-08-16 00:08:51.540,27.331,lower,0.05312500000000053,-0.012499999999999734
2026-08-16 00:08:51.550,27.341,lower,-0.078125,-0.11062499999999975
2026-08-16 00:08:51.560,27.351,lower,0.007500000000000284,-0.1143749999999999
2026-08-16 00:08:51.570,27.361,lower,0.05312500000000053,-0.022499999999999742
2026-08-16 00:08:51.580,27.371,lower,-0.1475000000000004,-0.17874999999999974
2026-08-16 00:08:51.590,27.381,lower,0.06000000000000005,-0.0318750000000001
2026-08-16 00:08:51.600,27.391,lower,-0.10624999999999996,-0.12124999999999941
2026-08-16 00:08:51.610,27.401,lower,-0.004374999999999796,-0.10375000000000023
2026-08-16 00:08:51.620,27.411,lower,0.03750000000000031,-0.024999999999999467
2026-08-16 00:08:51.630,27.421,lower,-0.1243749999999999,-0.1806249999999998
2026-08-16 00:08:51.640,27.431,lower,0.05312500000000053,-0.022499999999999742
2026-08-16 00:08:51.650,27.441,lower,-0.08874999999999966,-0.13000000000000012
2026-08-16 00:08:51.660,27.451,lower,0.009375000000000355,-0.09499999999999953
2026-08-16 00:08:51.670,27.461,lower,0.046875000000000666,-0.014374999999999805
2026-08-16 00:08:51.680,27.471,lower,-0.14124999999999943,-0.17437499999999995
2026-08-16 00:08:51.690,27.481,lower,0.06062499999999971,-0.02062499999999967
2026-08-16 00:08:51.700,27.491,lower,-0.11750000000000038,-0.09375000000000022
2026-08-16 00:08:51.710,27.501,lower,-0.001875000000000071,-0.08874999999999966
2026-08-16 00:08:51.720,27.511,lower,0.05750000000000033,-0.020000000000000018
2026-08-16 00:08:51.730,27.521,lower,-0.1275000000000004,-0.1749999999999996
2026-08-16 00:08:51.740,27.531,lower,0.05562500000000026,-0.017500000000000293
2026-08-16 00:08:51.750,27.541,lower,-0.08937500000000043,-0.10312499999999947
2026-08-16 00:08:51.760,27.551,lower,0.011250000000000426,-0.08375000000000021
2026-08-16 00:08:51.770,27.561,lower,0.05125000000000046,-0.026249999999999885
2026-08-16 00:08:51.780,27.571,lower,-0.1418750000000002,-0.1849999999999996
2026-08-16 00:08:51.790,27.581,lower,0.05750000000000033,-0.018124999999999947
2026-08-16 00:08:51.800,27.591,lower,-0.11937499999999934,-0.11562500000000031
2026-08-16 00:08:51.810,27.601,lower,0.0024999999999997247,-0.11874999999999969
2026-08-16 00:08:51.820,27.611,lower,0.055000000000000604,-0.026249999999999885
2026-08-16 00:08:51.830,27.621,lower,-0.11624999999999996,-0.1837500000000003
2026-08-16 00:08:51.840,27.631,lower,0.0593750000000004,-0.017500000000000293
2026-08-16 00:08:51.850,27.641,lower,-0.09499999999999953,-0.12249999999999983
2026-08-16 00:08:51.860,27.651,lower,0.0187499999999996,-0.1056250000000003
2026-08-16 00:08:51.870,27.661,lower,0.04937500000000039,-0.029375000000000373
2026-08-16 00:08:51.880,27.671,lower,-0.13499999999999956,-0.1793749999999994
2026-08-16 00:08:51.890,27.681,lower,0.05562500000000026,-0.029375000000000373
2026-08-16 00:08:51.900,27.691,lower,-0.12124999999999941,-0.13249999999999984
2026-08-16 00:08:51.910,27.701,lower,0.005625000000000213,-0.10000000000000009
2026-08-16 00:08:51.920,27.711,lower,0.06062499999999971,-0.017500000000000293
2026-08-16 00:08:51.930,27.721,lower,-0.11249999999999982,-0.17874999999999974
2026-08-16 00:08:51.940,27.731,lower,0.0593750000000004,-0.023124999999999396
2026-08-16 00:08:51.950,27.741,lower,-0.09874999999999967,-0.13562500000000033
2026-08-16 00:08:51.960,27.751,lower,-0.013124999999999387,-0.09499999999999953
2026-08-16 00:08:51.970,27.761,lower,0.04375000000000018,-0.023124999999999396
2026-08-16 00:08:51.980,27.771,lower,-0.13249999999999984,-0.18000000000000016
2026-08-16 00:08:51.990,27.781,lower,0.05562500000000026,-0.024374999999999813
2026-08-16 00:08:52.000,27.791,lower,-0.1275000000000004,-0.10437499999999988
2026-08-16 00:08:52.010,27.801,lower,0.006875000000000631,-0.08562500000000028
2026-08-16 00:08:52.020,27.811,lower,0.05437499999999984,-0.02562500000000023
2026-08-16 00:08:52.030,27.821,lower,-0.10937499999999933,-0.1849999999999996
2026-08-16 00:08:52.040,27.831,lower,0.06249999999999978,-0.0187499999999996
2026-08-16 00:08:52.050,27.841,lower,-0.10750000000000037,-0.11062499999999975
2026-08-16 00:08:52.060,27.851,lower,-0.004374999999999796,-0.07874999999999965
2026-08-16 00:08:52.070,27.861,lower,0.04187500000000011,-0.024999999999999467
2026-08-16 00:08:52.080,27.871,lower,-0.12687499999999963,-0.18687499999999968
2026-08-16 00:08:52.090,27.881,lower,0.0593750000000004,-0.013124999999999387
2026-08-16 00:08:52.100,27.891,lower,-0.12812500000000004,-0.12249999999999983
2026-08-16 00:08:52.110,27.901,lower,0.009375000000000355,-0.10937499999999933
2026-08-16 00:08:52.120,27.911,lower,0.055000000000000604,-0.026874999999999538
2026-08-16 00:08:52.130,27.921,lower,-0.14062499999999978,-0.1806249999999998
2026-08-16 00:08:52.140,27.931,lower,0.06249999999999978,-0.028124999999999956
2026-08-16 00:08:52.150,27.941,lower,-0.10812500000000003,-0.1275000000000004
2026-08-16 00:08:52.160,27.951,lower,-0.001875000000000071,-0.10375000000000023
2026-08-16 00:08:52.170,27.961,lower,0.035000000000000586,-0.030000000000000027
2026-08-16 00:08:52.180,27.971,lower,-0.13062499999999977,-0.18187500000000023
2026-08-16 00:08:52.190,27.981,lower,0.05812499999999998,-0.026249999999999885
2026-08-16 00:08:52.200,27.991,lower,-0.13812500000000005,-0.14062499999999978
2026-08-16 00:08:52.210,28.001,lower,0.01187500000000008,-0.0956250000000003
2026-08-16 00:08:52.220,28.011,lower,0.04937500000000039,-0.016249999999999876
2026-08-16 00:08:52.230,28.021,lower,-0.14124999999999943,-0.17687499999999967
2026-08-16 00:08:52.240,28.031,lower,0.06500000000000061,-0.021249999999999325
2026-08-16 00:08:52.250,28.041,lower,-0.11750000000000038,-0.10375000000000023
2026-08-16 00:08:52.260,28.051,lower,-0.001875000000000071,-0.08874999999999966
2026-08-16 00:08:52.270,28.061,lower,0.031250000000000444,-0.02375000000000016
2026-08-16 00:08:52.280,28.071,lower,-0.12375000000000025,-0.17562500000000036
2026-08-16 00:08:52.290,28.081,lower,0.05812499999999998,-0.019375000000000364
2026-08-16 00:08:52.300,28.091,lower,-0.09124999999999939,-0.1112499999999994
2026-08-16 00:08:52.310,28.101,lower,0.013750000000000151,-0.0737500000000002
2026-08-16 00:08:52.320,28.111,lower,0.050000000000000044,-0.02375000000000016
2026-08-16 00:08:52.330,28.121,lower,-0.1387499999999997,-0.18312499999999954
2026-08-16 00:08:52.340,28.131,lower,0.058749999999999636,-0.013124999999999387
2026-08-16 00:08:52.350,28.141,lower,-0.12187500000000018,-0.11812500000000004
2026-08-16 00:08:52.360,28.151,lower,0.006249999999999867,-0.10874999999999968
2026-08-16 00:08:52.370,28.161,lower,0.05624999999999991,-0.026874999999999538
2026-08-16 00:08:52.380,28.171,lower,-0.11375000000000024,-0.1849999999999996
2026-08-16 00:08:52.390,28.181,lower,0.058749999999999636,-0.01187500000000008
2026-08-16 00:08:52.400,28.191,lower,-0.10062499999999974,-0.1287499999999997
2026-08-16 00:08:52.410,28.201,lower,0.020000000000000018,-0.10000000000000009
2026-08-16 00:08:52.420,28.211,lower,0.04750000000000032,-0.031249999999999334
2026-08-16 00:08:52.430,28.221,lower,-0.1375000000000004,-0.17687499999999967
2026-08-16 00:08:52.440,28.231,lower,0.06437499999999985,-0.02062499999999967
2026-08-16 00:08:52.450,28.241,lower,-0.12562500000000032,-0.13062499999999977
2026-08-16 00:08:52.460,28.251,lower,0.0006249999999996536,-0.09062499999999973
2026-08-16 00:08:52.470,28.261,lower,0.05249999999999977,-0.018124999999999947
2026-08-16 00:08:52.480,28.271,lower,-0.1200000000000001,-0.17749999999999932
2026-08-16 00:08:52.490,28.281,lower,0.05812499999999998,-0.02187500000000009
2026-08-16 00:08:52.500,28.291,lower,-0.10062499999999974,-0.14124999999999943
2026-08-16 00:08:52.510,28.301,lower,0.016249999999999876,-0.08499999999999952
2026-08-16 00:08:52.520,28.311,lower,0.03937500000000038,-0.021249999999999325
2026-08-16 00:08:52.530,28.321,lower,-0.13812500000000005,-0.1737500000000003
2026-08-16 00:08:52.540,28.331,lower,0.05125000000000046,-0.01687499999999953
2026-08-16 00:08:52.550,28.341,lower,-0.1318750000000002,-0.10812500000000003
2026-08-16 00:08:52.560,28.351,lower,0.010000000000000009,-0.07937500000000042
2026-08-16 00:08:52.570,28.361,lower,0.05312500000000053,-0.02375000000000016
2026-08-16 00:08:52.580,28.371,lower,-0.11249999999999982,-0.1806249999999998
2026-08-16 00:08:52.590,28.381,lower,0.06249999999999978,-0.013124999999999387
2026-08-16 00:08:52.600,28.391,lower,-0.11375000000000024,-0.11812500000000004
2026-08-16 00:08:52.610,28.401,lower,-0.01187500000000008,-0.07124999999999937
2026-08-16 00:08:52.620,28.411,lower,0.033125000000000515,-0.023124999999999396
2026-08-16 00:08:52.630,28.421,lower,-0.13249999999999984,-0.17562500000000036
2026-08-16 00:08:52.640,28.431,lower,0.05312500000000053,-0.01187500000000008
2026-08-16 00:08:52.650,28.441,lower,-0.1375000000000004,-0.12124999999999941
2026-08-16 00:08:52.660,28.451,lower,0.0050000000000005596,-0.10000000000000009
2026-08-16 00:08:52.670,28.461,lower,0.05125000000000046,-0.02874999999999961
2026-08-16 00:08:52.680,28.471,lower,-0.1056250000000003,-0.17749999999999932
2026-08-16 00:08:52.690,28.481,lower,0.056875000000000675,-0.02375000000000016
2026-08-16 00:08:52.700,28.491,lower,-0.11499999999999955,-0.1331249999999995
2026-08-16 00:08:52.710,28.501,lower,-0.00687499999999952,-0.0924999999999998
2026-08-16 00:08:52.720,28.511,lower,0.02687500000000065,-0.015625000000000222
2026-08-16 00:08:52.730,28.521,lower,-0.13124999999999942,-0.17562500000000036
2026-08-16 00:08:52.740,28.531,lower,0.05249999999999977,-0.023124999999999396
2026-08-16 00:08:52.750,28.541,lower,-0.14499999999999957,-0.14375000000000027
2026-08-16 00:08:52.760,28.551,lower,0.006249999999999867,-0.08437499999999987
2026-08-16 00:08:52.770,28.561,lower,0.04562500000000025,-0.022499999999999742
2026-08-16 00:08:52.780,28.571,lower,-0.1475000000000004,-0.17687499999999967
2026-08-16 00:08:52.790,28.581,lower,0.06000000000000005,-0.016249999999999876
2026-08-16 00:08:52.800,28.591,lower,-0.12312499999999948,-0.1056250000000003
2026-08-16 00:08:52.810,28.601,lower,-0.005625000000000213,-0.07750000000000035
2026-08-16 00:08:52.820,28.611,lower,0.023125000000000506,-0.023124999999999396
2026-08-16 00:08:52.830,28.621,lower,-0.13124999999999942,-0.17312499999999953
2026-08-16 00:08:52.840,28.631,lower,0.05312500000000053,-0.010624999999999662
2026-08-16 00:08:52.850,28.641,lower,-0.14562500000000034,-0.11375000000000024
2026-08-16 00:08:52.860,28.651,lower,0.008749999999999591,-0.07249999999999979
2026-08-16 00:08:52.870,28.661,lower,0.038124999999999964,-0.022499999999999742
2026-08-16 00:08:52.880,28.671,lower,-0.14687499999999964,-0.18312499999999954
2026-08-16 00:08:52.890,28.681,lower,0.055000000000000604,-0.007500000000000284
2026-08-16 00:08:52.900,28.691,lower,-0.13249999999999984,-0.12562500000000032
2026-08-16 00:08:52.910,28.701,lower,-0.003750000000000142,-0.10187500000000016
2026-08-16 00:08:52.920,28.711,lower,0.015000000000000568,-0.026874999999999538
2026-08-16 00:08:52.930,28.721,lower,-0.1243749999999999,-0.1781250000000001
2026-08-16 00:08:52.940,28.731,lower,0.05624999999999991,-0.010000000000000009
2026-08-16 00:08:52.950,28.741,lower,-0.1100000000000001,-0.1318750000000002
2026-08-16 00:08:52.960,28.751,lower,0.010000000000000009,-0.09437499999999988
2026-08-16 00:08:52.970,28.761,lower,0.031250000000000444,-0.03562500000000024
2026-08-16 00:08:52.980,28.771,lower,-0.14437499999999992,-0.1781250000000001
2026-08-16 00:08:52.990,28.781,lower,0.05562500000000026,-0.02187500000000009
2026-08-16 00:08:53.000,28.791,lower,-0.1387499999999997,-0.1431249999999995
2026-08-16 00:08:53.010,28.801,lower,-0.003750000000000142,-0.08687499999999959
2026-08-16 00:08:53.020,28.811,lower,0.04375000000000018,-0.023124999999999396
2026-08-16 00:08:53.030,28.821,lower,-0.078125,-0.17687499999999967
2026-08-16 00:08:53.040,28.831,lower,0.022499999999999742,-0.017500000000000293
2026-08-16 00:08:53.050,28.841,lower,-0.09499999999999953,-0.10624999999999996
2026-08-16 00:08:53.060,28.851,lower,0.004374999999999796,-0.07499999999999951
2026-08-16 00:08:53.070,28.861,lower,-0.011249999999999316,-0.020000000000000018
2026-08-16 00:08:53.080,28.871,lower,-0.09937499999999932,-0.1706249999999998
2026-08-16 00:08:53.090,28.881,lower,0.017500000000000293,-0.011249999999999316
2026-08-16 00:08:53.100,28.891,lower,-0.10812500000000003,-0.11624999999999996
2026-08-16 00:08:53.110,28.901,lower,-0.004374999999999796,-0.07062499999999972
2026-08-16 00:08:53.120,28.911,lower,0.004374999999999796,-0.024374999999999813
2026-08-16 00:08:53.130,28.921,lower,-0.08437499999999987,-0.18249999999999988
2026-08-16 00:08:53.140,28.931,lower,0.024374999999999813,-0.011249999999999316
2026-08-16 00:08:53.150,28.941,lower,-0.09312499999999946,-0.12624999999999997
2026-08-16 00:08:53.160,28.951,lower,0.003750000000000142,-0.10437499999999988
2026-08-16 00:08:53.170,28.961,lower,-0.008124999999999938,-0.03062499999999968
2026-08-16 00:08:53.180,28.971,lower,-0.10000000000000009,-0.18124999999999947
2026-08-16 00:08:53.190,28.981,lower,0.01687500000000064,-0.013124999999999387
2026-08-16 00:08:53.200,28.991,lower,-0.10499999999999954,-0.13124999999999942
2026-08-16 00:08:53.210,29.001,lower,-0.010624999999999662,-0.09624999999999995
2026-08-16 00:08:53.220,29.011,lower,-0.006249999999999867,-0.034999999999999476
2026-08-16 00:08:53.230,29.021,lower,-0.0824999999999998,-0.18187500000000023
2026-08-16 00:08:53.240,29.031,lower,0.019375000000000364,-0.02375000000000016
2026-08-16 00:08:53.250,29.041,lower,-0.09874999999999967,-0.14499999999999957
2026-08-16 00:08:53.260,29.051,lower,-0.001875000000000071,-0.08562500000000028
2026-08-16 00:08:53.270,29.061,lower,-0.015625000000000222,-0.024374999999999813
2026-08-16 00:08:53.280,29.071,lower,-0.09437499999999988,-0.17562500000000036
2026-08-16 00:08:53.290,29.081,lower,0.020000000000000018,-0.014374999999999805
2026-08-16 00:08:53.300,29.091,lower,-0.10687499999999961,-0.14812500000000006
2026-08-16 00:08:53.310,29.101,lower,-0.006249999999999867,-0.08124999999999938
2026-08-16 00:08:53.320,29.111,lower,-0.001875000000000071,-0.02375000000000016
2026-08-16 00:08:53.330,29.121,lower,-0.07937500000000042,-0.1737500000000003
2026-08-16 00:08:53.340,29.131,lower,0.02062499999999967,-0.016249999999999876
2026-08-16 00:08:53.350,29.141,lower,-0.0956250000000003,-0.1200000000000001
2026-08-16 00:08:53.360,29.151,lower,-0.020000000000000018,-0.07687499999999958
2026-08-16 00:08:53.370,29.161,lower,-0.014374999999999805,-0.02562500000000023
2026-08-16 00:08:53.380,29.171,lower,-0.09375000000000022,-0.18437499999999996
2026-08-16 00:08:53.390,29.181,lower,0.015000000000000568,-0.012499999999999734
2026-08-16 00:08:53.400,29.191,lower,-0.10874999999999968,-0.12562500000000032
2026-08-16 00:08:53.410,29.201,lower,-0.006249999999999867,-0.06687499999999957
2026-08-16 00:08:53.420,29.211,lower,-0.005625000000000213,-0.028124999999999956
2026-08-16 00:08:53.430,29.221,lower,-0.10312499999999947,-0.1881250000000001
2026-08-16 00:08:53.440,29.231,lower,0.019375000000000364,-0.00687499999999952
2026-08-16 00:08:53.450,29.241,lower,-0.09812500000000002,-0.13499999999999956
2026-08-16 00:08:53.460,29.251,lower,-0.016249999999999876,-0.10000000000000009
2026-08-16 00:08:53.470,29.261,lower,-0.020000000000000018,-0.03437499999999982
2026-08-16 00:08:53.480,29.271,lower,-0.09187500000000015,-0.18687499999999968
2026-08-16 00:08:53.490,29.281,lower,0.018124999999999947,-0.02375000000000016
2026-08-16 00:08:53.500,29.291,lower,-0.10812500000000003,-0.14249999999999985
2026-08-16 00:08:53.510,29.301,lower,-0.00687499999999952,-0.09124999999999939
2026-08-16 00:08:53.520,29.311,lower,-0.007500000000000284,-0.03937500000000038
2026-08-16 00:08:53.530,29.321,lower,-0.1012499999999994,-0.18124999999999947
2026-08-16 00:08:53.540,29.331,lower,0.0187499999999996,-0.019375000000000364
2026-08-16 00:08:53.550,29.341,lower,-0.09375000000000022,-0.15000000000000013
2026-08-16 00:08:53.560,29.351,lower,-0.015625000000000222,-0.08687499999999959
2026-08-16 00:08:53.570,29.361,lower,-0.0187499999999996,-0.019375000000000364
2026-08-16 00:08:53.580,29.371,lower,-0.08499999999999952,-0.17625000000000002
2026-08-16 00:08:53.590,29.381,lower,0.0187499999999996,-0.014374999999999805
2026-08-16 00:08:53.600,29.391,lower,-0.08437499999999987,-0.11687499999999962
2026-08-16 00:08:53.610,29.401,lower,-0.004374999999999796,-0.07562500000000028
2026-08-16 00:08:53.620,29.411,lower,-0.006249999999999867,-0.028124999999999956
2026-08-16 00:08:53.630,29.421,lower,-0.0968749999999996,-0.17249999999999988
2026-08-16 00:08:53.640,29.431,lower,0.01687500000000064,-0.012499999999999734
2026-08-16 00:08:53.650,29.441,lower,-0.09937499999999932,-0.12812500000000004
2026-08-16 00:08:53.660,29.451,lower,-0.013124999999999387,-0.07124999999999937
2026-08-16 00:08:53.670,29.461,lower,-0.018124999999999947,-0.029375000000000373
2026-08-16 00:08:53.680,29.471,lower,-0.08624999999999994,-0.18625000000000003
2026-08-16 00:08:53.690,29.481,lower,0.014374999999999805,-0.01187500000000008
2026-08-16 00:08:53.700,29.491,lower,-0.08687499999999959,-0.1375000000000004
2026-08-16 00:08:53.710,29.501,lower,-0.006249999999999867,-0.10000000000000009
2026-08-16 00:08:53.720,29.511,lower,-0.004999999999999449,-0.03624999999999989
2026-08-16 00:08:53.730,29.521,lower,-0.0956250000000003,-0.18312499999999954
2026-08-16 00:08:53.740,29.531,lower,0.015000000000000568,-0.017500000000000293
2026-08-16 00:08:53.750,29.541,lower,-0.09874999999999967,-0.14437499999999992
2026-08-16 00:08:53.760,29.551,lower,-0.012499999999999734,-0.09437499999999988
2026-08-16 00:08:53.770,29.561,lower,-0.0006249999999996536,-0.04437499999999983
2026-08-16 00:08:53.780,29.571,lower,-0.08375000000000021,-0.1881250000000001
2026-08-16 00:08:53.790,29.581,lower,0.02062499999999967,-0.018124999999999947
2026-08-16 00:08:53.800,29.591,lower,-0.08874999999999966,-0.1531249999999995
2026-08-16 00:08:53.810,29.601,lower,-0.0006249999999996536,-0.08312499999999945
2026-08-16 00:08:53.820,29.611,lower,-0.008749999999999591,-0.026874999999999538
2026-08-16 00:08:53.830,29.621,lower,-0.09437499999999988,-0.17687499999999967
2026-08-16 00:08:53.840,29.631,lower,0.0187499999999996,-0.020000000000000018
2026-08-16 00:08:53.850,29.641,lower,-0.09937499999999932,-0.15562500000000035
2026-08-16 00:08:53.860,29.651,lower,-0.008749999999999591,-0.08062499999999972
2026-08-16 00:08:53.870,29.661,lower,0.0031250000000004885,-0.029375000000000373
2026-08-16 00:08:53.880,29.671,lower,-0.08000000000000007,-0.17749999999999932
2026-08-16 00:08:53.890,29.681,lower,0.020000000000000018,-0.01687499999999953
2026-08-16 00:08:53.900,29.691,lower,-0.08437499999999987,-0.1287499999999997
2026-08-16 00:08:53.910,29.701,lower,0.0006249999999996536,-0.07312499999999944
2026-08-16 00:08:53.920,29.711,lower,-0.00687499999999952,-0.03562500000000024
2026-08-16 00:08:53.930,29.721,lower,-0.08750000000000036,-0.18562500000000037
2026-08-16 00:08:53.940,29.731,lower,0.01687500000000064,-0.016249999999999876
2026-08-16 00:08:53.950,29.741,lower,-0.09874999999999967,-0.13499999999999956
2026-08-16 00:08:53.960,29.751,lower,-0.006249999999999867,-0.06937500000000041
2026-08-16 00:08:53.970,29.761,lower,-0.0012500000000004174,-0.03437499999999982
2026-08-16 00:08:53.980,29.771,lower,-0.07249999999999979,-0.18562500000000037
2026-08-16 00:08:53.990,29.781,lower,0.02187500000000009,-0.01687499999999953
2026-08-16 00:08:54.000,29.791,lower,-0.09124999999999939,-0.14499999999999957
2026-08-16 00:08:54.010,29.801,lower,-0.014999999999999458,-0.09874999999999967
2026-08-16 00:08:54.020,29.811,lower,-0.017500000000000293,-0.04187500000000011
2026-08-16 00:08:54.030,29.821,lower,-0.08937500000000043,-0.18312499999999954
2026-08-16 00:08:54.040,29.831,lower,0.02375000000000016,-0.027500000000000302
2026-08-16 00:08:54.050,29.841,lower,-0.09937499999999932,-0.14937499999999937
2026-08-16 00:08:54.060,29.851,lower,-0.0031249999999993783,-0.09187500000000015
2026-08-16 00:08:54.070,29.861,lower,0.005625000000000213,-0.04750000000000032
2026-08-16 00:08:54.080,29.871,lower,-0.09624999999999995,-0.18187500000000023
2026-08-16 00:08:54.090,29.881,lower,0.023125000000000506,-0.021249999999999325
2026-08-16 00:08:54.100,29.891,lower,-0.08812500000000001,-0.15937499999999938
2026-08-16 00:08:54.110,29.901,lower,-0.011249999999999316,-0.08437499999999987
2026-08-16 00:08:54.120,29.911,lower,-0.013124999999999387,-0.031249999999999334
2026-08-16 00:08:54.130,29.921,lower,-0.08187500000000014,-0.17625000000000002
2026-08-16 00:08:54.140,29.931,lower,0.018124999999999947,-0.020000000000000018
2026-08-16 00:08:54.150,29.941,lower,-0.09874999999999967,-0.13000000000000012
2026-08-16 00:08:54.160,29.951,lower,0.0,-0.07499999999999951
2026-08-16 00:08:54.170,29.961,lower,-0.003750000000000142,-0.03437499999999982
2026-08-16 00:08:54.180,29.971,lower,-0.0968749999999996,-0.1924999999999999
2026-08-16 00:08:54.190,29.981,lower,0.019375000000000364,-0.013750000000000151
2026-08-16 00:08:54.200,29.991,lower,-0.09437499999999988,-0.1418750000000002
2026-08-16 00:08:54.210,30.001,lower,-0.010624999999999662,-0.06874999999999964
2026-08-16 00:08:54.220,30.011,lower,-0.0187499999999996,-0.03687499999999955
2026-08-16 00:08:54.230,30.021,lower,-0.0824999999999998,-0.19312499999999955
2026-08-16 00:08:54.240,30.031,lower,0.020000000000000018,-0.018124999999999947
2026-08-16 00:08:54.250,30.041,lower,-0.08312499999999945,-0.1475000000000004
2026-08-16 00:08:54.260,30.051,lower,-0.0012500000000004174,-0.10499999999999954
2026-08-16 00:08:54.270,30.061,lower,-0.004374999999999796,-0.04812499999999997
2026-08-16 00:08:54.280,30.071,lower,-0.09000000000000008,-0.18625000000000003
2026-08-16 00:08:54.290,30.081,lower,0.02187500000000009,-0.013124999999999387
2026-08-16 00:08:54.300,30.091,lower,-0.09375000000000022,-0.15812500000000007
2026-08-16 00:08:54.310,30.101,lower,-0.007500000000000284,-0.09187500000000015
2026-08-16 00:08:54.320,30.111,lower,0.0012500000000004174,-0.04874999999999963
2026-08-16 00:08:54.330,30.121,lower,-0.07750000000000035,-0.18249999999999988
2026-08-16 00:08:54.340,30.131,lower,0.02062499999999967,-0.02062499999999967
2026-08-16 00:08:54.350,30.141,lower,-0.08562500000000028,-0.16437499999999994
2026-08-16 00:08:54.360,30.151,lower,0.001875000000000071,-0.08499999999999952
2026-08-16 00:08:54.370,30.161,lower,-0.004999999999999449,-0.03062499999999968
2026-08-16 00:08:54.380,30.171,lower,-0.09000000000000008,-0.18000000000000016
2026-08-16 00:08:54.390,30.181,lower,0.025000000000000577,-0.017500000000000293
2026-08-16 00:08:54.400,30.191,lower,-0.09624999999999995,-0.13249999999999984
2026-08-16 00:08:54.410,30.201,lower,-0.00687499999999952,-0.07687499999999958
2026-08-16 00:08:54.420,30.211,lower,0.004374999999999796,-0.03437499999999982
2026-08-16 00:08:54.430,30.221,lower,-0.07874999999999965,-0.17437499999999995
2026-08-16 00:08:54.440,30.231,lower,0.022499999999999742,-0.019375000000000364
2026-08-16 00:08:54.450,30.241,lower,-0.08562500000000028,-0.13562500000000033
2026-08-16 00:08:54.460,30.251,lower,-0.0012500000000004174,-0.06937500000000041
2026-08-16 00:08:54.470,30.261,lower,-0.008749999999999591,-0.03750000000000031
2026-08-16 00:08:54.480,30.271,lower,-0.08562500000000028,-0.19187500000000024
2026-08-16 00:08:54.490,30.281,lower,0.019375000000000364,-0.021249999999999325
2026-08-16 00:08:54.500,30.291,lower,-0.09750000000000036,-0.14874999999999972
2026-08-16 00:08:54.510,30.301,lower,-0.00687499999999952,-0.10187500000000016
2026-08-16 00:08:54.520,30.311,lower,-0.004374999999999796,-0.04750000000000032
2026-08-16 00:08:54.530,30.321,lower,-0.07562500000000028,-0.19062499999999982
2026-08-16 00:08:54.540,30.331,lower,0.023125000000000506,-0.013750000000000151
2026-08-16 00:08:54.550,30.341,lower,-0.09437499999999988,-0.15812500000000007
2026-08-16 00:08:54.560,30.351,lower,-0.001875000000000071,-0.0924999999999998
2026-08-16 00:08:54.570,30.361,lower,-0.016249999999999876,-0.04874999999999963
2026-08-16 00:08:54.580,30.371,lower,-0.08874999999999966,-0.18312499999999954
2026-08-16 00:08:54.590,30.381,lower,0.018124999999999947,-0.023124999999999396
2026-08-16 00:08:54.600,30.391,lower,-0.09937499999999932,-0.1606249999999998
2026-08-16 00:08:54.610,30.401,lower,-0.005625000000000213,-0.08375000000000021
2026-08-16 00:08:54.620,30.411,lower,-0.0012500000000004174,-0.0318750000000001
2026-08-16 00:08:54.630,30.421,lower,-0.07249999999999979,-0.17687499999999967
2026-08-16 00:08:54.640,30.431,lower,0.019375000000000364,-0.02187500000000009
2026-08-16 00:08:54.650,30.441,lower,-0.09375000000000022,-0.1706249999999998
2026-08-16 00:08:54.660,30.451,lower,-0.013124999999999387,-0.07874999999999965
2026-08-16 00:08:54.670,30.461,lower,-0.017500000000000293,-0.033124999999999405
2026-08-16 00:08:54.680,30.471,lower,-0.08375000000000021,-0.17562500000000036
2026-08-16 00:08:54.690,30.481,lower,0.015625000000000222,-0.017500000000000293
2026-08-16 00:08:54.700,30.491,lower,-0.1056250000000003,-0.1375000000000004
2026-08-16 00:08:54.710,30.501,lower,-0.003750000000000142,-0.07437499999999986
2026-08-16 00:08:54.720,30.511,lower,-0.007500000000000284,-0.04124999999999934
2026-08-16 00:08:54.730,30.521,lower,-0.07124999999999937,-0.19312499999999955
2026-08-16 00:08:54.740,30.531,lower,0.010624999999999662,-0.013750000000000151
2026-08-16 00:08:54.750,30.541,lower,-0.10249999999999981,-0.14937499999999937
2026-08-16 00:08:54.760,30.551,lower,-0.031249999999999334,-0.06624999999999992
2026-08-16 00:08:54.770,30.561,lower,-0.02062499999999967,-0.04249999999999976
2026-08-16 00:08:54.780,30.571,lower,-0.10375000000000023,-0.18562500000000037
2026-08-16 00:08:54.790,30.581,lower,0.008749999999999591,-0.013124999999999387
2026-08-16 00:08:54.800,30.591,lower,-0.11312499999999948,-0.14812500000000006
2026-08-16 00:08:54.810,30.601,lower,-0.021249999999999325,-0.09062499999999973
2026-08-16 00:08:54.820,30.611,lower,-0.005625000000000213,-0.04562500000000025
2026-08-16 00:08:54.830,30.621,lower,-0.10750000000000037,-0.1881250000000001
2026-08-16 00:08:54.840,30.631,lower,0.008124999999999938,-0.02375000000000016
2026-08-16 00:08:54.850,30.641,lower,-0.09874999999999967,-0.16124999999999945
2026-08-16 00:08:54.860,30.651,lower,-0.023124999999999396,-0.08624999999999994
2026-08-16 00:08:54.870,30.661,lower,-0.022499999999999742,-0.05812499999999998
2026-08-16 00:08:54.880,30.671,lower,-0.09499999999999953,-0.1793749999999994
2026-08-16 00:08:54.890,30.681,lower,0.010000000000000009,-0.02187500000000009
2026-08-16 00:08:54.900,30.691,lower,-0.09437499999999988,-0.16687499999999966
2026-08-16 00:08:54.910,30.701,lower,-0.015625000000000222,-0.07874999999999965
2026-08-16 00:08:54.920,30.711,lower,-0.010624999999999662,-0.03062499999999968
2026-08-16 00:08:54.930,30.721,lower,-0.10624999999999996,-0.17437499999999995
2026-08-16 00:08:54.940,30.731,lower,0.010624999999999662,-0.015625000000000222
2026-08-16 00:08:54.950,30.741,lower,-0.1012499999999994,-0.13687499999999964
2026-08-16 00:08:54.960,30.751,lower,-0.02562500000000023,-0.07062499999999972
2026-08-16 00:08:54.970,30.761,lower,-0.024374999999999813,-0.03937500000000038
2026-08-16 00:08:54.980,30.771,lower,-0.09499999999999953,-0.1706249999999998
2026-08-16 00:08:54.990,30.781,lower,0.011250000000000426,-0.010624999999999662
2026-08-16 00:08:55.000,30.791,lower,-0.0924999999999998,-0.14562500000000034
2026-08-16 00:08:55.010,30.801,lower,-0.018124999999999947,-0.06437499999999985
2026-08-16 00:08:55.020,30.811,lower,-0.011249999999999316,-0.04124999999999934
2026-08-16 00:08:55.030,30.821,lower,-0.10375000000000023,-0.19062499999999982
2026-08-16 00:08:55.040,30.831,lower,0.011250000000000426,-0.01687499999999953
2026-08-16 00:08:55.050,30.841,lower,-0.10312499999999947,-0.15375000000000028
2026-08-16 00:08:55.060,30.851,lower,-0.021249999999999325,-0.09124999999999939
2026-08-16 00:08:55.070,30.861,lower,-0.008749999999999591,-0.04750000000000032
2026-08-16 00:08:55.080,30.871,lower,-0.09375000000000022,-0.18687499999999968
2026-08-16 00:08:55.090,30.881,lower,0.010624999999999662,-0.013750000000000151
2026-08-16 00:08:55.100,30.891,lower,-0.10000000000000009,-0.16249999999999987
2026-08-16 00:08:55.110,30.901,lower,-0.014999999999999458,-0.0824999999999998
2026-08-16 00:08:55.120,30.911,lower,-0.014999999999999458,-0.054999999999999494
2026-08-16 00:08:55.130,30.921,lower,-0.10249999999999981,-0.1806249999999998
2026-08-16 00:08:55.140,30.931,lower,0.012499999999999734,-0.020000000000000018
2026-08-16 00:08:55.150,30.941,lower,-0.10812500000000003,-0.1649999999999996
2026-08-16 00:08:55.160,30.951,lower,-0.022499999999999742,-0.07937500000000042
2026-08-16 00:08:55.170,30.961,lower,-0.006249999999999867,-0.03375000000000017
2026-08-16 00:08:55.180,30.971,lower,-0.09000000000000008,-0.17687499999999967
2026-08-16 00:08:55.190,30.981,lower,0.011250000000000426,-0.018124999999999947
2026-08-16 00:08:55.200,30.991,lower,-0.09874999999999967,-0.17187500000000022
2026-08-16 00:08:55.210,31.001,lower,-0.017500000000000293,-0.07312499999999944
2026-08-16 00:08:55.220,31.011,lower,-0.018124999999999947,-0.03937500000000038
2026-08-16 00:08:55.230,31.021,lower,-0.10000000000000009,-0.17562500000000036
2026-08-16 00:08:55.240,31.031,lower,0.0024999999999997247,-0.02062499999999967
2026-08-16 00:08:55.250,31.041,lower,-0.11312499999999948,-0.14562500000000034
2026-08-16 00:08:55.260,31.051,lower,-0.018124999999999947,-0.06937500000000041
2026-08-16 00:08:55.270,31.061,lower,-0.010624999999999662,-0.04437499999999983
2026-08-16 00:08:55.280,31.071,lower,-0.08812500000000001,-0.19562500000000038
2026-08-16 00:08:55.290,31.081,lower,0.010624999999999662,-0.01687499999999953
2026-08-16 00:08:55.300,31.091,lower,-0.10375000000000023,-0.15437499999999993
2026-08-16 00:08:55.310,31.101,lower,-0.03062499999999968,-0.06687499999999957
2026-08-16 00:08:55.320,31.111,lower,-0.02375000000000016,-0.051875000000000115
2026-08-16 00:08:55.330,31.121,lower,-0.10249999999999981,-0.18687499999999968
2026-08-16 00:08:55.340,31.131,lower,0.0050000000000005596,-0.014999999999999458
2026-08-16 00:08:55.350,31.141,lower,-0.11375000000000024,-0.16249999999999987
2026-08-16 00:08:55.360,31.151,lower,-0.02187500000000009,-0.08687499999999959
2026-08-16 00:08:55.370,31.161,lower,-0.010000000000000009,-0.05562500000000026
2026-08-16 00:08:55.380,31.171,lower,-0.08562500000000028,-0.18625000000000003
2026-08-16 00:08:55.390,31.181,lower,0.006875000000000631,-0.0187499999999996
2026-08-16 00:08:55.400,31.191,lower,-0.10437499999999988,-0.16750000000000043
2026-08-16 00:08:55.410,31.201,lower,-0.026249999999999885,-0.08187500000000014
2026-08-16 00:08:55.420,31.211,lower,-0.026249999999999885,-0.06312499999999943
2026-08-16 00:08:55.430,31.221,lower,-0.09624999999999995,-0.17874999999999974
2026-08-16 00:08:55.440,31.231,lower,0.008749999999999591,-0.02375000000000016
2026-08-16 00:08:55.450,31.241,lower,-0.11375000000000024,-0.17562500000000036
2026-08-16 00:08:55.460,31.251,lower,-0.014999999999999458,-0.07437499999999986
2026-08-16 00:08:55.470,31.261,lower,-0.013124999999999387,-0.04124999999999934
2026-08-16 00:08:55.480,31.271,lower,-0.1100000000000001,-0.17687499999999967
2026-08-16 00:08:55.490,31.281,lower,0.006875000000000631,-0.02375000000000016
2026-08-16 00:08:55.500,31.291,lower,-0.11187500000000017,-0.14812500000000006
2026-08-16 00:08:55.510,31.301,lower,-0.027500000000000302,-0.07000000000000006
2026-08-16 00:08:55.520,31.311,lower,-0.030000000000000027,-0.04937500000000039
2026-08-16 00:08:55.530,31.321,lower,-0.10249999999999981,-0.17187500000000022
2026-08-16 00:08:55.540,31.331,lower,0.010624999999999662,-0.018124999999999947
2026-08-16 00:08:55.550,31.341,lower,-0.09437499999999988,-0.15375000000000028
2026-08-16 00:08:55.560,31.351,lower,-0.018124999999999947,-0.06562500000000027
2026-08-16 00:08:55.570,31.361,lower,-0.014374999999999805,-0.0462499999999999
2026-08-16 00:08:55.580,31.371,lower,-0.10437499999999988,-0.19062499999999982
2026-08-16 00:08:55.590,31.381,lower,0.006875000000000631,-0.013750000000000151
2026-08-16 00:08:55.600,31.391,lower,-0.10874999999999968,-0.16249999999999987
2026-08-16 00:08:55.610,31.401,lower,-0.023124999999999396,-0.09124999999999939
2026-08-16 00:08:55.620,31.411,lower,-0.031249999999999334,-0.05437499999999984
2026-08-16 00:08:55.630,31.421,lower,-0.08812500000000001,-0.1881250000000001
2026-08-16 00:08:55.640,31.431,lower,0.007500000000000284,-0.020000000000000018
2026-08-16 00:08:55.650,31.441,lower,-0.10499999999999954,-0.1706249999999998
2026-08-16 00:08:55.660,31.451,lower,-0.013750000000000151,-0.08562500000000028
2026-08-16 00:08:55.670,31.461,lower,-0.021249999999999325,-0.06624999999999992
2026-08-16 00:08:55.680,31.471,lower,-0.1056250000000003,-0.18312499999999954
2026-08-16 00:08:55.690,31.481,lower,0.010624999999999662,-0.021249999999999325
2026-08-16 00:08:55.700,31.491,lower,-0.1112499999999994,-0.17749999999999932
2026-08-16 00:08:55.710,31.501,lower,-0.023124999999999396,-0.07687499999999958
2026-08-16 00:08:55.720,31.511,lower,-0.005625000000000213,-0.040000000000000036
2026-08-16 00:08:55.730,31.521,lower,-0.09187500000000015,-0.18000000000000016
2026-08-16 00:08:55.740,31.531,lower,0.008749999999999591,-0.02062499999999967
2026-08-16 00:08:55.750,31.541,lower,-0.0968749999999996,-0.18749999999999933
2026-08-16 00:08:55.760,31.551,lower,-0.01687499999999953,-0.07187500000000013
2026-08-16 00:08:55.770,31.561,lower,-0.0187499999999996,-0.046874999999999556
2026-08-16 00:08:55.780,31.571,lower,-0.10187500000000016,-0.1706249999999998
2026-08-16 00:08:55.790,31.581,lower,0.010624999999999662,-0.017500000000000293
2026-08-16 00:08:55.800,31.591,lower,-0.11187500000000017,-0.15937499999999938
2026-08-16 00:08:55.810,31.601,lower,-0.0187499999999996,-0.06937500000000041
2026-08-16 00:08:55.820,31.611,lower,-0.009375000000000355,-0.05437499999999984
2026-08-16 00:08:55.830,31.621,lower,-0.08375000000000021,-0.19187500000000024
2026-08-16 00:08:55.840,31.631,lower,0.010624999999999662,-0.023124999999999396
2026-08-16 00:08:55.850,31.641,lower,-0.10062499999999974,-0.16750000000000043
2026-08-16 00:08:55.860,31.651,lower,-0.008749999999999591,-0.09499999999999953
2026-08-16 00:08:55.870,31.661,lower,-0.02062499999999967,-0.0593750000000004
2026-08-16 00:08:55.880,31.671,lower,-0.09624999999999995,-0.19187500000000024
2026-08-16 00:08:55.890,31.681,lower,0.012499999999999734,-0.022499999999999742
2026-08-16 00:08:55.900,31.691,lower,-0.11187500000000017,-0.17437499999999995
2026-08-16 00:08:55.910,31.701,lower,-0.016249999999999876,-0.08750000000000036
2026-08-16 00:08:55.920,31.711,lower,-0.00687499999999952,-0.06687499999999957
2026-08-16 00:08:55.930,31.721,lower,-0.07750000000000035,-0.18562500000000037
2026-08-16 00:08:55.940,31.731,lower,0.012499999999999734,-0.023124999999999396
2026-08-16 00:08:55.950,31.741,lower,-0.10187500000000016,-0.17874999999999974
2026-08-16 00:08:55.960,31.751,lower,-0.024999999999999467,-0.07874999999999965
2026-08-16 00:08:55.970,31.761,lower,-0.022499999999999742,-0.0462499999999999
2026-08-16 00:08:55.980,31.771,lower,-0.09187500000000015,-0.17874999999999974
2026-08-16 00:08:55.990,31.781,lower,0.011250000000000426,-0.024999999999999467
2026-08-16 00:08:56.000,31.791,lower,-0.11499999999999955,-0.1849999999999996
2026-08-16 00:08:56.010,31.801,lower,-0.015625000000000222,-0.07437499999999986
2026-08-16 00:08:56.020,31.811,lower,-0.014374999999999805,-0.05249999999999977
2026-08-16 00:08:56.030,31.821,lower,-0.08000000000000007,-0.17437499999999995
2026-08-16 00:08:56.040,31.831,lower,0.013125000000000497,-0.023124999999999396
2026-08-16 00:08:56.050,31.841,lower,-0.10249999999999981,-0.16000000000000014
2026-08-16 00:08:56.060,31.851,lower,-0.021249999999999325,-0.07187500000000013
2026-08-16 00:08:56.070,31.861,lower,-0.022499999999999742,-0.05437499999999984
2026-08-16 00:08:56.080,31.871,lower,-0.08937500000000043,-0.1937500000000003
2026-08-16 00:08:56.090,31.881,lower,0.010000000000000009,-0.024999999999999467
2026-08-16 00:08:56.100,31.891,lower,-0.11312499999999948,-0.16687499999999966
2026-08-16 00:08:56.110,31.901,lower,-0.014374999999999805,-0.0649999999999995
2026-08-16 00:08:56.120,31.911,lower,-0.01187500000000008,-0.061875000000000124
2026-08-16 00:08:56.130,31.921,lower,-0.1012499999999994,-0.19312499999999955
2026-08-16 00:08:56.140,31.931,lower,0.01187500000000008,-0.024374999999999813
2026-08-16 00:08:56.150,31.941,lower,-0.10375000000000023,-0.1737500000000003
2026-08-16 00:08:56.160,31.951,lower,-0.020000000000000018,-0.08812500000000001
2026-08-16 00:08:56.170,31.961,lower,-0.027500000000000302,-0.06687499999999957
2026-08-16 00:08:56.180,31.971,lower,-0.08687499999999959,-0.18625000000000003
2026-08-16 00:08:56.190,31.981,lower,0.013750000000000151,-0.027500000000000302
2026-08-16 00:08:56.200,31.991,lower,-0.11249999999999982,-0.1793749999999994
2026-08-16 00:08:56.210,32.001,lower,-0.006249999999999867,-0.08437499999999987
2026-08-16 00:08:56.220,32.011,lower,-0.016249999999999876,-0.07437499999999986
2026-08-16 00:08:56.230,32.021,lower,-0.10187500000000016,-0.1837500000000003
2026-08-16 00:08:56.240,32.031,lower,0.015000000000000568,-0.026874999999999538
2026-08-16 00:08:56.250,32.041,lower,-0.1056250000000003,-0.18749999999999933
2026-08-16 00:08:56.260,32.051,lower,-0.020000000000000018,-0.08000000000000007
2026-08-16 00:08:56.270,32.061,lower,-0.030000000000000027,-0.050000000000000044
2026-08-16 00:08:56.280,32.071,lower,-0.08562500000000028,-0.17874999999999974
2026-08-16 00:08:56.290,32.081,lower,0.016249999999999876,-0.028124999999999956
2026-08-16 00:08:56.300,32.091,lower,-0.09375000000000022,-0.1606249999999998
2026-08-16 00:08:56.310,32.101,lower,-0.010000000000000009,-0.07312499999999944
2026-08-16 00:08:56.320,32.111,lower,-0.014374999999999805,-0.05562500000000026
2026-08-16 00:08:56.330,32.121,lower,-0.09375000000000022,-0.17000000000000015
2026-08-16 00:08:56.340,32.131,lower,0.013750000000000151,-0.022499999999999742
2026-08-16 00:08:56.350,32.141,lower,-0.10750000000000037,-0.1693749999999994
2026-08-16 00:08:56.360,32.151,lower,-0.014999999999999458,-0.06624999999999992
2026-08-16 00:08:56.370,32.161,lower,-0.008124999999999938,-0.058749999999999636
2026-08-16 00:08:56.380,32.171,lower,-0.07687499999999958,-0.1937500000000003
2026-08-16 00:08:56.390,32.181,lower,0.014374999999999805,-0.02062499999999967
2026-08-16 00:08:56.400,32.191,lower,-0.10249999999999981,-0.17749999999999932
2026-08-16 00:08:56.410,32.201,lower,-0.00687499999999952,-0.0968749999999996
2026-08-16 00:08:56.420,32.211,lower,-0.01687499999999953,-0.0649999999999995
2026-08-16 00:08:56.430,32.221,lower,-0.09312499999999946,-0.19062499999999982
2026-08-16 00:08:56.440,32.231,lower,0.014374999999999805,-0.024374999999999813
2026-08-16 00:08:56.450,32.241,lower,-0.11375000000000024,-0.18562500000000037
2026-08-16 00:08:56.460,32.251,lower,-0.012499999999999734,-0.08437499999999987
2026-08-16 00:08:56.470,32.261,lower,-0.007500000000000284,-0.07624999999999993
2026-08-16 00:08:56.480,32.271,lower,-0.08124999999999938,-0.18625000000000003
2026-08-16 00:08:56.490,32.281,lower,0.008749999999999591,-0.024999999999999467
2026-08-16 00:08:56.500,32.291,lower,-0.1012499999999994,-0.1893749999999994
2026-08-16 00:08:56.510,32.301,lower,-0.008124999999999938,-0.07937500000000042
2026-08-16 00:08:56.520,32.311,lower,-0.02187500000000009,-0.0506249999999997
2026-08-16 00:08:56.530,32.321,lower,-0.09187500000000015,-0.18124999999999947
2026-08-16 00:08:56.540,32.331,lower,0.006249999999999867,-0.02375000000000016
2026-08-16 00:08:56.550,32.341,lower,-0.11187500000000017,-0.19187500000000024
2026-08-16 00:08:56.560,32.351,lower,-0.01687499999999953,-0.06937500000000041
2026-08-16 00:08:56.570,32.361,lower,-0.01187500000000008,-0.05562500000000026
2026-08-16 00:08:56.580,32.371,lower,-0.07249999999999979,-0.1693749999999994
2026-08-16 00:08:56.590,32.381,lower,0.012499999999999734,-0.024999999999999467
2026-08-16 00:08:56.600,32.391,lower,-0.10624999999999996,-0.16625
2026-08-16 00:08:56.610,32.401,lower,-0.004374999999999796,-0.0637500000000002
2026-08-16 00:08:56.620,32.411,lower,-0.026249999999999885,-0.05812499999999998
2026-08-16 00:08:56.630,32.421,lower,-0.09000000000000008,-0.19499999999999962
2026-08-16 00:08:56.640,32.431,lower,0.013750000000000151,-0.02062499999999967
2026-08-16 00:08:56.650,32.441,lower,-0.11312499999999948,-0.17874999999999974
2026-08-16 00:08:56.660,32.451,lower,-0.010624999999999662,-0.058749999999999636
2026-08-16 00:08:56.670,32.461,lower,-0.015625000000000222,-0.06937500000000041
2026-08-16 00:08:56.680,32.471,lower,-0.07187500000000013,-0.1893749999999994
2026-08-16 00:08:56.690,32.481,lower,0.014374999999999805,-0.024374999999999813
2026-08-16 00:08:56.700,32.491,lower,-0.1056250000000003,-0.18000000000000016
2026-08-16 00:08:56.710,32.501,lower,-0.022499999999999742,-0.08687499999999959
2026-08-16 00:08:56.720,32.511,lower,-0.030000000000000027,-0.07624999999999993
2026-08-16 00:08:56.730,32.521,lower,-0.08750000000000036,-0.18874999999999975
2026-08-16 00:08:56.740,32.531,lower,0.010000000000000009,-0.024374999999999813
2026-08-16 00:08:56.750,32.541,lower,-0.11499999999999955,-0.1893749999999994
2026-08-16 00:08:56.760,32.551,lower,-0.011249999999999316,-0.07874999999999965
2026-08-16 00:08:56.770,32.561,lower,-0.0187499999999996,-0.08562500000000028
2026-08-16 00:08:56.780,32.571,lower,-0.10312499999999947,-0.1806249999999998
2026-08-16 00:08:56.790,32.581,lower,0.013750000000000151,-0.023124999999999396
2026-08-16 00:08:56.800,32.591,lower,-0.1143749999999999,-0.1937500000000003
2026-08-16 00:08:56.810,32.601,lower,-0.018124999999999947,-0.07187500000000013
2026-08-16 00:08:56.820,32.611,lower,-0.03375000000000017,-0.054999999999999494
2026-08-16 00:08:56.830,32.621,lower,-0.08812500000000001,-0.16874999999999973
2026-08-16 00:08:56.840,32.631,lower,0.01187500000000008,-0.02062499999999967
2026-08-16 00:08:56.850,32.641,lower,-0.1200000000000001,-0.1706249999999998
2026-08-16 00:08:56.860,32.651,lower,-0.014999999999999458,-0.0649999999999995
2026-08-16 00:08:56.870,32.661,lower,-0.023124999999999396,-0.06249999999999978
2026-08-16 00:08:56.880,32.671,lower,-0.10000000000000009,-0.16249999999999987
2026-08-16 00:08:56.890,32.681,lower,0.009375000000000355,-0.024374999999999813
2026-08-16 00:08:56.900,32.691,lower,-0.11249999999999982,-0.17749999999999932
2026-08-16 00:08:56.910,32.701,lower,-0.014374999999999805,-0.0593750000000004
2026-08-16 00:08:56.920,32.711,lower,-0.029375000000000373,-0.0637500000000002
2026-08-16 00:08:56.930,32.721,lower,-0.07624999999999993,-0.1806249999999998
2026-08-16 00:08:56.940,32.731,lower,0.015625000000000222,-0.018124999999999947
2026-08-16 00:08:56.950,32.741,lower,-0.09312499999999946,-0.1749999999999996
2026-08-16 00:08:56.960,32.751,lower,0.005625000000000213,-0.07874999999999965
2026-08-16 00:08:56.970,32.761,lower,-0.014374999999999805,-0.06562500000000027
2026-08-16 00:08:56.980,32.771,lower,-0.08124999999999938,-0.17437499999999995
2026-08-16 00:08:56.990,32.781,lower,0.02687500000000065,-0.010000000000000009
2026-08-16 00:08:57.000,32.791,lower,-0.09750000000000036,-0.17187500000000022
2026-08-16 00:08:57.010,32.801,lower,0.0031250000000004885,-0.0649999999999995
2026-08-16 00:08:57.020,32.811,lower,0.006875000000000631,-0.06687499999999957
2026-08-16 00:08:57.030,32.821,lower,-0.05624999999999991,-0.16124999999999945
