timestamp,elapsed_s,segment,roots_V,grounded_roots_V
2026-08-16 18:16:47.899,0.001,lower,0.04562500000000025,-0.008749999999999591
2026-08-16 18:16:47.911,0.013,lower,0.07187500000000013,0.0006249999999996536
2026-08-16 18:16:47.921,0.023,lower,-0.1200000000000001,-0.0506249999999997
2026-08-16 18:16:47.931,0.033,lower,0.06312500000000054,-0.003750000000000142
2026-08-16 18:16:47.941,0.043,lower,-0.07249999999999979,-0.02375000000000016
2026-08-16 18:16:47.951,0.053,lower,0.006875000000000631,-0.027500000000000302
2026-08-16 18:16:47.961,0.063,lower,0.07125000000000048,0.004374999999999796
2026-08-16 18:16:47.971,0.073,lower,-0.12624999999999997,-0.044999999999999485
2026-08-16 18:16:47.981,0.083,lower,0.07249999999999979,-0.0012500000000004174
2026-08-16 18:16:47.991,0.093,lower,-0.051875000000000115,-0.024999999999999467
2026-08-16 18:16:48.001,0.103,lower,-0.007500000000000284,-0.023124999999999396
2026-08-16 18:16:48.011,0.113,lower,0.06937500000000041,0.004374999999999796
2026-08-16 18:16:48.021,0.123,lower,-0.11812500000000004,-0.04750000000000032
2026-08-16 18:16:48.031,0.133,lower,0.061875000000000124,0.0012500000000004174
2026-08-16 18:16:48.041,0.143,lower,-0.028124999999999956,-0.013750000000000151
2026-08-16 18:16:48.051,0.153,lower,0.014374999999999805,-0.017500000000000293
2026-08-16 18:16:48.061,0.163,lower,0.07000000000000006,0.006875000000000631
2026-08-16 18:16:48.071,0.173,lower,-0.13124999999999942,-0.053750000000000187
2026-08-16 18:16:48.081,0.183,lower,0.07000000000000006,0.0012500000000004174
2026-08-16 18:16:48.091,0.193,lower,-0.056874999999999565,-0.020000000000000018
2026-08-16 18:16:48.101,0.203,lower,-0.0031249999999993783,-0.018124999999999947
2026-08-16 18:16:48.111,0.213,lower,0.0637500000000002,0.007500000000000284
2026-08-16 18:16:48.121,0.223,lower,-0.11687499999999962,-0.050000000000000044
2026-08-16 18:16:48.131,0.233,lower,0.06562500000000027,0.001875000000000071
2026-08-16 18:16:48.141,0.243,lower,-0.03249999999999975,-0.019375000000000364
2026-08-16 18:16:48.151,0.253,lower,0.016249999999999876,-0.026874999999999538
2026-08-16 18:16:48.161,0.263,lower,0.06874999999999964,0.005625000000000213
2026-08-16 18:16:48.171,0.273,lower,-0.12499999999999956,-0.04874999999999963
2026-08-16 18:16:48.181,0.283,lower,0.07125000000000048,-0.001875000000000071
2026-08-16 18:16:48.191,0.293,lower,-0.06437499999999985,-0.021249999999999325
2026-08-16 18:16:48.201,0.303,lower,0.001875000000000071,-0.02562500000000023
2026-08-16 18:16:48.211,0.313,lower,0.07062499999999972,0.0012500000000004174
2026-08-16 18:16:48.221,0.323,lower,-0.1100000000000001,-0.04750000000000032
2026-08-16 18:16:48.231,0.333,lower,0.06874999999999964,-0.0024999999999997247
2026-08-16 18:16:48.241,0.343,lower,-0.04124999999999934,-0.024999999999999467
2026-08-16 18:16:48.251,0.353,lower,0.023125000000000506,-0.022499999999999742
2026-08-16 18:16:48.261,0.363,lower,0.07062499999999972,0.005625000000000213
2026-08-16 18:16:48.271,0.373,lower,-0.12062499999999976,-0.0462499999999999
2026-08-16 18:16:48.281,0.383,lower,0.06000000000000005,0.0
2026-08-16 18:16:48.291,0.393,lower,-0.06937500000000041,-0.012499999999999734
2026-08-16 18:16:48.301,0.403,lower,0.009375000000000355,-0.014999999999999458
2026-08-16 18:16:48.311,0.413,lower,0.07062499999999972,0.006249999999999867
2026-08-16 18:16:48.321,0.423,lower,-0.10312499999999947,-0.044999999999999485
2026-08-16 18:16:48.331,0.433,lower,0.06812499999999999,0.003750000000000142
2026-08-16 18:16:48.341,0.443,lower,-0.04874999999999963,-0.016249999999999876
2026-08-16 18:16:48.351,0.453,lower,0.02562500000000023,-0.017500000000000293
2026-08-16 18:16:48.361,0.463,lower,0.07000000000000006,0.008124999999999938
2026-08-16 18:16:48.371,0.473,lower,-0.11812500000000004,-0.04812499999999997
2026-08-16 18:16:48.381,0.483,lower,0.06500000000000061,0.006249999999999867
2026-08-16 18:16:48.391,0.493,lower,-0.07687499999999958,-0.018124999999999947
2026-08-16 18:16:48.401,0.503,lower,0.015625000000000222,-0.027500000000000302
2026-08-16 18:16:48.411,0.513,lower,0.07437499999999986,0.006875000000000631
2026-08-16 18:16:48.421,0.523,lower,-0.10312499999999947,-0.04937500000000039
2026-08-16 18:16:48.431,0.533,lower,0.07062499999999972,0.004374999999999796
2026-08-16 18:16:48.441,0.543,lower,-0.050000000000000044,-0.021249999999999325
2026-08-16 18:16:48.451,0.553,lower,-0.003750000000000142,-0.026249999999999885
2026-08-16 18:16:48.461,0.563,lower,0.06750000000000034,0.003750000000000142
2026-08-16 18:16:48.471,0.573,lower,-0.11375000000000024,-0.04437499999999983
2026-08-16 18:16:48.481,0.583,lower,0.06687500000000068,-0.0006249999999996536
2026-08-16 18:16:48.491,0.593,lower,-0.08375000000000021,-0.02562500000000023
2026-08-16 18:16:48.501,0.603,lower,0.019375000000000364,-0.018124999999999947
2026-08-16 18:16:48.511,0.613,lower,0.07500000000000062,0.006875000000000631
2026-08-16 18:16:48.521,0.623,lower,-0.12499999999999956,-0.04375000000000018
2026-08-16 18:16:48.531,0.633,lower,0.07624999999999993,0.003750000000000142
2026-08-16 18:16:48.541,0.643,lower,-0.054999999999999494,-0.027500000000000302
2026-08-16 18:16:48.551,0.653,lower,0.0050000000000005596,-0.01687499999999953
2026-08-16 18:16:48.561,0.663,lower,0.06874999999999964,0.010624999999999662
2026-08-16 18:16:48.571,0.673,lower,-0.11062499999999975,-0.046874999999999556
2026-08-16 18:16:48.581,0.683,lower,0.06812499999999999,0.004374999999999796
2026-08-16 18:16:48.591,0.693,lower,-0.08750000000000036,-0.01687499999999953
2026-08-16 18:16:48.601,0.703,lower,0.024374999999999813,-0.012499999999999734
2026-08-16 18:16:48.611,0.713,lower,0.07312500000000055,0.010000000000000009
2026-08-16 18:16:48.621,0.723,lower,-0.11874999999999969,-0.04937500000000039
2026-08-16 18:16:48.631,0.733,lower,0.07624999999999993,0.006249999999999867
2026-08-16 18:16:48.641,0.743,lower,-0.06687499999999957,-0.0187499999999996
2026-08-16 18:16:48.651,0.753,lower,0.009375000000000355,-0.026874999999999538
2026-08-16 18:16:48.661,0.763,lower,0.07437499999999986,0.003750000000000142
2026-08-16 18:16:48.671,0.773,lower,-0.10624999999999996,-0.04562500000000025
2026-08-16 18:16:48.681,0.783,lower,0.07187500000000013,0.008749999999999591
2026-08-16 18:16:48.691,0.793,lower,-0.04187500000000011,-0.023124999999999396
2026-08-16 18:16:48.701,0.803,lower,0.026249999999999885,-0.02562500000000023
2026-08-16 18:16:48.711,0.813,lower,0.06937500000000041,0.006875000000000631
2026-08-16 18:16:48.721,0.823,lower,-0.11375000000000024,-0.04750000000000032
2026-08-16 18:16:48.731,0.833,lower,0.07624999999999993,0.0
2026-08-16 18:16:48.741,0.843,lower,-0.0737500000000002,-0.02562500000000023
2026-08-16 18:16:48.751,0.853,lower,0.014374999999999805,-0.0187499999999996
2026-08-16 18:16:48.761,0.863,lower,0.07624999999999993,0.006249999999999867
2026-08-16 18:16:48.771,0.873,lower,-0.10375000000000023,-0.04375000000000018
2026-08-16 18:16:48.781,0.883,lower,0.07500000000000062,0.0012500000000004174
2026-08-16 18:16:48.791,0.893,lower,-0.04812499999999997,-0.031249999999999334
2026-08-16 18:16:48.801,0.903,lower,0.029375000000000373,-0.017500000000000293
2026-08-16 18:16:48.811,0.913,lower,0.07187500000000013,0.008124999999999938
2026-08-16 18:16:48.821,0.923,lower,-0.11312499999999948,-0.044999999999999485
2026-08-16 18:16:48.831,0.933,lower,0.07687499999999958,-0.0006249999999996536
2026-08-16 18:16:48.841,0.943,lower,-0.07562500000000028,-0.02375000000000016
2026-08-16 18:16:48.851,0.953,lower,0.016249999999999876,-0.014374999999999805
2026-08-16 18:16:48.861,0.963,lower,0.07312500000000055,0.007500000000000284
2026-08-16 18:16:48.871,0.973,lower,-0.09874999999999967,-0.04750000000000032
2026-08-16 18:16:48.881,0.983,lower,0.07062499999999972,0.0024999999999997247
2026-08-16 18:16:48.891,0.993,lower,-0.05750000000000033,-0.020000000000000018
2026-08-16 18:16:48.901,1.003,lower,0.03562500000000024,-0.013750000000000151
2026-08-16 18:16:48.911,1.013,lower,0.06937500000000041,0.006249999999999867
2026-08-16 18:16:48.921,1.023,lower,-0.1143749999999999,-0.050000000000000044
2026-08-16 18:16:48.931,1.033,lower,0.07000000000000006,0.0050000000000005596
2026-08-16 18:16:48.941,1.043,lower,-0.08937500000000043,-0.02187500000000009
2026-08-16 18:16:48.951,1.053,lower,0.019375000000000364,-0.024374999999999813
2026-08-16 18:16:48.961,1.063,lower,0.07624999999999993,0.0050000000000005596
2026-08-16 18:16:48.971,1.073,lower,-0.0968749999999996,-0.04437499999999983
2026-08-16 18:16:48.981,1.083,lower,0.07687499999999958,0.0024999999999997247
2026-08-16 18:16:48.991,1.093,lower,-0.06062499999999971,-0.024999999999999467
2026-08-16 18:16:49.001,1.103,lower,0.010624999999999662,-0.017500000000000293
2026-08-16 18:16:49.011,1.113,lower,0.06500000000000061,0.006249999999999867
2026-08-16 18:16:49.021,1.123,lower,-0.10437499999999988,-0.044999999999999485
2026-08-16 18:16:49.031,1.133,lower,0.07187500000000013,0.006249999999999867
2026-08-16 18:16:49.041,1.143,lower,-0.09312499999999946,-0.03062499999999968
2026-08-16 18:16:49.051,1.153,lower,0.02562500000000023,-0.020000000000000018
2026-08-16 18:16:49.061,1.163,lower,0.0737500000000002,0.008124999999999938
2026-08-16 18:16:49.071,1.173,lower,-0.09000000000000008,-0.046874999999999556
2026-08-16 18:16:49.081,1.183,lower,0.07874999999999965,0.006249999999999867
2026-08-16 18:16:49.091,1.193,lower,-0.07062499999999972,-0.016249999999999876
2026-08-16 18:16:49.101,1.203,lower,0.012499999999999734,-0.010624999999999662
2026-08-16 18:16:49.111,1.213,lower,0.06687500000000068,0.008124999999999938
2026-08-16 18:16:49.121,1.223,lower,-0.10187500000000016,-0.04812499999999997
2026-08-16 18:16:49.131,1.233,lower,0.07187500000000013,0.008124999999999938
2026-08-16 18:16:49.141,1.243,lower,-0.10000000000000009,-0.02375000000000016
2026-08-16 18:16:49.151,1.253,lower,0.030000000000000027,-0.009375000000000355
2026-08-16 18:16:49.161,1.263,lower,0.0737500000000002,0.006875000000000631
2026-08-16 18:16:49.171,1.273,lower,-0.11624999999999996,-0.0506249999999997
2026-08-16 18:16:49.181,1.283,lower,0.07500000000000062,0.006249999999999867
2026-08-16 18:16:49.191,1.293,lower,-0.07624999999999993,-0.028124999999999956
2026-08-16 18:16:49.201,1.303,lower,0.019375000000000364,-0.019375000000000364
2026-08-16 18:16:49.211,1.313,lower,0.05750000000000033,0.005625000000000213
2026-08-16 18:16:49.221,1.323,lower,-0.1012499999999994,-0.04375000000000018
2026-08-16 18:16:49.231,1.333,lower,0.07500000000000062,0.0050000000000005596
2026-08-16 18:16:49.241,1.343,lower,-0.05437499999999984,-0.024374999999999813
2026-08-16 18:16:49.251,1.353,lower,0.033125000000000515,-0.016249999999999876
2026-08-16 18:16:49.261,1.363,lower,0.07249999999999979,0.0024999999999997247
2026-08-16 18:16:49.271,1.373,lower,-0.11687499999999962,-0.0462499999999999
2026-08-16 18:16:49.281,1.383,lower,0.078125,0.0006249999999996536
2026-08-16 18:16:49.291,1.393,lower,-0.08062499999999972,-0.031249999999999334
2026-08-16 18:16:49.301,1.403,lower,0.015000000000000568,-0.01687499999999953
2026-08-16 18:16:49.311,1.413,lower,0.05562500000000026,0.007500000000000284
2026-08-16 18:16:49.321,1.423,lower,-0.0956250000000003,-0.04124999999999934
2026-08-16 18:16:49.331,1.433,lower,0.07437499999999986,0.003750000000000142
2026-08-16 18:16:49.341,1.443,lower,-0.061875000000000124,-0.01687499999999953
2026-08-16 18:16:49.351,1.453,lower,0.03437499999999982,-0.01187500000000008
2026-08-16 18:16:49.361,1.463,lower,0.06874999999999964,0.006249999999999867
2026-08-16 18:16:49.371,1.473,lower,-0.11187500000000017,-0.04124999999999934
2026-08-16 18:16:49.381,1.483,lower,0.07874999999999965,0.008749999999999591
2026-08-16 18:16:49.391,1.493,lower,-0.0924999999999998,-0.021249999999999325
2026-08-16 18:16:49.401,1.503,lower,0.02375000000000016,-0.013124999999999387
2026-08-16 18:16:49.411,1.513,lower,0.07249999999999979,0.007500000000000284
2026-08-16 18:16:49.421,1.523,lower,-0.09624999999999995,-0.04812499999999997
2026-08-16 18:16:49.431,1.533,lower,0.0737500000000002,0.0050000000000005596
2026-08-16 18:16:49.441,1.543,lower,-0.07062499999999972,-0.026874999999999538
2026-08-16 18:16:49.451,1.553,lower,0.03624999999999989,-0.021249999999999325
2026-08-16 18:16:49.461,1.563,lower,0.06562500000000027,0.006249999999999867
2026-08-16 18:16:49.471,1.573,lower,-0.10750000000000037,-0.04937500000000039
2026-08-16 18:16:49.481,1.583,lower,0.06750000000000034,0.005625000000000213
2026-08-16 18:16:49.491,1.593,lower,-0.09624999999999995,-0.031249999999999334
2026-08-16 18:16:49.501,1.603,lower,0.02562500000000023,-0.02062499999999967
2026-08-16 18:16:49.511,1.613,lower,0.07125000000000048,0.0031250000000004885
2026-08-16 18:16:49.521,1.623,lower,-0.09000000000000008,-0.044999999999999485
2026-08-16 18:16:49.531,1.633,lower,0.07687499999999958,0.001875000000000071
2026-08-16 18:16:49.541,1.643,lower,-0.078125,-0.03062499999999968
2026-08-16 18:16:49.551,1.653,lower,0.040000000000000036,-0.018124999999999947
2026-08-16 18:16:49.561,1.663,lower,0.06125000000000047,0.007500000000000284
2026-08-16 18:16:49.571,1.673,lower,-0.1056250000000003,-0.04187500000000011
2026-08-16 18:16:49.581,1.683,lower,0.07187500000000013,0.006249999999999867
2026-08-16 18:16:49.591,1.693,lower,-0.09937499999999932,-0.03375000000000017
2026-08-16 18:16:49.601,1.703,lower,0.03062499999999968,-0.013124999999999387
2026-08-16 18:16:49.611,1.713,lower,0.07000000000000006,0.004374999999999796
2026-08-16 18:16:49.621,1.723,lower,-0.08062499999999972,-0.04249999999999976
2026-08-16 18:16:49.631,1.733,lower,0.07750000000000035,0.009375000000000355
2026-08-16 18:16:49.641,1.743,lower,-0.07874999999999965,-0.022499999999999742
2026-08-16 18:16:49.651,1.753,lower,0.013125000000000497,-0.008749999999999591
2026-08-16 18:16:49.661,1.763,lower,0.05312500000000053,0.006249999999999867
2026-08-16 18:16:49.671,1.773,lower,-0.10312499999999947,-0.0506249999999997
2026-08-16 18:16:49.681,1.783,lower,0.07062499999999972,0.0050000000000005596
2026-08-16 18:16:49.691,1.793,lower,-0.10687499999999961,-0.03062499999999968
2026-08-16 18:16:49.701,1.803,lower,0.030000000000000027,-0.011249999999999316
2026-08-16 18:16:49.711,1.813,lower,0.06437499999999985,0.0031250000000004885
2026-08-16 18:16:49.721,1.823,lower,-0.11562500000000031,-0.04750000000000032
2026-08-16 18:16:49.731,1.833,lower,0.07687499999999958,0.003750000000000142
2026-08-16 18:16:49.741,1.843,lower,-0.0924999999999998,-0.02874999999999961
2026-08-16 18:16:49.751,1.853,lower,0.017500000000000293,-0.021249999999999325
2026-08-16 18:16:49.761,1.863,lower,0.04874999999999963,0.0006249999999996536
2026-08-16 18:16:49.771,1.873,lower,-0.09874999999999967,-0.0462499999999999
2026-08-16 18:16:49.781,1.883,lower,0.07312500000000055,0.003750000000000142
2026-08-16 18:16:49.791,1.893,lower,-0.11562500000000031,-0.03249999999999975
2026-08-16 18:16:49.801,1.903,lower,0.03249999999999975,-0.012499999999999734
2026-08-16 18:16:49.811,1.913,lower,0.06750000000000034,0.0024999999999997247
2026-08-16 18:16:49.821,1.923,lower,-0.11375000000000024,-0.04249999999999976
2026-08-16 18:16:49.831,1.933,lower,0.07249999999999979,0.006875000000000631
2026-08-16 18:16:49.841,1.943,lower,-0.09375000000000022,-0.03249999999999975
2026-08-16 18:16:49.851,1.953,lower,0.02562500000000023,-0.01187500000000008
2026-08-16 18:16:49.861,1.963,lower,0.04062499999999969,0.0050000000000005596
2026-08-16 18:16:49.871,1.973,lower,-0.09124999999999939,-0.040000000000000036
2026-08-16 18:16:49.881,1.983,lower,0.07249999999999979,0.006875000000000631
2026-08-16 18:16:49.891,1.993,lower,-0.07562500000000028,-0.02562500000000023
2026-08-16 18:16:49.901,2.003,lower,0.03624999999999989,-0.009375000000000355
2026-08-16 18:16:49.911,2.013,lower,0.05624999999999991,0.0031250000000004885
2026-08-16 18:16:49.921,2.023,lower,-0.1112499999999994,-0.0462499999999999
2026-08-16 18:16:49.931,2.033,lower,0.07500000000000062,0.0050000000000005596
2026-08-16 18:16:49.941,2.043,lower,-0.10437499999999988,-0.028124999999999956
2026-08-16 18:16:49.951,2.053,lower,0.022499999999999742,-0.013124999999999387
2026-08-16 18:16:49.961,2.063,lower,0.06812499999999999,0.0050000000000005596
2026-08-16 18:16:49.971,2.073,lower,-0.09062499999999973,-0.04750000000000032
2026-08-16 18:16:49.981,2.083,lower,0.07500000000000062,0.008749999999999591
2026-08-16 18:16:49.991,2.093,lower,-0.07937500000000042,-0.030000000000000027
2026-08-16 18:16:50.001,2.103,lower,0.040000000000000036,-0.0187499999999996
2026-08-16 18:16:50.011,2.113,lower,0.05750000000000033,0.005625000000000213
2026-08-16 18:16:50.021,2.123,lower,-0.10499999999999954,-0.04375000000000018
2026-08-16 18:16:50.031,2.133,lower,0.07500000000000062,0.0012500000000004174
2026-08-16 18:16:50.041,2.143,lower,-0.10937499999999933,-0.02874999999999961
2026-08-16 18:16:50.051,2.153,lower,0.02562500000000023,-0.020000000000000018
2026-08-16 18:16:50.061,2.163,lower,0.06500000000000061,-0.0006249999999996536
2026-08-16 18:16:50.071,2.173,lower,-0.08375000000000021,-0.04375000000000018
2026-08-16 18:16:50.081,2.183,lower,0.07437499999999986,0.0012500000000004174
2026-08-16 18:16:50.091,2.193,lower,-0.08812500000000001,-0.03687499999999955
2026-08-16 18:16:50.101,2.203,lower,0.038124999999999964,-0.01187500000000008
2026-08-16 18:16:50.111,2.213,lower,0.05125000000000046,0.0050000000000005596
2026-08-16 18:16:50.121,2.223,lower,-0.10000000000000009,-0.04062499999999969
2026-08-16 18:16:50.131,2.233,lower,0.0737500000000002,0.006249999999999867
2026-08-16 18:16:50.141,2.243,lower,-0.11499999999999955,-0.02375000000000016
2026-08-16 18:16:50.151,2.253,lower,0.031250000000000444,-0.009375000000000355
2026-08-16 18:16:50.161,2.263,lower,0.06750000000000034,0.006249999999999867
2026-08-16 18:16:50.171,2.273,lower,-0.07750000000000035,-0.04437499999999983
2026-08-16 18:16:50.181,2.283,lower,0.07437499999999986,0.009375000000000355
2026-08-16 18:16:50.191,2.293,lower,-0.08937500000000043,-0.02874999999999961
2026-08-16 18:16:50.201,2.303,lower,0.014374999999999805,-0.01187500000000008
2026-08-16 18:16:50.211,2.313,lower,0.0462499999999999,0.006249999999999867
2026-08-16 18:16:50.221,2.323,lower,-0.10000000000000009,-0.050000000000000044
2026-08-16 18:16:50.231,2.333,lower,0.07187500000000013,0.007500000000000284
2026-08-16 18:16:50.241,2.343,lower,-0.11375000000000024,-0.03062499999999968
2026-08-16 18:16:50.251,2.353,lower,0.03562500000000024,-0.01687499999999953
2026-08-16 18:16:50.261,2.363,lower,0.06062499999999971,0.003750000000000142
2026-08-16 18:16:50.271,2.373,lower,-0.06750000000000034,-0.044999999999999485
2026-08-16 18:16:50.281,2.383,lower,0.07562500000000028,0.010624999999999662
2026-08-16 18:16:50.291,2.393,lower,-0.10062499999999974,-0.03375000000000017
2026-08-16 18:16:50.301,2.403,lower,0.021250000000000435,-0.014374999999999805
2026-08-16 18:16:50.311,2.413,lower,0.03437499999999982,0.003750000000000142
2026-08-16 18:16:50.321,2.423,lower,-0.0924999999999998,-0.04249999999999976
2026-08-16 18:16:50.331,2.433,lower,0.07500000000000062,0.004374999999999796
2026-08-16 18:16:50.341,2.443,lower,-0.12187500000000018,-0.040000000000000036
2026-08-16 18:16:50.351,2.453,lower,0.03437499999999982,-0.012499999999999734
2026-08-16 18:16:50.361,2.463,lower,0.058749999999999636,0.006249999999999867
2026-08-16 18:16:50.371,2.473,lower,-0.1112499999999994,-0.040000000000000036
2026-08-16 18:16:50.381,2.483,lower,0.07624999999999993,0.008124999999999938
2026-08-16 18:16:50.391,2.493,lower,-0.10499999999999954,-0.02562500000000023
2026-08-16 18:16:50.401,2.503,lower,0.02375000000000016,-0.011249999999999316
2026-08-16 18:16:50.411,2.513,lower,0.03062499999999968,0.005625000000000213
2026-08-16 18:16:50.421,2.523,lower,-0.08812500000000001,-0.04124999999999934
2026-08-16 18:16:50.431,2.533,lower,0.06687500000000068,0.0050000000000005596
2026-08-16 18:16:50.441,2.543,lower,-0.08499999999999952,-0.026249999999999885
2026-08-16 18:16:50.451,2.553,lower,0.03624999999999989,-0.008124999999999938
2026-08-16 18:16:50.461,2.563,lower,0.05437499999999984,0.006249999999999867
2026-08-16 18:16:50.471,2.573,lower,-0.10874999999999968,-0.04874999999999963
2026-08-16 18:16:50.481,2.583,lower,0.0737500000000002,0.005625000000000213
2026-08-16 18:16:50.491,2.593,lower,-0.10937499999999933,-0.030000000000000027
2026-08-16 18:16:50.501,2.603,lower,0.028124999999999956,-0.017500000000000293
2026-08-16 18:16:50.511,2.613,lower,0.022499999999999742,0.0024999999999997247
2026-08-16 18:16:50.521,2.623,lower,-0.08062499999999972,-0.04437499999999983
2026-08-16 18:16:50.531,2.633,lower,0.07562500000000028,0.011250000000000426
2026-08-16 18:16:50.541,2.643,lower,-0.09000000000000008,-0.03249999999999975
2026-08-16 18:16:50.551,2.653,lower,0.04187500000000011,-0.012499999999999734
2026-08-16 18:16:50.561,2.663,lower,0.0506249999999997,0.0024999999999997247
2026-08-16 18:16:50.571,2.673,lower,-0.1012499999999994,-0.040000000000000036
2026-08-16 18:16:50.581,2.683,lower,0.07937500000000042,0.006875000000000631
2026-08-16 18:16:50.591,2.693,lower,-0.11249999999999982,-0.034999999999999476
2026-08-16 18:16:50.601,2.703,lower,0.03437499999999982,-0.010624999999999662
2026-08-16 18:16:50.611,2.713,lower,0.06312500000000054,0.004374999999999796
2026-08-16 18:16:50.621,2.723,lower,-0.07624999999999993,-0.04437499999999983
2026-08-16 18:16:50.631,2.733,lower,0.07562500000000028,0.005625000000000213
2026-08-16 18:16:50.641,2.743,lower,-0.09437499999999988,-0.03687499999999955
2026-08-16 18:16:50.651,2.753,lower,0.0462499999999999,-0.008124999999999938
2026-08-16 18:16:50.661,2.763,lower,0.043125000000000524,0.004374999999999796
2026-08-16 18:16:50.671,2.773,lower,-0.09437499999999988,-0.03937500000000038
2026-08-16 18:16:50.681,2.783,lower,0.06937500000000041,0.005625000000000213
2026-08-16 18:16:50.691,2.793,lower,-0.11937499999999934,-0.026874999999999538
2026-08-16 18:16:50.701,2.803,lower,0.03375000000000017,-0.006249999999999867
2026-08-16 18:16:50.711,2.813,lower,0.06062499999999971,0.0024999999999997247
2026-08-16 18:16:50.721,2.823,lower,-0.06562500000000027,-0.04750000000000032
2026-08-16 18:16:50.731,2.833,lower,0.07687499999999958,0.009375000000000355
2026-08-16 18:16:50.741,2.843,lower,-0.09937499999999932,-0.031249999999999334
2026-08-16 18:16:50.751,2.853,lower,0.04812499999999997,-0.005625000000000213
2026-08-16 18:16:50.761,2.863,lower,0.03750000000000031,0.006875000000000631
2026-08-16 18:16:50.771,2.873,lower,-0.08687499999999959,-0.04062499999999969
2026-08-16 18:16:50.781,2.883,lower,0.0737500000000002,0.008749999999999591
2026-08-16 18:16:50.791,2.893,lower,-0.12187500000000018,-0.03375000000000017
2026-08-16 18:16:50.801,2.903,lower,0.04375000000000018,-0.012499999999999734
2026-08-16 18:16:50.811,2.913,lower,0.0593750000000004,0.0050000000000005596
2026-08-16 18:16:50.821,2.923,lower,-0.061875000000000124,-0.04249999999999976
2026-08-16 18:16:50.831,2.933,lower,0.08062499999999972,0.004374999999999796
2026-08-16 18:16:50.841,2.943,lower,-0.1012499999999994,-0.034999999999999476
2026-08-16 18:16:50.851,2.953,lower,0.028124999999999956,-0.012499999999999734
2026-08-16 18:16:50.861,2.963,lower,0.033125000000000515,0.0006249999999996536
2026-08-16 18:16:50.871,2.973,lower,-0.0824999999999998,-0.03937500000000038
2026-08-16 18:16:50.881,2.983,lower,0.07624999999999993,0.004374999999999796
2026-08-16 18:16:50.891,2.993,lower,-0.12124999999999941,-0.03624999999999989
2026-08-16 18:16:50.901,3.003,lower,0.04062499999999969,-0.007500000000000284
2026-08-16 18:16:50.911,3.013,lower,0.05624999999999991,0.0012500000000004174
2026-08-16 18:16:50.921,3.023,lower,-0.10499999999999954,-0.038124999999999964
2026-08-16 18:16:50.931,3.033,lower,0.07750000000000035,0.006249999999999867
2026-08-16 18:16:50.941,3.043,lower,-0.10937499999999933,-0.027500000000000302
2026-08-16 18:16:50.951,3.053,lower,0.0318750000000001,-0.007500000000000284
2026-08-16 18:16:50.961,3.063,lower,0.022499999999999742,0.0006249999999996536
2026-08-16 18:16:50.971,3.073,lower,-0.08062499999999972,-0.046874999999999556
2026-08-16 18:16:50.981,3.083,lower,0.07312500000000055,0.006875000000000631
2026-08-16 18:16:50.991,3.093,lower,-0.12624999999999997,-0.030000000000000027
2026-08-16 18:16:51.001,3.103,lower,0.04187500000000011,-0.008124999999999938
2026-08-16 18:16:51.011,3.113,lower,0.04937500000000039,0.006249999999999867
2026-08-16 18:16:51.021,3.123,lower,-0.10000000000000009,-0.04437499999999983
2026-08-16 18:16:51.031,3.133,lower,0.078125,0.008749999999999591
2026-08-16 18:16:51.041,3.143,lower,-0.11375000000000024,-0.03750000000000031
2026-08-16 18:16:51.051,3.153,lower,0.031250000000000444,-0.01687499999999953
2026-08-16 18:16:51.061,3.163,lower,0.015000000000000568,0.0006249999999996536
2026-08-16 18:16:51.071,3.173,lower,-0.07499999999999951,-0.0462499999999999
2026-08-16 18:16:51.081,3.183,lower,0.078125,0.0012500000000004174
2026-08-16 18:16:51.091,3.193,lower,-0.10062499999999974,-0.03624999999999989
2026-08-16 18:16:51.101,3.203,lower,0.04437499999999983,-0.012499999999999734
2026-08-16 18:16:51.111,3.213,lower,0.04249999999999976,-0.0024999999999997247
2026-08-16 18:16:51.121,3.223,lower,-0.09375000000000022,-0.04062499999999969
2026-08-16 18:16:51.131,3.233,lower,0.08062499999999972,0.006249999999999867
2026-08-16 18:16:51.141,3.243,lower,-0.11750000000000038,-0.04062499999999969
2026-08-16 18:16:51.151,3.253,lower,0.038124999999999964,-0.007500000000000284
2026-08-16 18:16:51.161,3.263,lower,0.0593750000000004,0.001875000000000071
2026-08-16 18:16:51.171,3.273,lower,-0.06562500000000027,-0.03874999999999962
2026-08-16 18:16:51.181,3.283,lower,0.07624999999999993,0.005625000000000213
2026-08-16 18:16:51.191,3.293,lower,-0.10375000000000023,-0.02874999999999961
2026-08-16 18:16:51.201,3.303,lower,0.04750000000000032,-0.006249999999999867
2026-08-16 18:16:51.211,3.313,lower,0.03687500000000066,0.004374999999999796
2026-08-16 18:16:51.221,3.323,lower,-0.08937500000000043,-0.03937500000000038
2026-08-16 18:16:51.231,3.333,lower,0.07937500000000042,0.010000000000000009
2026-08-16 18:16:51.241,3.343,lower,-0.1200000000000001,-0.033124999999999405
2026-08-16 18:16:51.251,3.353,lower,0.03437499999999982,-0.011249999999999316
2026-08-16 18:16:51.261,3.363,lower,0.05624999999999991,0.0006249999999996536
2026-08-16 18:16:51.271,3.373,lower,-0.06000000000000005,-0.04437499999999983
2026-08-16 18:16:51.281,3.383,lower,0.07437499999999986,0.006875000000000631
2026-08-16 18:16:51.291,3.393,lower,-0.10624999999999996,-0.03375000000000017
2026-08-16 18:16:51.301,3.403,lower,0.0506249999999997,-0.014999999999999458
2026-08-16 18:16:51.311,3.413,lower,0.027500000000000302,0.0031250000000004885
2026-08-16 18:16:51.321,3.423,lower,-0.08437499999999987,-0.046874999999999556
2026-08-16 18:16:51.331,3.433,lower,0.07687499999999958,0.009375000000000355
2026-08-16 18:16:51.341,3.443,lower,-0.12312499999999948,-0.040000000000000036
2026-08-16 18:16:51.351,3.453,lower,0.04062499999999969,-0.01187500000000008
2026-08-16 18:16:51.361,3.463,lower,0.053750000000000187,0.0006249999999996536
2026-08-16 18:16:51.371,3.473,lower,-0.053750000000000187,-0.040000000000000036
2026-08-16 18:16:51.381,3.483,lower,0.08000000000000007,0.006249999999999867
2026-08-16 18:16:51.391,3.493,lower,-0.11062499999999975,-0.03624999999999989
2026-08-16 18:16:51.401,3.503,lower,0.0318750000000001,-0.009375000000000355
2026-08-16 18:16:51.411,3.513,lower,0.02187500000000009,0.0031250000000004885
2026-08-16 18:16:51.421,3.523,lower,-0.07687499999999958,-0.03937500000000038
2026-08-16 18:16:51.431,3.533,lower,0.078125,0.006875000000000631
2026-08-16 18:16:51.441,3.543,lower,-0.12562500000000032,-0.04249999999999976
2026-08-16 18:16:51.451,3.553,lower,0.04187500000000011,-0.013124999999999387
2026-08-16 18:16:51.461,3.563,lower,0.0462499999999999,0.001875000000000071
2026-08-16 18:16:51.471,3.573,lower,-0.04874999999999963,-0.03937500000000038
2026-08-16 18:16:51.481,3.583,lower,0.078125,0.007500000000000284
2026-08-16 18:16:51.491,3.593,lower,-0.11687499999999962,-0.034999999999999476
2026-08-16 18:16:51.501,3.603,lower,0.03375000000000017,-0.004999999999999449
2026-08-16 18:16:51.511,3.613,lower,0.013750000000000151,0.0031250000000004885
2026-08-16 18:16:51.521,3.623,lower,-0.07124999999999937,-0.046874999999999556
2026-08-16 18:16:51.531,3.633,lower,0.07624999999999993,0.008124999999999938
2026-08-16 18:16:51.541,3.643,lower,-0.13062499999999977,-0.03562500000000024
2026-08-16 18:16:51.551,3.653,lower,0.04750000000000032,0.0
2026-08-16 18:16:51.561,3.663,lower,0.040000000000000036,0.0006249999999996536
2026-08-16 18:16:51.571,3.673,lower,-0.0956250000000003,-0.043124999999999414
2026-08-16 18:16:51.581,3.683,lower,0.07624999999999993,0.009375000000000355
2026-08-16 18:16:51.591,3.693,lower,-0.1200000000000001,-0.03687499999999955
2026-08-16 18:16:51.601,3.703,lower,0.03624999999999989,-0.008124999999999938
2026-08-16 18:16:51.611,3.713,lower,0.0050000000000005596,-0.0012500000000004174
2026-08-16 18:16:51.621,3.723,lower,-0.0649999999999995,-0.04249999999999976
2026-08-16 18:16:51.631,3.733,lower,0.07874999999999965,0.006875000000000631
2026-08-16 18:16:51.641,3.743,lower,-0.10437499999999988,-0.03874999999999962
2026-08-16 18:16:51.651,3.753,lower,0.04874999999999963,-0.010624999999999662
2026-08-16 18:16:51.661,3.763,lower,0.03062499999999968,0.0031250000000004885
2026-08-16 18:16:51.671,3.773,lower,-0.0924999999999998,-0.043124999999999414
2026-08-16 18:16:51.681,3.783,lower,0.07937500000000042,0.0050000000000005596
2026-08-16 18:16:51.691,3.793,lower,-0.12187500000000018,-0.04375000000000018
2026-08-16 18:16:51.701,3.803,lower,0.038124999999999964,-0.012499999999999734
2026-08-16 18:16:51.711,3.813,lower,0.051875000000000115,0.0
2026-08-16 18:16:51.721,3.823,lower,-0.058749999999999636,-0.034999999999999476
2026-08-16 18:16:51.731,3.833,lower,0.07750000000000035,0.007500000000000284
2026-08-16 18:16:51.741,3.843,lower,-0.10812500000000003,-0.031249999999999334
2026-08-16 18:16:51.751,3.853,lower,0.0506249999999997,-0.004999999999999449
2026-08-16 18:16:51.761,3.863,lower,0.026249999999999885,0.003750000000000142
2026-08-16 18:16:51.771,3.873,lower,-0.08124999999999938,-0.0462499999999999
2026-08-16 18:16:51.781,3.883,lower,0.07624999999999993,0.011250000000000426
2026-08-16 18:16:51.791,3.893,lower,-0.12624999999999997,-0.038124999999999964
2026-08-16 18:16:51.801,3.903,lower,0.03750000000000031,-0.004999999999999449
2026-08-16 18:16:51.811,3.913,lower,0.0506249999999997,0.0006249999999996536
2026-08-16 18:16:51.821,3.923,lower,-0.051875000000000115,-0.04124999999999934
2026-08-16 18:16:51.831,3.933,lower,0.07125000000000048,0.008124999999999938
2026-08-16 18:16:51.841,3.943,lower,-0.11562500000000031,-0.038124999999999964
2026-08-16 18:16:51.851,3.953,lower,0.05249999999999977,-0.011249999999999316
2026-08-16 18:16:51.861,3.963,lower,0.01687500000000064,-0.0031249999999993783
2026-08-16 18:16:51.871,3.973,lower,-0.078125,-0.04187500000000011
2026-08-16 18:16:51.881,3.983,lower,0.0737500000000002,0.006875000000000631
2026-08-16 18:16:51.891,3.993,lower,-0.13249999999999984,-0.04124999999999934
2026-08-16 18:16:51.901,4.003,lower,0.043125000000000524,-0.008749999999999591
2026-08-16 18:16:51.911,4.013,lower,0.04125000000000045,0.0031250000000004885
2026-08-16 18:16:51.921,4.023,lower,-0.046874999999999556,-0.04187500000000011
2026-08-16 18:16:51.931,4.033,lower,0.07750000000000035,0.0
2026-08-16 18:16:51.941,4.043,lower,-0.12249999999999983,-0.044999999999999485
2026-08-16 18:16:51.951,4.053,lower,0.050000000000000044,-0.006249999999999867
2026-08-16 18:16:51.961,4.063,lower,0.011250000000000426,-0.0006249999999996536
2026-08-16 18:16:51.971,4.073,lower,-0.07249999999999979,-0.03624999999999989
2026-08-16 18:16:51.981,4.083,lower,0.078125,0.010000000000000009
2026-08-16 18:16:51.991,4.093,lower,-0.13249999999999984,-0.034999999999999476
2026-08-16 18:16:52.001,4.103,lower,0.045000000000000595,-0.004999999999999449
2026-08-16 18:16:52.011,4.113,lower,0.035000000000000586,0.0
2026-08-16 18:16:52.021,4.123,lower,-0.043124999999999414,-0.03562500000000024
2026-08-16 18:16:52.031,4.133,lower,0.078125,0.008749999999999591
2026-08-16 18:16:52.041,4.143,lower,-0.12312499999999948,-0.03937500000000038
2026-08-16 18:16:52.051,4.153,lower,0.03249999999999975,-0.007500000000000284
2026-08-16 18:16:52.061,4.163,lower,0.001875000000000071,0.0
2026-08-16 18:16:52.071,4.173,lower,-0.06624999999999992,-0.046874999999999556
2026-08-16 18:16:52.081,4.183,lower,0.07562500000000028,0.008124999999999938
2026-08-16 18:16:52.091,4.193,lower,-0.13249999999999984,-0.03750000000000031
2026-08-16 18:16:52.101,4.203,lower,0.04375000000000018,-0.012499999999999734
2026-08-16 18:16:52.111,4.213,lower,0.02874999999999961,-0.0024999999999997247
2026-08-16 18:16:52.121,4.223,lower,-0.09312499999999946,-0.04249999999999976
2026-08-16 18:16:52.131,4.233,lower,0.07437499999999986,0.006875000000000631
2026-08-16 18:16:52.141,4.243,lower,-0.12562500000000032,-0.04062499999999969
2026-08-16 18:16:52.151,4.253,lower,0.03750000000000031,-0.010624999999999662
2026-08-16 18:16:52.161,4.263,lower,-0.003750000000000142,-0.003750000000000142
2026-08-16 18:16:52.171,4.273,lower,-0.06437499999999985,-0.040000000000000036
2026-08-16 18:16:52.181,4.283,lower,0.07187500000000013,0.004374999999999796
2026-08-16 18:16:52.191,4.293,lower,-0.1343749999999999,-0.04124999999999934
2026-08-16 18:16:52.201,4.303,lower,0.046875000000000666,-0.006249999999999867
2026-08-16 18:16:52.211,4.313,lower,0.0187499999999996,0.003750000000000142
2026-08-16 18:16:52.221,4.323,lower,-0.08687499999999959,-0.03562500000000024
2026-08-16 18:16:52.231,4.333,lower,0.07562500000000028,0.007500000000000284
2026-08-16 18:16:52.241,4.343,lower,-0.12687499999999963,-0.03937500000000038
2026-08-16 18:16:52.251,4.353,lower,0.04062499999999969,-0.006249999999999867
2026-08-16 18:16:52.261,4.363,lower,-0.008749999999999591,0.0024999999999997247
2026-08-16 18:16:52.271,4.373,lower,-0.058749999999999636,-0.03375000000000017
2026-08-16 18:16:52.281,4.383,lower,0.07562500000000028,0.009375000000000355
2026-08-16 18:16:52.291,4.393,lower,-0.11750000000000038,-0.03750000000000031
2026-08-16 18:16:52.301,4.403,lower,0.050000000000000044,-0.0031249999999993783
2026-08-16 18:16:52.311,4.413,lower,0.015625000000000222,-0.0031249999999993783
2026-08-16 18:16:52.321,4.423,lower,-0.07874999999999965,-0.0462499999999999
2026-08-16 18:16:52.331,4.433,lower,0.07937500000000042,0.01187500000000008
2026-08-16 18:16:52.341,4.443,lower,-0.13124999999999942,-0.03874999999999962
2026-08-16 18:16:52.351,4.453,lower,0.045000000000000595,-0.01187500000000008
2026-08-16 18:16:52.361,4.463,lower,0.04187500000000011,-0.003750000000000142
2026-08-16 18:16:52.371,4.473,lower,-0.04874999999999963,-0.03937500000000038
2026-08-16 18:16:52.381,4.483,lower,0.07687499999999958,0.011250000000000426
2026-08-16 18:16:52.391,4.493,lower,-0.12249999999999983,-0.04062499999999969
2026-08-16 18:16:52.401,4.503,lower,0.051875000000000115,-0.008749999999999591
2026-08-16 18:16:52.411,4.513,lower,0.010000000000000009,-0.004999999999999449
2026-08-16 18:16:52.421,4.523,lower,-0.07062499999999972,-0.03937500000000038
2026-08-16 18:16:52.431,4.533,lower,0.07500000000000062,0.010000000000000009
2026-08-16 18:16:52.441,4.543,lower,-0.1343749999999999,-0.04187500000000011
2026-08-16 18:16:52.451,4.553,lower,0.043125000000000524,-0.011249999999999316
2026-08-16 18:16:52.461,4.563,lower,0.03437499999999982,0.0012500000000004174
2026-08-16 18:16:52.471,4.573,lower,-0.04124999999999934,-0.03562500000000024
2026-08-16 18:16:52.481,4.583,lower,0.07874999999999965,0.0050000000000005596
2026-08-16 18:16:52.491,4.593,lower,-0.12499999999999956,-0.04187500000000011
2026-08-16 18:16:52.501,4.603,lower,0.05437499999999984,-0.0012500000000004174
2026-08-16 18:16:52.511,4.613,lower,0.006875000000000631,0.0006249999999996536
2026-08-16 18:16:52.521,4.623,lower,-0.06750000000000034,-0.0318750000000001
2026-08-16 18:16:52.531,4.633,lower,0.07500000000000062,0.008749999999999591
2026-08-16 18:16:52.541,4.643,lower,-0.13499999999999956,-0.03750000000000031
2026-08-16 18:16:52.551,4.653,lower,0.046875000000000666,-0.0012500000000004174
2026-08-16 18:16:52.561,4.663,lower,0.02874999999999961,0.0
2026-08-16 18:16:52.571,4.673,lower,-0.03375000000000017,-0.043124999999999414
2026-08-16 18:16:52.581,4.683,lower,0.07500000000000062,0.009375000000000355
2026-08-16 18:16:52.591,4.693,lower,-0.1243749999999999,-0.04187500000000011
2026-08-16 18:16:52.601,4.703,lower,0.03874999999999962,-0.0031249999999993783
2026-08-16 18:16:52.611,4.713,lower,-0.0024999999999997247,-0.003750000000000142
2026-08-16 18:16:52.621,4.723,lower,-0.05624999999999991,-0.040000000000000036
2026-08-16 18:16:52.631,4.733,lower,0.078125,0.006875000000000631
2026-08-16 18:16:52.641,4.743,lower,-0.13249999999999984,-0.03562500000000024
2026-08-16 18:16:52.651,4.753,lower,0.05437499999999984,-0.008124999999999938
2026-08-16 18:16:52.661,4.763,lower,0.018124999999999947,-0.00687499999999952
2026-08-16 18:16:52.671,4.773,lower,-0.028124999999999956,-0.038124999999999964
2026-08-16 18:16:52.681,4.783,lower,0.07750000000000035,0.0024999999999997247
2026-08-16 18:16:52.691,4.793,lower,-0.1287499999999997,-0.04249999999999976
2026-08-16 18:16:52.701,4.803,lower,0.040000000000000036,-0.006249999999999867
2026-08-16 18:16:52.711,4.813,lower,-0.01187500000000008,0.0006249999999996536
2026-08-16 18:16:52.721,4.823,lower,-0.051875000000000115,-0.034999999999999476
2026-08-16 18:16:52.731,4.833,lower,0.08062499999999972,0.009375000000000355
2026-08-16 18:16:52.741,4.843,lower,-0.1331249999999995,-0.04249999999999976
2026-08-16 18:16:52.751,4.853,lower,0.04937500000000039,-0.0031249999999993783
2026-08-16 18:16:52.761,4.863,lower,0.01687500000000064,0.0006249999999996536
2026-08-16 18:16:52.771,4.873,lower,-0.07624999999999993,-0.03249999999999975
2026-08-16 18:16:52.781,4.883,lower,0.07437499999999986,0.012499999999999734
2026-08-16 18:16:52.791,4.893,lower,-0.12937499999999935,-0.03937500000000038
2026-08-16 18:16:52.801,4.903,lower,0.04375000000000018,-0.0012500000000004174
2026-08-16 18:16:52.811,4.913,lower,-0.010624999999999662,0.0006249999999996536
2026-08-16 18:16:52.821,4.923,lower,-0.04249999999999976,-0.038124999999999964
2026-08-16 18:16:52.831,4.933,lower,0.07500000000000062,0.007500000000000284
2026-08-16 18:16:52.841,4.943,lower,-0.11937499999999934,-0.040000000000000036
2026-08-16 18:16:52.851,4.953,lower,0.05562500000000026,0.0012500000000004174
2026-08-16 18:16:52.861,4.963,lower,0.01187500000000008,-0.0024999999999997247
2026-08-16 18:16:52.871,4.973,lower,-0.07187500000000013,-0.04187500000000011
2026-08-16 18:16:52.881,4.983,lower,0.07874999999999965,0.009375000000000355
2026-08-16 18:16:52.891,4.993,lower,-0.12812500000000004,-0.038124999999999964
2026-08-16 18:16:52.901,5.003,lower,0.0462499999999999,-0.007500000000000284
2026-08-16 18:16:52.911,5.013,lower,0.03562500000000024,-0.006249999999999867
2026-08-16 18:16:52.921,5.023,lower,-0.04062499999999969,-0.040000000000000036
2026-08-16 18:16:52.931,5.033,lower,0.07687499999999958,0.008124999999999938
2026-08-16 18:16:52.941,5.043,lower,-0.1243749999999999,-0.044999999999999485
2026-08-16 18:16:52.951,5.053,lower,0.05750000000000033,-0.005625000000000213
2026-08-16 18:16:52.961,5.063,lower,0.003750000000000142,-0.00687499999999952
2026-08-16 18:16:52.971,5.073,lower,-0.0649999999999995,-0.03687499999999955
2026-08-16 18:16:52.981,5.083,lower,0.07937500000000042,0.010000000000000009
2026-08-16 18:16:52.991,5.093,lower,-0.13124999999999942,-0.04249999999999976
2026-08-16 18:16:53.001,5.103,lower,0.050000000000000044,-0.00687499999999952
2026-08-16 18:16:53.011,5.113,lower,0.024374999999999813,0.0006249999999996536
2026-08-16 18:16:53.021,5.123,lower,-0.03249999999999975,-0.034999999999999476
2026-08-16 18:16:53.031,5.133,lower,0.07437499999999986,0.006875000000000631
2026-08-16 18:16:53.041,5.143,lower,-0.12687499999999963,-0.03874999999999962
2026-08-16 18:16:53.051,5.153,lower,0.05812499999999998,-0.001875000000000071
2026-08-16 18:16:53.061,5.163,lower,-0.0006249999999996536,-0.003750000000000142
2026-08-16 18:16:53.071,5.173,lower,-0.05624999999999991,-0.031249999999999334
2026-08-16 18:16:53.081,5.183,lower,0.08125000000000049,0.010624999999999662
2026-08-16 18:16:53.091,5.193,lower,-0.13124999999999942,-0.03687499999999955
2026-08-16 18:16:53.101,5.203,lower,0.051875000000000115,-0.0012500000000004174
2026-08-16 18:16:53.111,5.213,lower,0.023125000000000506,-0.0024999999999997247
2026-08-16 18:16:53.121,5.223,lower,-0.02375000000000016,-0.03624999999999989
2026-08-16 18:16:53.131,5.233,lower,0.08000000000000007,0.010000000000000009
2026-08-16 18:16:53.141,5.243,lower,-0.13000000000000012,-0.040000000000000036
2026-08-16 18:16:53.151,5.253,lower,0.06125000000000047,-0.008124999999999938
2026-08-16 18:16:53.161,5.263,lower,-0.009375000000000355,-0.005625000000000213
2026-08-16 18:16:53.171,5.273,lower,-0.04937500000000039,-0.04062499999999969
2026-08-16 18:16:53.181,5.283,lower,0.08000000000000007,0.004374999999999796
2026-08-16 18:16:53.191,5.293,lower,-0.1331249999999995,-0.04375000000000018
2026-08-16 18:16:53.201,5.303,lower,0.05437499999999984,-0.008749999999999591
2026-08-16 18:16:53.211,5.313,lower,0.014374999999999805,-0.008124999999999938
2026-08-16 18:16:53.221,5.323,lower,-0.02062499999999967,-0.03562500000000024
2026-08-16 18:16:53.231,5.333,lower,0.08125000000000049,0.008749999999999591
2026-08-16 18:16:53.241,5.343,lower,-0.12687499999999963,-0.04249999999999976
2026-08-16 18:16:53.251,5.353,lower,0.0462499999999999,-0.0031249999999993783
2026-08-16 18:16:53.261,5.363,lower,-0.014374999999999805,0.0012500000000004174
2026-08-16 18:16:53.271,5.373,lower,-0.040000000000000036,-0.030000000000000027
2026-08-16 18:16:53.281,5.383,lower,0.08000000000000007,0.010624999999999662
2026-08-16 18:16:53.291,5.393,lower,-0.12812500000000004,-0.046874999999999556
2026-08-16 18:16:53.301,5.403,lower,0.056875000000000675,0.0006249999999996536
2026-08-16 18:16:53.311,5.413,lower,0.011250000000000426,-0.0006249999999996536
2026-08-16 18:16:53.321,5.423,lower,-0.07062499999999972,-0.030000000000000027
2026-08-16 18:16:53.331,5.433,lower,0.08125000000000049,0.010624999999999662
2026-08-16 18:16:53.341,5.443,lower,-0.1275000000000004,-0.03874999999999962
2026-08-16 18:16:53.351,5.453,lower,0.0462499999999999,-0.0006249999999996536
2026-08-16 18:16:53.361,5.463,lower,-0.020000000000000018,-0.003750000000000142
2026-08-16 18:16:53.371,5.473,lower,-0.03687499999999955,-0.03937500000000038
2026-08-16 18:16:53.381,5.483,lower,0.08000000000000007,0.008124999999999938
2026-08-16 18:16:53.391,5.493,lower,-0.1287499999999997,-0.04062499999999969
2026-08-16 18:16:53.401,5.503,lower,0.05812499999999998,-0.010000000000000009
2026-08-16 18:16:53.411,5.513,lower,0.0024999999999997247,-0.008749999999999591
2026-08-16 18:16:53.421,5.523,lower,-0.061875000000000124,-0.040000000000000036
2026-08-16 18:16:53.431,5.533,lower,0.07312500000000055,0.008124999999999938
2026-08-16 18:16:53.441,5.543,lower,-0.13249999999999984,-0.04375000000000018
2026-08-16 18:16:53.451,5.553,lower,0.04750000000000032,-0.010000000000000009
2026-08-16 18:16:53.461,5.563,lower,-0.026874999999999538,-0.010624999999999662
2026-08-16 18:16:53.471,5.573,lower,-0.0318750000000001,-0.038124999999999964
2026-08-16 18:16:53.481,5.583,lower,0.078125,0.007500000000000284
2026-08-16 18:16:53.491,5.593,lower,-0.12687499999999963,-0.04375000000000018
2026-08-16 18:16:53.501,5.603,lower,0.05624999999999991,-0.001875000000000071
2026-08-16 18:16:53.511,5.613,lower,0.0006249999999996536,-0.0024999999999997247
2026-08-16 18:16:53.521,5.623,lower,-0.05249999999999977,-0.034999999999999476
2026-08-16 18:16:53.531,5.633,lower,0.07624999999999993,0.010000000000000009
2026-08-16 18:16:53.541,5.643,lower,-0.13124999999999942,-0.04562500000000025
2026-08-16 18:16:53.551,5.653,lower,0.055000000000000604,-0.0024999999999997247
2026-08-16 18:16:53.561,5.663,lower,0.02187500000000009,-0.0006249999999996536
2026-08-16 18:16:53.571,5.673,lower,-0.02375000000000016,-0.028124999999999956
2026-08-16 18:16:53.581,5.683,lower,0.07750000000000035,0.011250000000000426
2026-08-16 18:16:53.591,5.693,lower,-0.1318750000000002,-0.04062499999999969
2026-08-16 18:16:53.601,5.703,lower,0.06249999999999978,-0.001875000000000071
2026-08-16 18:16:53.611,5.713,lower,-0.009375000000000355,-0.007500000000000284
2026-08-16 18:16:53.621,5.723,lower,-0.05124999999999935,-0.04249999999999976
2026-08-16 18:16:53.631,5.733,lower,0.078125,0.010624999999999662
2026-08-16 18:16:53.641,5.743,lower,-0.13062499999999977,-0.03937500000000038
2026-08-16 18:16:53.651,5.753,lower,0.05562500000000026,0.0031250000000004885
2026-08-16 18:16:53.661,5.763,lower,0.014374999999999805,-0.007500000000000284
2026-08-16 18:16:53.671,5.773,lower,-0.023124999999999396,-0.040000000000000036
2026-08-16 18:16:53.681,5.783,lower,0.08062499999999972,0.010000000000000009
2026-08-16 18:16:53.691,5.793,lower,-0.13249999999999984,-0.043124999999999414
2026-08-16 18:16:53.701,5.803,lower,0.06000000000000005,-0.006249999999999867
2026-08-16 18:16:53.711,5.813,lower,-0.019375000000000364,-0.010624999999999662
2026-08-16 18:16:53.721,5.823,lower,-0.04375000000000018,-0.03874999999999962
2026-08-16 18:16:53.731,5.833,lower,0.08062499999999972,0.010000000000000009
2026-08-16 18:16:53.741,5.843,lower,-0.1331249999999995,-0.04562500000000025
2026-08-16 18:16:53.751,5.853,lower,0.05562500000000026,-0.00687499999999952
2026-08-16 18:16:53.761,5.863,lower,0.010624999999999662,-0.009375000000000355
2026-08-16 18:16:53.771,5.873,lower,-0.013124999999999387,-0.03062499999999968
2026-08-16 18:16:53.781,5.883,lower,0.0824999999999998,0.009375000000000355
2026-08-16 18:16:53.791,5.893,lower,-0.12937499999999935,-0.044999999999999485
2026-08-16 18:16:53.801,5.903,lower,0.04562500000000025,-0.006249999999999867
2026-08-16 18:16:53.811,5.913,lower,-0.017500000000000293,-0.001875000000000071
2026-08-16 18:16:53.821,5.923,lower,-0.033124999999999405,-0.03062499999999968
2026-08-16 18:16:53.831,5.933,lower,0.078125,0.010624999999999662
2026-08-16 18:16:53.841,5.943,lower,-0.13124999999999942,-0.04124999999999934
2026-08-16 18:16:53.851,5.953,lower,0.05750000000000033,0.0024999999999997247
2026-08-16 18:16:53.861,5.963,lower,0.0050000000000005596,-0.007500000000000284
2026-08-16 18:16:53.871,5.973,lower,-0.006249999999999867,-0.026249999999999885
2026-08-16 18:16:53.881,5.983,lower,0.07624999999999993,0.010624999999999662
2026-08-16 18:16:53.891,5.993,lower,-0.13062499999999977,-0.040000000000000036
2026-08-16 18:16:53.901,6.003,lower,0.050000000000000044,0.0031250000000004885
2026-08-16 18:16:53.911,6.013,lower,-0.030000000000000027,-0.007500000000000284
2026-08-16 18:16:53.921,6.023,lower,-0.028124999999999956,-0.04187500000000011
2026-08-16 18:16:53.931,6.033,lower,0.07500000000000062,0.006249999999999867
2026-08-16 18:16:53.941,6.043,lower,-0.12812500000000004,-0.0462499999999999
2026-08-16 18:16:53.951,6.053,lower,0.05624999999999991,-0.010000000000000009
2026-08-16 18:16:53.961,6.063,lower,-0.007500000000000284,-0.008749999999999591
2026-08-16 18:16:53.971,6.073,lower,-0.06062499999999971,-0.04062499999999969
2026-08-16 18:16:53.981,6.083,lower,0.07562500000000028,0.008749999999999591
2026-08-16 18:16:53.991,6.093,lower,-0.13499999999999956,-0.043124999999999414
2026-08-16 18:16:54.001,6.103,lower,0.0506249999999997,-0.00687499999999952
2026-08-16 18:16:54.011,6.113,lower,-0.040000000000000036,-0.0187499999999996
2026-08-16 18:16:54.021,6.123,lower,-0.026874999999999538,-0.03249999999999975
2026-08-16 18:16:54.031,6.133,lower,0.078125,0.0050000000000005596
2026-08-16 18:16:54.041,6.143,lower,-0.13687499999999964,-0.0462499999999999
2026-08-16 18:16:54.051,6.153,lower,0.06000000000000005,-0.004374999999999796
2026-08-16 18:16:54.061,6.163,lower,-0.01187500000000008,-0.004374999999999796
2026-08-16 18:16:54.071,6.173,lower,-0.05437499999999984,-0.03062499999999968
2026-08-16 18:16:54.081,6.183,lower,0.07562500000000028,0.011250000000000426
2026-08-16 18:16:54.091,6.193,lower,-0.13937499999999936,-0.038124999999999964
2026-08-16 18:16:54.101,6.203,lower,0.051875000000000115,-0.001875000000000071
2026-08-16 18:16:54.111,6.213,lower,-0.04062499999999969,-0.004374999999999796
2026-08-16 18:16:54.121,6.223,lower,-0.022499999999999742,-0.026249999999999885
2026-08-16 18:16:54.131,6.233,lower,0.078125,0.010624999999999662
2026-08-16 18:16:54.141,6.243,lower,-0.13562500000000033,-0.04187500000000011
2026-08-16 18:16:54.151,6.253,lower,0.06312500000000054,0.0
2026-08-16 18:16:54.161,6.263,lower,-0.016249999999999876,-0.007500000000000284
2026-08-16 18:16:54.171,6.273,lower,-0.04562500000000025,-0.043124999999999414
2026-08-16 18:16:54.181,6.283,lower,0.07500000000000062,0.006875000000000631
2026-08-16 18:16:54.191,6.293,lower,-0.1375000000000004,-0.04437499999999983
2026-08-16 18:16:54.201,6.303,lower,0.05249999999999977,-0.013750000000000151
2026-08-16 18:16:54.211,6.313,lower,0.0050000000000005596,-0.01187500000000008
2026-08-16 18:16:54.221,6.323,lower,-0.0187499999999996,-0.03687499999999955
2026-08-16 18:16:54.231,6.333,lower,0.078125,0.008749999999999591
2026-08-16 18:16:54.241,6.343,lower,-0.13124999999999942,-0.043124999999999414
2026-08-16 18:16:54.251,6.353,lower,0.061875000000000124,-0.004999999999999449
2026-08-16 18:16:54.261,6.363,lower,-0.020000000000000018,-0.013124999999999387
2026-08-16 18:16:54.271,6.373,lower,-0.04062499999999969,-0.0318750000000001
2026-08-16 18:16:54.281,6.383,lower,0.07437499999999986,0.006249999999999867
2026-08-16 18:16:54.291,6.393,lower,-0.13249999999999984,-0.044999999999999485
2026-08-16 18:16:54.301,6.403,lower,0.05624999999999991,-0.0024999999999997247
2026-08-16 18:16:54.311,6.413,lower,0.001875000000000071,-0.005625000000000213
2026-08-16 18:16:54.321,6.423,lower,-0.009375000000000355,-0.02874999999999961
2026-08-16 18:16:54.331,6.433,lower,0.07500000000000062,0.01187500000000008
2026-08-16 18:16:54.341,6.443,lower,-0.13624999999999998,-0.046874999999999556
2026-08-16 18:16:54.351,6.453,lower,0.06249999999999978,-0.001875000000000071
2026-08-16 18:16:54.361,6.463,lower,-0.026874999999999538,-0.004999999999999449
2026-08-16 18:16:54.371,6.473,lower,-0.034999999999999476,-0.03062499999999968
2026-08-16 18:16:54.381,6.483,lower,0.078125,0.009375000000000355
2026-08-16 18:16:54.391,6.493,lower,-0.13124999999999942,-0.04062499999999969
2026-08-16 18:16:54.401,6.503,lower,0.055000000000000604,0.0
2026-08-16 18:16:54.411,6.513,lower,-0.005625000000000213,-0.00687499999999952
2026-08-16 18:16:54.421,6.523,lower,-0.004374999999999796,-0.040000000000000036
2026-08-16 18:16:54.431,6.533,lower,0.07187500000000013,0.005625000000000213
2026-08-16 18:16:54.441,6.543,lower,-0.13937499999999936,-0.04437499999999983
2026-08-16 18:16:54.451,6.553,lower,0.046875000000000666,0.0031250000000004885
2026-08-16 18:16:54.461,6.563,lower,-0.03375000000000017,-0.010624999999999662
2026-08-16 18:16:54.471,6.573,lower,-0.026874999999999538,-0.03562500000000024
2026-08-16 18:16:54.481,6.583,lower,0.078125,0.009375000000000355
2026-08-16 18:16:54.491,6.593,lower,-0.13062499999999977,-0.04437499999999983
2026-08-16 18:16:54.501,6.603,lower,0.058749999999999636,-0.004374999999999796
2026-08-16 18:16:54.511,6.613,lower,-0.012499999999999734,-0.010000000000000009
2026-08-16 18:16:54.521,6.623,lower,-0.05312499999999942,-0.030000000000000027
2026-08-16 18:16:54.531,6.633,lower,0.07187500000000013,0.007500000000000284
2026-08-16 18:16:54.541,6.643,lower,-0.1343749999999999,-0.04187500000000011
2026-08-16 18:16:54.551,6.653,lower,0.05125000000000046,-0.001875000000000071
2026-08-16 18:16:54.561,6.663,lower,-0.03937500000000038,-0.010624999999999662
2026-08-16 18:16:54.571,6.673,lower,-0.02187500000000009,-0.03062499999999968
2026-08-16 18:16:54.581,6.683,lower,0.07687499999999958,0.008749999999999591
2026-08-16 18:16:54.591,6.693,lower,-0.13062499999999977,-0.04937500000000039
2026-08-16 18:16:54.601,6.703,lower,0.0637500000000002,-0.0031249999999993783
2026-08-16 18:16:54.611,6.713,lower,-0.016249999999999876,-0.004374999999999796
2026-08-16 18:16:54.621,6.723,lower,-0.0462499999999999,-0.026249999999999885
2026-08-16 18:16:54.631,6.733,lower,0.07687499999999958,0.005625000000000213
2026-08-16 18:16:54.641,6.743,lower,-0.1343749999999999,-0.04124999999999934
2026-08-16 18:16:54.651,6.753,lower,0.05624999999999991,0.0012500000000004174
2026-08-16 18:16:54.661,6.763,lower,-0.04937500000000039,-0.010000000000000009
2026-08-16 18:16:54.671,6.773,lower,-0.01687499999999953,-0.04187500000000011
2026-08-16 18:16:54.681,6.783,lower,0.07687499999999958,0.007500000000000284
2026-08-16 18:16:54.691,6.793,lower,-0.13812500000000005,-0.04562500000000025
2026-08-16 18:16:54.701,6.803,lower,0.061875000000000124,0.001875000000000071
2026-08-16 18:16:54.711,6.813,lower,-0.02562500000000023,-0.01187500000000008
2026-08-16 18:16:54.721,6.823,lower,-0.03937500000000038,-0.033124999999999405
2026-08-16 18:16:54.731,6.833,lower,0.07562500000000028,0.010000000000000009
2026-08-16 18:16:54.741,6.843,lower,-0.13562500000000033,-0.043124999999999414
2026-08-16 18:16:54.751,6.853,lower,0.05437499999999984,-0.0024999999999997247
2026-08-16 18:16:54.761,6.863,lower,0.0031250000000004885,-0.010624999999999662
2026-08-16 18:16:54.771,6.873,lower,-0.005625000000000213,-0.03375000000000017
2026-08-16 18:16:54.781,6.883,lower,0.07874999999999965,0.009375000000000355
2026-08-16 18:16:54.791,6.893,lower,-0.13812500000000005,-0.04124999999999934
2026-08-16 18:16:54.801,6.903,lower,0.06500000000000061,-0.004374999999999796
2026-08-16 18:16:54.811,6.913,lower,-0.024999999999999467,-0.013124999999999387
2026-08-16 18:16:54.821,6.923,lower,-0.03375000000000017,-0.027500000000000302
2026-08-16 18:16:54.831,6.933,lower,0.07624999999999993,0.007500000000000284
2026-08-16 18:16:54.841,6.943,lower,-0.13124999999999942,-0.0462499999999999
2026-08-16 18:16:54.851,6.953,lower,0.06062499999999971,0.0012500000000004174
2026-08-16 18:16:54.861,6.963,lower,-0.0006249999999996536,-0.003750000000000142
2026-08-16 18:16:54.871,6.973,lower,-0.0031249999999993783,-0.026874999999999538
2026-08-16 18:16:54.881,6.983,lower,0.078125,0.01187500000000008
2026-08-16 18:16:54.891,6.993,lower,-0.13375000000000026,-0.04062499999999969
2026-08-16 18:16:54.901,7.003,lower,0.07000000000000006,0.0006249999999996536
2026-08-16 18:16:54.911,7.013,lower,-0.03249999999999975,-0.008749999999999591
2026-08-16 18:16:54.921,7.023,lower,-0.030000000000000027,-0.024374999999999813
2026-08-16 18:16:54.931,7.033,lower,0.07562500000000028,0.010624999999999662
2026-08-16 18:16:54.941,7.043,lower,-0.1318750000000002,-0.04249999999999976
2026-08-16 18:16:54.951,7.053,lower,0.0593750000000004,-0.0012500000000004174
2026-08-16 18:16:54.961,7.063,lower,-0.006249999999999867,-0.011249999999999316
2026-08-16 18:16:54.971,7.073,lower,-0.001875000000000071,-0.03562500000000024
2026-08-16 18:16:54.981,7.083,lower,0.07687499999999958,0.008124999999999938
2026-08-16 18:16:54.991,7.093,lower,-0.13249999999999984,-0.04187500000000011
2026-08-16 18:16:55.001,7.103,lower,0.0506249999999997,-0.008124999999999938
2026-08-16 18:16:55.011,7.113,lower,-0.038124999999999964,-0.011249999999999316
2026-08-16 18:16:55.021,7.123,lower,-0.022499999999999742,-0.03249999999999975
2026-08-16 18:16:55.031,7.133,lower,0.07562500000000028,0.009375000000000355
2026-08-16 18:16:55.041,7.143,lower,-0.12812500000000004,-0.044999999999999485
2026-08-16 18:16:55.051,7.153,lower,0.05624999999999991,-0.0031249999999993783
2026-08-16 18:16:55.061,7.163,lower,-0.014374999999999805,-0.014999999999999458
2026-08-16 18:16:55.071,7.173,lower,0.0006249999999996536,-0.02874999999999961
2026-08-16 18:16:55.081,7.183,lower,0.078125,0.007500000000000284
2026-08-16 18:16:55.091,7.193,lower,-0.1343749999999999,-0.04750000000000032
2026-08-16 18:16:55.101,7.203,lower,0.055000000000000604,-0.0006249999999996536
2026-08-16 18:16:55.111,7.213,lower,-0.04375000000000018,-0.00687499999999952
2026-08-16 18:16:55.121,7.223,lower,-0.012499999999999734,-0.026874999999999538
2026-08-16 18:16:55.131,7.233,lower,0.07750000000000035,0.010624999999999662
2026-08-16 18:16:55.141,7.243,lower,-0.12312499999999948,-0.04750000000000032
2026-08-16 18:16:55.151,7.253,lower,0.06500000000000061,0.0012500000000004174
2026-08-16 18:16:55.161,7.263,lower,-0.017500000000000293,-0.008124999999999938
2026-08-16 18:16:55.171,7.273,lower,-0.03624999999999989,-0.026874999999999538
2026-08-16 18:16:55.181,7.283,lower,0.07500000000000062,0.005625000000000213
2026-08-16 18:16:55.191,7.293,lower,-0.13249999999999984,-0.04187500000000011
2026-08-16 18:16:55.201,7.303,lower,0.06062499999999971,0.0024999999999997247
2026-08-16 18:16:55.211,7.313,lower,-0.05124999999999935,-0.011249999999999316
2026-08-16 18:16:55.221,7.323,lower,-0.006249999999999867,-0.03937500000000038
2026-08-16 18:16:55.231,7.333,lower,0.07937500000000042,0.006875000000000631
2026-08-16 18:16:55.241,7.343,lower,-0.1343749999999999,-0.043124999999999414
2026-08-16 18:16:55.251,7.353,lower,0.06812499999999999,0.0050000000000005596
2026-08-16 18:16:55.261,7.363,lower,-0.022499999999999742,-0.013124999999999387
2026-08-16 18:16:55.271,7.373,lower,-0.033124999999999405,-0.030000000000000027
2026-08-16 18:16:55.281,7.383,lower,0.07562500000000028,0.010624999999999662
2026-08-16 18:16:55.291,7.393,lower,-0.13062499999999977,-0.04249999999999976
2026-08-16 18:16:55.301,7.403,lower,0.06125000000000047,0.0006249999999996536
2026-08-16 18:16:55.311,7.413,lower,-0.06062499999999971,-0.014999999999999458
2026-08-16 18:16:55.321,7.423,lower,-0.0024999999999997247,-0.027500000000000302
2026-08-16 18:16:55.331,7.433,lower,0.07624999999999993,0.009375000000000355
2026-08-16 18:16:55.341,7.443,lower,-0.13687499999999964,-0.04437499999999983
2026-08-16 18:16:55.351,7.453,lower,0.06874999999999964,-0.0012500000000004174
2026-08-16 18:16:55.361,7.463,lower,-0.03375000000000017,-0.013750000000000151
2026-08-16 18:16:55.371,7.473,lower,-0.030000000000000027,-0.028124999999999956
2026-08-16 18:16:55.381,7.483,lower,0.07562500000000028,0.008124999999999938
2026-08-16 18:16:55.391,7.493,lower,-0.13375000000000026,-0.044999999999999485
2026-08-16 18:16:55.401,7.503,lower,0.056875000000000675,0.0006249999999996536
2026-08-16 18:16:55.411,7.513,lower,-0.008124999999999938,-0.008124999999999938
2026-08-16 18:16:55.421,7.523,lower,0.0,-0.023124999999999396
2026-08-16 18:16:55.431,7.533,lower,0.07624999999999993,0.004374999999999796
2026-08-16 18:16:55.441,7.543,lower,-0.1387499999999997,-0.0506249999999997
2026-08-16 18:16:55.451,7.553,lower,0.06500000000000061,-0.0006249999999996536
2026-08-16 18:16:55.461,7.563,lower,-0.040000000000000036,-0.013124999999999387
2026-08-16 18:16:55.471,7.573,lower,-0.02375000000000016,-0.04187500000000011
2026-08-16 18:16:55.481,7.583,lower,0.07750000000000035,0.008124999999999938
2026-08-16 18:16:55.491,7.593,lower,-0.1318750000000002,-0.04562500000000025
2026-08-16 18:16:55.501,7.603,lower,0.05812499999999998,0.001875000000000071
2026-08-16 18:16:55.511,7.613,lower,-0.013124999999999387,-0.013124999999999387
2026-08-16 18:16:55.521,7.623,lower,0.001875000000000071,-0.031249999999999334
2026-08-16 18:16:55.531,7.633,lower,0.07874999999999965,0.0050000000000005596
2026-08-16 18:16:55.541,7.643,lower,-0.13562500000000033,-0.0462499999999999
2026-08-16 18:16:55.551,7.653,lower,0.06750000000000034,-0.0031249999999993783
2026-08-16 18:16:55.561,7.663,lower,-0.04249999999999976,-0.014374999999999805
2026-08-16 18:16:55.571,7.673,lower,-0.0187499999999996,-0.03437499999999982
2026-08-16 18:16:55.581,7.683,lower,0.0737500000000002,0.005625000000000213
2026-08-16 18:16:55.591,7.693,lower,-0.13124999999999942,-0.04812499999999997
2026-08-16 18:16:55.601,7.703,lower,0.061875000000000124,-0.0024999999999997247
2026-08-16 18:16:55.611,7.713,lower,-0.019375000000000364,-0.018124999999999947
2026-08-16 18:16:55.621,7.723,lower,0.0031250000000004885,-0.02562500000000023
2026-08-16 18:16:55.631,7.733,lower,0.07687499999999958,0.009375000000000355
2026-08-16 18:16:55.641,7.743,lower,-0.13375000000000026,-0.04562500000000025
2026-08-16 18:16:55.651,7.753,lower,0.053750000000000187,-0.0006249999999996536
2026-08-16 18:16:55.661,7.763,lower,-0.05562500000000026,-0.010624999999999662
2026-08-16 18:16:55.671,7.773,lower,-0.014999999999999458,-0.024999999999999467
2026-08-16 18:16:55.681,7.783,lower,0.078125,0.006249999999999867
2026-08-16 18:16:55.691,7.793,lower,-0.12624999999999997,-0.04937500000000039
2026-08-16 18:16:55.701,7.803,lower,0.06312500000000054,0.0
2026-08-16 18:16:55.711,7.813,lower,-0.028124999999999956,-0.013124999999999387
2026-08-16 18:16:55.721,7.823,lower,-0.038124999999999964,-0.023124999999999396
2026-08-16 18:16:55.731,7.833,lower,0.07562500000000028,0.009375000000000355
2026-08-16 18:16:55.741,7.843,lower,-0.13624999999999998,-0.04562500000000025
2026-08-16 18:16:55.751,7.853,lower,0.05249999999999977,0.001875000000000071
2026-08-16 18:16:55.761,7.863,lower,-0.06062499999999971,-0.011249999999999316
2026-08-16 18:16:55.771,7.873,lower,-0.005625000000000213,-0.038124999999999964
2026-08-16 18:16:55.781,7.883,lower,0.0737500000000002,0.005625000000000213
2026-08-16 18:16:55.791,7.893,lower,-0.12312499999999948,-0.04937500000000039
2026-08-16 18:16:55.801,7.903,lower,0.06500000000000061,-0.010000000000000009
2026-08-16 18:16:55.811,7.913,lower,-0.033124999999999405,-0.018124999999999947
2026-08-16 18:16:55.821,7.923,lower,-0.03375000000000017,-0.02874999999999961
2026-08-16 18:16:55.831,7.933,lower,0.07187500000000013,0.007500000000000284
2026-08-16 18:16:55.841,7.943,lower,-0.13375000000000026,-0.04375000000000018
2026-08-16 18:16:55.851,7.953,lower,0.05750000000000033,-0.0006249999999996536
2026-08-16 18:16:55.861,7.963,lower,-0.06624999999999992,-0.017500000000000293
2026-08-16 18:16:55.871,7.973,lower,-0.001875000000000071,-0.024999999999999467
2026-08-16 18:16:55.881,7.983,lower,0.07187500000000013,0.006875000000000631
2026-08-16 18:16:55.891,7.993,lower,-0.13937499999999936,-0.04437499999999983
2026-08-16 18:16:55.901,8.003,lower,0.06624999999999992,0.0006249999999996536
2026-08-16 18:16:55.911,8.013,lower,-0.04124999999999934,-0.011249999999999316
2026-08-16 18:16:55.921,8.023,lower,-0.02562500000000023,-0.028124999999999956
2026-08-16 18:16:55.931,8.033,lower,0.06500000000000061,0.003750000000000142
2026-08-16 18:16:55.941,8.043,lower,-0.1343749999999999,-0.04874999999999963
2026-08-16 18:16:55.951,8.053,lower,0.056875000000000675,0.0
2026-08-16 18:16:55.961,8.063,lower,-0.07437499999999986,-0.014999999999999458
2026-08-16 18:16:55.971,8.073,lower,0.0006249999999996536,-0.02062499999999967
2026-08-16 18:16:55.981,8.083,lower,0.07125000000000048,0.008124999999999938
2026-08-16 18:16:55.991,8.093,lower,-0.1418750000000002,-0.0462499999999999
2026-08-16 18:16:56.001,8.103,lower,0.06500000000000061,-0.0012500000000004174
2026-08-16 18:16:56.011,8.113,lower,-0.05312499999999942,-0.015625000000000222
2026-08-16 18:16:56.021,8.123,lower,-0.024374999999999813,-0.03874999999999962
2026-08-16 18:16:56.031,8.133,lower,0.06249999999999978,0.003750000000000142
2026-08-16 18:16:56.041,8.143,lower,-0.13375000000000026,-0.0506249999999997
2026-08-16 18:16:56.051,8.153,lower,0.05750000000000033,0.0
2026-08-16 18:16:56.061,8.163,lower,-0.028124999999999956,-0.02062499999999967
2026-08-16 18:16:56.071,8.173,lower,-0.0012500000000004174,-0.031249999999999334
2026-08-16 18:16:56.081,8.183,lower,0.07062499999999972,0.008749999999999591
2026-08-16 18:16:56.091,8.193,lower,-0.14437499999999992,-0.04437499999999983
2026-08-16 18:16:56.101,8.203,lower,0.06249999999999978,-0.003750000000000142
2026-08-16 18:16:56.111,8.213,lower,-0.06124999999999936,-0.019375000000000364
2026-08-16 18:16:56.121,8.223,lower,-0.018124999999999947,-0.03062499999999968
2026-08-16 18:16:56.131,8.233,lower,0.07187500000000013,0.006249999999999867
2026-08-16 18:16:56.141,8.243,lower,-0.13624999999999998,-0.04812499999999997
2026-08-16 18:16:56.151,8.253,lower,0.05750000000000033,-0.0012500000000004174
2026-08-16 18:16:56.161,8.263,lower,-0.03687499999999955,-0.009375000000000355
2026-08-16 18:16:56.171,8.273,lower,-0.0024999999999997247,-0.024374999999999813
2026-08-16 18:16:56.181,8.283,lower,0.06624999999999992,0.001875000000000071
2026-08-16 18:16:56.191,8.293,lower,-0.14562500000000034,-0.0506249999999997
2026-08-16 18:16:56.201,8.303,lower,0.061875000000000124,0.001875000000000071
2026-08-16 18:16:56.211,8.313,lower,-0.06874999999999964,-0.013124999999999387
2026-08-16 18:16:56.221,8.323,lower,-0.018124999999999947,-0.022499999999999742
2026-08-16 18:16:56.231,8.333,lower,0.06874999999999964,0.009375000000000355
2026-08-16 18:16:56.241,8.343,lower,-0.1343749999999999,-0.050000000000000044
2026-08-16 18:16:56.251,8.353,lower,0.06000000000000005,0.003750000000000142
2026-08-16 18:16:56.261,8.363,lower,-0.03937500000000038,-0.014374999999999805
2026-08-16 18:16:56.271,8.373,lower,0.001875000000000071,-0.03624999999999989
2026-08-16 18:16:56.281,8.383,lower,0.06500000000000061,0.008749999999999591
2026-08-16 18:16:56.291,8.393,lower,-0.14562500000000034,-0.046874999999999556
2026-08-16 18:16:56.301,8.403,lower,0.03874999999999962,0.0006249999999996536
2026-08-16 18:16:56.311,8.413,lower,-0.08124999999999938,-0.020000000000000018
2026-08-16 18:16:56.321,8.423,lower,-0.021249999999999325,-0.03437499999999982
2026-08-16 18:16:56.331,8.433,lower,0.05812499999999998,0.0031250000000004885
2026-08-16 18:16:56.341,8.443,lower,-0.14874999999999972,-0.050000000000000044
2026-08-16 18:16:56.351,8.453,lower,0.04437499999999983,-0.008124999999999938
2026-08-16 18:16:56.361,8.463,lower,-0.06312499999999943,-0.020000000000000018
2026-08-16 18:16:56.371,8.473,lower,-0.05624999999999991,-0.03687499999999955
2026-08-16 18:16:56.381,8.483,lower,0.04812499999999997,0.001875000000000071
2026-08-16 18:16:56.391,8.493,lower,-0.16000000000000014,-0.0506249999999997
2026-08-16 18:16:56.401,8.503,lower,0.028124999999999956,-0.008749999999999591
2026-08-16 18:16:56.411,8.513,lower,-0.10687499999999961,-0.033124999999999405
2026-08-16 18:16:56.421,8.523,lower,-0.03375000000000017,-0.030000000000000027
2026-08-16 18:16:56.431,8.533,lower,0.03874999999999962,-0.0006249999999996536
2026-08-16 18:16:56.441,8.543,lower,-0.15437499999999993,-0.05249999999999977
2026-08-16 18:16:56.451,8.553,lower,0.027500000000000302,-0.006249999999999867
2026-08-16 18:16:56.461,8.563,lower,-0.07937500000000042,-0.01687499999999953
2026-08-16 18:16:56.471,8.573,lower,-0.056874999999999565,-0.03062499999999968
2026-08-16 18:16:56.481,8.583,lower,0.035000000000000586,0.003750000000000142
2026-08-16 18:16:56.491,8.593,lower,-0.16625,-0.053750000000000187
2026-08-16 18:16:56.501,8.603,lower,0.021250000000000435,-0.0031249999999993783
2026-08-16 18:16:56.511,8.613,lower,-0.11375000000000024,-0.02062499999999967
2026-08-16 18:16:56.521,8.623,lower,-0.043124999999999414,-0.027500000000000302
2026-08-16 18:16:56.531,8.633,lower,0.013750000000000151,-0.0031249999999993783
2026-08-16 18:16:56.541,8.643,lower,-0.21312499999999956,-0.061875000000000124
2026-08-16 18:16:56.551,8.653,lower,-0.019375000000000364,-0.008749999999999591
2026-08-16 18:16:56.561,8.663,lower,-0.14687499999999964,-0.029375000000000373
2026-08-16 18:16:56.571,8.673,lower,-0.1143749999999999,-0.04874999999999963
2026-08-16 18:16:56.581,8.683,lower,-0.028124999999999956,-0.009375000000000355
2026-08-16 18:16:56.591,8.693,lower,-0.2200000000000002,-0.06437499999999985
2026-08-16 18:16:56.601,8.703,lower,-0.014374999999999805,-0.014374999999999805
2026-08-16 18:16:56.611,8.713,lower,-0.08687499999999959,-0.028124999999999956
2026-08-16 18:16:56.621,8.723,lower,-0.04124999999999934,-0.04124999999999934
2026-08-16 18:16:56.631,8.733,lower,0.038124999999999964,-0.0006249999999996536
2026-08-16 18:16:56.641,8.743,lower,-0.1606249999999998,-0.05437499999999984
2026-08-16 18:16:56.651,8.753,lower,0.056875000000000675,-0.001875000000000071
2026-08-16 18:16:56.661,8.763,lower,-0.06562500000000027,-0.026249999999999885
2026-08-16 18:16:56.671,8.773,lower,-0.013124999999999387,-0.029375000000000373
2026-08-16 18:16:56.681,8.783,lower,0.07062499999999972,0.003750000000000142
2026-08-16 18:16:56.691,8.793,lower,-0.11937499999999934,-0.046874999999999556
2026-08-16 18:16:56.701,8.803,lower,0.07000000000000006,-0.0006249999999996536
2026-08-16 18:16:56.711,8.813,lower,-0.026249999999999885,-0.01187500000000008
2026-08-16 18:16:56.721,8.823,lower,0.020000000000000018,-0.023124999999999396
2026-08-16 18:16:56.731,8.833,lower,0.08000000000000007,0.007500000000000284
2026-08-16 18:16:56.741,8.843,lower,-0.1287499999999997,-0.04562500000000025
2026-08-16 18:16:56.751,8.853,lower,0.08062499999999972,0.004374999999999796
2026-08-16 18:16:56.761,8.863,lower,-0.0506249999999997,-0.014999999999999458
2026-08-16 18:16:56.771,8.873,lower,0.013750000000000151,-0.0187499999999996
2026-08-16 18:16:56.781,8.883,lower,0.09874999999999967,0.01187500000000008
2026-08-16 18:16:56.791,8.893,lower,-0.09375000000000022,-0.04124999999999934
2026-08-16 18:16:56.801,8.903,lower,0.10000000000000009,0.004374999999999796
2026-08-16 18:16:56.811,8.913,lower,0.009375000000000355,-0.008749999999999591
2026-08-16 18:16:56.821,8.923,lower,0.06562500000000027,-0.024374999999999813
2026-08-16 18:16:56.831,8.933,lower,0.12624999999999997,0.01687500000000064
2026-08-16 18:16:56.841,8.943,lower,-0.07562500000000028,-0.034999999999999476
2026-08-16 18:16:56.851,8.953,lower,0.12062499999999976,0.015625000000000222
2026-08-16 18:16:56.861,8.963,lower,0.001875000000000071,-0.004374999999999796
2026-08-16 18:16:56.871,8.973,lower,0.07750000000000035,-0.014999999999999458
2026-08-16 18:16:56.881,8.983,lower,0.15625,0.024374999999999813
2026-08-16 18:16:56.891,8.993,lower,-0.031249999999999334,-0.02874999999999961
2026-08-16 18:16:56.901,9.003,lower,0.1606249999999998,0.016249999999999876
2026-08-16 18:16:56.911,9.013,lower,0.056875000000000675,-0.0024999999999997247
2026-08-16 18:16:56.921,9.023,lower,0.11624999999999996,-0.008124999999999938
2026-08-16 18:16:56.931,9.033,lower,0.17000000000000015,0.02375000000000016
2026-08-16 18:16:56.941,9.043,lower,-0.027500000000000302,-0.028124999999999956
2026-08-16 18:16:56.951,9.053,lower,0.16312500000000063,0.019375000000000364
2026-08-16 18:16:56.961,9.063,lower,0.03249999999999975,0.005625000000000213
2026-08-16 18:16:56.971,9.073,lower,0.1100000000000001,-0.003750000000000142
2026-08-16 18:16:56.981,9.083,lower,0.18125000000000058,0.02874999999999961
2026-08-16 18:16:56.991,9.093,lower,-0.003750000000000142,-0.022499999999999742
2026-08-16 18:16:57.001,9.103,lower,0.17750000000000044,0.023125000000000506
2026-08-16 18:16:57.011,9.113,lower,0.05437499999999984,0.006249999999999867
2026-08-16 18:16:57.021,9.123,lower,0.09312500000000057,0.003750000000000142
2026-08-16 18:16:57.031,9.133,lower,0.17562500000000036,0.027500000000000302
2026-08-16 18:16:57.041,9.143,lower,-0.0187499999999996,-0.028124999999999956
2026-08-16 18:16:57.051,9.153,lower,0.1706249999999998,0.024374999999999813
2026-08-16 18:16:57.061,9.163,lower,0.021250000000000435,0.0031250000000004885
2026-08-16 18:16:57.071,9.173,lower,0.10812500000000003,-0.012499999999999734
2026-08-16 18:16:57.081,9.183,lower,0.17625000000000002,0.030000000000000027
2026-08-16 18:16:57.091,9.193,lower,-0.04062499999999969,-0.02562500000000023
2026-08-16 18:16:57.101,9.203,lower,0.16312500000000063,0.025000000000000577
2026-08-16 18:16:57.111,9.213,lower,0.03375000000000017,0.0
2026-08-16 18:16:57.121,9.223,lower,0.08125000000000049,-0.006249999999999867
2026-08-16 18:16:57.131,9.233,lower,0.15499999999999958,0.027500000000000302
2026-08-16 18:16:57.141,9.243,lower,-0.04437499999999983,-0.028124999999999956
2026-08-16 18:16:57.151,9.253,lower,0.14125000000000054,0.015625000000000222
2026-08-16 18:16:57.161,9.263,lower,-0.018124999999999947,-0.0024999999999997247
2026-08-16 18:16:57.171,9.273,lower,0.08062499999999972,-0.013124999999999387
2026-08-16 18:16:57.181,9.283,lower,0.13249999999999984,0.021250000000000435
2026-08-16 18:16:57.191,9.293,lower,-0.08062499999999972,-0.03249999999999975
2026-08-16 18:16:57.201,9.303,lower,0.12062499999999976,0.008749999999999591
2026-08-16 18:16:57.211,9.313,lower,-0.02562500000000023,-0.013124999999999387
2026-08-16 18:16:57.221,9.323,lower,0.02687500000000065,-0.013750000000000151
2026-08-16 18:16:57.231,9.333,lower,0.08437499999999987,0.012499999999999734
2026-08-16 18:16:57.241,9.343,lower,-0.12187500000000018,-0.04187500000000011
2026-08-16 18:16:57.251,9.353,lower,0.05812499999999998,0.003750000000000142
2026-08-16 18:16:57.261,9.363,lower,-0.05750000000000033,-0.010624999999999662
2026-08-16 18:16:57.271,9.373,lower,-0.017500000000000293,-0.020000000000000018
2026-08-16 18:16:57.281,9.383,lower,0.025000000000000577,0.004374999999999796
2026-08-16 18:16:57.291,9.393,lower,-0.19187500000000024,-0.05249999999999977
2026-08-16 18:16:57.301,9.403,lower,0.006875000000000631,-0.003750000000000142
2026-08-16 18:16:57.311,9.413,lower,-0.15000000000000013,-0.02375000000000016
2026-08-16 18:16:57.321,9.423,lower,-0.09437499999999988,-0.026249999999999885
2026-08-16 18:16:57.331,9.433,lower,-0.023124999999999396,-0.0031249999999993783
2026-08-16 18:16:57.341,9.443,lower,-0.23062499999999986,-0.06124999999999936
2026-08-16 18:16:57.351,9.453,lower,-0.0462499999999999,-0.010000000000000009
2026-08-16 18:16:57.361,9.463,lower,-0.1606249999999998,-0.034999999999999476
2026-08-16 18:16:57.371,9.473,lower,-0.10312499999999947,-0.04375000000000018
2026-08-16 18:16:57.381,9.483,lower,-0.04874999999999963,-0.010000000000000009
2026-08-16 18:16:57.391,9.493,lower,-0.25124999999999953,-0.06124999999999936
2026-08-16 18:16:57.401,9.503,lower,-0.04375000000000018,-0.020000000000000018
2026-08-16 18:16:57.411,9.513,lower,-0.1937500000000003,-0.03937500000000038
2026-08-16 18:16:57.421,9.523,lower,-0.1143749999999999,-0.04750000000000032
2026-08-16 18:16:57.431,9.533,lower,-0.04187500000000011,-0.009375000000000355
2026-08-16 18:16:57.441,9.543,lower,-0.2431249999999996,-0.0649999999999995
2026-08-16 18:16:57.451,9.553,lower,-0.06124999999999936,-0.0187499999999996
2026-08-16 18:16:57.461,9.563,lower,-0.18749999999999933,-0.04937500000000039
2026-08-16 18:16:57.471,9.573,lower,-0.12124999999999941,-0.04249999999999976
2026-08-16 18:16:57.481,9.583,lower,-0.0737500000000002,-0.013750000000000151
2026-08-16 18:16:57.491,9.593,lower,-0.28000000000000025,-0.07000000000000006
2026-08-16 18:16:57.501,9.603,lower,-0.08874999999999966,-0.024999999999999467
2026-08-16 18:16:57.511,9.613,lower,-0.23187500000000028,-0.03937500000000038
2026-08-16 18:16:57.521,9.623,lower,-0.13375000000000026,-0.043124999999999414
2026-08-16 18:16:57.531,9.633,lower,-0.06124999999999936,-0.010000000000000009
2026-08-16 18:16:57.541,9.643,lower,-0.24687499999999973,-0.0649999999999995
2026-08-16 18:16:57.551,9.653,lower,-0.04562500000000025,-0.013124999999999387
2026-08-16 18:16:57.561,9.663,lower,-0.16312499999999952,-0.03750000000000031
2026-08-16 18:16:57.571,9.673,lower,-0.11249999999999982,-0.03562500000000024
2026-08-16 18:16:57.581,9.683,lower,-0.0187499999999996,-0.004374999999999796
2026-08-16 18:16:57.591,9.693,lower,-0.20625000000000004,-0.06124999999999936
2026-08-16 18:16:57.601,9.703,lower,-0.004374999999999796,-0.008124999999999938
2026-08-16 18:16:57.611,9.713,lower,-0.15124999999999944,-0.029375000000000373
2026-08-16 18:16:57.621,9.723,lower,-0.04750000000000032,-0.04562500000000025
2026-08-16 18:16:57.631,9.733,lower,0.0187499999999996,-0.005625000000000213
2026-08-16 18:16:57.641,9.743,lower,-0.16312499999999952,-0.06249999999999978
2026-08-16 18:16:57.651,9.753,lower,0.02687500000000065,-0.01187500000000008
2026-08-16 18:16:57.661,9.763,lower,-0.10750000000000037,-0.03375000000000017
2026-08-16 18:16:57.671,9.773,lower,-0.054999999999999494,-0.04375000000000018
2026-08-16 18:16:57.681,9.783,lower,0.02375000000000016,-0.008124999999999938
2026-08-16 18:16:57.691,9.793,lower,-0.17124999999999946,-0.061875000000000124
2026-08-16 18:16:57.701,9.803,lower,0.022499999999999742,-0.014999999999999458
2026-08-16 18:16:57.711,9.813,lower,-0.1418750000000002,-0.04187500000000011
2026-08-16 18:16:57.721,9.823,lower,-0.029375000000000373,-0.03375000000000017
2026-08-16 18:16:57.731,9.833,lower,0.03375000000000017,-0.0012500000000004174
2026-08-16 18:16:57.741,9.843,lower,-0.17187500000000022,-0.056874999999999565
2026-08-16 18:16:57.751,9.853,lower,0.03874999999999962,-0.009375000000000355
2026-08-16 18:16:57.761,9.863,lower,-0.10000000000000009,-0.026874999999999538
2026-08-16 18:16:57.771,9.873,lower,-0.02874999999999961,-0.03437499999999982
2026-08-16 18:16:57.781,9.883,lower,0.0462499999999999,-0.0012500000000004174
2026-08-16 18:16:57.791,9.893,lower,-0.14124999999999943,-0.05624999999999991
2026-08-16 18:16:57.801,9.903,lower,0.05312500000000053,-0.004999999999999449
2026-08-16 18:16:57.811,9.913,lower,-0.046874999999999556,-0.026249999999999885
2026-08-16 18:16:57.821,9.923,lower,0.013125000000000497,-0.02375000000000016
2026-08-16 18:16:57.831,9.933,lower,0.07000000000000006,0.0006249999999996536
2026-08-16 18:16:57.841,9.943,lower,-0.13937499999999936,-0.05562500000000026
2026-08-16 18:16:57.851,9.953,lower,0.07062499999999972,0.0
2026-08-16 18:16:57.861,9.963,lower,-0.07562500000000028,-0.026249999999999885
2026-08-16 18:16:57.871,9.973,lower,-0.008124999999999938,-0.03874999999999962
2026-08-16 18:16:57.881,9.983,lower,0.05312500000000053,-0.0012500000000004174
2026-08-16 18:16:57.891,9.993,lower,-0.14062499999999978,-0.06124999999999936
2026-08-16 18:16:57.901,10.003,lower,0.03937500000000038,-0.008124999999999938
2026-08-16 18:16:57.911,10.013,lower,-0.08187500000000014,-0.03687499999999955
2026-08-16 18:16:57.921,10.023,lower,-0.02375000000000016,-0.04249999999999976
2026-08-16 18:16:57.931,10.033,lower,0.020000000000000018,-0.010000000000000009
2026-08-16 18:16:57.941,10.043,lower,-0.18687499999999968,-0.06249999999999978
2026-08-16 18:16:57.951,10.053,lower,0.014374999999999805,-0.01687499999999953
2026-08-16 18:16:57.961,10.063,lower,-0.14874999999999972,-0.04187500000000011
2026-08-16 18:16:57.971,10.073,lower,-0.06937500000000041,-0.043124999999999414
2026-08-16 18:16:57.981,10.083,lower,-0.004374999999999796,-0.010000000000000009
2026-08-16 18:16:57.991,10.093,lower,-0.20312499999999956,-0.06562500000000027
2026-08-16 18:16:58.001,10.103,lower,-0.020000000000000018,-0.02062499999999967
2026-08-16 18:16:58.011,10.113,lower,-0.1475000000000004,-0.0506249999999997
2026-08-16 18:16:58.021,10.123,lower,-0.07687499999999958,-0.04437499999999983
2026-08-16 18:16:58.031,10.133,lower,-0.03062499999999968,-0.015625000000000222
2026-08-16 18:16:58.041,10.143,lower,-0.234375,-0.07062499999999972
2026-08-16 18:16:58.051,10.153,lower,-0.04437499999999983,-0.020000000000000018
2026-08-16 18:16:58.061,10.163,lower,-0.1981250000000001,-0.04124999999999934
2026-08-16 18:16:58.071,10.173,lower,-0.10062499999999974,-0.03937500000000038
2026-08-16 18:16:58.081,10.183,lower,-0.03874999999999962,-0.01687499999999953
2026-08-16 18:16:58.091,10.193,lower,-0.22749999999999937,-0.06937500000000041
2026-08-16 18:16:58.101,10.203,lower,-0.043124999999999414,-0.017500000000000293
2026-08-16 18:16:58.111,10.213,lower,-0.17749999999999932,-0.043124999999999414
2026-08-16 18:16:58.121,10.223,lower,-0.09312499999999946,-0.04124999999999934
2026-08-16 18:16:58.131,10.233,lower,-0.04812499999999997,-0.01687499999999953
2026-08-16 18:16:58.141,10.243,lower,-0.24562500000000043,-0.06937500000000041
2026-08-16 18:16:58.151,10.253,lower,-0.05437499999999984,-0.019375000000000364
2026-08-16 18:16:58.161,10.263,lower,-0.2100000000000002,-0.046874999999999556
2026-08-16 18:16:58.171,10.273,lower,-0.10812500000000003,-0.051875000000000115
2026-08-16 18:16:58.181,10.283,lower,-0.04562500000000025,-0.021249999999999325
2026-08-16 18:16:58.191,10.293,lower,-0.23375000000000035,-0.07249999999999979
2026-08-16 18:16:58.201,10.303,lower,-0.04562500000000025,-0.03062499999999968
2026-08-16 18:16:58.211,10.313,lower,-0.1849999999999996,-0.04750000000000032
2026-08-16 18:16:58.221,10.323,lower,-0.1287499999999997,-0.05124999999999935
2026-08-16 18:16:58.231,10.333,lower,-0.056874999999999565,-0.020000000000000018
2026-08-16 18:16:58.241,10.343,lower,-0.2500000000000002,-0.07000000000000006
2026-08-16 18:16:58.251,10.353,lower,-0.056874999999999565,-0.024999999999999467
2026-08-16 18:16:58.261,10.363,lower,-0.22312499999999957,-0.053750000000000187
2026-08-16 18:16:58.271,10.373,lower,-0.11062499999999975,-0.04375000000000018
2026-08-16 18:16:58.281,10.383,lower,-0.05624999999999991,-0.019375000000000364
2026-08-16 18:16:58.291,10.393,lower,-0.23937499999999945,-0.07312499999999944
2026-08-16 18:16:58.301,10.403,lower,-0.058749999999999636,-0.022499999999999742
2026-08-16 18:16:58.311,10.413,lower,-0.20937499999999942,-0.04375000000000018
2026-08-16 18:16:58.321,10.423,lower,-0.1387499999999997,-0.04375000000000018
2026-08-16 18:16:58.331,10.433,lower,-0.07750000000000035,-0.021249999999999325
2026-08-16 18:16:58.341,10.443,lower,-0.2693749999999995,-0.07437499999999986
2026-08-16 18:16:58.351,10.453,lower,-0.08750000000000036,-0.02562500000000023
2026-08-16 18:16:58.361,10.463,lower,-0.26249999999999996,-0.050000000000000044
2026-08-16 18:16:58.371,10.473,lower,-0.15124999999999944,-0.0462499999999999
2026-08-16 18:16:58.381,10.483,lower,-0.10624999999999996,-0.024374999999999813
2026-08-16 18:16:58.391,10.493,lower,-0.32062499999999994,-0.08062499999999972
2026-08-16 18:16:58.401,10.503,lower,-0.1287499999999997,-0.027500000000000302
2026-08-16 18:16:58.411,10.513,lower,-0.2993749999999995,-0.06062499999999971
2026-08-16 18:16:58.421,10.523,lower,-0.23812500000000014,-0.06687499999999957
2026-08-16 18:16:58.431,10.533,lower,-0.19124999999999948,-0.03437499999999982
2026-08-16 18:16:58.441,10.543,lower,-0.38374999999999937,-0.08750000000000036
2026-08-16 18:16:58.451,10.553,lower,-0.20874999999999977,-0.04062499999999969
2026-08-16 18:16:58.461,10.563,lower,-0.33499999999999974,-0.07124999999999937
2026-08-16 18:16:58.471,10.573,lower,-0.26000000000000023,-0.0649999999999995
2026-08-16 18:16:58.481,10.583,lower,-0.20812500000000012,-0.03750000000000031
2026-08-16 18:16:58.491,10.593,lower,-0.4118749999999993,-0.0924999999999998
2026-08-16 18:16:58.501,10.603,lower,-0.2068749999999997,-0.04187500000000011
2026-08-16 18:16:58.511,10.613,lower,-0.3600000000000003,-0.07187500000000013
2026-08-16 18:16:58.521,10.623,lower,-0.26687499999999975,-0.061875000000000124
2026-08-16 18:16:58.531,10.633,lower,-0.21375000000000033,-0.034999999999999476
2026-08-16 18:16:58.541,10.643,lower,-0.38562499999999944,-0.08874999999999966
2026-08-16 18:16:58.551,10.653,lower,-0.19562500000000038,-0.043124999999999414
2026-08-16 18:16:58.561,10.663,lower,-0.3212499999999996,-0.058749999999999636
2026-08-16 18:16:58.571,10.673,lower,-0.23249999999999993,-0.06062499999999971
2026-08-16 18:16:58.581,10.683,lower,-0.19062499999999982,-0.03375000000000017
2026-08-16 18:16:58.591,10.693,lower,-0.38374999999999937,-0.08562500000000028
2026-08-16 18:16:58.601,10.703,lower,-0.1781250000000001,-0.03937500000000038
2026-08-16 18:16:58.611,10.713,lower,-0.3387499999999999,-0.061875000000000124
2026-08-16 18:16:58.621,10.723,lower,-0.23375000000000035,-0.05750000000000033
2026-08-16 18:16:58.631,10.733,lower,-0.16874999999999973,-0.03375000000000017
2026-08-16 18:16:58.641,10.743,lower,-0.3518750000000004,-0.08750000000000036
2026-08-16 18:16:58.651,10.753,lower,-0.16124999999999945,-0.03375000000000017
2026-08-16 18:16:58.661,10.763,lower,-0.2949999999999997,-0.06249999999999978
2026-08-16 18:16:58.671,10.773,lower,-0.20000000000000018,-0.06812499999999999
2026-08-16 18:16:58.681,10.783,lower,-0.15750000000000042,-0.03687499999999955
2026-08-16 18:16:58.691,10.793,lower,-0.3443750000000001,-0.08624999999999994
2026-08-16 18:16:58.701,10.803,lower,-0.14874999999999972,-0.03375000000000017
2026-08-16 18:16:58.711,10.813,lower,-0.3100000000000003,-0.06312499999999943
2026-08-16 18:16:58.721,10.823,lower,-0.1924999999999999,-0.06062499999999971
2026-08-16 18:16:58.731,10.833,lower,-0.12812500000000004,-0.028124999999999956
2026-08-16 18:16:58.741,10.843,lower,-0.3068749999999998,-0.08562500000000028
2026-08-16 18:16:58.751,10.853,lower,-0.12124999999999941,-0.031249999999999334
2026-08-16 18:16:58.761,10.863,lower,-0.2637500000000004,-0.0593750000000004
2026-08-16 18:16:58.771,10.873,lower,-0.1893749999999994,-0.05249999999999977
2026-08-16 18:16:58.781,10.883,lower,-0.11812500000000004,-0.026249999999999885
2026-08-16 18:16:58.791,10.893,lower,-0.29874999999999985,-0.078125
2026-08-16 18:16:58.801,10.903,lower,-0.10624999999999996,-0.029375000000000373
2026-08-16 18:16:58.811,10.913,lower,-0.27437500000000004,-0.06124999999999936
2026-08-16 18:16:58.821,10.923,lower,-0.14874999999999972,-0.04874999999999963
2026-08-16 18:16:58.831,10.933,lower,-0.08874999999999966,-0.02375000000000016
2026-08-16 18:16:58.841,10.943,lower,-0.26687499999999975,-0.07687499999999958
2026-08-16 18:16:58.851,10.953,lower,-0.08624999999999994,-0.026874999999999538
2026-08-16 18:16:58.861,10.963,lower,-0.23499999999999965,-0.050000000000000044
2026-08-16 18:16:58.871,10.973,lower,-0.1506249999999998,-0.043124999999999414
2026-08-16 18:16:58.881,10.983,lower,-0.08874999999999966,-0.02375000000000016
2026-08-16 18:16:58.891,10.993,lower,-0.27249999999999996,-0.07750000000000035
2026-08-16 18:16:58.901,11.003,lower,-0.07437499999999986,-0.020000000000000018
2026-08-16 18:16:58.911,11.013,lower,-0.2506249999999999,-0.04874999999999963
2026-08-16 18:16:58.921,11.023,lower,-0.11812500000000004,-0.040000000000000036
2026-08-16 18:16:58.931,11.033,lower,-0.06624999999999992,-0.02375000000000016
2026-08-16 18:16:58.941,11.043,lower,-0.2674999999999994,-0.07562500000000028
2026-08-16 18:16:58.951,11.053,lower,-0.051875000000000115,-0.021249999999999325
2026-08-16 18:16:58.961,11.063,lower,-0.20937499999999942,-0.0506249999999997
2026-08-16 18:16:58.971,11.073,lower,-0.11187500000000017,-0.0506249999999997
2026-08-16 18:16:58.981,11.083,lower,-0.0593750000000004,-0.020000000000000018
2026-08-16 18:16:58.991,11.093,lower,-0.23187500000000028,-0.07062499999999972
2026-08-16 18:16:59.001,11.103,lower,-0.040000000000000036,-0.020000000000000018
2026-08-16 18:16:59.011,11.113,lower,-0.224375,-0.056874999999999565
2026-08-16 18:16:59.021,11.123,lower,-0.08937500000000043,-0.044999999999999485
2026-08-16 18:16:59.031,11.133,lower,-0.04375000000000018,-0.0187499999999996
2026-08-16 18:16:59.041,11.143,lower,-0.2387499999999998,-0.07187500000000013
2026-08-16 18:16:59.051,11.153,lower,-0.03375000000000017,-0.02187500000000009
2026-08-16 18:16:59.061,11.163,lower,-0.20000000000000018,-0.053750000000000187
2026-08-16 18:16:59.071,11.173,lower,-0.09437499999999988,-0.04062499999999969
2026-08-16 18:16:59.081,11.183,lower,-0.05124999999999935,-0.014999999999999458
2026-08-16 18:16:59.091,11.193,lower,-0.21874999999999978,-0.06812499999999999
2026-08-16 18:16:59.101,11.203,lower,-0.028124999999999956,-0.014999999999999458
2026-08-16 18:16:59.111,11.213,lower,-0.16249999999999987,-0.04124999999999934
2026-08-16 18:16:59.121,11.223,lower,-0.0649999999999995,-0.03750000000000031
2026-08-16 18:16:59.131,11.233,lower,-0.02187500000000009,-0.012499999999999734
2026-08-16 18:16:59.141,11.243,lower,-0.2124999999999999,-0.06624999999999992
2026-08-16 18:16:59.151,11.253,lower,-0.007500000000000284,-0.013124999999999387
2026-08-16 18:16:59.161,11.263,lower,-0.17874999999999974,-0.04062499999999969
2026-08-16 18:16:59.171,11.273,lower,-0.0593750000000004,-0.0318750000000001
2026-08-16 18:16:59.181,11.283,lower,-0.004374999999999796,-0.011249999999999316
2026-08-16 18:16:59.191,11.293,lower,-0.18249999999999988,-0.06874999999999964
2026-08-16 18:16:59.201,11.303,lower,0.003750000000000142,-0.013124999999999387
2026-08-16 18:16:59.211,11.313,lower,-0.1375000000000004,-0.04187500000000011
2026-08-16 18:16:59.221,11.323,lower,-0.03249999999999975,-0.04124999999999934
2026-08-16 18:16:59.231,11.333,lower,0.0031250000000004885,-0.010000000000000009
2026-08-16 18:16:59.241,11.343,lower,-0.18187500000000023,-0.06124999999999936
2026-08-16 18:16:59.251,11.353,lower,0.021250000000000435,-0.012499999999999734
2026-08-16 18:16:59.261,11.363,lower,-0.15437499999999993,-0.04249999999999976
2026-08-16 18:16:59.271,11.373,lower,-0.03249999999999975,-0.03249999999999975
2026-08-16 18:16:59.281,11.383,lower,0.02062499999999967,-0.005625000000000213
2026-08-16 18:16:59.291,11.393,lower,-0.15437499999999993,-0.056874999999999565
2026-08-16 18:16:59.301,11.403,lower,0.029375000000000373,-0.009375000000000355
2026-08-16 18:16:59.311,11.413,lower,-0.12312499999999948,-0.03874999999999962
2026-08-16 18:16:59.321,11.423,lower,-0.009375000000000355,-0.03249999999999975
2026-08-16 18:16:59.331,11.433,lower,0.020000000000000018,-0.005625000000000213
2026-08-16 18:16:59.341,11.443,lower,-0.16375000000000028,-0.05812499999999998
2026-08-16 18:16:59.351,11.453,lower,0.03249999999999975,-0.008749999999999591
2026-08-16 18:16:59.361,11.463,lower,-0.14375000000000027,-0.033124999999999405
2026-08-16 18:16:59.371,11.473,lower,-0.018124999999999947,-0.02562500000000023
2026-08-16 18:16:59.381,11.483,lower,0.03750000000000031,-0.006249999999999867
2026-08-16 18:16:59.391,11.493,lower,-0.12937499999999935,-0.05312499999999942
2026-08-16 18:16:59.401,11.503,lower,0.045000000000000595,-0.005625000000000213
2026-08-16 18:16:59.411,11.513,lower,-0.11562500000000031,-0.026874999999999538
2026-08-16 18:16:59.421,11.523,lower,-0.027500000000000302,-0.02375000000000016
2026-08-16 18:16:59.431,11.533,lower,0.027500000000000302,-0.004999999999999449
2026-08-16 18:16:59.441,11.543,lower,-0.14625,-0.05624999999999991
2026-08-16 18:16:59.451,11.553,lower,0.043125000000000524,-0.004999999999999449
2026-08-16 18:16:59.461,11.563,lower,-0.1387499999999997,-0.034999999999999476
2026-08-16 18:16:59.471,11.573,lower,-0.004999999999999449,-0.03062499999999968
2026-08-16 18:16:59.481,11.583,lower,0.04874999999999963,-0.0012500000000004174
2026-08-16 18:16:59.491,11.593,lower,-0.12187500000000018,-0.051875000000000115
2026-08-16 18:16:59.501,11.603,lower,0.056875000000000675,-0.0012500000000004174
2026-08-16 18:16:59.511,11.613,lower,-0.10750000000000037,-0.033124999999999405
2026-08-16 18:16:59.521,11.623,lower,-0.008749999999999591,-0.030000000000000027
2026-08-16 18:16:59.531,11.633,lower,0.03937500000000038,-0.005625000000000213
2026-08-16 18:16:59.541,11.643,lower,-0.13375000000000026,-0.05437499999999984
2026-08-16 18:16:59.551,11.653,lower,0.058749999999999636,-0.004374999999999796
2026-08-16 18:16:59.561,11.663,lower,-0.12937499999999935,-0.03437499999999982
2026-08-16 18:16:59.571,11.673,lower,0.013750000000000151,-0.024999999999999467
2026-08-16 18:16:59.581,11.683,lower,0.055000000000000604,0.0024999999999997247
2026-08-16 18:16:59.591,11.693,lower,-0.14375000000000027,-0.04937500000000039
2026-08-16 18:16:59.601,11.703,lower,0.06687500000000068,-0.0031249999999993783
2026-08-16 18:16:59.611,11.713,lower,-0.10312499999999947,-0.034999999999999476
2026-08-16 18:16:59.621,11.723,lower,0.001875000000000071,-0.020000000000000018
2026-08-16 18:16:59.631,11.733,lower,0.04125000000000045,0.0031250000000004885
2026-08-16 18:16:59.641,11.743,lower,-0.12375000000000025,-0.0506249999999997
2026-08-16 18:16:59.651,11.753,lower,0.061875000000000124,0.0
2026-08-16 18:16:59.661,11.763,lower,-0.08187500000000014,-0.026874999999999538
2026-08-16 18:16:59.671,11.773,lower,0.015625000000000222,-0.018124999999999947
2026-08-16 18:16:59.681,11.783,lower,0.05437499999999984,-0.0006249999999996536
2026-08-16 18:16:59.691,11.793,lower,-0.13812500000000005,-0.05437499999999984
2026-08-16 18:16:59.701,11.803,lower,0.07125000000000048,0.0024999999999997247
2026-08-16 18:16:59.711,11.813,lower,-0.10937499999999933,-0.0318750000000001
2026-08-16 18:16:59.721,11.823,lower,0.003750000000000142,-0.03249999999999975
2026-08-16 18:16:59.731,11.833,lower,0.03937500000000038,0.004374999999999796
2026-08-16 18:16:59.741,11.843,lower,-0.1143749999999999,-0.051875000000000115
2026-08-16 18:16:59.751,11.853,lower,0.07187500000000013,0.001875000000000071
2026-08-16 18:16:59.761,11.863,lower,-0.08499999999999952,-0.03375000000000017
2026-08-16 18:16:59.771,11.873,lower,0.02687500000000065,-0.02375000000000016
2026-08-16 18:16:59.781,11.883,lower,0.06062499999999971,0.0
2026-08-16 18:16:59.791,11.893,lower,-0.1275000000000004,-0.04874999999999963
2026-08-16 18:16:59.801,11.903,lower,0.07562500000000028,0.0
2026-08-16 18:16:59.811,11.913,lower,-0.10937499999999933,-0.0318750000000001
2026-08-16 18:16:59.821,11.923,lower,0.019375000000000364,-0.02562500000000023
2026-08-16 18:16:59.831,11.933,lower,0.07062499999999972,0.006249999999999867
2026-08-16 18:16:59.841,11.943,lower,-0.10437499999999988,-0.05249999999999977
2026-08-16 18:16:59.851,11.953,lower,0.07624999999999993,0.0
2026-08-16 18:16:59.861,11.963,lower,-0.08000000000000007,-0.03562500000000024
2026-08-16 18:16:59.871,11.973,lower,0.03624999999999989,-0.0187499999999996
2026-08-16 18:16:59.881,11.983,lower,0.06562500000000027,0.006249999999999867
2026-08-16 18:16:59.891,11.993,lower,-0.11937499999999934,-0.046874999999999556
2026-08-16 18:16:59.901,12.003,lower,0.07312500000000055,0.0
2026-08-16 18:16:59.911,12.013,lower,-0.10874999999999968,-0.02375000000000016
2026-08-16 18:16:59.921,12.023,lower,0.026249999999999885,-0.0187499999999996
2026-08-16 18:16:59.931,12.033,lower,0.07500000000000062,0.001875000000000071
2026-08-16 18:16:59.941,12.043,lower,-0.09750000000000036,-0.05124999999999935
2026-08-16 18:16:59.951,12.053,lower,0.08125000000000049,0.0024999999999997247
2026-08-16 18:16:59.961,12.063,lower,-0.08062499999999972,-0.024999999999999467
2026-08-16 18:16:59.971,12.073,lower,0.04187500000000011,-0.014374999999999805
2026-08-16 18:16:59.981,12.083,lower,0.061875000000000124,0.003750000000000142
2026-08-16 18:16:59.991,12.093,lower,-0.11624999999999996,-0.04874999999999963
2026-08-16 18:17:00.001,12.103,lower,0.07937500000000042,0.005625000000000213
2026-08-16 18:17:00.011,12.113,lower,-0.11375000000000024,-0.02874999999999961
2026-08-16 18:17:00.021,12.123,lower,0.029375000000000373,-0.026249999999999885
2026-08-16 18:17:00.031,12.133,lower,0.07562500000000028,0.004374999999999796
2026-08-16 18:17:00.041,12.143,lower,-0.09062499999999973,-0.050000000000000044
2026-08-16 18:17:00.051,12.153,lower,0.08312500000000056,-0.001875000000000071
2026-08-16 18:17:00.061,12.163,lower,-0.08624999999999994,-0.031249999999999334
2026-08-16 18:17:00.071,12.173,lower,0.010624999999999662,-0.02375000000000016
2026-08-16 18:17:00.081,12.183,lower,0.05750000000000033,0.0012500000000004174
2026-08-16 18:17:00.091,12.193,lower,-0.11062499999999975,-0.0462499999999999
2026-08-16 18:17:00.101,12.203,lower,0.08125000000000049,0.0012500000000004174
2026-08-16 18:17:00.111,12.213,lower,-0.11312499999999948,-0.03562500000000024
2026-08-16 18:17:00.121,12.223,lower,0.035000000000000586,-0.01687499999999953
2026-08-16 18:17:00.131,12.233,lower,0.07500000000000062,0.0050000000000005596
2026-08-16 18:17:00.141,12.243,lower,-0.08124999999999938,-0.044999999999999485
2026-08-16 18:17:00.151,12.253,lower,0.08375000000000021,0.0050000000000005596
2026-08-16 18:17:00.161,12.263,lower,-0.09124999999999939,-0.024999999999999467
2026-08-16 18:17:00.171,12.273,lower,0.019375000000000364,-0.017500000000000293
2026-08-16 18:17:00.181,12.283,lower,0.053750000000000187,0.0050000000000005596
2026-08-16 18:17:00.191,12.293,lower,-0.10750000000000037,-0.0462499999999999
2026-08-16 18:17:00.201,12.303,lower,0.08125000000000049,0.0012500000000004174
2026-08-16 18:17:00.211,12.313,lower,-0.11750000000000038,-0.026874999999999538
2026-08-16 18:17:00.221,12.323,lower,0.038124999999999964,-0.012499999999999734
2026-08-16 18:17:00.231,12.333,lower,0.07562500000000028,0.0050000000000005596
2026-08-16 18:17:00.241,12.343,lower,-0.11750000000000038,-0.04937500000000039
2026-08-16 18:17:00.251,12.353,lower,0.08500000000000063,0.006875000000000631
2026-08-16 18:17:00.261,12.363,lower,-0.09750000000000036,-0.026874999999999538
2026-08-16 18:17:00.271,12.373,lower,0.025000000000000577,-0.02187500000000009
2026-08-16 18:17:00.281,12.383,lower,0.05125000000000046,0.0012500000000004174
2026-08-16 18:17:00.291,12.393,lower,-0.1012499999999994,-0.046874999999999556
2026-08-16 18:17:00.301,12.403,lower,0.08375000000000021,0.008749999999999591
2026-08-16 18:17:00.311,12.413,lower,-0.07687499999999958,-0.029375000000000373
2026-08-16 18:17:00.321,12.423,lower,0.038124999999999964,-0.022499999999999742
2026-08-16 18:17:00.331,12.433,lower,0.06812499999999999,0.0024999999999997247
2026-08-16 18:17:00.341,12.443,lower,-0.11750000000000038,-0.044999999999999485
2026-08-16 18:17:00.351,12.453,lower,0.08500000000000063,0.001875000000000071
2026-08-16 18:17:00.361,12.463,lower,-0.10437499999999988,-0.03249999999999975
2026-08-16 18:17:00.371,12.473,lower,0.02874999999999961,-0.015625000000000222
2026-08-16 18:17:00.381,12.483,lower,0.04062499999999969,0.0031250000000004885
2026-08-16 18:17:00.391,12.493,lower,-0.09437499999999988,-0.04750000000000032
2026-08-16 18:17:00.401,12.503,lower,0.08562500000000028,0.004374999999999796
2026-08-16 18:17:00.411,12.513,lower,-0.08124999999999938,-0.027500000000000302
2026-08-16 18:17:00.421,12.523,lower,0.04125000000000045,-0.01687499999999953
2026-08-16 18:17:00.431,12.533,lower,0.06500000000000061,0.006249999999999867
2026-08-16 18:17:00.441,12.543,lower,-0.11562500000000031,-0.04562500000000025
2026-08-16 18:17:00.451,12.553,lower,0.08624999999999994,0.0024999999999997247
2026-08-16 18:17:00.461,12.563,lower,-0.11062499999999975,-0.027500000000000302
2026-08-16 18:17:00.471,12.573,lower,0.02874999999999961,-0.01187500000000008
2026-08-16 18:17:00.481,12.583,lower,0.07750000000000035,0.0024999999999997247
2026-08-16 18:17:00.491,12.593,lower,-0.08750000000000036,-0.05249999999999977
2026-08-16 18:17:00.501,12.603,lower,0.08562500000000028,0.008124999999999938
2026-08-16 18:17:00.511,12.613,lower,-0.08624999999999994,-0.024999999999999467
2026-08-16 18:17:00.521,12.623,lower,0.04812499999999997,-0.023124999999999396
2026-08-16 18:17:00.531,12.633,lower,0.06125000000000047,0.0006249999999996536
2026-08-16 18:17:00.541,12.643,lower,-0.11312499999999948,-0.04562500000000025
2026-08-16 18:17:00.551,12.653,lower,0.078125,0.009375000000000355
2026-08-16 18:17:00.561,12.663,lower,-0.11062499999999975,-0.031249999999999334
2026-08-16 18:17:00.571,12.673,lower,0.03249999999999975,-0.018124999999999947
2026-08-16 18:17:00.581,12.683,lower,0.07750000000000035,0.0050000000000005596
2026-08-16 18:17:00.591,12.693,lower,-0.08624999999999994,-0.044999999999999485
2026-08-16 18:17:00.601,12.703,lower,0.08375000000000021,0.0050000000000005596
2026-08-16 18:17:00.611,12.713,lower,-0.09312499999999946,-0.03249999999999975
2026-08-16 18:17:00.621,12.723,lower,0.05125000000000046,-0.020000000000000018
2026-08-16 18:17:00.631,12.733,lower,0.055000000000000604,0.006875000000000631
2026-08-16 18:17:00.641,12.743,lower,-0.10937499999999933,-0.0462499999999999
2026-08-16 18:17:00.651,12.753,lower,0.0824999999999998,0.007500000000000284
2026-08-16 18:17:00.661,12.763,lower,-0.11937499999999934,-0.034999999999999476
2026-08-16 18:17:00.671,12.773,lower,0.03375000000000017,-0.015625000000000222
2026-08-16 18:17:00.681,12.783,lower,0.07249999999999979,0.005625000000000213
2026-08-16 18:17:00.691,12.793,lower,-0.08375000000000021,-0.044999999999999485
2026-08-16 18:17:00.701,12.803,lower,0.08562500000000028,0.006249999999999867
2026-08-16 18:17:00.711,12.813,lower,-0.09812500000000002,-0.02562500000000023
2026-08-16 18:17:00.721,12.823,lower,0.020000000000000018,-0.011249999999999316
2026-08-16 18:17:00.731,12.833,lower,0.051875000000000115,0.0050000000000005596
2026-08-16 18:17:00.741,12.843,lower,-0.10437499999999988,-0.046874999999999556
2026-08-16 18:17:00.751,12.853,lower,0.08437499999999987,0.006875000000000631
2026-08-16 18:17:00.761,12.863,lower,-0.1243749999999999,-0.024374999999999813
2026-08-16 18:17:00.771,12.873,lower,0.038124999999999964,-0.009375000000000355
2026-08-16 18:17:00.781,12.883,lower,0.07000000000000006,0.005625000000000213
2026-08-16 18:17:00.791,12.893,lower,-0.11812500000000004,-0.050000000000000044
2026-08-16 18:17:00.801,12.903,lower,0.08750000000000036,0.008749999999999591
2026-08-16 18:17:00.811,12.913,lower,-0.1056250000000003,-0.029375000000000373
2026-08-16 18:17:00.821,12.923,lower,0.024374999999999813,-0.019375000000000364
2026-08-16 18:17:00.831,12.933,lower,0.0462499999999999,0.006249999999999867
2026-08-16 18:17:00.841,12.943,lower,-0.10000000000000009,-0.04562500000000025
2026-08-16 18:17:00.851,12.953,lower,0.08312500000000056,0.0012500000000004174
2026-08-16 18:17:00.861,12.963,lower,-0.12624999999999997,-0.031249999999999334
2026-08-16 18:17:00.871,12.973,lower,0.04187500000000011,-0.02062499999999967
2026-08-16 18:17:00.881,12.983,lower,0.06500000000000061,0.003750000000000142
2026-08-16 18:17:00.891,12.993,lower,-0.11624999999999996,-0.04437499999999983
2026-08-16 18:17:00.901,13.003,lower,0.08874999999999966,0.003750000000000142
2026-08-16 18:17:00.911,13.013,lower,-0.10937499999999933,-0.033124999999999405
2026-08-16 18:17:00.921,13.023,lower,0.02562500000000023,-0.013750000000000151
2026-08-16 18:17:00.931,13.033,lower,0.03750000000000031,0.0024999999999997247
2026-08-16 18:17:00.941,13.043,lower,-0.09624999999999995,-0.04937500000000039
2026-08-16 18:17:00.951,13.053,lower,0.08187500000000014,0.006249999999999867
2026-08-16 18:17:00.961,13.063,lower,-0.08437499999999987,-0.023124999999999396
2026-08-16 18:17:00.971,13.073,lower,0.04125000000000045,-0.015625000000000222
2026-08-16 18:17:00.981,13.083,lower,0.061875000000000124,0.006249999999999867
2026-08-16 18:17:00.991,13.093,lower,-0.11562500000000031,-0.040000000000000036
2026-08-16 18:17:01.001,13.103,lower,0.08500000000000063,0.008124999999999938
2026-08-16 18:17:01.011,13.113,lower,-0.11375000000000024,-0.02562500000000023
2026-08-16 18:17:01.021,13.123,lower,0.03062499999999968,-0.01187500000000008
2026-08-16 18:17:01.031,13.133,lower,0.06874999999999964,0.003750000000000142
2026-08-16 18:17:01.041,13.143,lower,-0.09000000000000008,-0.050000000000000044
2026-08-16 18:17:01.051,13.153,lower,0.0824999999999998,0.004374999999999796
2026-08-16 18:17:01.061,13.163,lower,-0.0968749999999996,-0.02874999999999961
2026-08-16 18:17:01.071,13.173,lower,0.04062499999999969,-0.020000000000000018
2026-08-16 18:17:01.081,13.183,lower,0.05624999999999991,0.004374999999999796
2026-08-16 18:17:01.091,13.193,lower,-0.11249999999999982,-0.046874999999999556
2026-08-16 18:17:01.101,13.203,lower,0.08500000000000063,0.007500000000000284
2026-08-16 18:17:01.111,13.213,lower,-0.12124999999999941,-0.030000000000000027
2026-08-16 18:17:01.121,13.223,lower,0.03062499999999968,-0.017500000000000293
2026-08-16 18:17:01.131,13.233,lower,0.07437499999999986,0.0006249999999996536
2026-08-16 18:17:01.141,13.243,lower,-0.08624999999999994,-0.043124999999999414
2026-08-16 18:17:01.151,13.253,lower,0.08375000000000021,0.001875000000000071
2026-08-16 18:17:01.161,13.263,lower,-0.10000000000000009,-0.03375000000000017
2026-08-16 18:17:01.171,13.273,lower,0.046875000000000666,-0.012499999999999734
2026-08-16 18:17:01.181,13.283,lower,0.05125000000000046,0.0050000000000005596
2026-08-16 18:17:01.191,13.293,lower,-0.10624999999999996,-0.04062499999999969
2026-08-16 18:17:01.201,13.303,lower,0.07874999999999965,0.007500000000000284
2026-08-16 18:17:01.211,13.313,lower,-0.12312499999999948,-0.03624999999999989
2026-08-16 18:17:01.221,13.323,lower,0.03874999999999962,-0.010624999999999662
2026-08-16 18:17:01.231,13.333,lower,0.07000000000000006,0.006875000000000631
2026-08-16 18:17:01.241,13.343,lower,-0.07874999999999965,-0.043124999999999414
2026-08-16 18:17:01.251,13.353,lower,0.08375000000000021,0.009375000000000355
2026-08-16 18:17:01.261,13.363,lower,-0.10249999999999981,-0.027500000000000302
2026-08-16 18:17:01.271,13.373,lower,0.022499999999999742,-0.008124999999999938
2026-08-16 18:17:01.281,13.383,lower,0.04375000000000018,0.008124999999999938
2026-08-16 18:17:01.291,13.393,lower,-0.10437499999999988,-0.05124999999999935
2026-08-16 18:17:01.301,13.403,lower,0.08125000000000049,0.008749999999999591
2026-08-16 18:17:01.311,13.413,lower,-0.12375000000000025,-0.029375000000000373
2026-08-16 18:17:01.321,13.423,lower,0.038124999999999964,-0.021249999999999325
2026-08-16 18:17:01.331,13.433,lower,0.06312500000000054,0.004374999999999796
2026-08-16 18:17:01.341,13.443,lower,-0.07187500000000013,-0.04874999999999963
2026-08-16 18:17:01.351,13.453,lower,0.08750000000000036,0.008749999999999591
2026-08-16 18:17:01.361,13.463,lower,-0.10375000000000023,-0.03249999999999975
2026-08-16 18:17:01.371,13.473,lower,0.02562500000000023,-0.016249999999999876
2026-08-16 18:17:01.381,13.483,lower,0.04187500000000011,0.005625000000000213
2026-08-16 18:17:01.391,13.493,lower,-0.09624999999999995,-0.04187500000000011
2026-08-16 18:17:01.401,13.503,lower,0.08312500000000056,0.006875000000000631
2026-08-16 18:17:01.411,13.513,lower,-0.12562500000000032,-0.03249999999999975
2026-08-16 18:17:01.421,13.523,lower,0.038124999999999964,-0.015625000000000222
2026-08-16 18:17:01.431,13.533,lower,0.06125000000000047,0.006875000000000631
2026-08-16 18:17:01.441,13.543,lower,-0.11937499999999934,-0.04437499999999983
2026-08-16 18:17:01.451,13.553,lower,0.08562500000000028,0.003750000000000142
2026-08-16 18:17:01.461,13.563,lower,-0.1112499999999994,-0.03624999999999989
2026-08-16 18:17:01.471,13.573,lower,0.028124999999999956,-0.015625000000000222
2026-08-16 18:17:01.481,13.583,lower,0.03437499999999982,0.009375000000000355
2026-08-16 18:17:01.491,13.593,lower,-0.09000000000000008,-0.04437499999999983
2026-08-16 18:17:01.501,13.603,lower,0.08562500000000028,0.005625000000000213
2026-08-16 18:17:01.511,13.613,lower,-0.08874999999999966,-0.024999999999999467
2026-08-16 18:17:01.521,13.623,lower,0.04562500000000025,-0.007500000000000284
2026-08-16 18:17:01.531,13.633,lower,0.0593750000000004,0.008124999999999938
2026-08-16 18:17:01.541,13.643,lower,-0.11499999999999955,-0.050000000000000044
2026-08-16 18:17:01.551,13.653,lower,0.08750000000000036,0.012499999999999734
2026-08-16 18:17:01.561,13.663,lower,-0.1143749999999999,-0.026249999999999885
2026-08-16 18:17:01.571,13.673,lower,0.03062499999999968,-0.008124999999999938
2026-08-16 18:17:01.581,13.683,lower,0.028124999999999956,0.006249999999999867
2026-08-16 18:17:01.591,13.693,lower,-0.08437499999999987,-0.04437499999999983
2026-08-16 18:17:01.601,13.703,lower,0.08187500000000014,0.01187500000000008
2026-08-16 18:17:01.611,13.713,lower,-0.09499999999999953,-0.02874999999999961
2026-08-16 18:17:01.621,13.723,lower,0.04937500000000039,-0.015625000000000222
2026-08-16 18:17:01.631,13.733,lower,0.05562500000000026,0.004374999999999796
2026-08-16 18:17:01.641,13.743,lower,-0.10874999999999968,-0.044999999999999485
2026-08-16 18:17:01.651,13.753,lower,0.08437499999999987,0.0050000000000005596
2026-08-16 18:17:01.661,13.763,lower,-0.12187500000000018,-0.03249999999999975
2026-08-16 18:17:01.671,13.773,lower,0.03562500000000024,-0.015625000000000222
2026-08-16 18:17:01.681,13.783,lower,0.06937500000000041,-0.0006249999999996536
2026-08-16 18:17:01.691,13.793,lower,-0.0824999999999998,-0.04375000000000018
2026-08-16 18:17:01.701,13.803,lower,0.08874999999999966,0.0031250000000004885
2026-08-16 18:17:01.711,13.813,lower,-0.1012499999999994,-0.03937500000000038
2026-08-16 18:17:01.721,13.823,lower,0.04812499999999997,-0.01187500000000008
2026-08-16 18:17:01.731,13.833,lower,0.050000000000000044,0.003750000000000142
2026-08-16 18:17:01.741,13.843,lower,-0.10187500000000016,-0.03937500000000038
2026-08-16 18:17:01.751,13.853,lower,0.08812500000000001,0.011250000000000426
2026-08-16 18:17:01.761,13.863,lower,-0.12187500000000018,-0.024374999999999813
2026-08-16 18:17:01.771,13.873,lower,0.040000000000000036,-0.010000000000000009
2026-08-16 18:17:01.781,13.883,lower,0.0737500000000002,0.006875000000000631
2026-08-16 18:17:01.791,13.893,lower,-0.07187500000000013,-0.04124999999999934
2026-08-16 18:17:01.801,13.903,lower,0.08750000000000036,0.009375000000000355
2026-08-16 18:17:01.811,13.913,lower,-0.10624999999999996,-0.027500000000000302
2026-08-16 18:17:01.821,13.923,lower,0.05125000000000046,-0.008124999999999938
2026-08-16 18:17:01.831,13.933,lower,0.04562500000000025,0.005625000000000213
2026-08-16 18:17:01.841,13.943,lower,-0.0956250000000003,-0.04124999999999934
2026-08-16 18:17:01.851,13.953,lower,0.08375000000000021,0.010000000000000009
2026-08-16 18:17:01.861,13.963,lower,-0.12624999999999997,-0.02874999999999961
2026-08-16 18:17:01.871,13.973,lower,0.046875000000000666,-0.0187499999999996
2026-08-16 18:17:01.881,13.983,lower,0.06874999999999964,0.005625000000000213
2026-08-16 18:17:01.891,13.993,lower,-0.06687499999999957,-0.04562500000000025
2026-08-16 18:17:01.901,14.003,lower,0.08750000000000036,0.009375000000000355
2026-08-16 18:17:01.911,14.013,lower,-0.10687499999999961,-0.03375000000000017
2026-08-16 18:17:01.921,14.023,lower,0.03062499999999968,-0.015625000000000222
2026-08-16 18:17:01.931,14.033,lower,0.035000000000000586,-0.001875000000000071
2026-08-16 18:17:01.941,14.043,lower,-0.09624999999999995,-0.04249999999999976
2026-08-16 18:17:01.951,14.053,lower,0.08312500000000056,0.004374999999999796
2026-08-16 18:17:01.961,14.063,lower,-0.12937499999999935,-0.03562500000000024
2026-08-16 18:17:01.971,14.073,lower,0.04874999999999963,-0.009375000000000355
2026-08-16 18:17:01.981,14.083,lower,0.06312500000000054,0.0050000000000005596
2026-08-16 18:17:01.991,14.093,lower,-0.0593750000000004,-0.03937500000000038
2026-08-16 18:17:02.001,14.103,lower,0.09312500000000057,0.011250000000000426
2026-08-16 18:17:02.011,14.113,lower,-0.1112499999999994,-0.028124999999999956
2026-08-16 18:17:02.021,14.123,lower,0.027500000000000302,-0.008749999999999591
2026-08-16 18:17:02.031,14.133,lower,0.028124999999999956,0.0050000000000005596
2026-08-16 18:17:02.041,14.143,lower,-0.09062499999999973,-0.04187500000000011
2026-08-16 18:17:02.051,14.153,lower,0.08750000000000036,0.010000000000000009
2026-08-16 18:17:02.061,14.163,lower,-0.13124999999999942,-0.033124999999999405
2026-08-16 18:17:02.071,14.173,lower,0.04750000000000032,-0.005625000000000213
2026-08-16 18:17:02.081,14.183,lower,0.06062499999999971,0.008124999999999938
2026-08-16 18:17:02.091,14.193,lower,-0.10624999999999996,-0.043124999999999414
2026-08-16 18:17:02.101,14.203,lower,0.09062499999999973,0.012499999999999734
2026-08-16 18:17:02.111,14.213,lower,-0.11562500000000031,-0.030000000000000027
2026-08-16 18:17:02.121,14.223,lower,0.03750000000000031,-0.014999999999999458
2026-08-16 18:17:02.131,14.233,lower,0.02687500000000065,0.004374999999999796
2026-08-16 18:17:02.141,14.243,lower,-0.078125,-0.04249999999999976
2026-08-16 18:17:02.151,14.253,lower,0.08812500000000001,0.011250000000000426
2026-08-16 18:17:02.161,14.263,lower,-0.09750000000000036,-0.03375000000000017
2026-08-16 18:17:02.171,14.273,lower,0.050000000000000044,-0.0187499999999996
2026-08-16 18:17:02.181,14.283,lower,0.05437499999999984,0.0006249999999996536
2026-08-16 18:17:02.191,14.293,lower,-0.10437499999999988,-0.04437499999999983
2026-08-16 18:17:02.201,14.303,lower,0.08937500000000043,0.0031250000000004885
2026-08-16 18:17:02.211,14.313,lower,-0.12249999999999983,-0.03874999999999962
2026-08-16 18:17:02.221,14.323,lower,0.03874999999999962,-0.010000000000000009
2026-08-16 18:17:02.231,14.333,lower,0.020000000000000018,0.003750000000000142
2026-08-16 18:17:02.241,14.343,lower,-0.07562500000000028,-0.04249999999999976
2026-08-16 18:17:02.251,14.353,lower,0.08937500000000043,0.009375000000000355
2026-08-16 18:17:02.261,14.363,lower,-0.10000000000000009,-0.03874999999999962
2026-08-16 18:17:02.271,14.373,lower,0.055000000000000604,-0.009375000000000355
2026-08-16 18:17:02.281,14.383,lower,0.0462499999999999,0.006249999999999867
2026-08-16 18:17:02.291,14.393,lower,-0.10000000000000009,-0.04187500000000011
2026-08-16 18:17:02.301,14.403,lower,0.08937500000000043,0.009375000000000355
2026-08-16 18:17:02.311,14.413,lower,-0.11937499999999934,-0.02874999999999961
2026-08-16 18:17:02.321,14.423,lower,0.04437499999999983,-0.010624999999999662
2026-08-16 18:17:02.331,14.433,lower,0.06687500000000068,0.005625000000000213
2026-08-16 18:17:02.341,14.443,lower,-0.06687499999999957,-0.04437499999999983
2026-08-16 18:17:02.351,14.453,lower,0.09000000000000008,0.007500000000000284
2026-08-16 18:17:02.361,14.463,lower,-0.1056250000000003,-0.02562500000000023
2026-08-16 18:17:02.371,14.473,lower,0.055000000000000604,-0.0024999999999997247
2026-08-16 18:17:02.381,14.483,lower,0.03874999999999962,0.0031250000000004885
2026-08-16 18:17:02.391,14.493,lower,-0.0956250000000003,-0.04375000000000018
2026-08-16 18:17:02.401,14.503,lower,0.08500000000000063,0.012499999999999734
2026-08-16 18:17:02.411,14.513,lower,-0.1287499999999997,-0.033124999999999405
2026-08-16 18:17:02.421,14.523,lower,0.04062499999999969,-0.014999999999999458
2026-08-16 18:17:02.431,14.533,lower,0.06437499999999985,0.0006249999999996536
2026-08-16 18:17:02.441,14.543,lower,-0.06062499999999971,-0.044999999999999485
2026-08-16 18:17:02.451,14.553,lower,0.08687499999999959,0.004374999999999796
2026-08-16 18:17:02.461,14.563,lower,-0.11375000000000024,-0.038124999999999964
2026-08-16 18:17:02.471,14.573,lower,0.05812499999999998,-0.013750000000000151
2026-08-16 18:17:02.481,14.583,lower,0.035000000000000586,0.0006249999999996536
2026-08-16 18:17:02.491,14.593,lower,-0.08624999999999994,-0.043124999999999414
2026-08-16 18:17:02.501,14.603,lower,0.08874999999999966,0.006249999999999867
2026-08-16 18:17:02.511,14.613,lower,-0.13375000000000026,-0.03624999999999989
2026-08-16 18:17:02.521,14.623,lower,0.046875000000000666,-0.008749999999999591
2026-08-16 18:17:02.531,14.633,lower,0.06000000000000005,0.006249999999999867
2026-08-16 18:17:02.541,14.643,lower,-0.05437499999999984,-0.04124999999999934
2026-08-16 18:17:02.551,14.653,lower,0.08874999999999966,0.0050000000000005596
2026-08-16 18:17:02.561,14.663,lower,-0.11937499999999934,-0.03062499999999968
2026-08-16 18:17:02.571,14.673,lower,0.03687500000000066,-0.005625000000000213
2026-08-16 18:17:02.581,14.683,lower,0.02687500000000065,0.0050000000000005596
2026-08-16 18:17:02.591,14.693,lower,-0.08124999999999938,-0.03624999999999989
2026-08-16 18:17:02.601,14.703,lower,0.08750000000000036,0.007500000000000284
2026-08-16 18:17:02.611,14.713,lower,-0.1331249999999995,-0.03375000000000017
2026-08-16 18:17:02.621,14.723,lower,0.05125000000000046,-0.0031249999999993783
2026-08-16 18:17:02.631,14.733,lower,0.05437499999999984,0.001875000000000071
2026-08-16 18:17:02.641,14.743,lower,-0.11187500000000017,-0.043124999999999414
2026-08-16 18:17:02.651,14.753,lower,0.09000000000000008,0.010000000000000009
2026-08-16 18:17:02.661,14.763,lower,-0.12124999999999941,-0.03375000000000017
2026-08-16 18:17:02.671,14.773,lower,0.03624999999999989,-0.014374999999999805
2026-08-16 18:17:02.681,14.783,lower,0.012499999999999734,0.0
2026-08-16 18:17:02.691,14.793,lower,-0.07874999999999965,-0.044999999999999485
2026-08-16 18:17:02.701,14.803,lower,0.08750000000000036,0.0031250000000004885
2026-08-16 18:17:02.711,14.813,lower,-0.10687499999999961,-0.03874999999999962
2026-08-16 18:17:02.721,14.823,lower,0.05125000000000046,-0.01687499999999953
2026-08-16 18:17:02.731,14.833,lower,0.04562500000000025,-0.0006249999999996536
2026-08-16 18:17:02.741,14.843,lower,-0.10249999999999981,-0.0462499999999999
2026-08-16 18:17:02.751,14.853,lower,0.08874999999999966,0.008749999999999591
2026-08-16 18:17:02.761,14.863,lower,-0.12687499999999963,-0.03874999999999962
2026-08-16 18:17:02.771,14.873,lower,0.040000000000000036,-0.01687499999999953
2026-08-16 18:17:02.781,14.883,lower,0.010624999999999662,0.007500000000000284
2026-08-16 18:17:02.791,14.893,lower,-0.07187500000000013,-0.04249999999999976
2026-08-16 18:17:02.801,14.903,lower,0.08687499999999959,0.006875000000000631
2026-08-16 18:17:02.811,14.913,lower,-0.1112499999999994,-0.0318750000000001
2026-08-16 18:17:02.821,14.923,lower,0.04937500000000039,-0.007500000000000284
2026-08-16 18:17:02.831,14.933,lower,0.04125000000000045,0.003750000000000142
2026-08-16 18:17:02.841,14.943,lower,-0.09437499999999988,-0.040000000000000036
2026-08-16 18:17:02.851,14.953,lower,0.08687499999999959,0.006875000000000631
2026-08-16 18:17:02.861,14.963,lower,-0.13249999999999984,-0.029375000000000373
2026-08-16 18:17:02.871,14.973,lower,0.04249999999999976,-0.005625000000000213
2026-08-16 18:17:02.881,14.983,lower,0.06000000000000005,0.0012500000000004174
2026-08-16 18:17:02.891,14.993,lower,-0.07124999999999937,-0.04812499999999997
2026-08-16 18:17:02.901,15.003,lower,0.08874999999999966,0.009375000000000355
2026-08-16 18:17:02.911,15.013,lower,-0.1143749999999999,-0.03562500000000024
2026-08-16 18:17:02.921,15.023,lower,0.053750000000000187,-0.014999999999999458
2026-08-16 18:17:02.931,15.033,lower,0.029375000000000373,0.0012500000000004174
2026-08-16 18:17:02.941,15.043,lower,-0.09375000000000022,-0.050000000000000044
2026-08-16 18:17:02.951,15.053,lower,0.08500000000000063,0.006249999999999867
2026-08-16 18:17:02.961,15.063,lower,-0.13375000000000026,-0.03562500000000024
2026-08-16 18:17:02.971,15.073,lower,0.04249999999999976,-0.014374999999999805
2026-08-16 18:17:02.981,15.083,lower,0.055000000000000604,0.0
2026-08-16 18:17:02.991,15.093,lower,-0.06124999999999936,-0.043124999999999414
2026-08-16 18:17:03.001,15.103,lower,0.08812500000000001,0.007500000000000284
2026-08-16 18:17:03.011,15.113,lower,-0.11874999999999969,-0.038124999999999964
2026-08-16 18:17:03.021,15.123,lower,0.05249999999999977,-0.010000000000000009
2026-08-16 18:17:03.031,15.133,lower,0.023125000000000506,-0.0006249999999996536
2026-08-16 18:17:03.041,15.143,lower,-0.08499999999999952,-0.040000000000000036
2026-08-16 18:17:03.051,15.153,lower,0.08187500000000014,0.008749999999999591
2026-08-16 18:17:03.061,15.163,lower,-0.13624999999999998,-0.04124999999999934
2026-08-16 18:17:03.071,15.173,lower,0.045000000000000595,-0.010624999999999662
2026-08-16 18:17:03.081,15.183,lower,0.05249999999999977,0.0031250000000004885
2026-08-16 18:17:03.091,15.193,lower,-0.053750000000000187,-0.04249999999999976
2026-08-16 18:17:03.101,15.203,lower,0.08187500000000014,0.006249999999999867
2026-08-16 18:17:03.111,15.213,lower,-0.1243749999999999,-0.03062499999999968
2026-08-16 18:17:03.121,15.223,lower,0.0318750000000001,-0.010624999999999662
2026-08-16 18:17:03.131,15.233,lower,0.0187499999999996,0.001875000000000071
2026-08-16 18:17:03.141,15.243,lower,-0.07874999999999965,-0.046874999999999556
2026-08-16 18:17:03.151,15.253,lower,0.08187500000000014,0.008124999999999938
2026-08-16 18:17:03.161,15.263,lower,-0.13937499999999936,-0.03437499999999982
2026-08-16 18:17:03.171,15.273,lower,0.04750000000000032,-0.006249999999999867
2026-08-16 18:17:03.181,15.283,lower,0.04375000000000018,-0.0006249999999996536
2026-08-16 18:17:03.191,15.293,lower,-0.04750000000000032,-0.04562500000000025
2026-08-16 18:17:03.201,15.303,lower,0.08125000000000049,0.009375000000000355
2026-08-16 18:17:03.211,15.313,lower,-0.1275000000000004,-0.03624999999999989
2026-08-16 18:17:03.221,15.323,lower,0.04062499999999969,-0.011249999999999316
2026-08-16 18:17:03.231,15.333,lower,0.01187500000000008,-0.0031249999999993783
2026-08-16 18:17:03.241,15.343,lower,-0.07624999999999993,-0.04375000000000018
2026-08-16 18:17:03.251,15.353,lower,0.08125000000000049,0.004374999999999796
2026-08-16 18:17:03.261,15.363,lower,-0.13687499999999964,-0.03687499999999955
2026-08-16 18:17:03.271,15.373,lower,0.0506249999999997,-0.010000000000000009
2026-08-16 18:17:03.281,15.383,lower,0.038124999999999964,-0.001875000000000071
2026-08-16 18:17:03.291,15.393,lower,-0.10375000000000023,-0.04249999999999976
2026-08-16 18:17:03.301,15.403,lower,0.08312500000000056,0.009375000000000355
2026-08-16 18:17:03.311,15.413,lower,-0.1318750000000002,-0.04249999999999976
2026-08-16 18:17:03.321,15.423,lower,0.03937500000000038,-0.007500000000000284
2026-08-16 18:17:03.331,15.433,lower,0.0031250000000004885,0.006875000000000631
2026-08-16 18:17:03.341,15.443,lower,-0.07000000000000006,-0.03937500000000038
2026-08-16 18:17:03.351,15.453,lower,0.08687499999999959,0.008124999999999938
2026-08-16 18:17:03.361,15.463,lower,-0.14124999999999943,-0.03437499999999982
2026-08-16 18:17:03.371,15.473,lower,0.05249999999999977,-0.006249999999999867
2026-08-16 18:17:03.381,15.483,lower,0.031250000000000444,0.0012500000000004174
2026-08-16 18:17:03.391,15.493,lower,-0.0956250000000003,-0.034999999999999476
2026-08-16 18:17:03.401,15.503,lower,0.08624999999999994,0.007500000000000284
2026-08-16 18:17:03.411,15.513,lower,-0.13687499999999964,-0.034999999999999476
2026-08-16 18:17:03.421,15.523,lower,0.043125000000000524,-0.0024999999999997247
2026-08-16 18:17:03.431,15.533,lower,-0.001875000000000071,-0.0012500000000004174
2026-08-16 18:17:03.441,15.543,lower,-0.06687499999999957,-0.04812499999999997
2026-08-16 18:17:03.451,15.553,lower,0.08687499999999959,0.007500000000000284
2026-08-16 18:17:03.461,15.563,lower,-0.12062499999999976,-0.038124999999999964
2026-08-16 18:17:03.471,15.573,lower,0.05249999999999977,-0.01187500000000008
2026-08-16 18:17:03.481,15.583,lower,0.025000000000000577,0.0012500000000004174
2026-08-16 18:17:03.491,15.593,lower,-0.08874999999999966,-0.04249999999999976
2026-08-16 18:17:03.501,15.603,lower,0.08125000000000049,0.007500000000000284
2026-08-16 18:17:03.511,15.613,lower,-0.13937499999999936,-0.03562500000000024
2026-08-16 18:17:03.521,15.623,lower,0.046875000000000666,-0.013124999999999387
2026-08-16 18:17:03.531,15.633,lower,0.051875000000000115,0.0012500000000004174
2026-08-16 18:17:03.541,15.643,lower,-0.05812499999999998,-0.04062499999999969
2026-08-16 18:17:03.551,15.653,lower,0.08437499999999987,0.0050000000000005596
2026-08-16 18:17:03.561,15.663,lower,-0.12249999999999983,-0.038124999999999964
2026-08-16 18:17:03.571,15.673,lower,0.05562500000000026,-0.009375000000000355
2026-08-16 18:17:03.581,15.683,lower,0.019375000000000364,0.006249999999999867
2026-08-16 18:17:03.591,15.693,lower,-0.08124999999999938,-0.03874999999999962
2026-08-16 18:17:03.601,15.703,lower,0.08562500000000028,0.006249999999999867
2026-08-16 18:17:03.611,15.713,lower,-0.1375000000000004,-0.028124999999999956
2026-08-16 18:17:03.621,15.723,lower,0.04937500000000039,-0.006249999999999867
2026-08-16 18:17:03.631,15.733,lower,0.04750000000000032,0.0012500000000004174
2026-08-16 18:17:03.641,15.743,lower,-0.051875000000000115,-0.03687499999999955
2026-08-16 18:17:03.651,15.753,lower,0.08375000000000021,0.010000000000000009
2026-08-16 18:17:03.661,15.763,lower,-0.1243749999999999,-0.03624999999999989
2026-08-16 18:17:03.671,15.773,lower,0.058749999999999636,-0.008749999999999591
2026-08-16 18:17:03.681,15.783,lower,0.010624999999999662,0.0006249999999996536
2026-08-16 18:17:03.691,15.793,lower,-0.07937500000000042,-0.0462499999999999
2026-08-16 18:17:03.701,15.803,lower,0.08187500000000014,0.008124999999999938
2026-08-16 18:17:03.711,15.813,lower,-0.14062499999999978,-0.03750000000000031
2026-08-16 18:17:03.721,15.823,lower,0.045000000000000595,-0.016249999999999876
2026-08-16 18:17:03.731,15.833,lower,0.04187500000000011,0.0
2026-08-16 18:17:03.741,15.843,lower,-0.04249999999999976,-0.043124999999999414
2026-08-16 18:17:03.751,15.853,lower,0.08687499999999959,0.009375000000000355
2026-08-16 18:17:03.761,15.863,lower,-0.1275000000000004,-0.03562500000000024
2026-08-16 18:17:03.771,15.873,lower,0.038124999999999964,-0.007500000000000284
2026-08-16 18:17:03.781,15.883,lower,0.012499999999999734,-0.003750000000000142
2026-08-16 18:17:03.791,15.893,lower,-0.06812499999999999,-0.03687499999999955
2026-08-16 18:17:03.801,15.903,lower,0.0824999999999998,0.008124999999999938
2026-08-16 18:17:03.811,15.913,lower,-0.1387499999999997,-0.03624999999999989
2026-08-16 18:17:03.821,15.923,lower,0.051875000000000115,-0.007500000000000284
2026-08-16 18:17:03.831,15.933,lower,0.03750000000000031,0.004374999999999796
2026-08-16 18:17:03.841,15.943,lower,-0.034999999999999476,-0.038124999999999964
2026-08-16 18:17:03.851,15.953,lower,0.08812500000000001,0.008749999999999591
2026-08-16 18:17:03.861,15.963,lower,-0.13062499999999977,-0.04062499999999969
2026-08-16 18:17:03.871,15.973,lower,0.03937500000000038,-0.004999999999999449
2026-08-16 18:17:03.881,15.983,lower,0.003750000000000142,0.003750000000000142
2026-08-16 18:17:03.891,15.993,lower,-0.06812499999999999,-0.03687499999999955
2026-08-16 18:17:03.901,16.003,lower,0.0824999999999998,0.010624999999999662
2026-08-16 18:17:03.911,16.013,lower,-0.1418750000000002,-0.03624999999999989
2026-08-16 18:17:03.921,16.023,lower,0.055000000000000604,-0.006249999999999867
2026-08-16 18:17:03.931,16.033,lower,0.030000000000000027,0.0012500000000004174
2026-08-16 18:17:03.941,16.043,lower,-0.08937500000000043,-0.04937500000000039
2026-08-16 18:17:03.951,16.053,lower,0.08312500000000056,0.010000000000000009
2026-08-16 18:17:03.961,16.063,lower,-0.13249999999999984,-0.04062499999999969
2026-08-16 18:17:03.971,16.073,lower,0.04750000000000032,-0.0024999999999997247
2026-08-16 18:17:03.981,16.083,lower,-0.0006249999999996536,-0.0031249999999993783
2026-08-16 18:17:03.991,16.093,lower,-0.05624999999999991,-0.04437499999999983
2026-08-16 18:17:04.001,16.103,lower,0.08937500000000043,0.013125000000000497
2026-08-16 18:17:04.011,16.113,lower,-0.12124999999999941,-0.03750000000000031
2026-08-16 18:17:04.021,16.123,lower,0.053750000000000187,-0.01187500000000008
2026-08-16 18:17:04.031,16.133,lower,0.02187500000000009,-0.0031249999999993783
2026-08-16 18:17:04.041,16.143,lower,-0.08312499999999945,-0.04187500000000011
2026-08-16 18:17:04.051,16.153,lower,0.08687499999999959,0.008124999999999938
2026-08-16 18:17:04.061,16.163,lower,-0.13562500000000033,-0.04187500000000011
2026-08-16 18:17:04.071,16.173,lower,0.04562500000000025,-0.010624999999999662
2026-08-16 18:17:04.081,16.183,lower,-0.00687499999999952,-0.004999999999999449
2026-08-16 18:17:04.091,16.193,lower,-0.05124999999999935,-0.04124999999999934
2026-08-16 18:17:04.101,16.203,lower,0.08750000000000036,0.010000000000000009
2026-08-16 18:17:04.111,16.213,lower,-0.12375000000000025,-0.04187500000000011
2026-08-16 18:17:04.121,16.223,lower,0.05812499999999998,-0.008749999999999591
2026-08-16 18:17:04.131,16.233,lower,0.019375000000000364,0.004374999999999796
2026-08-16 18:17:04.141,16.243,lower,-0.0737500000000002,-0.03687499999999955
2026-08-16 18:17:04.151,16.253,lower,0.08750000000000036,0.010624999999999662
2026-08-16 18:17:04.161,16.263,lower,-0.13812500000000005,-0.03437499999999982
2026-08-16 18:17:04.171,16.273,lower,0.051875000000000115,-0.00687499999999952
2026-08-16 18:17:04.181,16.283,lower,0.04812499999999997,0.001875000000000071
2026-08-16 18:17:04.191,16.293,lower,-0.044999999999999485,-0.04375000000000018
2026-08-16 18:17:04.201,16.303,lower,0.08562500000000028,0.007500000000000284
2026-08-16 18:17:04.211,16.313,lower,-0.12562500000000032,-0.03687499999999955
2026-08-16 18:17:04.221,16.323,lower,0.06249999999999978,-0.003750000000000142
2026-08-16 18:17:04.231,16.333,lower,0.015625000000000222,-0.001875000000000071
2026-08-16 18:17:04.241,16.343,lower,-0.07124999999999937,-0.03937500000000038
2026-08-16 18:17:04.251,16.353,lower,0.08437499999999987,0.011250000000000426
2026-08-16 18:17:04.261,16.363,lower,-0.1387499999999997,-0.03624999999999989
2026-08-16 18:17:04.271,16.373,lower,0.05437499999999984,-0.010000000000000009
2026-08-16 18:17:04.281,16.383,lower,0.043125000000000524,0.0006249999999996536
2026-08-16 18:17:04.291,16.393,lower,-0.034999999999999476,-0.04124999999999934
2026-08-16 18:17:04.301,16.403,lower,0.08375000000000021,0.008749999999999591
2026-08-16 18:17:04.311,16.413,lower,-0.12937499999999935,-0.040000000000000036
2026-08-16 18:17:04.321,16.423,lower,0.06687500000000068,-0.009375000000000355
2026-08-16 18:17:04.331,16.433,lower,0.008124999999999938,-0.0024999999999997247
2026-08-16 18:17:04.341,16.443,lower,-0.06874999999999964,-0.04187500000000011
2026-08-16 18:17:04.351,16.453,lower,0.08874999999999966,0.007500000000000284
2026-08-16 18:17:04.361,16.463,lower,-0.13624999999999998,-0.038124999999999964
2026-08-16 18:17:04.371,16.473,lower,0.05437499999999984,-0.00687499999999952
2026-08-16 18:17:04.381,16.483,lower,0.03375000000000017,0.004374999999999796
2026-08-16 18:17:04.391,16.493,lower,-0.03437499999999982,-0.03562500000000024
2026-08-16 18:17:04.401,16.503,lower,0.09187500000000015,0.008749999999999591
2026-08-16 18:17:04.411,16.513,lower,-0.13062499999999977,-0.03249999999999975
2026-08-16 18:17:04.421,16.523,lower,0.04062499999999969,-0.004999999999999449
2026-08-16 18:17:04.431,16.533,lower,0.003750000000000142,-0.001875000000000071
2026-08-16 18:17:04.441,16.543,lower,-0.06437499999999985,-0.038124999999999964
2026-08-16 18:17:04.451,16.553,lower,0.08687499999999959,0.009375000000000355
2026-08-16 18:17:04.461,16.563,lower,-0.14249999999999985,-0.038124999999999964
2026-08-16 18:17:04.471,16.573,lower,0.05437499999999984,-0.008124999999999938
2026-08-16 18:17:04.481,16.583,lower,0.0318750000000001,0.0006249999999996536
2026-08-16 18:17:04.491,16.593,lower,-0.08687499999999959,-0.04375000000000018
2026-08-16 18:17:04.501,16.603,lower,0.09000000000000008,0.010624999999999662
2026-08-16 18:17:04.511,16.613,lower,-0.13375000000000026,-0.03937500000000038
2026-08-16 18:17:04.521,16.623,lower,0.04812499999999997,-0.014374999999999805
2026-08-16 18:17:04.531,16.633,lower,-0.0006249999999996536,-0.004374999999999796
2026-08-16 18:17:04.541,16.643,lower,-0.053750000000000187,-0.043124999999999414
2026-08-16 18:17:04.551,16.653,lower,0.08937500000000043,0.008749999999999591
2026-08-16 18:17:04.561,16.663,lower,-0.13937499999999936,-0.03937500000000038
2026-08-16 18:17:04.571,16.673,lower,0.0593750000000004,-0.011249999999999316
2026-08-16 18:17:04.581,16.683,lower,0.022499999999999742,-0.008124999999999938
2026-08-16 18:17:04.591,16.693,lower,-0.08062499999999972,-0.04062499999999969
2026-08-16 18:17:04.601,16.703,lower,0.08937500000000043,0.009375000000000355
2026-08-16 18:17:04.611,16.713,lower,-0.1343749999999999,-0.04562500000000025
2026-08-16 18:17:04.621,16.723,lower,0.05312500000000053,-0.004999999999999449
2026-08-16 18:17:04.631,16.733,lower,-0.007500000000000284,0.0012500000000004174
2026-08-16 18:17:04.641,16.743,lower,-0.05124999999999935,-0.03687499999999955
2026-08-16 18:17:04.651,16.753,lower,0.08624999999999994,0.010624999999999662
2026-08-16 18:17:04.661,16.763,lower,-0.1275000000000004,-0.0318750000000001
2026-08-16 18:17:04.671,16.773,lower,0.06125000000000047,-0.004374999999999796
2026-08-16 18:17:04.681,16.783,lower,0.015000000000000568,-0.0012500000000004174
2026-08-16 18:17:04.691,16.793,lower,-0.07937500000000042,-0.033124999999999405
2026-08-16 18:17:04.701,16.803,lower,0.08687499999999959,0.008749999999999591
2026-08-16 18:17:04.711,16.813,lower,-0.1418750000000002,-0.038124999999999964
2026-08-16 18:17:04.721,16.823,lower,0.046875000000000666,-0.004374999999999796
2026-08-16 18:17:04.731,16.833,lower,0.04062499999999969,0.0006249999999996536
2026-08-16 18:17:04.741,16.843,lower,-0.04874999999999963,-0.044999999999999485
2026-08-16 18:17:04.751,16.853,lower,0.08812500000000001,0.012499999999999734
2026-08-16 18:17:04.761,16.863,lower,-0.13124999999999942,-0.03874999999999962
2026-08-16 18:17:04.771,16.873,lower,0.056875000000000675,-0.011249999999999316
2026-08-16 18:17:04.781,16.883,lower,0.009375000000000355,0.0
2026-08-16 18:17:04.791,16.893,lower,-0.07187500000000013,-0.043124999999999414
2026-08-16 18:17:04.801,16.903,lower,0.08750000000000036,0.011250000000000426
2026-08-16 18:17:04.811,16.913,lower,-0.14062499999999978,-0.043124999999999414
2026-08-16 18:17:04.821,16.923,lower,0.05312500000000053,-0.010624999999999662
2026-08-16 18:17:04.831,16.933,lower,0.035000000000000586,-0.004374999999999796
2026-08-16 18:17:04.841,16.943,lower,-0.03750000000000031,-0.04187500000000011
2026-08-16 18:17:04.851,16.953,lower,0.08750000000000036,0.006249999999999867
2026-08-16 18:17:04.861,16.963,lower,-0.13375000000000026,-0.04062499999999969
2026-08-16 18:17:04.871,16.973,lower,0.0637500000000002,-0.007500000000000284
2026-08-16 18:17:04.881,16.983,lower,0.0012500000000004174,0.004374999999999796
2026-08-16 18:17:04.891,16.993,lower,-0.06687499999999957,-0.03624999999999989
2026-08-16 18:17:04.901,17.003,lower,0.0824999999999998,0.006249999999999867
2026-08-16 18:17:04.911,17.013,lower,-0.14562500000000034,-0.0462499999999999
2026-08-16 18:17:04.921,17.023,lower,0.05812499999999998,-0.006249999999999867
2026-08-16 18:17:04.931,17.033,lower,0.027500000000000302,-0.001875000000000071
2026-08-16 18:17:04.941,17.043,lower,-0.033124999999999405,-0.03750000000000031
2026-08-16 18:17:04.951,17.053,lower,0.08312500000000056,0.006875000000000631
2026-08-16 18:17:04.961,17.063,lower,-0.13937499999999936,-0.038124999999999964
2026-08-16 18:17:04.971,17.073,lower,0.04249999999999976,-0.007500000000000284
2026-08-16 18:17:04.981,17.083,lower,-0.007500000000000284,-0.004999999999999449
2026-08-16 18:17:04.991,17.093,lower,-0.06312499999999943,-0.04062499999999969
2026-08-16 18:17:05.001,17.103,lower,0.08624999999999994,0.01187500000000008
2026-08-16 18:17:05.011,17.113,lower,-0.14687499999999964,-0.04124999999999934
2026-08-16 18:17:05.021,17.123,lower,0.055000000000000604,-0.00687499999999952
2026-08-16 18:17:05.031,17.133,lower,0.02062499999999967,-0.004999999999999449
2026-08-16 18:17:05.041,17.143,lower,-0.027500000000000302,-0.04249999999999976
2026-08-16 18:17:05.051,17.153,lower,0.08624999999999994,0.003750000000000142
2026-08-16 18:17:05.061,17.163,lower,-0.1431249999999995,-0.04062499999999969
2026-08-16 18:17:05.071,17.173,lower,0.043125000000000524,-0.010624999999999662
2026-08-16 18:17:05.081,17.183,lower,-0.013124999999999387,-0.006249999999999867
2026-08-16 18:17:05.091,17.193,lower,-0.05437499999999984,-0.04187500000000011
2026-08-16 18:17:05.101,17.203,lower,0.09062499999999973,0.008749999999999591
2026-08-16 18:17:05.111,17.213,lower,-0.14874999999999972,-0.04375000000000018
2026-08-16 18:17:05.121,17.223,lower,0.056875000000000675,-0.004999999999999449
2026-08-16 18:17:05.131,17.233,lower,0.012499999999999734,-0.010624999999999662
2026-08-16 18:17:05.141,17.243,lower,-0.0824999999999998,-0.038124999999999964
2026-08-16 18:17:05.151,17.253,lower,0.08687499999999959,0.008749999999999591
2026-08-16 18:17:05.161,17.263,lower,-0.14625,-0.04249999999999976
2026-08-16 18:17:05.171,17.273,lower,0.04562500000000025,-0.005625000000000213
2026-08-16 18:17:05.181,17.283,lower,-0.017500000000000293,-0.0006249999999996536
2026-08-16 18:17:05.191,17.293,lower,-0.04874999999999963,-0.038124999999999964
2026-08-16 18:17:05.201,17.303,lower,0.08375000000000021,0.009375000000000355
2026-08-16 18:17:05.211,17.313,lower,-0.1475000000000004,-0.038124999999999964
2026-08-16 18:17:05.221,17.323,lower,0.06062499999999971,-0.007500000000000284
2026-08-16 18:17:05.231,17.333,lower,0.006875000000000631,0.0012500000000004174
2026-08-16 18:17:05.241,17.343,lower,-0.07874999999999965,-0.034999999999999476
2026-08-16 18:17:05.251,17.353,lower,0.08312500000000056,0.009375000000000355
2026-08-16 18:17:05.261,17.363,lower,-0.1475000000000004,-0.03874999999999962
2026-08-16 18:17:05.271,17.373,lower,0.05125000000000046,0.0
2026-08-16 18:17:05.281,17.383,lower,-0.024999999999999467,-0.003750000000000142
2026-08-16 18:17:05.291,17.393,lower,-0.040000000000000036,-0.04249999999999976
2026-08-16 18:17:05.301,17.403,lower,0.08375000000000021,0.010624999999999662
2026-08-16 18:17:05.311,17.413,lower,-0.1387499999999997,-0.040000000000000036
2026-08-16 18:17:05.321,17.423,lower,0.0637500000000002,-0.010624999999999662
2026-08-16 18:17:05.331,17.433,lower,0.0,-0.00687499999999952
2026-08-16 18:17:05.341,17.443,lower,-0.0737500000000002,-0.04124999999999934
2026-08-16 18:17:05.351,17.453,lower,0.0824999999999998,0.013125000000000497
2026-08-16 18:17:05.361,17.463,lower,-0.1431249999999995,-0.040000000000000036
2026-08-16 18:17:05.371,17.473,lower,0.05312500000000053,-0.008749999999999591
2026-08-16 18:17:05.381,17.483,lower,0.025000000000000577,-0.00687499999999952
2026-08-16 18:17:05.391,17.493,lower,-0.03687499999999955,-0.040000000000000036
2026-08-16 18:17:05.401,17.503,lower,0.0824999999999998,0.008749999999999591
2026-08-16 18:17:05.411,17.513,lower,-0.1418750000000002,-0.04437499999999983
2026-08-16 18:17:05.421,17.523,lower,0.06125000000000047,-0.008749999999999591
2026-08-16 18:17:05.431,17.533,lower,-0.008124999999999938,-0.0012500000000004174
2026-08-16 18:17:05.441,17.543,lower,-0.06812499999999999,-0.03937500000000038
2026-08-16 18:17:05.451,17.553,lower,0.08062499999999972,0.005625000000000213
2026-08-16 18:17:05.461,17.563,lower,-0.14937499999999937,-0.04437499999999983
2026-08-16 18:17:05.471,17.573,lower,0.05125000000000046,-0.005625000000000213
2026-08-16 18:17:05.481,17.583,lower,0.0187499999999996,-0.0006249999999996536
2026-08-16 18:17:05.491,17.593,lower,-0.028124999999999956,-0.031249999999999334
2026-08-16 18:17:05.501,17.603,lower,0.08125000000000049,0.008124999999999938
2026-08-16 18:17:05.511,17.613,lower,-0.14499999999999957,-0.038124999999999964
2026-08-16 18:17:05.521,17.623,lower,0.06249999999999978,-0.0006249999999996536
2026-08-16 18:17:05.531,17.633,lower,-0.010624999999999662,-0.0024999999999997247
2026-08-16 18:17:05.541,17.643,lower,-0.05812499999999998,-0.04249999999999976
2026-08-16 18:17:05.551,17.653,lower,0.08000000000000007,0.011250000000000426
2026-08-16 18:17:05.561,17.663,lower,-0.14625,-0.03874999999999962
2026-08-16 18:17:05.571,17.673,lower,0.055000000000000604,-0.0024999999999997247
2026-08-16 18:17:05.581,17.683,lower,0.016249999999999876,-0.008124999999999938
2026-08-16 18:17:05.591,17.693,lower,-0.02562500000000023,-0.038124999999999964
2026-08-16 18:17:05.601,17.703,lower,0.08312500000000056,0.009375000000000355
2026-08-16 18:17:05.611,17.713,lower,-0.14124999999999943,-0.040000000000000036
2026-08-16 18:17:05.621,17.723,lower,0.046875000000000666,-0.005625000000000213
2026-08-16 18:17:05.631,17.733,lower,-0.0187499999999996,-0.005625000000000213
2026-08-16 18:17:05.641,17.743,lower,-0.0506249999999997,-0.03937500000000038
2026-08-16 18:17:05.651,17.753,lower,0.08125000000000049,0.009375000000000355
2026-08-16 18:17:05.661,17.763,lower,-0.14437499999999992,-0.0462499999999999
2026-08-16 18:17:05.671,17.773,lower,0.058749999999999636,-0.010624999999999662
2026-08-16 18:17:05.681,17.783,lower,0.006249999999999867,-0.0012500000000004174
2026-08-16 18:17:05.691,17.793,lower,-0.0187499999999996,-0.03687499999999955
2026-08-16 18:17:05.701,17.803,lower,0.0824999999999998,0.008124999999999938
2026-08-16 18:17:05.711,17.813,lower,-0.1431249999999995,-0.046874999999999556
2026-08-16 18:17:05.721,17.823,lower,0.04562500000000025,-0.0031249999999993783
2026-08-16 18:17:05.731,17.833,lower,-0.021249999999999325,-0.001875000000000071
2026-08-16 18:17:05.741,17.843,lower,-0.04124999999999934,-0.033124999999999405
2026-08-16 18:17:05.751,17.853,lower,0.08437499999999987,0.006249999999999867
2026-08-16 18:17:05.761,17.863,lower,-0.1418750000000002,-0.03562500000000024
2026-08-16 18:17:05.771,17.873,lower,0.05812499999999998,0.0012500000000004174
2026-08-16 18:17:05.781,17.883,lower,0.0024999999999997247,-0.0031249999999993783
2026-08-16 18:17:05.791,17.893,lower,-0.07249999999999979,-0.04750000000000032
2026-08-16 18:17:05.801,17.903,lower,0.08062499999999972,0.01187500000000008
2026-08-16 18:17:05.811,17.913,lower,-0.14437499999999992,-0.038124999999999964
2026-08-16 18:17:05.821,17.923,lower,0.051875000000000115,0.0
2026-08-16 18:17:05.831,17.933,lower,-0.028124999999999956,-0.0031249999999993783
2026-08-16 18:17:05.841,17.943,lower,-0.03750000000000031,-0.040000000000000036
2026-08-16 18:17:05.851,17.953,lower,0.08500000000000063,0.010000000000000009
2026-08-16 18:17:05.861,17.963,lower,-0.1431249999999995,-0.043124999999999414
2026-08-16 18:17:05.871,17.973,lower,0.06312500000000054,-0.00687499999999952
2026-08-16 18:17:05.881,17.983,lower,-0.0006249999999996536,-0.0031249999999993783
2026-08-16 18:17:05.891,17.993,lower,-0.06624999999999992,-0.040000000000000036
2026-08-16 18:17:05.901,18.003,lower,0.07874999999999965,0.008124999999999938
2026-08-16 18:17:05.911,18.013,lower,-0.14625,-0.04187500000000011
2026-08-16 18:17:05.921,18.023,lower,0.05437499999999984,-0.01187500000000008
2026-08-16 18:17:05.931,18.033,lower,-0.03375000000000017,-0.009375000000000355
2026-08-16 18:17:05.941,18.043,lower,-0.03249999999999975,-0.038124999999999964
2026-08-16 18:17:05.951,18.053,lower,0.08125000000000049,0.006875000000000631
2026-08-16 18:17:05.961,18.063,lower,-0.13812500000000005,-0.04812499999999997
2026-08-16 18:17:05.971,18.073,lower,0.061875000000000124,-0.0031249999999993783
2026-08-16 18:17:05.981,18.083,lower,-0.008124999999999938,-0.0006249999999996536
2026-08-16 18:17:05.991,18.093,lower,-0.058749999999999636,-0.0318750000000001
2026-08-16 18:17:06.001,18.103,lower,0.08437499999999987,0.010624999999999662
2026-08-16 18:17:06.011,18.113,lower,-0.14499999999999957,-0.040000000000000036
2026-08-16 18:17:06.021,18.123,lower,0.05437499999999984,-0.001875000000000071
2026-08-16 18:17:06.031,18.133,lower,0.015000000000000568,-0.007500000000000284
2026-08-16 18:17:06.041,18.143,lower,-0.030000000000000027,-0.0318750000000001
2026-08-16 18:17:06.051,18.153,lower,0.08687499999999959,0.009375000000000355
2026-08-16 18:17:06.061,18.163,lower,-0.14000000000000012,-0.04124999999999934
2026-08-16 18:17:06.071,18.173,lower,0.06750000000000034,-0.0024999999999997247
2026-08-16 18:17:06.081,18.183,lower,-0.01187500000000008,-0.004999999999999449
2026-08-16 18:17:06.091,18.193,lower,-0.0506249999999997,-0.03624999999999989
2026-08-16 18:17:06.101,18.203,lower,0.08500000000000063,0.011250000000000426
2026-08-16 18:17:06.111,18.213,lower,-0.14249999999999985,-0.040000000000000036
2026-08-16 18:17:06.121,18.223,lower,0.0593750000000004,-0.00687499999999952
2026-08-16 18:17:06.131,18.233,lower,0.01687500000000064,-0.007500000000000284
2026-08-16 18:17:06.141,18.243,lower,-0.018124999999999947,-0.040000000000000036
2026-08-16 18:17:06.151,18.253,lower,0.08687499999999959,0.008124999999999938
2026-08-16 18:17:06.161,18.263,lower,-0.14437499999999992,-0.04249999999999976
2026-08-16 18:17:06.171,18.273,lower,0.06874999999999964,-0.00687499999999952
2026-08-16 18:17:06.181,18.283,lower,-0.017500000000000293,-0.010624999999999662
2026-08-16 18:17:06.191,18.293,lower,-0.04874999999999963,-0.03624999999999989
2026-08-16 18:17:06.201,18.303,lower,0.08812500000000001,0.006249999999999867
2026-08-16 18:17:06.211,18.313,lower,-0.14437499999999992,-0.04437499999999983
2026-08-16 18:17:06.221,18.323,lower,0.06000000000000005,-0.001875000000000071
2026-08-16 18:17:06.231,18.333,lower,0.012499999999999734,-0.0012500000000004174
2026-08-16 18:17:06.241,18.343,lower,-0.010624999999999662,-0.0318750000000001
2026-08-16 18:17:06.251,18.353,lower,0.09000000000000008,0.012499999999999734
2026-08-16 18:17:06.261,18.363,lower,-0.1431249999999995,-0.04375000000000018
2026-08-16 18:17:06.271,18.373,lower,0.050000000000000044,-0.0006249999999996536
2026-08-16 18:17:06.281,18.383,lower,-0.021249999999999325,-0.0006249999999996536
2026-08-16 18:17:06.291,18.393,lower,-0.04437499999999983,-0.03437499999999982
2026-08-16 18:17:06.301,18.403,lower,0.08937500000000043,0.011250000000000426
2026-08-16 18:17:06.311,18.413,lower,-0.14437499999999992,-0.038124999999999964
2026-08-16 18:17:06.321,18.423,lower,0.06812499999999999,0.0
2026-08-16 18:17:06.331,18.433,lower,0.0024999999999997247,-0.0012500000000004174
2026-08-16 18:17:06.341,18.443,lower,-0.07249999999999979,-0.043124999999999414
2026-08-16 18:17:06.351,18.453,lower,0.08937500000000043,0.010000000000000009
2026-08-16 18:17:06.361,18.463,lower,-0.1431249999999995,-0.04124999999999934
2026-08-16 18:17:06.371,18.473,lower,0.05562500000000026,-0.007500000000000284
2026-08-16 18:17:06.381,18.483,lower,-0.030000000000000027,-0.0031249999999993783
2026-08-16 18:17:06.391,18.493,lower,-0.034999999999999476,-0.04187500000000011
2026-08-16 18:17:06.401,18.503,lower,0.09062499999999973,0.013125000000000497
2026-08-16 18:17:06.411,18.513,lower,-0.14124999999999943,-0.04249999999999976
2026-08-16 18:17:06.421,18.523,lower,0.06624999999999992,-0.010000000000000009
2026-08-16 18:17:06.431,18.533,lower,-0.001875000000000071,-0.010000000000000009
2026-08-16 18:17:06.441,18.543,lower,-0.061875000000000124,-0.034999999999999476
2026-08-16 18:17:06.451,18.553,lower,0.08687499999999959,0.007500000000000284
2026-08-16 18:17:06.461,18.563,lower,-0.14375000000000027,-0.04249999999999976
2026-08-16 18:17:06.471,18.573,lower,0.05312500000000053,-0.004999999999999449
2026-08-16 18:17:06.481,18.583,lower,-0.03624999999999989,-0.003750000000000142
2026-08-16 18:17:06.491,18.593,lower,-0.02562500000000023,-0.03687499999999955
2026-08-16 18:17:06.501,18.603,lower,0.0912500000000005,0.009375000000000355
2026-08-16 18:17:06.511,18.613,lower,-0.14062499999999978,-0.044999999999999485
2026-08-16 18:17:06.521,18.623,lower,0.07000000000000006,-0.003750000000000142
2026-08-16 18:17:06.531,18.633,lower,-0.008124999999999938,-0.0006249999999996536
2026-08-16 18:17:06.541,18.643,lower,-0.051875000000000115,-0.02874999999999961
2026-08-16 18:17:06.551,18.653,lower,0.08874999999999966,0.008124999999999938
2026-08-16 18:17:06.561,18.663,lower,-0.14625,-0.03687499999999955
2026-08-16 18:17:06.571,18.673,lower,0.061875000000000124,-0.0012500000000004174
2026-08-16 18:17:06.581,18.683,lower,0.016249999999999876,-0.005625000000000213
2026-08-16 18:17:06.591,18.693,lower,-0.020000000000000018,-0.04375000000000018
2026-08-16 18:17:06.601,18.703,lower,0.08812500000000001,0.010000000000000009
2026-08-16 18:17:06.611,18.713,lower,-0.14437499999999992,-0.04249999999999976
2026-08-16 18:17:06.621,18.723,lower,0.07062499999999972,0.001875000000000071
2026-08-16 18:17:06.631,18.733,lower,-0.013750000000000151,-0.004374999999999796
2026-08-16 18:17:06.641,18.743,lower,-0.04937500000000039,-0.03687499999999955
2026-08-16 18:17:06.651,18.753,lower,0.08687499999999959,0.010624999999999662
2026-08-16 18:17:06.661,18.763,lower,-0.14562500000000034,-0.04249999999999976
2026-08-16 18:17:06.671,18.773,lower,0.06249999999999978,-0.004374999999999796
2026-08-16 18:17:06.681,18.783,lower,0.009375000000000355,-0.008124999999999938
2026-08-16 18:17:06.691,18.793,lower,-0.014999999999999458,-0.038124999999999964
2026-08-16 18:17:06.701,18.803,lower,0.08562500000000028,0.007500000000000284
2026-08-16 18:17:06.711,18.813,lower,-0.14874999999999972,-0.05249999999999977
2026-08-16 18:17:06.721,18.823,lower,0.07062499999999972,-0.001875000000000071
2026-08-16 18:17:06.731,18.833,lower,-0.0187499999999996,-0.01187500000000008
2026-08-16 18:17:06.741,18.843,lower,-0.044999999999999485,-0.0318750000000001
2026-08-16 18:17:06.751,18.853,lower,0.08687499999999959,0.010624999999999662
2026-08-16 18:17:06.761,18.863,lower,-0.1431249999999995,-0.043124999999999414
2026-08-16 18:17:06.771,18.873,lower,0.06312500000000054,-0.004999999999999449
2026-08-16 18:17:06.781,18.883,lower,0.001875000000000071,-0.0012500000000004174
2026-08-16 18:17:06.791,18.893,lower,-0.00687499999999952,-0.031249999999999334
2026-08-16 18:17:06.801,18.903,lower,0.08437499999999987,0.010624999999999662
2026-08-16 18:17:06.811,18.913,lower,-0.14499999999999957,-0.04375000000000018
2026-08-16 18:17:06.821,18.923,lower,0.053750000000000187,0.0
2026-08-16 18:17:06.831,18.933,lower,-0.026874999999999538,-0.00687499999999952
2026-08-16 18:17:06.841,18.943,lower,-0.03562500000000024,-0.029375000000000373
2026-08-16 18:17:06.851,18.953,lower,0.08375000000000021,0.01187500000000008
2026-08-16 18:17:06.861,18.963,lower,-0.14499999999999957,-0.04124999999999934
2026-08-16 18:17:06.871,18.973,lower,0.06312500000000054,0.001875000000000071
2026-08-16 18:17:06.881,18.983,lower,-0.004999999999999449,-0.00687499999999952
2026-08-16 18:17:06.891,18.993,lower,-0.005625000000000213,-0.04124999999999934
2026-08-16 18:17:06.901,19.003,lower,0.08062499999999972,0.006249999999999867
2026-08-16 18:17:06.911,19.013,lower,-0.14812500000000006,-0.044999999999999485
2026-08-16 18:17:06.921,19.023,lower,0.05624999999999991,-0.013750000000000151
2026-08-16 18:17:06.931,19.033,lower,-0.03687499999999955,-0.010624999999999662
2026-08-16 18:17:06.941,19.043,lower,-0.03249999999999975,-0.04062499999999969
2026-08-16 18:17:06.951,19.053,lower,0.08375000000000021,0.006875000000000631
2026-08-16 18:17:06.961,19.063,lower,-0.14124999999999943,-0.04375000000000018
2026-08-16 18:17:06.971,19.073,lower,0.06500000000000061,-0.003750000000000142
2026-08-16 18:17:06.981,19.083,lower,-0.010624999999999662,-0.01187500000000008
2026-08-16 18:17:06.991,19.093,lower,-0.06249999999999978,-0.031249999999999334
2026-08-16 18:17:07.001,19.103,lower,0.08125000000000049,0.007500000000000284
2026-08-16 18:17:07.011,19.113,lower,-0.14687499999999964,-0.046874999999999556
2026-08-16 18:17:07.021,19.123,lower,0.056875000000000675,-0.004374999999999796
2026-08-16 18:17:07.031,19.133,lower,-0.04249999999999976,-0.004374999999999796
2026-08-16 18:17:07.041,19.143,lower,-0.026874999999999538,-0.03249999999999975
2026-08-16 18:17:07.051,19.153,lower,0.08125000000000049,0.008124999999999938
2026-08-16 18:17:07.061,19.163,lower,-0.14812500000000006,-0.04375000000000018
2026-08-16 18:17:07.071,19.173,lower,0.06312500000000054,0.0
2026-08-16 18:17:07.081,19.183,lower,-0.0187499999999996,-0.0031249999999993783
2026-08-16 18:17:07.091,19.193,lower,-0.053750000000000187,-0.027500000000000302
2026-08-16 18:17:07.101,19.203,lower,0.08187500000000014,0.006249999999999867
2026-08-16 18:17:07.111,19.213,lower,-0.14625,-0.04187500000000011
2026-08-16 18:17:07.121,19.223,lower,0.056875000000000675,0.0012500000000004174
2026-08-16 18:17:07.131,19.233,lower,-0.05124999999999935,-0.008749999999999591
2026-08-16 18:17:07.141,19.243,lower,-0.02062499999999967,-0.04249999999999976
2026-08-16 18:17:07.151,19.253,lower,0.08624999999999994,0.009375000000000355
2026-08-16 18:17:07.161,19.263,lower,-0.14687499999999964,-0.04375000000000018
2026-08-16 18:17:07.171,19.273,lower,0.06437499999999985,-0.007500000000000284
2026-08-16 18:17:07.181,19.283,lower,-0.021249999999999325,-0.009375000000000355
2026-08-16 18:17:07.191,19.293,lower,-0.04812499999999997,-0.03874999999999962
2026-08-16 18:17:07.201,19.303,lower,0.08000000000000007,0.006875000000000631
2026-08-16 18:17:07.211,19.313,lower,-0.14874999999999972,-0.05124999999999935
2026-08-16 18:17:07.221,19.323,lower,0.05750000000000033,-0.010000000000000009
2026-08-16 18:17:07.231,19.333,lower,0.004374999999999796,-0.01187500000000008
2026-08-16 18:17:07.241,19.343,lower,-0.019375000000000364,-0.03437499999999982
2026-08-16 18:17:07.251,19.353,lower,0.08312500000000056,0.0050000000000005596
2026-08-16 18:17:07.261,19.363,lower,-0.14937499999999937,-0.044999999999999485
2026-08-16 18:17:07.271,19.373,lower,0.07187500000000013,-0.004374999999999796
2026-08-16 18:17:07.281,19.383,lower,-0.02874999999999961,-0.0012500000000004174
2026-08-16 18:17:07.291,19.393,lower,-0.04375000000000018,-0.03375000000000017
2026-08-16 18:17:07.301,19.403,lower,0.08000000000000007,0.006875000000000631
2026-08-16 18:17:07.311,19.413,lower,-0.14874999999999972,-0.046874999999999556
2026-08-16 18:17:07.321,19.423,lower,0.0593750000000004,0.001875000000000071
2026-08-16 18:17:07.331,19.433,lower,-0.004999999999999449,-0.003750000000000142
2026-08-16 18:17:07.341,19.443,lower,-0.013750000000000151,-0.026249999999999885
2026-08-16 18:17:07.351,19.453,lower,0.08437499999999987,0.010624999999999662
2026-08-16 18:17:07.361,19.463,lower,-0.15000000000000013,-0.04187500000000011
2026-08-16 18:17:07.371,19.473,lower,0.07000000000000006,0.0024999999999997247
2026-08-16 18:17:07.381,19.483,lower,-0.03750000000000031,-0.00687499999999952
2026-08-16 18:17:07.391,19.493,lower,-0.04062499999999969,-0.04249999999999976
2026-08-16 18:17:07.401,19.503,lower,0.08125000000000049,0.011250000000000426
2026-08-16 18:17:07.411,19.513,lower,-0.14937499999999937,-0.046874999999999556
2026-08-16 18:17:07.421,19.523,lower,0.05624999999999991,0.0006249999999996536
2026-08-16 18:17:07.431,19.533,lower,-0.010624999999999662,-0.013750000000000151
2026-08-16 18:17:07.441,19.543,lower,-0.011249999999999316,-0.040000000000000036
2026-08-16 18:17:07.451,19.553,lower,0.07937500000000042,0.005625000000000213
2026-08-16 18:17:07.461,19.563,lower,-0.15499999999999958,-0.044999999999999485
2026-08-16 18:17:07.471,19.573,lower,0.04750000000000032,-0.010000000000000009
2026-08-16 18:17:07.481,19.583,lower,-0.0462499999999999,-0.008749999999999591
2026-08-16 18:17:07.491,19.593,lower,-0.034999999999999476,-0.038124999999999964
2026-08-16 18:17:07.501,19.603,lower,0.08187500000000014,0.006875000000000631
2026-08-16 18:17:07.511,19.613,lower,-0.15000000000000013,-0.04937500000000039
2026-08-16 18:17:07.521,19.623,lower,0.06249999999999978,-0.006249999999999867
2026-08-16 18:17:07.531,19.633,lower,-0.015625000000000222,-0.013750000000000151
2026-08-16 18:17:07.541,19.643,lower,-0.003750000000000142,-0.031249999999999334
2026-08-16 18:17:07.551,19.653,lower,0.08125000000000049,0.003750000000000142
2026-08-16 18:17:07.561,19.663,lower,-0.15499999999999958,-0.04437499999999983
2026-08-16 18:17:07.571,19.673,lower,0.05437499999999984,0.0006249999999996536
2026-08-16 18:17:07.581,19.683,lower,-0.05249999999999977,-0.006249999999999867
2026-08-16 18:17:07.591,19.693,lower,-0.02874999999999961,-0.02874999999999961
2026-08-16 18:17:07.601,19.703,lower,0.08187500000000014,0.010000000000000009
2026-08-16 18:17:07.611,19.713,lower,-0.14625,-0.04062499999999969
2026-08-16 18:17:07.621,19.723,lower,0.06812499999999999,0.0012500000000004174
2026-08-16 18:17:07.631,19.733,lower,-0.02187500000000009,-0.010000000000000009
2026-08-16 18:17:07.641,19.743,lower,-0.05812499999999998,-0.03062499999999968
2026-08-16 18:17:07.651,19.753,lower,0.07687499999999958,0.010000000000000009
2026-08-16 18:17:07.661,19.763,lower,-0.15000000000000013,-0.0462499999999999
2026-08-16 18:17:07.671,19.773,lower,0.05312500000000053,-0.0031249999999993783
2026-08-16 18:17:07.681,19.783,lower,-0.06000000000000005,-0.011249999999999316
2026-08-16 18:17:07.691,19.793,lower,-0.02062499999999967,-0.04249999999999976
2026-08-16 18:17:07.701,19.803,lower,0.07750000000000035,0.004374999999999796
2026-08-16 18:17:07.711,19.813,lower,-0.15750000000000042,-0.050000000000000044
2026-08-16 18:17:07.721,19.823,lower,0.06562500000000027,-0.007500000000000284
2026-08-16 18:17:07.731,19.833,lower,-0.031249999999999334,-0.012499999999999734
2026-08-16 18:17:07.741,19.843,lower,-0.04937500000000039,-0.03375000000000017
2026-08-16 18:17:07.751,19.853,lower,0.08062499999999972,0.008749999999999591
2026-08-16 18:17:07.761,19.863,lower,-0.14874999999999972,-0.043124999999999414
2026-08-16 18:17:07.771,19.873,lower,0.05812499999999998,-0.0031249999999993783
2026-08-16 18:17:07.781,19.883,lower,-0.06624999999999992,-0.014999999999999458
2026-08-16 18:17:07.791,19.893,lower,-0.014999999999999458,-0.03437499999999982
2026-08-16 18:17:07.801,19.903,lower,0.08187500000000014,0.006249999999999867
2026-08-16 18:17:07.811,19.913,lower,-0.15437499999999993,-0.05124999999999935
2026-08-16 18:17:07.821,19.923,lower,0.06500000000000061,0.0006249999999996536
2026-08-16 18:17:07.831,19.933,lower,-0.03624999999999989,-0.003750000000000142
2026-08-16 18:17:07.841,19.943,lower,-0.03874999999999962,-0.028124999999999956
2026-08-16 18:17:07.851,19.953,lower,0.07562500000000028,0.009375000000000355
2026-08-16 18:17:07.861,19.963,lower,-0.14874999999999972,-0.044999999999999485
2026-08-16 18:17:07.871,19.973,lower,0.06249999999999978,0.0031250000000004885
2026-08-16 18:17:07.881,19.983,lower,-0.01187500000000008,-0.010000000000000009
2026-08-16 18:17:07.891,19.993,lower,-0.008124999999999938,-0.03062499999999968
2026-08-16 18:17:07.901,20.003,lower,0.078125,0.013125000000000497
2026-08-16 18:17:07.911,20.013,lower,-0.1531249999999995,-0.04375000000000018
2026-08-16 18:17:07.921,20.023,lower,0.06624999999999992,0.0031250000000004885
2026-08-16 18:17:07.931,20.033,lower,-0.04062499999999969,-0.008749999999999591
2026-08-16 18:17:07.941,20.043,lower,-0.033124999999999405,-0.03687499999999955
2026-08-16 18:17:07.951,20.053,lower,0.07624999999999993,0.008749999999999591
2026-08-16 18:17:07.961,20.063,lower,-0.14499999999999957,-0.04562500000000025
2026-08-16 18:17:07.971,20.073,lower,0.0637500000000002,-0.005625000000000213
2026-08-16 18:17:07.981,20.083,lower,-0.015625000000000222,-0.009375000000000355
2026-08-16 18:17:07.991,20.093,lower,-0.0031249999999993783,-0.03624999999999989
2026-08-16 18:17:08.001,20.103,lower,0.08062499999999972,0.008124999999999938
2026-08-16 18:17:08.011,20.113,lower,-0.1531249999999995,-0.04812499999999997
2026-08-16 18:17:08.021,20.123,lower,0.07249999999999979,-0.008124999999999938
2026-08-16 18:17:08.031,20.133,lower,-0.04874999999999963,-0.014999999999999458
2026-08-16 18:17:08.041,20.143,lower,-0.030000000000000027,-0.029375000000000373
2026-08-16 18:17:08.051,20.153,lower,0.078125,0.007500000000000284
2026-08-16 18:17:08.061,20.163,lower,-0.1431249999999995,-0.04375000000000018
2026-08-16 18:17:08.071,20.173,lower,0.05812499999999998,-0.0031249999999993783
2026-08-16 18:17:08.081,20.183,lower,-0.02062499999999967,-0.008749999999999591
2026-08-16 18:17:08.091,20.193,lower,0.001875000000000071,-0.027500000000000302
2026-08-16 18:17:08.101,20.203,lower,0.07750000000000035,0.010000000000000009
2026-08-16 18:17:08.111,20.213,lower,-0.14812500000000006,-0.044999999999999485
2026-08-16 18:17:08.121,20.223,lower,0.05249999999999977,0.0031250000000004885
2026-08-16 18:17:08.131,20.233,lower,-0.05312499999999942,-0.009375000000000355
2026-08-16 18:17:08.141,20.243,lower,-0.02062499999999967,-0.026249999999999885
2026-08-16 18:17:08.151,20.253,lower,0.08437499999999987,0.010624999999999662
2026-08-16 18:17:08.161,20.263,lower,-0.1431249999999995,-0.046874999999999556
2026-08-16 18:17:08.171,20.273,lower,0.06562500000000027,0.0006249999999996536
2026-08-16 18:17:08.181,20.283,lower,-0.026874999999999538,-0.011249999999999316
2026-08-16 18:17:08.191,20.293,lower,-0.051875000000000115,-0.040000000000000036
2026-08-16 18:17:08.201,20.303,lower,0.07874999999999965,0.006249999999999867
2026-08-16 18:17:08.211,20.313,lower,-0.14937499999999937,-0.04874999999999963
2026-08-16 18:17:08.221,20.323,lower,0.06000000000000005,0.0024999999999997247
2026-08-16 18:17:08.231,20.333,lower,-0.05624999999999991,-0.010000000000000009
2026-08-16 18:17:08.241,20.343,lower,-0.013124999999999387,-0.03624999999999989
2026-08-16 18:17:08.251,20.353,lower,0.08437499999999987,0.007500000000000284
2026-08-16 18:17:08.261,20.363,lower,-0.14000000000000012,-0.04437499999999983
2026-08-16 18:17:08.271,20.373,lower,0.07000000000000006,-0.0024999999999997247
2026-08-16 18:17:08.281,20.383,lower,-0.02874999999999961,-0.014374999999999805
2026-08-16 18:17:08.291,20.393,lower,-0.04249999999999976,-0.0318750000000001
2026-08-16 18:17:08.301,20.403,lower,0.08187500000000014,0.007500000000000284
2026-08-16 18:17:08.311,20.413,lower,-0.14437499999999992,-0.04750000000000032
2026-08-16 18:17:08.321,20.423,lower,0.0637500000000002,0.0012500000000004174
2026-08-16 18:17:08.331,20.433,lower,-0.0649999999999995,-0.01687499999999953
2026-08-16 18:17:08.341,20.443,lower,-0.007500000000000284,-0.029375000000000373
2026-08-16 18:17:08.351,20.453,lower,0.08187500000000014,0.007500000000000284
2026-08-16 18:17:08.361,20.463,lower,-0.15124999999999944,-0.04437499999999983
2026-08-16 18:17:08.371,20.473,lower,0.07624999999999993,0.0024999999999997247
2026-08-16 18:17:08.381,20.483,lower,-0.03249999999999975,-0.006249999999999867
2026-08-16 18:17:08.391,20.493,lower,-0.038124999999999964,-0.02562500000000023
2026-08-16 18:17:08.401,20.503,lower,0.0824999999999998,0.012499999999999734
2026-08-16 18:17:08.411,20.513,lower,-0.14687499999999964,-0.04124999999999934
2026-08-16 18:17:08.421,20.523,lower,0.06000000000000005,0.0006249999999996536
2026-08-16 18:17:08.431,20.533,lower,-0.009375000000000355,-0.013750000000000151
2026-08-16 18:17:08.441,20.543,lower,-0.006249999999999867,-0.026874999999999538
2026-08-16 18:17:08.451,20.553,lower,0.08750000000000036,0.008124999999999938
2026-08-16 18:17:08.461,20.563,lower,-0.15124999999999944,-0.04750000000000032
2026-08-16 18:17:08.471,20.573,lower,0.07562500000000028,-0.0006249999999996536
2026-08-16 18:17:08.481,20.583,lower,-0.04062499999999969,-0.011249999999999316
2026-08-16 18:17:08.491,20.593,lower,-0.028124999999999956,-0.034999999999999476
2026-08-16 18:17:08.501,20.603,lower,0.08187500000000014,0.010000000000000009
2026-08-16 18:17:08.511,20.613,lower,-0.14562500000000034,-0.04187500000000011
2026-08-16 18:17:08.521,20.623,lower,0.06812499999999999,-0.005625000000000213
2026-08-16 18:17:08.531,20.633,lower,-0.011249999999999316,-0.013750000000000151
2026-08-16 18:17:08.541,20.643,lower,0.0006249999999996536,-0.0318750000000001
2026-08-16 18:17:08.551,20.653,lower,0.08937500000000043,0.007500000000000284
2026-08-16 18:17:08.561,20.663,lower,-0.14812500000000006,-0.04562500000000025
2026-08-16 18:17:08.571,20.673,lower,0.07874999999999965,-0.0024999999999997247
2026-08-16 18:17:08.581,20.683,lower,-0.050000000000000044,-0.014374999999999805
2026-08-16 18:17:08.591,20.693,lower,-0.019375000000000364,-0.02562500000000023
2026-08-16 18:17:08.601,20.703,lower,0.08437499999999987,0.008124999999999938
2026-08-16 18:17:08.611,20.713,lower,-0.1418750000000002,-0.04562500000000025
2026-08-16 18:17:08.621,20.723,lower,0.07062499999999972,0.0024999999999997247
2026-08-16 18:17:08.631,20.733,lower,-0.01687499999999953,-0.010624999999999662
2026-08-16 18:17:08.641,20.743,lower,0.008124999999999938,-0.02375000000000016
2026-08-16 18:17:08.651,20.753,lower,0.08437499999999987,0.010000000000000009
2026-08-16 18:17:08.661,20.763,lower,-0.15000000000000013,-0.04812499999999997
2026-08-16 18:17:08.671,20.773,lower,0.05562500000000026,0.003750000000000142
2026-08-16 18:17:08.681,20.783,lower,-0.05562500000000026,-0.011249999999999316
2026-08-16 18:17:08.691,20.793,lower,-0.019375000000000364,-0.024374999999999813
2026-08-16 18:17:08.701,20.803,lower,0.08312500000000056,0.009375000000000355
2026-08-16 18:17:08.711,20.813,lower,-0.1418750000000002,-0.04874999999999963
2026-08-16 18:17:08.721,20.823,lower,0.07249999999999979,-0.0012500000000004174
2026-08-16 18:17:08.731,20.833,lower,-0.028124999999999956,-0.011249999999999316
2026-08-16 18:17:08.741,20.843,lower,0.007500000000000284,-0.03874999999999962
2026-08-16 18:17:08.751,20.853,lower,0.08500000000000063,0.010624999999999662
2026-08-16 18:17:08.761,20.863,lower,-0.14437499999999992,-0.05124999999999935
2026-08-16 18:17:08.771,20.873,lower,0.06249999999999978,-0.004374999999999796
2026-08-16 18:17:08.781,20.883,lower,-0.06562500000000027,-0.013750000000000151
2026-08-16 18:17:08.791,20.893,lower,-0.010000000000000009,-0.033124999999999405
2026-08-16 18:17:08.801,20.903,lower,0.08812500000000001,0.009375000000000355
2026-08-16 18:17:08.811,20.913,lower,-0.13624999999999998,-0.04562500000000025
2026-08-16 18:17:08.821,20.923,lower,0.07437499999999986,-0.00687499999999952
2026-08-16 18:17:08.831,20.933,lower,-0.03562500000000024,-0.017500000000000293
2026-08-16 18:17:08.841,20.943,lower,-0.03562500000000024,-0.029375000000000373
2026-08-16 18:17:08.851,20.953,lower,0.08187500000000014,0.007500000000000284
2026-08-16 18:17:08.861,20.963,lower,-0.14687499999999964,-0.04562500000000025
2026-08-16 18:17:08.871,20.973,lower,0.06624999999999992,-0.0024999999999997247
2026-08-16 18:17:08.881,20.983,lower,-0.06750000000000034,-0.008124999999999938
2026-08-16 18:17:08.891,20.993,lower,-0.001875000000000071,-0.026249999999999885
2026-08-16 18:17:08.901,21.003,lower,0.08375000000000021,0.009375000000000355
2026-08-16 18:17:08.911,21.013,lower,-0.15499999999999958,-0.04937500000000039
2026-08-16 18:17:08.921,21.023,lower,0.07062499999999972,0.0
2026-08-16 18:17:08.931,21.033,lower,-0.04187500000000011,-0.013124999999999387
2026-08-16 18:17:08.941,21.043,lower,-0.03249999999999975,-0.026874999999999538
2026-08-16 18:17:08.951,21.053,lower,0.07874999999999965,0.006875000000000631
2026-08-16 18:17:08.961,21.063,lower,-0.14625,-0.0506249999999997
2026-08-16 18:17:08.971,21.073,lower,0.06624999999999992,-0.0024999999999997247
2026-08-16 18:17:08.981,21.083,lower,-0.07687499999999958,-0.013124999999999387
2026-08-16 18:17:08.991,21.093,lower,-0.0012500000000004174,-0.034999999999999476
2026-08-16 18:17:09.001,21.103,lower,0.07937500000000042,0.008749999999999591
2026-08-16 18:17:09.011,21.113,lower,-0.1518750000000002,-0.046874999999999556
2026-08-16 18:17:09.021,21.123,lower,0.07062499999999972,-0.008124999999999938
2026-08-16 18:17:09.031,21.133,lower,-0.046874999999999556,-0.015625000000000222
2026-08-16 18:17:09.041,21.143,lower,-0.026249999999999885,-0.03624999999999989
2026-08-16 18:17:09.051,21.153,lower,0.07687499999999958,0.008124999999999938
2026-08-16 18:17:09.061,21.163,lower,-0.14000000000000012,-0.05312499999999942
2026-08-16 18:17:09.071,21.173,lower,0.06687500000000068,-0.005625000000000213
2026-08-16 18:17:09.081,21.183,lower,-0.02062499999999967,-0.017500000000000293
2026-08-16 18:17:09.091,21.193,lower,0.0012500000000004174,-0.02874999999999961
2026-08-16 18:17:09.101,21.203,lower,0.08437499999999987,0.006249999999999867
2026-08-16 18:17:09.111,21.213,lower,-0.14625,-0.04874999999999963
2026-08-16 18:17:09.121,21.223,lower,0.07249999999999979,0.001875000000000071
2026-08-16 18:17:09.131,21.233,lower,-0.05437499999999984,-0.004999999999999449
2026-08-16 18:17:09.141,21.243,lower,-0.022499999999999742,-0.02562500000000023
2026-08-16 18:17:09.151,21.253,lower,0.07687499999999958,0.007500000000000284
2026-08-16 18:17:09.161,21.263,lower,-0.1418750000000002,-0.04874999999999963
2026-08-16 18:17:09.171,21.273,lower,0.06500000000000061,-0.0006249999999996536
2026-08-16 18:17:09.181,21.283,lower,-0.028124999999999956,-0.012499999999999734
2026-08-16 18:17:09.191,21.293,lower,0.0024999999999997247,-0.027500000000000302
2026-08-16 18:17:09.201,21.303,lower,0.08000000000000007,0.010000000000000009
2026-08-16 18:17:09.211,21.313,lower,-0.15000000000000013,-0.04562500000000025
2026-08-16 18:17:09.221,21.323,lower,0.07437499999999986,0.0006249999999996536
2026-08-16 18:17:09.231,21.333,lower,-0.061875000000000124,-0.01187500000000008
2026-08-16 18:17:09.241,21.343,lower,-0.012499999999999734,-0.03624999999999989
2026-08-16 18:17:09.251,21.353,lower,0.08062499999999972,0.010000000000000009
2026-08-16 18:17:09.261,21.363,lower,-0.14249999999999985,-0.0462499999999999
2026-08-16 18:17:09.271,21.373,lower,0.07000000000000006,0.0050000000000005596
2026-08-16 18:17:09.281,21.383,lower,-0.031249999999999334,-0.015625000000000222
2026-08-16 18:17:09.291,21.393,lower,0.006875000000000631,-0.034999999999999476
2026-08-16 18:17:09.301,21.403,lower,0.08062499999999972,0.010624999999999662
2026-08-16 18:17:09.311,21.413,lower,-0.15000000000000013,-0.0462499999999999
2026-08-16 18:17:09.321,21.423,lower,0.06249999999999978,-0.004999999999999449
2026-08-16 18:17:09.331,21.433,lower,-0.07000000000000006,-0.014999999999999458
2026-08-16 18:17:09.341,21.443,lower,-0.010000000000000009,-0.027500000000000302
2026-08-16 18:17:09.351,21.453,lower,0.08125000000000049,0.005625000000000213
2026-08-16 18:17:09.361,21.463,lower,-0.1387499999999997,-0.04562500000000025
2026-08-16 18:17:09.371,21.473,lower,0.07437499999999986,0.0006249999999996536
2026-08-16 18:17:09.381,21.483,lower,-0.040000000000000036,-0.01687499999999953
2026-08-16 18:17:09.391,21.493,lower,0.01187500000000008,-0.029375000000000373
2026-08-16 18:17:09.401,21.503,lower,0.07687499999999958,0.009375000000000355
2026-08-16 18:17:09.411,21.513,lower,-0.15124999999999944,-0.05249999999999977
2026-08-16 18:17:09.421,21.523,lower,0.061875000000000124,-0.0024999999999997247
2026-08-16 18:17:09.431,21.533,lower,-0.08000000000000007,-0.012499999999999734
2026-08-16 18:17:09.441,21.543,lower,-0.010624999999999662,-0.026874999999999538
2026-08-16 18:17:09.451,21.553,lower,0.08312500000000056,0.0031250000000004885
2026-08-16 18:17:09.461,21.563,lower,-0.13687499999999964,-0.04937500000000039
2026-08-16 18:17:09.471,21.573,lower,0.06937500000000041,0.0012500000000004174
2026-08-16 18:17:09.481,21.583,lower,-0.051875000000000115,-0.013124999999999387
2026-08-16 18:17:09.491,21.593,lower,-0.031249999999999334,-0.021249999999999325
2026-08-16 18:17:09.501,21.603,lower,0.07562500000000028,0.008749999999999591
2026-08-16 18:17:09.511,21.613,lower,-0.14812500000000006,-0.04937500000000039
2026-08-16 18:17:09.521,21.623,lower,0.06437499999999985,0.006875000000000631
2026-08-16 18:17:09.531,21.633,lower,-0.08624999999999994,-0.015625000000000222
2026-08-16 18:17:09.541,21.643,lower,-0.001875000000000071,-0.03562500000000024
2026-08-16 18:17:09.551,21.653,lower,0.07750000000000035,0.007500000000000284
2026-08-16 18:17:09.561,21.663,lower,-0.15937499999999938,-0.0462499999999999
2026-08-16 18:17:09.571,21.673,lower,0.07125000000000048,-0.004999999999999449
2026-08-16 18:17:09.581,21.683,lower,-0.058749999999999636,-0.019375000000000364
2026-08-16 18:17:09.591,21.693,lower,-0.02187500000000009,-0.031249999999999334
2026-08-16 18:17:09.601,21.703,lower,0.07187500000000013,0.006875000000000631
2026-08-16 18:17:09.611,21.713,lower,-0.14687499999999964,-0.051875000000000115
2026-08-16 18:17:09.621,21.723,lower,0.06562500000000027,-0.005625000000000213
2026-08-16 18:17:09.631,21.733,lower,-0.09375000000000022,-0.02062499999999967
2026-08-16 18:17:09.641,21.743,lower,0.0012500000000004174,-0.03062499999999968
2026-08-16 18:17:09.651,21.753,lower,0.07750000000000035,0.008124999999999938
2026-08-16 18:17:09.661,21.763,lower,-0.15812500000000007,-0.05124999999999935
2026-08-16 18:17:09.671,21.773,lower,0.07312500000000055,0.0
2026-08-16 18:17:09.681,21.783,lower,-0.06562500000000027,-0.010624999999999662
2026-08-16 18:17:09.691,21.793,lower,-0.02062499999999967,-0.026249999999999885
2026-08-16 18:17:09.701,21.803,lower,0.06812499999999999,0.006249999999999867
2026-08-16 18:17:09.711,21.813,lower,-0.14437499999999992,-0.05312499999999942
2026-08-16 18:17:09.721,21.823,lower,0.06750000000000034,0.0012500000000004174
2026-08-16 18:17:09.731,21.833,lower,-0.03750000000000031,-0.014374999999999805
2026-08-16 18:17:09.741,21.843,lower,0.0031250000000004885,-0.02187500000000009
2026-08-16 18:17:09.751,21.853,lower,0.07187500000000013,0.007500000000000284
2026-08-16 18:17:09.761,21.863,lower,-0.1518750000000002,-0.043124999999999414
2026-08-16 18:17:09.771,21.873,lower,0.07500000000000062,0.0012500000000004174
2026-08-16 18:17:09.781,21.883,lower,-0.07187500000000013,-0.014374999999999805
2026-08-16 18:17:09.791,21.893,lower,-0.012499999999999734,-0.03375000000000017
2026-08-16 18:17:09.801,21.903,lower,0.07937500000000042,0.008124999999999938
2026-08-16 18:17:09.811,21.913,lower,-0.1418750000000002,-0.04874999999999963
2026-08-16 18:17:09.821,21.923,lower,0.06687500000000068,0.006875000000000631
2026-08-16 18:17:09.831,21.933,lower,-0.040000000000000036,-0.015625000000000222
2026-08-16 18:17:09.841,21.943,lower,0.010000000000000009,-0.034999999999999476
2026-08-16 18:17:09.851,21.953,lower,0.078125,0.006249999999999867
2026-08-16 18:17:09.861,21.963,lower,-0.15437499999999993,-0.04937500000000039
2026-08-16 18:17:09.871,21.973,lower,0.07500000000000062,-0.004374999999999796
2026-08-16 18:17:09.881,21.983,lower,-0.07750000000000035,-0.018124999999999947
2026-08-16 18:17:09.891,21.993,lower,-0.008749999999999591,-0.026249999999999885
2026-08-16 18:17:09.901,22.003,lower,0.08062499999999972,0.006875000000000631
2026-08-16 18:17:09.911,22.013,lower,-0.1431249999999995,-0.04750000000000032
2026-08-16 18:17:09.921,22.023,lower,0.06750000000000034,0.0
2026-08-16 18:17:09.931,22.033,lower,-0.046874999999999556,-0.012499999999999734
2026-08-16 18:17:09.941,22.043,lower,0.008749999999999591,-0.024999999999999467
2026-08-16 18:17:09.951,22.053,lower,0.07500000000000062,0.007500000000000284
2026-08-16 18:17:09.961,22.063,lower,-0.15375000000000028,-0.050000000000000044
2026-08-16 18:17:09.971,22.073,lower,0.05624999999999991,0.0031250000000004885
2026-08-16 18:17:09.981,22.083,lower,-0.08124999999999938,-0.015625000000000222
2026-08-16 18:17:09.991,22.093,lower,-0.010000000000000009,-0.020000000000000018
2026-08-16 18:17:10.001,22.103,lower,0.08000000000000007,0.008749999999999591
2026-08-16 18:17:10.011,22.113,lower,-0.1418750000000002,-0.04750000000000032
2026-08-16 18:17:10.021,22.123,lower,0.07062499999999972,0.0024999999999997247
2026-08-16 18:17:10.031,22.133,lower,-0.054999999999999494,-0.014374999999999805
2026-08-16 18:17:10.041,22.143,lower,-0.04062499999999969,-0.04187500000000011
2026-08-16 18:17:10.051,22.153,lower,0.07249999999999979,0.004374999999999796
2026-08-16 18:17:10.061,22.163,lower,-0.15124999999999944,-0.05312499999999942
2026-08-16 18:17:10.071,22.173,lower,0.0637500000000002,0.006249999999999867
2026-08-16 18:17:10.081,22.183,lower,-0.09124999999999939,-0.018124999999999947
2026-08-16 18:17:10.091,22.193,lower,-0.005625000000000213,-0.030000000000000027
2026-08-16 18:17:10.101,22.203,lower,0.08312500000000056,0.010000000000000009
2026-08-16 18:17:10.111,22.213,lower,-0.1387499999999997,-0.0462499999999999
2026-08-16 18:17:10.121,22.223,lower,0.0737500000000002,-0.0031249999999993783
2026-08-16 18:17:10.131,22.233,lower,-0.0637500000000002,-0.018124999999999947
2026-08-16 18:17:10.141,22.243,lower,-0.02562500000000023,-0.028124999999999956
2026-08-16 18:17:10.151,22.253,lower,0.07437499999999986,0.008124999999999938
2026-08-16 18:17:10.161,22.263,lower,-0.1506249999999998,-0.04750000000000032
2026-08-16 18:17:10.171,22.273,lower,0.06437499999999985,-0.003750000000000142
2026-08-16 18:17:10.181,22.283,lower,-0.10062499999999974,-0.023124999999999396
2026-08-16 18:17:10.191,22.293,lower,0.0006249999999996536,-0.029375000000000373
2026-08-16 18:17:10.201,22.303,lower,0.078125,0.006875000000000631
2026-08-16 18:17:10.211,22.313,lower,-0.15750000000000042,-0.050000000000000044
2026-08-16 18:17:10.221,22.323,lower,0.07437499999999986,0.0006249999999996536
2026-08-16 18:17:10.231,22.333,lower,-0.07062499999999972,-0.012499999999999734
2026-08-16 18:17:10.241,22.343,lower,-0.016249999999999876,-0.020000000000000018
2026-08-16 18:17:10.251,22.353,lower,0.07125000000000048,0.006249999999999867
2026-08-16 18:17:10.261,22.363,lower,-0.14562500000000034,-0.0462499999999999
2026-08-16 18:17:10.271,22.373,lower,0.06812499999999999,0.0024999999999997247
2026-08-16 18:17:10.281,22.383,lower,-0.038124999999999964,-0.014999999999999458
2026-08-16 18:17:10.291,22.393,lower,0.010000000000000009,-0.020000000000000018
2026-08-16 18:17:10.301,22.403,lower,0.07500000000000062,0.007500000000000284
2026-08-16 18:17:10.311,22.413,lower,-0.15750000000000042,-0.04437499999999983
2026-08-16 18:17:10.321,22.423,lower,0.07687499999999958,0.006875000000000631
2026-08-16 18:17:10.331,22.433,lower,-0.07437499999999986,-0.01687499999999953
2026-08-16 18:17:10.341,22.443,lower,-0.010624999999999662,-0.031249999999999334
2026-08-16 18:17:10.351,22.453,lower,0.06812499999999999,0.008749999999999591
2026-08-16 18:17:10.361,22.463,lower,-0.14000000000000012,-0.04562500000000025
2026-08-16 18:17:10.371,22.473,lower,0.07000000000000006,0.0006249999999996536
2026-08-16 18:17:10.381,22.483,lower,-0.04187500000000011,-0.02062499999999967
2026-08-16 18:17:10.391,22.493,lower,0.012499999999999734,-0.031249999999999334
2026-08-16 18:17:10.401,22.503,lower,0.07437499999999986,0.005625000000000213
2026-08-16 18:17:10.411,22.513,lower,-0.15249999999999986,-0.0506249999999997
2026-08-16 18:17:10.421,22.523,lower,0.078125,0.0
2026-08-16 18:17:10.431,22.533,lower,-0.08062499999999972,-0.024374999999999813
2026-08-16 18:17:10.441,22.543,lower,-0.008749999999999591,-0.02562500000000023
2026-08-16 18:17:10.451,22.553,lower,0.07937500000000042,0.006875000000000631
2026-08-16 18:17:10.461,22.563,lower,-0.1375000000000004,-0.0462499999999999
2026-08-16 18:17:10.471,22.573,lower,0.06937500000000041,0.0012500000000004174
2026-08-16 18:17:10.481,22.583,lower,-0.05124999999999935,-0.011249999999999316
2026-08-16 18:17:10.491,22.593,lower,0.013125000000000497,-0.019375000000000364
2026-08-16 18:17:10.501,22.603,lower,0.07750000000000035,0.010624999999999662
2026-08-16 18:17:10.511,22.613,lower,-0.14499999999999957,-0.04812499999999997
2026-08-16 18:17:10.521,22.623,lower,0.06125000000000047,0.006875000000000631
2026-08-16 18:17:10.531,22.633,lower,-0.08375000000000021,-0.012499999999999734
2026-08-16 18:17:10.541,22.643,lower,-0.004999999999999449,-0.020000000000000018
2026-08-16 18:17:10.551,22.653,lower,0.08187500000000014,0.010624999999999662
2026-08-16 18:17:10.561,22.663,lower,-0.13687499999999964,-0.046874999999999556
2026-08-16 18:17:10.571,22.673,lower,0.07125000000000048,0.007500000000000284
2026-08-16 18:17:10.581,22.683,lower,-0.05437499999999984,-0.015625000000000222
2026-08-16 18:17:10.591,22.693,lower,0.018124999999999947,-0.033124999999999405
2026-08-16 18:17:10.601,22.703,lower,0.07562500000000028,0.010000000000000009
2026-08-16 18:17:10.611,22.713,lower,-0.14687499999999964,-0.05124999999999935
2026-08-16 18:17:10.621,22.723,lower,0.06687500000000068,-0.004374999999999796
2026-08-16 18:17:10.631,22.733,lower,-0.09000000000000008,-0.015625000000000222
2026-08-16 18:17:10.641,22.743,lower,0.0012500000000004174,-0.033124999999999405
2026-08-16 18:17:10.651,22.753,lower,0.08375000000000021,0.008124999999999938
2026-08-16 18:17:10.661,22.763,lower,-0.13562500000000033,-0.05124999999999935
2026-08-16 18:17:10.671,22.773,lower,0.0737500000000002,-0.0031249999999993783
2026-08-16 18:17:10.681,22.783,lower,-0.061875000000000124,-0.024374999999999813
2026-08-16 18:17:10.691,22.793,lower,-0.0187499999999996,-0.02562500000000023
2026-08-16 18:17:10.701,22.803,lower,0.07437499999999986,0.005625000000000213
2026-08-16 18:17:10.711,22.813,lower,-0.14625,-0.04874999999999963
2026-08-16 18:17:10.721,22.823,lower,0.07125000000000048,0.0031250000000004885
2026-08-16 18:17:10.731,22.833,lower,-0.09499999999999953,-0.013750000000000151
2026-08-16 18:17:10.741,22.843,lower,0.0050000000000005596,-0.023124999999999396
2026-08-16 18:17:10.751,22.853,lower,0.0824999999999998,0.008124999999999938
2026-08-16 18:17:10.761,22.863,lower,-0.12687499999999963,-0.04874999999999963
2026-08-16 18:17:10.771,22.873,lower,0.07874999999999965,0.001875000000000071
2026-08-16 18:17:10.781,22.883,lower,-0.06874999999999964,-0.015625000000000222
2026-08-16 18:17:10.791,22.893,lower,-0.012499999999999734,-0.0187499999999996
2026-08-16 18:17:10.801,22.903,lower,0.07687499999999958,0.006875000000000631
2026-08-16 18:17:10.811,22.913,lower,-0.14000000000000012,-0.04750000000000032
2026-08-16 18:17:10.821,22.923,lower,0.07249999999999979,0.006875000000000631
2026-08-16 18:17:10.831,22.933,lower,-0.10624999999999996,-0.01687499999999953
2026-08-16 18:17:10.841,22.943,lower,0.006875000000000631,-0.03062499999999968
2026-08-16 18:17:10.851,22.953,lower,0.08437499999999987,0.005625000000000213
2026-08-16 18:17:10.861,22.963,lower,-0.15375000000000028,-0.04750000000000032
2026-08-16 18:17:10.871,22.973,lower,0.08000000000000007,0.005625000000000213
2026-08-16 18:17:10.881,22.983,lower,-0.078125,-0.020000000000000018
2026-08-16 18:17:10.891,22.993,lower,-0.004374999999999796,-0.028124999999999956
2026-08-16 18:17:10.901,23.003,lower,0.07312500000000055,0.006249999999999867
2026-08-16 18:17:10.911,23.013,lower,-0.14000000000000012,-0.046874999999999556
2026-08-16 18:17:10.921,23.023,lower,0.06874999999999964,-0.0012500000000004174
2026-08-16 18:17:10.931,23.033,lower,-0.0506249999999997,-0.02375000000000016
2026-08-16 18:17:10.941,23.043,lower,0.017500000000000293,-0.024999999999999467
2026-08-16 18:17:10.951,23.053,lower,0.07562500000000028,0.006875000000000631
2026-08-16 18:17:10.961,23.063,lower,-0.15000000000000013,-0.04874999999999963
2026-08-16 18:17:10.971,23.073,lower,0.08125000000000049,0.0031250000000004885
2026-08-16 18:17:10.981,23.083,lower,-0.08562500000000028,-0.024999999999999467
2026-08-16 18:17:10.991,23.093,lower,0.0012500000000004174,-0.023124999999999396
2026-08-16 18:17:11.001,23.103,lower,0.06500000000000061,0.007500000000000284
2026-08-16 18:17:11.011,23.113,lower,-0.13687499999999964,-0.050000000000000044
2026-08-16 18:17:11.021,23.123,lower,0.07750000000000035,0.004374999999999796
2026-08-16 18:17:11.031,23.133,lower,-0.05562500000000026,-0.014374999999999805
2026-08-16 18:17:11.041,23.143,lower,0.017500000000000293,-0.020000000000000018
2026-08-16 18:17:11.051,23.153,lower,0.07062499999999972,0.006875000000000631
2026-08-16 18:17:11.061,23.163,lower,-0.14812500000000006,-0.05312499999999942
2026-08-16 18:17:11.071,23.173,lower,0.08125000000000049,0.0050000000000005596
2026-08-16 18:17:11.081,23.183,lower,-0.08874999999999966,-0.01687499999999953
2026-08-16 18:17:11.091,23.193,lower,0.0012500000000004174,-0.0187499999999996
2026-08-16 18:17:11.101,23.203,lower,0.07624999999999993,0.008749999999999591
2026-08-16 18:17:11.111,23.213,lower,-0.12937499999999935,-0.046874999999999556
2026-08-16 18:17:11.121,23.223,lower,0.07500000000000062,0.0031250000000004885
2026-08-16 18:17:11.131,23.233,lower,-0.0637500000000002,-0.020000000000000018
2026-08-16 18:17:11.141,23.243,lower,0.02187500000000009,-0.02874999999999961
2026-08-16 18:17:11.151,23.253,lower,0.07562500000000028,0.006875000000000631
2026-08-16 18:17:11.161,23.263,lower,-0.14375000000000027,-0.0506249999999997
2026-08-16 18:17:11.171,23.273,lower,0.06500000000000061,-0.005625000000000213
2026-08-16 18:17:11.181,23.283,lower,-0.09874999999999967,-0.02062499999999967
2026-08-16 18:17:11.191,23.293,lower,0.005625000000000213,-0.031249999999999334
2026-08-16 18:17:11.201,23.303,lower,0.07874999999999965,0.003750000000000142
2026-08-16 18:17:11.211,23.313,lower,-0.1318750000000002,-0.04750000000000032
2026-08-16 18:17:11.221,23.323,lower,0.07437499999999986,0.001875000000000071
2026-08-16 18:17:11.231,23.333,lower,-0.06750000000000034,-0.02562500000000023
2026-08-16 18:17:11.241,23.343,lower,0.021250000000000435,-0.02187500000000009
2026-08-16 18:17:11.251,23.353,lower,0.07437499999999986,0.007500000000000284
2026-08-16 18:17:11.261,23.363,lower,-0.14499999999999957,-0.044999999999999485
2026-08-16 18:17:11.271,23.373,lower,0.06937500000000041,0.004374999999999796
2026-08-16 18:17:11.281,23.383,lower,-0.1012499999999994,-0.014999999999999458
2026-08-16 18:17:11.291,23.393,lower,0.009375000000000355,-0.019375000000000364
2026-08-16 18:17:11.301,23.403,lower,0.08062499999999972,0.007500000000000284
2026-08-16 18:17:11.311,23.413,lower,-0.12812500000000004,-0.0462499999999999
2026-08-16 18:17:11.321,23.423,lower,0.08000000000000007,0.0031250000000004885
2026-08-16 18:17:11.331,23.433,lower,-0.0737500000000002,-0.019375000000000364
2026-08-16 18:17:11.341,23.443,lower,-0.010624999999999662,-0.020000000000000018
2026-08-16 18:17:11.351,23.453,lower,0.07000000000000006,0.0050000000000005596
2026-08-16 18:17:11.361,23.463,lower,-0.14000000000000012,-0.04937500000000039
2026-08-16 18:17:11.371,23.473,lower,0.07437499999999986,0.0050000000000005596
2026-08-16 18:17:11.381,23.483,lower,-0.11062499999999975,-0.020000000000000018
2026-08-16 18:17:11.391,23.493,lower,0.013750000000000151,-0.03249999999999975
2026-08-16 18:17:11.401,23.503,lower,0.07937500000000042,0.006249999999999867
2026-08-16 18:17:11.411,23.513,lower,-0.15687499999999965,-0.051875000000000115
2026-08-16 18:17:11.421,23.523,lower,0.08125000000000049,-0.004374999999999796
2026-08-16 18:17:11.431,23.533,lower,-0.08499999999999952,-0.026874999999999538
2026-08-16 18:17:11.441,23.543,lower,-0.01187500000000008,-0.030000000000000027
2026-08-16 18:17:11.451,23.553,lower,0.06687500000000068,0.0050000000000005596
2026-08-16 18:17:11.461,23.563,lower,-0.1387499999999997,-0.04937500000000039
2026-08-16 18:17:11.471,23.573,lower,0.0737500000000002,0.001875000000000071
2026-08-16 18:17:11.481,23.583,lower,-0.1200000000000001,-0.026249999999999885
2026-08-16 18:17:11.491,23.593,lower,0.019375000000000364,-0.024374999999999813
2026-08-16 18:17:11.501,23.603,lower,0.07687499999999958,0.009375000000000355
2026-08-16 18:17:11.511,23.613,lower,-0.15562500000000035,-0.0506249999999997
2026-08-16 18:17:11.521,23.623,lower,0.07874999999999965,0.0012500000000004174
2026-08-16 18:17:11.531,23.633,lower,-0.09124999999999939,-0.014999999999999458
2026-08-16 18:17:11.541,23.643,lower,0.0,-0.022499999999999742
2026-08-16 18:17:11.551,23.653,lower,0.06312500000000054,0.007500000000000284
2026-08-16 18:17:11.561,23.663,lower,-0.13812500000000005,-0.04750000000000032
2026-08-16 18:17:11.571,23.673,lower,0.07312500000000055,0.0006249999999996536
2026-08-16 18:17:11.581,23.683,lower,-0.0649999999999995,-0.014374999999999805
2026-08-16 18:17:11.591,23.693,lower,0.020000000000000018,-0.018124999999999947
2026-08-16 18:17:11.601,23.703,lower,0.07437499999999986,0.006249999999999867
2026-08-16 18:17:11.611,23.713,lower,-0.15437499999999993,-0.12375000000000025
2026-08-16 18:17:11.621,23.723,lower,0.07874999999999965,0.04562500000000025
2026-08-16 18:17:11.631,23.733,lower,-0.09874999999999967,-0.038124999999999964
2026-08-16 18:17:11.641,23.743,lower,0.0012500000000004174,-0.06437499999999985
2026-08-16 18:17:11.651,23.753,lower,0.07312500000000055,0.038124999999999964
2026-08-16 18:17:11.661,23.763,lower,-0.13562500000000033,-0.1275000000000004
2026-08-16 18:17:11.671,23.773,lower,0.07187500000000013,0.043125000000000524
2026-08-16 18:17:11.681,23.783,lower,-0.07312499999999944,-0.05124999999999935
2026-08-16 18:17:11.691,23.793,lower,0.017500000000000293,-0.054999999999999494
2026-08-16 18:17:11.701,23.803,lower,0.06562500000000027,0.03750000000000031
2026-08-16 18:17:11.711,23.813,lower,-0.15124999999999944,-0.1275000000000004
2026-08-16 18:17:11.721,23.823,lower,0.078125,0.030000000000000027
2026-08-16 18:17:11.731,23.833,lower,-0.10499999999999954,-0.06062499999999971
2026-08-16 18:17:11.741,23.843,lower,0.0024999999999997247,-0.04874999999999963
2026-08-16 18:17:11.751,23.853,lower,0.0737500000000002,0.04874999999999963
2026-08-16 18:17:11.761,23.863,lower,-0.13562500000000033,-0.12249999999999983
2026-08-16 18:17:11.771,23.873,lower,0.07187500000000013,0.03562500000000024
2026-08-16 18:17:11.781,23.883,lower,-0.08000000000000007,-0.07000000000000006
2026-08-16 18:17:11.791,23.893,lower,0.015625000000000222,-0.03750000000000031
2026-08-16 18:17:11.801,23.903,lower,0.06812499999999999,0.04125000000000045
2026-08-16 18:17:11.811,23.913,lower,-0.1475000000000004,-0.12499999999999956
2026-08-16 18:17:11.821,23.923,lower,0.06312500000000054,0.040000000000000036
2026-08-16 18:17:11.831,23.933,lower,-0.11375000000000024,-0.03375000000000017
2026-08-16 18:17:11.841,23.943,lower,0.006249999999999867,-0.02874999999999961
2026-08-16 18:17:11.851,23.953,lower,0.07312500000000055,0.04125000000000045
2026-08-16 18:17:11.861,23.963,lower,-0.1318750000000002,-0.13062499999999977
2026-08-16 18:17:11.871,23.973,lower,0.07312500000000055,0.04375000000000018
2026-08-16 18:17:11.881,23.983,lower,-0.08812500000000001,-0.04437499999999983
2026-08-16 18:17:11.891,23.993,lower,-0.0187499999999996,-0.022499999999999742
2026-08-16 18:17:11.901,24.003,lower,0.06312500000000054,0.04249999999999976
2026-08-16 18:17:11.911,24.013,lower,-0.14937499999999937,-0.13124999999999942
2026-08-16 18:17:11.921,24.023,lower,0.06249999999999978,0.04187500000000011
2026-08-16 18:17:11.931,24.033,lower,-0.12375000000000025,-0.053750000000000187
2026-08-16 18:17:11.941,24.043,lower,0.008124999999999938,-0.05750000000000033
2026-08-16 18:17:11.951,24.053,lower,0.07312500000000055,0.03437499999999982
2026-08-16 18:17:11.961,24.063,lower,-0.13249999999999984,-0.12687499999999963
2026-08-16 18:17:11.971,24.073,lower,0.07750000000000035,0.025000000000000577
2026-08-16 18:17:11.981,24.083,lower,-0.09000000000000008,-0.06249999999999978
2026-08-16 18:17:11.991,24.093,lower,-0.012499999999999734,-0.050000000000000044
2026-08-16 18:17:12.001,24.103,lower,0.05562500000000026,0.031250000000000444
2026-08-16 18:17:12.011,24.113,lower,-0.14625,-0.13000000000000012
2026-08-16 18:17:12.021,24.123,lower,0.06687500000000068,0.02874999999999961
2026-08-16 18:17:12.031,24.133,lower,-0.1287499999999997,-0.07312499999999944
2026-08-16 18:17:12.041,24.143,lower,0.008124999999999938,-0.040000000000000036
2026-08-16 18:17:12.051,24.153,lower,0.07000000000000006,0.03874999999999962
2026-08-16 18:17:12.061,24.163,lower,-0.1606249999999998,-0.12249999999999983
2026-08-16 18:17:12.071,24.173,lower,0.078125,0.03562500000000024
2026-08-16 18:17:12.081,24.183,lower,-0.10000000000000009,-0.03937500000000038
2026-08-16 18:17:12.091,24.193,lower,-0.007500000000000284,-0.033124999999999405
2026-08-16 18:17:12.101,24.203,lower,0.05562500000000026,0.03937500000000038
2026-08-16 18:17:12.111,24.213,lower,-0.1431249999999995,-0.13062499999999977
2026-08-16 18:17:12.121,24.223,lower,0.07125000000000048,0.03937500000000038
2026-08-16 18:17:12.131,24.233,lower,-0.07249999999999979,-0.050000000000000044
2026-08-16 18:17:12.141,24.243,lower,0.015625000000000222,-0.022499999999999742
2026-08-16 18:17:12.151,24.253,lower,0.07000000000000006,0.038124999999999964
2026-08-16 18:17:12.161,24.263,lower,-0.15687499999999965,-0.12937499999999935
2026-08-16 18:17:12.171,24.273,lower,0.07624999999999993,0.038124999999999964
2026-08-16 18:17:12.181,24.283,lower,-0.11062499999999975,-0.05750000000000033
2026-08-16 18:17:12.191,24.293,lower,-0.0006249999999996536,-0.061875000000000124
2026-08-16 18:17:12.201,24.303,lower,0.05125000000000046,0.0318750000000001
2026-08-16 18:17:12.211,24.313,lower,-0.1418750000000002,-0.13249999999999984
2026-08-16 18:17:12.221,24.323,lower,0.06624999999999992,0.02187500000000009
2026-08-16 18:17:12.231,24.333,lower,-0.08000000000000007,-0.06750000000000034
2026-08-16 18:17:12.241,24.343,lower,0.018124999999999947,-0.04874999999999963
2026-08-16 18:17:12.251,24.353,lower,0.06687500000000068,0.029375000000000373
2026-08-16 18:17:12.261,24.363,lower,-0.15000000000000013,-0.1275000000000004
2026-08-16 18:17:12.271,24.373,lower,0.078125,0.0318750000000001
2026-08-16 18:17:12.281,24.383,lower,-0.11375000000000024,-0.07750000000000035
2026-08-16 18:17:12.291,24.393,lower,0.005625000000000213,-0.04187500000000011
2026-08-16 18:17:12.301,24.403,lower,0.07062499999999972,0.03687500000000066
2026-08-16 18:17:12.311,24.413,lower,-0.1343749999999999,-0.13375000000000026
2026-08-16 18:17:12.321,24.423,lower,0.07249999999999979,0.03249999999999975
2026-08-16 18:17:12.331,24.433,lower,-0.08312499999999945,-0.03687499999999955
2026-08-16 18:17:12.341,24.443,lower,0.024374999999999813,-0.034999999999999476
2026-08-16 18:17:12.351,24.453,lower,0.06312500000000054,0.03687500000000066
2026-08-16 18:17:12.361,24.463,lower,-0.14812500000000006,-0.12624999999999997
2026-08-16 18:17:12.371,24.473,lower,0.078125,0.03750000000000031
2026-08-16 18:17:12.381,24.483,lower,-0.11812500000000004,-0.05124999999999935
2026-08-16 18:17:12.391,24.493,lower,0.004374999999999796,-0.02874999999999961
2026-08-16 18:17:12.401,24.503,lower,0.06937500000000041,0.03624999999999989
2026-08-16 18:17:12.411,24.513,lower,-0.13124999999999942,-0.1318750000000002
2026-08-16 18:17:12.421,24.523,lower,0.07125000000000048,0.03750000000000031
2026-08-16 18:17:12.431,24.533,lower,-0.09312499999999946,-0.05624999999999991
2026-08-16 18:17:12.441,24.543,lower,0.02187500000000009,-0.0637500000000002
2026-08-16 18:17:12.451,24.553,lower,0.06125000000000047,0.027500000000000302
2026-08-16 18:17:12.461,24.563,lower,-0.14124999999999943,-0.13062499999999977
2026-08-16 18:17:12.471,24.573,lower,0.06500000000000061,0.04187500000000011
2026-08-16 18:17:12.481,24.583,lower,-0.12249999999999983,-0.06812499999999999
2026-08-16 18:17:12.491,24.593,lower,0.010000000000000009,-0.051875000000000115
2026-08-16 18:17:12.501,24.603,lower,0.07562500000000028,0.0318750000000001
2026-08-16 18:17:12.511,24.613,lower,-0.12249999999999983,-0.1318750000000002
2026-08-16 18:17:12.521,24.623,lower,0.07500000000000062,0.027500000000000302
2026-08-16 18:17:12.531,24.633,lower,-0.09375000000000022,-0.07937500000000042
2026-08-16 18:17:12.541,24.643,lower,-0.010000000000000009,-0.04249999999999976
2026-08-16 18:17:12.551,24.653,lower,0.06062499999999971,0.038124999999999964
2026-08-16 18:17:12.561,24.663,lower,-0.14000000000000012,-0.12812500000000004
2026-08-16 18:17:12.571,24.673,lower,0.06874999999999964,0.033125000000000515
2026-08-16 18:17:12.581,24.683,lower,-0.12562500000000032,-0.08375000000000021
2026-08-16 18:17:12.591,24.693,lower,0.014374999999999805,-0.03624999999999989
2026-08-16 18:17:12.601,24.703,lower,0.0737500000000002,0.03687500000000066
2026-08-16 18:17:12.611,24.713,lower,-0.12187500000000018,-0.1318750000000002
2026-08-16 18:17:12.621,24.723,lower,0.07750000000000035,0.03437499999999982
2026-08-16 18:17:12.631,24.733,lower,-0.09937499999999932,-0.05124999999999935
2026-08-16 18:17:12.641,24.743,lower,0.0,-0.02562500000000023
2026-08-16 18:17:12.651,24.753,lower,0.056875000000000675,0.03062499999999968
2026-08-16 18:17:12.661,24.763,lower,-0.14124999999999943,-0.13562500000000033
2026-08-16 18:17:12.671,24.773,lower,0.07437499999999986,0.03687500000000066
2026-08-16 18:17:12.681,24.783,lower,-0.1343749999999999,-0.06062499999999971
2026-08-16 18:17:12.691,24.793,lower,0.01687500000000064,-0.021249999999999325
2026-08-16 18:17:12.701,24.803,lower,0.06500000000000061,0.026249999999999885
2026-08-16 18:17:12.711,24.813,lower,-0.15687499999999965,-0.13937499999999936
2026-08-16 18:17:12.721,24.823,lower,0.08312500000000056,0.03874999999999962
2026-08-16 18:17:12.731,24.833,lower,-0.1056250000000003,-0.07187500000000013
2026-08-16 18:17:12.741,24.843,lower,0.003750000000000142,-0.05562500000000026
2026-08-16 18:17:12.751,24.853,lower,0.05249999999999977,0.02874999999999961
2026-08-16 18:17:12.761,24.863,lower,-0.1318750000000002,-0.13499999999999956
2026-08-16 18:17:12.771,24.873,lower,0.078125,0.02687500000000065
2026-08-16 18:17:12.781,24.883,lower,-0.08000000000000007,-0.07937500000000042
2026-08-16 18:17:12.791,24.893,lower,0.024374999999999813,-0.050000000000000044
2026-08-16 18:17:12.801,24.903,lower,0.06937500000000041,0.0187499999999996
2026-08-16 18:17:12.811,24.913,lower,-0.14562500000000034,-0.13249999999999984
2026-08-16 18:17:12.821,24.923,lower,0.08312500000000056,0.024374999999999813
2026-08-16 18:17:12.831,24.933,lower,-0.11499999999999955,-0.08624999999999994
2026-08-16 18:17:12.841,24.943,lower,0.009375000000000355,-0.04124999999999934
2026-08-16 18:17:12.851,24.953,lower,0.04874999999999963,0.03375000000000017
2026-08-16 18:17:12.861,24.963,lower,-0.1275000000000004,-0.13249999999999984
2026-08-16 18:17:12.871,24.973,lower,0.07624999999999993,0.030000000000000027
2026-08-16 18:17:12.881,24.983,lower,-0.08687499999999959,-0.05249999999999977
2026-08-16 18:17:12.891,24.993,lower,0.030000000000000027,-0.031249999999999334
2026-08-16 18:17:12.901,25.003,lower,0.06687500000000068,0.028124999999999956
2026-08-16 18:17:12.911,25.013,lower,-0.14437499999999992,-0.14062499999999978
2026-08-16 18:17:12.921,25.023,lower,0.07874999999999965,0.031250000000000444
2026-08-16 18:17:12.931,25.033,lower,-0.11874999999999969,-0.0649999999999995
2026-08-16 18:17:12.941,25.043,lower,0.015000000000000568,-0.026249999999999885
2026-08-16 18:17:12.951,25.053,lower,0.07062499999999972,0.027500000000000302
2026-08-16 18:17:12.961,25.063,lower,-0.12624999999999997,-0.1375000000000004
2026-08-16 18:17:12.971,25.073,lower,0.078125,0.035000000000000586
2026-08-16 18:17:12.981,25.083,lower,-0.09187500000000015,-0.07124999999999937
2026-08-16 18:17:12.991,25.093,lower,0.028124999999999956,-0.05562500000000026
2026-08-16 18:17:13.001,25.103,lower,0.0593750000000004,0.024374999999999813
2026-08-16 18:17:13.011,25.113,lower,-0.14000000000000012,-0.13624999999999998
2026-08-16 18:17:13.021,25.123,lower,0.07000000000000006,0.026249999999999885
2026-08-16 18:17:13.031,25.133,lower,-0.12312499999999948,-0.0824999999999998
2026-08-16 18:17:13.041,25.143,lower,0.01687500000000064,-0.050000000000000044
2026-08-16 18:17:13.051,25.153,lower,0.06562500000000027,0.015000000000000568
2026-08-16 18:17:13.061,25.163,lower,-0.11812500000000004,-0.13249999999999984
2026-08-16 18:17:13.071,25.173,lower,0.08125000000000049,0.03062499999999968
2026-08-16 18:17:13.081,25.183,lower,-0.09874999999999967,-0.08812500000000001
2026-08-16 18:17:13.091,25.193,lower,0.0318750000000001,-0.04187500000000011
2026-08-16 18:17:13.101,25.203,lower,0.05812499999999998,0.035000000000000586
2026-08-16 18:17:13.111,25.213,lower,-0.1318750000000002,-0.1318750000000002
2026-08-16 18:17:13.121,25.223,lower,0.0737500000000002,0.03062499999999968
2026-08-16 18:17:13.131,25.233,lower,-0.1275000000000004,-0.05312499999999942
2026-08-16 18:17:13.141,25.243,lower,0.020000000000000018,-0.03062499999999968
2026-08-16 18:17:13.151,25.253,lower,0.07249999999999979,0.033125000000000515
2026-08-16 18:17:13.161,25.263,lower,-0.11249999999999982,-0.13000000000000012
2026-08-16 18:17:13.171,25.273,lower,0.07937500000000042,0.033125000000000515
2026-08-16 18:17:13.181,25.283,lower,-0.10437499999999988,-0.06124999999999936
2026-08-16 18:17:13.191,25.293,lower,0.0012500000000004174,-0.02874999999999961
2026-08-16 18:17:13.201,25.303,lower,0.05812499999999998,0.027500000000000302
2026-08-16 18:17:13.211,25.313,lower,-0.1387499999999997,-0.1387499999999997
2026-08-16 18:17:13.221,25.323,lower,0.07437499999999986,0.04125000000000045
2026-08-16 18:17:13.231,25.333,lower,-0.13249999999999984,-0.07124999999999937
2026-08-16 18:17:13.241,25.343,lower,0.025000000000000577,-0.05812499999999998
2026-08-16 18:17:13.251,25.353,lower,0.0737500000000002,0.028124999999999956
2026-08-16 18:17:13.261,25.363,lower,-0.15249999999999986,-0.1343749999999999
2026-08-16 18:17:13.271,25.373,lower,0.08062499999999972,0.040000000000000036
2026-08-16 18:17:13.281,25.383,lower,-0.1100000000000001,-0.08000000000000007
2026-08-16 18:17:13.291,25.393,lower,0.006875000000000631,-0.046874999999999556
2026-08-16 18:17:13.301,25.403,lower,0.0506249999999997,0.022499999999999742
2026-08-16 18:17:13.311,25.413,lower,-0.1331249999999995,-0.13499999999999956
2026-08-16 18:17:13.321,25.423,lower,0.07937500000000042,0.02562500000000023
2026-08-16 18:17:13.331,25.433,lower,-0.13937499999999936,-0.08437499999999987
2026-08-16 18:17:13.341,25.443,lower,0.025000000000000577,-0.03937500000000038
2026-08-16 18:17:13.351,25.453,lower,0.06812499999999999,0.030000000000000027
2026-08-16 18:17:13.361,25.463,lower,-0.14937499999999937,-0.13375000000000026
2026-08-16 18:17:13.371,25.473,lower,0.08562500000000028,0.03437499999999982
2026-08-16 18:17:13.381,25.483,lower,-0.12062499999999976,-0.09750000000000036
2026-08-16 18:17:13.391,25.493,lower,0.011250000000000426,-0.030000000000000027
2026-08-16 18:17:13.401,25.503,lower,0.04062499999999969,0.03375000000000017
2026-08-16 18:17:13.411,25.513,lower,-0.12812500000000004,-0.12687499999999963
2026-08-16 18:17:13.421,25.523,lower,0.07937500000000042,0.03750000000000031
2026-08-16 18:17:13.431,25.533,lower,-0.0956250000000003,-0.06562500000000027
2026-08-16 18:17:13.441,25.543,lower,0.027500000000000302,-0.024999999999999467
2026-08-16 18:17:13.451,25.553,lower,0.061875000000000124,0.027500000000000302
2026-08-16 18:17:13.461,25.563,lower,-0.1418750000000002,-0.1375000000000004
2026-08-16 18:17:13.471,25.573,lower,0.08187500000000014,0.040000000000000036
2026-08-16 18:17:13.481,25.583,lower,-0.12812500000000004,-0.07062499999999972
2026-08-16 18:17:13.491,25.593,lower,0.015000000000000568,-0.019375000000000364
2026-08-16 18:17:13.501,25.603,lower,0.07500000000000062,0.028124999999999956
2026-08-16 18:17:13.511,25.613,lower,-0.12124999999999941,-0.13937499999999936
2026-08-16 18:17:13.521,25.623,lower,0.07562500000000028,0.045000000000000595
2026-08-16 18:17:13.531,25.633,lower,-0.10249999999999981,-0.08124999999999938
2026-08-16 18:17:13.541,25.643,lower,0.031250000000000444,-0.050000000000000044
2026-08-16 18:17:13.551,25.653,lower,0.06062499999999971,0.02562500000000023
2026-08-16 18:17:13.561,25.663,lower,-0.14375000000000027,-0.1343749999999999
2026-08-16 18:17:13.571,25.673,lower,0.07874999999999965,0.02687500000000065
2026-08-16 18:17:13.581,25.683,lower,-0.13249999999999984,-0.08562500000000028
2026-08-16 18:17:13.591,25.693,lower,0.016249999999999876,-0.04124999999999934
2026-08-16 18:17:13.601,25.703,lower,0.07187500000000013,0.03750000000000031
2026-08-16 18:17:13.611,25.713,lower,-0.11937499999999934,-0.13000000000000012
2026-08-16 18:17:13.621,25.723,lower,0.07624999999999993,0.0318750000000001
2026-08-16 18:17:13.631,25.733,lower,-0.10375000000000023,-0.09312499999999946
2026-08-16 18:17:13.641,25.743,lower,0.030000000000000027,-0.033124999999999405
2026-08-16 18:17:13.651,25.753,lower,0.05312500000000053,0.03062499999999968
2026-08-16 18:17:13.661,25.763,lower,-0.14562500000000034,-0.13124999999999942
2026-08-16 18:17:13.671,25.773,lower,0.07125000000000048,0.035000000000000586
2026-08-16 18:17:13.681,25.783,lower,-0.13562500000000033,-0.06000000000000005
2026-08-16 18:17:13.691,25.793,lower,0.015625000000000222,-0.02874999999999961
2026-08-16 18:17:13.701,25.803,lower,0.06624999999999992,0.02874999999999961
2026-08-16 18:17:13.711,25.813,lower,-0.11687499999999962,-0.1418750000000002
2026-08-16 18:17:13.721,25.823,lower,0.08000000000000007,0.03750000000000031
2026-08-16 18:17:13.731,25.833,lower,-0.1112499999999994,-0.07062499999999972
2026-08-16 18:17:13.741,25.843,lower,0.031250000000000444,-0.0187499999999996
2026-08-16 18:17:13.751,25.853,lower,0.04937500000000039,0.024374999999999813
2026-08-16 18:17:13.761,25.863,lower,-0.13812500000000005,-0.1387499999999997
2026-08-16 18:17:13.771,25.873,lower,0.07312500000000055,0.04125000000000045
2026-08-16 18:17:13.781,25.883,lower,-0.1431249999999995,-0.07874999999999965
2026-08-16 18:17:13.791,25.893,lower,0.017500000000000293,-0.04874999999999963
2026-08-16 18:17:13.801,25.903,lower,0.06562500000000027,0.019375000000000364
2026-08-16 18:17:13.811,25.913,lower,-0.11249999999999982,-0.1318750000000002
2026-08-16 18:17:13.821,25.923,lower,0.08000000000000007,0.03062499999999968
2026-08-16 18:17:13.831,25.933,lower,-0.11874999999999969,-0.08750000000000036
2026-08-16 18:17:13.841,25.943,lower,0.001875000000000071,-0.03750000000000031
2026-08-16 18:17:13.851,25.953,lower,0.04249999999999976,0.020000000000000018
2026-08-16 18:17:13.861,25.963,lower,-0.13375000000000026,-0.13124999999999942
2026-08-16 18:17:13.871,25.973,lower,0.07125000000000048,0.03624999999999989
2026-08-16 18:17:13.881,25.983,lower,-0.1531249999999995,-0.09812500000000002
2026-08-16 18:17:13.891,25.993,lower,0.025000000000000577,-0.03249999999999975
2026-08-16 18:17:13.901,26.003,lower,0.0637500000000002,0.03687500000000066
2026-08-16 18:17:13.911,26.013,lower,-0.15750000000000042,-0.12937499999999935
2026-08-16 18:17:13.921,26.023,lower,0.07687499999999958,0.03562500000000024
2026-08-16 18:17:13.931,26.033,lower,-0.13124999999999942,-0.0593750000000004
2026-08-16 18:17:13.941,26.043,lower,0.007500000000000284,-0.02562500000000023
2026-08-16 18:17:13.951,26.053,lower,0.03062499999999968,0.02874999999999961
2026-08-16 18:17:13.961,26.063,lower,-0.1318750000000002,-0.12562500000000032
2026-08-16 18:17:13.971,26.073,lower,0.07687499999999958,0.03874999999999962
2026-08-16 18:17:13.981,26.083,lower,-0.15437499999999993,-0.06750000000000034
2026-08-16 18:17:13.991,26.093,lower,0.03062499999999968,-0.019375000000000364
2026-08-16 18:17:14.001,26.103,lower,0.056875000000000675,0.02375000000000016
2026-08-16 18:17:14.011,26.113,lower,-0.15437499999999993,-0.13812500000000005
2026-08-16 18:17:14.021,26.123,lower,0.07874999999999965,0.03874999999999962
2026-08-16 18:17:14.031,26.133,lower,-0.13562500000000033,-0.07437499999999986
2026-08-16 18:17:14.041,26.143,lower,0.008124999999999938,-0.04812499999999997
2026-08-16 18:17:14.051,26.153,lower,0.024374999999999813,0.021250000000000435
2026-08-16 18:17:14.061,26.163,lower,-0.12499999999999956,-0.13687499999999964
2026-08-16 18:17:14.071,26.173,lower,0.07687499999999958,0.04249999999999976
2026-08-16 18:17:14.081,26.183,lower,-0.10812500000000003,-0.08624999999999994
2026-08-16 18:17:14.091,26.193,lower,0.026249999999999885,-0.040000000000000036
2026-08-16 18:17:14.101,26.203,lower,0.0506249999999997,0.018124999999999947
2026-08-16 18:17:14.111,26.213,lower,-0.14375000000000027,-0.13000000000000012
2026-08-16 18:17:14.121,26.223,lower,0.07937500000000042,0.03437499999999982
2026-08-16 18:17:14.131,26.233,lower,-0.14000000000000012,-0.0956250000000003
2026-08-16 18:17:14.141,26.243,lower,0.01187500000000008,-0.033124999999999405
2026-08-16 18:17:14.151,26.253,lower,0.06312500000000054,0.035000000000000586
2026-08-16 18:17:14.161,26.263,lower,-0.1200000000000001,-0.12812500000000004
2026-08-16 18:17:14.171,26.273,lower,0.07249999999999979,0.03375000000000017
2026-08-16 18:17:14.181,26.283,lower,-0.11624999999999996,-0.10437499999999988
2026-08-16 18:17:14.191,26.293,lower,0.029375000000000373,-0.02562500000000023
2026-08-16 18:17:14.201,26.303,lower,0.045000000000000595,0.030000000000000027
2026-08-16 18:17:14.211,26.313,lower,-0.14249999999999985,-0.12687499999999963
2026-08-16 18:17:14.221,26.323,lower,0.07562500000000028,0.03687500000000066
2026-08-16 18:17:14.231,26.333,lower,-0.14687499999999964,-0.06812499999999999
2026-08-16 18:17:14.241,26.343,lower,0.017500000000000293,-0.01687499999999953
2026-08-16 18:17:14.251,26.353,lower,0.06624999999999992,0.02562500000000023
2026-08-16 18:17:14.261,26.363,lower,-0.11499999999999955,-0.1387499999999997
2026-08-16 18:17:14.271,26.373,lower,0.07562500000000028,0.043125000000000524
2026-08-16 18:17:14.281,26.383,lower,-0.11812500000000004,-0.08375000000000021
2026-08-16 18:17:14.291,26.393,lower,0.033125000000000515,-0.053750000000000187
2026-08-16 18:17:14.301,26.403,lower,0.04125000000000045,0.022499999999999742
2026-08-16 18:17:14.311,26.413,lower,-0.14062499999999978,-0.13499999999999956
2026-08-16 18:17:14.321,26.423,lower,0.07062499999999972,0.043125000000000524
2026-08-16 18:17:14.331,26.433,lower,-0.15124999999999944,-0.08312499999999945
2026-08-16 18:17:14.341,26.443,lower,0.018124999999999947,-0.04187500000000011
2026-08-16 18:17:14.351,26.453,lower,0.061875000000000124,0.02062499999999967
2026-08-16 18:17:14.361,26.463,lower,-0.11562500000000031,-0.13249999999999984
2026-08-16 18:17:14.371,26.473,lower,0.078125,0.030000000000000027
2026-08-16 18:17:14.381,26.483,lower,-0.12499999999999956,-0.09312499999999946
2026-08-16 18:17:14.391,26.493,lower,0.0,-0.034999999999999476
2026-08-16 18:17:14.401,26.503,lower,0.03249999999999975,0.029375000000000373
2026-08-16 18:17:14.411,26.513,lower,-0.1387499999999997,-0.13249999999999984
2026-08-16 18:17:14.421,26.523,lower,0.07500000000000062,0.031250000000000444
2026-08-16 18:17:14.431,26.533,lower,-0.15750000000000042,-0.10437499999999988
2026-08-16 18:17:14.441,26.543,lower,0.019375000000000364,-0.029375000000000373
2026-08-16 18:17:14.451,26.553,lower,0.056875000000000675,0.024374999999999813
2026-08-16 18:17:14.461,26.563,lower,-0.10750000000000037,-0.1287499999999997
2026-08-16 18:17:14.471,26.573,lower,0.08125000000000049,0.03874999999999962
2026-08-16 18:17:14.481,26.583,lower,-0.13687499999999964,-0.07000000000000006
2026-08-16 18:17:14.491,26.593,lower,0.008124999999999938,-0.021249999999999325
2026-08-16 18:17:14.501,26.603,lower,0.030000000000000027,0.026249999999999885
2026-08-16 18:17:14.511,26.613,lower,-0.1287499999999997,-0.1387499999999997
2026-08-16 18:17:14.521,26.623,lower,0.07562500000000028,0.03937500000000038
2026-08-16 18:17:14.531,26.633,lower,-0.16124999999999945,-0.08187500000000014
2026-08-16 18:17:14.541,26.643,lower,0.03062499999999968,-0.011249999999999316
2026-08-16 18:17:14.551,26.653,lower,0.05624999999999991,0.020000000000000018
2026-08-16 18:17:14.561,26.663,lower,-0.14812500000000006,-0.13812500000000005
2026-08-16 18:17:14.571,26.673,lower,0.07750000000000035,0.04375000000000018
2026-08-16 18:17:14.581,26.683,lower,-0.13687499999999964,-0.08750000000000036
2026-08-16 18:17:14.591,26.693,lower,0.013125000000000497,-0.04124999999999934
2026-08-16 18:17:14.601,26.703,lower,0.022499999999999742,0.016249999999999876
2026-08-16 18:17:14.611,26.713,lower,-0.12499999999999956,-0.1318750000000002
2026-08-16 18:17:14.621,26.723,lower,0.07750000000000035,0.03375000000000017
2026-08-16 18:17:14.631,26.733,lower,-0.11187500000000017,-0.09437499999999988
2026-08-16 18:17:14.641,26.743,lower,0.03062499999999968,-0.03750000000000031
2026-08-16 18:17:14.651,26.753,lower,0.04937500000000039,0.011250000000000426
2026-08-16 18:17:14.661,26.763,lower,-0.1475000000000004,-0.1343749999999999
2026-08-16 18:17:14.671,26.773,lower,0.07437499999999986,0.03562500000000024
2026-08-16 18:17:14.681,26.783,lower,-0.14000000000000012,-0.10624999999999996
2026-08-16 18:17:14.691,26.793,lower,0.013750000000000151,-0.0318750000000001
2026-08-16 18:17:14.701,26.803,lower,0.013750000000000151,0.03062499999999968
2026-08-16 18:17:14.711,26.813,lower,-0.11874999999999969,-0.13000000000000012
2026-08-16 18:17:14.721,26.823,lower,0.07874999999999965,0.03562500000000024
2026-08-16 18:17:14.731,26.833,lower,-0.11562500000000031,-0.07062499999999972
2026-08-16 18:17:14.741,26.843,lower,0.030000000000000027,-0.023124999999999396
2026-08-16 18:17:14.751,26.853,lower,0.04750000000000032,0.02375000000000016
2026-08-16 18:17:14.761,26.863,lower,-0.13624999999999998,-0.12562500000000032
2026-08-16 18:17:14.771,26.873,lower,0.08312500000000056,0.03687500000000066
2026-08-16 18:17:14.781,26.883,lower,-0.1431249999999995,-0.08062499999999972
2026-08-16 18:17:14.791,26.893,lower,0.016249999999999876,-0.013124999999999387
2026-08-16 18:17:14.801,26.903,lower,0.06562500000000027,0.0187499999999996
2026-08-16 18:17:14.811,26.913,lower,-0.11375000000000024,-0.13562500000000033
2026-08-16 18:17:14.821,26.923,lower,0.08375000000000021,0.04062499999999969
2026-08-16 18:17:14.831,26.933,lower,-0.12187500000000018,-0.08750000000000036
2026-08-16 18:17:14.841,26.943,lower,0.03437499999999982,-0.0462499999999999
2026-08-16 18:17:14.851,26.953,lower,0.04437499999999983,0.017500000000000293
2026-08-16 18:17:14.861,26.963,lower,-0.13562500000000033,-0.14000000000000012
2026-08-16 18:17:14.871,26.973,lower,0.07562500000000028,0.035000000000000586
2026-08-16 18:17:14.881,26.983,lower,-0.15499999999999958,-0.09624999999999995
2026-08-16 18:17:14.891,26.993,lower,0.02375000000000016,-0.04249999999999976
2026-08-16 18:17:14.901,27.003,lower,0.06624999999999992,0.010624999999999662
2026-08-16 18:17:14.911,27.013,lower,-0.10812500000000003,-0.13624999999999998
2026-08-16 18:17:14.921,27.023,lower,0.08000000000000007,0.027500000000000302
2026-08-16 18:17:14.931,27.033,lower,-0.13062499999999977,-0.1112499999999994
2026-08-16 18:17:14.941,27.043,lower,0.040000000000000036,-0.03062499999999968
2026-08-16 18:17:14.951,27.053,lower,0.03687500000000066,0.022499999999999742
2026-08-16 18:17:14.961,27.063,lower,-0.13249999999999984,-0.13124999999999942
2026-08-16 18:17:14.971,27.073,lower,0.07687499999999958,0.035000000000000586
2026-08-16 18:17:14.981,27.083,lower,-0.1531249999999995,-0.11187500000000017
2026-08-16 18:17:14.991,27.093,lower,0.02874999999999961,-0.02375000000000016
2026-08-16 18:17:15.001,27.103,lower,0.06125000000000047,0.023125000000000506
2026-08-16 18:17:15.011,27.113,lower,-0.10062499999999974,-0.1331249999999995
2026-08-16 18:17:15.021,27.123,lower,0.08437499999999987,0.03249999999999975
2026-08-16 18:17:15.031,27.133,lower,-0.13375000000000026,-0.08687499999999959
2026-08-16 18:17:15.041,27.143,lower,0.013125000000000497,-0.02062499999999967
2026-08-16 18:17:15.051,27.153,lower,0.02562500000000023,0.0187499999999996
2026-08-16 18:17:15.061,27.163,lower,-0.12375000000000025,-0.14437499999999992
2026-08-16 18:17:15.071,27.173,lower,0.08000000000000007,0.03687500000000066
2026-08-16 18:17:15.081,27.183,lower,-0.15874999999999972,-0.09062499999999973
2026-08-16 18:17:15.091,27.193,lower,0.030000000000000027,-0.04937500000000039
2026-08-16 18:17:15.101,27.203,lower,0.05249999999999977,0.013125000000000497
2026-08-16 18:17:15.111,27.213,lower,-0.1431249999999995,-0.14249999999999985
2026-08-16 18:17:15.121,27.223,lower,0.08312500000000056,0.03874999999999962
2026-08-16 18:17:15.131,27.233,lower,-0.13687499999999964,-0.10249999999999981
2026-08-16 18:17:15.141,27.243,lower,0.015000000000000568,-0.040000000000000036
2026-08-16 18:17:15.151,27.253,lower,0.020000000000000018,0.010624999999999662
2026-08-16 18:17:15.161,27.263,lower,-0.11687499999999962,-0.1343749999999999
2026-08-16 18:17:15.171,27.273,lower,0.07437499999999986,0.031250000000000444
2026-08-16 18:17:15.181,27.283,lower,-0.16124999999999945,-0.1100000000000001
2026-08-16 18:17:15.191,27.293,lower,0.033125000000000515,-0.03562500000000024
2026-08-16 18:17:15.201,27.303,lower,0.04937500000000039,0.02562500000000023
2026-08-16 18:17:15.211,27.313,lower,-0.14000000000000012,-0.13375000000000026
2026-08-16 18:17:15.221,27.323,lower,0.08000000000000007,0.0318750000000001
2026-08-16 18:17:15.231,27.333,lower,-0.14062499999999978,-0.11249999999999982
2026-08-16 18:17:15.241,27.343,lower,0.0187499999999996,-0.026249999999999885
2026-08-16 18:17:15.251,27.353,lower,0.016249999999999876,0.022499999999999742
2026-08-16 18:17:15.261,27.363,lower,-0.11687499999999962,-0.13124999999999942
2026-08-16 18:17:15.271,27.373,lower,0.07687499999999958,0.03562500000000024
2026-08-16 18:17:15.281,27.383,lower,-0.11687499999999962,-0.078125
2026-08-16 18:17:15.291,27.393,lower,0.03375000000000017,-0.0187499999999996
2026-08-16 18:17:15.301,27.403,lower,0.04874999999999963,0.015000000000000568
2026-08-16 18:17:15.311,27.413,lower,-0.14249999999999985,-0.14249999999999985
2026-08-16 18:17:15.321,27.423,lower,0.08375000000000021,0.04062499999999969
2026-08-16 18:17:15.331,27.433,lower,-0.1475000000000004,-0.08937500000000043
2026-08-16 18:17:15.341,27.443,lower,0.02187500000000009,-0.01187500000000008
2026-08-16 18:17:15.351,27.453,lower,0.06500000000000061,0.013125000000000497
2026-08-16 18:17:15.361,27.463,lower,-0.11375000000000024,-0.14249999999999985
2026-08-16 18:17:15.371,27.473,lower,0.08375000000000021,0.03750000000000031
2026-08-16 18:17:15.381,27.483,lower,-0.12249999999999983,-0.09937499999999932
2026-08-16 18:17:15.391,27.493,lower,0.03687500000000066,-0.04249999999999976
2026-08-16 18:17:15.401,27.503,lower,0.040000000000000036,0.010624999999999662
2026-08-16 18:17:15.411,27.513,lower,-0.13499999999999956,-0.13562500000000033
2026-08-16 18:17:15.421,27.523,lower,0.08500000000000063,0.03062499999999968
2026-08-16 18:17:15.431,27.533,lower,-0.15625,-0.1056250000000003
2026-08-16 18:17:15.441,27.543,lower,0.025000000000000577,-0.03624999999999989
2026-08-16 18:17:15.451,27.553,lower,0.05812499999999998,0.0012500000000004174
2026-08-16 18:17:15.461,27.563,lower,-0.10249999999999981,-0.13687499999999964
2026-08-16 18:17:15.471,27.573,lower,0.08437499999999987,0.03375000000000017
2026-08-16 18:17:15.481,27.583,lower,-0.13249999999999984,-0.11687499999999962
2026-08-16 18:17:15.491,27.593,lower,0.040000000000000036,-0.028124999999999956
2026-08-16 18:17:15.501,27.603,lower,0.03437499999999982,0.02375000000000016
2026-08-16 18:17:15.511,27.613,lower,-0.1243749999999999,-0.1275000000000004
2026-08-16 18:17:15.521,27.623,lower,0.07562500000000028,0.03750000000000031
2026-08-16 18:17:15.531,27.633,lower,-0.15499999999999958,-0.08187500000000014
2026-08-16 18:17:15.541,27.643,lower,0.03249999999999975,-0.020000000000000018
2026-08-16 18:17:15.551,27.653,lower,0.0593750000000004,0.02187500000000009
2026-08-16 18:17:15.561,27.663,lower,-0.09375000000000022,-0.1243749999999999
2026-08-16 18:17:15.571,27.673,lower,0.08125000000000049,0.040000000000000036
2026-08-16 18:17:15.581,27.683,lower,-0.1343749999999999,-0.09000000000000008
2026-08-16 18:17:15.591,27.693,lower,0.015000000000000568,-0.015625000000000222
2026-08-16 18:17:15.601,27.703,lower,0.026249999999999885,0.01687500000000064
2026-08-16 18:17:15.611,27.713,lower,-0.12249999999999983,-0.13812500000000005
2026-08-16 18:17:15.621,27.723,lower,0.07624999999999993,0.03937500000000038
2026-08-16 18:17:15.631,27.733,lower,-0.15750000000000042,-0.0956250000000003
2026-08-16 18:17:15.641,27.743,lower,0.033125000000000515,-0.04562500000000025
2026-08-16 18:17:15.651,27.753,lower,0.05249999999999977,0.012499999999999734
2026-08-16 18:17:15.661,27.763,lower,-0.0924999999999998,-0.14437499999999992
2026-08-16 18:17:15.671,27.773,lower,0.07937500000000042,0.03750000000000031
2026-08-16 18:17:15.681,27.783,lower,-0.14562500000000034,-0.10937499999999933
2026-08-16 18:17:15.691,27.793,lower,0.017500000000000293,-0.03562500000000024
2026-08-16 18:17:15.701,27.803,lower,0.016249999999999876,0.0
2026-08-16 18:17:15.711,27.813,lower,-0.11812500000000004,-0.13562500000000033
2026-08-16 18:17:15.721,27.823,lower,0.07687499999999958,0.03062499999999968
2026-08-16 18:17:15.731,27.833,lower,-0.1606249999999998,-0.11375000000000024
2026-08-16 18:17:15.741,27.843,lower,0.028124999999999956,-0.02375000000000016
2026-08-16 18:17:15.751,27.853,lower,0.046875000000000666,0.0187499999999996
2026-08-16 18:17:15.761,27.863,lower,-0.14062499999999978,-0.13000000000000012
2026-08-16 18:17:15.771,27.873,lower,0.08062499999999972,0.03750000000000031
2026-08-16 18:17:15.781,27.883,lower,-0.14375000000000027,-0.08437499999999987
2026-08-16 18:17:15.791,27.893,lower,0.016249999999999876,-0.02187500000000009
2026-08-16 18:17:15.801,27.903,lower,0.013125000000000497,0.020000000000000018
2026-08-16 18:17:15.811,27.913,lower,-0.11562500000000031,-0.12375000000000025
2026-08-16 18:17:15.821,27.923,lower,0.07937500000000042,0.038124999999999964
2026-08-16 18:17:15.831,27.933,lower,-0.13000000000000012,-0.08874999999999966
2026-08-16 18:17:15.841,27.943,lower,0.029375000000000373,-0.016249999999999876
2026-08-16 18:17:15.851,27.953,lower,0.03937500000000038,0.016249999999999876
2026-08-16 18:17:15.861,27.963,lower,-0.14249999999999985,-0.14375000000000027
2026-08-16 18:17:15.871,27.973,lower,0.07874999999999965,0.03937500000000038
2026-08-16 18:17:15.881,27.983,lower,-0.15562500000000035,-0.0968749999999996
2026-08-16 18:17:15.891,27.993,lower,0.01687500000000064,-0.04124999999999934
2026-08-16 18:17:15.901,28.003,lower,0.0050000000000005596,0.009375000000000355
2026-08-16 18:17:15.911,28.013,lower,-0.11750000000000038,-0.13687499999999964
2026-08-16 18:17:15.921,28.023,lower,0.07624999999999993,0.04249999999999976
2026-08-16 18:17:15.931,28.033,lower,-0.14000000000000012,-0.10624999999999996
2026-08-16 18:17:15.941,28.043,lower,0.0318750000000001,-0.03437499999999982
2026-08-16 18:17:15.951,28.053,lower,0.027500000000000302,0.005625000000000213
2026-08-16 18:17:15.961,28.063,lower,-0.14124999999999943,-0.13062499999999977
2026-08-16 18:17:15.971,28.073,lower,0.07312500000000055,0.03375000000000017
2026-08-16 18:17:15.981,28.083,lower,-0.16375000000000028,-0.11249999999999982
2026-08-16 18:17:15.991,28.093,lower,0.020000000000000018,-0.02562500000000023
2026-08-16 18:17:16.001,28.103,lower,0.035000000000000586,0.023125000000000506
2026-08-16 18:17:16.011,28.113,lower,-0.07437499999999986,-0.13124999999999942
2026-08-16 18:17:16.021,28.123,lower,0.0506249999999997,0.03750000000000031
2026-08-16 18:17:16.031,28.133,lower,-0.07624999999999993,-0.12187500000000018
2026-08-16 18:17:16.041,28.143,lower,0.023125000000000506,-0.019375000000000364
2026-08-16 18:17:16.051,28.153,lower,0.0187499999999996,0.017500000000000293
2026-08-16 18:17:16.061,28.163,lower,-0.08750000000000036,-0.1243749999999999
2026-08-16 18:17:16.071,28.173,lower,0.051875000000000115,0.03937500000000038
2026-08-16 18:17:16.081,28.183,lower,-0.09187500000000015,-0.08874999999999966
2026-08-16 18:17:16.091,28.193,lower,0.009375000000000355,-0.013124999999999387
2026-08-16 18:17:16.101,28.203,lower,0.031250000000000444,0.0187499999999996
2026-08-16 18:17:16.111,28.213,lower,-0.07062499999999972,-0.14375000000000027
2026-08-16 18:17:16.121,28.223,lower,0.05312500000000053,0.03874999999999962
2026-08-16 18:17:16.131,28.233,lower,-0.08124999999999938,-0.09624999999999995
2026-08-16 18:17:16.141,28.243,lower,0.016249999999999876,-0.004999999999999449
2026-08-16 18:17:16.151,28.253,lower,0.014374999999999805,0.011250000000000426
2026-08-16 18:17:16.161,28.263,lower,-0.08562500000000028,-0.13937499999999936
2026-08-16 18:17:16.171,28.273,lower,0.043125000000000524,0.04125000000000045
2026-08-16 18:17:16.181,28.283,lower,-0.09812500000000002,-0.11062499999999975
2026-08-16 18:17:16.191,28.293,lower,0.0031250000000004885,-0.034999999999999476
2026-08-16 18:17:16.201,28.303,lower,0.026249999999999885,0.006249999999999867
2026-08-16 18:17:16.211,28.313,lower,-0.07312499999999944,-0.13937499999999936
2026-08-16 18:17:16.221,28.323,lower,0.045000000000000595,0.03437499999999982
2026-08-16 18:17:16.231,28.333,lower,-0.08437499999999987,-0.11375000000000024
2026-08-16 18:17:16.241,28.343,lower,-0.005625000000000213,-0.02874999999999961
2026-08-16 18:17:16.251,28.353,lower,0.012499999999999734,-0.001875000000000071
2026-08-16 18:17:16.261,28.363,lower,-0.08937500000000043,-0.13249999999999984
2026-08-16 18:17:16.271,28.373,lower,0.04125000000000045,0.038124999999999964
2026-08-16 18:17:16.281,28.383,lower,-0.10062499999999974,-0.12249999999999983
2026-08-16 18:17:16.291,28.393,lower,0.010000000000000009,-0.02375000000000016
2026-08-16 18:17:16.301,28.403,lower,0.02687500000000065,0.02062499999999967
2026-08-16 18:17:16.311,28.413,lower,-0.0737500000000002,-0.1275000000000004
2026-08-16 18:17:16.321,28.423,lower,0.0462499999999999,0.040000000000000036
2026-08-16 18:17:16.331,28.433,lower,-0.08937500000000043,-0.08499999999999952
2026-08-16 18:17:16.341,28.443,lower,-0.001875000000000071,-0.012499999999999734
2026-08-16 18:17:16.351,28.453,lower,0.005625000000000213,0.015625000000000222
2026-08-16 18:17:16.361,28.463,lower,-0.09187500000000015,-0.12249999999999983
2026-08-16 18:17:16.371,28.473,lower,0.04375000000000018,0.04187500000000011
2026-08-16 18:17:16.381,28.483,lower,-0.10624999999999996,-0.09750000000000036
2026-08-16 18:17:16.391,28.493,lower,0.008124999999999938,-0.011249999999999316
2026-08-16 18:17:16.401,28.503,lower,0.019375000000000364,0.013125000000000497
2026-08-16 18:17:16.411,28.513,lower,-0.10624999999999996,-0.14000000000000012
2026-08-16 18:17:16.421,28.523,lower,0.04375000000000018,0.03937500000000038
2026-08-16 18:17:16.431,28.533,lower,-0.1012499999999994,-0.10624999999999996
2026-08-16 18:17:16.441,28.543,lower,-0.0031249999999993783,-0.03375000000000017
2026-08-16 18:17:16.451,28.553,lower,-0.004374999999999796,0.0050000000000005596
2026-08-16 18:17:16.461,28.563,lower,-0.08499999999999952,-0.14124999999999943
2026-08-16 18:17:16.471,28.573,lower,0.04249999999999976,0.03562500000000024
2026-08-16 18:17:16.481,28.583,lower,-0.08687499999999959,-0.11687499999999962
2026-08-16 18:17:16.491,28.593,lower,0.008749999999999591,-0.028124999999999956
2026-08-16 18:17:16.501,28.603,lower,0.010000000000000009,-0.003750000000000142
2026-08-16 18:17:16.511,28.613,lower,-0.09499999999999953,-0.1331249999999995
2026-08-16 18:17:16.521,28.623,lower,0.04062499999999969,0.035000000000000586
2026-08-16 18:17:16.531,28.633,lower,-0.1012499999999994,-0.12062499999999976
2026-08-16 18:17:16.541,28.643,lower,0.0006249999999996536,-0.019375000000000364
2026-08-16 18:17:16.551,28.653,lower,-0.004999999999999449,0.02062499999999967
2026-08-16 18:17:16.561,28.663,lower,-0.0824999999999998,-0.13000000000000012
2026-08-16 18:17:16.571,28.673,lower,0.03750000000000031,0.03937500000000038
2026-08-16 18:17:16.581,28.683,lower,-0.08687499999999959,-0.09124999999999939
2026-08-16 18:17:16.591,28.693,lower,0.010624999999999662,-0.012499999999999734
2026-08-16 18:17:16.601,28.703,lower,0.008124999999999938,0.016249999999999876
2026-08-16 18:17:16.611,28.713,lower,-0.09812500000000002,-0.12249999999999983
2026-08-16 18:17:16.621,28.723,lower,0.03687500000000066,0.04249999999999976
2026-08-16 18:17:16.631,28.733,lower,-0.10249999999999981,-0.09437499999999988
2026-08-16 18:17:16.641,28.743,lower,0.0012500000000004174,-0.009375000000000355
2026-08-16 18:17:16.651,28.753,lower,0.017500000000000293,0.016249999999999876
2026-08-16 18:17:16.661,28.763,lower,-0.08499999999999952,-0.14499999999999957
2026-08-16 18:17:16.671,28.773,lower,0.03562500000000024,0.04062499999999969
2026-08-16 18:17:16.681,28.783,lower,-0.08812500000000001,-0.10687499999999961
2026-08-16 18:17:16.691,28.793,lower,0.010000000000000009,-0.03937500000000038
2026-08-16 18:17:16.701,28.803,lower,0.007500000000000284,0.006249999999999867
2026-08-16 18:17:16.711,28.813,lower,-0.09937499999999932,-0.13812500000000005
2026-08-16 18:17:16.721,28.823,lower,0.03624999999999989,0.03874999999999962
2026-08-16 18:17:16.731,28.833,lower,-0.10624999999999996,-0.11249999999999982
2026-08-16 18:17:16.741,28.843,lower,-0.0012500000000004174,-0.03249999999999975
2026-08-16 18:17:16.751,28.853,lower,0.02187500000000009,-0.0012500000000004174
2026-08-16 18:17:16.761,28.863,lower,-0.07874999999999965,-0.1375000000000004
2026-08-16 18:17:16.771,28.873,lower,0.043125000000000524,0.035000000000000586
2026-08-16 18:17:16.781,28.883,lower,-0.09000000000000008,-0.12187500000000018
2026-08-16 18:17:16.791,28.893,lower,0.010000000000000009,-0.02187500000000009
2026-08-16 18:17:16.801,28.903,lower,0.0050000000000005596,0.017500000000000293
2026-08-16 18:17:16.811,28.913,lower,-0.09312499999999946,-0.12812500000000004
2026-08-16 18:17:16.821,28.923,lower,0.04062499999999969,0.038124999999999964
2026-08-16 18:17:16.831,28.933,lower,-0.1100000000000001,-0.12812500000000004
2026-08-16 18:17:16.841,28.943,lower,0.003750000000000142,-0.021249999999999325
2026-08-16 18:17:16.851,28.953,lower,0.01687500000000064,0.01687500000000064
2026-08-16 18:17:16.861,28.963,lower,-0.07499999999999951,-0.1243749999999999
2026-08-16 18:17:16.871,28.973,lower,0.04375000000000018,0.03687500000000066
2026-08-16 18:17:16.881,28.983,lower,-0.09624999999999995,-0.10187500000000016
2026-08-16 18:17:16.891,28.993,lower,-0.0031249999999993783,-0.009375000000000355
2026-08-16 18:17:16.901,29.003,lower,0.0,0.010000000000000009
2026-08-16 18:17:16.911,29.013,lower,-0.08750000000000036,-0.1475000000000004
2026-08-16 18:17:16.921,29.023,lower,0.03562500000000024,0.03437499999999982
2026-08-16 18:17:16.931,29.033,lower,-0.11312499999999948,-0.1100000000000001
2026-08-16 18:17:16.941,29.043,lower,0.006249999999999867,-0.005625000000000213
2026-08-16 18:17:16.951,29.053,lower,0.012499999999999734,0.001875000000000071
2026-08-16 18:17:16.961,29.063,lower,-0.1056250000000003,-0.1431249999999995
2026-08-16 18:17:16.971,29.073,lower,0.03687500000000066,0.03687500000000066
2026-08-16 18:17:16.981,29.083,lower,-0.09874999999999967,-0.11687499999999962
2026-08-16 18:17:16.991,29.093,lower,-0.0012500000000004174,-0.0318750000000001
2026-08-16 18:17:17.001,29.103,lower,-0.004374999999999796,-0.0012500000000004174
2026-08-16 18:17:17.011,29.113,lower,-0.08750000000000036,-0.14000000000000012
2026-08-16 18:17:17.021,29.123,lower,0.035000000000000586,0.03062499999999968
2026-08-16 18:17:17.031,29.133,lower,-0.10750000000000037,-0.12687499999999963
2026-08-16 18:17:17.041,29.143,lower,0.008124999999999938,-0.026874999999999538
2026-08-16 18:17:17.051,29.153,lower,0.008749999999999591,-0.010624999999999662
2026-08-16 18:17:17.061,29.163,lower,-0.10062499999999974,-0.13499999999999956
2026-08-16 18:17:17.071,29.173,lower,0.04125000000000045,0.0318750000000001
2026-08-16 18:17:17.081,29.183,lower,-0.0968749999999996,-0.12812500000000004
2026-08-16 18:17:17.091,29.193,lower,-0.0024999999999997247,-0.019375000000000364
2026-08-16 18:17:17.101,29.203,lower,-0.008749999999999591,0.009375000000000355
2026-08-16 18:17:17.111,29.213,lower,-0.08375000000000021,-0.12562500000000032
2026-08-16 18:17:17.121,29.223,lower,0.04187500000000011,0.035000000000000586
2026-08-16 18:17:17.131,29.233,lower,-0.08624999999999994,-0.10249999999999981
2026-08-16 18:17:17.141,29.243,lower,0.008124999999999938,-0.012499999999999734
2026-08-16 18:17:17.151,29.253,lower,0.006875000000000631,0.006249999999999867
2026-08-16 18:17:17.161,29.263,lower,-0.10187500000000016,-0.14937499999999937
2026-08-16 18:17:17.171,29.273,lower,0.040000000000000036,0.03874999999999962
2026-08-16 18:17:17.181,29.283,lower,-0.10624999999999996,-0.11187500000000017
2026-08-16 18:17:17.191,29.293,lower,-0.004374999999999796,-0.005625000000000213
2026-08-16 18:17:17.201,29.303,lower,0.022499999999999742,0.003750000000000142
2026-08-16 18:17:17.211,29.313,lower,-0.08000000000000007,-0.14874999999999972
2026-08-16 18:17:17.221,29.323,lower,0.04062499999999969,0.035000000000000586
2026-08-16 18:17:17.231,29.333,lower,-0.0956250000000003,-0.12124999999999941
2026-08-16 18:17:17.241,29.343,lower,0.01187500000000008,-0.03624999999999989
2026-08-16 18:17:17.251,29.353,lower,0.0050000000000005596,-0.0012500000000004174
2026-08-16 18:17:17.261,29.363,lower,-0.09499999999999953,-0.14000000000000012
2026-08-16 18:17:17.271,29.373,lower,0.03624999999999989,0.030000000000000027
2026-08-16 18:17:17.281,29.383,lower,-0.10874999999999968,-0.12312499999999948
2026-08-16 18:17:17.291,29.393,lower,0.004374999999999796,-0.03062499999999968
2026-08-16 18:17:17.301,29.403,lower,0.0187499999999996,-0.009375000000000355
2026-08-16 18:17:17.311,29.413,lower,-0.07687499999999958,-0.13499999999999956
2026-08-16 18:17:17.321,29.423,lower,0.03562500000000024,0.03249999999999975
2026-08-16 18:17:17.331,29.433,lower,-0.09750000000000036,-0.13124999999999942
2026-08-16 18:17:17.341,29.443,lower,0.018124999999999947,-0.022499999999999742
2026-08-16 18:17:17.351,29.453,lower,-0.003750000000000142,0.014374999999999805
2026-08-16 18:17:17.361,29.463,lower,-0.09312499999999946,-0.12812500000000004
2026-08-16 18:17:17.371,29.473,lower,0.03750000000000031,0.030000000000000027
2026-08-16 18:17:17.381,29.483,lower,-0.10499999999999954,-0.1012499999999994
2026-08-16 18:17:17.391,29.493,lower,0.0024999999999997247,-0.013124999999999387
2026-08-16 18:17:17.401,29.503,lower,0.013750000000000151,0.0050000000000005596
2026-08-16 18:17:17.411,29.513,lower,-0.0737500000000002,-0.12812500000000004
2026-08-16 18:17:17.421,29.523,lower,0.03937500000000038,0.03562500000000024
2026-08-16 18:17:17.431,29.533,lower,-0.09624999999999995,-0.11312499999999948
2026-08-16 18:17:17.441,29.543,lower,-0.011249999999999316,-0.009375000000000355
2026-08-16 18:17:17.451,29.553,lower,-0.0031249999999993783,-0.0006249999999996536
2026-08-16 18:17:17.461,29.563,lower,-0.09000000000000008,-0.14499999999999957
2026-08-16 18:17:17.471,29.573,lower,0.038124999999999964,0.038124999999999964
2026-08-16 18:17:17.481,29.583,lower,-0.10874999999999968,-0.11750000000000038
2026-08-16 18:17:17.491,29.593,lower,0.005625000000000213,-0.03624999999999989
2026-08-16 18:17:17.501,29.603,lower,0.015625000000000222,-0.003750000000000142
2026-08-16 18:17:17.511,29.613,lower,-0.06687499999999957,-0.14062499999999978
2026-08-16 18:17:17.521,29.623,lower,0.040000000000000036,0.0318750000000001
2026-08-16 18:17:17.531,29.633,lower,-0.09937499999999932,-0.12687499999999963
2026-08-16 18:17:17.541,29.643,lower,-0.00687499999999952,-0.031249999999999334
2026-08-16 18:17:17.551,29.653,lower,-0.004999999999999449,-0.012499999999999734
2026-08-16 18:17:17.561,29.663,lower,-0.08937500000000043,-0.13375000000000026
2026-08-16 18:17:17.571,29.673,lower,0.04062499999999969,0.0318750000000001
2026-08-16 18:17:17.581,29.683,lower,-0.11375000000000024,-0.1318750000000002
2026-08-16 18:17:17.591,29.693,lower,0.006875000000000631,-0.021249999999999325
2026-08-16 18:17:17.601,29.703,lower,0.012499999999999734,0.016249999999999876
2026-08-16 18:17:17.611,29.713,lower,-0.10437499999999988,-0.13249999999999984
2026-08-16 18:17:17.621,29.723,lower,0.04249999999999976,0.03687500000000066
2026-08-16 18:17:17.631,29.733,lower,-0.10624999999999996,-0.1387499999999997
2026-08-16 18:17:17.641,29.743,lower,0.0,-0.014999999999999458
2026-08-16 18:17:17.651,29.753,lower,-0.011249999999999316,0.008749999999999591
2026-08-16 18:17:17.661,29.763,lower,-0.08687499999999959,-0.12624999999999997
2026-08-16 18:17:17.671,29.773,lower,0.03750000000000031,0.03437499999999982
2026-08-16 18:17:17.681,29.783,lower,-0.09437499999999988,-0.11062499999999975
2026-08-16 18:17:17.691,29.793,lower,0.010624999999999662,-0.011249999999999316
2026-08-16 18:17:17.701,29.803,lower,0.0031250000000004885,0.0031250000000004885
2026-08-16 18:17:17.711,29.813,lower,-0.10000000000000009,-0.1475000000000004
2026-08-16 18:17:17.721,29.823,lower,0.03562500000000024,0.033125000000000515
2026-08-16 18:17:17.731,29.833,lower,-0.10437499999999988,-0.11562500000000031
2026-08-16 18:17:17.741,29.843,lower,0.0024999999999997247,-0.0012500000000004174
2026-08-16 18:17:17.751,29.853,lower,-0.014374999999999805,-0.003750000000000142
2026-08-16 18:17:17.761,29.863,lower,-0.08187500000000014,-0.14249999999999985
2026-08-16 18:17:17.771,29.873,lower,0.04125000000000045,0.03562500000000024
2026-08-16 18:17:17.781,29.883,lower,-0.09624999999999995,-0.12624999999999997
2026-08-16 18:17:17.791,29.893,lower,0.008749999999999591,-0.029375000000000373
2026-08-16 18:17:17.801,29.903,lower,0.0031250000000004885,-0.012499999999999734
2026-08-16 18:17:17.811,29.913,lower,-0.09187500000000015,-0.13499999999999956
2026-08-16 18:17:17.821,29.923,lower,0.04062499999999969,0.03375000000000017
2026-08-16 18:17:17.831,29.933,lower,-0.10874999999999968,-0.13000000000000012
2026-08-16 18:17:17.841,29.943,lower,0.0006249999999996536,-0.02187500000000009
2026-08-16 18:17:17.851,29.953,lower,0.010624999999999662,0.013125000000000497
2026-08-16 18:17:17.861,29.963,lower,-0.078125,-0.13124999999999942
2026-08-16 18:17:17.871,29.973,lower,0.040000000000000036,0.03562500000000024
2026-08-16 18:17:17.881,29.983,lower,-0.09750000000000036,-0.13937499999999936
2026-08-16 18:17:17.891,29.993,lower,0.012499999999999734,-0.017500000000000293
2026-08-16 18:17:17.901,30.003,lower,0.0012500000000004174,0.010624999999999662
2026-08-16 18:17:17.911,30.013,lower,-0.0956250000000003,-0.1275000000000004
2026-08-16 18:17:17.921,30.023,lower,0.02874999999999961,0.03375000000000017
2026-08-16 18:17:17.931,30.033,lower,-0.11874999999999969,-0.10874999999999968
2026-08-16 18:17:17.941,30.043,lower,0.0031250000000004885,-0.007500000000000284
2026-08-16 18:17:17.951,30.053,lower,0.011250000000000426,0.0012500000000004174
2026-08-16 18:17:17.961,30.063,lower,-0.07687499999999958,-0.1506249999999998
2026-08-16 18:17:17.971,30.073,lower,0.03624999999999989,0.03750000000000031
2026-08-16 18:17:17.981,30.083,lower,-0.10874999999999968,-0.11937499999999934
2026-08-16 18:17:17.991,30.093,lower,0.01187500000000008,-0.010000000000000009
2026-08-16 18:17:18.001,30.103,lower,-0.008124999999999938,-0.0006249999999996536
2026-08-16 18:17:18.011,30.113,lower,-0.0956250000000003,-0.14437499999999992
2026-08-16 18:17:18.021,30.123,lower,0.033125000000000515,0.0318750000000001
2026-08-16 18:17:18.031,30.133,lower,-0.11624999999999996,-0.12375000000000025
2026-08-16 18:17:18.041,30.143,lower,0.006249999999999867,-0.03437499999999982
2026-08-16 18:17:18.051,30.153,lower,0.005625000000000213,-0.008749999999999591
2026-08-16 18:17:18.061,30.163,lower,-0.07249999999999979,-0.1375000000000004
2026-08-16 18:17:18.071,30.173,lower,0.03562500000000024,0.03375000000000017
2026-08-16 18:17:18.081,30.183,lower,-0.10687499999999961,-0.12812500000000004
2026-08-16 18:17:18.091,30.193,lower,-0.006249999999999867,-0.02375000000000016
2026-08-16 18:17:18.101,30.203,lower,-0.014374999999999805,-0.02187500000000009
2026-08-16 18:17:18.111,30.213,lower,-0.08624999999999994,-0.13124999999999942
2026-08-16 18:17:18.121,30.223,lower,0.03874999999999962,0.03562500000000024
2026-08-16 18:17:18.131,30.233,lower,-0.1143749999999999,-0.13624999999999998
2026-08-16 18:17:18.141,30.243,lower,0.003750000000000142,-0.0187499999999996
2026-08-16 18:17:18.151,30.253,lower,0.0012500000000004174,0.009375000000000355
2026-08-16 18:17:18.161,30.263,lower,-0.10624999999999996,-0.12499999999999956
2026-08-16 18:17:18.171,30.273,lower,0.03437499999999982,0.033125000000000515
2026-08-16 18:17:18.181,30.283,lower,-0.10937499999999933,-0.11312499999999948
2026-08-16 18:17:18.191,30.293,lower,-0.007500000000000284,-0.01187500000000008
2026-08-16 18:17:18.201,30.303,lower,-0.015625000000000222,0.0
2026-08-16 18:17:18.211,30.313,lower,-0.08687499999999959,-0.12375000000000025
2026-08-16 18:17:18.221,30.323,lower,0.0318750000000001,0.038124999999999964
2026-08-16 18:17:18.231,30.333,lower,-0.11937499999999934,-0.12062499999999976
2026-08-16 18:17:18.241,30.343,lower,0.005625000000000213,-0.00687499999999952
2026-08-16 18:17:18.251,30.353,lower,0.0012500000000004174,0.0006249999999996536
2026-08-16 18:17:18.261,30.363,lower,-0.10437499999999988,-0.1431249999999995
2026-08-16 18:17:18.271,30.373,lower,0.035000000000000586,0.038124999999999964
2026-08-16 18:17:18.281,30.383,lower,-0.11499999999999955,-0.12624999999999997
2026-08-16 18:17:18.291,30.393,lower,-0.0012500000000004174,-0.03249999999999975
2026-08-16 18:17:18.301,30.403,lower,-0.016249999999999876,-0.008124999999999938
2026-08-16 18:17:18.311,30.413,lower,-0.08437499999999987,-0.1387499999999997
2026-08-16 18:17:18.321,30.423,lower,0.03562500000000024,0.03624999999999989
2026-08-16 18:17:18.331,30.433,lower,-0.10687499999999961,-0.13000000000000012
2026-08-16 18:17:18.341,30.443,lower,0.009375000000000355,-0.023124999999999396
2026-08-16 18:17:18.351,30.453,lower,-0.009375000000000355,-0.01687499999999953
2026-08-16 18:17:18.361,30.463,lower,-0.10187500000000016,-0.1287499999999997
2026-08-16 18:17:18.371,30.473,lower,0.029375000000000373,0.03375000000000017
2026-08-16 18:17:18.381,30.483,lower,-0.11562500000000031,-0.13375000000000026
2026-08-16 18:17:18.391,30.493,lower,-0.0012500000000004174,-0.015625000000000222
2026-08-16 18:17:18.401,30.503,lower,0.0,0.008749999999999591
2026-08-16 18:17:18.411,30.513,lower,-0.08499999999999952,-0.12375000000000025
2026-08-16 18:17:18.421,30.523,lower,0.030000000000000027,0.038124999999999964
2026-08-16 18:17:18.431,30.533,lower,-0.10812500000000003,-0.11375000000000024
2026-08-16 18:17:18.441,30.543,lower,0.004374999999999796,-0.011249999999999316
2026-08-16 18:17:18.451,30.553,lower,-0.016249999999999876,0.006249999999999867
2026-08-16 18:17:18.461,30.563,lower,-0.0968749999999996,-0.11562500000000031
2026-08-16 18:17:18.471,30.573,lower,0.030000000000000027,0.04062499999999969
2026-08-16 18:17:18.481,30.583,lower,-0.11812500000000004,-0.11687499999999962
2026-08-16 18:17:18.491,30.593,lower,-0.003750000000000142,-0.005625000000000213
2026-08-16 18:17:18.501,30.603,lower,0.0,0.0006249999999996536
2026-08-16 18:17:18.511,30.613,lower,-0.07437499999999986,-0.14437499999999992
2026-08-16 18:17:18.521,30.623,lower,0.029375000000000373,0.03750000000000031
2026-08-16 18:17:18.531,30.633,lower,-0.11249999999999982,-0.1275000000000004
2026-08-16 18:17:18.541,30.643,lower,0.003750000000000142,-0.03375000000000017
2026-08-16 18:17:18.551,30.653,lower,-0.01187500000000008,-0.011249999999999316
2026-08-16 18:17:18.561,30.663,lower,-0.0924999999999998,-0.13562500000000033
2026-08-16 18:17:18.571,30.673,lower,0.030000000000000027,0.04062499999999969
2026-08-16 18:17:18.581,30.683,lower,-0.11874999999999969,-0.1287499999999997
2026-08-16 18:17:18.591,30.693,lower,-0.0012500000000004174,-0.02375000000000016
2026-08-16 18:17:18.601,30.703,lower,0.0024999999999997247,-0.014999999999999458
2026-08-16 18:17:18.611,30.713,lower,-0.07249999999999979,-0.13249999999999984
2026-08-16 18:17:18.621,30.723,lower,0.030000000000000027,0.035000000000000586
2026-08-16 18:17:18.631,30.733,lower,-0.1143749999999999,-0.13687499999999964
2026-08-16 18:17:18.641,30.743,lower,-0.011249999999999316,-0.018124999999999947
2026-08-16 18:17:18.651,30.753,lower,-0.016249999999999876,0.007500000000000284
2026-08-16 18:17:18.661,30.763,lower,-0.09499999999999953,-0.12499999999999956
2026-08-16 18:17:18.671,30.773,lower,0.03062499999999968,0.03437499999999982
2026-08-16 18:17:18.681,30.783,lower,-0.12562500000000032,-0.1418750000000002
2026-08-16 18:17:18.691,30.793,lower,0.001875000000000071,-0.014374999999999805
2026-08-16 18:17:18.701,30.803,lower,-0.005625000000000213,0.003750000000000142
2026-08-16 18:17:18.711,30.813,lower,-0.07437499999999986,-0.11624999999999996
2026-08-16 18:17:18.721,30.823,lower,0.028124999999999956,0.035000000000000586
2026-08-16 18:17:18.731,30.833,lower,-0.11562500000000031,-0.12249999999999983
2026-08-16 18:17:18.741,30.843,lower,-0.005625000000000213,-0.0031249999999993783
2026-08-16 18:17:18.751,30.853,lower,-0.022499999999999742,-0.005625000000000213
2026-08-16 18:17:18.761,30.863,lower,-0.08874999999999966,-0.1475000000000004
2026-08-16 18:17:18.771,30.873,lower,0.031250000000000444,0.03750000000000031
2026-08-16 18:17:18.781,30.883,lower,-0.11750000000000038,-0.1287499999999997
2026-08-16 18:17:18.791,30.893,lower,0.0031250000000004885,-0.0006249999999996536
2026-08-16 18:17:18.801,30.903,lower,-0.007500000000000284,-0.008124999999999938
2026-08-16 18:17:18.811,30.913,lower,-0.10187500000000016,-0.14062499999999978
2026-08-16 18:17:18.821,30.923,lower,0.031250000000000444,0.03624999999999989
2026-08-16 18:17:18.831,30.933,lower,-0.11499999999999955,-0.1318750000000002
2026-08-16 18:17:18.841,30.943,lower,-0.005625000000000213,-0.028124999999999956
2026-08-16 18:17:18.851,30.953,lower,-0.022499999999999742,-0.016249999999999876
2026-08-16 18:17:18.861,30.963,lower,-0.08437499999999987,-0.1387499999999997
2026-08-16 18:17:18.871,30.973,lower,0.03249999999999975,0.0318750000000001
2026-08-16 18:17:18.881,30.983,lower,-0.1056250000000003,-0.14000000000000012
2026-08-16 18:17:18.891,30.993,lower,0.0006249999999996536,-0.02187500000000009
2026-08-16 18:17:18.901,31.003,lower,-0.00687499999999952,-0.022499999999999742
2026-08-16 18:17:18.911,31.013,lower,-0.10000000000000009,-0.13000000000000012
2026-08-16 18:17:18.921,31.023,lower,0.03062499999999968,0.03437499999999982
2026-08-16 18:17:18.931,31.033,lower,-0.12312499999999948,-0.1475000000000004
2026-08-16 18:17:18.941,31.043,lower,-0.0024999999999997247,-0.013124999999999387
2026-08-16 18:17:18.951,31.053,lower,-0.024999999999999467,-0.0012500000000004174
2026-08-16 18:17:18.961,31.063,lower,-0.08187500000000014,-0.12062499999999976
2026-08-16 18:17:18.971,31.073,lower,0.030000000000000027,0.03437499999999982
2026-08-16 18:17:18.981,31.083,lower,-0.11312499999999948,-0.12312499999999948
2026-08-16 18:17:18.991,31.093,lower,0.008749999999999591,-0.014374999999999805
2026-08-16 18:17:19.001,31.103,lower,-0.01187500000000008,-0.004374999999999796
2026-08-16 18:17:19.011,31.113,lower,-0.09624999999999995,-0.14625
2026-08-16 18:17:19.021,31.123,lower,0.030000000000000027,0.030000000000000027
2026-08-16 18:17:19.031,31.133,lower,-0.12187500000000018,-0.13249999999999984
2026-08-16 18:17:19.041,31.143,lower,0.0031250000000004885,-0.001875000000000071
2026-08-16 18:17:19.051,31.153,lower,-0.004374999999999796,-0.016249999999999876
2026-08-16 18:17:19.061,31.163,lower,-0.07624999999999993,-0.14499999999999957
2026-08-16 18:17:19.071,31.173,lower,0.031250000000000444,0.035000000000000586
2026-08-16 18:17:19.081,31.183,lower,-0.10812500000000003,-0.13499999999999956
2026-08-16 18:17:19.091,31.193,lower,0.01187500000000008,-0.02874999999999961
2026-08-16 18:17:19.101,31.203,lower,-0.016249999999999876,-0.021249999999999325
2026-08-16 18:17:19.111,31.213,lower,-0.09000000000000008,-0.14249999999999985
2026-08-16 18:17:19.121,31.223,lower,0.027500000000000302,0.03062499999999968
2026-08-16 18:17:19.131,31.233,lower,-0.11812500000000004,-0.14249999999999985
2026-08-16 18:17:19.141,31.243,lower,0.0012500000000004174,-0.02562500000000023
2026-08-16 18:17:19.151,31.253,lower,-0.001875000000000071,-0.029375000000000373
2026-08-16 18:17:19.161,31.263,lower,-0.0737500000000002,-0.1343749999999999
2026-08-16 18:17:19.171,31.273,lower,0.035000000000000586,0.02874999999999961
2026-08-16 18:17:19.181,31.283,lower,-0.11187500000000017,-0.1518750000000002
2026-08-16 18:17:19.191,31.293,lower,0.009375000000000355,-0.020000000000000018
2026-08-16 18:17:19.201,31.303,lower,-0.019375000000000364,-0.003750000000000142
2026-08-16 18:17:19.211,31.313,lower,-0.08624999999999994,-0.12499999999999956
2026-08-16 18:17:19.221,31.323,lower,0.03249999999999975,0.02874999999999961
2026-08-16 18:17:19.231,31.333,lower,-0.12124999999999941,-0.1243749999999999
2026-08-16 18:17:19.241,31.343,lower,0.005625000000000213,-0.011249999999999316
2026-08-16 18:17:19.251,31.353,lower,-0.001875000000000071,-0.010624999999999662
2026-08-16 18:17:19.261,31.363,lower,-0.06624999999999992,-0.11750000000000038
2026-08-16 18:17:19.271,31.373,lower,0.03375000000000017,0.03437499999999982
2026-08-16 18:17:19.281,31.383,lower,-0.11562500000000031,-0.13062499999999977
2026-08-16 18:17:19.291,31.393,lower,-0.004374999999999796,-0.004374999999999796
2026-08-16 18:17:19.301,31.403,lower,-0.020000000000000018,-0.016249999999999876
2026-08-16 18:17:19.311,31.413,lower,-0.08437499999999987,-0.14562500000000034
2026-08-16 18:17:19.321,31.423,lower,0.03437499999999982,0.031250000000000444
2026-08-16 18:17:19.331,31.433,lower,-0.12499999999999956,-0.13687499999999964
2026-08-16 18:17:19.341,31.443,lower,0.009375000000000355,-0.033124999999999405
2026-08-16 18:17:19.351,31.453,lower,-0.0024999999999997247,-0.023124999999999396
2026-08-16 18:17:19.361,31.463,lower,-0.10249999999999981,-0.14062499999999978
2026-08-16 18:17:19.371,31.473,lower,0.03249999999999975,0.028124999999999956
2026-08-16 18:17:19.381,31.483,lower,-0.11562500000000031,-0.14562500000000034
2026-08-16 18:17:19.391,31.493,lower,0.0006249999999996536,-0.02562500000000023
2026-08-16 18:17:19.401,31.503,lower,-0.024374999999999813,-0.033124999999999405
2026-08-16 18:17:19.411,31.513,lower,-0.08312499999999945,-0.1318750000000002
2026-08-16 18:17:19.421,31.523,lower,0.029375000000000373,0.02687500000000065
2026-08-16 18:17:19.431,31.533,lower,-0.1200000000000001,-0.1518750000000002
2026-08-16 18:17:19.441,31.543,lower,0.009375000000000355,-0.017500000000000293
2026-08-16 18:17:19.451,31.553,lower,-0.009375000000000355,-0.0031249999999993783
2026-08-16 18:17:19.461,31.563,lower,-0.09874999999999967,-0.12812500000000004
2026-08-16 18:17:19.471,31.573,lower,0.03249999999999975,0.02874999999999961
2026-08-16 18:17:19.481,31.583,lower,-0.11375000000000024,-0.15499999999999958
2026-08-16 18:17:19.491,31.593,lower,0.0012500000000004174,-0.014999999999999458
2026-08-16 18:17:19.501,31.603,lower,-0.028124999999999956,-0.007500000000000284
2026-08-16 18:17:19.511,31.613,lower,-0.07562500000000028,-0.12124999999999941
2026-08-16 18:17:19.521,31.623,lower,0.038124999999999964,0.03062499999999968
2026-08-16 18:17:19.531,31.633,lower,-0.10750000000000037,-0.12937499999999935
2026-08-16 18:17:19.541,31.643,lower,0.010624999999999662,-0.008124999999999938
2026-08-16 18:17:19.551,31.653,lower,-0.011249999999999316,-0.014374999999999805
2026-08-16 18:17:19.561,31.663,lower,-0.09062499999999973,-0.14625
2026-08-16 18:17:19.571,31.673,lower,0.035000000000000586,0.027500000000000302
2026-08-16 18:17:19.581,31.683,lower,-0.12187500000000018,-0.13937499999999936
2026-08-16 18:17:19.591,31.693,lower,0.004374999999999796,-0.001875000000000071
2026-08-16 18:17:19.601,31.703,lower,0.0024999999999997247,-0.026249999999999885
2026-08-16 18:17:19.611,31.713,lower,-0.06874999999999964,-0.14000000000000012
2026-08-16 18:17:19.621,31.723,lower,0.038124999999999964,0.031250000000000444
2026-08-16 18:17:19.631,31.733,lower,-0.11624999999999996,-0.14625
2026-08-16 18:17:19.641,31.743,lower,0.016249999999999876,-0.024999999999999467
2026-08-16 18:17:19.651,31.753,lower,-0.014999999999999458,-0.03062499999999968
2026-08-16 18:17:19.661,31.763,lower,-0.08624999999999994,-0.13375000000000026
2026-08-16 18:17:19.671,31.773,lower,0.03062499999999968,0.02687500000000065
2026-08-16 18:17:19.681,31.783,lower,-0.12375000000000025,-0.1518750000000002
2026-08-16 18:17:19.691,31.793,lower,0.009375000000000355,-0.020000000000000018
2026-08-16 18:17:19.701,31.803,lower,-0.004999999999999449,0.0
2026-08-16 18:17:19.711,31.813,lower,-0.06750000000000034,-0.1287499999999997
2026-08-16 18:17:19.721,31.823,lower,0.03062499999999968,0.0318750000000001
2026-08-16 18:17:19.731,31.833,lower,-0.11375000000000024,-0.15499999999999958
2026-08-16 18:17:19.741,31.843,lower,0.014374999999999805,-0.012499999999999734
2026-08-16 18:17:19.751,31.853,lower,-0.020000000000000018,-0.00687499999999952
2026-08-16 18:17:19.761,31.863,lower,-0.09000000000000008,-0.11750000000000038
2026-08-16 18:17:19.771,31.873,lower,0.031250000000000444,0.03062499999999968
2026-08-16 18:17:19.781,31.883,lower,-0.12062499999999976,-0.12812500000000004
2026-08-16 18:17:19.791,31.893,lower,0.007500000000000284,-0.0031249999999993783
2026-08-16 18:17:19.801,31.903,lower,-0.008124999999999938,-0.016249999999999876
2026-08-16 18:17:19.811,31.913,lower,-0.06312499999999943,-0.14375000000000027
2026-08-16 18:17:19.821,31.923,lower,0.0318750000000001,0.03375000000000017
2026-08-16 18:17:19.831,31.933,lower,-0.11812500000000004,-0.1387499999999997
2026-08-16 18:17:19.841,31.943,lower,-0.00687499999999952,-0.004374999999999796
2026-08-16 18:17:19.851,31.953,lower,-0.027500000000000302,-0.02062499999999967
2026-08-16 18:17:19.861,31.963,lower,-0.08062499999999972,-0.1375000000000004
2026-08-16 18:17:19.871,31.973,lower,0.035000000000000586,0.03062499999999968
2026-08-16 18:17:19.881,31.983,lower,-0.12687499999999963,-0.14562500000000034
2026-08-16 18:17:19.891,31.993,lower,0.005625000000000213,-0.02375000000000016
2026-08-16 18:17:19.901,32.003,lower,-0.010624999999999662,-0.02874999999999961
2026-08-16 18:17:19.911,32.013,lower,-0.10437499999999988,-0.13375000000000026
2026-08-16 18:17:19.921,32.023,lower,0.030000000000000027,0.03437499999999982
2026-08-16 18:17:19.931,32.033,lower,-0.12687499999999963,-0.1531249999999995
2026-08-16 18:17:19.941,32.043,lower,-0.0024999999999997247,-0.017500000000000293
2026-08-16 18:17:19.951,32.053,lower,-0.03249999999999975,-0.040000000000000036
2026-08-16 18:17:19.961,32.063,lower,-0.078125,-0.12937499999999935
2026-08-16 18:17:19.971,32.073,lower,0.030000000000000027,0.027500000000000302
2026-08-16 18:17:19.981,32.083,lower,-0.12687499999999963,-0.16249999999999987
2026-08-16 18:17:19.991,32.093,lower,0.009375000000000355,-0.008749999999999591
2026-08-16 18:17:20.001,32.103,lower,-0.013124999999999387,-0.005625000000000213
2026-08-16 18:17:20.011,32.113,lower,-0.09874999999999967,-0.11624999999999996
2026-08-16 18:17:20.021,32.123,lower,0.026249999999999885,0.031250000000000444
2026-08-16 18:17:20.031,32.133,lower,-0.12062499999999976,-0.1331249999999995
2026-08-16 18:17:20.041,32.143,lower,0.003750000000000142,-0.00687499999999952
2026-08-16 18:17:20.051,32.153,lower,-0.033124999999999405,-0.014999999999999458
2026-08-16 18:17:20.061,32.163,lower,-0.07937500000000042,-0.11249999999999982
2026-08-16 18:17:20.071,32.173,lower,0.029375000000000373,0.030000000000000027
2026-08-16 18:17:20.081,32.183,lower,-0.11312499999999948,-0.1375000000000004
2026-08-16 18:17:20.091,32.193,lower,0.009375000000000355,-0.004374999999999796
2026-08-16 18:17:20.101,32.203,lower,-0.016249999999999876,-0.02187500000000009
2026-08-16 18:17:20.111,32.213,lower,-0.09750000000000036,-0.1431249999999995
2026-08-16 18:17:20.121,32.223,lower,0.031250000000000444,0.02687500000000065
2026-08-16 18:17:20.131,32.233,lower,-0.1200000000000001,-0.14375000000000027
2026-08-16 18:17:20.141,32.243,lower,0.0024999999999997247,-0.027500000000000302
2026-08-16 18:17:20.151,32.253,lower,-0.03437499999999982,-0.0318750000000001
2026-08-16 18:17:20.161,32.263,lower,-0.07437499999999986,-0.1387499999999997
2026-08-16 18:17:20.171,32.273,lower,0.03375000000000017,0.025000000000000577
2026-08-16 18:17:20.181,32.283,lower,-0.11874999999999969,-0.15750000000000042
2026-08-16 18:17:20.191,32.293,lower,0.008749999999999591,-0.022499999999999742
2026-08-16 18:17:20.201,32.303,lower,-0.02375000000000016,-0.040000000000000036
2026-08-16 18:17:20.211,32.313,lower,-0.09062499999999973,-0.12624999999999997
2026-08-16 18:17:20.221,32.323,lower,0.0318750000000001,0.030000000000000027
2026-08-16 18:17:20.231,32.333,lower,-0.12812500000000004,-0.15687499999999965
2026-08-16 18:17:20.241,32.343,lower,0.003750000000000142,-0.013124999999999387
2026-08-16 18:17:20.251,32.353,lower,-0.00687499999999952,-0.012499999999999734
2026-08-16 18:17:20.261,32.363,lower,-0.06687499999999957,-0.12124999999999941
2026-08-16 18:17:20.271,32.373,lower,0.02874999999999961,0.0318750000000001
2026-08-16 18:17:20.281,32.383,lower,-0.12124999999999941,-0.13375000000000026
2026-08-16 18:17:20.291,32.393,lower,0.015625000000000222,-0.010000000000000009
2026-08-16 18:17:20.301,32.403,lower,-0.026249999999999885,-0.015625000000000222
2026-08-16 18:17:20.311,32.413,lower,-0.08687499999999959,-0.10937499999999933
2026-08-16 18:17:20.321,32.423,lower,0.023125000000000506,0.028124999999999956
2026-08-16 18:17:20.331,32.433,lower,-0.13062499999999977,-0.13937499999999936
2026-08-16 18:17:20.341,32.443,lower,0.003750000000000142,-0.005625000000000213
2026-08-16 18:17:20.351,32.453,lower,-0.013750000000000151,-0.02187500000000009
2026-08-16 18:17:20.361,32.463,lower,-0.06562500000000027,-0.14375000000000027
2026-08-16 18:17:20.371,32.473,lower,0.02187500000000009,0.027500000000000302
2026-08-16 18:17:20.381,32.483,lower,-0.12124999999999941,-0.1475000000000004
2026-08-16 18:17:20.391,32.493,lower,0.011250000000000426,-0.024374999999999813
2026-08-16 18:17:20.401,32.503,lower,-0.033124999999999405,-0.030000000000000027
2026-08-16 18:17:20.411,32.513,lower,-0.09000000000000008,-0.13562500000000033
2026-08-16 18:17:20.421,32.523,lower,0.02187500000000009,0.02562500000000023
2026-08-16 18:17:20.431,32.533,lower,-0.13000000000000012,-0.15000000000000013
2026-08-16 18:17:20.441,32.543,lower,0.0006249999999996536,-0.019375000000000364
2026-08-16 18:17:20.451,32.553,lower,-0.018124999999999947,-0.04187500000000011
2026-08-16 18:17:20.461,32.563,lower,-0.06812499999999999,-0.13249999999999984
2026-08-16 18:17:20.471,32.573,lower,0.02375000000000016,0.031250000000000444
2026-08-16 18:17:20.481,32.583,lower,-0.1275000000000004,-0.15812500000000007
2026-08-16 18:17:20.491,32.593,lower,-0.010624999999999662,-0.01187500000000008
2026-08-16 18:17:20.501,32.603,lower,-0.04187500000000011,-0.009375000000000355
2026-08-16 18:17:20.511,32.613,lower,-0.08624999999999994,-0.12124999999999941
2026-08-16 18:17:20.521,32.623,lower,0.02562500000000023,0.031250000000000444
2026-08-16 18:17:20.531,32.633,lower,-0.13812500000000005,-0.16249999999999987
2026-08-16 18:17:20.541,32.643,lower,0.003750000000000142,-0.011249999999999316
2026-08-16 18:17:20.551,32.653,lower,-0.024374999999999813,-0.013750000000000151
2026-08-16 18:17:20.561,32.663,lower,-0.10499999999999954,-0.10812500000000003
2026-08-16 18:17:20.571,32.673,lower,0.02562500000000023,0.031250000000000444
2026-08-16 18:17:20.581,32.683,lower,-0.13499999999999956,-0.14375000000000027
2026-08-16 18:17:20.591,32.693,lower,-0.004374999999999796,-0.001875000000000071
2026-08-16 18:17:20.601,32.703,lower,-0.04562500000000025,-0.02375000000000016
2026-08-16 18:17:20.611,32.713,lower,-0.08000000000000007,-0.14249999999999985
2026-08-16 18:17:20.621,32.723,lower,0.0318750000000001,0.035000000000000586
2026-08-16 18:17:20.631,32.733,lower,-0.1200000000000001,-0.14437499999999992
2026-08-16 18:17:20.641,32.743,lower,0.012499999999999734,0.008124999999999938
2026-08-16 18:17:20.651,32.753,lower,-0.020000000000000018,-0.02375000000000016
2026-08-16 18:17:20.661,32.763,lower,-0.08750000000000036,-0.13062499999999977
2026-08-16 18:17:20.671,32.773,lower,0.03375000000000017,0.03687500000000066
2026-08-16 18:17:20.681,32.783,lower,-0.12312499999999948,-0.14437499999999992
2026-08-16 18:17:20.691,32.793,lower,0.010624999999999662,-0.01187500000000008
2026-08-16 18:17:20.701,32.803,lower,-0.03249999999999975,-0.029375000000000373
2026-08-16 18:17:20.711,32.813,lower,-0.06124999999999936,-0.1200000000000001
2026-08-16 18:17:20.721,32.823,lower,0.043125000000000524,0.03874999999999962
2026-08-16 18:17:20.731,32.833,lower,-0.10812500000000003,-0.14625
