timestamp,elapsed_s,segment,roots_V,grounded_roots_V
2026-08-16 07:36:09.092,0.001,lower,0.06562500000000027,0.4600000000000004
2026-08-16 07:36:09.106,0.015,lower,0.05125000000000046,0.4556250000000006
2026-08-16 07:36:09.116,0.026,lower,-0.09312499999999946,0.4025000000000001
2026-08-16 07:36:09.126,0.036,lower,0.06437499999999985,0.4568749999999999
2026-08-16 07:36:09.136,0.046,lower,-0.09750000000000036,0.4293749999999996
2026-08-16 07:36:09.146,0.056,lower,0.024374999999999813,0.4393749999999996
2026-08-16 07:36:09.156,0.066,lower,0.06500000000000061,0.4556250000000006
2026-08-16 07:36:09.166,0.076,lower,-0.10874999999999968,0.40874999999999995
2026-08-16 07:36:09.176,0.086,lower,0.0637500000000002,0.4568749999999999
2026-08-16 07:36:09.186,0.096,lower,-0.07499999999999951,0.4256250000000006
2026-08-16 07:36:09.196,0.106,lower,0.020000000000000018,0.43062500000000004
2026-08-16 07:36:09.206,0.116,lower,0.0506249999999997,0.45875
2026-08-16 07:36:09.216,0.126,lower,-0.08562500000000028,0.410625
2026-08-16 07:36:09.226,0.136,lower,0.0637500000000002,0.44875
2026-08-16 07:36:09.236,0.146,lower,-0.0637500000000002,0.42437500000000017
2026-08-16 07:36:09.246,0.156,lower,0.033125000000000515,0.4337500000000005
2026-08-16 07:36:09.256,0.166,lower,0.06249999999999978,0.45625000000000027
2026-08-16 07:36:09.266,0.176,lower,-0.09874999999999967,0.410625
2026-08-16 07:36:09.276,0.186,lower,0.06874999999999964,0.4543750000000002
2026-08-16 07:36:09.286,0.196,lower,-0.08499999999999952,0.420625
2026-08-16 07:36:09.296,0.206,lower,0.025000000000000577,0.4368749999999999
2026-08-16 07:36:09.306,0.216,lower,0.04375000000000018,0.4568749999999999
2026-08-16 07:36:09.316,0.226,lower,-0.08062499999999972,0.41312499999999974
2026-08-16 07:36:09.326,0.236,lower,0.06874999999999964,0.45937499999999964
2026-08-16 07:36:09.336,0.246,lower,-0.06062499999999971,0.4281250000000003
2026-08-16 07:36:09.346,0.256,lower,0.035000000000000586,0.44375000000000053
2026-08-16 07:36:09.356,0.266,lower,0.05812499999999998,0.4568749999999999
2026-08-16 07:36:09.366,0.276,lower,-0.09375000000000022,0.41124999999999967
2026-08-16 07:36:09.376,0.286,lower,0.07062499999999972,0.45625000000000027
2026-08-16 07:36:09.386,0.296,lower,-0.09187500000000015,0.42750000000000066
2026-08-16 07:36:09.396,0.306,lower,0.02375000000000016,0.44375000000000053
2026-08-16 07:36:09.406,0.316,lower,0.06000000000000005,0.45625000000000027
2026-08-16 07:36:09.416,0.326,lower,-0.07750000000000035,0.40750000000000064
2026-08-16 07:36:09.426,0.336,lower,0.07000000000000006,0.45875
2026-08-16 07:36:09.436,0.346,lower,-0.06812499999999999,0.42750000000000066
2026-08-16 07:36:09.446,0.356,lower,0.040000000000000036,0.4343750000000002
2026-08-16 07:36:09.456,0.366,lower,0.056875000000000675,0.45812500000000034
2026-08-16 07:36:09.466,0.376,lower,-0.09000000000000008,0.40750000000000064
2026-08-16 07:36:09.476,0.386,lower,0.06312500000000054,0.4600000000000004
2026-08-16 07:36:09.486,0.396,lower,-0.08874999999999966,0.4225000000000001
2026-08-16 07:36:09.496,0.406,lower,0.033125000000000515,0.43750000000000067
2026-08-16 07:36:09.506,0.416,lower,0.06562500000000027,0.45499999999999985
2026-08-16 07:36:09.516,0.426,lower,-0.06562500000000027,0.41187500000000044
2026-08-16 07:36:09.526,0.436,lower,0.07000000000000006,0.45625000000000027
2026-08-16 07:36:09.536,0.446,lower,-0.07499999999999951,0.420625
2026-08-16 07:36:09.546,0.456,lower,0.018124999999999947,0.4393749999999996
2026-08-16 07:36:09.556,0.466,lower,0.05125000000000046,0.45937499999999964
2026-08-16 07:36:09.566,0.476,lower,-0.08812500000000001,0.4125000000000001
2026-08-16 07:36:09.576,0.486,lower,0.0637500000000002,0.45625000000000027
2026-08-16 07:36:09.586,0.496,lower,-0.1012499999999994,0.43187500000000045
2026-08-16 07:36:09.596,0.506,lower,0.033125000000000515,0.44312499999999977
2026-08-16 07:36:09.606,0.516,lower,0.06562500000000027,0.4556250000000006
2026-08-16 07:36:09.616,0.526,lower,-0.061875000000000124,0.41437500000000016
2026-08-16 07:36:09.626,0.536,lower,0.07187500000000013,0.4575000000000007
2026-08-16 07:36:09.636,0.546,lower,-0.08124999999999938,0.4256250000000006
2026-08-16 07:36:09.646,0.556,lower,0.02375000000000016,0.44375000000000053
2026-08-16 07:36:09.656,0.566,lower,0.043125000000000524,0.4568749999999999
2026-08-16 07:36:09.666,0.576,lower,-0.08124999999999938,0.4093749999999996
2026-08-16 07:36:09.676,0.586,lower,0.06937500000000041,0.4600000000000004
2026-08-16 07:36:09.686,0.596,lower,-0.10687499999999961,0.4225000000000001
2026-08-16 07:36:09.696,0.606,lower,0.03562500000000024,0.4300000000000004
2026-08-16 07:36:09.706,0.616,lower,0.06249999999999978,0.4543750000000002
2026-08-16 07:36:09.716,0.626,lower,-0.09624999999999995,0.4093749999999996
2026-08-16 07:36:09.726,0.636,lower,0.06874999999999964,0.4600000000000004
2026-08-16 07:36:09.736,0.646,lower,-0.08937500000000043,0.42312499999999975
2026-08-16 07:36:09.746,0.656,lower,0.02687500000000065,0.43750000000000067
2026-08-16 07:36:09.756,0.666,lower,0.03687500000000066,0.4568749999999999
2026-08-16 07:36:09.766,0.676,lower,-0.0737500000000002,0.4125000000000001
2026-08-16 07:36:09.776,0.686,lower,0.07000000000000006,0.45625000000000027
2026-08-16 07:36:09.786,0.696,lower,-0.10687499999999961,0.4193749999999996
2026-08-16 07:36:09.796,0.706,lower,0.04125000000000045,0.43875
2026-08-16 07:36:09.806,0.716,lower,0.05750000000000033,0.45625000000000027
2026-08-16 07:36:09.816,0.726,lower,-0.09187500000000015,0.41437500000000016
2026-08-16 07:36:09.826,0.736,lower,0.07500000000000062,0.45625000000000027
2026-08-16 07:36:09.836,0.746,lower,-0.0956250000000003,0.41750000000000065
2026-08-16 07:36:09.846,0.756,lower,0.026249999999999885,0.44312499999999977
2026-08-16 07:36:09.856,0.766,lower,0.02687500000000065,0.45625000000000027
2026-08-16 07:36:09.866,0.776,lower,-0.06937500000000041,0.4125000000000001
2026-08-16 07:36:09.876,0.786,lower,0.06687500000000068,0.45812500000000034
2026-08-16 07:36:09.886,0.796,lower,-0.07937500000000042,0.4237500000000005
2026-08-16 07:36:09.896,0.806,lower,0.04125000000000045,0.4425000000000001
2026-08-16 07:36:09.906,0.816,lower,0.05312500000000053,0.4525000000000001
2026-08-16 07:36:09.916,0.826,lower,-0.08624999999999994,0.4068749999999999
2026-08-16 07:36:09.926,0.836,lower,0.07500000000000062,0.45812500000000034
2026-08-16 07:36:09.936,0.846,lower,-0.09624999999999995,0.4225000000000001
2026-08-16 07:36:09.946,0.856,lower,0.03375000000000017,0.44499999999999984
2026-08-16 07:36:09.956,0.866,lower,0.061875000000000124,0.45625000000000027
2026-08-16 07:36:09.966,0.876,lower,-0.061875000000000124,0.40874999999999995
2026-08-16 07:36:09.976,0.886,lower,0.07125000000000048,0.4600000000000004
2026-08-16 07:36:09.986,0.896,lower,-0.07937500000000042,0.4181250000000003
2026-08-16 07:36:09.996,0.906,lower,0.043125000000000524,0.43750000000000067
2026-08-16 07:36:10.006,0.916,lower,0.04812499999999997,0.4543750000000002
2026-08-16 07:36:10.016,0.926,lower,-0.078125,0.40874999999999995
2026-08-16 07:36:10.026,0.936,lower,0.07062499999999972,0.4543750000000002
2026-08-16 07:36:10.036,0.946,lower,-0.1056250000000003,0.4193749999999996
2026-08-16 07:36:10.046,0.956,lower,0.038124999999999964,0.44062500000000004
2026-08-16 07:36:10.056,0.966,lower,0.06312500000000054,0.45375000000000054
2026-08-16 07:36:10.066,0.976,lower,-0.056874999999999565,0.4137500000000005
2026-08-16 07:36:10.076,0.986,lower,0.07500000000000062,0.45812500000000034
2026-08-16 07:36:10.086,0.996,lower,-0.08312499999999945,0.41750000000000065
2026-08-16 07:36:10.096,1.006,lower,0.04750000000000032,0.4443750000000002
2026-08-16 07:36:10.106,1.016,lower,0.03874999999999962,0.4575000000000007
2026-08-16 07:36:10.116,1.026,lower,-0.07499999999999951,0.4137500000000005
2026-08-16 07:36:10.126,1.036,lower,0.06562500000000027,0.45937499999999964
2026-08-16 07:36:10.136,1.046,lower,-0.10812500000000003,0.4200000000000004
2026-08-16 07:36:10.146,1.056,lower,0.03750000000000031,0.4425000000000001
2026-08-16 07:36:10.156,1.066,lower,0.058749999999999636,0.4512499999999997
2026-08-16 07:36:10.166,1.076,lower,-0.053750000000000187,0.4156250000000006
2026-08-16 07:36:10.176,1.086,lower,0.07187500000000013,0.46062500000000006
2026-08-16 07:36:10.186,1.096,lower,-0.09874999999999967,0.4181250000000003
2026-08-16 07:36:10.196,1.106,lower,0.027500000000000302,0.44375000000000053
2026-08-16 07:36:10.206,1.116,lower,0.029375000000000373,0.4531249999999998
2026-08-16 07:36:10.216,1.126,lower,-0.07000000000000006,0.40750000000000064
2026-08-16 07:36:10.226,1.136,lower,0.07125000000000048,0.4568749999999999
2026-08-16 07:36:10.236,1.146,lower,-0.10874999999999968,0.4193749999999996
2026-08-16 07:36:10.246,1.156,lower,0.03937500000000038,0.43499999999999983
2026-08-16 07:36:10.256,1.166,lower,0.053750000000000187,0.4512499999999997
2026-08-16 07:36:10.266,1.176,lower,-0.04062499999999969,0.41187500000000044
2026-08-16 07:36:10.276,1.186,lower,0.07125000000000048,0.4575000000000007
2026-08-16 07:36:10.286,1.196,lower,-0.09874999999999967,0.4168749999999999
2026-08-16 07:36:10.296,1.206,lower,0.03437499999999982,0.4425000000000001
2026-08-16 07:36:10.306,1.216,lower,0.022499999999999742,0.4500000000000004
2026-08-16 07:36:10.316,1.226,lower,-0.06437499999999985,0.4137500000000005
2026-08-16 07:36:10.326,1.236,lower,0.0737500000000002,0.4543750000000002
2026-08-16 07:36:10.336,1.246,lower,-0.1100000000000001,0.41437500000000016
2026-08-16 07:36:10.346,1.256,lower,0.04375000000000018,0.44375000000000053
2026-08-16 07:36:10.356,1.266,lower,0.04937500000000039,0.4568749999999999
2026-08-16 07:36:10.366,1.276,lower,-0.0824999999999998,0.4149999999999998
2026-08-16 07:36:10.376,1.286,lower,0.07187500000000013,0.45499999999999985
2026-08-16 07:36:10.386,1.296,lower,-0.10312499999999947,0.4193749999999996
2026-08-16 07:36:10.396,1.306,lower,0.03562500000000024,0.44375000000000053
2026-08-16 07:36:10.406,1.316,lower,0.015000000000000568,0.45187500000000047
2026-08-16 07:36:10.416,1.326,lower,-0.05750000000000033,0.4156250000000006
2026-08-16 07:36:10.426,1.336,lower,0.06874999999999964,0.4612499999999997
2026-08-16 07:36:10.436,1.346,lower,-0.08874999999999966,0.42187500000000044
2026-08-16 07:36:10.446,1.356,lower,0.04750000000000032,0.44625000000000026
2026-08-16 07:36:10.456,1.366,lower,0.038124999999999964,0.45499999999999985
2026-08-16 07:36:10.466,1.376,lower,-0.07750000000000035,0.4093749999999996
2026-08-16 07:36:10.476,1.386,lower,0.07000000000000006,0.45812500000000034
2026-08-16 07:36:10.486,1.396,lower,-0.10687499999999961,0.4200000000000004
2026-08-16 07:36:10.496,1.406,lower,0.03874999999999962,0.4356250000000006
2026-08-16 07:36:10.506,1.416,lower,0.009375000000000355,0.45375000000000054
2026-08-16 07:36:10.516,1.426,lower,-0.04874999999999963,0.410625
2026-08-16 07:36:10.526,1.436,lower,0.07249999999999979,0.45937499999999964
2026-08-16 07:36:10.536,1.446,lower,-0.09437499999999988,0.41437500000000016
2026-08-16 07:36:10.546,1.456,lower,0.043125000000000524,0.4368749999999999
2026-08-16 07:36:10.556,1.466,lower,0.02874999999999961,0.44937499999999964
2026-08-16 07:36:10.566,1.476,lower,-0.06874999999999964,0.41312499999999974
2026-08-16 07:36:10.576,1.486,lower,0.07125000000000048,0.4575000000000007
2026-08-16 07:36:10.586,1.496,lower,-0.10937499999999933,0.41312499999999974
2026-08-16 07:36:10.596,1.506,lower,0.04062499999999969,0.44625000000000026
2026-08-16 07:36:10.606,1.516,lower,0.04937500000000039,0.45375000000000054
2026-08-16 07:36:10.616,1.526,lower,-0.04249999999999976,0.41437500000000016
2026-08-16 07:36:10.626,1.536,lower,0.07125000000000048,0.4531249999999998
2026-08-16 07:36:10.636,1.546,lower,-0.0968749999999996,0.41437500000000016
2026-08-16 07:36:10.646,1.556,lower,0.046875000000000666,0.44187500000000046
2026-08-16 07:36:10.656,1.566,lower,0.025000000000000577,0.4531249999999998
2026-08-16 07:36:10.666,1.576,lower,-0.061875000000000124,0.4125000000000001
2026-08-16 07:36:10.676,1.586,lower,0.07000000000000006,0.45937499999999964
2026-08-16 07:36:10.686,1.596,lower,-0.11249999999999982,0.4193749999999996
2026-08-16 07:36:10.696,1.606,lower,0.04562500000000025,0.44812500000000033
2026-08-16 07:36:10.706,1.616,lower,0.04750000000000032,0.4531249999999998
2026-08-16 07:36:10.716,1.626,lower,-0.03437499999999982,0.40874999999999995
2026-08-16 07:36:10.726,1.636,lower,0.07500000000000062,0.4631249999999998
2026-08-16 07:36:10.736,1.646,lower,-0.10312499999999947,0.41625000000000023
2026-08-16 07:36:10.746,1.656,lower,0.05249999999999977,0.44937499999999964
2026-08-16 07:36:10.756,1.666,lower,0.016249999999999876,0.45062500000000005
2026-08-16 07:36:10.766,1.676,lower,-0.054999999999999494,0.41000000000000036
2026-08-16 07:36:10.776,1.686,lower,0.07000000000000006,0.45937499999999964
2026-08-16 07:36:10.786,1.696,lower,-0.11499999999999955,0.4149999999999998
2026-08-16 07:36:10.796,1.706,lower,0.0462499999999999,0.4400000000000004
2026-08-16 07:36:10.806,1.716,lower,0.04437499999999983,0.4475000000000007
2026-08-16 07:36:10.816,1.726,lower,-0.02874999999999961,0.41312499999999974
2026-08-16 07:36:10.826,1.736,lower,0.07312500000000055,0.46062500000000006
2026-08-16 07:36:10.836,1.746,lower,-0.10375000000000023,0.4137500000000005
2026-08-16 07:36:10.846,1.756,lower,0.035000000000000586,0.4456250000000006
2026-08-16 07:36:10.856,1.766,lower,0.004374999999999796,0.4512499999999997
2026-08-16 07:36:10.866,1.776,lower,-0.05249999999999977,0.41437500000000016
2026-08-16 07:36:10.876,1.786,lower,0.07249999999999979,0.45499999999999985
2026-08-16 07:36:10.886,1.796,lower,-0.11812500000000004,0.41000000000000036
2026-08-16 07:36:10.896,1.806,lower,0.04750000000000032,0.44062500000000004
2026-08-16 07:36:10.906,1.816,lower,0.03249999999999975,0.45062500000000005
2026-08-16 07:36:10.916,1.826,lower,-0.021249999999999325,0.41437500000000016
2026-08-16 07:36:10.926,1.836,lower,0.07312500000000055,0.46062500000000006
2026-08-16 07:36:10.936,1.846,lower,-0.10874999999999968,0.4168749999999999
2026-08-16 07:36:10.946,1.856,lower,0.04249999999999976,0.44812500000000033
2026-08-16 07:36:10.956,1.866,lower,0.001875000000000071,0.4543750000000002
2026-08-16 07:36:10.966,1.876,lower,-0.04375000000000018,0.4200000000000004
2026-08-16 07:36:10.976,1.886,lower,0.07437499999999986,0.46250000000000013
2026-08-16 07:36:10.986,1.896,lower,-0.11312499999999948,0.4181250000000003
2026-08-16 07:36:10.996,1.906,lower,0.04937500000000039,0.4512499999999997
2026-08-16 07:36:11.006,1.916,lower,0.023125000000000506,0.4525000000000001
2026-08-16 07:36:11.016,1.926,lower,-0.06624999999999992,0.41187500000000044
2026-08-16 07:36:11.026,1.936,lower,0.07312500000000055,0.4618750000000005
2026-08-16 07:36:11.036,1.946,lower,-0.11187500000000017,0.41312499999999974
2026-08-16 07:36:11.046,1.956,lower,0.043125000000000524,0.4412499999999997
2026-08-16 07:36:11.056,1.966,lower,-0.003750000000000142,0.4475000000000007
2026-08-16 07:36:11.066,1.976,lower,-0.03874999999999962,0.4149999999999998
2026-08-16 07:36:11.076,1.986,lower,0.07187500000000013,0.45812500000000034
2026-08-16 07:36:11.086,1.996,lower,-0.10062499999999974,0.41437500000000016
2026-08-16 07:36:11.096,2.006,lower,0.05249999999999977,0.44499999999999984
2026-08-16 07:36:11.106,2.016,lower,0.015625000000000222,0.4468749999999999
2026-08-16 07:36:11.116,2.026,lower,-0.06000000000000005,0.41625000000000023
2026-08-16 07:36:11.126,2.036,lower,0.07249999999999979,0.45499999999999985
2026-08-16 07:36:11.136,2.046,lower,-0.11874999999999969,0.41124999999999967
2026-08-16 07:36:11.146,2.056,lower,0.045000000000000595,0.44312499999999977
2026-08-16 07:36:11.156,2.066,lower,-0.012499999999999734,0.45375000000000054
2026-08-16 07:36:11.166,2.076,lower,-0.02874999999999961,0.4168749999999999
2026-08-16 07:36:11.176,2.086,lower,0.0737500000000002,0.45875
2026-08-16 07:36:11.186,2.096,lower,-0.10750000000000037,0.41312499999999974
2026-08-16 07:36:11.196,2.106,lower,0.0506249999999997,0.4425000000000001
2026-08-16 07:36:11.206,2.116,lower,0.006875000000000631,0.4512499999999997
2026-08-16 07:36:11.216,2.126,lower,-0.05312499999999942,0.4181250000000003
2026-08-16 07:36:11.226,2.136,lower,0.07000000000000006,0.4575000000000007
2026-08-16 07:36:11.236,2.146,lower,-0.11750000000000038,0.41187500000000044
2026-08-16 07:36:11.246,2.156,lower,0.043125000000000524,0.44937499999999964
2026-08-16 07:36:11.256,2.166,lower,0.02687500000000065,0.44937499999999964
2026-08-16 07:36:11.266,2.176,lower,-0.020000000000000018,0.4125000000000001
2026-08-16 07:36:11.276,2.186,lower,0.07312500000000055,0.45937499999999964
2026-08-16 07:36:11.286,2.196,lower,-0.11062499999999975,0.41187500000000044
2026-08-16 07:36:11.296,2.206,lower,0.05812499999999998,0.4425000000000001
2026-08-16 07:36:11.306,2.216,lower,-0.0006249999999996536,0.4475000000000007
2026-08-16 07:36:11.316,2.226,lower,-0.04874999999999963,0.41625000000000023
2026-08-16 07:36:11.326,2.236,lower,0.07125000000000048,0.45937499999999964
2026-08-16 07:36:11.336,2.246,lower,-0.11562500000000031,0.4156250000000006
2026-08-16 07:36:11.346,2.256,lower,0.04750000000000032,0.44375000000000053
2026-08-16 07:36:11.356,2.266,lower,0.02562500000000023,0.44312499999999977
2026-08-16 07:36:11.366,2.276,lower,-0.01687499999999953,0.41187500000000044
2026-08-16 07:36:11.376,2.286,lower,0.06812499999999999,0.45625000000000027
2026-08-16 07:36:11.386,2.296,lower,-0.11562500000000031,0.410625
2026-08-16 07:36:11.396,2.306,lower,0.05562500000000026,0.44499999999999984
2026-08-16 07:36:11.406,2.316,lower,-0.008749999999999591,0.4475000000000007
2026-08-16 07:36:11.416,2.326,lower,-0.038124999999999964,0.41874999999999996
2026-08-16 07:36:11.426,2.336,lower,0.07062499999999972,0.45937499999999964
2026-08-16 07:36:11.436,2.346,lower,-0.11750000000000038,0.4093749999999996
2026-08-16 07:36:11.446,2.356,lower,0.04937500000000039,0.44937499999999964
2026-08-16 07:36:11.456,2.366,lower,0.018124999999999947,0.4475000000000007
2026-08-16 07:36:11.466,2.376,lower,-0.010000000000000009,0.42437500000000017
2026-08-16 07:36:11.476,2.386,lower,0.07312500000000055,0.46250000000000013
2026-08-16 07:36:11.486,2.396,lower,-0.11562500000000031,0.41625000000000023
2026-08-16 07:36:11.496,2.406,lower,0.04062499999999969,0.4512499999999997
2026-08-16 07:36:11.506,2.416,lower,-0.010000000000000009,0.44875
2026-08-16 07:36:11.516,2.426,lower,-0.0318750000000001,0.410625
2026-08-16 07:36:11.526,2.436,lower,0.06687500000000068,0.4612499999999997
2026-08-16 07:36:11.536,2.446,lower,-0.11312499999999948,0.4149999999999998
2026-08-16 07:36:11.546,2.456,lower,0.053750000000000187,0.44875
2026-08-16 07:36:11.556,2.466,lower,0.005625000000000213,0.44625000000000026
2026-08-16 07:36:11.566,2.476,lower,-0.056874999999999565,0.41874999999999996
2026-08-16 07:36:11.576,2.486,lower,0.07187500000000013,0.4612499999999997
2026-08-16 07:36:11.586,2.496,lower,-0.11937499999999934,0.4149999999999998
2026-08-16 07:36:11.596,2.506,lower,0.04249999999999976,0.44625000000000026
2026-08-16 07:36:11.606,2.516,lower,-0.02187500000000009,0.4412499999999997
2026-08-16 07:36:11.616,2.526,lower,-0.026249999999999885,0.41874999999999996
2026-08-16 07:36:11.626,2.536,lower,0.07000000000000006,0.45625000000000027
2026-08-16 07:36:11.636,2.546,lower,-0.11375000000000024,0.40874999999999995
2026-08-16 07:36:11.646,2.556,lower,0.05437499999999984,0.4468749999999999
2026-08-16 07:36:11.656,2.566,lower,0.0,0.44812500000000033
2026-08-16 07:36:11.666,2.576,lower,-0.05124999999999935,0.4212499999999997
2026-08-16 07:36:11.676,2.586,lower,0.06937500000000041,0.45875
2026-08-16 07:36:11.686,2.596,lower,-0.11687499999999962,0.41124999999999967
2026-08-16 07:36:11.696,2.606,lower,0.0462499999999999,0.44875
2026-08-16 07:36:11.706,2.616,lower,-0.02874999999999961,0.4500000000000004
2026-08-16 07:36:11.716,2.626,lower,-0.01687499999999953,0.42312499999999975
2026-08-16 07:36:11.726,2.636,lower,0.07187500000000013,0.4618750000000005
2026-08-16 07:36:11.736,2.646,lower,-0.11562500000000031,0.41437500000000016
2026-08-16 07:36:11.746,2.656,lower,0.05562500000000026,0.4525000000000001
2026-08-16 07:36:11.756,2.666,lower,-0.0031249999999993783,0.44812500000000033
2026-08-16 07:36:11.766,2.676,lower,-0.043124999999999414,0.42625000000000024
2026-08-16 07:36:11.776,2.686,lower,0.06937500000000041,0.4575000000000007
2026-08-16 07:36:11.786,2.696,lower,-0.11499999999999955,0.41000000000000036
2026-08-16 07:36:11.796,2.706,lower,0.04937500000000039,0.4525000000000001
2026-08-16 07:36:11.806,2.716,lower,-0.033124999999999405,0.44499999999999984
2026-08-16 07:36:11.816,2.726,lower,-0.01187500000000008,0.41874999999999996
2026-08-16 07:36:11.826,2.736,lower,0.06937500000000041,0.46250000000000013
2026-08-16 07:36:11.836,2.746,lower,-0.11624999999999996,0.41312499999999974
2026-08-16 07:36:11.846,2.756,lower,0.056875000000000675,0.44625000000000026
2026-08-16 07:36:11.856,2.766,lower,-0.013124999999999387,0.4443750000000002
2026-08-16 07:36:11.866,2.776,lower,-0.03375000000000017,0.4168749999999999
2026-08-16 07:36:11.876,2.786,lower,0.06874999999999964,0.4575000000000007
2026-08-16 07:36:11.886,2.796,lower,-0.11937499999999934,0.410625
2026-08-16 07:36:11.896,2.806,lower,0.05125000000000046,0.4468749999999999
2026-08-16 07:36:11.906,2.816,lower,0.004374999999999796,0.4393749999999996
2026-08-16 07:36:11.916,2.826,lower,-0.008749999999999591,0.4225000000000001
2026-08-16 07:36:11.926,2.836,lower,0.07000000000000006,0.4600000000000004
2026-08-16 07:36:11.936,2.846,lower,-0.11937499999999934,0.4125000000000001
2026-08-16 07:36:11.946,2.856,lower,0.056875000000000675,0.4500000000000004
2026-08-16 07:36:11.956,2.866,lower,-0.02187500000000009,0.44875
2026-08-16 07:36:11.966,2.876,lower,-0.023124999999999396,0.4281250000000003
2026-08-16 07:36:11.976,2.886,lower,0.06937500000000041,0.4612499999999997
2026-08-16 07:36:11.986,2.896,lower,-0.11499999999999955,0.4125000000000001
2026-08-16 07:36:11.996,2.906,lower,0.051875000000000115,0.4531249999999998
2026-08-16 07:36:12.006,2.916,lower,0.003750000000000142,0.4475000000000007
2026-08-16 07:36:12.016,2.926,lower,0.0012500000000004174,0.4293749999999996
2026-08-16 07:36:12.026,2.936,lower,0.07000000000000006,0.4600000000000004
2026-08-16 07:36:12.036,2.946,lower,-0.11687499999999962,0.41124999999999967
2026-08-16 07:36:12.046,2.956,lower,0.058749999999999636,0.45375000000000054
2026-08-16 07:36:12.056,2.966,lower,-0.026249999999999885,0.4468749999999999
2026-08-16 07:36:12.066,2.976,lower,-0.017500000000000293,0.4212499999999997
2026-08-16 07:36:12.076,2.986,lower,0.07000000000000006,0.46375000000000055
2026-08-16 07:36:12.086,2.996,lower,-0.11249999999999982,0.41187500000000044
2026-08-16 07:36:12.096,3.006,lower,0.05437499999999984,0.4456250000000006
2026-08-16 07:36:12.106,3.016,lower,-0.009375000000000355,0.44312499999999977
2026-08-16 07:36:12.116,3.026,lower,0.004374999999999796,0.41750000000000065
2026-08-16 07:36:12.126,3.036,lower,0.06624999999999992,0.4575000000000007
2026-08-16 07:36:12.136,3.046,lower,-0.1200000000000001,0.4081250000000003
2026-08-16 07:36:12.146,3.056,lower,0.043125000000000524,0.44499999999999984
2026-08-16 07:36:12.156,3.066,lower,-0.034999999999999476,0.43750000000000067
2026-08-16 07:36:12.166,3.076,lower,-0.012499999999999734,0.42187500000000044
2026-08-16 07:36:12.176,3.086,lower,0.07312500000000055,0.4600000000000004
2026-08-16 07:36:12.186,3.096,lower,-0.11750000000000038,0.40750000000000064
2026-08-16 07:36:12.196,3.106,lower,0.05249999999999977,0.45062500000000005
2026-08-16 07:36:12.206,3.116,lower,-0.01187500000000008,0.4475000000000007
2026-08-16 07:36:12.216,3.126,lower,-0.03624999999999989,0.4268749999999999
2026-08-16 07:36:12.226,3.136,lower,0.06937500000000041,0.45875
2026-08-16 07:36:12.236,3.146,lower,-0.11937499999999934,0.40750000000000064
2026-08-16 07:36:12.246,3.156,lower,0.0506249999999997,0.4525000000000001
2026-08-16 07:36:12.256,3.166,lower,-0.04249999999999976,0.4425000000000001
2026-08-16 07:36:12.266,3.176,lower,-0.005625000000000213,0.43187500000000045
2026-08-16 07:36:12.276,3.186,lower,0.07312500000000055,0.45812500000000034
2026-08-16 07:36:12.286,3.196,lower,-0.10687499999999961,0.4137500000000005
2026-08-16 07:36:12.296,3.206,lower,0.056875000000000675,0.45625000000000027
2026-08-16 07:36:12.306,3.216,lower,-0.016249999999999876,0.44187500000000046
2026-08-16 07:36:12.316,3.226,lower,-0.028124999999999956,0.4200000000000004
2026-08-16 07:36:12.326,3.236,lower,0.06687500000000068,0.4600000000000004
2026-08-16 07:36:12.336,3.246,lower,-0.11499999999999955,0.41000000000000036
2026-08-16 07:36:12.346,3.256,lower,0.055000000000000604,0.4531249999999998
2026-08-16 07:36:12.356,3.266,lower,-0.0506249999999997,0.4381250000000003
2026-08-16 07:36:12.366,3.276,lower,-0.0012500000000004174,0.4193749999999996
2026-08-16 07:36:12.376,3.286,lower,0.07000000000000006,0.4575000000000007
2026-08-16 07:36:12.386,3.296,lower,-0.12124999999999941,0.40750000000000064
2026-08-16 07:36:12.396,3.306,lower,0.06000000000000005,0.4468749999999999
2026-08-16 07:36:12.406,3.316,lower,-0.02562500000000023,0.43750000000000067
2026-08-16 07:36:12.416,3.326,lower,-0.020000000000000018,0.420625
2026-08-16 07:36:12.426,3.336,lower,0.06750000000000034,0.45937499999999964
2026-08-16 07:36:12.436,3.346,lower,-0.11312499999999948,0.41000000000000036
2026-08-16 07:36:12.446,3.356,lower,0.06062499999999971,0.45062500000000005
2026-08-16 07:36:12.456,3.366,lower,-0.004999999999999449,0.43625000000000025
2026-08-16 07:36:12.466,3.376,lower,0.003750000000000142,0.4281250000000003
2026-08-16 07:36:12.476,3.386,lower,0.06937500000000041,0.4600000000000004
2026-08-16 07:36:12.486,3.396,lower,-0.11624999999999996,0.41187500000000044
2026-08-16 07:36:12.496,3.406,lower,0.06312500000000054,0.4525000000000001
2026-08-16 07:36:12.506,3.416,lower,-0.030000000000000027,0.44499999999999984
2026-08-16 07:36:12.516,3.426,lower,-0.008124999999999938,0.43062500000000004
2026-08-16 07:36:12.526,3.436,lower,0.07000000000000006,0.46062500000000006
2026-08-16 07:36:12.536,3.446,lower,-0.1100000000000001,0.41124999999999967
2026-08-16 07:36:12.546,3.456,lower,0.058749999999999636,0.4568749999999999
2026-08-16 07:36:12.556,3.466,lower,-0.011249999999999316,0.44312499999999977
2026-08-16 07:36:12.566,3.476,lower,0.008124999999999938,0.4337500000000005
2026-08-16 07:36:12.576,3.486,lower,0.07249999999999979,0.46062500000000006
2026-08-16 07:36:12.586,3.496,lower,-0.11562500000000031,0.410625
2026-08-16 07:36:12.596,3.506,lower,0.0637500000000002,0.4575000000000007
2026-08-16 07:36:12.606,3.516,lower,-0.04375000000000018,0.43750000000000067
2026-08-16 07:36:12.616,3.526,lower,-0.005625000000000213,0.420625
2026-08-16 07:36:12.626,3.536,lower,0.06874999999999964,0.4600000000000004
2026-08-16 07:36:12.636,3.546,lower,-0.11187500000000017,0.4068749999999999
2026-08-16 07:36:12.646,3.556,lower,0.056875000000000675,0.4475000000000007
2026-08-16 07:36:12.656,3.566,lower,-0.0187499999999996,0.4343750000000002
2026-08-16 07:36:12.666,3.576,lower,0.014374999999999805,0.4249999999999998
2026-08-16 07:36:12.676,3.586,lower,0.07000000000000006,0.45812500000000034
2026-08-16 07:36:12.686,3.596,lower,-0.11499999999999955,0.4093749999999996
2026-08-16 07:36:12.696,3.606,lower,0.051875000000000115,0.4525000000000001
2026-08-16 07:36:12.706,3.616,lower,-0.04874999999999963,0.4368749999999999
2026-08-16 07:36:12.716,3.626,lower,0.0,0.43312499999999976
2026-08-16 07:36:12.726,3.636,lower,0.07125000000000048,0.45937499999999964
2026-08-16 07:36:12.736,3.646,lower,-0.1056250000000003,0.4081250000000003
2026-08-16 07:36:12.746,3.656,lower,0.06125000000000047,0.44937499999999964
2026-08-16 07:36:12.756,3.666,lower,-0.023124999999999396,0.44312499999999977
2026-08-16 07:36:12.766,3.676,lower,0.016249999999999876,0.43187500000000045
2026-08-16 07:36:12.776,3.686,lower,0.06750000000000034,0.46062500000000006
2026-08-16 07:36:12.786,3.696,lower,-0.1143749999999999,0.41124999999999967
2026-08-16 07:36:12.796,3.706,lower,0.055000000000000604,0.4568749999999999
2026-08-16 07:36:12.806,3.716,lower,-0.056874999999999565,0.4400000000000004
2026-08-16 07:36:12.816,3.726,lower,0.004374999999999796,0.43625000000000025
2026-08-16 07:36:12.826,3.736,lower,0.0737500000000002,0.46062500000000006
2026-08-16 07:36:12.836,3.746,lower,-0.10375000000000023,0.4068749999999999
2026-08-16 07:36:12.846,3.756,lower,0.06125000000000047,0.45812500000000034
2026-08-16 07:36:12.856,3.766,lower,-0.0318750000000001,0.4400000000000004
2026-08-16 07:36:12.866,3.776,lower,-0.014999999999999458,0.4212499999999997
2026-08-16 07:36:12.876,3.786,lower,0.06249999999999978,0.45812500000000034
2026-08-16 07:36:12.886,3.796,lower,-0.11375000000000024,0.4093749999999996
2026-08-16 07:36:12.896,3.806,lower,0.05624999999999991,0.44875
2026-08-16 07:36:12.906,3.816,lower,-0.06312499999999943,0.43499999999999983
2026-08-16 07:36:12.916,3.826,lower,0.006875000000000631,0.4281250000000003
2026-08-16 07:36:12.926,3.836,lower,0.07125000000000048,0.4600000000000004
2026-08-16 07:36:12.936,3.846,lower,-0.09874999999999967,0.41000000000000036
2026-08-16 07:36:12.946,3.856,lower,0.061875000000000124,0.4525000000000001
2026-08-16 07:36:12.956,3.866,lower,-0.038124999999999964,0.43499999999999983
2026-08-16 07:36:12.966,3.876,lower,-0.007500000000000284,0.4312499999999997
2026-08-16 07:36:12.976,3.886,lower,0.06812499999999999,0.45875
2026-08-16 07:36:12.986,3.896,lower,-0.11249999999999982,0.41124999999999967
2026-08-16 07:36:12.996,3.906,lower,0.06062499999999971,0.45499999999999985
2026-08-16 07:36:13.006,3.916,lower,-0.06750000000000034,0.44312499999999977
2026-08-16 07:36:13.016,3.926,lower,0.014374999999999805,0.4325000000000001
2026-08-16 07:36:13.026,3.936,lower,0.06874999999999964,0.45937499999999964
2026-08-16 07:36:13.036,3.946,lower,-0.1143749999999999,0.40874999999999995
2026-08-16 07:36:13.046,3.956,lower,0.06312500000000054,0.45625000000000027
2026-08-16 07:36:13.056,3.966,lower,-0.044999999999999485,0.4412499999999997
2026-08-16 07:36:13.066,3.976,lower,-0.0006249999999996536,0.43625000000000025
2026-08-16 07:36:13.076,3.986,lower,0.06750000000000034,0.46250000000000013
2026-08-16 07:36:13.086,3.996,lower,-0.10624999999999996,0.41187500000000044
2026-08-16 07:36:13.096,4.006,lower,0.06062499999999971,0.4575000000000007
2026-08-16 07:36:13.106,4.016,lower,-0.029375000000000373,0.43875
2026-08-16 07:36:13.116,4.026,lower,0.018124999999999947,0.4200000000000004
2026-08-16 07:36:13.126,4.036,lower,0.06874999999999964,0.45875
2026-08-16 07:36:13.136,4.046,lower,-0.11562500000000031,0.4068749999999999
2026-08-16 07:36:13.146,4.056,lower,0.06624999999999992,0.4556250000000006
2026-08-16 07:36:13.156,4.066,lower,-0.05437499999999984,0.43499999999999983
2026-08-16 07:36:13.166,4.076,lower,0.004374999999999796,0.42750000000000066
2026-08-16 07:36:13.176,4.086,lower,0.07062499999999972,0.45812500000000034
2026-08-16 07:36:13.186,4.096,lower,-0.10687499999999961,0.4081250000000003
2026-08-16 07:36:13.196,4.106,lower,0.061875000000000124,0.4512499999999997
2026-08-16 07:36:13.206,4.116,lower,-0.030000000000000027,0.43062500000000004
2026-08-16 07:36:13.216,4.126,lower,0.018124999999999947,0.4325000000000001
2026-08-16 07:36:13.226,4.136,lower,0.06874999999999964,0.45625000000000027
2026-08-16 07:36:13.236,4.146,lower,-0.1112499999999994,0.40874999999999995
2026-08-16 07:36:13.246,4.156,lower,0.06750000000000034,0.45062500000000005
2026-08-16 07:36:13.256,4.166,lower,-0.06062499999999971,0.42874999999999996
2026-08-16 07:36:13.266,4.176,lower,0.011250000000000426,0.43062500000000004
2026-08-16 07:36:13.276,4.186,lower,0.06687500000000068,0.4556250000000006
2026-08-16 07:36:13.286,4.196,lower,-0.09812500000000002,0.40750000000000064
2026-08-16 07:36:13.296,4.206,lower,0.06437499999999985,0.45062500000000005
2026-08-16 07:36:13.306,4.216,lower,-0.03624999999999989,0.4368749999999999
2026-08-16 07:36:13.316,4.226,lower,0.026249999999999885,0.43625000000000025
2026-08-16 07:36:13.326,4.236,lower,0.07000000000000006,0.45937499999999964
2026-08-16 07:36:13.336,4.246,lower,-0.10687499999999961,0.4068749999999999
2026-08-16 07:36:13.346,4.256,lower,0.056875000000000675,0.4575000000000007
2026-08-16 07:36:13.356,4.266,lower,-0.06624999999999992,0.4356250000000006
2026-08-16 07:36:13.366,4.276,lower,0.009375000000000355,0.4368749999999999
2026-08-16 07:36:13.376,4.286,lower,0.06874999999999964,0.45812500000000034
2026-08-16 07:36:13.386,4.296,lower,-0.09750000000000036,0.40750000000000064
2026-08-16 07:36:13.396,4.306,lower,0.06624999999999992,0.4543750000000002
2026-08-16 07:36:13.406,4.316,lower,-0.046874999999999556,0.43499999999999983
2026-08-16 07:36:13.416,4.326,lower,0.023125000000000506,0.42750000000000066
2026-08-16 07:36:13.426,4.336,lower,0.06437499999999985,0.45875
2026-08-16 07:36:13.436,4.346,lower,-0.1056250000000003,0.41000000000000036
2026-08-16 07:36:13.446,4.356,lower,0.05750000000000033,0.45375000000000054
2026-08-16 07:36:13.456,4.366,lower,-0.078125,0.4300000000000004
2026-08-16 07:36:13.466,4.376,lower,0.015000000000000568,0.43187500000000045
2026-08-16 07:36:13.476,4.386,lower,0.07125000000000048,0.46062500000000006
2026-08-16 07:36:13.486,4.396,lower,-0.09437499999999988,0.41000000000000036
2026-08-16 07:36:13.496,4.406,lower,0.06687500000000068,0.45499999999999985
2026-08-16 07:36:13.506,4.416,lower,-0.0506249999999997,0.42874999999999996
2026-08-16 07:36:13.516,4.426,lower,0.0,0.4356250000000006
2026-08-16 07:36:13.526,4.436,lower,0.06687500000000068,0.45875
2026-08-16 07:36:13.536,4.446,lower,-0.10624999999999996,0.41187500000000044
2026-08-16 07:36:13.546,4.456,lower,0.0593750000000004,0.45499999999999985
2026-08-16 07:36:13.556,4.466,lower,-0.08062499999999972,0.4412499999999997
2026-08-16 07:36:13.566,4.476,lower,0.02062499999999967,0.4356250000000006
2026-08-16 07:36:13.576,4.486,lower,0.06874999999999964,0.46250000000000013
2026-08-16 07:36:13.586,4.496,lower,-0.11812500000000004,0.4081250000000003
2026-08-16 07:36:13.596,4.506,lower,0.06500000000000061,0.45875
2026-08-16 07:36:13.606,4.516,lower,-0.06249999999999978,0.4356250000000006
2026-08-16 07:36:13.616,4.526,lower,0.007500000000000284,0.4381250000000003
2026-08-16 07:36:13.626,4.536,lower,0.0593750000000004,0.45875
2026-08-16 07:36:13.636,4.546,lower,-0.10312499999999947,0.4081250000000003
2026-08-16 07:36:13.646,4.556,lower,0.061875000000000124,0.45499999999999985
2026-08-16 07:36:13.656,4.566,lower,-0.040000000000000036,0.43062500000000004
2026-08-16 07:36:13.666,4.576,lower,0.023125000000000506,0.4268749999999999
2026-08-16 07:36:13.676,4.586,lower,0.06687500000000068,0.45875
2026-08-16 07:36:13.686,4.596,lower,-0.11375000000000024,0.41124999999999967
2026-08-16 07:36:13.696,4.606,lower,0.06750000000000034,0.45375000000000054
2026-08-16 07:36:13.706,4.616,lower,-0.06624999999999992,0.4281250000000003
2026-08-16 07:36:13.716,4.626,lower,0.012499999999999734,0.43312499999999976
2026-08-16 07:36:13.726,4.636,lower,0.05624999999999991,0.45812500000000034
2026-08-16 07:36:13.736,4.646,lower,-0.09499999999999953,0.4125000000000001
2026-08-16 07:36:13.746,4.656,lower,0.0637500000000002,0.4543750000000002
2026-08-16 07:36:13.756,4.666,lower,-0.0462499999999999,0.4256250000000006
2026-08-16 07:36:13.766,4.676,lower,0.02562500000000023,0.4400000000000004
2026-08-16 07:36:13.776,4.686,lower,0.06500000000000061,0.4600000000000004
2026-08-16 07:36:13.786,4.696,lower,-0.10937499999999933,0.41312499999999974
2026-08-16 07:36:13.796,4.706,lower,0.06687500000000068,0.45499999999999985
2026-08-16 07:36:13.806,4.716,lower,-0.0737500000000002,0.43750000000000067
2026-08-16 07:36:13.816,4.726,lower,0.013125000000000497,0.4393749999999996
2026-08-16 07:36:13.826,4.736,lower,0.06624999999999992,0.46062500000000006
2026-08-16 07:36:13.836,4.746,lower,-0.0956250000000003,0.41124999999999967
2026-08-16 07:36:13.846,4.756,lower,0.06312500000000054,0.46062500000000006
2026-08-16 07:36:13.856,4.766,lower,-0.053750000000000187,0.4343750000000002
2026-08-16 07:36:13.866,4.776,lower,0.026249999999999885,0.44062500000000004
2026-08-16 07:36:13.876,4.786,lower,0.0637500000000002,0.45875
2026-08-16 07:36:13.886,4.796,lower,-0.10937499999999933,0.40874999999999995
2026-08-16 07:36:13.896,4.806,lower,0.06500000000000061,0.45625000000000027
2026-08-16 07:36:13.906,4.816,lower,-0.08499999999999952,0.43062500000000004
2026-08-16 07:36:13.916,4.826,lower,0.013750000000000151,0.42750000000000066
2026-08-16 07:36:13.926,4.836,lower,0.0637500000000002,0.4600000000000004
2026-08-16 07:36:13.936,4.846,lower,-0.09062499999999973,0.41000000000000036
2026-08-16 07:36:13.946,4.856,lower,0.06500000000000061,0.45937499999999964
2026-08-16 07:36:13.956,4.866,lower,-0.061875000000000124,0.43062500000000004
2026-08-16 07:36:13.966,4.876,lower,0.028124999999999956,0.43499999999999983
2026-08-16 07:36:13.976,4.886,lower,0.06125000000000047,0.45875
2026-08-16 07:36:13.986,4.896,lower,-0.10249999999999981,0.4093749999999996
2026-08-16 07:36:13.996,4.906,lower,0.06062499999999971,0.45499999999999985
2026-08-16 07:36:14.006,4.916,lower,-0.08750000000000036,0.42750000000000066
2026-08-16 07:36:14.016,4.926,lower,0.02062499999999967,0.43750000000000067
2026-08-16 07:36:14.026,4.936,lower,0.06562500000000027,0.4600000000000004
2026-08-16 07:36:14.036,4.946,lower,-0.08624999999999994,0.4137500000000005
2026-08-16 07:36:14.046,4.956,lower,0.07187500000000013,0.4556250000000006
2026-08-16 07:36:14.056,4.966,lower,-0.06687499999999957,0.4281250000000003
2026-08-16 07:36:14.066,4.976,lower,0.006875000000000631,0.4393749999999996
2026-08-16 07:36:14.076,4.986,lower,0.061875000000000124,0.4600000000000004
2026-08-16 07:36:14.086,4.996,lower,-0.09874999999999967,0.41312499999999974
2026-08-16 07:36:14.096,5.006,lower,0.06062499999999971,0.45812500000000034
2026-08-16 07:36:14.106,5.016,lower,-0.09812500000000002,0.43062500000000004
2026-08-16 07:36:14.116,5.026,lower,0.02375000000000016,0.4393749999999996
2026-08-16 07:36:14.126,5.036,lower,0.0637500000000002,0.45812500000000034
2026-08-16 07:36:14.136,5.046,lower,-0.08312499999999945,0.40750000000000064
2026-08-16 07:36:14.146,5.056,lower,0.06562500000000027,0.45812500000000034
2026-08-16 07:36:14.156,5.066,lower,-0.07750000000000035,0.42750000000000066
2026-08-16 07:36:14.166,5.076,lower,0.009375000000000355,0.44187500000000046
2026-08-16 07:36:14.176,5.086,lower,0.05437499999999984,0.45812500000000034
2026-08-16 07:36:14.186,5.096,lower,-0.09624999999999995,0.4068749999999999
2026-08-16 07:36:14.196,5.106,lower,0.061875000000000124,0.4618750000000005
2026-08-16 07:36:14.206,5.116,lower,-0.10062499999999974,0.42437500000000017
2026-08-16 07:36:14.216,5.126,lower,0.026249999999999885,0.4325000000000001
2026-08-16 07:36:14.226,5.136,lower,0.06000000000000005,0.45875
2026-08-16 07:36:14.236,5.146,lower,-0.1143749999999999,0.40750000000000064
2026-08-16 07:36:14.246,5.156,lower,0.06874999999999964,0.45499999999999985
2026-08-16 07:36:14.256,5.166,lower,-0.08000000000000007,0.4268749999999999
2026-08-16 07:36:14.266,5.176,lower,0.01687500000000064,0.4368749999999999
2026-08-16 07:36:14.276,5.186,lower,0.04874999999999963,0.4575000000000007
2026-08-16 07:36:14.286,5.196,lower,-0.09187500000000015,0.41437500000000016
2026-08-16 07:36:14.296,5.206,lower,0.06500000000000061,0.45812500000000034
2026-08-16 07:36:14.306,5.216,lower,-0.06000000000000005,0.4256250000000006
2026-08-16 07:36:14.316,5.226,lower,0.03437499999999982,0.4381250000000003
2026-08-16 07:36:14.326,5.236,lower,0.06062499999999971,0.4600000000000004
2026-08-16 07:36:14.336,5.246,lower,-0.10750000000000037,0.41625000000000023
2026-08-16 07:36:14.346,5.256,lower,0.07062499999999972,0.4568749999999999
2026-08-16 07:36:14.356,5.266,lower,-0.08499999999999952,0.43312499999999976
2026-08-16 07:36:14.366,5.276,lower,0.018124999999999947,0.44187500000000046
2026-08-16 07:36:14.376,5.286,lower,0.043125000000000524,0.4612499999999997
2026-08-16 07:36:14.386,5.296,lower,-0.09000000000000008,0.4093749999999996
2026-08-16 07:36:14.396,5.306,lower,0.06624999999999992,0.4618750000000005
2026-08-16 07:36:14.406,5.316,lower,-0.06750000000000034,0.4337500000000005
2026-08-16 07:36:14.416,5.326,lower,0.03750000000000031,0.4425000000000001
2026-08-16 07:36:14.426,5.336,lower,0.05812499999999998,0.46062500000000006
2026-08-16 07:36:14.436,5.346,lower,-0.09937499999999932,0.41187500000000044
2026-08-16 07:36:14.446,5.356,lower,0.07187500000000013,0.4631249999999998
2026-08-16 07:36:14.456,5.366,lower,-0.0956250000000003,0.4256250000000006
2026-08-16 07:36:14.466,5.376,lower,0.019375000000000364,0.4368749999999999
2026-08-16 07:36:14.476,5.386,lower,0.06437499999999985,0.4575000000000007
2026-08-16 07:36:14.486,5.396,lower,-0.08062499999999972,0.41187500000000044
2026-08-16 07:36:14.496,5.406,lower,0.06500000000000061,0.45499999999999985
2026-08-16 07:36:14.506,5.416,lower,-0.07437499999999986,0.42625000000000024
2026-08-16 07:36:14.516,5.426,lower,0.03624999999999989,0.4393749999999996
2026-08-16 07:36:14.526,5.436,lower,0.05750000000000033,0.4568749999999999
2026-08-16 07:36:14.536,5.446,lower,-0.0968749999999996,0.4149999999999998
2026-08-16 07:36:14.546,5.456,lower,0.07562500000000028,0.4600000000000004
2026-08-16 07:36:14.556,5.466,lower,-0.09624999999999995,0.42312499999999975
2026-08-16 07:36:14.566,5.476,lower,0.026249999999999885,0.44187500000000046
2026-08-16 07:36:14.576,5.486,lower,0.06312500000000054,0.4543750000000002
2026-08-16 07:36:14.586,5.496,lower,-0.07249999999999979,0.4137500000000005
2026-08-16 07:36:14.596,5.506,lower,0.07125000000000048,0.45875
2026-08-16 07:36:14.606,5.516,lower,-0.07750000000000035,0.4256250000000006
2026-08-16 07:36:14.616,5.526,lower,0.03937500000000038,0.44187500000000046
2026-08-16 07:36:14.626,5.536,lower,0.050000000000000044,0.45937499999999964
2026-08-16 07:36:14.636,5.546,lower,-0.09312499999999946,0.4137500000000005
2026-08-16 07:36:14.646,5.556,lower,0.06687500000000068,0.45625000000000027
2026-08-16 07:36:14.656,5.566,lower,-0.10312499999999947,0.42874999999999996
2026-08-16 07:36:14.666,5.576,lower,0.02874999999999961,0.44375000000000053
2026-08-16 07:36:14.676,5.586,lower,0.06437499999999985,0.45937499999999964
2026-08-16 07:36:14.686,5.596,lower,-0.06437499999999985,0.41187500000000044
2026-08-16 07:36:14.696,5.606,lower,0.07249999999999979,0.46250000000000013
2026-08-16 07:36:14.706,5.616,lower,-0.08687499999999959,0.4281250000000003
2026-08-16 07:36:14.716,5.626,lower,0.0187499999999996,0.4343750000000002
2026-08-16 07:36:14.726,5.636,lower,0.045000000000000595,0.45937499999999964
2026-08-16 07:36:14.736,5.646,lower,-0.08687499999999959,0.410625
2026-08-16 07:36:14.746,5.656,lower,0.07000000000000006,0.4612499999999997
2026-08-16 07:36:14.756,5.666,lower,-0.10624999999999996,0.4256250000000006
2026-08-16 07:36:14.766,5.676,lower,0.03249999999999975,0.44062500000000004
2026-08-16 07:36:14.776,5.686,lower,0.061875000000000124,0.45499999999999985
2026-08-16 07:36:14.786,5.696,lower,-0.058749999999999636,0.41000000000000036
2026-08-16 07:36:14.796,5.706,lower,0.07125000000000048,0.4575000000000007
2026-08-16 07:36:14.806,5.716,lower,-0.09187500000000015,0.42187500000000044
2026-08-16 07:36:14.816,5.726,lower,0.023125000000000506,0.44187500000000046
2026-08-16 07:36:14.826,5.736,lower,0.038124999999999964,0.46062500000000006
2026-08-16 07:36:14.836,5.746,lower,-0.08062499999999972,0.41625000000000023
2026-08-16 07:36:14.846,5.756,lower,0.06687500000000068,0.46062500000000006
2026-08-16 07:36:14.856,5.766,lower,-0.1100000000000001,0.4300000000000004
2026-08-16 07:36:14.866,5.776,lower,0.031250000000000444,0.44375000000000053
2026-08-16 07:36:14.876,5.786,lower,0.05750000000000033,0.4556250000000006
2026-08-16 07:36:14.886,5.796,lower,-0.0968749999999996,0.4125000000000001
2026-08-16 07:36:14.896,5.806,lower,0.06750000000000034,0.45499999999999985
2026-08-16 07:36:14.906,5.816,lower,-0.09624999999999995,0.4268749999999999
2026-08-16 07:36:14.916,5.826,lower,0.030000000000000027,0.4443750000000002
2026-08-16 07:36:14.926,5.836,lower,0.03062499999999968,0.4575000000000007
2026-08-16 07:36:14.936,5.846,lower,-0.07437499999999986,0.41000000000000036
2026-08-16 07:36:14.946,5.856,lower,0.07312500000000055,0.46250000000000013
2026-08-16 07:36:14.956,5.866,lower,-0.078125,0.42625000000000024
2026-08-16 07:36:14.966,5.876,lower,0.03874999999999962,0.4475000000000007
2026-08-16 07:36:14.976,5.886,lower,0.05437499999999984,0.45937499999999964
2026-08-16 07:36:14.986,5.896,lower,-0.09062499999999973,0.4125000000000001
2026-08-16 07:36:14.996,5.906,lower,0.07062499999999972,0.46062500000000006
2026-08-16 07:36:15.006,5.916,lower,-0.10000000000000009,0.4237500000000005
2026-08-16 07:36:15.016,5.926,lower,0.035000000000000586,0.4393749999999996
2026-08-16 07:36:15.026,5.936,lower,0.02375000000000016,0.4556250000000006
2026-08-16 07:36:15.036,5.946,lower,-0.06750000000000034,0.4137500000000005
2026-08-16 07:36:15.046,5.956,lower,0.07312500000000055,0.45625000000000027
2026-08-16 07:36:15.056,5.966,lower,-0.0824999999999998,0.4212499999999997
2026-08-16 07:36:15.066,5.976,lower,0.04062499999999969,0.43875
2026-08-16 07:36:15.076,5.986,lower,0.051875000000000115,0.46062500000000006
2026-08-16 07:36:15.086,5.996,lower,-0.08874999999999966,0.4149999999999998
2026-08-16 07:36:15.096,6.006,lower,0.07249999999999979,0.4612499999999997
2026-08-16 07:36:15.106,6.016,lower,-0.10750000000000037,0.4168749999999999
2026-08-16 07:36:15.116,6.026,lower,0.03375000000000017,0.4456250000000006
2026-08-16 07:36:15.126,6.036,lower,0.05812499999999998,0.4543750000000002
2026-08-16 07:36:15.136,6.046,lower,-0.06312499999999943,0.4156250000000006
2026-08-16 07:36:15.146,6.056,lower,0.0737500000000002,0.4600000000000004
2026-08-16 07:36:15.156,6.066,lower,-0.08750000000000036,0.42437500000000017
2026-08-16 07:36:15.166,6.076,lower,0.04187500000000011,0.44375000000000053
2026-08-16 07:36:15.176,6.086,lower,0.040000000000000036,0.4556250000000006
2026-08-16 07:36:15.186,6.096,lower,-0.08124999999999938,0.40562500000000057
2026-08-16 07:36:15.196,6.106,lower,0.0637500000000002,0.45937499999999964
2026-08-16 07:36:15.206,6.116,lower,-0.11062499999999975,0.4237500000000005
2026-08-16 07:36:15.216,6.126,lower,0.03624999999999989,0.44375000000000053
2026-08-16 07:36:15.226,6.136,lower,0.056875000000000675,0.45625000000000027
2026-08-16 07:36:15.236,6.146,lower,-0.05624999999999991,0.4093749999999996
2026-08-16 07:36:15.246,6.156,lower,0.07500000000000062,0.46250000000000013
2026-08-16 07:36:15.256,6.166,lower,-0.09312499999999946,0.4212499999999997
2026-08-16 07:36:15.266,6.176,lower,0.04375000000000018,0.4393749999999996
2026-08-16 07:36:15.276,6.186,lower,0.03562500000000024,0.4556250000000006
2026-08-16 07:36:15.286,6.196,lower,-0.0737500000000002,0.4149999999999998
2026-08-16 07:36:15.296,6.206,lower,0.06500000000000061,0.45812500000000034
2026-08-16 07:36:15.306,6.216,lower,-0.11375000000000024,0.420625
2026-08-16 07:36:15.316,6.226,lower,0.04187500000000011,0.44187500000000046
2026-08-16 07:36:15.326,6.236,lower,0.05437499999999984,0.4531249999999998
2026-08-16 07:36:15.336,6.246,lower,-0.04812499999999997,0.4149999999999998
2026-08-16 07:36:15.346,6.256,lower,0.07062499999999972,0.45875
2026-08-16 07:36:15.356,6.266,lower,-0.10187500000000016,0.4181250000000003
2026-08-16 07:36:15.366,6.276,lower,0.028124999999999956,0.44375000000000053
2026-08-16 07:36:15.376,6.286,lower,0.024374999999999813,0.4600000000000004
2026-08-16 07:36:15.386,6.296,lower,-0.06874999999999964,0.4181250000000003
2026-08-16 07:36:15.396,6.306,lower,0.07312500000000055,0.45937499999999964
2026-08-16 07:36:15.406,6.316,lower,-0.11499999999999955,0.4268749999999999
2026-08-16 07:36:15.416,6.326,lower,0.04062499999999969,0.44625000000000026
2026-08-16 07:36:15.426,6.336,lower,0.04812499999999997,0.45812500000000034
2026-08-16 07:36:15.436,6.346,lower,-0.03937500000000038,0.41625000000000023
2026-08-16 07:36:15.446,6.356,lower,0.07437499999999986,0.4618750000000005
2026-08-16 07:36:15.456,6.366,lower,-0.10437499999999988,0.4237500000000005
2026-08-16 07:36:15.466,6.376,lower,0.029375000000000373,0.4456250000000006
2026-08-16 07:36:15.476,6.386,lower,0.017500000000000293,0.4531249999999998
2026-08-16 07:36:15.486,6.396,lower,-0.0637500000000002,0.410625
2026-08-16 07:36:15.496,6.406,lower,0.06812499999999999,0.4600000000000004
2026-08-16 07:36:15.506,6.416,lower,-0.12062499999999976,0.420625
2026-08-16 07:36:15.516,6.426,lower,0.04562500000000025,0.43750000000000067
2026-08-16 07:36:15.526,6.436,lower,0.045000000000000595,0.4525000000000001
2026-08-16 07:36:15.536,6.446,lower,-0.08812500000000001,0.4137500000000005
2026-08-16 07:36:15.546,6.456,lower,0.0737500000000002,0.46250000000000013
2026-08-16 07:36:15.556,6.466,lower,-0.1100000000000001,0.4200000000000004
2026-08-16 07:36:15.566,6.476,lower,0.0318750000000001,0.44375000000000053
2026-08-16 07:36:15.576,6.486,lower,0.012499999999999734,0.45375000000000054
2026-08-16 07:36:15.586,6.496,lower,-0.05812499999999998,0.41625000000000023
2026-08-16 07:36:15.596,6.506,lower,0.07000000000000006,0.45875
2026-08-16 07:36:15.606,6.516,lower,-0.0968749999999996,0.41750000000000065
2026-08-16 07:36:15.616,6.526,lower,0.04437499999999983,0.4443750000000002
2026-08-16 07:36:15.626,6.536,lower,0.0318750000000001,0.45499999999999985
2026-08-16 07:36:15.636,6.546,lower,-0.07874999999999965,0.41625000000000023
2026-08-16 07:36:15.646,6.556,lower,0.07187500000000013,0.46062500000000006
2026-08-16 07:36:15.656,6.566,lower,-0.1143749999999999,0.4168749999999999
2026-08-16 07:36:15.666,6.576,lower,0.03687500000000066,0.4443750000000002
2026-08-16 07:36:15.676,6.586,lower,0.0031250000000004885,0.45625000000000027
2026-08-16 07:36:15.686,6.596,lower,-0.050000000000000044,0.41874999999999996
2026-08-16 07:36:15.696,6.606,lower,0.07125000000000048,0.4612499999999997
2026-08-16 07:36:15.706,6.616,lower,-0.10062499999999974,0.4225000000000001
2026-08-16 07:36:15.716,6.626,lower,0.04750000000000032,0.44875
2026-08-16 07:36:15.726,6.636,lower,0.02687500000000065,0.4556250000000006
2026-08-16 07:36:15.736,6.646,lower,-0.07687499999999958,0.41312499999999974
2026-08-16 07:36:15.746,6.656,lower,0.07187500000000013,0.46250000000000013
2026-08-16 07:36:15.756,6.666,lower,-0.11624999999999996,0.4225000000000001
2026-08-16 07:36:15.766,6.676,lower,0.038124999999999964,0.45375000000000054
2026-08-16 07:36:15.776,6.686,lower,0.046875000000000666,0.4575000000000007
2026-08-16 07:36:15.786,6.696,lower,-0.043124999999999414,0.4149999999999998
2026-08-16 07:36:15.796,6.706,lower,0.07000000000000006,0.4631249999999998
2026-08-16 07:36:15.806,6.716,lower,-0.10312499999999947,0.41625000000000023
2026-08-16 07:36:15.816,6.726,lower,0.046875000000000666,0.44375000000000053
2026-08-16 07:36:15.826,6.736,lower,0.019375000000000364,0.4500000000000004
2026-08-16 07:36:15.836,6.746,lower,-0.06937500000000041,0.4168749999999999
2026-08-16 07:36:15.846,6.756,lower,0.06874999999999964,0.46250000000000013
2026-08-16 07:36:15.856,6.766,lower,-0.11937499999999934,0.4149999999999998
2026-08-16 07:36:15.866,6.776,lower,0.03874999999999962,0.44187500000000046
2026-08-16 07:36:15.876,6.786,lower,0.04249999999999976,0.45499999999999985
2026-08-16 07:36:15.886,6.796,lower,-0.040000000000000036,0.41874999999999996
2026-08-16 07:36:15.896,6.806,lower,0.07000000000000006,0.4575000000000007
2026-08-16 07:36:15.906,6.816,lower,-0.11062499999999975,0.4137500000000005
2026-08-16 07:36:15.916,6.826,lower,0.0506249999999997,0.44937499999999964
2026-08-16 07:36:15.926,6.836,lower,0.009375000000000355,0.4568749999999999
2026-08-16 07:36:15.936,6.846,lower,-0.06124999999999936,0.4200000000000004
2026-08-16 07:36:15.946,6.856,lower,0.06937500000000041,0.4631249999999998
2026-08-16 07:36:15.956,6.866,lower,-0.11812500000000004,0.42187500000000044
2026-08-16 07:36:15.966,6.876,lower,0.043125000000000524,0.44499999999999984
2026-08-16 07:36:15.976,6.886,lower,0.03624999999999989,0.4575000000000007
2026-08-16 07:36:15.986,6.896,lower,-0.03062499999999968,0.41312499999999974
2026-08-16 07:36:15.996,6.906,lower,0.07312500000000055,0.46499999999999986
2026-08-16 07:36:16.006,6.916,lower,-0.11375000000000024,0.4193749999999996
2026-08-16 07:36:16.016,6.926,lower,0.03562500000000024,0.4525000000000001
2026-08-16 07:36:16.026,6.936,lower,0.0050000000000005596,0.45499999999999985
2026-08-16 07:36:16.036,6.946,lower,-0.053750000000000187,0.4156250000000006
2026-08-16 07:36:16.046,6.956,lower,0.07000000000000006,0.4643750000000002
2026-08-16 07:36:16.056,6.966,lower,-0.12249999999999983,0.41874999999999996
2026-08-16 07:36:16.066,6.976,lower,0.045000000000000595,0.44312499999999977
2026-08-16 07:36:16.076,6.986,lower,0.02874999999999961,0.45062500000000005
2026-08-16 07:36:16.086,6.996,lower,-0.07562500000000028,0.41750000000000065
2026-08-16 07:36:16.096,7.006,lower,0.07125000000000048,0.4643750000000002
2026-08-16 07:36:16.106,7.016,lower,-0.11750000000000038,0.4137500000000005
2026-08-16 07:36:16.116,7.026,lower,0.03750000000000031,0.4443750000000002
2026-08-16 07:36:16.126,7.036,lower,-0.008749999999999591,0.4475000000000007
2026-08-16 07:36:16.136,7.046,lower,-0.046874999999999556,0.4156250000000006
2026-08-16 07:36:16.146,7.056,lower,0.06812499999999999,0.4612499999999997
2026-08-16 07:36:16.156,7.066,lower,-0.12375000000000025,0.41625000000000023
2026-08-16 07:36:16.166,7.076,lower,0.04562500000000025,0.4475000000000007
2026-08-16 07:36:16.176,7.086,lower,0.018124999999999947,0.45625000000000027
2026-08-16 07:36:16.186,7.096,lower,-0.07187500000000013,0.4200000000000004
2026-08-16 07:36:16.196,7.106,lower,0.06937500000000041,0.4575000000000007
2026-08-16 07:36:16.206,7.116,lower,-0.11937499999999934,0.4200000000000004
2026-08-16 07:36:16.216,7.126,lower,0.03937500000000038,0.45062500000000005
2026-08-16 07:36:16.226,7.136,lower,-0.014374999999999805,0.4500000000000004
2026-08-16 07:36:16.236,7.146,lower,-0.04375000000000018,0.42312499999999975
2026-08-16 07:36:16.246,7.156,lower,0.07062499999999972,0.4618750000000005
2026-08-16 07:36:16.256,7.166,lower,-0.1100000000000001,0.4193749999999996
2026-08-16 07:36:16.266,7.176,lower,0.04937500000000039,0.45187500000000047
2026-08-16 07:36:16.276,7.186,lower,0.013750000000000151,0.4525000000000001
2026-08-16 07:36:16.286,7.196,lower,-0.06437499999999985,0.4137500000000005
2026-08-16 07:36:16.296,7.206,lower,0.07000000000000006,0.4618750000000005
2026-08-16 07:36:16.306,7.216,lower,-0.12312499999999948,0.41750000000000065
2026-08-16 07:36:16.316,7.226,lower,0.04437499999999983,0.4443750000000002
2026-08-16 07:36:16.326,7.236,lower,0.03375000000000017,0.45062500000000005
2026-08-16 07:36:16.336,7.246,lower,-0.0318750000000001,0.41750000000000065
2026-08-16 07:36:16.346,7.256,lower,0.06874999999999964,0.4656250000000006
2026-08-16 07:36:16.356,7.266,lower,-0.1143749999999999,0.4149999999999998
2026-08-16 07:36:16.366,7.276,lower,0.051875000000000115,0.44499999999999984
2026-08-16 07:36:16.376,7.286,lower,0.0050000000000005596,0.44499999999999984
2026-08-16 07:36:16.386,7.296,lower,-0.05812499999999998,0.4168749999999999
2026-08-16 07:36:16.396,7.306,lower,0.07187500000000013,0.46250000000000013
2026-08-16 07:36:16.406,7.316,lower,-0.12249999999999983,0.4137500000000005
2026-08-16 07:36:16.416,7.326,lower,0.04562500000000025,0.4500000000000004
2026-08-16 07:36:16.426,7.336,lower,0.025000000000000577,0.4575000000000007
2026-08-16 07:36:16.436,7.346,lower,-0.024999999999999467,0.42437500000000017
2026-08-16 07:36:16.446,7.356,lower,0.07249999999999979,0.46250000000000013
2026-08-16 07:36:16.456,7.366,lower,-0.11624999999999996,0.41625000000000023
2026-08-16 07:36:16.466,7.376,lower,0.056875000000000675,0.4531249999999998
2026-08-16 07:36:16.476,7.386,lower,-0.001875000000000071,0.4543750000000002
2026-08-16 07:36:16.486,7.396,lower,-0.05249999999999977,0.4268749999999999
2026-08-16 07:36:16.496,7.406,lower,0.06687500000000068,0.4618750000000005
2026-08-16 07:36:16.506,7.416,lower,-0.11937499999999934,0.4193749999999996
2026-08-16 07:36:16.516,7.426,lower,0.045000000000000595,0.4531249999999998
2026-08-16 07:36:16.526,7.436,lower,0.020000000000000018,0.4531249999999998
2026-08-16 07:36:16.536,7.446,lower,-0.0187499999999996,0.41625000000000023
2026-08-16 07:36:16.546,7.456,lower,0.07125000000000048,0.4618750000000005
2026-08-16 07:36:16.556,7.466,lower,-0.12249999999999983,0.4200000000000004
2026-08-16 07:36:16.566,7.476,lower,0.05125000000000046,0.45499999999999985
2026-08-16 07:36:16.576,7.486,lower,-0.011249999999999316,0.45187500000000047
2026-08-16 07:36:16.586,7.496,lower,-0.043124999999999414,0.4156250000000006
2026-08-16 07:36:16.596,7.506,lower,0.06937500000000041,0.4656250000000006
2026-08-16 07:36:16.606,7.516,lower,-0.11937499999999934,0.4168749999999999
2026-08-16 07:36:16.616,7.526,lower,0.04812499999999997,0.44499999999999984
2026-08-16 07:36:16.626,7.536,lower,0.01687500000000064,0.4443750000000002
2026-08-16 07:36:16.636,7.546,lower,-0.014999999999999458,0.41874999999999996
2026-08-16 07:36:16.646,7.556,lower,0.07125000000000048,0.4600000000000004
2026-08-16 07:36:16.656,7.566,lower,-0.1200000000000001,0.4137500000000005
2026-08-16 07:36:16.666,7.576,lower,0.040000000000000036,0.44625000000000026
2026-08-16 07:36:16.676,7.586,lower,-0.013750000000000151,0.4525000000000001
2026-08-16 07:36:16.686,7.596,lower,-0.034999999999999476,0.42187500000000044
2026-08-16 07:36:16.696,7.606,lower,0.07125000000000048,0.4643750000000002
2026-08-16 07:36:16.706,7.616,lower,-0.1200000000000001,0.41437500000000016
2026-08-16 07:36:16.716,7.626,lower,0.0506249999999997,0.45187500000000047
2026-08-16 07:36:16.726,7.636,lower,0.008124999999999938,0.4531249999999998
2026-08-16 07:36:16.736,7.646,lower,-0.0593750000000004,0.4256250000000006
2026-08-16 07:36:16.746,7.656,lower,0.06937500000000041,0.4631249999999998
2026-08-16 07:36:16.756,7.666,lower,-0.11874999999999969,0.41625000000000023
2026-08-16 07:36:16.766,7.676,lower,0.04437499999999983,0.4525000000000001
2026-08-16 07:36:16.776,7.686,lower,-0.021249999999999325,0.44937499999999964
2026-08-16 07:36:16.786,7.696,lower,-0.02874999999999961,0.41750000000000065
2026-08-16 07:36:16.796,7.706,lower,0.07125000000000048,0.46499999999999986
2026-08-16 07:36:16.806,7.716,lower,-0.12062499999999976,0.41874999999999996
2026-08-16 07:36:16.816,7.726,lower,0.05249999999999977,0.4556250000000006
2026-08-16 07:36:16.826,7.736,lower,0.0024999999999997247,0.45062500000000005
2026-08-16 07:36:16.836,7.746,lower,-0.04874999999999963,0.41750000000000065
2026-08-16 07:36:16.846,7.756,lower,0.07187500000000013,0.4656250000000006
2026-08-16 07:36:16.856,7.766,lower,-0.12249999999999983,0.41437500000000016
2026-08-16 07:36:16.866,7.776,lower,0.04750000000000032,0.4443750000000002
2026-08-16 07:36:16.876,7.786,lower,-0.031249999999999334,0.44625000000000026
2026-08-16 07:36:16.886,7.796,lower,-0.021249999999999325,0.41625000000000023
2026-08-16 07:36:16.896,7.806,lower,0.07125000000000048,0.45875
2026-08-16 07:36:16.906,7.816,lower,-0.12124999999999941,0.410625
2026-08-16 07:36:16.916,7.826,lower,0.056875000000000675,0.44812500000000033
2026-08-16 07:36:16.926,7.836,lower,-0.005625000000000213,0.4425000000000001
2026-08-16 07:36:16.936,7.846,lower,-0.043124999999999414,0.4225000000000001
2026-08-16 07:36:16.946,7.856,lower,0.07000000000000006,0.46375000000000055
2026-08-16 07:36:16.956,7.866,lower,-0.12124999999999941,0.4125000000000001
2026-08-16 07:36:16.966,7.876,lower,0.051875000000000115,0.4500000000000004
2026-08-16 07:36:16.976,7.886,lower,0.015000000000000568,0.4525000000000001
2026-08-16 07:36:16.986,7.896,lower,-0.014374999999999805,0.4293749999999996
2026-08-16 07:36:16.996,7.906,lower,0.07312500000000055,0.4612499999999997
2026-08-16 07:36:17.006,7.916,lower,-0.11750000000000038,0.41750000000000065
2026-08-16 07:36:17.016,7.926,lower,0.05812499999999998,0.4525000000000001
2026-08-16 07:36:17.026,7.936,lower,-0.011249999999999316,0.4531249999999998
2026-08-16 07:36:17.036,7.946,lower,-0.03562500000000024,0.42874999999999996
2026-08-16 07:36:17.046,7.956,lower,0.07125000000000048,0.46375000000000055
2026-08-16 07:36:17.056,7.966,lower,-0.11562500000000031,0.4156250000000006
2026-08-16 07:36:17.066,7.976,lower,0.053750000000000187,0.45187500000000047
2026-08-16 07:36:17.076,7.986,lower,0.010624999999999662,0.4475000000000007
2026-08-16 07:36:17.086,7.996,lower,-0.007500000000000284,0.4212499999999997
2026-08-16 07:36:17.096,8.006,lower,0.07500000000000062,0.46375000000000055
2026-08-16 07:36:17.106,8.016,lower,-0.12062499999999976,0.4137500000000005
2026-08-16 07:36:17.116,8.026,lower,0.0593750000000004,0.4475000000000007
2026-08-16 07:36:17.126,8.036,lower,-0.016249999999999876,0.4468749999999999
2026-08-16 07:36:17.136,8.046,lower,-0.02874999999999961,0.4193749999999996
2026-08-16 07:36:17.146,8.056,lower,0.06812499999999999,0.4631249999999998
2026-08-16 07:36:17.156,8.066,lower,-0.11937499999999934,0.4125000000000001
2026-08-16 07:36:17.166,8.076,lower,0.05437499999999984,0.44625000000000026
2026-08-16 07:36:17.176,8.086,lower,0.004374999999999796,0.44499999999999984
2026-08-16 07:36:17.186,8.096,lower,-0.003750000000000142,0.4212499999999997
2026-08-16 07:36:17.196,8.106,lower,0.07000000000000006,0.4600000000000004
2026-08-16 07:36:17.206,8.116,lower,-0.12124999999999941,0.4093749999999996
2026-08-16 07:36:17.216,8.126,lower,0.046875000000000666,0.4468749999999999
2026-08-16 07:36:17.226,8.136,lower,-0.02375000000000016,0.4500000000000004
2026-08-16 07:36:17.236,8.146,lower,-0.022499999999999742,0.4268749999999999
2026-08-16 07:36:17.246,8.156,lower,0.07062499999999972,0.4631249999999998
2026-08-16 07:36:17.256,8.166,lower,-0.11375000000000024,0.41000000000000036
2026-08-16 07:36:17.266,8.176,lower,0.05437499999999984,0.45375000000000054
2026-08-16 07:36:17.276,8.186,lower,-0.0031249999999993783,0.4468749999999999
2026-08-16 07:36:17.286,8.196,lower,0.0031250000000004885,0.4281250000000003
2026-08-16 07:36:17.296,8.206,lower,0.07062499999999972,0.4612499999999997
2026-08-16 07:36:17.306,8.216,lower,-0.11750000000000038,0.4181250000000003
2026-08-16 07:36:17.316,8.226,lower,0.050000000000000044,0.45499999999999985
2026-08-16 07:36:17.326,8.236,lower,-0.031249999999999334,0.44812500000000033
2026-08-16 07:36:17.336,8.246,lower,-0.014374999999999805,0.41750000000000065
2026-08-16 07:36:17.346,8.256,lower,0.07500000000000062,0.46250000000000013
2026-08-16 07:36:17.356,8.266,lower,-0.11312499999999948,0.41312499999999974
2026-08-16 07:36:17.366,8.276,lower,0.05562500000000026,0.4531249999999998
2026-08-16 07:36:17.376,8.286,lower,-0.010624999999999662,0.44375000000000053
2026-08-16 07:36:17.386,8.296,lower,-0.03874999999999962,0.420625
2026-08-16 07:36:17.396,8.306,lower,0.07187500000000013,0.4600000000000004
2026-08-16 07:36:17.406,8.316,lower,-0.12187500000000018,0.4125000000000001
2026-08-16 07:36:17.416,8.326,lower,0.04812499999999997,0.44875
2026-08-16 07:36:17.426,8.336,lower,-0.03937500000000038,0.44312499999999977
2026-08-16 07:36:17.436,8.346,lower,-0.012499999999999734,0.4237500000000005
2026-08-16 07:36:17.446,8.356,lower,0.07562500000000028,0.4600000000000004
2026-08-16 07:36:17.456,8.366,lower,-0.12187500000000018,0.41312499999999974
2026-08-16 07:36:17.466,8.376,lower,0.05624999999999991,0.44812500000000033
2026-08-16 07:36:17.476,8.386,lower,-0.01687499999999953,0.4500000000000004
2026-08-16 07:36:17.486,8.396,lower,-0.026249999999999885,0.4225000000000001
2026-08-16 07:36:17.496,8.406,lower,0.07000000000000006,0.46375000000000055
2026-08-16 07:36:17.506,8.416,lower,-0.1200000000000001,0.410625
2026-08-16 07:36:17.516,8.426,lower,0.05750000000000033,0.4531249999999998
2026-08-16 07:36:17.526,8.436,lower,-0.04812499999999997,0.4475000000000007
2026-08-16 07:36:17.536,8.446,lower,-0.0024999999999997247,0.4300000000000004
2026-08-16 07:36:17.546,8.456,lower,0.07562500000000028,0.46062500000000006
2026-08-16 07:36:17.556,8.466,lower,-0.1200000000000001,0.4093749999999996
2026-08-16 07:36:17.566,8.476,lower,0.06249999999999978,0.4543750000000002
2026-08-16 07:36:17.576,8.486,lower,-0.022499999999999742,0.4443750000000002
2026-08-16 07:36:17.586,8.496,lower,-0.02375000000000016,0.4200000000000004
2026-08-16 07:36:17.596,8.506,lower,0.07062499999999972,0.46250000000000013
2026-08-16 07:36:17.606,8.516,lower,-0.11874999999999969,0.410625
2026-08-16 07:36:17.616,8.526,lower,0.05562500000000026,0.4531249999999998
2026-08-16 07:36:17.626,8.536,lower,-0.003750000000000142,0.44187500000000046
2026-08-16 07:36:17.636,8.546,lower,0.0024999999999997247,0.41874999999999996
2026-08-16 07:36:17.646,8.556,lower,0.07187500000000013,0.4618750000000005
2026-08-16 07:36:17.656,8.566,lower,-0.1243749999999999,0.41000000000000036
2026-08-16 07:36:17.666,8.576,lower,0.06000000000000005,0.44812500000000033
2026-08-16 07:36:17.676,8.586,lower,-0.030000000000000027,0.4412499999999997
2026-08-16 07:36:17.686,8.596,lower,-0.018124999999999947,0.4237500000000005
2026-08-16 07:36:17.696,8.606,lower,0.06874999999999964,0.45812500000000034
2026-08-16 07:36:17.706,8.616,lower,-0.11624999999999996,0.41124999999999967
2026-08-16 07:36:17.716,8.626,lower,0.06000000000000005,0.45187500000000047
2026-08-16 07:36:17.726,8.636,lower,-0.007500000000000284,0.4400000000000004
2026-08-16 07:36:17.736,8.646,lower,0.008124999999999938,0.42750000000000066
2026-08-16 07:36:17.746,8.656,lower,0.07187500000000013,0.46062500000000006
2026-08-16 07:36:17.756,8.666,lower,-0.1200000000000001,0.40874999999999995
2026-08-16 07:36:17.766,8.676,lower,0.06437499999999985,0.4500000000000004
2026-08-16 07:36:17.776,8.686,lower,-0.033124999999999405,0.4468749999999999
2026-08-16 07:36:17.786,8.696,lower,-0.009375000000000355,0.42625000000000024
2026-08-16 07:36:17.796,8.706,lower,0.07000000000000006,0.46250000000000013
2026-08-16 07:36:17.806,8.716,lower,-0.11187500000000017,0.41000000000000036
2026-08-16 07:36:17.816,8.726,lower,0.05812499999999998,0.4556250000000006
2026-08-16 07:36:17.826,8.736,lower,-0.017500000000000293,0.44312499999999977
2026-08-16 07:36:17.836,8.746,lower,0.011250000000000426,0.4325000000000001
2026-08-16 07:36:17.846,8.756,lower,0.07249999999999979,0.4612499999999997
2026-08-16 07:36:17.856,8.766,lower,-0.1243749999999999,0.41000000000000036
2026-08-16 07:36:17.866,8.776,lower,0.045000000000000595,0.4543750000000002
2026-08-16 07:36:17.876,8.786,lower,-0.04812499999999997,0.43875
2026-08-16 07:36:17.886,8.796,lower,-0.00687499999999952,0.4193749999999996
2026-08-16 07:36:17.896,8.806,lower,0.06812499999999999,0.4575000000000007
2026-08-16 07:36:17.906,8.816,lower,-0.11187500000000017,0.4081250000000003
2026-08-16 07:36:17.916,8.826,lower,0.05624999999999991,0.44499999999999984
2026-08-16 07:36:17.926,8.836,lower,-0.020000000000000018,0.43625000000000025
2026-08-16 07:36:17.936,8.846,lower,0.015000000000000568,0.42437500000000017
2026-08-16 07:36:17.946,8.856,lower,0.06937500000000041,0.46062500000000006
2026-08-16 07:36:17.956,8.866,lower,-0.11874999999999969,0.41187500000000044
2026-08-16 07:36:17.966,8.876,lower,0.05437499999999984,0.44937499999999964
2026-08-16 07:36:17.976,8.886,lower,-0.05249999999999977,0.4368749999999999
2026-08-16 07:36:17.986,8.896,lower,-0.0006249999999996536,0.4249999999999998
2026-08-16 07:36:17.996,8.906,lower,0.0737500000000002,0.4600000000000004
2026-08-16 07:36:18.006,8.916,lower,-0.1112499999999994,0.40874999999999995
2026-08-16 07:36:18.016,8.926,lower,0.06000000000000005,0.4500000000000004
2026-08-16 07:36:18.026,8.936,lower,-0.02874999999999961,0.4468749999999999
2026-08-16 07:36:18.036,8.946,lower,-0.02187500000000009,0.4300000000000004
2026-08-16 07:36:18.046,8.956,lower,0.06687500000000068,0.45812500000000034
2026-08-16 07:36:18.056,8.966,lower,-0.12062499999999976,0.41124999999999967
2026-08-16 07:36:18.066,8.976,lower,0.05624999999999991,0.4512499999999997
2026-08-16 07:36:18.076,8.986,lower,-0.06124999999999936,0.4425000000000001
2026-08-16 07:36:18.086,8.996,lower,0.0024999999999997247,0.4337500000000005
2026-08-16 07:36:18.096,9.006,lower,0.07062499999999972,0.45812500000000034
2026-08-16 07:36:18.106,9.016,lower,-0.12499999999999956,0.40750000000000064
2026-08-16 07:36:18.116,9.026,lower,0.05750000000000033,0.45062500000000005
2026-08-16 07:36:18.126,9.036,lower,-0.038124999999999964,0.43625000000000025
2026-08-16 07:36:18.136,9.046,lower,-0.014374999999999805,0.4137500000000005
2026-08-16 07:36:18.146,9.056,lower,0.0637500000000002,0.4543750000000002
2026-08-16 07:36:18.156,9.066,lower,-0.12187500000000018,0.4062500000000002
2026-08-16 07:36:18.166,9.076,lower,0.055000000000000604,0.45375000000000054
2026-08-16 07:36:18.176,9.086,lower,-0.06937500000000041,0.43750000000000067
2026-08-16 07:36:18.186,9.096,lower,0.005625000000000213,0.4212499999999997
2026-08-16 07:36:18.196,9.106,lower,0.07125000000000048,0.45499999999999985
2026-08-16 07:36:18.206,9.116,lower,-0.12312499999999948,0.4068749999999999
2026-08-16 07:36:18.216,9.126,lower,0.06125000000000047,0.44875
2026-08-16 07:36:18.226,9.136,lower,-0.04375000000000018,0.4312499999999997
2026-08-16 07:36:18.236,9.146,lower,-0.010624999999999662,0.42437500000000017
2026-08-16 07:36:18.246,9.156,lower,0.06437499999999985,0.4525000000000001
2026-08-16 07:36:18.256,9.166,lower,-0.11499999999999955,0.4062500000000002
2026-08-16 07:36:18.266,9.176,lower,0.05562500000000026,0.44937499999999964
2026-08-16 07:36:18.276,9.186,lower,-0.02187500000000009,0.4412499999999997
2026-08-16 07:36:18.286,9.196,lower,0.012499999999999734,0.4268749999999999
2026-08-16 07:36:18.296,9.206,lower,0.06812499999999999,0.45812500000000034
2026-08-16 07:36:18.306,9.216,lower,-0.12187500000000018,0.40750000000000064
2026-08-16 07:36:18.316,9.226,lower,0.06312500000000054,0.4525000000000001
2026-08-16 07:36:18.326,9.236,lower,-0.04812499999999997,0.43875
2026-08-16 07:36:18.336,9.246,lower,-0.00687499999999952,0.43187500000000045
2026-08-16 07:36:18.346,9.256,lower,0.07062499999999972,0.46062500000000006
2026-08-16 07:36:18.356,9.266,lower,-0.11062499999999975,0.40874999999999995
2026-08-16 07:36:18.366,9.276,lower,0.058749999999999636,0.45499999999999985
2026-08-16 07:36:18.376,9.286,lower,-0.030000000000000027,0.4356250000000006
2026-08-16 07:36:18.386,9.296,lower,0.011250000000000426,0.41750000000000065
2026-08-16 07:36:18.396,9.306,lower,0.06874999999999964,0.45625000000000027
2026-08-16 07:36:18.406,9.316,lower,-0.12062499999999976,0.40562500000000057
2026-08-16 07:36:18.416,9.326,lower,0.06624999999999992,0.4575000000000007
2026-08-16 07:36:18.426,9.336,lower,-0.05624999999999991,0.43625000000000025
2026-08-16 07:36:18.436,9.346,lower,0.0024999999999997247,0.42437500000000017
2026-08-16 07:36:18.446,9.356,lower,0.06812499999999999,0.45937499999999964
2026-08-16 07:36:18.456,9.366,lower,-0.10687499999999961,0.41000000000000036
2026-08-16 07:36:18.466,9.376,lower,0.06062499999999971,0.4512499999999997
2026-08-16 07:36:18.476,9.386,lower,-0.03750000000000031,0.43312499999999976
2026-08-16 07:36:18.486,9.396,lower,0.0187499999999996,0.4281250000000003
2026-08-16 07:36:18.496,9.406,lower,0.07000000000000006,0.45937499999999964
2026-08-16 07:36:18.506,9.416,lower,-0.11874999999999969,0.4062500000000002
2026-08-16 07:36:18.516,9.426,lower,0.055000000000000604,0.45062500000000005
2026-08-16 07:36:18.526,9.436,lower,-0.06249999999999978,0.4343750000000002
2026-08-16 07:36:18.536,9.446,lower,0.003750000000000142,0.43187500000000045
2026-08-16 07:36:18.546,9.456,lower,0.06687500000000068,0.4600000000000004
2026-08-16 07:36:18.556,9.466,lower,-0.10437499999999988,0.41187500000000044
2026-08-16 07:36:18.566,9.476,lower,0.058749999999999636,0.45187500000000047
2026-08-16 07:36:18.576,9.486,lower,-0.043124999999999414,0.4412499999999997
2026-08-16 07:36:18.586,9.496,lower,0.02375000000000016,0.4312499999999997
2026-08-16 07:36:18.596,9.506,lower,0.06125000000000047,0.45937499999999964
2026-08-16 07:36:18.606,9.516,lower,-0.11812500000000004,0.41000000000000036
2026-08-16 07:36:18.616,9.526,lower,0.055000000000000604,0.45625000000000027
2026-08-16 07:36:18.626,9.536,lower,-0.07312499999999944,0.4400000000000004
2026-08-16 07:36:18.636,9.546,lower,0.008124999999999938,0.43312499999999976
2026-08-16 07:36:18.646,9.556,lower,0.06812499999999999,0.4612499999999997
2026-08-16 07:36:18.656,9.566,lower,-0.10499999999999954,0.40750000000000064
2026-08-16 07:36:18.666,9.576,lower,0.061875000000000124,0.4568749999999999
2026-08-16 07:36:18.676,9.586,lower,-0.04562500000000025,0.43625000000000025
2026-08-16 07:36:18.686,9.596,lower,-0.004374999999999796,0.42312499999999975
2026-08-16 07:36:18.696,9.606,lower,0.06500000000000061,0.45812500000000034
2026-08-16 07:36:18.706,9.616,lower,-0.1112499999999994,0.4093749999999996
2026-08-16 07:36:18.716,9.626,lower,0.05812499999999998,0.4512499999999997
2026-08-16 07:36:18.726,9.636,lower,-0.07874999999999965,0.4337500000000005
2026-08-16 07:36:18.736,9.646,lower,0.015000000000000568,0.4300000000000004
2026-08-16 07:36:18.746,9.656,lower,0.07062499999999972,0.45812500000000034
2026-08-16 07:36:18.756,9.666,lower,-0.12124999999999941,0.40874999999999995
2026-08-16 07:36:18.766,9.676,lower,0.06249999999999978,0.4525000000000001
2026-08-16 07:36:18.776,9.686,lower,-0.058749999999999636,0.4300000000000004
2026-08-16 07:36:18.786,9.696,lower,0.0006249999999996536,0.43187500000000045
2026-08-16 07:36:18.796,9.706,lower,0.06312500000000054,0.45937499999999964
2026-08-16 07:36:18.806,9.716,lower,-0.1100000000000001,0.410625
2026-08-16 07:36:18.816,9.726,lower,0.06312500000000054,0.4543750000000002
2026-08-16 07:36:18.826,9.736,lower,-0.08437499999999987,0.4393749999999996
2026-08-16 07:36:18.836,9.746,lower,0.01687500000000064,0.43312499999999976
2026-08-16 07:36:18.846,9.756,lower,0.07125000000000048,0.45937499999999964
2026-08-16 07:36:18.856,9.766,lower,-0.12124999999999941,0.41124999999999967
2026-08-16 07:36:18.866,9.776,lower,0.06624999999999992,0.45499999999999985
2026-08-16 07:36:18.876,9.786,lower,-0.06000000000000005,0.43875
2026-08-16 07:36:18.886,9.796,lower,0.001875000000000071,0.4337500000000005
2026-08-16 07:36:18.896,9.806,lower,0.06062499999999971,0.45812500000000034
2026-08-16 07:36:18.906,9.816,lower,-0.1056250000000003,0.4081250000000003
2026-08-16 07:36:18.916,9.826,lower,0.061875000000000124,0.45875
2026-08-16 07:36:18.926,9.836,lower,-0.04062499999999969,0.43625000000000025
2026-08-16 07:36:18.936,9.846,lower,0.02187500000000009,0.4281250000000003
2026-08-16 07:36:18.946,9.856,lower,0.06562500000000027,0.4631249999999998
2026-08-16 07:36:18.956,9.866,lower,-0.11812500000000004,0.41000000000000036
2026-08-16 07:36:18.966,9.876,lower,0.06874999999999964,0.46062500000000006
2026-08-16 07:36:18.976,9.886,lower,-0.07062499999999972,0.4325000000000001
2026-08-16 07:36:18.986,9.896,lower,0.006875000000000631,0.4293749999999996
2026-08-16 07:36:18.996,9.906,lower,0.06687500000000068,0.46062500000000006
2026-08-16 07:36:19.006,9.916,lower,-0.1012499999999994,0.40874999999999995
2026-08-16 07:36:19.016,9.926,lower,0.0637500000000002,0.45062500000000005
2026-08-16 07:36:19.026,9.936,lower,-0.044999999999999485,0.43312499999999976
2026-08-16 07:36:19.036,9.946,lower,0.026249999999999885,0.4368749999999999
2026-08-16 07:36:19.046,9.956,lower,0.06624999999999992,0.46375000000000055
2026-08-16 07:36:19.056,9.966,lower,-0.11375000000000024,0.41187500000000044
2026-08-16 07:36:19.066,9.976,lower,0.07062499999999972,0.4575000000000007
2026-08-16 07:36:19.076,9.986,lower,-0.07562500000000028,0.4425000000000001
2026-08-16 07:36:19.086,9.996,lower,0.013125000000000497,0.43499999999999983
2026-08-16 07:36:19.096,10.006,lower,0.06874999999999964,0.46062500000000006
2026-08-16 07:36:19.106,10.016,lower,-0.09812500000000002,0.41187500000000044
2026-08-16 07:36:19.116,10.026,lower,0.06562500000000027,0.45625000000000027
2026-08-16 07:36:19.126,10.036,lower,-0.0506249999999997,0.43499999999999983
2026-08-16 07:36:19.136,10.046,lower,0.02874999999999961,0.43499999999999983
2026-08-16 07:36:19.146,10.056,lower,0.06500000000000061,0.45937499999999964
2026-08-16 07:36:19.156,10.066,lower,-0.11187500000000017,0.40874999999999995
2026-08-16 07:36:19.166,10.076,lower,0.06125000000000047,0.45937499999999964
2026-08-16 07:36:19.176,10.086,lower,-0.0824999999999998,0.43499999999999983
2026-08-16 07:36:19.186,10.096,lower,0.014374999999999805,0.4268749999999999
2026-08-16 07:36:19.196,10.106,lower,0.07000000000000006,0.46062500000000006
2026-08-16 07:36:19.206,10.116,lower,-0.09874999999999967,0.4081250000000003
2026-08-16 07:36:19.216,10.126,lower,0.06750000000000034,0.4600000000000004
2026-08-16 07:36:19.226,10.136,lower,-0.058749999999999636,0.4337500000000005
2026-08-16 07:36:19.236,10.146,lower,0.0031250000000004885,0.42874999999999996
2026-08-16 07:36:19.246,10.156,lower,0.06249999999999978,0.45625000000000027
2026-08-16 07:36:19.256,10.166,lower,-0.10437499999999988,0.40874999999999995
2026-08-16 07:36:19.266,10.176,lower,0.06500000000000061,0.4512499999999997
2026-08-16 07:36:19.276,10.186,lower,-0.08812500000000001,0.42437500000000017
2026-08-16 07:36:19.286,10.196,lower,0.025000000000000577,0.4312499999999997
2026-08-16 07:36:19.296,10.206,lower,0.06624999999999992,0.4600000000000004
2026-08-16 07:36:19.306,10.216,lower,-0.09000000000000008,0.4081250000000003
2026-08-16 07:36:19.316,10.226,lower,0.0737500000000002,0.4556250000000006
2026-08-16 07:36:19.326,10.236,lower,-0.06437499999999985,0.4281250000000003
2026-08-16 07:36:19.336,10.246,lower,0.006875000000000631,0.4356250000000006
2026-08-16 07:36:19.346,10.256,lower,0.0637500000000002,0.46062500000000006
2026-08-16 07:36:19.356,10.266,lower,-0.10249999999999981,0.41124999999999967
2026-08-16 07:36:19.366,10.276,lower,0.0637500000000002,0.4575000000000007
2026-08-16 07:36:19.376,10.286,lower,-0.0924999999999998,0.43499999999999983
2026-08-16 07:36:19.386,10.296,lower,0.02375000000000016,0.43625000000000025
2026-08-16 07:36:19.396,10.306,lower,0.06500000000000061,0.4556250000000006
2026-08-16 07:36:19.406,10.316,lower,-0.11312499999999948,0.4049999999999998
2026-08-16 07:36:19.416,10.326,lower,0.06812499999999999,0.4575000000000007
2026-08-16 07:36:19.426,10.336,lower,-0.07062499999999972,0.4337500000000005
2026-08-16 07:36:19.436,10.346,lower,0.012499999999999734,0.4400000000000004
2026-08-16 07:36:19.446,10.356,lower,0.058749999999999636,0.45812500000000034
2026-08-16 07:36:19.456,10.366,lower,-0.09750000000000036,0.4093749999999996
2026-08-16 07:36:19.466,10.376,lower,0.06562500000000027,0.4600000000000004
2026-08-16 07:36:19.476,10.386,lower,-0.04937500000000039,0.43187500000000045
2026-08-16 07:36:19.486,10.396,lower,0.031250000000000444,0.43187500000000045
2026-08-16 07:36:19.496,10.406,lower,0.06812499999999999,0.45625000000000027
2026-08-16 07:36:19.506,10.416,lower,-0.10874999999999968,0.41124999999999967
2026-08-16 07:36:19.516,10.426,lower,0.07249999999999979,0.45375000000000054
2026-08-16 07:36:19.526,10.436,lower,-0.07937500000000042,0.4281250000000003
2026-08-16 07:36:19.536,10.446,lower,0.0187499999999996,0.43499999999999983
2026-08-16 07:36:19.546,10.456,lower,0.05624999999999991,0.4575000000000007
2026-08-16 07:36:19.556,10.466,lower,-0.0924999999999998,0.41000000000000036
2026-08-16 07:36:19.566,10.476,lower,0.06687500000000068,0.4575000000000007
2026-08-16 07:36:19.576,10.486,lower,-0.05812499999999998,0.4268749999999999
2026-08-16 07:36:19.586,10.496,lower,0.030000000000000027,0.43875
2026-08-16 07:36:19.596,10.506,lower,0.06312500000000054,0.4575000000000007
2026-08-16 07:36:19.606,10.516,lower,-0.10687499999999961,0.40874999999999995
2026-08-16 07:36:19.616,10.526,lower,0.06937500000000041,0.4575000000000007
2026-08-16 07:36:19.626,10.536,lower,-0.09062499999999973,0.4356250000000006
2026-08-16 07:36:19.636,10.546,lower,0.018124999999999947,0.4400000000000004
2026-08-16 07:36:19.646,10.556,lower,0.06812499999999999,0.45937499999999964
2026-08-16 07:36:19.656,10.566,lower,-0.09187500000000015,0.410625
2026-08-16 07:36:19.666,10.576,lower,0.07187500000000013,0.45812500000000034
2026-08-16 07:36:19.676,10.586,lower,-0.06312499999999943,0.43062500000000004
2026-08-16 07:36:19.686,10.596,lower,0.03249999999999975,0.43750000000000067
2026-08-16 07:36:19.696,10.606,lower,0.0637500000000002,0.45875
2026-08-16 07:36:19.706,10.616,lower,-0.10000000000000009,0.41000000000000036
2026-08-16 07:36:19.716,10.626,lower,0.0737500000000002,0.46062500000000006
2026-08-16 07:36:19.726,10.636,lower,-0.09187500000000015,0.4312499999999997
2026-08-16 07:36:19.736,10.646,lower,0.02562500000000023,0.4312499999999997
2026-08-16 07:36:19.746,10.656,lower,0.06874999999999964,0.4568749999999999
2026-08-16 07:36:19.756,10.666,lower,-0.08499999999999952,0.41437500000000016
2026-08-16 07:36:19.766,10.676,lower,0.07000000000000006,0.4575000000000007
2026-08-16 07:36:19.776,10.686,lower,-0.0737500000000002,0.4293749999999996
2026-08-16 07:36:19.786,10.696,lower,0.03562500000000024,0.43499999999999983
2026-08-16 07:36:19.796,10.706,lower,0.0593750000000004,0.45937499999999964
2026-08-16 07:36:19.806,10.716,lower,-0.10249999999999981,0.4125000000000001
2026-08-16 07:36:19.816,10.726,lower,0.06312500000000054,0.45625000000000027
2026-08-16 07:36:19.826,10.736,lower,-0.09874999999999967,0.42625000000000024
2026-08-16 07:36:19.836,10.746,lower,0.024374999999999813,0.43625000000000025
2026-08-16 07:36:19.846,10.756,lower,0.06687500000000068,0.45875
2026-08-16 07:36:19.856,10.766,lower,-0.07937500000000042,0.41124999999999967
2026-08-16 07:36:19.866,10.776,lower,0.07062499999999972,0.4575000000000007
2026-08-16 07:36:19.876,10.786,lower,-0.07937500000000042,0.4325000000000001
2026-08-16 07:36:19.886,10.796,lower,0.010624999999999662,0.43750000000000067
2026-08-16 07:36:19.896,10.806,lower,0.05312500000000053,0.4612499999999997
2026-08-16 07:36:19.906,10.816,lower,-0.0968749999999996,0.4093749999999996
2026-08-16 07:36:19.916,10.826,lower,0.06500000000000061,0.4600000000000004
2026-08-16 07:36:19.926,10.836,lower,-0.10249999999999981,0.4343750000000002
2026-08-16 07:36:19.936,10.846,lower,0.029375000000000373,0.44187500000000046
2026-08-16 07:36:19.946,10.856,lower,0.06312500000000054,0.4612499999999997
2026-08-16 07:36:19.956,10.866,lower,-0.07000000000000006,0.4093749999999996
2026-08-16 07:36:19.966,10.876,lower,0.07249999999999979,0.46375000000000055
2026-08-16 07:36:19.976,10.886,lower,-0.08687499999999959,0.4300000000000004
2026-08-16 07:36:19.986,10.896,lower,0.01687500000000064,0.43062500000000004
2026-08-16 07:36:19.996,10.906,lower,0.04812499999999997,0.46062500000000006
2026-08-16 07:36:20.006,10.916,lower,-0.09624999999999995,0.4093749999999996
2026-08-16 07:36:20.016,10.926,lower,0.06874999999999964,0.4600000000000004
2026-08-16 07:36:20.026,10.936,lower,-0.10812500000000003,0.4268749999999999
2026-08-16 07:36:20.036,10.946,lower,0.02562500000000023,0.4368749999999999
2026-08-16 07:36:20.046,10.956,lower,0.06249999999999978,0.45625000000000027
2026-08-16 07:36:20.056,10.966,lower,-0.10687499999999961,0.4137500000000005
2026-08-16 07:36:20.066,10.976,lower,0.07062499999999972,0.45937499999999964
2026-08-16 07:36:20.076,10.986,lower,-0.09312499999999946,0.42750000000000066
2026-08-16 07:36:20.086,10.996,lower,0.020000000000000018,0.4381250000000003
2026-08-16 07:36:20.096,11.006,lower,0.04062499999999969,0.45812500000000034
2026-08-16 07:36:20.106,11.016,lower,-0.09187500000000015,0.4125000000000001
2026-08-16 07:36:20.116,11.026,lower,0.06812499999999999,0.45625000000000027
2026-08-16 07:36:20.126,11.036,lower,-0.07750000000000035,0.4237500000000005
2026-08-16 07:36:20.136,11.046,lower,0.03249999999999975,0.4400000000000004
2026-08-16 07:36:20.146,11.056,lower,0.05624999999999991,0.4568749999999999
2026-08-16 07:36:20.156,11.066,lower,-0.10375000000000023,0.41312499999999974
2026-08-16 07:36:20.166,11.076,lower,0.07000000000000006,0.45812500000000034
2026-08-16 07:36:20.176,11.086,lower,-0.09874999999999967,0.4281250000000003
2026-08-16 07:36:20.186,11.096,lower,0.022499999999999742,0.4400000000000004
2026-08-16 07:36:20.196,11.106,lower,0.031250000000000444,0.45812500000000034
2026-08-16 07:36:20.206,11.116,lower,-0.08499999999999952,0.40750000000000064
2026-08-16 07:36:20.216,11.126,lower,0.06812499999999999,0.4600000000000004
2026-08-16 07:36:20.226,11.136,lower,-0.0824999999999998,0.4281250000000003
2026-08-16 07:36:20.236,11.146,lower,0.03437499999999982,0.44375000000000053
2026-08-16 07:36:20.246,11.156,lower,0.05312500000000053,0.45812500000000034
2026-08-16 07:36:20.256,11.166,lower,-0.09937499999999932,0.4068749999999999
2026-08-16 07:36:20.266,11.176,lower,0.07000000000000006,0.4631249999999998
2026-08-16 07:36:20.276,11.186,lower,-0.10062499999999974,0.42437500000000017
2026-08-16 07:36:20.286,11.196,lower,0.02562500000000023,0.43625000000000025
2026-08-16 07:36:20.296,11.206,lower,0.06249999999999978,0.4568749999999999
2026-08-16 07:36:20.306,11.216,lower,-0.07437499999999986,0.41187500000000044
2026-08-16 07:36:20.316,11.226,lower,0.06874999999999964,0.4600000000000004
2026-08-16 07:36:20.326,11.236,lower,-0.08312499999999945,0.4225000000000001
2026-08-16 07:36:20.336,11.246,lower,0.03687500000000066,0.4381250000000003
2026-08-16 07:36:20.346,11.256,lower,0.050000000000000044,0.45499999999999985
2026-08-16 07:36:20.356,11.266,lower,-0.0968749999999996,0.41124999999999967
2026-08-16 07:36:20.366,11.276,lower,0.0637500000000002,0.45812500000000034
2026-08-16 07:36:20.376,11.286,lower,-0.10812500000000003,0.42187500000000044
2026-08-16 07:36:20.386,11.296,lower,0.02687500000000065,0.4412499999999997
2026-08-16 07:36:20.396,11.306,lower,0.058749999999999636,0.45812500000000034
2026-08-16 07:36:20.406,11.316,lower,-0.07062499999999972,0.4125000000000001
2026-08-16 07:36:20.416,11.326,lower,0.06687500000000068,0.4600000000000004
2026-08-16 07:36:20.426,11.336,lower,-0.09312499999999946,0.4293749999999996
2026-08-16 07:36:20.436,11.346,lower,0.043125000000000524,0.44312499999999977
2026-08-16 07:36:20.446,11.356,lower,0.04062499999999969,0.45499999999999985
2026-08-16 07:36:20.456,11.366,lower,-0.09312499999999946,0.41437500000000016
2026-08-16 07:36:20.466,11.376,lower,0.06500000000000061,0.46250000000000013
2026-08-16 07:36:20.476,11.386,lower,-0.1143749999999999,0.42437500000000017
2026-08-16 07:36:20.486,11.396,lower,0.02874999999999961,0.44375000000000053
2026-08-16 07:36:20.496,11.406,lower,0.06000000000000005,0.4600000000000004
2026-08-16 07:36:20.506,11.416,lower,-0.06562500000000027,0.410625
2026-08-16 07:36:20.516,11.426,lower,0.06874999999999964,0.4662500000000003
2026-08-16 07:36:20.526,11.436,lower,-0.09750000000000036,0.42750000000000066
2026-08-16 07:36:20.536,11.446,lower,0.02187500000000009,0.43875
2026-08-16 07:36:20.546,11.456,lower,0.033125000000000515,0.46062500000000006
2026-08-16 07:36:20.556,11.466,lower,-0.08687499999999959,0.41187500000000044
2026-08-16 07:36:20.566,11.476,lower,0.07125000000000048,0.4575000000000007
2026-08-16 07:36:20.576,11.486,lower,-0.11874999999999969,0.4249999999999998
2026-08-16 07:36:20.586,11.496,lower,0.03624999999999989,0.4381250000000003
2026-08-16 07:36:20.596,11.506,lower,0.05624999999999991,0.4543750000000002
2026-08-16 07:36:20.606,11.516,lower,-0.10624999999999996,0.41124999999999967
2026-08-16 07:36:20.616,11.526,lower,0.06812499999999999,0.45875
2026-08-16 07:36:20.626,11.536,lower,-0.10249999999999981,0.4137500000000005
2026-08-16 07:36:20.636,11.546,lower,0.021250000000000435,0.4425000000000001
2026-08-16 07:36:20.646,11.556,lower,0.02375000000000016,0.4575000000000007
2026-08-16 07:36:20.656,11.566,lower,-0.08062499999999972,0.41625000000000023
2026-08-16 07:36:20.666,11.576,lower,0.06500000000000061,0.4600000000000004
2026-08-16 07:36:20.676,11.586,lower,-0.11937499999999934,0.42874999999999996
2026-08-16 07:36:20.686,11.596,lower,0.03750000000000031,0.44499999999999984
2026-08-16 07:36:20.696,11.606,lower,0.050000000000000044,0.4568749999999999
2026-08-16 07:36:20.706,11.616,lower,-0.10249999999999981,0.41625000000000023
2026-08-16 07:36:20.716,11.626,lower,0.07312500000000055,0.4618750000000005
2026-08-16 07:36:20.726,11.636,lower,-0.10750000000000037,0.4256250000000006
2026-08-16 07:36:20.736,11.646,lower,0.027500000000000302,0.4443750000000002
2026-08-16 07:36:20.746,11.656,lower,0.02187500000000009,0.45875
2026-08-16 07:36:20.756,11.666,lower,-0.07312499999999944,0.4093749999999996
2026-08-16 07:36:20.766,11.676,lower,0.06750000000000034,0.46062500000000006
2026-08-16 07:36:20.776,11.686,lower,-0.09124999999999939,0.4249999999999998
2026-08-16 07:36:20.786,11.696,lower,0.040000000000000036,0.4381250000000003
2026-08-16 07:36:20.796,11.706,lower,0.043125000000000524,0.4568749999999999
2026-08-16 07:36:20.806,11.716,lower,-0.0924999999999998,0.4137500000000005
2026-08-16 07:36:20.816,11.726,lower,0.07062499999999972,0.4643750000000002
2026-08-16 07:36:20.826,11.736,lower,-0.11499999999999955,0.4256250000000006
2026-08-16 07:36:20.836,11.746,lower,0.028124999999999956,0.4412499999999997
2026-08-16 07:36:20.846,11.756,lower,0.058749999999999636,0.45875
2026-08-16 07:36:20.856,11.766,lower,-0.07000000000000006,0.41312499999999974
2026-08-16 07:36:20.866,11.776,lower,0.06874999999999964,0.4600000000000004
2026-08-16 07:36:20.876,11.786,lower,-0.09750000000000036,0.4212499999999997
2026-08-16 07:36:20.886,11.796,lower,0.040000000000000036,0.4400000000000004
2026-08-16 07:36:20.896,11.806,lower,0.03437499999999982,0.4568749999999999
2026-08-16 07:36:20.906,11.816,lower,-0.08687499999999959,0.410625
2026-08-16 07:36:20.916,11.826,lower,0.06750000000000034,0.4575000000000007
2026-08-16 07:36:20.926,11.836,lower,-0.11812500000000004,0.4181250000000003
2026-08-16 07:36:20.936,11.846,lower,0.035000000000000586,0.44375000000000053
2026-08-16 07:36:20.946,11.856,lower,0.055000000000000604,0.45812500000000034
2026-08-16 07:36:20.956,11.866,lower,-0.0593750000000004,0.4168749999999999
2026-08-16 07:36:20.966,11.876,lower,0.07187500000000013,0.4618750000000005
2026-08-16 07:36:20.976,11.886,lower,-0.10187500000000016,0.42625000000000024
2026-08-16 07:36:20.986,11.896,lower,0.040000000000000036,0.4500000000000004
2026-08-16 07:36:20.996,11.906,lower,0.027500000000000302,0.45625000000000027
2026-08-16 07:36:21.006,11.916,lower,-0.078125,0.41124999999999967
2026-08-16 07:36:21.016,11.926,lower,0.06750000000000034,0.4631249999999998
2026-08-16 07:36:21.026,11.936,lower,-0.1200000000000001,0.42312499999999975
2026-08-16 07:36:21.036,11.946,lower,0.03750000000000031,0.4475000000000007
2026-08-16 07:36:21.046,11.956,lower,0.04937500000000039,0.45875
2026-08-16 07:36:21.056,11.966,lower,-0.05437499999999984,0.4149999999999998
2026-08-16 07:36:21.066,11.976,lower,0.07312500000000055,0.46375000000000055
2026-08-16 07:36:21.076,11.986,lower,-0.1056250000000003,0.4225000000000001
2026-08-16 07:36:21.086,11.996,lower,0.045000000000000595,0.43875
2026-08-16 07:36:21.096,12.006,lower,0.02375000000000016,0.4531249999999998
2026-08-16 07:36:21.106,12.016,lower,-0.07499999999999951,0.4125000000000001
2026-08-16 07:36:21.116,12.026,lower,0.06562500000000027,0.4575000000000007
2026-08-16 07:36:21.126,12.036,lower,-0.12312499999999948,0.4212499999999997
2026-08-16 07:36:21.136,12.046,lower,0.03874999999999962,0.44312499999999977
2026-08-16 07:36:21.146,12.056,lower,0.04562500000000025,0.4525000000000001
2026-08-16 07:36:21.156,12.066,lower,-0.044999999999999485,0.4149999999999998
2026-08-16 07:36:21.166,12.076,lower,0.07187500000000013,0.45625000000000027
2026-08-16 07:36:21.176,12.086,lower,-0.10874999999999968,0.4200000000000004
2026-08-16 07:36:21.186,12.096,lower,0.025000000000000577,0.44499999999999984
2026-08-16 07:36:21.196,12.106,lower,0.015625000000000222,0.4568749999999999
2026-08-16 07:36:21.206,12.116,lower,-0.06937500000000041,0.41437500000000016
2026-08-16 07:36:21.216,12.126,lower,0.06937500000000041,0.4612499999999997
2026-08-16 07:36:21.226,12.136,lower,-0.12375000000000025,0.4268749999999999
2026-08-16 07:36:21.236,12.146,lower,0.040000000000000036,0.44499999999999984
2026-08-16 07:36:21.246,12.156,lower,0.04125000000000045,0.4556250000000006
2026-08-16 07:36:21.256,12.166,lower,-0.09187500000000015,0.4200000000000004
2026-08-16 07:36:21.266,12.176,lower,0.06937500000000041,0.46375000000000055
2026-08-16 07:36:21.276,12.186,lower,-0.11375000000000024,0.4225000000000001
2026-08-16 07:36:21.286,12.196,lower,0.03437499999999982,0.44937499999999964
2026-08-16 07:36:21.296,12.206,lower,0.007500000000000284,0.4543750000000002
2026-08-16 07:36:21.306,12.216,lower,-0.06312499999999943,0.410625
2026-08-16 07:36:21.316,12.226,lower,0.07312500000000055,0.46250000000000013
2026-08-16 07:36:21.326,12.236,lower,-0.12375000000000025,0.41874999999999996
2026-08-16 07:36:21.336,12.246,lower,0.045000000000000595,0.4400000000000004
2026-08-16 07:36:21.346,12.256,lower,0.033125000000000515,0.4512499999999997
2026-08-16 07:36:21.356,12.266,lower,-0.08375000000000021,0.41437500000000016
2026-08-16 07:36:21.366,12.276,lower,0.07249999999999979,0.4575000000000007
2026-08-16 07:36:21.376,12.286,lower,-0.11499999999999955,0.4168749999999999
2026-08-16 07:36:21.386,12.296,lower,0.03750000000000031,0.44187500000000046
2026-08-16 07:36:21.396,12.306,lower,0.001875000000000071,0.44937499999999964
2026-08-16 07:36:21.406,12.316,lower,-0.054999999999999494,0.41187500000000044
2026-08-16 07:36:21.416,12.326,lower,0.07000000000000006,0.45875
2026-08-16 07:36:21.426,12.336,lower,-0.10812500000000003,0.41874999999999996
2026-08-16 07:36:21.436,12.346,lower,0.04750000000000032,0.4443750000000002
2026-08-16 07:36:21.446,12.356,lower,0.02874999999999961,0.4575000000000007
2026-08-16 07:36:21.456,12.366,lower,-0.07687499999999958,0.41874999999999996
2026-08-16 07:36:21.466,12.376,lower,0.07187500000000013,0.4612499999999997
2026-08-16 07:36:21.476,12.386,lower,-0.11937499999999934,0.4281250000000003
2026-08-16 07:36:21.486,12.396,lower,0.03874999999999962,0.44937499999999964
2026-08-16 07:36:21.496,12.406,lower,0.04812499999999997,0.45499999999999985
2026-08-16 07:36:21.506,12.416,lower,-0.04562500000000025,0.4193749999999996
2026-08-16 07:36:21.516,12.426,lower,0.07125000000000048,0.46499999999999986
2026-08-16 07:36:21.526,12.436,lower,-0.10499999999999954,0.4237500000000005
2026-08-16 07:36:21.536,12.446,lower,0.051875000000000115,0.4500000000000004
2026-08-16 07:36:21.546,12.456,lower,0.017500000000000293,0.45625000000000027
2026-08-16 07:36:21.556,12.466,lower,-0.07062499999999972,0.41187500000000044
2026-08-16 07:36:21.566,12.476,lower,0.07500000000000062,0.4618750000000005
2026-08-16 07:36:21.576,12.486,lower,-0.12375000000000025,0.41750000000000065
2026-08-16 07:36:21.586,12.496,lower,0.04249999999999976,0.4393749999999996
2026-08-16 07:36:21.596,12.506,lower,0.045000000000000595,0.4525000000000001
2026-08-16 07:36:21.606,12.516,lower,-0.038124999999999964,0.41312499999999974
2026-08-16 07:36:21.616,12.526,lower,0.07062499999999972,0.46375000000000055
2026-08-16 07:36:21.626,12.536,lower,-0.11249999999999982,0.41625000000000023
2026-08-16 07:36:21.636,12.546,lower,0.05125000000000046,0.4412499999999997
2026-08-16 07:36:21.646,12.556,lower,0.010000000000000009,0.44625000000000026
2026-08-16 07:36:21.656,12.566,lower,-0.06687499999999957,0.4156250000000006
2026-08-16 07:36:21.666,12.576,lower,0.07312500000000055,0.45937499999999964
2026-08-16 07:36:21.676,12.586,lower,-0.12499999999999956,0.4149999999999998
2026-08-16 07:36:21.686,12.596,lower,0.04125000000000045,0.4468749999999999
2026-08-16 07:36:21.696,12.606,lower,0.03750000000000031,0.4543750000000002
2026-08-16 07:36:21.706,12.616,lower,-0.03437499999999982,0.420625
2026-08-16 07:36:21.716,12.626,lower,0.07249999999999979,0.4556250000000006
2026-08-16 07:36:21.726,12.636,lower,-0.11499999999999955,0.4156250000000006
2026-08-16 07:36:21.736,12.646,lower,0.03562500000000024,0.4475000000000007
2026-08-16 07:36:21.746,12.656,lower,0.003750000000000142,0.45625000000000027
2026-08-16 07:36:21.756,12.666,lower,-0.05437499999999984,0.4181250000000003
2026-08-16 07:36:21.766,12.676,lower,0.07687499999999958,0.4618750000000005
2026-08-16 07:36:21.776,12.686,lower,-0.12687499999999963,0.42312499999999975
2026-08-16 07:36:21.786,12.696,lower,0.04874999999999963,0.44812500000000033
2026-08-16 07:36:21.796,12.706,lower,0.0318750000000001,0.45625000000000027
2026-08-16 07:36:21.806,12.716,lower,-0.02874999999999961,0.4137500000000005
2026-08-16 07:36:21.816,12.726,lower,0.07750000000000035,0.4618750000000005
2026-08-16 07:36:21.826,12.736,lower,-0.11874999999999969,0.4225000000000001
2026-08-16 07:36:21.836,12.746,lower,0.03437499999999982,0.4531249999999998
2026-08-16 07:36:21.846,12.756,lower,-0.0024999999999997247,0.45625000000000027
2026-08-16 07:36:21.856,12.766,lower,-0.051875000000000115,0.41000000000000036
2026-08-16 07:36:21.866,12.776,lower,0.06687500000000068,0.45937499999999964
2026-08-16 07:36:21.876,12.786,lower,-0.12624999999999997,0.41625000000000023
2026-08-16 07:36:21.886,12.796,lower,0.04874999999999963,0.4400000000000004
2026-08-16 07:36:21.896,12.806,lower,0.020000000000000018,0.44812500000000033
2026-08-16 07:36:21.906,12.816,lower,-0.07687499999999958,0.4137500000000005
2026-08-16 07:36:21.916,12.826,lower,0.07312500000000055,0.45875
2026-08-16 07:36:21.926,12.836,lower,-0.12375000000000025,0.4149999999999998
2026-08-16 07:36:21.936,12.846,lower,0.04062499999999969,0.44312499999999977
2026-08-16 07:36:21.946,12.856,lower,-0.010000000000000009,0.44812500000000033
2026-08-16 07:36:21.956,12.866,lower,-0.04437499999999983,0.4181250000000003
2026-08-16 07:36:21.966,12.876,lower,0.07187500000000013,0.4612499999999997
2026-08-16 07:36:21.976,12.886,lower,-0.12562500000000032,0.41625000000000023
2026-08-16 07:36:21.986,12.896,lower,0.04937500000000039,0.44625000000000026
2026-08-16 07:36:21.996,12.906,lower,0.013125000000000497,0.45187500000000047
2026-08-16 07:36:22.006,12.916,lower,-0.06687499999999957,0.4212499999999997
2026-08-16 07:36:22.016,12.926,lower,0.07562500000000028,0.45937499999999964
2026-08-16 07:36:22.026,12.936,lower,-0.12499999999999956,0.4212499999999997
2026-08-16 07:36:22.036,12.946,lower,0.04062499999999969,0.4500000000000004
2026-08-16 07:36:22.046,12.956,lower,-0.013750000000000151,0.45187500000000047
2026-08-16 07:36:22.056,12.966,lower,-0.03624999999999989,0.42312499999999975
2026-08-16 07:36:22.066,12.976,lower,0.0737500000000002,0.4618750000000005
2026-08-16 07:36:22.076,12.986,lower,-0.11874999999999969,0.4156250000000006
2026-08-16 07:36:22.086,12.996,lower,0.05312500000000053,0.45187500000000047
2026-08-16 07:36:22.096,13.006,lower,0.007500000000000284,0.45499999999999985
2026-08-16 07:36:22.106,13.016,lower,-0.06437499999999985,0.4137500000000005
2026-08-16 07:36:22.116,13.026,lower,0.07062499999999972,0.4618750000000005
2026-08-16 07:36:22.126,13.036,lower,-0.12562500000000032,0.4137500000000005
2026-08-16 07:36:22.136,13.046,lower,0.0462499999999999,0.44187500000000046
2026-08-16 07:36:22.146,13.056,lower,0.03062499999999968,0.4512499999999997
2026-08-16 07:36:22.156,13.066,lower,-0.0318750000000001,0.41187500000000044
2026-08-16 07:36:22.166,13.076,lower,0.07437499999999986,0.46375000000000055
2026-08-16 07:36:22.176,13.086,lower,-0.1200000000000001,0.40874999999999995
2026-08-16 07:36:22.186,13.096,lower,0.051875000000000115,0.4425000000000001
2026-08-16 07:36:22.196,13.106,lower,-0.001875000000000071,0.4443750000000002
2026-08-16 07:36:22.206,13.116,lower,-0.05312499999999942,0.41874999999999996
2026-08-16 07:36:22.216,13.126,lower,0.07062499999999972,0.45937499999999964
2026-08-16 07:36:22.226,13.136,lower,-0.12375000000000025,0.410625
2026-08-16 07:36:22.236,13.146,lower,0.04812499999999997,0.4468749999999999
2026-08-16 07:36:22.246,13.156,lower,0.02187500000000009,0.4556250000000006
2026-08-16 07:36:22.256,13.166,lower,-0.022499999999999742,0.4212499999999997
2026-08-16 07:36:22.266,13.176,lower,0.07437499999999986,0.4618750000000005
2026-08-16 07:36:22.276,13.186,lower,-0.12312499999999948,0.4193749999999996
2026-08-16 07:36:22.286,13.196,lower,0.05562500000000026,0.4512499999999997
2026-08-16 07:36:22.296,13.206,lower,-0.010624999999999662,0.44937499999999964
2026-08-16 07:36:22.306,13.216,lower,-0.04750000000000032,0.42187500000000044
2026-08-16 07:36:22.316,13.226,lower,0.07187500000000013,0.46062500000000006
2026-08-16 07:36:22.326,13.236,lower,-0.12624999999999997,0.4149999999999998
2026-08-16 07:36:22.336,13.246,lower,0.0462499999999999,0.45187500000000047
2026-08-16 07:36:22.346,13.256,lower,0.016249999999999876,0.44812500000000033
2026-08-16 07:36:22.356,13.266,lower,-0.019375000000000364,0.4156250000000006
2026-08-16 07:36:22.366,13.276,lower,0.06937500000000041,0.4612499999999997
2026-08-16 07:36:22.376,13.286,lower,-0.12562500000000032,0.41625000000000023
2026-08-16 07:36:22.386,13.296,lower,0.03750000000000031,0.44187500000000046
2026-08-16 07:36:22.396,13.306,lower,-0.014999999999999458,0.44312499999999977
2026-08-16 07:36:22.406,13.316,lower,-0.04249999999999976,0.4125000000000001
2026-08-16 07:36:22.416,13.326,lower,0.06937500000000041,0.45812500000000034
2026-08-16 07:36:22.426,13.336,lower,-0.12687499999999963,0.4149999999999998
2026-08-16 07:36:22.436,13.346,lower,0.050000000000000044,0.4443750000000002
2026-08-16 07:36:22.446,13.356,lower,0.006249999999999867,0.4468749999999999
2026-08-16 07:36:22.456,13.366,lower,-0.010000000000000009,0.4168749999999999
2026-08-16 07:36:22.466,13.376,lower,0.07062499999999972,0.4618750000000005
2026-08-16 07:36:22.476,13.386,lower,-0.12624999999999997,0.41187500000000044
2026-08-16 07:36:22.486,13.396,lower,0.04187500000000011,0.44875
2026-08-16 07:36:22.496,13.406,lower,-0.024374999999999813,0.4525000000000001
2026-08-16 07:36:22.506,13.416,lower,-0.03437499999999982,0.4200000000000004
2026-08-16 07:36:22.516,13.426,lower,0.07312500000000055,0.45937499999999964
2026-08-16 07:36:22.526,13.436,lower,-0.12687499999999963,0.41187500000000044
2026-08-16 07:36:22.536,13.446,lower,0.0506249999999997,0.44937499999999964
2026-08-16 07:36:22.546,13.456,lower,0.0024999999999997247,0.4525000000000001
2026-08-16 07:36:22.556,13.466,lower,-0.0593750000000004,0.4237500000000005
2026-08-16 07:36:22.566,13.476,lower,0.06750000000000034,0.46250000000000013
2026-08-16 07:36:22.576,13.486,lower,-0.12375000000000025,0.41750000000000065
2026-08-16 07:36:22.586,13.496,lower,0.045000000000000595,0.4531249999999998
2026-08-16 07:36:22.596,13.506,lower,-0.02874999999999961,0.4525000000000001
2026-08-16 07:36:22.606,13.516,lower,-0.026874999999999538,0.41187500000000044
2026-08-16 07:36:22.616,13.526,lower,0.06937500000000041,0.46062500000000006
2026-08-16 07:36:22.626,13.536,lower,-0.1287499999999997,0.41124999999999967
2026-08-16 07:36:22.636,13.546,lower,0.053750000000000187,0.4531249999999998
2026-08-16 07:36:22.646,13.556,lower,-0.009375000000000355,0.4468749999999999
2026-08-16 07:36:22.656,13.566,lower,-0.05812499999999998,0.41437500000000016
2026-08-16 07:36:22.666,13.576,lower,0.07000000000000006,0.46062500000000006
2026-08-16 07:36:22.676,13.586,lower,-0.13000000000000012,0.4137500000000005
2026-08-16 07:36:22.686,13.596,lower,0.04187500000000011,0.44812500000000033
2026-08-16 07:36:22.696,13.606,lower,-0.03624999999999989,0.44499999999999984
2026-08-16 07:36:22.706,13.616,lower,-0.019375000000000364,0.4156250000000006
2026-08-16 07:36:22.716,13.626,lower,0.07062499999999972,0.4618750000000005
2026-08-16 07:36:22.726,13.636,lower,-0.1275000000000004,0.4137500000000005
2026-08-16 07:36:22.736,13.646,lower,0.05312500000000053,0.4500000000000004
2026-08-16 07:36:22.746,13.656,lower,-0.018124999999999947,0.4425000000000001
2026-08-16 07:36:22.756,13.666,lower,-0.043124999999999414,0.420625
2026-08-16 07:36:22.766,13.676,lower,0.06937500000000041,0.4612499999999997
2026-08-16 07:36:22.776,13.686,lower,-0.13000000000000012,0.41124999999999967
2026-08-16 07:36:22.786,13.696,lower,0.04812499999999997,0.4512499999999997
2026-08-16 07:36:22.796,13.706,lower,0.009375000000000355,0.4525000000000001
2026-08-16 07:36:22.806,13.716,lower,-0.014999999999999458,0.4249999999999998
2026-08-16 07:36:22.816,13.726,lower,0.07312500000000055,0.4612499999999997
2026-08-16 07:36:22.826,13.736,lower,-0.12499999999999956,0.41750000000000065
2026-08-16 07:36:22.836,13.746,lower,0.05437499999999984,0.45625000000000027
2026-08-16 07:36:22.846,13.756,lower,-0.02062499999999967,0.45187500000000047
2026-08-16 07:36:22.856,13.766,lower,-0.03750000000000031,0.41187500000000044
2026-08-16 07:36:22.866,13.776,lower,0.06874999999999964,0.46250000000000013
2026-08-16 07:36:22.876,13.786,lower,-0.13000000000000012,0.41312499999999974
2026-08-16 07:36:22.886,13.796,lower,0.04874999999999963,0.4531249999999998
2026-08-16 07:36:22.896,13.806,lower,0.0,0.4443750000000002
2026-08-16 07:36:22.906,13.816,lower,-0.010624999999999662,0.4149999999999998
2026-08-16 07:36:22.916,13.826,lower,0.07187500000000013,0.4618750000000005
2026-08-16 07:36:22.926,13.836,lower,-0.13000000000000012,0.4149999999999998
2026-08-16 07:36:22.936,13.846,lower,0.05624999999999991,0.4443750000000002
2026-08-16 07:36:22.946,13.856,lower,-0.026874999999999538,0.4443750000000002
2026-08-16 07:36:22.956,13.866,lower,-0.029375000000000373,0.41874999999999996
2026-08-16 07:36:22.966,13.876,lower,0.06687500000000068,0.46375000000000055
2026-08-16 07:36:22.976,13.886,lower,-0.12375000000000025,0.41312499999999974
2026-08-16 07:36:22.986,13.896,lower,0.053750000000000187,0.45062500000000005
2026-08-16 07:36:22.996,13.906,lower,-0.004999999999999449,0.44187500000000046
2026-08-16 07:36:23.006,13.916,lower,-0.0024999999999997247,0.42312499999999975
2026-08-16 07:36:23.016,13.926,lower,0.07249999999999979,0.46250000000000013
2026-08-16 07:36:23.026,13.936,lower,-0.12812500000000004,0.4125000000000001
2026-08-16 07:36:23.036,13.946,lower,0.040000000000000036,0.45062500000000005
2026-08-16 07:36:23.046,13.956,lower,-0.033124999999999405,0.4500000000000004
2026-08-16 07:36:23.056,13.966,lower,-0.02375000000000016,0.42874999999999996
2026-08-16 07:36:23.066,13.976,lower,0.06812499999999999,0.4612499999999997
2026-08-16 07:36:23.076,13.986,lower,-0.12249999999999983,0.4149999999999998
2026-08-16 07:36:23.086,13.996,lower,0.05624999999999991,0.45187500000000047
2026-08-16 07:36:23.096,14.006,lower,-0.010624999999999662,0.44625000000000026
2026-08-16 07:36:23.106,14.016,lower,-0.050000000000000044,0.4256250000000006
2026-08-16 07:36:23.116,14.026,lower,0.06562500000000027,0.4618750000000005
2026-08-16 07:36:23.126,14.036,lower,-0.13062499999999977,0.410625
2026-08-16 07:36:23.136,14.046,lower,0.04437499999999983,0.4525000000000001
2026-08-16 07:36:23.146,14.056,lower,-0.043124999999999414,0.4468749999999999
2026-08-16 07:36:23.156,14.066,lower,-0.022499999999999742,0.4168749999999999
2026-08-16 07:36:23.166,14.076,lower,0.07187500000000013,0.46250000000000013
2026-08-16 07:36:23.176,14.086,lower,-0.12312499999999948,0.4156250000000006
2026-08-16 07:36:23.186,14.096,lower,0.05437499999999984,0.44625000000000026
2026-08-16 07:36:23.196,14.106,lower,-0.015625000000000222,0.44499999999999984
2026-08-16 07:36:23.206,14.116,lower,-0.03874999999999962,0.4156250000000006
2026-08-16 07:36:23.216,14.126,lower,0.06750000000000034,0.4631249999999998
2026-08-16 07:36:23.226,14.136,lower,-0.12624999999999997,0.4093749999999996
2026-08-16 07:36:23.236,14.146,lower,0.05249999999999977,0.44312499999999977
2026-08-16 07:36:23.246,14.156,lower,-0.0506249999999997,0.4393749999999996
2026-08-16 07:36:23.256,14.166,lower,-0.008124999999999938,0.4237500000000005
2026-08-16 07:36:23.266,14.176,lower,0.0737500000000002,0.45812500000000034
2026-08-16 07:36:23.276,14.186,lower,-0.13249999999999984,0.41187500000000044
2026-08-16 07:36:23.286,14.196,lower,0.06249999999999978,0.45187500000000047
2026-08-16 07:36:23.296,14.206,lower,-0.024374999999999813,0.4512499999999997
2026-08-16 07:36:23.306,14.216,lower,-0.031249999999999334,0.4281250000000003
2026-08-16 07:36:23.316,14.226,lower,0.07187500000000013,0.46250000000000013
2026-08-16 07:36:23.326,14.236,lower,-0.12375000000000025,0.4125000000000001
2026-08-16 07:36:23.336,14.246,lower,0.05125000000000046,0.4556250000000006
2026-08-16 07:36:23.346,14.256,lower,-0.05312499999999942,0.44875
2026-08-16 07:36:23.356,14.266,lower,-0.0024999999999997247,0.4293749999999996
2026-08-16 07:36:23.366,14.276,lower,0.06812499999999999,0.46250000000000013
2026-08-16 07:36:23.376,14.286,lower,-0.12624999999999997,0.41187500000000044
2026-08-16 07:36:23.386,14.296,lower,0.05812499999999998,0.4568749999999999
2026-08-16 07:36:23.396,14.306,lower,-0.028124999999999956,0.44625000000000026
2026-08-16 07:36:23.406,14.316,lower,-0.024999999999999467,0.4193749999999996
2026-08-16 07:36:23.416,14.326,lower,0.07125000000000048,0.46375000000000055
2026-08-16 07:36:23.426,14.336,lower,-0.1243749999999999,0.41187500000000044
2026-08-16 07:36:23.436,14.346,lower,0.05750000000000033,0.45625000000000027
2026-08-16 07:36:23.446,14.356,lower,-0.007500000000000284,0.44499999999999984
2026-08-16 07:36:23.456,14.366,lower,-0.0006249999999996536,0.4193749999999996
2026-08-16 07:36:23.466,14.376,lower,0.06812499999999999,0.4643750000000002
2026-08-16 07:36:23.476,14.386,lower,-0.1275000000000004,0.41124999999999967
2026-08-16 07:36:23.486,14.396,lower,0.061875000000000124,0.4475000000000007
2026-08-16 07:36:23.496,14.406,lower,-0.038124999999999964,0.4393749999999996
2026-08-16 07:36:23.506,14.416,lower,-0.017500000000000293,0.42187500000000044
2026-08-16 07:36:23.516,14.426,lower,0.07000000000000006,0.46250000000000013
2026-08-16 07:36:23.526,14.436,lower,-0.12687499999999963,0.41124999999999967
2026-08-16 07:36:23.536,14.446,lower,0.056875000000000675,0.4531249999999998
2026-08-16 07:36:23.546,14.456,lower,-0.01187500000000008,0.4393749999999996
2026-08-16 07:36:23.556,14.466,lower,0.0031250000000004885,0.42750000000000066
2026-08-16 07:36:23.566,14.476,lower,0.07125000000000048,0.4643750000000002
2026-08-16 07:36:23.576,14.486,lower,-0.12687499999999963,0.4137500000000005
2026-08-16 07:36:23.586,14.496,lower,0.0637500000000002,0.45375000000000054
2026-08-16 07:36:23.596,14.506,lower,-0.04437499999999983,0.44625000000000026
2026-08-16 07:36:23.606,14.516,lower,-0.014374999999999805,0.42874999999999996
2026-08-16 07:36:23.616,14.526,lower,0.06812499999999999,0.4631249999999998
2026-08-16 07:36:23.626,14.536,lower,-0.11750000000000038,0.4125000000000001
2026-08-16 07:36:23.636,14.546,lower,0.05750000000000033,0.45499999999999985
2026-08-16 07:36:23.646,14.556,lower,-0.02562500000000023,0.4400000000000004
2026-08-16 07:36:23.656,14.566,lower,0.008749999999999591,0.4300000000000004
2026-08-16 07:36:23.666,14.576,lower,0.07187500000000013,0.45875
2026-08-16 07:36:23.676,14.586,lower,-0.12562500000000032,0.41000000000000036
2026-08-16 07:36:23.686,14.596,lower,0.05125000000000046,0.45499999999999985
2026-08-16 07:36:23.696,14.606,lower,-0.050000000000000044,0.44187500000000046
2026-08-16 07:36:23.706,14.616,lower,-0.009375000000000355,0.4237500000000005
2026-08-16 07:36:23.716,14.626,lower,0.07500000000000062,0.45875
2026-08-16 07:36:23.726,14.636,lower,-0.11249999999999982,0.41187500000000044
2026-08-16 07:36:23.736,14.646,lower,0.06062499999999971,0.4500000000000004
2026-08-16 07:36:23.746,14.656,lower,-0.028124999999999956,0.43875
2026-08-16 07:36:23.756,14.666,lower,-0.02874999999999961,0.4249999999999998
2026-08-16 07:36:23.766,14.676,lower,0.06812499999999999,0.46250000000000013
2026-08-16 07:36:23.776,14.686,lower,-0.12124999999999941,0.410625
2026-08-16 07:36:23.786,14.696,lower,0.055000000000000604,0.45187500000000047
2026-08-16 07:36:23.796,14.706,lower,-0.054999999999999494,0.4393749999999996
2026-08-16 07:36:23.806,14.716,lower,0.0,0.42750000000000066
2026-08-16 07:36:23.816,14.726,lower,0.07500000000000062,0.45937499999999964
2026-08-16 07:36:23.826,14.736,lower,-0.1100000000000001,0.41124999999999967
2026-08-16 07:36:23.836,14.746,lower,0.06562500000000027,0.45625000000000027
2026-08-16 07:36:23.846,14.756,lower,-0.033124999999999405,0.44625000000000026
2026-08-16 07:36:23.856,14.766,lower,-0.021249999999999325,0.43062500000000004
2026-08-16 07:36:23.866,14.776,lower,0.06937500000000041,0.45812500000000034
2026-08-16 07:36:23.876,14.786,lower,-0.12249999999999983,0.41124999999999967
2026-08-16 07:36:23.886,14.796,lower,0.05812499999999998,0.4531249999999998
2026-08-16 07:36:23.896,14.806,lower,-0.06687499999999957,0.4381250000000003
2026-08-16 07:36:23.906,14.816,lower,0.001875000000000071,0.4300000000000004
2026-08-16 07:36:23.916,14.826,lower,0.07562500000000028,0.4618750000000005
2026-08-16 07:36:23.926,14.836,lower,-0.12562500000000032,0.41124999999999967
2026-08-16 07:36:23.936,14.846,lower,0.06624999999999992,0.45812500000000034
2026-08-16 07:36:23.946,14.856,lower,-0.038124999999999964,0.44187500000000046
2026-08-16 07:36:23.956,14.866,lower,-0.014374999999999805,0.4225000000000001
2026-08-16 07:36:23.966,14.876,lower,0.06750000000000034,0.4631249999999998
2026-08-16 07:36:23.976,14.886,lower,-0.11687499999999962,0.4125000000000001
2026-08-16 07:36:23.986,14.896,lower,0.06062499999999971,0.4525000000000001
2026-08-16 07:36:23.996,14.906,lower,-0.0187499999999996,0.43875
2026-08-16 07:36:24.006,14.916,lower,0.010000000000000009,0.4268749999999999
2026-08-16 07:36:24.016,14.926,lower,0.07062499999999972,0.4618750000000005
2026-08-16 07:36:24.026,14.936,lower,-0.13000000000000012,0.41312499999999974
2026-08-16 07:36:24.036,14.946,lower,0.06687500000000068,0.45062500000000005
2026-08-16 07:36:24.046,14.956,lower,-0.0462499999999999,0.4368749999999999
2026-08-16 07:36:24.056,14.966,lower,-0.01187500000000008,0.4293749999999996
2026-08-16 07:36:24.066,14.976,lower,0.06937500000000041,0.46250000000000013
2026-08-16 07:36:24.076,14.986,lower,-0.11750000000000038,0.4137500000000005
2026-08-16 07:36:24.086,14.996,lower,0.06062499999999971,0.4543750000000002
2026-08-16 07:36:24.096,15.006,lower,-0.024999999999999467,0.4425000000000001
2026-08-16 07:36:24.106,15.016,lower,0.012499999999999734,0.4300000000000004
2026-08-16 07:36:24.116,15.026,lower,0.06687500000000068,0.4618750000000005
2026-08-16 07:36:24.126,15.036,lower,-0.1275000000000004,0.41124999999999967
2026-08-16 07:36:24.136,15.046,lower,0.06562500000000027,0.45375000000000054
2026-08-16 07:36:24.146,15.056,lower,-0.056874999999999565,0.43875
2026-08-16 07:36:24.156,15.066,lower,-0.003750000000000142,0.43187500000000045
2026-08-16 07:36:24.166,15.076,lower,0.07125000000000048,0.45875
2026-08-16 07:36:24.176,15.086,lower,-0.11687499999999962,0.4125000000000001
2026-08-16 07:36:24.186,15.096,lower,0.06249999999999978,0.45625000000000027
2026-08-16 07:36:24.196,15.106,lower,-0.03062499999999968,0.44312499999999977
2026-08-16 07:36:24.206,15.116,lower,0.012499999999999734,0.4193749999999996
2026-08-16 07:36:24.216,15.126,lower,0.06874999999999964,0.4631249999999998
2026-08-16 07:36:24.226,15.136,lower,-0.1243749999999999,0.4125000000000001
2026-08-16 07:36:24.236,15.146,lower,0.06687500000000068,0.45812500000000034
2026-08-16 07:36:24.246,15.156,lower,-0.06000000000000005,0.4400000000000004
2026-08-16 07:36:24.256,15.166,lower,0.004374999999999796,0.4256250000000006
2026-08-16 07:36:24.266,15.176,lower,0.07249999999999979,0.46375000000000055
2026-08-16 07:36:24.276,15.186,lower,-0.10937499999999933,0.41124999999999967
2026-08-16 07:36:24.286,15.196,lower,0.06312500000000054,0.4512499999999997
2026-08-16 07:36:24.296,15.206,lower,-0.038124999999999964,0.43312499999999976
2026-08-16 07:36:24.306,15.216,lower,0.0187499999999996,0.4268749999999999
2026-08-16 07:36:24.316,15.226,lower,0.07000000000000006,0.45937499999999964
2026-08-16 07:36:24.326,15.236,lower,-0.12249999999999983,0.41437500000000016
2026-08-16 07:36:24.336,15.246,lower,0.05624999999999991,0.45625000000000027
2026-08-16 07:36:24.346,15.256,lower,-0.06937500000000041,0.43062500000000004
2026-08-16 07:36:24.356,15.266,lower,0.003750000000000142,0.43312499999999976
2026-08-16 07:36:24.366,15.276,lower,0.07187500000000013,0.4618750000000005
2026-08-16 07:36:24.376,15.286,lower,-0.11062499999999975,0.40874999999999995
2026-08-16 07:36:24.386,15.296,lower,0.06562500000000027,0.45499999999999985
2026-08-16 07:36:24.396,15.306,lower,-0.0462499999999999,0.44062500000000004
2026-08-16 07:36:24.406,15.316,lower,-0.014374999999999805,0.43312499999999976
2026-08-16 07:36:24.416,15.326,lower,0.06562500000000027,0.46250000000000013
2026-08-16 07:36:24.426,15.336,lower,-0.12124999999999941,0.41187500000000044
2026-08-16 07:36:24.436,15.346,lower,0.058749999999999636,0.45937499999999964
2026-08-16 07:36:24.446,15.356,lower,-0.078125,0.43750000000000067
2026-08-16 07:36:24.456,15.366,lower,0.007500000000000284,0.4381250000000003
2026-08-16 07:36:24.466,15.376,lower,0.06874999999999964,0.46250000000000013
2026-08-16 07:36:24.476,15.386,lower,-0.1056250000000003,0.4049999999999998
2026-08-16 07:36:24.486,15.396,lower,0.061875000000000124,0.46062500000000006
2026-08-16 07:36:24.496,15.406,lower,-0.053750000000000187,0.4356250000000006
2026-08-16 07:36:24.506,15.416,lower,-0.005625000000000213,0.4293749999999996
2026-08-16 07:36:24.516,15.426,lower,0.06062499999999971,0.45937499999999964
2026-08-16 07:36:24.526,15.436,lower,-0.11750000000000038,0.41312499999999974
2026-08-16 07:36:24.536,15.446,lower,0.0637500000000002,0.45499999999999985
2026-08-16 07:36:24.546,15.456,lower,-0.08624999999999994,0.4368749999999999
2026-08-16 07:36:24.556,15.466,lower,0.014374999999999805,0.43187500000000045
2026-08-16 07:36:24.566,15.476,lower,0.06812499999999999,0.4631249999999998
2026-08-16 07:36:24.576,15.486,lower,-0.12687499999999963,0.4125000000000001
2026-08-16 07:36:24.586,15.496,lower,0.06562500000000027,0.45375000000000054
2026-08-16 07:36:24.596,15.506,lower,-0.058749999999999636,0.4337500000000005
2026-08-16 07:36:24.606,15.516,lower,-0.005625000000000213,0.4312499999999997
2026-08-16 07:36:24.616,15.526,lower,0.06312500000000054,0.45812500000000034
2026-08-16 07:36:24.626,15.536,lower,-0.11687499999999962,0.41000000000000036
2026-08-16 07:36:24.636,15.546,lower,0.058749999999999636,0.45625000000000027
2026-08-16 07:36:24.646,15.556,lower,-0.040000000000000036,0.44062500000000004
2026-08-16 07:36:24.656,15.566,lower,0.015000000000000568,0.4343750000000002
2026-08-16 07:36:24.666,15.576,lower,0.06062499999999971,0.4656250000000006
2026-08-16 07:36:24.676,15.586,lower,-0.12687499999999963,0.4125000000000001
2026-08-16 07:36:24.686,15.596,lower,0.06562500000000027,0.4612499999999997
2026-08-16 07:36:24.696,15.606,lower,-0.07000000000000006,0.4412499999999997
2026-08-16 07:36:24.706,15.616,lower,0.0006249999999996536,0.4400000000000004
2026-08-16 07:36:24.716,15.626,lower,0.06062499999999971,0.4662500000000003
2026-08-16 07:36:24.726,15.636,lower,-0.11375000000000024,0.40874999999999995
2026-08-16 07:36:24.736,15.646,lower,0.0593750000000004,0.46250000000000013
2026-08-16 07:36:24.746,15.656,lower,-0.04437499999999983,0.43750000000000067
2026-08-16 07:36:24.756,15.666,lower,0.018124999999999947,0.42750000000000066
2026-08-16 07:36:24.766,15.676,lower,0.06687500000000068,0.4612499999999997
2026-08-16 07:36:24.776,15.686,lower,-0.12187500000000018,0.41312499999999974
2026-08-16 07:36:24.786,15.696,lower,0.06812499999999999,0.45625000000000027
2026-08-16 07:36:24.796,15.706,lower,-0.07437499999999986,0.4356250000000006
2026-08-16 07:36:24.806,15.716,lower,0.007500000000000284,0.43187500000000045
2026-08-16 07:36:24.816,15.726,lower,0.06687500000000068,0.4612499999999997
2026-08-16 07:36:24.826,15.736,lower,-0.10937499999999933,0.4156250000000006
2026-08-16 07:36:24.836,15.746,lower,0.06437499999999985,0.45812500000000034
2026-08-16 07:36:24.846,15.756,lower,-0.053750000000000187,0.43187500000000045
2026-08-16 07:36:24.856,15.766,lower,0.0187499999999996,0.4356250000000006
2026-08-16 07:36:24.866,15.776,lower,0.06062499999999971,0.45812500000000034
2026-08-16 07:36:24.876,15.786,lower,-0.12249999999999983,0.41187500000000044
2026-08-16 07:36:24.886,15.796,lower,0.053750000000000187,0.45625000000000027
2026-08-16 07:36:24.896,15.806,lower,-0.08375000000000021,0.44062500000000004
2026-08-16 07:36:24.906,15.816,lower,0.008124999999999938,0.43625000000000025
2026-08-16 07:36:24.916,15.826,lower,0.06437499999999985,0.46062500000000006
2026-08-16 07:36:24.926,15.836,lower,-0.10312499999999947,0.41124999999999967
2026-08-16 07:36:24.936,15.846,lower,0.06437499999999985,0.45812500000000034
2026-08-16 07:36:24.946,15.856,lower,-0.0637500000000002,0.43750000000000067
2026-08-16 07:36:24.956,15.866,lower,0.026249999999999885,0.44062500000000004
2026-08-16 07:36:24.966,15.876,lower,0.0637500000000002,0.4618750000000005
2026-08-16 07:36:24.976,15.886,lower,-0.1200000000000001,0.41187500000000044
2026-08-16 07:36:24.986,15.896,lower,0.05624999999999991,0.4618750000000005
2026-08-16 07:36:24.996,15.906,lower,-0.09062499999999973,0.4368749999999999
2026-08-16 07:36:25.006,15.916,lower,0.008124999999999938,0.42750000000000066
2026-08-16 07:36:25.016,15.926,lower,0.06562500000000027,0.4643750000000002
2026-08-16 07:36:25.026,15.936,lower,-0.10187500000000016,0.40874999999999995
2026-08-16 07:36:25.036,15.946,lower,0.0637500000000002,0.46375000000000055
2026-08-16 07:36:25.046,15.956,lower,-0.06812499999999999,0.4343750000000002
2026-08-16 07:36:25.056,15.966,lower,0.0012500000000004174,0.43062500000000004
2026-08-16 07:36:25.066,15.976,lower,0.06062499999999971,0.45875
2026-08-16 07:36:25.076,15.986,lower,-0.11375000000000024,0.41124999999999967
2026-08-16 07:36:25.086,15.996,lower,0.061875000000000124,0.4568749999999999
2026-08-16 07:36:25.096,16.006,lower,-0.1012499999999994,0.4312499999999997
2026-08-16 07:36:25.106,16.016,lower,0.012499999999999734,0.4343750000000002
2026-08-16 07:36:25.116,16.026,lower,0.06624999999999992,0.45937499999999964
2026-08-16 07:36:25.126,16.036,lower,-0.10062499999999974,0.41124999999999967
2026-08-16 07:36:25.136,16.046,lower,0.06750000000000034,0.45875
2026-08-16 07:36:25.146,16.056,lower,-0.07249999999999979,0.4249999999999998
2026-08-16 07:36:25.156,16.066,lower,0.0006249999999996536,0.4381250000000003
2026-08-16 07:36:25.166,16.076,lower,0.056875000000000675,0.4600000000000004
2026-08-16 07:36:25.176,16.086,lower,-0.10812500000000003,0.41625000000000023
2026-08-16 07:36:25.186,16.096,lower,0.06000000000000005,0.4618750000000005
2026-08-16 07:36:25.196,16.106,lower,-0.10187500000000016,0.43625000000000025
2026-08-16 07:36:25.206,16.116,lower,0.020000000000000018,0.4400000000000004
2026-08-16 07:36:25.216,16.126,lower,0.06249999999999978,0.45937499999999964
2026-08-16 07:36:25.226,16.136,lower,-0.12499999999999956,0.40750000000000064
2026-08-16 07:36:25.236,16.146,lower,0.06624999999999992,0.45812500000000034
2026-08-16 07:36:25.246,16.156,lower,-0.08312499999999945,0.4337500000000005
2026-08-16 07:36:25.256,16.166,lower,0.0050000000000005596,0.43875
2026-08-16 07:36:25.266,16.176,lower,0.051875000000000115,0.45937499999999964
2026-08-16 07:36:25.276,16.186,lower,-0.1112499999999994,0.41000000000000036
2026-08-16 07:36:25.286,16.196,lower,0.0637500000000002,0.4612499999999997
2026-08-16 07:36:25.296,16.206,lower,-0.05562500000000026,0.4337500000000005
2026-08-16 07:36:25.306,16.216,lower,0.02062499999999967,0.42874999999999996
2026-08-16 07:36:25.316,16.226,lower,0.06562500000000027,0.4612499999999997
2026-08-16 07:36:25.326,16.236,lower,-0.11812500000000004,0.4125000000000001
2026-08-16 07:36:25.336,16.246,lower,0.06937500000000041,0.4543750000000002
2026-08-16 07:36:25.346,16.256,lower,-0.08437499999999987,0.43187500000000045
2026-08-16 07:36:25.356,16.266,lower,0.013125000000000497,0.43187500000000045
2026-08-16 07:36:25.366,16.276,lower,0.04874999999999963,0.45812500000000034
2026-08-16 07:36:25.376,16.286,lower,-0.10437499999999988,0.41000000000000036
2026-08-16 07:36:25.386,16.296,lower,0.06437499999999985,0.45375000000000054
2026-08-16 07:36:25.396,16.306,lower,-0.06687499999999957,0.4225000000000001
2026-08-16 07:36:25.406,16.316,lower,0.025000000000000577,0.43499999999999983
2026-08-16 07:36:25.416,16.326,lower,0.06249999999999978,0.46062500000000006
2026-08-16 07:36:25.426,16.336,lower,-0.11499999999999955,0.41312499999999974
2026-08-16 07:36:25.436,16.346,lower,0.07062499999999972,0.45937499999999964
2026-08-16 07:36:25.446,16.356,lower,-0.09187500000000015,0.43875
2026-08-16 07:36:25.456,16.366,lower,0.01687500000000064,0.4393749999999996
2026-08-16 07:36:25.466,16.376,lower,0.06312500000000054,0.4643750000000002
2026-08-16 07:36:25.476,16.386,lower,-0.0968749999999996,0.41124999999999967
2026-08-16 07:36:25.486,16.396,lower,0.06937500000000041,0.46250000000000013
2026-08-16 07:36:25.496,16.406,lower,-0.06812499999999999,0.4337500000000005
2026-08-16 07:36:25.506,16.416,lower,0.03062499999999968,0.4412499999999997
2026-08-16 07:36:25.516,16.426,lower,0.0637500000000002,0.45875
2026-08-16 07:36:25.526,16.436,lower,-0.10937499999999933,0.4093749999999996
2026-08-16 07:36:25.536,16.446,lower,0.06062499999999971,0.4600000000000004
2026-08-16 07:36:25.546,16.456,lower,-0.0968749999999996,0.43312499999999976
2026-08-16 07:36:25.556,16.466,lower,0.016249999999999876,0.43062500000000004
2026-08-16 07:36:25.566,16.476,lower,0.06500000000000061,0.45937499999999964
2026-08-16 07:36:25.576,16.486,lower,-0.09062499999999973,0.4093749999999996
2026-08-16 07:36:25.586,16.496,lower,0.06624999999999992,0.4525000000000001
2026-08-16 07:36:25.596,16.506,lower,-0.0737500000000002,0.4281250000000003
2026-08-16 07:36:25.606,16.516,lower,0.005625000000000213,0.4356250000000006
2026-08-16 07:36:25.616,16.526,lower,0.05437499999999984,0.45937499999999964
2026-08-16 07:36:25.626,16.536,lower,-0.10750000000000037,0.4137500000000005
2026-08-16 07:36:25.636,16.546,lower,0.06249999999999978,0.4556250000000006
2026-08-16 07:36:25.646,16.556,lower,-0.10750000000000037,0.42625000000000024
2026-08-16 07:36:25.656,16.566,lower,0.020000000000000018,0.4343750000000002
2026-08-16 07:36:25.666,16.576,lower,0.06750000000000034,0.45937499999999964
2026-08-16 07:36:25.676,16.586,lower,-0.08624999999999994,0.41750000000000065
2026-08-16 07:36:25.686,16.596,lower,0.07125000000000048,0.45812500000000034
2026-08-16 07:36:25.696,16.606,lower,-0.08000000000000007,0.4337500000000005
2026-08-16 07:36:25.706,16.616,lower,0.008749999999999591,0.4381250000000003
2026-08-16 07:36:25.716,16.626,lower,0.053750000000000187,0.46250000000000013
2026-08-16 07:36:25.726,16.636,lower,-0.09937499999999932,0.41187500000000044
2026-08-16 07:36:25.736,16.646,lower,0.06437499999999985,0.46062500000000006
2026-08-16 07:36:25.746,16.656,lower,-0.1056250000000003,0.4343750000000002
2026-08-16 07:36:25.756,16.666,lower,0.026249999999999885,0.4412499999999997
2026-08-16 07:36:25.766,16.676,lower,0.06312500000000054,0.4612499999999997
2026-08-16 07:36:25.776,16.686,lower,-0.12062499999999976,0.4125000000000001
2026-08-16 07:36:25.786,16.696,lower,0.07125000000000048,0.46250000000000013
2026-08-16 07:36:25.796,16.706,lower,-0.09062499999999973,0.4312499999999997
2026-08-16 07:36:25.806,16.716,lower,0.015625000000000222,0.4281250000000003
2026-08-16 07:36:25.816,16.726,lower,0.04874999999999963,0.4612499999999997
2026-08-16 07:36:25.826,16.736,lower,-0.10062499999999974,0.410625
2026-08-16 07:36:25.836,16.746,lower,0.06937500000000041,0.4618750000000005
2026-08-16 07:36:25.846,16.756,lower,-0.10937499999999933,0.4293749999999996
2026-08-16 07:36:25.856,16.766,lower,0.02874999999999961,0.43187500000000045
2026-08-16 07:36:25.866,16.776,lower,0.06249999999999978,0.4575000000000007
2026-08-16 07:36:25.876,16.786,lower,-0.1143749999999999,0.410625
2026-08-16 07:36:25.886,16.796,lower,0.07249999999999979,0.4575000000000007
2026-08-16 07:36:25.896,16.806,lower,-0.0924999999999998,0.4225000000000001
2026-08-16 07:36:25.906,16.816,lower,0.021250000000000435,0.43499999999999983
2026-08-16 07:36:25.916,16.826,lower,0.04125000000000045,0.4556250000000006
2026-08-16 07:36:25.926,16.836,lower,-0.09062499999999973,0.410625
2026-08-16 07:36:25.936,16.846,lower,0.07187500000000013,0.45812500000000034
2026-08-16 07:36:25.946,16.856,lower,-0.07312499999999944,0.42187500000000044
2026-08-16 07:36:25.956,16.866,lower,0.033125000000000515,0.44187500000000046
2026-08-16 07:36:25.966,16.876,lower,0.0593750000000004,0.45875
2026-08-16 07:36:25.976,16.886,lower,-0.10874999999999968,0.4149999999999998
2026-08-16 07:36:25.986,16.896,lower,0.07437499999999986,0.4612499999999997
2026-08-16 07:36:25.996,16.906,lower,-0.10000000000000009,0.4337500000000005
2026-08-16 07:36:26.006,16.916,lower,0.02187500000000009,0.44187500000000046
2026-08-16 07:36:26.016,16.926,lower,0.03249999999999975,0.45937499999999964
2026-08-16 07:36:26.026,16.936,lower,-0.08937500000000043,0.41000000000000036
2026-08-16 07:36:26.036,16.946,lower,0.0737500000000002,0.45875
2026-08-16 07:36:26.046,16.956,lower,-0.078125,0.4312499999999997
2026-08-16 07:36:26.056,16.966,lower,0.038124999999999964,0.44375000000000053
2026-08-16 07:36:26.066,16.976,lower,0.0593750000000004,0.4600000000000004
2026-08-16 07:36:26.076,16.986,lower,-0.10187500000000016,0.40874999999999995
2026-08-16 07:36:26.086,16.996,lower,0.0737500000000002,0.4612499999999997
2026-08-16 07:36:26.096,17.006,lower,-0.10187500000000016,0.42750000000000066
2026-08-16 07:36:26.106,17.016,lower,0.020000000000000018,0.4337500000000005
2026-08-16 07:36:26.116,17.026,lower,0.06437499999999985,0.45625000000000027
2026-08-16 07:36:26.126,17.036,lower,-0.0824999999999998,0.40874999999999995
2026-08-16 07:36:26.136,17.046,lower,0.06750000000000034,0.45499999999999985
2026-08-16 07:36:26.146,17.056,lower,-0.08437499999999987,0.4237500000000005
2026-08-16 07:36:26.156,17.066,lower,0.03750000000000031,0.4343750000000002
2026-08-16 07:36:26.166,17.076,lower,0.05125000000000046,0.4556250000000006
2026-08-16 07:36:26.176,17.086,lower,-0.10187500000000016,0.410625
2026-08-16 07:36:26.186,17.096,lower,0.06687500000000068,0.45499999999999985
2026-08-16 07:36:26.196,17.106,lower,-0.11499999999999955,0.4212499999999997
2026-08-16 07:36:26.206,17.116,lower,0.026249999999999885,0.4381250000000003
2026-08-16 07:36:26.216,17.126,lower,0.0637500000000002,0.45499999999999985
2026-08-16 07:36:26.226,17.136,lower,-0.07750000000000035,0.40874999999999995
2026-08-16 07:36:26.236,17.146,lower,0.07000000000000006,0.45937499999999964
2026-08-16 07:36:26.246,17.156,lower,-0.09000000000000008,0.4337500000000005
2026-08-16 07:36:26.256,17.166,lower,0.040000000000000036,0.44312499999999977
2026-08-16 07:36:26.266,17.176,lower,0.04812499999999997,0.4600000000000004
2026-08-16 07:36:26.276,17.186,lower,-0.09499999999999953,0.41000000000000036
2026-08-16 07:36:26.286,17.196,lower,0.06624999999999992,0.4631249999999998
2026-08-16 07:36:26.296,17.206,lower,-0.1112499999999994,0.42874999999999996
2026-08-16 07:36:26.306,17.216,lower,0.033125000000000515,0.44625000000000026
2026-08-16 07:36:26.316,17.226,lower,0.06062499999999971,0.45937499999999964
2026-08-16 07:36:26.326,17.236,lower,-0.06874999999999964,0.4093749999999996
2026-08-16 07:36:26.336,17.246,lower,0.07562500000000028,0.45875
2026-08-16 07:36:26.346,17.256,lower,-0.09937499999999932,0.42625000000000024
2026-08-16 07:36:26.356,17.266,lower,0.019375000000000364,0.43625000000000025
2026-08-16 07:36:26.366,17.276,lower,0.035000000000000586,0.4568749999999999
2026-08-16 07:36:26.376,17.286,lower,-0.09124999999999939,0.4137500000000005
2026-08-16 07:36:26.386,17.296,lower,0.06874999999999964,0.4556250000000006
2026-08-16 07:36:26.396,17.306,lower,-0.11874999999999969,0.4256250000000006
2026-08-16 07:36:26.406,17.316,lower,0.03249999999999975,0.43499999999999983
2026-08-16 07:36:26.416,17.326,lower,0.055000000000000604,0.45812500000000034
2026-08-16 07:36:26.426,17.336,lower,-0.10750000000000037,0.41000000000000036
2026-08-16 07:36:26.436,17.346,lower,0.07062499999999972,0.45625000000000027
2026-08-16 07:36:26.446,17.356,lower,-0.1056250000000003,0.42187500000000044
2026-08-16 07:36:26.456,17.366,lower,0.021250000000000435,0.4381250000000003
2026-08-16 07:36:26.466,17.376,lower,0.030000000000000027,0.45937499999999964
2026-08-16 07:36:26.476,17.386,lower,-0.08812500000000001,0.4125000000000001
2026-08-16 07:36:26.486,17.396,lower,0.07000000000000006,0.4575000000000007
2026-08-16 07:36:26.496,17.406,lower,-0.12499999999999956,0.43062500000000004
2026-08-16 07:36:26.506,17.416,lower,0.031250000000000444,0.44062500000000004
2026-08-16 07:36:26.516,17.426,lower,0.05249999999999977,0.4568749999999999
2026-08-16 07:36:26.526,17.436,lower,-0.10375000000000023,0.4125000000000001
2026-08-16 07:36:26.536,17.446,lower,0.07437499999999986,0.4618750000000005
2026-08-16 07:36:26.546,17.456,lower,-0.1056250000000003,0.4281250000000003
2026-08-16 07:36:26.556,17.466,lower,0.027500000000000302,0.44312499999999977
2026-08-16 07:36:26.566,17.476,lower,0.016249999999999876,0.45625000000000027
2026-08-16 07:36:26.576,17.486,lower,-0.08062499999999972,0.41187500000000044
2026-08-16 07:36:26.586,17.496,lower,0.07312500000000055,0.46250000000000013
2026-08-16 07:36:26.596,17.506,lower,-0.09000000000000008,0.42437500000000017
2026-08-16 07:36:26.606,17.516,lower,0.03624999999999989,0.4337500000000005
2026-08-16 07:36:26.616,17.526,lower,0.046875000000000666,0.4556250000000006
2026-08-16 07:36:26.626,17.536,lower,-0.10062499999999974,0.4081250000000003
2026-08-16 07:36:26.636,17.546,lower,0.07125000000000048,0.4600000000000004
2026-08-16 07:36:26.646,17.556,lower,-0.11562500000000031,0.4193749999999996
2026-08-16 07:36:26.656,17.566,lower,0.024374999999999813,0.43750000000000067
2026-08-16 07:36:26.666,17.576,lower,0.055000000000000604,0.45375000000000054
2026-08-16 07:36:26.676,17.586,lower,-0.07249999999999979,0.41437500000000016
2026-08-16 07:36:26.686,17.596,lower,0.07062499999999972,0.4600000000000004
2026-08-16 07:36:26.696,17.606,lower,-0.09937499999999932,0.4200000000000004
2026-08-16 07:36:26.706,17.616,lower,0.04249999999999976,0.44062500000000004
2026-08-16 07:36:26.716,17.626,lower,0.038124999999999964,0.4568749999999999
2026-08-16 07:36:26.726,17.636,lower,-0.09499999999999953,0.4125000000000001
2026-08-16 07:36:26.736,17.646,lower,0.0737500000000002,0.46250000000000013
2026-08-16 07:36:26.746,17.656,lower,-0.12124999999999941,0.42312499999999975
2026-08-16 07:36:26.756,17.666,lower,0.030000000000000027,0.4425000000000001
2026-08-16 07:36:26.766,17.676,lower,0.05812499999999998,0.45875
2026-08-16 07:36:26.776,17.686,lower,-0.06750000000000034,0.41437500000000016
2026-08-16 07:36:26.786,17.696,lower,0.06937500000000041,0.4600000000000004
2026-08-16 07:36:26.796,17.706,lower,-0.10499999999999954,0.4256250000000006
2026-08-16 07:36:26.806,17.716,lower,0.038124999999999964,0.44375000000000053
2026-08-16 07:36:26.816,17.726,lower,0.030000000000000027,0.4575000000000007
2026-08-16 07:36:26.826,17.736,lower,-0.09187500000000015,0.4093749999999996
2026-08-16 07:36:26.836,17.746,lower,0.06562500000000027,0.46499999999999986
2026-08-16 07:36:26.846,17.756,lower,-0.1243749999999999,0.4256250000000006
2026-08-16 07:36:26.856,17.766,lower,0.031250000000000444,0.4325000000000001
2026-08-16 07:36:26.866,17.776,lower,0.05125000000000046,0.4543750000000002
2026-08-16 07:36:26.876,17.786,lower,-0.0637500000000002,0.4093749999999996
2026-08-16 07:36:26.886,17.796,lower,0.07062499999999972,0.46499999999999986
2026-08-16 07:36:26.896,17.806,lower,-0.10874999999999968,0.4193749999999996
2026-08-16 07:36:26.906,17.816,lower,0.04187500000000011,0.43499999999999983
2026-08-16 07:36:26.916,17.826,lower,0.023125000000000506,0.4543750000000002
2026-08-16 07:36:26.926,17.836,lower,-0.08499999999999952,0.410625
2026-08-16 07:36:26.936,17.846,lower,0.06812499999999999,0.4612499999999997
2026-08-16 07:36:26.946,17.856,lower,-0.12687499999999963,0.420625
2026-08-16 07:36:26.956,17.866,lower,0.03750000000000031,0.4400000000000004
2026-08-16 07:36:26.966,17.876,lower,0.04750000000000032,0.45375000000000054
2026-08-16 07:36:26.976,17.886,lower,-0.053750000000000187,0.4149999999999998
2026-08-16 07:36:26.986,17.896,lower,0.07125000000000048,0.4612499999999997
2026-08-16 07:36:26.996,17.906,lower,-0.11687499999999962,0.41625000000000023
2026-08-16 07:36:27.006,17.916,lower,0.021250000000000435,0.44499999999999984
2026-08-16 07:36:27.016,17.926,lower,0.016249999999999876,0.4556250000000006
2026-08-16 07:36:27.026,17.936,lower,-0.08124999999999938,0.4168749999999999
2026-08-16 07:36:27.036,17.946,lower,0.07000000000000006,0.46062500000000006
2026-08-16 07:36:27.046,17.956,lower,-0.13062499999999977,0.4237500000000005
2026-08-16 07:36:27.056,17.966,lower,0.038124999999999964,0.4456250000000006
2026-08-16 07:36:27.066,17.976,lower,0.04249999999999976,0.4575000000000007
2026-08-16 07:36:27.076,17.986,lower,-0.09750000000000036,0.4181250000000003
2026-08-16 07:36:27.086,17.996,lower,0.06687500000000068,0.4618750000000005
2026-08-16 07:36:27.096,18.006,lower,-0.11937499999999934,0.42187500000000044
2026-08-16 07:36:27.106,18.016,lower,0.028124999999999956,0.44499999999999984
2026-08-16 07:36:27.116,18.026,lower,0.0024999999999997247,0.45499999999999985
2026-08-16 07:36:27.126,18.036,lower,-0.0737500000000002,0.40874999999999995
2026-08-16 07:36:27.136,18.046,lower,0.06687500000000068,0.45875
2026-08-16 07:36:27.146,18.056,lower,-0.13375000000000026,0.41874999999999996
2026-08-16 07:36:27.156,18.066,lower,0.03750000000000031,0.4368749999999999
2026-08-16 07:36:27.166,18.076,lower,0.03249999999999975,0.4543750000000002
2026-08-16 07:36:27.176,18.086,lower,-0.09624999999999995,0.41437500000000016
2026-08-16 07:36:27.186,18.096,lower,0.06624999999999992,0.4556250000000006
2026-08-16 07:36:27.196,18.106,lower,-0.12562500000000032,0.41874999999999996
2026-08-16 07:36:27.206,18.116,lower,0.02874999999999961,0.43875
2026-08-16 07:36:27.216,18.126,lower,-0.004374999999999796,0.4531249999999998
2026-08-16 07:36:27.226,18.136,lower,-0.06812499999999999,0.41000000000000036
2026-08-16 07:36:27.236,18.146,lower,0.06812499999999999,0.4600000000000004
2026-08-16 07:36:27.246,18.156,lower,-0.11062499999999975,0.4156250000000006
2026-08-16 07:36:27.256,18.166,lower,0.04375000000000018,0.4443750000000002
2026-08-16 07:36:27.266,18.176,lower,0.02687500000000065,0.4575000000000007
2026-08-16 07:36:27.276,18.186,lower,-0.08812500000000001,0.41625000000000023
2026-08-16 07:36:27.286,18.196,lower,0.07125000000000048,0.4631249999999998
2026-08-16 07:36:27.296,18.206,lower,-0.12562500000000032,0.42437500000000017
2026-08-16 07:36:27.306,18.216,lower,0.0318750000000001,0.44812500000000033
2026-08-16 07:36:27.316,18.226,lower,0.046875000000000666,0.45812500000000034
2026-08-16 07:36:27.326,18.236,lower,-0.061875000000000124,0.41874999999999996
2026-08-16 07:36:27.336,18.246,lower,0.06624999999999992,0.4618750000000005
2026-08-16 07:36:27.346,18.256,lower,-0.11062499999999975,0.42187500000000044
2026-08-16 07:36:27.356,18.266,lower,0.04187500000000011,0.4443750000000002
2026-08-16 07:36:27.366,18.276,lower,0.014374999999999805,0.4525000000000001
2026-08-16 07:36:27.376,18.286,lower,-0.0824999999999998,0.41124999999999967
2026-08-16 07:36:27.386,18.296,lower,0.06687500000000068,0.4600000000000004
2026-08-16 07:36:27.396,18.306,lower,-0.1318750000000002,0.41874999999999996
2026-08-16 07:36:27.406,18.316,lower,0.03375000000000017,0.43499999999999983
2026-08-16 07:36:27.416,18.326,lower,0.046875000000000666,0.44937499999999964
2026-08-16 07:36:27.426,18.336,lower,-0.05312499999999942,0.4125000000000001
2026-08-16 07:36:27.436,18.346,lower,0.07187500000000013,0.4643750000000002
2026-08-16 07:36:27.446,18.356,lower,-0.11812500000000004,0.4212499999999997
2026-08-16 07:36:27.456,18.366,lower,0.04750000000000032,0.4412499999999997
2026-08-16 07:36:27.466,18.376,lower,0.015625000000000222,0.44812500000000033
2026-08-16 07:36:27.476,18.386,lower,-0.07437499999999986,0.41312499999999974
2026-08-16 07:36:27.486,18.396,lower,0.06750000000000034,0.46062500000000006
2026-08-16 07:36:27.496,18.406,lower,-0.13062499999999977,0.4181250000000003
2026-08-16 07:36:27.506,18.416,lower,0.03937500000000038,0.44312499999999977
2026-08-16 07:36:27.516,18.426,lower,0.03624999999999989,0.45499999999999985
2026-08-16 07:36:27.526,18.436,lower,-0.04249999999999976,0.4156250000000006
2026-08-16 07:36:27.536,18.446,lower,0.07125000000000048,0.46062500000000006
2026-08-16 07:36:27.546,18.456,lower,-0.12375000000000025,0.41312499999999974
2026-08-16 07:36:27.556,18.466,lower,0.02562500000000023,0.4468749999999999
2026-08-16 07:36:27.566,18.476,lower,0.008749999999999591,0.45812500000000034
2026-08-16 07:36:27.576,18.486,lower,-0.07187500000000013,0.4193749999999996
2026-08-16 07:36:27.586,18.496,lower,0.07062499999999972,0.46250000000000013
2026-08-16 07:36:27.596,18.506,lower,-0.13062499999999977,0.4225000000000001
2026-08-16 07:36:27.606,18.516,lower,0.03937500000000038,0.4468749999999999
2026-08-16 07:36:27.616,18.526,lower,0.03249999999999975,0.45375000000000054
2026-08-16 07:36:27.626,18.536,lower,-0.04062499999999969,0.410625
2026-08-16 07:36:27.636,18.546,lower,0.06812499999999999,0.45937499999999964
2026-08-16 07:36:27.646,18.556,lower,-0.12624999999999997,0.4168749999999999
2026-08-16 07:36:27.656,18.566,lower,0.03375000000000017,0.4475000000000007
2026-08-16 07:36:27.666,18.576,lower,-0.0024999999999997247,0.4531249999999998
2026-08-16 07:36:27.676,18.586,lower,-0.0637500000000002,0.41000000000000036
2026-08-16 07:36:27.686,18.596,lower,0.07312500000000055,0.46375000000000055
2026-08-16 07:36:27.696,18.606,lower,-0.1318750000000002,0.41750000000000065
2026-08-16 07:36:27.706,18.616,lower,0.04562500000000025,0.44375000000000053
2026-08-16 07:36:27.716,18.626,lower,0.025000000000000577,0.4512499999999997
2026-08-16 07:36:27.726,18.636,lower,-0.08437499999999987,0.41187500000000044
2026-08-16 07:36:27.736,18.646,lower,0.07187500000000013,0.45875
2026-08-16 07:36:27.746,18.656,lower,-0.12624999999999997,0.4156250000000006
2026-08-16 07:36:27.756,18.666,lower,0.03687500000000066,0.4400000000000004
2026-08-16 07:36:27.766,18.676,lower,-0.010000000000000009,0.4475000000000007
2026-08-16 07:36:27.776,18.686,lower,-0.053750000000000187,0.4125000000000001
2026-08-16 07:36:27.786,18.696,lower,0.07500000000000062,0.4612499999999997
2026-08-16 07:36:27.796,18.706,lower,-0.1331249999999995,0.4149999999999998
2026-08-16 07:36:27.806,18.716,lower,0.046875000000000666,0.4475000000000007
2026-08-16 07:36:27.816,18.726,lower,0.019375000000000364,0.45375000000000054
2026-08-16 07:36:27.826,18.736,lower,-0.08124999999999938,0.420625
2026-08-16 07:36:27.836,18.746,lower,0.07500000000000062,0.46250000000000013
2026-08-16 07:36:27.846,18.756,lower,-0.12687499999999963,0.4212499999999997
2026-08-16 07:36:27.856,18.766,lower,0.038124999999999964,0.44499999999999984
2026-08-16 07:36:27.866,18.776,lower,-0.012499999999999734,0.44812500000000033
2026-08-16 07:36:27.876,18.786,lower,-0.04874999999999963,0.41750000000000065
2026-08-16 07:36:27.886,18.796,lower,0.07062499999999972,0.46062500000000006
2026-08-16 07:36:27.896,18.806,lower,-0.11937499999999934,0.4149999999999998
2026-08-16 07:36:27.906,18.816,lower,0.0462499999999999,0.4456250000000006
2026-08-16 07:36:27.916,18.826,lower,0.008124999999999938,0.4512499999999997
2026-08-16 07:36:27.926,18.836,lower,-0.07187500000000013,0.41124999999999967
2026-08-16 07:36:27.936,18.846,lower,0.07249999999999979,0.46250000000000013
2026-08-16 07:36:27.946,18.856,lower,-0.13062499999999977,0.4181250000000003
2026-08-16 07:36:27.956,18.866,lower,0.04249999999999976,0.44187500000000046
2026-08-16 07:36:27.966,18.876,lower,0.03687500000000066,0.44812500000000033
2026-08-16 07:36:27.976,18.886,lower,-0.04249999999999976,0.4137500000000005
2026-08-16 07:36:27.986,18.896,lower,0.07562500000000028,0.45625000000000027
2026-08-16 07:36:27.996,18.906,lower,-0.11874999999999969,0.4168749999999999
2026-08-16 07:36:28.006,18.916,lower,0.0506249999999997,0.44187500000000046
2026-08-16 07:36:28.016,18.926,lower,0.003750000000000142,0.44937499999999964
2026-08-16 07:36:28.026,18.936,lower,-0.061875000000000124,0.41437500000000016
2026-08-16 07:36:28.036,18.946,lower,0.07249999999999979,0.4631249999999998
2026-08-16 07:36:28.046,18.956,lower,-0.13000000000000012,0.4125000000000001
2026-08-16 07:36:28.056,18.966,lower,0.046875000000000666,0.4456250000000006
2026-08-16 07:36:28.066,18.976,lower,0.027500000000000302,0.4543750000000002
2026-08-16 07:36:28.076,18.986,lower,-0.031249999999999334,0.41750000000000065
2026-08-16 07:36:28.086,18.996,lower,0.07687499999999958,0.4618750000000005
2026-08-16 07:36:28.096,19.006,lower,-0.12499999999999956,0.4200000000000004
2026-08-16 07:36:28.106,19.016,lower,0.05562500000000026,0.4456250000000006
2026-08-16 07:36:28.116,19.026,lower,-0.0031249999999993783,0.45187500000000047
2026-08-16 07:36:28.126,19.036,lower,-0.06124999999999936,0.420625
2026-08-16 07:36:28.136,19.046,lower,0.06937500000000041,0.4618750000000005
2026-08-16 07:36:28.146,19.056,lower,-0.13375000000000026,0.4149999999999998
2026-08-16 07:36:28.156,19.066,lower,0.04437499999999983,0.44875
2026-08-16 07:36:28.166,19.076,lower,0.020000000000000018,0.4456250000000006
2026-08-16 07:36:28.176,19.086,lower,-0.02562500000000023,0.41124999999999967
2026-08-16 07:36:28.186,19.096,lower,0.07062499999999972,0.4600000000000004
2026-08-16 07:36:28.196,19.106,lower,-0.1275000000000004,0.4137500000000005
2026-08-16 07:36:28.206,19.116,lower,0.03687500000000066,0.43750000000000067
2026-08-16 07:36:28.216,19.126,lower,-0.012499999999999734,0.4468749999999999
2026-08-16 07:36:28.226,19.136,lower,-0.04812499999999997,0.4093749999999996
2026-08-16 07:36:28.236,19.146,lower,0.07249999999999979,0.4600000000000004
2026-08-16 07:36:28.246,19.156,lower,-0.13124999999999942,0.4125000000000001
2026-08-16 07:36:28.256,19.166,lower,0.04874999999999963,0.44375000000000053
2026-08-16 07:36:28.266,19.176,lower,0.01687500000000064,0.44499999999999984
2026-08-16 07:36:28.276,19.186,lower,-0.019375000000000364,0.41312499999999974
2026-08-16 07:36:28.286,19.196,lower,0.07500000000000062,0.45812500000000034
2026-08-16 07:36:28.296,19.206,lower,-0.12812500000000004,0.4137500000000005
2026-08-16 07:36:28.306,19.216,lower,0.03937500000000038,0.44312499999999977
2026-08-16 07:36:28.316,19.226,lower,-0.013124999999999387,0.4525000000000001
2026-08-16 07:36:28.326,19.236,lower,-0.04062499999999969,0.4181250000000003
2026-08-16 07:36:28.336,19.246,lower,0.07437499999999986,0.45937499999999964
2026-08-16 07:36:28.346,19.256,lower,-0.12937499999999935,0.41124999999999967
2026-08-16 07:36:28.356,19.266,lower,0.04812499999999997,0.4456250000000006
2026-08-16 07:36:28.366,19.276,lower,0.005625000000000213,0.45187500000000047
2026-08-16 07:36:28.376,19.286,lower,-0.07062499999999972,0.41874999999999996
2026-08-16 07:36:28.386,19.296,lower,0.07624999999999993,0.45625000000000027
2026-08-16 07:36:28.396,19.306,lower,-0.13124999999999942,0.41437500000000016
2026-08-16 07:36:28.406,19.316,lower,0.04062499999999969,0.44812500000000033
2026-08-16 07:36:28.416,19.326,lower,-0.019375000000000364,0.4500000000000004
2026-08-16 07:36:28.426,19.336,lower,-0.03562500000000024,0.410625
2026-08-16 07:36:28.436,19.346,lower,0.07312500000000055,0.46499999999999986
2026-08-16 07:36:28.446,19.356,lower,-0.12312499999999948,0.4168749999999999
2026-08-16 07:36:28.456,19.366,lower,0.051875000000000115,0.4531249999999998
2026-08-16 07:36:28.466,19.376,lower,-0.0012500000000004174,0.44812500000000033
2026-08-16 07:36:28.476,19.386,lower,-0.06062499999999971,0.41312499999999974
2026-08-16 07:36:28.486,19.396,lower,0.07249999999999979,0.46250000000000013
2026-08-16 07:36:28.496,19.406,lower,-0.1331249999999995,0.4137500000000005
2026-08-16 07:36:28.506,19.416,lower,0.04437499999999983,0.44375000000000053
2026-08-16 07:36:28.516,19.426,lower,-0.028124999999999956,0.4468749999999999
2026-08-16 07:36:28.526,19.436,lower,-0.033124999999999405,0.4156250000000006
2026-08-16 07:36:28.536,19.446,lower,0.07500000000000062,0.46062500000000006
2026-08-16 07:36:28.546,19.456,lower,-0.1275000000000004,0.4081250000000003
2026-08-16 07:36:28.556,19.466,lower,0.05437499999999984,0.4456250000000006
2026-08-16 07:36:28.566,19.476,lower,-0.005625000000000213,0.4400000000000004
2026-08-16 07:36:28.576,19.486,lower,-0.054999999999999494,0.420625
2026-08-16 07:36:28.586,19.496,lower,0.07312500000000055,0.4643750000000002
2026-08-16 07:36:28.596,19.506,lower,-0.1318750000000002,0.41312499999999974
2026-08-16 07:36:28.606,19.516,lower,0.04437499999999983,0.44625000000000026
2026-08-16 07:36:28.616,19.526,lower,0.014374999999999805,0.4443750000000002
2026-08-16 07:36:28.626,19.536,lower,-0.02062499999999967,0.4200000000000004
2026-08-16 07:36:28.636,19.546,lower,0.07187500000000013,0.45875
2026-08-16 07:36:28.646,19.556,lower,-0.1318750000000002,0.4149999999999998
2026-08-16 07:36:28.656,19.566,lower,0.056875000000000675,0.44875
2026-08-16 07:36:28.666,19.576,lower,-0.015625000000000222,0.44375000000000053
2026-08-16 07:36:28.676,19.586,lower,-0.04812499999999997,0.4249999999999998
2026-08-16 07:36:28.686,19.596,lower,0.07500000000000062,0.46062500000000006
2026-08-16 07:36:28.696,19.606,lower,-0.1331249999999995,0.4137500000000005
2026-08-16 07:36:28.706,19.616,lower,0.04562500000000025,0.45062500000000005
2026-08-16 07:36:28.716,19.626,lower,0.011250000000000426,0.4468749999999999
2026-08-16 07:36:28.726,19.636,lower,-0.0187499999999996,0.41312499999999974
2026-08-16 07:36:28.736,19.646,lower,0.07437499999999986,0.4600000000000004
2026-08-16 07:36:28.746,19.656,lower,-0.13000000000000012,0.41625000000000023
2026-08-16 07:36:28.756,19.666,lower,0.05624999999999991,0.44375000000000053
2026-08-16 07:36:28.766,19.676,lower,-0.022499999999999742,0.44625000000000026
2026-08-16 07:36:28.776,19.686,lower,-0.03874999999999962,0.41437500000000016
2026-08-16 07:36:28.786,19.696,lower,0.0737500000000002,0.46375000000000055
2026-08-16 07:36:28.796,19.706,lower,-0.1318750000000002,0.41124999999999967
2026-08-16 07:36:28.806,19.716,lower,0.05437499999999984,0.44375000000000053
2026-08-16 07:36:28.816,19.726,lower,0.0012500000000004174,0.4412499999999997
2026-08-16 07:36:28.826,19.736,lower,-0.012499999999999734,0.4200000000000004
2026-08-16 07:36:28.836,19.746,lower,0.07500000000000062,0.4612499999999997
2026-08-16 07:36:28.846,19.756,lower,-0.1331249999999995,0.41124999999999967
2026-08-16 07:36:28.856,19.766,lower,0.03687500000000066,0.44937499999999964
2026-08-16 07:36:28.866,19.776,lower,-0.029375000000000373,0.45062500000000005
2026-08-16 07:36:28.876,19.786,lower,-0.03624999999999989,0.420625
2026-08-16 07:36:28.886,19.796,lower,0.06874999999999964,0.46062500000000006
2026-08-16 07:36:28.896,19.806,lower,-0.13000000000000012,0.41312499999999974
2026-08-16 07:36:28.906,19.816,lower,0.046875000000000666,0.44875
2026-08-16 07:36:28.916,19.826,lower,-0.008749999999999591,0.4475000000000007
2026-08-16 07:36:28.926,19.836,lower,-0.005625000000000213,0.4249999999999998
2026-08-16 07:36:28.936,19.846,lower,0.06750000000000034,0.4600000000000004
2026-08-16 07:36:28.946,19.856,lower,-0.1375000000000004,0.41312499999999974
2026-08-16 07:36:28.956,19.866,lower,0.043125000000000524,0.45062500000000005
2026-08-16 07:36:28.966,19.876,lower,-0.03375000000000017,0.44625000000000026
2026-08-16 07:36:28.976,19.886,lower,-0.031249999999999334,0.4137500000000005
2026-08-16 07:36:28.986,19.896,lower,0.07312500000000055,0.4600000000000004
2026-08-16 07:36:28.996,19.906,lower,-0.12937499999999935,0.41000000000000036
2026-08-16 07:36:29.006,19.916,lower,0.050000000000000044,0.44499999999999984
2026-08-16 07:36:29.016,19.926,lower,-0.012499999999999734,0.44187500000000046
2026-08-16 07:36:29.026,19.936,lower,-0.05624999999999991,0.4181250000000003
2026-08-16 07:36:29.036,19.946,lower,0.06937500000000041,0.4618750000000005
2026-08-16 07:36:29.046,19.956,lower,-0.13499999999999956,0.4149999999999998
2026-08-16 07:36:29.056,19.966,lower,0.043125000000000524,0.44625000000000026
2026-08-16 07:36:29.066,19.976,lower,-0.044999999999999485,0.4400000000000004
2026-08-16 07:36:29.076,19.986,lower,-0.021249999999999325,0.41750000000000065
2026-08-16 07:36:29.086,19.996,lower,0.07312500000000055,0.46062500000000006
2026-08-16 07:36:29.096,20.006,lower,-0.1375000000000004,0.4137500000000005
2026-08-16 07:36:29.106,20.016,lower,0.05125000000000046,0.44625000000000026
2026-08-16 07:36:29.116,20.026,lower,-0.020000000000000018,0.44625000000000026
2026-08-16 07:36:29.126,20.036,lower,-0.050000000000000044,0.4193749999999996
2026-08-16 07:36:29.136,20.046,lower,0.06500000000000061,0.4575000000000007
2026-08-16 07:36:29.146,20.056,lower,-0.13499999999999956,0.40750000000000064
2026-08-16 07:36:29.156,20.066,lower,0.04375000000000018,0.4475000000000007
2026-08-16 07:36:29.166,20.076,lower,-0.053750000000000187,0.44187500000000046
2026-08-16 07:36:29.176,20.086,lower,-0.0187499999999996,0.420625
2026-08-16 07:36:29.186,20.096,lower,0.06687500000000068,0.4600000000000004
2026-08-16 07:36:29.196,20.106,lower,-0.13937499999999936,0.410625
2026-08-16 07:36:29.206,20.116,lower,0.05437499999999984,0.44937499999999964
2026-08-16 07:36:29.216,20.126,lower,-0.029375000000000373,0.4456250000000006
2026-08-16 07:36:29.226,20.136,lower,-0.04562500000000025,0.41000000000000036
2026-08-16 07:36:29.236,20.146,lower,0.06812499999999999,0.45937499999999964
2026-08-16 07:36:29.246,20.156,lower,-0.13562500000000033,0.4081250000000003
2026-08-16 07:36:29.256,20.166,lower,0.046875000000000666,0.45375000000000054
2026-08-16 07:36:29.266,20.176,lower,-0.0031249999999993783,0.4512499999999997
2026-08-16 07:36:29.276,20.186,lower,-0.012499999999999734,0.4125000000000001
2026-08-16 07:36:29.286,20.196,lower,0.06812499999999999,0.45875
2026-08-16 07:36:29.296,20.206,lower,-0.13562500000000033,0.4093749999999996
2026-08-16 07:36:29.306,20.216,lower,0.058749999999999636,0.4456250000000006
2026-08-16 07:36:29.316,20.226,lower,-0.03437499999999982,0.43750000000000067
2026-08-16 07:36:29.326,20.236,lower,-0.03249999999999975,0.4193749999999996
2026-08-16 07:36:29.336,20.246,lower,0.06562500000000027,0.45937499999999964
2026-08-16 07:36:29.346,20.256,lower,-0.1343749999999999,0.4081250000000003
2026-08-16 07:36:29.356,20.266,lower,0.04874999999999963,0.4500000000000004
2026-08-16 07:36:29.366,20.276,lower,-0.010000000000000009,0.43750000000000067
2026-08-16 07:36:29.376,20.286,lower,-0.011249999999999316,0.4200000000000004
2026-08-16 07:36:29.386,20.296,lower,0.07125000000000048,0.45625000000000027
2026-08-16 07:36:29.396,20.306,lower,-0.1375000000000004,0.4081250000000003
2026-08-16 07:36:29.406,20.316,lower,0.05812499999999998,0.44875
2026-08-16 07:36:29.416,20.326,lower,-0.04187500000000011,0.44187500000000046
2026-08-16 07:36:29.426,20.336,lower,-0.03062499999999968,0.42437500000000017
2026-08-16 07:36:29.436,20.346,lower,0.06562500000000027,0.45937499999999964
2026-08-16 07:36:29.446,20.356,lower,-0.13000000000000012,0.41000000000000036
2026-08-16 07:36:29.456,20.366,lower,0.05125000000000046,0.4512499999999997
2026-08-16 07:36:29.466,20.376,lower,-0.014999999999999458,0.4443750000000002
2026-08-16 07:36:29.476,20.386,lower,-0.004374999999999796,0.4281250000000003
2026-08-16 07:36:29.486,20.396,lower,0.06874999999999964,0.4600000000000004
2026-08-16 07:36:29.496,20.406,lower,-0.1418750000000002,0.41124999999999967
2026-08-16 07:36:29.506,20.416,lower,0.043125000000000524,0.45375000000000054
2026-08-16 07:36:29.516,20.426,lower,-0.04874999999999963,0.4425000000000001
2026-08-16 07:36:29.526,20.436,lower,-0.02375000000000016,0.4168749999999999
2026-08-16 07:36:29.536,20.446,lower,0.06874999999999964,0.45937499999999964
2026-08-16 07:36:29.546,20.456,lower,-0.12937499999999935,0.40874999999999995
2026-08-16 07:36:29.556,20.466,lower,0.05125000000000046,0.44062500000000004
2026-08-16 07:36:29.566,20.476,lower,-0.02062499999999967,0.43750000000000067
2026-08-16 07:36:29.576,20.486,lower,0.001875000000000071,0.4168749999999999
2026-08-16 07:36:29.586,20.496,lower,0.07000000000000006,0.4600000000000004
2026-08-16 07:36:29.596,20.506,lower,-0.13562500000000033,0.40874999999999995
2026-08-16 07:36:29.606,20.516,lower,0.04562500000000025,0.4475000000000007
2026-08-16 07:36:29.616,20.526,lower,-0.05562500000000026,0.4356250000000006
2026-08-16 07:36:29.626,20.536,lower,-0.020000000000000018,0.41750000000000065
2026-08-16 07:36:29.636,20.546,lower,0.07062499999999972,0.45625000000000027
2026-08-16 07:36:29.646,20.556,lower,-0.1287499999999997,0.40562500000000057
2026-08-16 07:36:29.656,20.566,lower,0.055000000000000604,0.44937499999999964
2026-08-16 07:36:29.666,20.576,lower,-0.02874999999999961,0.44375000000000053
2026-08-16 07:36:29.676,20.586,lower,-0.04124999999999934,0.4249999999999998
2026-08-16 07:36:29.686,20.596,lower,0.06874999999999964,0.4612499999999997
2026-08-16 07:36:29.696,20.606,lower,-0.13249999999999984,0.4125000000000001
2026-08-16 07:36:29.706,20.616,lower,0.050000000000000044,0.45375000000000054
2026-08-16 07:36:29.716,20.626,lower,-0.06124999999999936,0.44312499999999977
2026-08-16 07:36:29.726,20.636,lower,-0.009375000000000355,0.4293749999999996
2026-08-16 07:36:29.736,20.646,lower,0.07187500000000013,0.45937499999999964
2026-08-16 07:36:29.746,20.656,lower,-0.14062499999999978,0.40874999999999995
2026-08-16 07:36:29.756,20.666,lower,0.06249999999999978,0.4525000000000001
2026-08-16 07:36:29.766,20.676,lower,-0.034999999999999476,0.44062500000000004
2026-08-16 07:36:29.776,20.686,lower,-0.03624999999999989,0.41750000000000065
2026-08-16 07:36:29.786,20.696,lower,0.06812499999999999,0.4618750000000005
2026-08-16 07:36:29.796,20.706,lower,-0.13124999999999942,0.41000000000000036
2026-08-16 07:36:29.806,20.716,lower,0.053750000000000187,0.44812500000000033
2026-08-16 07:36:29.816,20.726,lower,-0.06437499999999985,0.4393749999999996
2026-08-16 07:36:29.826,20.736,lower,-0.004999999999999449,0.41874999999999996
2026-08-16 07:36:29.836,20.746,lower,0.06937500000000041,0.4600000000000004
2026-08-16 07:36:29.846,20.756,lower,-0.13937499999999936,0.41000000000000036
2026-08-16 07:36:29.856,20.766,lower,0.05812499999999998,0.44499999999999984
2026-08-16 07:36:29.866,20.776,lower,-0.04750000000000032,0.4381250000000003
2026-08-16 07:36:29.876,20.786,lower,-0.024374999999999813,0.42312499999999975
2026-08-16 07:36:29.886,20.796,lower,0.06312500000000054,0.45625000000000027
2026-08-16 07:36:29.896,20.806,lower,-0.12812500000000004,0.40562500000000057
2026-08-16 07:36:29.906,20.816,lower,0.05562500000000026,0.4456250000000006
2026-08-16 07:36:29.916,20.826,lower,-0.019375000000000364,0.44312499999999977
2026-08-16 07:36:29.926,20.836,lower,-0.0031249999999993783,0.4281250000000003
2026-08-16 07:36:29.936,20.846,lower,0.07125000000000048,0.45812500000000034
2026-08-16 07:36:29.946,20.856,lower,-0.13687499999999964,0.4062500000000002
2026-08-16 07:36:29.956,20.866,lower,0.058749999999999636,0.44937499999999964
2026-08-16 07:36:29.966,20.876,lower,-0.04562500000000025,0.44375000000000053
2026-08-16 07:36:29.976,20.886,lower,-0.016249999999999876,0.4237500000000005
2026-08-16 07:36:29.986,20.896,lower,0.06750000000000034,0.46250000000000013
2026-08-16 07:36:29.996,20.906,lower,-0.12375000000000025,0.4081250000000003
2026-08-16 07:36:30.006,20.916,lower,0.058749999999999636,0.4531249999999998
2026-08-16 07:36:30.016,20.926,lower,-0.02562500000000023,0.44187500000000046
2026-08-16 07:36:30.026,20.936,lower,0.007500000000000284,0.41625000000000023
2026-08-16 07:36:30.036,20.946,lower,0.07000000000000006,0.4612499999999997
2026-08-16 07:36:30.046,20.956,lower,-0.13687499999999964,0.410625
2026-08-16 07:36:30.056,20.966,lower,0.06750000000000034,0.4568749999999999
2026-08-16 07:36:30.066,20.976,lower,-0.053750000000000187,0.43875
2026-08-16 07:36:30.076,20.986,lower,-0.01187500000000008,0.4181250000000003
2026-08-16 07:36:30.086,20.996,lower,0.07437499999999986,0.4575000000000007
2026-08-16 07:36:30.096,21.006,lower,-0.1243749999999999,0.4068749999999999
2026-08-16 07:36:30.106,21.016,lower,0.058749999999999636,0.4475000000000007
2026-08-16 07:36:30.116,21.026,lower,-0.029375000000000373,0.43499999999999983
2026-08-16 07:36:30.126,21.036,lower,0.006249999999999867,0.420625
2026-08-16 07:36:30.136,21.046,lower,0.07062499999999972,0.45812500000000034
2026-08-16 07:36:30.146,21.056,lower,-0.13062499999999977,0.4062500000000002
2026-08-16 07:36:30.156,21.066,lower,0.051875000000000115,0.4500000000000004
2026-08-16 07:36:30.166,21.076,lower,-0.06124999999999936,0.4300000000000004
2026-08-16 07:36:30.176,21.086,lower,-0.0024999999999997247,0.42625000000000024
2026-08-16 07:36:30.186,21.096,lower,0.0737500000000002,0.45812500000000034
2026-08-16 07:36:30.196,21.106,lower,-0.12062499999999976,0.40562500000000057
2026-08-16 07:36:30.206,21.116,lower,0.06249999999999978,0.45187500000000047
2026-08-16 07:36:30.216,21.126,lower,-0.03937500000000038,0.43875
2026-08-16 07:36:30.226,21.136,lower,0.008749999999999591,0.4268749999999999
2026-08-16 07:36:30.236,21.146,lower,0.06937500000000041,0.45375000000000054
2026-08-16 07:36:30.246,21.156,lower,-0.12937499999999935,0.40750000000000064
2026-08-16 07:36:30.256,21.166,lower,0.05249999999999977,0.45499999999999985
2026-08-16 07:36:30.266,21.176,lower,-0.07124999999999937,0.4412499999999997
2026-08-16 07:36:30.276,21.186,lower,-0.0024999999999997247,0.4300000000000004
2026-08-16 07:36:30.286,21.196,lower,0.07437499999999986,0.45937499999999964
2026-08-16 07:36:30.296,21.206,lower,-0.11562500000000031,0.4081250000000003
2026-08-16 07:36:30.306,21.216,lower,0.06312500000000054,0.4525000000000001
2026-08-16 07:36:30.316,21.226,lower,-0.04375000000000018,0.4381250000000003
2026-08-16 07:36:30.326,21.236,lower,-0.023124999999999396,0.4212499999999997
2026-08-16 07:36:30.336,21.246,lower,0.07000000000000006,0.45875
2026-08-16 07:36:30.346,21.256,lower,-0.1275000000000004,0.4062500000000002
2026-08-16 07:36:30.356,21.266,lower,0.055000000000000604,0.4443750000000002
2026-08-16 07:36:30.366,21.276,lower,-0.07687499999999958,0.4368749999999999
2026-08-16 07:36:30.376,21.286,lower,0.001875000000000071,0.42312499999999975
2026-08-16 07:36:30.386,21.296,lower,0.07624999999999993,0.4612499999999997
2026-08-16 07:36:30.396,21.306,lower,-0.1375000000000004,0.410625
2026-08-16 07:36:30.406,21.316,lower,0.06624999999999992,0.45062500000000005
2026-08-16 07:36:30.416,21.326,lower,-0.05124999999999935,0.43062500000000004
2026-08-16 07:36:30.426,21.336,lower,-0.012499999999999734,0.4237500000000005
2026-08-16 07:36:30.436,21.346,lower,0.06687500000000068,0.46062500000000006
2026-08-16 07:36:30.446,21.356,lower,-0.12499999999999956,0.4081250000000003
2026-08-16 07:36:30.456,21.366,lower,0.06000000000000005,0.45062500000000005
2026-08-16 07:36:30.466,21.376,lower,-0.08312499999999945,0.4393749999999996
2026-08-16 07:36:30.476,21.386,lower,0.0050000000000005596,0.42625000000000024
2026-08-16 07:36:30.486,21.396,lower,0.06937500000000041,0.4568749999999999
2026-08-16 07:36:30.496,21.406,lower,-0.13624999999999998,0.40750000000000064
2026-08-16 07:36:30.506,21.416,lower,0.06812499999999999,0.45375000000000054
2026-08-16 07:36:30.516,21.426,lower,-0.05624999999999991,0.4412499999999997
2026-08-16 07:36:30.526,21.436,lower,-0.010000000000000009,0.4325000000000001
2026-08-16 07:36:30.536,21.446,lower,0.06812499999999999,0.45937499999999964
2026-08-16 07:36:30.546,21.456,lower,-0.11937499999999934,0.4068749999999999
2026-08-16 07:36:30.556,21.466,lower,0.061875000000000124,0.4556250000000006
2026-08-16 07:36:30.566,21.476,lower,-0.034999999999999476,0.43750000000000067
2026-08-16 07:36:30.576,21.486,lower,0.012499999999999734,0.4212499999999997
2026-08-16 07:36:30.586,21.496,lower,0.06874999999999964,0.45937499999999964
2026-08-16 07:36:30.596,21.506,lower,-0.13000000000000012,0.40312499999999973
2026-08-16 07:36:30.606,21.516,lower,0.06812499999999999,0.4456250000000006
2026-08-16 07:36:30.616,21.526,lower,-0.07062499999999972,0.4300000000000004
2026-08-16 07:36:30.626,21.536,lower,-0.008124999999999938,0.4212499999999997
2026-08-16 07:36:30.636,21.546,lower,0.06062499999999971,0.4525000000000001
2026-08-16 07:36:30.646,21.556,lower,-0.12187500000000018,0.4068749999999999
2026-08-16 07:36:30.656,21.566,lower,0.0593750000000004,0.44875
2026-08-16 07:36:30.666,21.576,lower,-0.03750000000000031,0.4312499999999997
2026-08-16 07:36:30.676,21.586,lower,0.012499999999999734,0.42625000000000024
2026-08-16 07:36:30.686,21.596,lower,0.07125000000000048,0.45937499999999964
2026-08-16 07:36:30.696,21.606,lower,-0.12624999999999997,0.41124999999999967
2026-08-16 07:36:30.706,21.616,lower,0.06624999999999992,0.45375000000000054
2026-08-16 07:36:30.716,21.626,lower,-0.07249999999999979,0.4393749999999996
2026-08-16 07:36:30.726,21.636,lower,0.0031250000000004885,0.4300000000000004
2026-08-16 07:36:30.736,21.646,lower,0.06874999999999964,0.45812500000000034
2026-08-16 07:36:30.746,21.656,lower,-0.1143749999999999,0.4093749999999996
2026-08-16 07:36:30.756,21.666,lower,0.06874999999999964,0.4500000000000004
2026-08-16 07:36:30.766,21.676,lower,-0.04750000000000032,0.43750000000000067
2026-08-16 07:36:30.776,21.686,lower,0.021250000000000435,0.43062500000000004
2026-08-16 07:36:30.786,21.696,lower,0.06687500000000068,0.45812500000000034
2026-08-16 07:36:30.796,21.706,lower,-0.12937499999999935,0.40874999999999995
2026-08-16 07:36:30.806,21.716,lower,0.05312500000000053,0.4575000000000007
2026-08-16 07:36:30.816,21.726,lower,-0.08000000000000007,0.4368749999999999
2026-08-16 07:36:30.826,21.736,lower,0.003750000000000142,0.4181250000000003
2026-08-16 07:36:30.836,21.746,lower,0.07000000000000006,0.4618750000000005
2026-08-16 07:36:30.846,21.756,lower,-0.1143749999999999,0.40562500000000057
2026-08-16 07:36:30.856,21.766,lower,0.06125000000000047,0.4575000000000007
2026-08-16 07:36:30.866,21.776,lower,-0.06062499999999971,0.43187500000000045
2026-08-16 07:36:30.876,21.786,lower,0.0187499999999996,0.4193749999999996
2026-08-16 07:36:30.886,21.796,lower,0.06500000000000061,0.45499999999999985
2026-08-16 07:36:30.896,21.806,lower,-0.12687499999999963,0.4037500000000005
2026-08-16 07:36:30.906,21.816,lower,0.0593750000000004,0.4468749999999999
2026-08-16 07:36:30.916,21.826,lower,-0.08812500000000001,0.4249999999999998
2026-08-16 07:36:30.926,21.836,lower,0.006249999999999867,0.4249999999999998
2026-08-16 07:36:30.936,21.846,lower,0.07312500000000055,0.4575000000000007
2026-08-16 07:36:30.946,21.856,lower,-0.1112499999999994,0.40312499999999973
2026-08-16 07:36:30.956,21.866,lower,0.06500000000000061,0.4512499999999997
2026-08-16 07:36:30.966,21.876,lower,-0.06249999999999978,0.4249999999999998
2026-08-16 07:36:30.976,21.886,lower,-0.009375000000000355,0.4293749999999996
2026-08-16 07:36:30.986,21.896,lower,0.0637500000000002,0.45812500000000034
2026-08-16 07:36:30.996,21.906,lower,-0.12375000000000025,0.40562500000000057
2026-08-16 07:36:31.006,21.916,lower,0.06000000000000005,0.4543750000000002
2026-08-16 07:36:31.016,21.926,lower,-0.09437499999999988,0.43499999999999983
2026-08-16 07:36:31.026,21.936,lower,0.010624999999999662,0.43187500000000045
2026-08-16 07:36:31.036,21.946,lower,0.06750000000000034,0.4556250000000006
2026-08-16 07:36:31.046,21.956,lower,-0.13499999999999956,0.4062500000000002
2026-08-16 07:36:31.056,21.966,lower,0.06874999999999964,0.45375000000000054
2026-08-16 07:36:31.066,21.976,lower,-0.06937500000000041,0.4337500000000005
2026-08-16 07:36:31.076,21.986,lower,-0.003750000000000142,0.43499999999999983
2026-08-16 07:36:31.086,21.996,lower,0.061875000000000124,0.45812500000000034
2026-08-16 07:36:31.096,22.006,lower,-0.12124999999999941,0.4037500000000005
2026-08-16 07:36:31.106,22.016,lower,0.06125000000000047,0.4525000000000001
2026-08-16 07:36:31.116,22.026,lower,-0.10249999999999981,0.43062500000000004
2026-08-16 07:36:31.126,22.036,lower,0.009375000000000355,0.4237500000000005
2026-08-16 07:36:31.136,22.046,lower,0.06500000000000061,0.4556250000000006
2026-08-16 07:36:31.146,22.056,lower,-0.13375000000000026,0.4081250000000003
2026-08-16 07:36:31.156,22.066,lower,0.06562500000000027,0.44875
2026-08-16 07:36:31.166,22.076,lower,-0.0824999999999998,0.4268749999999999
2026-08-16 07:36:31.176,22.086,lower,0.0012500000000004174,0.4268749999999999
2026-08-16 07:36:31.186,22.096,lower,0.05312500000000053,0.45625000000000027
2026-08-16 07:36:31.196,22.106,lower,-0.12249999999999983,0.4062500000000002
2026-08-16 07:36:31.206,22.116,lower,0.06125000000000047,0.44875
2026-08-16 07:36:31.216,22.126,lower,-0.05624999999999991,0.4256250000000006
2026-08-16 07:36:31.226,22.136,lower,0.015000000000000568,0.42625000000000024
2026-08-16 07:36:31.236,22.146,lower,0.06500000000000061,0.4543750000000002
2026-08-16 07:36:31.246,22.156,lower,-0.1287499999999997,0.40750000000000064
2026-08-16 07:36:31.256,22.166,lower,0.06750000000000034,0.4525000000000001
2026-08-16 07:36:31.266,22.176,lower,-0.08312499999999945,0.43499999999999983
2026-08-16 07:36:31.276,22.186,lower,0.0,0.4300000000000004
2026-08-16 07:36:31.286,22.196,lower,0.05249999999999977,0.4568749999999999
2026-08-16 07:36:31.296,22.206,lower,-0.11187500000000017,0.4062500000000002
2026-08-16 07:36:31.306,22.216,lower,0.06249999999999978,0.45499999999999985
2026-08-16 07:36:31.316,22.226,lower,-0.06437499999999985,0.43312499999999976
2026-08-16 07:36:31.326,22.236,lower,0.015625000000000222,0.43499999999999983
2026-08-16 07:36:31.336,22.246,lower,0.06249999999999978,0.45812500000000034
2026-08-16 07:36:31.346,22.256,lower,-0.13000000000000012,0.4049999999999998
2026-08-16 07:36:31.356,22.266,lower,0.06937500000000041,0.4575000000000007
2026-08-16 07:36:31.366,22.276,lower,-0.09812500000000002,0.4337500000000005
2026-08-16 07:36:31.376,22.286,lower,0.007500000000000284,0.4200000000000004
2026-08-16 07:36:31.386,22.296,lower,0.06750000000000034,0.4575000000000007
2026-08-16 07:36:31.396,22.306,lower,-0.1143749999999999,0.40437500000000015
2026-08-16 07:36:31.406,22.316,lower,0.06312500000000054,0.45937499999999964
2026-08-16 07:36:31.416,22.326,lower,-0.06937500000000041,0.4256250000000006
2026-08-16 07:36:31.426,22.336,lower,0.02062499999999967,0.4256250000000006
2026-08-16 07:36:31.436,22.346,lower,0.06000000000000005,0.45187500000000047
2026-08-16 07:36:31.446,22.356,lower,-0.12375000000000025,0.4068749999999999
2026-08-16 07:36:31.456,22.366,lower,0.053750000000000187,0.4512499999999997
2026-08-16 07:36:31.466,22.376,lower,-0.10249999999999981,0.42437500000000017
2026-08-16 07:36:31.476,22.386,lower,0.007500000000000284,0.4325000000000001
2026-08-16 07:36:31.486,22.396,lower,0.06125000000000047,0.4525000000000001
2026-08-16 07:36:31.496,22.406,lower,-0.10687499999999961,0.4049999999999998
2026-08-16 07:36:31.506,22.416,lower,0.06562500000000027,0.4525000000000001
2026-08-16 07:36:31.516,22.426,lower,-0.0824999999999998,0.43312499999999976
2026-08-16 07:36:31.526,22.436,lower,0.026249999999999885,0.43312499999999976
2026-08-16 07:36:31.536,22.446,lower,0.05624999999999991,0.4556250000000006
2026-08-16 07:36:31.546,22.456,lower,-0.1243749999999999,0.41187500000000044
2026-08-16 07:36:31.556,22.466,lower,0.056875000000000675,0.45375000000000054
2026-08-16 07:36:31.566,22.476,lower,-0.10750000000000037,0.43187500000000045
2026-08-16 07:36:31.576,22.486,lower,0.010624999999999662,0.43312499999999976
2026-08-16 07:36:31.586,22.496,lower,0.06125000000000047,0.4568749999999999
2026-08-16 07:36:31.596,22.506,lower,-0.10187500000000016,0.40750000000000064
2026-08-16 07:36:31.606,22.516,lower,0.06562500000000027,0.4556250000000006
2026-08-16 07:36:31.616,22.526,lower,-0.08750000000000036,0.4281250000000003
2026-08-16 07:36:31.626,22.536,lower,-0.0012500000000004174,0.4237500000000005
2026-08-16 07:36:31.636,22.546,lower,0.0506249999999997,0.4556250000000006
2026-08-16 07:36:31.646,22.556,lower,-0.11812500000000004,0.40562500000000057
2026-08-16 07:36:31.656,22.566,lower,0.06249999999999978,0.4525000000000001
2026-08-16 07:36:31.666,22.576,lower,-0.11937499999999934,0.42437500000000017
2026-08-16 07:36:31.676,22.586,lower,0.016249999999999876,0.42750000000000066
2026-08-16 07:36:31.686,22.596,lower,0.061875000000000124,0.4568749999999999
2026-08-16 07:36:31.696,22.606,lower,-0.13499999999999956,0.4068749999999999
2026-08-16 07:36:31.706,22.616,lower,0.06812499999999999,0.44937499999999964
2026-08-16 07:36:31.716,22.626,lower,-0.09187500000000015,0.4281250000000003
2026-08-16 07:36:31.726,22.636,lower,0.003750000000000142,0.43187500000000045
2026-08-16 07:36:31.736,22.646,lower,0.04750000000000032,0.45875
2026-08-16 07:36:31.746,22.656,lower,-0.11624999999999996,0.4081250000000003
2026-08-16 07:36:31.756,22.666,lower,0.06249999999999978,0.4556250000000006
2026-08-16 07:36:31.766,22.676,lower,-0.11937499999999934,0.4200000000000004
2026-08-16 07:36:31.776,22.686,lower,0.02375000000000016,0.43187500000000045
2026-08-16 07:36:31.786,22.696,lower,0.0593750000000004,0.4568749999999999
2026-08-16 07:36:31.796,22.706,lower,-0.13124999999999942,0.4093749999999996
2026-08-16 07:36:31.806,22.716,lower,0.07000000000000006,0.4568749999999999
2026-08-16 07:36:31.816,22.726,lower,-0.0968749999999996,0.43062500000000004
2026-08-16 07:36:31.826,22.736,lower,0.006875000000000631,0.4368749999999999
2026-08-16 07:36:31.836,22.746,lower,0.04750000000000032,0.4575000000000007
2026-08-16 07:36:31.846,22.756,lower,-0.1112499999999994,0.40437500000000015
2026-08-16 07:36:31.856,22.766,lower,0.06062499999999971,0.4575000000000007
2026-08-16 07:36:31.866,22.776,lower,-0.07750000000000035,0.42750000000000066
2026-08-16 07:36:31.876,22.786,lower,0.022499999999999742,0.43750000000000067
2026-08-16 07:36:31.886,22.796,lower,0.05812499999999998,0.4575000000000007
2026-08-16 07:36:31.896,22.806,lower,-0.12375000000000025,0.40437500000000015
2026-08-16 07:36:31.906,22.816,lower,0.06874999999999964,0.45937499999999964
2026-08-16 07:36:31.916,22.826,lower,-0.10624999999999996,0.42437500000000017
2026-08-16 07:36:31.926,22.836,lower,0.013750000000000151,0.42750000000000066
2026-08-16 07:36:31.936,22.846,lower,0.03624999999999989,0.45499999999999985
2026-08-16 07:36:31.946,22.856,lower,-0.1056250000000003,0.40750000000000064
2026-08-16 07:36:31.956,22.866,lower,0.06687500000000068,0.44937499999999964
2026-08-16 07:36:31.966,22.876,lower,-0.0824999999999998,0.4237500000000005
2026-08-16 07:36:31.976,22.886,lower,0.02375000000000016,0.43062500000000004
2026-08-16 07:36:31.986,22.896,lower,0.05437499999999984,0.45375000000000054
2026-08-16 07:36:31.996,22.906,lower,-0.11812500000000004,0.410625
2026-08-16 07:36:32.006,22.916,lower,0.06687500000000068,0.45625000000000027
2026-08-16 07:36:32.016,22.926,lower,-0.11187500000000017,0.4249999999999998
2026-08-16 07:36:32.026,22.936,lower,0.01687500000000064,0.4368749999999999
2026-08-16 07:36:32.036,22.946,lower,0.06249999999999978,0.45812500000000034
2026-08-16 07:36:32.046,22.956,lower,-0.09874999999999967,0.4093749999999996
2026-08-16 07:36:32.056,22.966,lower,0.06624999999999992,0.4556250000000006
2026-08-16 07:36:32.066,22.976,lower,-0.0924999999999998,0.4293749999999996
2026-08-16 07:36:32.076,22.986,lower,0.030000000000000027,0.4368749999999999
2026-08-16 07:36:32.086,22.996,lower,0.051875000000000115,0.45812500000000034
2026-08-16 07:36:32.096,23.006,lower,-0.11874999999999969,0.40874999999999995
2026-08-16 07:36:32.106,23.016,lower,0.0593750000000004,0.4575000000000007
2026-08-16 07:36:32.116,23.026,lower,-0.11937499999999934,0.42750000000000066
2026-08-16 07:36:32.126,23.036,lower,0.016249999999999876,0.43499999999999983
2026-08-16 07:36:32.136,23.046,lower,0.061875000000000124,0.4568749999999999
2026-08-16 07:36:32.146,23.056,lower,-0.09312499999999946,0.40750000000000064
2026-08-16 07:36:32.156,23.066,lower,0.06624999999999992,0.45499999999999985
2026-08-16 07:36:32.166,23.076,lower,-0.09312499999999946,0.4268749999999999
2026-08-16 07:36:32.176,23.086,lower,0.030000000000000027,0.4281250000000003
2026-08-16 07:36:32.186,23.096,lower,0.046875000000000666,0.45375000000000054
2026-08-16 07:36:32.196,23.106,lower,-0.11062499999999975,0.40312499999999973
2026-08-16 07:36:32.206,23.116,lower,0.06500000000000061,0.45812500000000034
2026-08-16 07:36:32.216,23.126,lower,-0.11874999999999969,0.4225000000000001
2026-08-16 07:36:32.226,23.136,lower,0.02375000000000016,0.42625000000000024
2026-08-16 07:36:32.236,23.146,lower,0.0593750000000004,0.4512499999999997
2026-08-16 07:36:32.246,23.156,lower,-0.08499999999999952,0.40750000000000064
2026-08-16 07:36:32.256,23.166,lower,0.07249999999999979,0.45375000000000054
2026-08-16 07:36:32.266,23.176,lower,-0.10187500000000016,0.4181250000000003
2026-08-16 07:36:32.276,23.186,lower,0.010000000000000009,0.43312499999999976
2026-08-16 07:36:32.286,23.196,lower,0.04187500000000011,0.45812500000000034
2026-08-16 07:36:32.296,23.206,lower,-0.10437499999999988,0.41187500000000044
2026-08-16 07:36:32.306,23.216,lower,0.06812499999999999,0.4575000000000007
2026-08-16 07:36:32.316,23.226,lower,-0.12249999999999983,0.4200000000000004
2026-08-16 07:36:32.326,23.236,lower,0.027500000000000302,0.4368749999999999
2026-08-16 07:36:32.336,23.246,lower,0.05750000000000033,0.45625000000000027
2026-08-16 07:36:32.346,23.256,lower,-0.1200000000000001,0.410625
2026-08-16 07:36:32.356,23.266,lower,0.07312500000000055,0.45625000000000027
2026-08-16 07:36:32.366,23.276,lower,-0.10375000000000023,0.42625000000000024
2026-08-16 07:36:32.376,23.286,lower,0.017500000000000293,0.4381250000000003
2026-08-16 07:36:32.386,23.296,lower,0.03562500000000024,0.4556250000000006
2026-08-16 07:36:32.396,23.306,lower,-0.09874999999999967,0.40437500000000015
2026-08-16 07:36:32.406,23.316,lower,0.06812499999999999,0.45937499999999964
2026-08-16 07:36:32.416,23.326,lower,-0.12624999999999997,0.4281250000000003
2026-08-16 07:36:32.426,23.336,lower,0.030000000000000027,0.4425000000000001
2026-08-16 07:36:32.436,23.346,lower,0.05624999999999991,0.45375000000000054
2026-08-16 07:36:32.446,23.356,lower,-0.11499999999999955,0.40750000000000064
2026-08-16 07:36:32.456,23.366,lower,0.07062499999999972,0.45875
2026-08-16 07:36:32.466,23.376,lower,-0.11249999999999982,0.4200000000000004
2026-08-16 07:36:32.476,23.386,lower,0.018124999999999947,0.43062500000000004
2026-08-16 07:36:32.486,23.396,lower,0.024374999999999813,0.4512499999999997
2026-08-16 07:36:32.496,23.406,lower,-0.09312499999999946,0.4062500000000002
2026-08-16 07:36:32.506,23.416,lower,0.07000000000000006,0.4525000000000001
2026-08-16 07:36:32.516,23.426,lower,-0.09000000000000008,0.4200000000000004
2026-08-16 07:36:32.526,23.436,lower,0.0318750000000001,0.4356250000000006
2026-08-16 07:36:32.536,23.446,lower,0.04812499999999997,0.4556250000000006
2026-08-16 07:36:32.546,23.456,lower,-0.11375000000000024,0.410625
2026-08-16 07:36:32.556,23.466,lower,0.07187500000000013,0.45499999999999985
2026-08-16 07:36:32.566,23.476,lower,-0.11249999999999982,0.41750000000000065
2026-08-16 07:36:32.576,23.486,lower,0.02375000000000016,0.43499999999999983
2026-08-16 07:36:32.586,23.496,lower,0.02062499999999967,0.4568749999999999
2026-08-16 07:36:32.596,23.506,lower,-0.0824999999999998,0.41000000000000036
2026-08-16 07:36:32.606,23.516,lower,0.07249999999999979,0.45499999999999985
2026-08-16 07:36:32.616,23.526,lower,-0.09812500000000002,0.4249999999999998
2026-08-16 07:36:32.626,23.536,lower,0.035000000000000586,0.4381250000000003
2026-08-16 07:36:32.636,23.546,lower,0.045000000000000595,0.45875
2026-08-16 07:36:32.646,23.556,lower,-0.10937499999999933,0.4062500000000002
2026-08-16 07:36:32.656,23.566,lower,0.07500000000000062,0.45812500000000034
2026-08-16 07:36:32.666,23.576,lower,-0.12375000000000025,0.42312499999999975
2026-08-16 07:36:32.676,23.586,lower,0.02375000000000016,0.44375000000000053
2026-08-16 07:36:32.686,23.596,lower,0.06312500000000054,0.4543750000000002
2026-08-16 07:36:32.696,23.606,lower,-0.08124999999999938,0.4062500000000002
2026-08-16 07:36:32.706,23.616,lower,0.07062499999999972,0.4612499999999997
2026-08-16 07:36:32.716,23.626,lower,-0.09874999999999967,0.41750000000000065
2026-08-16 07:36:32.726,23.636,lower,0.03750000000000031,0.43625000000000025
2026-08-16 07:36:32.736,23.646,lower,0.03874999999999962,0.45062500000000005
2026-08-16 07:36:32.746,23.656,lower,-0.09937499999999932,0.4049999999999998
2026-08-16 07:36:32.756,23.666,lower,0.06562500000000027,0.4556250000000006
2026-08-16 07:36:32.766,23.676,lower,-0.12499999999999956,0.41750000000000065
2026-08-16 07:36:32.776,23.686,lower,0.0318750000000001,0.43499999999999983
2026-08-16 07:36:32.786,23.696,lower,0.056875000000000675,0.4525000000000001
2026-08-16 07:36:32.796,23.706,lower,-0.07499999999999951,0.4093749999999996
2026-08-16 07:36:32.806,23.716,lower,0.07500000000000062,0.45499999999999985
2026-08-16 07:36:32.816,23.726,lower,-0.10937499999999933,0.4181250000000003
2026-08-16 07:36:32.826,23.736,lower,0.04062499999999969,0.4400000000000004
2026-08-16 07:36:32.836,23.746,lower,0.03062499999999968,0.4543750000000002
2026-08-16 07:36:32.846,23.756,lower,-0.09874999999999967,0.4125000000000001
2026-08-16 07:36:32.856,23.766,lower,0.06562500000000027,0.45875
2026-08-16 07:36:32.866,23.776,lower,-0.1343749999999999,0.4237500000000005
2026-08-16 07:36:32.876,23.786,lower,0.03062499999999968,0.4393749999999996
2026-08-16 07:36:32.886,23.796,lower,0.051875000000000115,0.4525000000000001
2026-08-16 07:36:32.896,23.806,lower,-0.06937500000000041,0.410625
2026-08-16 07:36:32.906,23.816,lower,0.07249999999999979,0.4575000000000007
2026-08-16 07:36:32.916,23.826,lower,-0.11687499999999962,0.4193749999999996
2026-08-16 07:36:32.926,23.836,lower,0.021250000000000435,0.44312499999999977
2026-08-16 07:36:32.936,23.846,lower,0.019375000000000364,0.4568749999999999
2026-08-16 07:36:32.946,23.856,lower,-0.09124999999999939,0.4093749999999996
2026-08-16 07:36:32.956,23.866,lower,0.0737500000000002,0.45875
2026-08-16 07:36:32.966,23.876,lower,-0.13562500000000033,0.42187500000000044
2026-08-16 07:36:32.976,23.886,lower,0.033125000000000515,0.4337500000000005
2026-08-16 07:36:32.986,23.896,lower,0.0506249999999997,0.45375000000000054
2026-08-16 07:36:32.996,23.906,lower,-0.11562500000000031,0.4068749999999999
2026-08-16 07:36:33.006,23.916,lower,0.07125000000000048,0.4643750000000002
2026-08-16 07:36:33.016,23.926,lower,-0.1200000000000001,0.4200000000000004
2026-08-16 07:36:33.026,23.936,lower,0.022499999999999742,0.43625000000000025
2026-08-16 07:36:33.036,23.946,lower,0.01687500000000064,0.4543750000000002
2026-08-16 07:36:33.046,23.956,lower,-0.08499999999999952,0.40312499999999973
2026-08-16 07:36:33.056,23.966,lower,0.06812499999999999,0.45625000000000027
2026-08-16 07:36:33.066,23.976,lower,-0.1387499999999997,0.41750000000000065
2026-08-16 07:36:33.076,23.986,lower,0.03750000000000031,0.4356250000000006
2026-08-16 07:36:33.086,23.996,lower,0.04125000000000045,0.4556250000000006
2026-08-16 07:36:33.096,24.006,lower,-0.11062499999999975,0.41124999999999967
2026-08-16 07:36:33.106,24.016,lower,0.07187500000000013,0.4568749999999999
2026-08-16 07:36:33.116,24.026,lower,-0.12812500000000004,0.41187500000000044
2026-08-16 07:36:33.126,24.036,lower,0.025000000000000577,0.44062500000000004
2026-08-16 07:36:33.136,24.046,lower,0.006875000000000631,0.45187500000000047
2026-08-16 07:36:33.146,24.056,lower,-0.08375000000000021,0.41124999999999967
2026-08-16 07:36:33.156,24.066,lower,0.07062499999999972,0.45875
2026-08-16 07:36:33.166,24.076,lower,-0.10812500000000003,0.4212499999999997
2026-08-16 07:36:33.176,24.086,lower,0.038124999999999964,0.44187500000000046
2026-08-16 07:36:33.186,24.096,lower,0.03249999999999975,0.45187500000000047
2026-08-16 07:36:33.196,24.106,lower,-0.10624999999999996,0.4037500000000005
2026-08-16 07:36:33.206,24.116,lower,0.06812499999999999,0.45625000000000027
2026-08-16 07:36:33.216,24.126,lower,-0.13375000000000026,0.41625000000000023
2026-08-16 07:36:33.226,24.136,lower,0.028124999999999956,0.4425000000000001
2026-08-16 07:36:33.236,24.146,lower,-0.0031249999999993783,0.45187500000000047
2026-08-16 07:36:33.246,24.156,lower,-0.07499999999999951,0.4049999999999998
2026-08-16 07:36:33.256,24.166,lower,0.07187500000000013,0.45875
2026-08-16 07:36:33.266,24.176,lower,-0.11499999999999955,0.4168749999999999
2026-08-16 07:36:33.276,24.186,lower,0.03937500000000038,0.4343750000000002
2026-08-16 07:36:33.286,24.196,lower,0.02375000000000016,0.44875
2026-08-16 07:36:33.296,24.206,lower,-0.09499999999999953,0.4081250000000003
2026-08-16 07:36:33.306,24.216,lower,0.06687500000000068,0.45875
2026-08-16 07:36:33.316,24.226,lower,-0.13499999999999956,0.41437500000000016
2026-08-16 07:36:33.326,24.236,lower,0.026249999999999885,0.43750000000000067
2026-08-16 07:36:33.336,24.246,lower,0.0462499999999999,0.4468749999999999
2026-08-16 07:36:33.346,24.256,lower,-0.06750000000000034,0.41312499999999974
2026-08-16 07:36:33.356,24.266,lower,0.06500000000000061,0.45625000000000027
2026-08-16 07:36:33.366,24.276,lower,-0.1243749999999999,0.4149999999999998
2026-08-16 07:36:33.376,24.286,lower,0.040000000000000036,0.4381250000000003
2026-08-16 07:36:33.386,24.296,lower,0.010624999999999662,0.45375000000000054
2026-08-16 07:36:33.396,24.306,lower,-0.09375000000000022,0.41187500000000044
2026-08-16 07:36:33.406,24.316,lower,0.06687500000000068,0.4556250000000006
2026-08-16 07:36:33.416,24.326,lower,-0.14437499999999992,0.4212499999999997
2026-08-16 07:36:33.426,24.336,lower,0.0318750000000001,0.44062500000000004
2026-08-16 07:36:33.436,24.346,lower,0.043125000000000524,0.4525000000000001
2026-08-16 07:36:33.446,24.356,lower,-0.06562500000000027,0.41000000000000036
2026-08-16 07:36:33.456,24.366,lower,0.07062499999999972,0.45875
2026-08-16 07:36:33.466,24.376,lower,-0.1243749999999999,0.4193749999999996
2026-08-16 07:36:33.476,24.386,lower,0.04375000000000018,0.44375000000000053
2026-08-16 07:36:33.486,24.396,lower,0.008749999999999591,0.4525000000000001
2026-08-16 07:36:33.496,24.406,lower,-0.08562500000000028,0.41187500000000044
2026-08-16 07:36:33.506,24.416,lower,0.06437499999999985,0.46062500000000006
2026-08-16 07:36:33.516,24.426,lower,-0.14124999999999943,0.4200000000000004
2026-08-16 07:36:33.526,24.436,lower,0.03437499999999982,0.43875
2026-08-16 07:36:33.536,24.446,lower,0.03249999999999975,0.45062500000000005
2026-08-16 07:36:33.546,24.456,lower,-0.05562500000000026,0.40874999999999995
2026-08-16 07:36:33.556,24.466,lower,0.07000000000000006,0.45812500000000034
2026-08-16 07:36:33.566,24.476,lower,-0.13375000000000026,0.31937500000000063
2026-08-16 07:36:33.576,24.486,lower,0.021250000000000435,0.4049999999999998
2026-08-16 07:36:33.586,24.496,lower,-0.00687499999999952,0.4200000000000004
2026-08-16 07:36:33.596,24.506,lower,-0.0824999999999998,0.31437500000000007
2026-08-16 07:36:33.606,24.516,lower,0.06687500000000068,0.4643750000000002
2026-08-16 07:36:33.616,24.526,lower,-0.14437499999999992,0.3137500000000004
2026-08-16 07:36:33.626,24.536,lower,0.031250000000000444,0.4156250000000006
2026-08-16 07:36:33.636,24.546,lower,0.022499999999999742,0.44375000000000053
2026-08-16 07:36:33.646,24.556,lower,-0.10499999999999954,0.32187500000000036
2026-08-16 07:36:33.656,24.566,lower,0.06437499999999985,0.4662500000000003
2026-08-16 07:36:33.666,24.576,lower,-0.13937499999999936,0.3443750000000001
2026-08-16 07:36:33.676,24.586,lower,0.023125000000000506,0.42437500000000017
2026-08-16 07:36:33.686,24.596,lower,-0.011249999999999316,0.44062500000000004
2026-08-16 07:36:33.696,24.606,lower,-0.07249999999999979,0.33375000000000044
2026-08-16 07:36:33.706,24.616,lower,0.06812499999999999,0.4718750000000005
2026-08-16 07:36:33.716,24.626,lower,-0.14375000000000027,0.3368749999999998
2026-08-16 07:36:33.726,24.636,lower,0.03874999999999962,0.43312499999999976
2026-08-16 07:36:33.736,24.646,lower,0.015625000000000222,0.43499999999999983
2026-08-16 07:36:33.746,24.656,lower,-0.09874999999999967,0.3149999999999997
2026-08-16 07:36:33.756,24.666,lower,0.06624999999999992,0.4718750000000005
2026-08-16 07:36:33.766,24.676,lower,-0.1387499999999997,0.33375000000000044
2026-08-16 07:36:33.776,24.686,lower,0.027500000000000302,0.40750000000000064
2026-08-16 07:36:33.786,24.696,lower,-0.014374999999999805,0.4337500000000005
2026-08-16 07:36:33.796,24.706,lower,-0.06750000000000034,0.31937500000000063
2026-08-16 07:36:33.806,24.716,lower,0.06687500000000068,0.47562500000000063
2026-08-16 07:36:33.816,24.726,lower,-0.12687499999999963,0.3287499999999999
2026-08-16 07:36:33.826,24.736,lower,0.038124999999999964,0.41874999999999996
2026-08-16 07:36:33.836,24.746,lower,0.006249999999999867,0.4325000000000001
2026-08-16 07:36:33.846,24.756,lower,-0.08937500000000043,0.32937500000000064
2026-08-16 07:36:33.856,24.766,lower,0.06687500000000068,0.47562500000000063
2026-08-16 07:36:33.866,24.776,lower,-0.14687499999999964,0.32499999999999973
2026-08-16 07:36:33.876,24.786,lower,0.03062499999999968,0.42625000000000024
2026-08-16 07:36:33.886,24.796,lower,-0.02562500000000023,0.4531249999999998
2026-08-16 07:36:33.896,24.806,lower,-0.0593750000000004,0.3343750000000001
2026-08-16 07:36:33.906,24.816,lower,0.06812499999999999,0.47499999999999987
2026-08-16 07:36:33.916,24.826,lower,-0.13249999999999984,0.3225
2026-08-16 07:36:33.926,24.836,lower,0.04187500000000011,0.43312499999999976
2026-08-16 07:36:33.936,24.846,lower,0.0012500000000004174,0.45062500000000005
2026-08-16 07:36:33.946,24.856,lower,-0.08187500000000014,0.34499999999999975
2026-08-16 07:36:33.956,24.866,lower,0.06874999999999964,0.48375000000000057
2026-08-16 07:36:33.966,24.876,lower,-0.1418750000000002,0.34625000000000017
2026-08-16 07:36:33.976,24.886,lower,0.035000000000000586,0.4393749999999996
2026-08-16 07:36:33.986,24.896,lower,0.024374999999999813,0.44875
2026-08-16 07:36:33.996,24.906,lower,-0.050000000000000044,0.3237500000000004
2026-08-16 07:36:34.006,24.916,lower,0.07062499999999972,0.4831249999999998
2026-08-16 07:36:34.016,24.926,lower,-0.13812500000000005,0.3431249999999997
2026-08-16 07:36:34.026,24.936,lower,0.045000000000000595,0.4456250000000006
2026-08-16 07:36:34.036,24.946,lower,-0.003750000000000142,0.44312499999999977
2026-08-16 07:36:34.046,24.956,lower,-0.078125,0.3256250000000005
2026-08-16 07:36:34.056,24.966,lower,0.06437499999999985,0.4843750000000002
2026-08-16 07:36:34.066,24.976,lower,-0.14437499999999992,0.3356250000000005
2026-08-16 07:36:34.076,24.986,lower,0.03375000000000017,0.42874999999999996
2026-08-16 07:36:34.086,24.996,lower,0.019375000000000364,0.4356250000000006
2026-08-16 07:36:34.096,25.006,lower,-0.04187500000000011,0.33625000000000016
2026-08-16 07:36:34.106,25.016,lower,0.06562500000000027,0.48250000000000015
2026-08-16 07:36:34.116,25.026,lower,-0.14375000000000027,0.3312499999999996
2026-08-16 07:36:34.126,25.036,lower,0.04437499999999983,0.4356250000000006
2026-08-16 07:36:34.136,25.046,lower,-0.015625000000000222,0.4237500000000005
2026-08-16 07:36:34.146,25.056,lower,-0.06937500000000041,0.3418750000000004
2026-08-16 07:36:34.156,25.066,lower,0.06624999999999992,0.4874999999999996
2026-08-16 07:36:34.166,25.076,lower,-0.15124999999999944,0.3237500000000004
2026-08-16 07:36:34.176,25.086,lower,0.04249999999999976,0.4443750000000002
2026-08-16 07:36:34.186,25.096,lower,0.012499999999999734,0.4556250000000006
2026-08-16 07:36:34.196,25.106,lower,-0.04062499999999969,0.3518750000000004
2026-08-16 07:36:34.206,25.116,lower,0.07062499999999972,0.48812500000000036
2026-08-16 07:36:34.216,25.126,lower,-0.1431249999999995,0.3418750000000004
2026-08-16 07:36:34.226,25.136,lower,0.028124999999999956,0.44875
2026-08-16 07:36:34.236,25.146,lower,-0.016249999999999876,0.44875
2026-08-16 07:36:34.246,25.156,lower,-0.06000000000000005,0.35937500000000067
2026-08-16 07:36:34.256,25.166,lower,0.06750000000000034,0.48687499999999995
2026-08-16 07:36:34.266,25.176,lower,-0.14625,0.3375000000000006
2026-08-16 07:36:34.276,25.186,lower,0.04375000000000018,0.4531249999999998
2026-08-16 07:36:34.286,25.196,lower,0.0050000000000005596,0.44187500000000046
2026-08-16 07:36:34.296,25.206,lower,-0.08562500000000028,0.33499999999999974
2026-08-16 07:36:34.306,25.216,lower,0.06874999999999964,0.4862500000000003
2026-08-16 07:36:34.316,25.226,lower,-0.1431249999999995,0.34062499999999996
2026-08-16 07:36:34.326,25.236,lower,0.038124999999999964,0.4325000000000001
2026-08-16 07:36:34.336,25.246,lower,-0.026874999999999538,0.44062500000000004
2026-08-16 07:36:34.346,25.256,lower,-0.05437499999999984,0.34062499999999996
2026-08-16 07:36:34.356,25.266,lower,0.0737500000000002,0.48375000000000057
2026-08-16 07:36:34.366,25.276,lower,-0.1475000000000004,0.33625000000000016
2026-08-16 07:36:34.376,25.286,lower,0.046875000000000666,0.43750000000000067
2026-08-16 07:36:34.386,25.296,lower,0.001875000000000071,0.4337500000000005
2026-08-16 07:36:34.396,25.306,lower,-0.07750000000000035,0.34499999999999975
2026-08-16 07:36:34.406,25.316,lower,0.07000000000000006,0.48937499999999967
2026-08-16 07:36:34.416,25.326,lower,-0.14124999999999943,0.3300000000000003
2026-08-16 07:36:34.426,25.336,lower,0.03874999999999962,0.44312499999999977
2026-08-16 07:36:34.436,25.346,lower,-0.02874999999999961,0.45499999999999985
2026-08-16 07:36:34.446,25.356,lower,-0.04187500000000011,0.3543750000000001
2026-08-16 07:36:34.456,25.366,lower,0.06937500000000041,0.49000000000000044
2026-08-16 07:36:34.466,25.376,lower,-0.14000000000000012,0.34812500000000024
2026-08-16 07:36:34.476,25.386,lower,0.0462499999999999,0.4525000000000001
2026-08-16 07:36:34.486,25.396,lower,-0.009375000000000355,0.4512499999999997
2026-08-16 07:36:34.496,25.406,lower,-0.07312499999999944,0.36375000000000046
2026-08-16 07:36:34.506,25.416,lower,0.07125000000000048,0.49000000000000044
2026-08-16 07:36:34.516,25.426,lower,-0.1475000000000004,0.33937500000000065
2026-08-16 07:36:34.526,25.436,lower,0.04249999999999976,0.46062500000000006
2026-08-16 07:36:34.536,25.446,lower,-0.04062499999999969,0.44062500000000004
2026-08-16 07:36:34.546,25.456,lower,-0.03687499999999955,0.3356250000000005
2026-08-16 07:36:34.556,25.466,lower,0.07187500000000013,0.48812500000000036
2026-08-16 07:36:34.566,25.476,lower,-0.13687499999999964,0.33625000000000016
2026-08-16 07:36:34.576,25.486,lower,0.053750000000000187,0.4356250000000006
2026-08-16 07:36:34.586,25.496,lower,-0.014374999999999805,0.4381250000000003
2026-08-16 07:36:34.596,25.506,lower,-0.06000000000000005,0.3443750000000001
2026-08-16 07:36:34.606,25.516,lower,0.06562500000000027,0.48687499999999995
2026-08-16 07:36:34.616,25.526,lower,-0.14687499999999964,0.3300000000000003
2026-08-16 07:36:34.626,25.536,lower,0.04125000000000045,0.44312499999999977
2026-08-16 07:36:34.636,25.546,lower,0.006249999999999867,0.4281250000000003
2026-08-16 07:36:34.646,25.556,lower,-0.030000000000000027,0.3487499999999999
2026-08-16 07:36:34.656,25.566,lower,0.0737500000000002,0.4906250000000001
2026-08-16 07:36:34.666,25.576,lower,-0.14124999999999943,0.33062499999999995
2026-08-16 07:36:34.676,25.586,lower,0.05562500000000026,0.44875
2026-08-16 07:36:34.686,25.596,lower,-0.019375000000000364,0.44875
2026-08-16 07:36:34.696,25.606,lower,-0.05249999999999977,0.3587499999999999
2026-08-16 07:36:34.706,25.616,lower,0.06750000000000034,0.49124999999999974
2026-08-16 07:36:34.716,25.626,lower,-0.14062499999999978,0.3256250000000005
2026-08-16 07:36:34.726,25.636,lower,0.0462499999999999,0.45625000000000027
2026-08-16 07:36:34.736,25.646,lower,0.003750000000000142,0.4475000000000007
2026-08-16 07:36:34.746,25.656,lower,-0.021249999999999325,0.3662500000000002
2026-08-16 07:36:34.756,25.666,lower,0.07437499999999986,0.48875
2026-08-16 07:36:34.766,25.676,lower,-0.14062499999999978,0.3431249999999997
2026-08-16 07:36:34.776,25.686,lower,0.05750000000000033,0.4600000000000004
2026-08-16 07:36:34.786,25.696,lower,-0.028124999999999956,0.4468749999999999
2026-08-16 07:36:34.796,25.706,lower,-0.04812499999999997,0.33625000000000016
2026-08-16 07:36:34.806,25.716,lower,0.07312500000000055,0.49250000000000016
2026-08-16 07:36:34.816,25.726,lower,-0.1418750000000002,0.3375000000000006
2026-08-16 07:36:34.826,25.736,lower,0.046875000000000666,0.46812500000000035
2026-08-16 07:36:34.836,25.746,lower,-0.001875000000000071,0.4368749999999999
2026-08-16 07:36:34.846,25.756,lower,-0.020000000000000018,0.34625000000000017
2026-08-16 07:36:34.856,25.766,lower,0.07187500000000013,0.4874999999999996
2026-08-16 07:36:34.866,25.776,lower,-0.1431249999999995,0.33062499999999995
2026-08-16 07:36:34.876,25.786,lower,0.040000000000000036,0.4393749999999996
2026-08-16 07:36:34.886,25.796,lower,-0.034999999999999476,0.4293749999999996
2026-08-16 07:36:34.896,25.806,lower,-0.04124999999999934,0.3475000000000006
2026-08-16 07:36:34.906,25.816,lower,0.06937500000000041,0.48812500000000036
2026-08-16 07:36:34.916,25.826,lower,-0.14062499999999978,0.3281250000000002
2026-08-16 07:36:34.926,25.836,lower,0.05562500000000026,0.4512499999999997
2026-08-16 07:36:34.936,25.846,lower,-0.011249999999999316,0.4193749999999996
2026-08-16 07:36:34.946,25.856,lower,-0.07000000000000006,0.36375000000000046
2026-08-16 07:36:34.956,25.866,lower,0.07249999999999979,0.4906250000000001
2026-08-16 07:36:34.966,25.876,lower,-0.14499999999999957,0.3237500000000004
2026-08-16 07:36:34.976,25.886,lower,0.040000000000000036,0.45875
2026-08-16 07:36:34.986,25.896,lower,-0.043124999999999414,0.4500000000000004
2026-08-16 07:36:34.996,25.906,lower,-0.03562500000000024,0.3718750000000004
2026-08-16 07:36:35.006,25.916,lower,0.07125000000000048,0.49124999999999974
2026-08-16 07:36:35.016,25.926,lower,-0.13937499999999936,0.33625000000000016
2026-08-16 07:36:35.026,25.936,lower,0.04937500000000039,0.46250000000000013
2026-08-16 07:36:35.036,25.946,lower,-0.0187499999999996,0.44375000000000053
2026-08-16 07:36:35.046,25.956,lower,-0.0593750000000004,0.380625
2026-08-16 07:36:35.056,25.966,lower,0.06562500000000027,0.49124999999999974
2026-08-16 07:36:35.066,25.976,lower,-0.14437499999999992,0.3356250000000005
2026-08-16 07:36:35.076,25.986,lower,0.04874999999999963,0.46875
2026-08-16 07:36:35.086,25.996,lower,-0.051875000000000115,0.4356250000000006
2026-08-16 07:36:35.096,26.006,lower,-0.024999999999999467,0.34812500000000024
2026-08-16 07:36:35.106,26.016,lower,0.06874999999999964,0.49000000000000044
2026-08-16 07:36:35.116,26.026,lower,-0.14687499999999964,0.33187500000000036
2026-08-16 07:36:35.126,26.036,lower,0.05562500000000026,0.4456250000000006
2026-08-16 07:36:35.136,26.046,lower,-0.027500000000000302,0.42625000000000024
2026-08-16 07:36:35.146,26.056,lower,-0.05624999999999991,0.3562500000000002
2026-08-16 07:36:35.156,26.066,lower,0.06937500000000041,0.48687499999999995
2026-08-16 07:36:35.166,26.076,lower,-0.1475000000000004,0.3300000000000003
2026-08-16 07:36:35.176,26.086,lower,0.04812499999999997,0.4512499999999997
2026-08-16 07:36:35.186,26.096,lower,-0.0024999999999997247,0.4212499999999997
2026-08-16 07:36:35.196,26.106,lower,-0.02187500000000009,0.36250000000000004
2026-08-16 07:36:35.206,26.116,lower,0.07062499999999972,0.48875
2026-08-16 07:36:35.216,26.126,lower,-0.1475000000000004,0.3268749999999998
2026-08-16 07:36:35.226,26.136,lower,0.055000000000000604,0.45937499999999964
2026-08-16 07:36:35.236,26.146,lower,-0.03687499999999955,0.44312499999999977
2026-08-16 07:36:35.246,26.156,lower,-0.043124999999999414,0.37250000000000005
2026-08-16 07:36:35.256,26.166,lower,0.06437499999999985,0.48687499999999995
2026-08-16 07:36:35.266,26.176,lower,-0.14124999999999943,0.3237500000000004
2026-08-16 07:36:35.276,26.186,lower,0.04812499999999997,0.4631249999999998
2026-08-16 07:36:35.286,26.196,lower,-0.015625000000000222,0.4412499999999997
2026-08-16 07:36:35.296,26.206,lower,-0.013750000000000151,0.38000000000000034
2026-08-16 07:36:35.306,26.216,lower,0.06812499999999999,0.49437500000000023
2026-08-16 07:36:35.316,26.226,lower,-0.14687499999999964,0.33937500000000065
2026-08-16 07:36:35.326,26.236,lower,0.056875000000000675,0.46875
2026-08-16 07:36:35.336,26.246,lower,-0.04437499999999983,0.4381250000000003
2026-08-16 07:36:35.346,26.256,lower,-0.040000000000000036,0.35250000000000004
2026-08-16 07:36:35.356,26.266,lower,0.07000000000000006,0.49250000000000016
2026-08-16 07:36:35.366,26.276,lower,-0.14625,0.33187500000000036
2026-08-16 07:36:35.376,26.286,lower,0.046875000000000666,0.4475000000000007
2026-08-16 07:36:35.386,26.296,lower,-0.0187499999999996,0.4281250000000003
2026-08-16 07:36:35.396,26.306,lower,-0.013124999999999387,0.3562500000000002
2026-08-16 07:36:35.406,26.316,lower,0.06687500000000068,0.48937499999999967
2026-08-16 07:36:35.416,26.326,lower,-0.14937499999999937,0.3287499999999999
2026-08-16 07:36:35.426,26.336,lower,0.05562500000000026,0.45499999999999985
2026-08-16 07:36:35.436,26.346,lower,-0.05437499999999984,0.4193749999999996
2026-08-16 07:36:35.446,26.356,lower,-0.031249999999999334,0.3687499999999999
2026-08-16 07:36:35.456,26.366,lower,0.06812499999999999,0.49437500000000023
2026-08-16 07:36:35.466,26.376,lower,-0.14499999999999957,0.32499999999999973
2026-08-16 07:36:35.476,26.386,lower,0.05249999999999977,0.4643750000000002
2026-08-16 07:36:35.486,26.396,lower,-0.026874999999999538,0.4468749999999999
2026-08-16 07:36:35.496,26.406,lower,-0.008749999999999591,0.380625
2026-08-16 07:36:35.506,26.416,lower,0.06937500000000041,0.49562500000000065
2026-08-16 07:36:35.516,26.426,lower,-0.15124999999999944,0.3281250000000002
2026-08-16 07:36:35.526,26.436,lower,0.038124999999999964,0.4700000000000004
2026-08-16 07:36:35.536,26.446,lower,-0.0593750000000004,0.4412499999999997
2026-08-16 07:36:35.546,26.456,lower,-0.027500000000000302,0.3875000000000006
2026-08-16 07:36:35.556,26.466,lower,0.06562500000000027,0.4931249999999998
2026-08-16 07:36:35.566,26.476,lower,-0.13812500000000005,0.3343750000000001
2026-08-16 07:36:35.576,26.486,lower,0.05125000000000046,0.4731249999999998
2026-08-16 07:36:35.586,26.496,lower,-0.03624999999999989,0.4337500000000005
2026-08-16 07:36:35.596,26.506,lower,-0.054999999999999494,0.3562500000000002
2026-08-16 07:36:35.606,26.516,lower,0.0637500000000002,0.4937500000000006
2026-08-16 07:36:35.616,26.526,lower,-0.14937499999999937,0.33062499999999995
2026-08-16 07:36:35.626,26.536,lower,0.04249999999999976,0.4774999999999996
2026-08-16 07:36:35.636,26.546,lower,-0.0737500000000002,0.42750000000000066
2026-08-16 07:36:35.646,26.556,lower,-0.024999999999999467,0.3631249999999997
2026-08-16 07:36:35.656,26.566,lower,0.06750000000000034,0.49124999999999974
2026-08-16 07:36:35.666,26.576,lower,-0.1418750000000002,0.3268749999999998
2026-08-16 07:36:35.676,26.586,lower,0.05249999999999977,0.46062500000000006
2026-08-16 07:36:35.686,26.596,lower,-0.04249999999999976,0.4181250000000003
2026-08-16 07:36:35.696,26.606,lower,-0.04437499999999983,0.37124999999999964
2026-08-16 07:36:35.706,26.616,lower,0.06062499999999971,0.4918750000000005
2026-08-16 07:36:35.716,26.626,lower,-0.1475000000000004,0.3300000000000003
2026-08-16 07:36:35.726,26.636,lower,0.04750000000000032,0.4662500000000003
2026-08-16 07:36:35.736,26.646,lower,-0.08000000000000007,0.4125000000000001
2026-08-16 07:36:35.746,26.656,lower,-0.017500000000000293,0.3818750000000004
2026-08-16 07:36:35.756,26.666,lower,0.06125000000000047,0.49124999999999974
2026-08-16 07:36:35.766,26.676,lower,-0.15812500000000007,0.3287499999999999
2026-08-16 07:36:35.776,26.686,lower,0.056875000000000675,0.46812500000000035
2026-08-16 07:36:35.786,26.696,lower,-0.053750000000000187,0.4381250000000003
2026-08-16 07:36:35.796,26.706,lower,-0.03874999999999962,0.390625
2026-08-16 07:36:35.806,26.716,lower,0.06312500000000054,0.49124999999999974
2026-08-16 07:36:35.816,26.726,lower,-0.14874999999999972,0.33312499999999967
2026-08-16 07:36:35.826,26.736,lower,0.046875000000000666,0.47562500000000063
2026-08-16 07:36:35.836,26.746,lower,-0.08437499999999987,0.43499999999999983
2026-08-16 07:36:35.846,26.756,lower,-0.012499999999999734,0.3981250000000003
2026-08-16 07:36:35.856,26.766,lower,0.06000000000000005,0.49437500000000023
2026-08-16 07:36:35.866,26.776,lower,-0.1506249999999998,0.3325
2026-08-16 07:36:35.876,26.786,lower,0.04812499999999997,0.47937499999999966
2026-08-16 07:36:35.886,26.796,lower,-0.06124999999999936,0.4237500000000005
2026-08-16 07:36:35.896,26.806,lower,-0.02874999999999961,0.36562500000000053
2026-08-16 07:36:35.906,26.816,lower,0.056875000000000675,0.4931249999999998
2026-08-16 07:36:35.916,26.826,lower,-0.1475000000000004,0.32625000000000015
2026-08-16 07:36:35.926,26.836,lower,0.05249999999999977,0.46062500000000006
2026-08-16 07:36:35.936,26.846,lower,-0.03624999999999989,0.4137500000000005
2026-08-16 07:36:35.946,26.856,lower,-0.004999999999999449,0.3718750000000004
2026-08-16 07:36:35.956,26.866,lower,0.06562500000000027,0.48875
2026-08-16 07:36:35.966,26.876,lower,-0.1531249999999995,0.32499999999999973
2026-08-16 07:36:35.976,26.886,lower,0.058749999999999636,0.4631249999999998
2026-08-16 07:36:35.986,26.896,lower,-0.06874999999999964,0.4081250000000003
2026-08-16 07:36:35.996,26.906,lower,-0.028124999999999956,0.3831249999999997
2026-08-16 07:36:36.006,26.916,lower,0.06062499999999971,0.4949999999999999
2026-08-16 07:36:36.016,26.926,lower,-0.1418750000000002,0.3281250000000002
2026-08-16 07:36:36.026,26.936,lower,0.05125000000000046,0.47250000000000014
2026-08-16 07:36:36.036,26.946,lower,-0.04124999999999934,0.43750000000000067
2026-08-16 07:36:36.046,26.956,lower,-0.0024999999999997247,0.39437500000000014
2026-08-16 07:36:36.056,26.966,lower,0.058749999999999636,0.4931249999999998
2026-08-16 07:36:36.066,26.976,lower,-0.14687499999999964,0.3268749999999998
2026-08-16 07:36:36.076,26.986,lower,0.05812499999999998,0.4762500000000003
2026-08-16 07:36:36.086,26.996,lower,-0.078125,0.4281250000000003
2026-08-16 07:36:36.096,27.006,lower,-0.0187499999999996,0.40312499999999973
2026-08-16 07:36:36.106,27.016,lower,0.061875000000000124,0.4937500000000006
2026-08-16 07:36:36.116,27.026,lower,-0.1418750000000002,0.33062499999999995
2026-08-16 07:36:36.126,27.036,lower,0.05624999999999991,0.4800000000000004
2026-08-16 07:36:36.136,27.046,lower,-0.04937500000000039,0.41625000000000023
2026-08-16 07:36:36.146,27.056,lower,-0.0006249999999996536,0.3687499999999999
2026-08-16 07:36:36.156,27.066,lower,0.06249999999999978,0.48687499999999995
2026-08-16 07:36:36.166,27.076,lower,-0.14874999999999972,0.32625000000000015
2026-08-16 07:36:36.176,27.086,lower,0.04750000000000032,0.46062500000000006
2026-08-16 07:36:36.186,27.096,lower,-0.08375000000000021,0.41124999999999967
2026-08-16 07:36:36.196,27.106,lower,-0.016249999999999876,0.3775000000000006
2026-08-16 07:36:36.206,27.116,lower,0.06312500000000054,0.4843750000000002
2026-08-16 07:36:36.216,27.126,lower,-0.13499999999999956,0.32750000000000057
2026-08-16 07:36:36.226,27.136,lower,0.05249999999999977,0.46499999999999986
2026-08-16 07:36:36.236,27.146,lower,-0.0593750000000004,0.4049999999999998
2026-08-16 07:36:36.246,27.156,lower,-0.03437499999999982,0.38687499999999986
2026-08-16 07:36:36.256,27.166,lower,0.05750000000000033,0.48937499999999967
2026-08-16 07:36:36.266,27.176,lower,-0.14437499999999992,0.3287499999999999
2026-08-16 07:36:36.276,27.186,lower,0.05249999999999977,0.4731249999999998
2026-08-16 07:36:36.286,27.196,lower,-0.09062499999999973,0.43187500000000045
2026-08-16 07:36:36.296,27.206,lower,-0.00687499999999952,0.39437500000000014
2026-08-16 07:36:36.306,27.216,lower,0.06624999999999992,0.4931249999999998
2026-08-16 07:36:36.316,27.226,lower,-0.13124999999999942,0.3281250000000002
2026-08-16 07:36:36.326,27.236,lower,0.05812499999999998,0.47687499999999994
2026-08-16 07:36:36.336,27.246,lower,-0.06249999999999978,0.4249999999999998
2026-08-16 07:36:36.346,27.256,lower,-0.027500000000000302,0.40124999999999966
2026-08-16 07:36:36.356,27.266,lower,0.06000000000000005,0.49124999999999974
2026-08-16 07:36:36.366,27.276,lower,-0.1431249999999995,0.3287499999999999
2026-08-16 07:36:36.376,27.286,lower,0.051875000000000115,0.4800000000000004
2026-08-16 07:36:36.386,27.296,lower,-0.09937499999999932,0.4181250000000003
2026-08-16 07:36:36.396,27.306,lower,-0.004999999999999449,0.36499999999999977
2026-08-16 07:36:36.406,27.316,lower,0.06312500000000054,0.4874999999999996
2026-08-16 07:36:36.416,27.326,lower,-0.1531249999999995,0.3287499999999999
2026-08-16 07:36:36.426,27.336,lower,0.05812499999999998,0.4849999999999999
2026-08-16 07:36:36.436,27.346,lower,-0.07312499999999944,0.40874999999999995
2026-08-16 07:36:36.446,27.356,lower,-0.018124999999999947,0.3762500000000002
2026-08-16 07:36:36.456,27.366,lower,0.05812499999999998,0.48875
2026-08-16 07:36:36.466,27.376,lower,-0.1387499999999997,0.3237500000000004
2026-08-16 07:36:36.476,27.386,lower,0.05624999999999991,0.46875
2026-08-16 07:36:36.486,27.396,lower,-0.04562500000000025,0.3981250000000003
2026-08-16 07:36:36.496,27.406,lower,-0.0012500000000004174,0.38874999999999993
2026-08-16 07:36:36.506,27.416,lower,0.0637500000000002,0.49250000000000016
2026-08-16 07:36:36.516,27.426,lower,-0.14499999999999957,0.32625000000000015
2026-08-16 07:36:36.526,27.436,lower,0.061875000000000124,0.4712499999999997
2026-08-16 07:36:36.536,27.446,lower,-0.07750000000000035,0.390625
2026-08-16 07:36:36.546,27.456,lower,-0.010624999999999662,0.3949999999999998
2026-08-16 07:36:36.556,27.466,lower,0.056875000000000675,0.4931249999999998
2026-08-16 07:36:36.566,27.476,lower,-0.1343749999999999,0.3268749999999998
2026-08-16 07:36:36.576,27.486,lower,0.05812499999999998,0.47562500000000063
2026-08-16 07:36:36.586,27.496,lower,-0.05437499999999984,0.4237500000000005
2026-08-16 07:36:36.596,27.506,lower,0.010000000000000009,0.4037500000000005
2026-08-16 07:36:36.606,27.516,lower,0.06437499999999985,0.48687499999999995
2026-08-16 07:36:36.616,27.526,lower,-0.14499999999999957,0.3212499999999996
2026-08-16 07:36:36.626,27.536,lower,0.06562500000000027,0.47875
2026-08-16 07:36:36.636,27.546,lower,-0.08499999999999952,0.41124999999999967
2026-08-16 07:36:36.646,27.556,lower,-0.007500000000000284,0.4137500000000005
2026-08-16 07:36:36.656,27.566,lower,0.06562500000000027,0.48687499999999995
2026-08-16 07:36:36.666,27.576,lower,-0.1331249999999995,0.3212499999999996
2026-08-16 07:36:36.676,27.586,lower,0.058749999999999636,0.4831249999999998
2026-08-16 07:36:36.686,27.596,lower,-0.058749999999999636,0.40562500000000057
2026-08-16 07:36:36.696,27.606,lower,0.010624999999999662,0.3793750000000007
2026-08-16 07:36:36.706,27.616,lower,0.06312500000000054,0.48250000000000015
2026-08-16 07:36:36.716,27.626,lower,-0.14062499999999978,0.32062499999999994
2026-08-16 07:36:36.726,27.636,lower,0.06562500000000027,0.46812500000000035
2026-08-16 07:36:36.736,27.646,lower,-0.0956250000000003,0.39437500000000014
2026-08-16 07:36:36.746,27.656,lower,-0.003750000000000142,0.3893750000000007
2026-08-16 07:36:36.756,27.666,lower,0.06750000000000034,0.4818750000000005
2026-08-16 07:36:36.766,27.676,lower,-0.12499999999999956,0.3243750000000001
2026-08-16 07:36:36.776,27.686,lower,0.06562500000000027,0.4712499999999997
2026-08-16 07:36:36.786,27.696,lower,-0.0649999999999995,0.3875000000000006
2026-08-16 07:36:36.796,27.706,lower,0.01687500000000064,0.39874999999999994
2026-08-16 07:36:36.806,27.716,lower,0.06562500000000027,0.48562500000000064
2026-08-16 07:36:36.816,27.726,lower,-0.13812500000000005,0.3268749999999998
2026-08-16 07:36:36.826,27.736,lower,0.053750000000000187,0.47812500000000036
2026-08-16 07:36:36.836,27.746,lower,-0.09624999999999995,0.41750000000000065
2026-08-16 07:36:36.846,27.756,lower,-0.0006249999999996536,0.4037500000000005
2026-08-16 07:36:36.856,27.766,lower,0.06249999999999978,0.4862500000000003
2026-08-16 07:36:36.866,27.776,lower,-0.12312499999999948,0.3243750000000001
2026-08-16 07:36:36.876,27.786,lower,0.06125000000000047,0.47937499999999966
2026-08-16 07:36:36.886,27.796,lower,-0.07312499999999944,0.40874999999999995
2026-08-16 07:36:36.896,27.806,lower,-0.014999999999999458,0.41000000000000036
2026-08-16 07:36:36.906,27.816,lower,0.05812499999999998,0.4843750000000002
2026-08-16 07:36:36.916,27.826,lower,-0.13375000000000026,0.3212499999999996
2026-08-16 07:36:36.926,27.836,lower,0.06062499999999971,0.4843750000000002
2026-08-16 07:36:36.936,27.846,lower,-0.10812500000000003,0.4018750000000004
2026-08-16 07:36:36.946,27.856,lower,0.006249999999999867,0.38000000000000034
2026-08-16 07:36:36.956,27.866,lower,0.06750000000000034,0.4843750000000002
2026-08-16 07:36:36.966,27.876,lower,-0.11624999999999996,0.3237500000000004
2026-08-16 07:36:36.976,27.886,lower,0.06562500000000027,0.48937499999999967
2026-08-16 07:36:36.986,27.896,lower,-0.08187500000000014,0.3918750000000004
2026-08-16 07:36:36.996,27.906,lower,-0.013750000000000151,0.38687499999999986
2026-08-16 07:36:37.006,27.916,lower,0.06000000000000005,0.47812500000000036
2026-08-16 07:36:37.016,27.926,lower,-0.12937499999999935,0.32312499999999966
2026-08-16 07:36:37.026,27.936,lower,0.0593750000000004,0.4700000000000004
2026-08-16 07:36:37.036,27.946,lower,-0.1100000000000001,0.3787499999999999
2026-08-16 07:36:37.046,27.956,lower,0.011250000000000426,0.3962500000000002
2026-08-16 07:36:37.056,27.966,lower,0.06249999999999978,0.49124999999999974
2026-08-16 07:36:37.066,27.976,lower,-0.1431249999999995,0.32499999999999973
2026-08-16 07:36:37.076,27.986,lower,0.06812499999999999,0.48124999999999973
2026-08-16 07:36:37.086,27.996,lower,-0.08937500000000043,0.41750000000000065
2026-08-16 07:36:37.096,28.006,lower,-0.005625000000000213,0.4068749999999999
2026-08-16 07:36:37.106,28.016,lower,0.051875000000000115,0.48812500000000036
2026-08-16 07:36:37.116,28.026,lower,-0.13124999999999942,0.3268749999999998
2026-08-16 07:36:37.126,28.036,lower,0.0637500000000002,0.4818750000000005
2026-08-16 07:36:37.136,28.046,lower,-0.06750000000000034,0.40750000000000064
2026-08-16 07:36:37.146,28.056,lower,0.008124999999999938,0.4149999999999998
2026-08-16 07:36:37.156,28.066,lower,0.06062499999999971,0.48375000000000057
2026-08-16 07:36:37.166,28.076,lower,-0.14124999999999943,0.3200000000000003
2026-08-16 07:36:37.176,28.086,lower,0.06812499999999999,0.48562500000000064
2026-08-16 07:36:37.186,28.096,lower,-0.09437499999999988,0.3962500000000002
2026-08-16 07:36:37.196,28.106,lower,-0.004374999999999796,0.3762500000000002
2026-08-16 07:36:37.206,28.116,lower,0.0462499999999999,0.4800000000000004
2026-08-16 07:36:37.216,28.126,lower,-0.1275000000000004,0.31937500000000063
2026-08-16 07:36:37.226,28.136,lower,0.06125000000000047,0.48562500000000064
2026-08-16 07:36:37.236,28.146,lower,-0.07624999999999993,0.38562500000000055
2026-08-16 07:36:37.246,28.156,lower,0.015000000000000568,0.3893750000000007
2026-08-16 07:36:37.256,28.166,lower,0.05812499999999998,0.47687499999999994
2026-08-16 07:36:37.266,28.176,lower,-0.1387499999999997,0.32062499999999994
2026-08-16 07:36:37.276,28.186,lower,0.07000000000000006,0.47687499999999994
2026-08-16 07:36:37.286,28.196,lower,-0.10687499999999961,0.3787499999999999
2026-08-16 07:36:37.296,28.206,lower,0.0050000000000005596,0.39874999999999994
2026-08-16 07:36:37.306,28.216,lower,0.06687500000000068,0.48812500000000036
2026-08-16 07:36:37.316,28.226,lower,-0.11874999999999969,0.3243750000000001
2026-08-16 07:36:37.326,28.236,lower,0.06624999999999992,0.4774999999999996
2026-08-16 07:36:37.336,28.246,lower,-0.07937500000000042,0.37250000000000005
2026-08-16 07:36:37.346,28.256,lower,0.018124999999999947,0.410625
2026-08-16 07:36:37.356,28.266,lower,0.053750000000000187,0.48124999999999973
2026-08-16 07:36:37.366,28.276,lower,-0.13249999999999984,0.32750000000000057
2026-08-16 07:36:37.376,28.286,lower,0.07000000000000006,0.48124999999999973
2026-08-16 07:36:37.386,28.296,lower,-0.1143749999999999,0.4025000000000001
2026-08-16 07:36:37.396,28.306,lower,0.007500000000000284,0.4156250000000006
2026-08-16 07:36:37.406,28.316,lower,0.061875000000000124,0.48375000000000057
2026-08-16 07:36:37.416,28.326,lower,-0.11562500000000031,0.3237500000000004
2026-08-16 07:36:37.426,28.336,lower,0.06562500000000027,0.48562500000000064
2026-08-16 07:36:37.436,28.346,lower,-0.08687499999999959,0.3949999999999998
2026-08-16 07:36:37.446,28.356,lower,0.02375000000000016,0.42187500000000044
2026-08-16 07:36:37.456,28.366,lower,0.051875000000000115,0.4800000000000004
2026-08-16 07:36:37.466,28.376,lower,-0.13124999999999942,0.32062499999999994
2026-08-16 07:36:37.476,28.386,lower,0.056875000000000675,0.49000000000000044
2026-08-16 07:36:37.486,28.396,lower,-0.11874999999999969,0.38562500000000055
2026-08-16 07:36:37.496,28.406,lower,0.008749999999999591,0.3949999999999998
2026-08-16 07:36:37.506,28.416,lower,0.06000000000000005,0.47937499999999966
2026-08-16 07:36:37.516,28.426,lower,-0.11249999999999982,0.3243750000000001
2026-08-16 07:36:37.526,28.436,lower,0.06562500000000027,0.4762500000000003
2026-08-16 07:36:37.536,28.446,lower,-0.0968749999999996,0.3787499999999999
2026-08-16 07:36:37.546,28.456,lower,-0.008749999999999591,0.4025000000000001
2026-08-16 07:36:37.556,28.466,lower,0.04562500000000025,0.4731249999999998
2026-08-16 07:36:37.566,28.476,lower,-0.13062499999999977,0.3243750000000001
2026-08-16 07:36:37.576,28.486,lower,0.061875000000000124,0.4762500000000003
2026-08-16 07:36:37.586,28.496,lower,-0.12937499999999935,0.3675000000000006
2026-08-16 07:36:37.596,28.506,lower,0.013750000000000151,0.410625
2026-08-16 07:36:37.606,28.516,lower,0.05750000000000033,0.48375000000000057
2026-08-16 07:36:37.616,28.526,lower,-0.10937499999999933,0.32750000000000057
2026-08-16 07:36:37.626,28.536,lower,0.06437499999999985,0.4818750000000005
2026-08-16 07:36:37.636,28.546,lower,-0.10624999999999996,0.4018750000000004
2026-08-16 07:36:37.646,28.556,lower,-0.010000000000000009,0.42187500000000044
2026-08-16 07:36:37.656,28.566,lower,0.03937500000000038,0.4818750000000005
2026-08-16 07:36:37.666,28.576,lower,-0.1287499999999997,0.3312499999999996
2026-08-16 07:36:37.676,28.586,lower,0.056875000000000675,0.4906250000000001
2026-08-16 07:36:37.686,28.596,lower,-0.13375000000000026,0.390625
2026-08-16 07:36:37.696,28.606,lower,0.012499999999999734,0.4281250000000003
2026-08-16 07:36:37.706,28.616,lower,0.05562500000000026,0.4774999999999996
2026-08-16 07:36:37.716,28.626,lower,-0.14124999999999943,0.32187500000000036
2026-08-16 07:36:37.726,28.636,lower,0.06000000000000005,0.49250000000000016
2026-08-16 07:36:37.736,28.646,lower,-0.11687499999999962,0.38437500000000013
2026-08-16 07:36:37.746,28.656,lower,-0.001875000000000071,0.39750000000000063
2026-08-16 07:36:37.756,28.666,lower,0.027500000000000302,0.47687499999999994
2026-08-16 07:36:37.766,28.676,lower,-0.12687499999999963,0.3243750000000001
2026-08-16 07:36:37.776,28.686,lower,0.06062499999999971,0.49124999999999974
2026-08-16 07:36:37.786,28.696,lower,-0.09187500000000015,0.3762500000000002
2026-08-16 07:36:37.796,28.706,lower,0.015625000000000222,0.40437500000000015
2026-08-16 07:36:37.806,28.716,lower,0.04750000000000032,0.47250000000000014
2026-08-16 07:36:37.816,28.726,lower,-0.07124999999999937,0.3243750000000001
2026-08-16 07:36:37.826,28.736,lower,0.05562500000000026,0.48124999999999973
2026-08-16 07:36:37.836,28.746,lower,-0.04812499999999997,0.3693750000000007
2026-08-16 07:36:37.846,28.756,lower,0.008124999999999938,0.4137500000000005
2026-08-16 07:36:37.856,28.766,lower,0.031250000000000444,0.4843750000000002
2026-08-16 07:36:37.866,28.776,lower,-0.0637500000000002,0.3281250000000002
2026-08-16 07:36:37.876,28.786,lower,0.04187500000000011,0.48250000000000015
2026-08-16 07:36:37.886,28.796,lower,-0.038124999999999964,0.3556250000000005
2026-08-16 07:36:37.896,28.806,lower,0.011250000000000426,0.420625
2026-08-16 07:36:37.906,28.816,lower,0.031250000000000444,0.47812500000000036
2026-08-16 07:36:37.916,28.826,lower,-0.07687499999999958,0.33062499999999995
2026-08-16 07:36:37.926,28.836,lower,0.045000000000000595,0.48687499999999995
2026-08-16 07:36:37.936,28.846,lower,-0.06249999999999978,0.3893750000000007
2026-08-16 07:36:37.946,28.856,lower,0.008124999999999938,0.4256250000000006
2026-08-16 07:36:37.956,28.866,lower,0.03937500000000038,0.4831249999999998
2026-08-16 07:36:37.966,28.876,lower,-0.06874999999999964,0.3225
2026-08-16 07:36:37.976,28.886,lower,0.0462499999999999,0.49000000000000044
2026-08-16 07:36:37.986,28.896,lower,-0.04562500000000025,0.38124999999999964
2026-08-16 07:36:37.996,28.906,lower,0.010000000000000009,0.4368749999999999
2026-08-16 07:36:38.006,28.916,lower,0.028124999999999956,0.47562500000000063
2026-08-16 07:36:38.016,28.926,lower,-0.08000000000000007,0.32312499999999966
2026-08-16 07:36:38.026,28.936,lower,0.045000000000000595,0.4962500000000003
2026-08-16 07:36:38.036,28.946,lower,-0.06874999999999964,0.3743750000000001
2026-08-16 07:36:38.046,28.956,lower,0.001875000000000071,0.40562500000000057
2026-08-16 07:36:38.056,28.966,lower,0.03249999999999975,0.4743750000000002
2026-08-16 07:36:38.066,28.976,lower,-0.07249999999999979,0.32187500000000036
2026-08-16 07:36:38.076,28.986,lower,0.03874999999999962,0.48562500000000064
2026-08-16 07:36:38.086,28.996,lower,-0.058749999999999636,0.36375000000000046
2026-08-16 07:36:38.096,29.006,lower,0.010624999999999662,0.4149999999999998
2026-08-16 07:36:38.106,29.016,lower,0.016249999999999876,0.4862500000000003
2026-08-16 07:36:38.116,29.026,lower,-0.08062499999999972,0.3268749999999998
2026-08-16 07:36:38.126,29.036,lower,0.035000000000000586,0.4862500000000003
2026-08-16 07:36:38.136,29.046,lower,-0.07874999999999965,0.3543750000000001
2026-08-16 07:36:38.146,29.056,lower,-0.003750000000000142,0.4256250000000006
2026-08-16 07:36:38.156,29.066,lower,0.029375000000000373,0.4800000000000004
2026-08-16 07:36:38.166,29.076,lower,-0.07124999999999937,0.3312499999999996
2026-08-16 07:36:38.176,29.086,lower,0.038124999999999964,0.49250000000000016
2026-08-16 07:36:38.186,29.096,lower,-0.06687499999999957,0.3831249999999997
2026-08-16 07:36:38.196,29.106,lower,-0.017500000000000293,0.43062500000000004
2026-08-16 07:36:38.206,29.116,lower,0.01687500000000064,0.47499999999999987
2026-08-16 07:36:38.216,29.126,lower,-0.08312499999999945,0.3200000000000003
2026-08-16 07:36:38.226,29.136,lower,0.031250000000000444,0.48937499999999967
2026-08-16 07:36:38.236,29.146,lower,-0.07874999999999965,0.37812500000000027
2026-08-16 07:36:38.246,29.156,lower,-0.0006249999999996536,0.4356250000000006
2026-08-16 07:36:38.256,29.166,lower,0.022499999999999742,0.4718750000000005
2026-08-16 07:36:38.266,29.176,lower,-0.06937500000000041,0.3225
2026-08-16 07:36:38.276,29.186,lower,0.035000000000000586,0.49250000000000016
2026-08-16 07:36:38.286,29.196,lower,-0.06937500000000041,0.3675000000000006
2026-08-16 07:36:38.296,29.206,lower,-0.008124999999999938,0.410625
2026-08-16 07:36:38.306,29.216,lower,0.008124999999999938,0.4675000000000007
2026-08-16 07:36:38.316,29.226,lower,-0.08687499999999959,0.3256250000000005
2026-08-16 07:36:38.326,29.236,lower,0.033125000000000515,0.48124999999999973
2026-08-16 07:36:38.336,29.246,lower,-0.08750000000000036,0.360625
2026-08-16 07:36:38.346,29.256,lower,-0.0006249999999996536,0.41750000000000065
2026-08-16 07:36:38.356,29.266,lower,0.020000000000000018,0.4643750000000002
2026-08-16 07:36:38.366,29.276,lower,-0.09437499999999988,0.32499999999999973
2026-08-16 07:36:38.376,29.286,lower,0.03062499999999968,0.4862500000000003
2026-08-16 07:36:38.386,29.296,lower,-0.07750000000000035,0.3518750000000004
2026-08-16 07:36:38.396,29.306,lower,-0.011249999999999316,0.4249999999999998
2026-08-16 07:36:38.406,29.316,lower,0.003750000000000142,0.47812500000000036
2026-08-16 07:36:38.416,29.326,lower,-0.08000000000000007,0.32937500000000064
2026-08-16 07:36:38.426,29.336,lower,0.026249999999999885,0.48875
2026-08-16 07:36:38.436,29.346,lower,-0.061875000000000124,0.38250000000000006
2026-08-16 07:36:38.446,29.356,lower,0.001875000000000071,0.4300000000000004
2026-08-16 07:36:38.456,29.366,lower,0.016249999999999876,0.4762500000000003
2026-08-16 07:36:38.466,29.376,lower,-0.09187500000000015,0.3343750000000001
2026-08-16 07:36:38.476,29.386,lower,0.033125000000000515,0.49250000000000016
2026-08-16 07:36:38.486,29.396,lower,-0.078125,0.37562500000000054
2026-08-16 07:36:38.496,29.406,lower,-0.008749999999999591,0.4393749999999996
2026-08-16 07:36:38.506,29.416,lower,0.0050000000000005596,0.47562500000000063
2026-08-16 07:36:38.516,29.426,lower,-0.078125,0.3200000000000003
2026-08-16 07:36:38.526,29.436,lower,0.028124999999999956,0.4931249999999998
2026-08-16 07:36:38.536,29.446,lower,-0.06874999999999964,0.3662500000000002
2026-08-16 07:36:38.546,29.456,lower,0.0,0.41000000000000036
2026-08-16 07:36:38.556,29.466,lower,0.013750000000000151,0.46937499999999965
2026-08-16 07:36:38.566,29.476,lower,-0.08624999999999994,0.3200000000000003
2026-08-16 07:36:38.576,29.486,lower,0.030000000000000027,0.49562500000000065
2026-08-16 07:36:38.586,29.496,lower,-0.08124999999999938,0.3587499999999999
2026-08-16 07:36:38.596,29.506,lower,-0.004999999999999449,0.4156250000000006
2026-08-16 07:36:38.606,29.516,lower,0.019375000000000364,0.4612499999999997
2026-08-16 07:36:38.616,29.526,lower,-0.07562500000000028,0.3256250000000005
2026-08-16 07:36:38.626,29.536,lower,0.030000000000000027,0.4874999999999996
2026-08-16 07:36:38.636,29.546,lower,-0.07499999999999951,0.34625000000000017
2026-08-16 07:36:38.646,29.556,lower,0.004374999999999796,0.420625
2026-08-16 07:36:38.656,29.566,lower,0.008749999999999591,0.47687499999999994
2026-08-16 07:36:38.666,29.576,lower,-0.08874999999999966,0.32750000000000057
2026-08-16 07:36:38.676,29.586,lower,0.0318750000000001,0.48687499999999995
2026-08-16 07:36:38.686,29.596,lower,-0.08624999999999994,0.3412499999999996
2026-08-16 07:36:38.696,29.606,lower,-0.004374999999999796,0.43312499999999976
2026-08-16 07:36:38.706,29.616,lower,0.0187499999999996,0.47499999999999987
2026-08-16 07:36:38.716,29.626,lower,-0.07312499999999944,0.3356250000000005
2026-08-16 07:36:38.726,29.636,lower,0.02874999999999961,0.49000000000000044
2026-08-16 07:36:38.736,29.646,lower,-0.07124999999999937,0.3662500000000002
2026-08-16 07:36:38.746,29.656,lower,0.001875000000000071,0.43750000000000067
2026-08-16 07:36:38.756,29.666,lower,0.003750000000000142,0.46875
2026-08-16 07:36:38.766,29.676,lower,-0.08062499999999972,0.3168749999999998
2026-08-16 07:36:38.776,29.686,lower,0.028124999999999956,0.4918750000000005
2026-08-16 07:36:38.786,29.696,lower,-0.08874999999999966,0.3600000000000003
2026-08-16 07:36:38.796,29.706,lower,0.0012500000000004174,0.44312499999999977
2026-08-16 07:36:38.806,29.716,lower,0.015625000000000222,0.4631249999999998
2026-08-16 07:36:38.816,29.726,lower,-0.06874999999999964,0.3212499999999996
2026-08-16 07:36:38.826,29.736,lower,0.03375000000000017,0.48875
2026-08-16 07:36:38.836,29.746,lower,-0.07874999999999965,0.35250000000000004
2026-08-16 07:36:38.846,29.756,lower,-0.012499999999999734,0.4193749999999996
2026-08-16 07:36:38.856,29.766,lower,0.0031250000000004885,0.45625000000000027
2026-08-16 07:36:38.866,29.776,lower,-0.07937500000000042,0.3225
2026-08-16 07:36:38.876,29.786,lower,0.02687500000000065,0.48250000000000015
2026-08-16 07:36:38.886,29.796,lower,-0.09062499999999973,0.3468749999999998
2026-08-16 07:36:38.896,29.806,lower,-0.0012500000000004174,0.4237500000000005
2026-08-16 07:36:38.906,29.816,lower,0.013125000000000497,0.45187500000000047
2026-08-16 07:36:38.916,29.826,lower,-0.06687499999999957,0.3287499999999999
2026-08-16 07:36:38.926,29.836,lower,0.02874999999999961,0.4849999999999999
2026-08-16 07:36:38.936,29.846,lower,-0.07937500000000042,0.3400000000000003
2026-08-16 07:36:38.946,29.856,lower,-0.005625000000000213,0.43062500000000004
2026-08-16 07:36:38.956,29.866,lower,-0.0012500000000004174,0.4712499999999997
2026-08-16 07:36:38.966,29.876,lower,-0.07187500000000013,0.33312499999999967
2026-08-16 07:36:38.976,29.886,lower,0.031250000000000444,0.4862500000000003
2026-08-16 07:36:38.986,29.896,lower,-0.0924999999999998,0.3643750000000001
2026-08-16 07:36:38.996,29.906,lower,0.0024999999999997247,0.43499999999999983
2026-08-16 07:36:39.006,29.916,lower,0.012499999999999734,0.4656250000000006
2026-08-16 07:36:39.016,29.926,lower,-0.08874999999999966,0.33499999999999974
2026-08-16 07:36:39.026,29.936,lower,0.03375000000000017,0.4862500000000003
2026-08-16 07:36:39.036,29.946,lower,-0.08124999999999938,0.3587499999999999
2026-08-16 07:36:39.046,29.956,lower,-0.005625000000000213,0.44187500000000046
2026-08-16 07:36:39.056,29.966,lower,-0.0024999999999997247,0.4612499999999997
2026-08-16 07:36:39.066,29.976,lower,-0.07312499999999944,0.3200000000000003
2026-08-16 07:36:39.076,29.986,lower,0.03249999999999975,0.49000000000000044
2026-08-16 07:36:39.086,29.996,lower,-0.07187500000000013,0.3518750000000004
2026-08-16 07:36:39.096,30.006,lower,0.001875000000000071,0.4149999999999998
2026-08-16 07:36:39.106,30.016,lower,0.0050000000000005596,0.45375000000000054
2026-08-16 07:36:39.116,30.026,lower,-0.08187500000000014,0.32062499999999994
2026-08-16 07:36:39.126,30.036,lower,0.028124999999999956,0.4818750000000005
2026-08-16 07:36:39.136,30.046,lower,-0.08624999999999994,0.33937500000000065
2026-08-16 07:36:39.146,30.056,lower,-0.004374999999999796,0.4212499999999997
2026-08-16 07:36:39.156,30.066,lower,-0.01187500000000008,0.4456250000000006
2026-08-16 07:36:39.166,30.076,lower,-0.06812499999999999,0.3268749999999998
2026-08-16 07:36:39.176,30.086,lower,0.033125000000000515,0.48687499999999995
2026-08-16 07:36:39.186,30.096,lower,-0.0824999999999998,0.3325
2026-08-16 07:36:39.196,30.106,lower,0.007500000000000284,0.42750000000000066
2026-08-16 07:36:39.206,30.116,lower,0.004374999999999796,0.4700000000000004
2026-08-16 07:36:39.216,30.126,lower,-0.08124999999999938,0.3300000000000003
2026-08-16 07:36:39.226,30.136,lower,0.0318750000000001,0.48687499999999995
2026-08-16 07:36:39.236,30.146,lower,-0.09124999999999939,0.3587499999999999
2026-08-16 07:36:39.246,30.156,lower,-0.0024999999999997247,0.43750000000000067
2026-08-16 07:36:39.256,30.166,lower,0.015000000000000568,0.46375000000000055
2026-08-16 07:36:39.266,30.176,lower,-0.06562500000000027,0.31750000000000056
2026-08-16 07:36:39.276,30.186,lower,0.030000000000000027,0.49250000000000016
2026-08-16 07:36:39.286,30.196,lower,-0.07874999999999965,0.35062499999999996
2026-08-16 07:36:39.296,30.206,lower,0.006249999999999867,0.44499999999999984
2026-08-16 07:36:39.306,30.216,lower,0.0,0.4575000000000007
2026-08-16 07:36:39.316,30.226,lower,-0.07687499999999958,0.3200000000000003
2026-08-16 07:36:39.326,30.236,lower,0.024374999999999813,0.4906250000000001
2026-08-16 07:36:39.336,30.246,lower,-0.08937500000000043,0.3431249999999997
2026-08-16 07:36:39.346,30.256,lower,0.001875000000000071,0.4193749999999996
2026-08-16 07:36:39.356,30.266,lower,0.008749999999999591,0.44812500000000033
2026-08-16 07:36:39.366,30.276,lower,-0.06312499999999943,0.31937500000000063
2026-08-16 07:36:39.376,30.286,lower,0.027500000000000302,0.48812500000000036
2026-08-16 07:36:39.386,30.296,lower,-0.08499999999999952,0.3356250000000005
2026-08-16 07:36:39.396,30.306,lower,0.008124999999999938,0.42625000000000024
2026-08-16 07:36:39.406,30.316,lower,-0.003750000000000142,0.4456250000000006
2026-08-16 07:36:39.416,30.326,lower,-0.08062499999999972,0.32625000000000015
2026-08-16 07:36:39.426,30.336,lower,0.025000000000000577,0.4874999999999996
2026-08-16 07:36:39.436,30.346,lower,-0.09375000000000022,0.33375000000000044
2026-08-16 07:36:39.446,30.356,lower,-0.0006249999999996536,0.43312499999999976
2026-08-16 07:36:39.456,30.366,lower,0.006249999999999867,0.4631249999999998
2026-08-16 07:36:39.466,30.376,lower,-0.0637500000000002,0.3356250000000005
2026-08-16 07:36:39.476,30.386,lower,0.030000000000000027,0.48875
2026-08-16 07:36:39.486,30.396,lower,-0.08812500000000001,0.32625000000000015
2026-08-16 07:36:39.496,30.406,lower,-0.009375000000000355,0.4393749999999996
2026-08-16 07:36:39.506,30.416,lower,-0.009375000000000355,0.45812500000000034
2026-08-16 07:36:39.516,30.426,lower,-0.07624999999999993,0.3431249999999997
2026-08-16 07:36:39.526,30.436,lower,0.02874999999999961,0.48812500000000036
2026-08-16 07:36:39.536,30.446,lower,-0.0956250000000003,0.3475000000000006
2026-08-16 07:36:39.546,30.456,lower,0.0031250000000004885,0.4425000000000001
2026-08-16 07:36:39.556,30.466,lower,0.001875000000000071,0.45812500000000034
2026-08-16 07:36:39.566,30.476,lower,-0.058749999999999636,0.31937500000000063
2026-08-16 07:36:39.576,30.486,lower,0.028124999999999956,0.49124999999999974
2026-08-16 07:36:39.586,30.496,lower,-0.09375000000000022,0.34375000000000044
2026-08-16 07:36:39.596,30.506,lower,-0.004999999999999449,0.4500000000000004
2026-08-16 07:36:39.606,30.516,lower,-0.014999999999999458,0.44812500000000033
2026-08-16 07:36:39.616,30.526,lower,-0.07312499999999944,0.32312499999999966
2026-08-16 07:36:39.626,30.536,lower,0.02375000000000016,0.4906250000000001
2026-08-16 07:36:39.636,30.546,lower,-0.10062499999999974,0.3368749999999998
2026-08-16 07:36:39.646,30.556,lower,0.0,0.4225000000000001
2026-08-16 07:36:39.656,30.566,lower,-0.003750000000000142,0.44312499999999977
2026-08-16 07:36:39.666,30.576,lower,-0.08687499999999959,0.32625000000000015
2026-08-16 07:36:39.676,30.586,lower,0.02375000000000016,0.4818750000000005
2026-08-16 07:36:39.686,30.596,lower,-0.0924999999999998,0.3312499999999996
2026-08-16 07:36:39.696,30.606,lower,-0.004999999999999449,0.4337500000000005
2026-08-16 07:36:39.706,30.616,lower,-0.01687499999999953,0.4368749999999999
2026-08-16 07:36:39.716,30.626,lower,-0.06937500000000041,0.33625000000000016
2026-08-16 07:36:39.726,30.636,lower,0.025000000000000577,0.4843750000000002
2026-08-16 07:36:39.736,30.646,lower,-0.08812500000000001,0.32625000000000015
2026-08-16 07:36:39.746,30.656,lower,0.005625000000000213,0.4381250000000003
2026-08-16 07:36:39.756,30.666,lower,-0.007500000000000284,0.4631249999999998
2026-08-16 07:36:39.766,30.676,lower,-0.08062499999999972,0.3412499999999996
2026-08-16 07:36:39.776,30.686,lower,0.026249999999999885,0.4906250000000001
2026-08-16 07:36:39.786,30.696,lower,-0.09750000000000036,0.3487499999999999
2026-08-16 07:36:39.796,30.706,lower,-0.0024999999999997247,0.4443750000000002
2026-08-16 07:36:39.806,30.716,lower,-0.0187499999999996,0.4575000000000007
2026-08-16 07:36:39.816,30.726,lower,-0.06874999999999964,0.34812500000000024
2026-08-16 07:36:39.826,30.736,lower,0.02187500000000009,0.4931249999999998
2026-08-16 07:36:39.836,30.746,lower,-0.08937500000000043,0.3400000000000003
2026-08-16 07:36:39.846,30.756,lower,0.005625000000000213,0.4500000000000004
2026-08-16 07:36:39.856,30.766,lower,-0.01187500000000008,0.4443750000000002
2026-08-16 07:36:39.866,30.776,lower,-0.08000000000000007,0.3256250000000005
2026-08-16 07:36:39.876,30.786,lower,0.025000000000000577,0.49000000000000044
2026-08-16 07:36:39.886,30.796,lower,-0.10187500000000016,0.3343750000000001
2026-08-16 07:36:39.896,30.806,lower,-0.001875000000000071,0.4249999999999998
2026-08-16 07:36:39.906,30.816,lower,0.0006249999999996536,0.4400000000000004
2026-08-16 07:36:39.916,30.826,lower,-0.06124999999999936,0.3281250000000002
2026-08-16 07:36:39.926,30.836,lower,0.02375000000000016,0.4849999999999999
2026-08-16 07:36:39.936,30.846,lower,-0.09499999999999953,0.3300000000000003
2026-08-16 07:36:39.946,30.856,lower,0.009375000000000355,0.4381250000000003
2026-08-16 07:36:39.956,30.866,lower,-0.013124999999999387,0.4356250000000006
2026-08-16 07:36:39.966,30.876,lower,-0.07937500000000042,0.3387499999999999
2026-08-16 07:36:39.976,30.886,lower,0.0187499999999996,0.48875
2026-08-16 07:36:39.986,30.896,lower,-0.09937499999999932,0.3212499999999996
2026-08-16 07:36:39.996,30.906,lower,-0.003750000000000142,0.44375000000000053
2026-08-16 07:36:40.006,30.916,lower,-0.004999999999999449,0.45625000000000027
2026-08-16 07:36:40.016,30.926,lower,-0.0593750000000004,0.34375000000000044
2026-08-16 07:36:40.026,30.936,lower,0.024374999999999813,0.48937499999999967
2026-08-16 07:36:40.036,30.946,lower,-0.0968749999999996,0.3475000000000006
2026-08-16 07:36:40.046,30.956,lower,0.006875000000000631,0.44625000000000026
2026-08-16 07:36:40.056,30.966,lower,-0.02062499999999967,0.4500000000000004
2026-08-16 07:36:40.066,30.976,lower,-0.07249999999999979,0.3518750000000004
2026-08-16 07:36:40.076,30.986,lower,0.02062499999999967,0.4906250000000001
2026-08-16 07:36:40.086,30.996,lower,-0.10437499999999988,0.33937500000000065
2026-08-16 07:36:40.096,31.006,lower,0.0006249999999996536,0.4543750000000002
2026-08-16 07:36:40.106,31.016,lower,-0.00687499999999952,0.4443750000000002
2026-08-16 07:36:40.116,31.026,lower,-0.058749999999999636,0.32312499999999966
2026-08-16 07:36:40.126,31.036,lower,0.02375000000000016,0.48875
2026-08-16 07:36:40.136,31.046,lower,-0.09874999999999967,0.3343750000000001
2026-08-16 07:36:40.146,31.056,lower,-0.012499999999999734,0.43062500000000004
2026-08-16 07:36:40.156,31.066,lower,-0.024374999999999813,0.4400000000000004
2026-08-16 07:36:40.166,31.076,lower,-0.07499999999999951,0.33062499999999995
2026-08-16 07:36:40.176,31.086,lower,0.022499999999999742,0.48875
2026-08-16 07:36:40.186,31.096,lower,-0.10375000000000023,0.3256250000000005
2026-08-16 07:36:40.196,31.106,lower,-0.001875000000000071,0.4356250000000006
2026-08-16 07:36:40.206,31.116,lower,-0.014999999999999458,0.43499999999999983
2026-08-16 07:36:40.216,31.126,lower,-0.054999999999999494,0.3356250000000005
2026-08-16 07:36:40.226,31.136,lower,0.018124999999999947,0.4862500000000003
2026-08-16 07:36:40.236,31.146,lower,-0.1012499999999994,0.31937500000000063
2026-08-16 07:36:40.246,31.156,lower,-0.00687499999999952,0.4400000000000004
2026-08-16 07:36:40.256,31.166,lower,-0.031249999999999334,0.4556250000000006
2026-08-16 07:36:40.266,31.176,lower,-0.0649999999999995,0.3431249999999997
2026-08-16 07:36:40.276,31.186,lower,0.02375000000000016,0.48875
2026-08-16 07:36:40.286,31.196,lower,-0.10750000000000037,0.3181250000000002
2026-08-16 07:36:40.296,31.206,lower,0.0006249999999996536,0.4468749999999999
2026-08-16 07:36:40.306,31.216,lower,-0.01187500000000008,0.44937499999999964
2026-08-16 07:36:40.316,31.226,lower,-0.0824999999999998,0.35375000000000045
2026-08-16 07:36:40.326,31.236,lower,0.024374999999999813,0.49000000000000044
2026-08-16 07:36:40.336,31.246,lower,-0.10249999999999981,0.33812500000000023
2026-08-16 07:36:40.346,31.256,lower,-0.006249999999999867,0.45499999999999985
2026-08-16 07:36:40.356,31.266,lower,-0.031249999999999334,0.4412499999999997
2026-08-16 07:36:40.366,31.276,lower,-0.06562500000000027,0.32187500000000036
2026-08-16 07:36:40.376,31.286,lower,0.018124999999999947,0.48875
2026-08-16 07:36:40.386,31.296,lower,-0.09937499999999932,0.32750000000000057
2026-08-16 07:36:40.396,31.306,lower,0.0012500000000004174,0.45875
2026-08-16 07:36:40.406,31.316,lower,-0.022499999999999742,0.4356250000000006
2026-08-16 07:36:40.416,31.326,lower,-0.07750000000000035,0.3281250000000002
2026-08-16 07:36:40.426,31.336,lower,0.015625000000000222,0.4849999999999999
2026-08-16 07:36:40.436,31.346,lower,-0.10812500000000003,0.32312499999999966
2026-08-16 07:36:40.446,31.356,lower,-0.0006249999999996536,0.4381250000000003
2026-08-16 07:36:40.456,31.366,lower,-0.03874999999999962,0.42750000000000066
2026-08-16 07:36:40.466,31.376,lower,-0.06249999999999978,0.3387499999999999
2026-08-16 07:36:40.476,31.386,lower,0.023125000000000506,0.4862500000000003
2026-08-16 07:36:40.486,31.396,lower,-0.1012499999999994,0.3181250000000002
2026-08-16 07:36:40.496,31.406,lower,0.0050000000000005596,0.4425000000000001
2026-08-16 07:36:40.506,31.416,lower,-0.022499999999999742,0.4212499999999997
2026-08-16 07:36:40.516,31.426,lower,-0.078125,0.34937500000000066
2026-08-16 07:36:40.526,31.436,lower,0.022499999999999742,0.48562500000000064
2026-08-16 07:36:40.536,31.446,lower,-0.10624999999999996,0.3181250000000002
2026-08-16 07:36:40.546,31.456,lower,-0.0024999999999997247,0.44937499999999964
2026-08-16 07:36:40.556,31.466,lower,-0.010624999999999662,0.44812500000000033
2026-08-16 07:36:40.566,31.476,lower,-0.06124999999999936,0.3556250000000005
2026-08-16 07:36:40.576,31.486,lower,0.018124999999999947,0.4874999999999996
2026-08-16 07:36:40.586,31.496,lower,-0.10437499999999988,0.33312499999999967
2026-08-16 07:36:40.596,31.506,lower,0.0024999999999997247,0.4543750000000002
2026-08-16 07:36:40.606,31.516,lower,-0.03062499999999968,0.43750000000000067
2026-08-16 07:36:40.616,31.526,lower,-0.07249999999999979,0.36499999999999977
2026-08-16 07:36:40.626,31.536,lower,0.02187500000000009,0.4843750000000002
2026-08-16 07:36:40.636,31.546,lower,-0.10874999999999968,0.3287499999999999
2026-08-16 07:36:40.646,31.556,lower,0.0,0.45625000000000027
2026-08-16 07:36:40.656,31.566,lower,-0.014374999999999805,0.4293749999999996
2026-08-16 07:36:40.666,31.576,lower,-0.05124999999999935,0.33312499999999967
2026-08-16 07:36:40.676,31.586,lower,0.022499999999999742,0.4862500000000003
2026-08-16 07:36:40.686,31.596,lower,-0.10437499999999988,0.3243750000000001
2026-08-16 07:36:40.696,31.606,lower,0.01187500000000008,0.43625000000000025
2026-08-16 07:36:40.706,31.616,lower,-0.027500000000000302,0.4256250000000006
2026-08-16 07:36:40.716,31.626,lower,-0.06687499999999957,0.3343750000000001
2026-08-16 07:36:40.726,31.636,lower,0.02062499999999967,0.48250000000000015
2026-08-16 07:36:40.736,31.646,lower,-0.1056250000000003,0.31937500000000063
2026-08-16 07:36:40.746,31.656,lower,0.0050000000000005596,0.44187500000000046
2026-08-16 07:36:40.756,31.666,lower,-0.016249999999999876,0.41874999999999996
2026-08-16 07:36:40.766,31.676,lower,-0.046874999999999556,0.3456250000000005
2026-08-16 07:36:40.776,31.686,lower,0.02375000000000016,0.48687499999999995
2026-08-16 07:36:40.786,31.696,lower,-0.10249999999999981,0.31437500000000007
2026-08-16 07:36:40.796,31.706,lower,-0.001875000000000071,0.4468749999999999
2026-08-16 07:36:40.806,31.716,lower,-0.03624999999999989,0.44187500000000046
2026-08-16 07:36:40.816,31.726,lower,-0.06124999999999936,0.3556250000000005
2026-08-16 07:36:40.826,31.736,lower,0.023125000000000506,0.48687499999999995
2026-08-16 07:36:40.836,31.746,lower,-0.10375000000000023,0.31187500000000035
2026-08-16 07:36:40.846,31.756,lower,0.006249999999999867,0.45187500000000047
2026-08-16 07:36:40.856,31.766,lower,-0.018124999999999947,0.4368749999999999
2026-08-16 07:36:40.866,31.776,lower,-0.046874999999999556,0.36250000000000004
2026-08-16 07:36:40.876,31.786,lower,0.025000000000000577,0.4843750000000002
2026-08-16 07:36:40.886,31.796,lower,-0.10249999999999981,0.3237500000000004
2026-08-16 07:36:40.896,31.806,lower,-0.0031249999999993783,0.4612499999999997
2026-08-16 07:36:40.906,31.816,lower,-0.03687499999999955,0.42750000000000066
2026-08-16 07:36:40.916,31.826,lower,-0.06000000000000005,0.32937500000000064
2026-08-16 07:36:40.926,31.836,lower,0.02187500000000009,0.48562500000000064
2026-08-16 07:36:40.936,31.846,lower,-0.1056250000000003,0.3156250000000005
2026-08-16 07:36:40.946,31.856,lower,0.008749999999999591,0.43499999999999983
2026-08-16 07:36:40.956,31.866,lower,-0.020000000000000018,0.4200000000000004
2026-08-16 07:36:40.966,31.876,lower,-0.06874999999999964,0.3343750000000001
2026-08-16 07:36:40.976,31.886,lower,0.02187500000000009,0.48250000000000015
2026-08-16 07:36:40.986,31.896,lower,-0.1056250000000003,0.3125
2026-08-16 07:36:40.996,31.906,lower,0.005625000000000213,0.4400000000000004
2026-08-16 07:36:41.006,31.916,lower,-0.040000000000000036,0.41124999999999967
2026-08-16 07:36:41.016,31.926,lower,-0.051875000000000115,0.34625000000000017
2026-08-16 07:36:41.026,31.936,lower,0.02687500000000065,0.4843750000000002
2026-08-16 07:36:41.036,31.946,lower,-0.1012499999999994,0.30874999999999986
2026-08-16 07:36:41.046,31.956,lower,0.011250000000000426,0.4468749999999999
2026-08-16 07:36:41.056,31.966,lower,-0.02375000000000016,0.4381250000000003
2026-08-16 07:36:41.066,31.976,lower,-0.06687499999999957,0.35499999999999976
2026-08-16 07:36:41.076,31.986,lower,0.02187500000000009,0.4831249999999998
2026-08-16 07:36:41.086,31.996,lower,-0.10375000000000023,0.3100000000000003
2026-08-16 07:36:41.096,32.006,lower,0.005625000000000213,0.4531249999999998
2026-08-16 07:36:41.106,32.016,lower,-0.04562500000000025,0.4312499999999997
2026-08-16 07:36:41.116,32.026,lower,-0.04874999999999963,0.36375000000000046
2026-08-16 07:36:41.126,32.036,lower,0.02187500000000009,0.4831249999999998
2026-08-16 07:36:41.136,32.046,lower,-0.10375000000000023,0.31937500000000063
2026-08-16 07:36:41.146,32.056,lower,0.013125000000000497,0.45499999999999985
2026-08-16 07:36:41.156,32.066,lower,-0.0318750000000001,0.4225000000000001
2026-08-16 07:36:41.166,32.076,lower,-0.06124999999999936,0.3300000000000003
2026-08-16 07:36:41.176,32.086,lower,0.021250000000000435,0.47937499999999966
2026-08-16 07:36:41.186,32.096,lower,-0.10375000000000023,0.31312499999999965
2026-08-16 07:36:41.196,32.106,lower,0.008124999999999938,0.4568749999999999
2026-08-16 07:36:41.206,32.116,lower,-0.018124999999999947,0.41437500000000016
2026-08-16 07:36:41.216,32.126,lower,-0.04375000000000018,0.33625000000000016
2026-08-16 07:36:41.226,32.136,lower,0.025000000000000577,0.47687499999999994
2026-08-16 07:36:41.236,32.146,lower,-0.10499999999999954,0.3100000000000003
2026-08-16 07:36:41.246,32.156,lower,0.013125000000000497,0.44187500000000046
2026-08-16 07:36:41.256,32.166,lower,-0.03062499999999968,0.40874999999999995
2026-08-16 07:36:41.266,32.176,lower,-0.056874999999999565,0.3475000000000006
2026-08-16 07:36:41.276,32.186,lower,0.02375000000000016,0.47937499999999966
2026-08-16 07:36:41.286,32.196,lower,-0.1056250000000003,0.30625000000000013
2026-08-16 07:36:41.296,32.206,lower,0.009375000000000355,0.4456250000000006
2026-08-16 07:36:41.306,32.216,lower,-0.0187499999999996,0.40000000000000036
2026-08-16 07:36:41.316,32.226,lower,-0.03624999999999989,0.35812500000000025
2026-08-16 07:36:41.326,32.236,lower,0.02375000000000016,0.48124999999999973
2026-08-16 07:36:41.336,32.246,lower,-0.10437499999999988,0.30437500000000006
2026-08-16 07:36:41.346,32.256,lower,0.016249999999999876,0.45062500000000005
2026-08-16 07:36:41.356,32.266,lower,-0.03874999999999962,0.42625000000000024
2026-08-16 07:36:41.366,32.276,lower,-0.05562500000000026,0.36499999999999977
2026-08-16 07:36:41.376,32.286,lower,0.023125000000000506,0.47875
2026-08-16 07:36:41.386,32.296,lower,-0.10874999999999968,0.3149999999999997
2026-08-16 07:36:41.396,32.306,lower,0.009375000000000355,0.45499999999999985
2026-08-16 07:36:41.406,32.316,lower,-0.022499999999999742,0.4168749999999999
2026-08-16 07:36:41.416,32.326,lower,-0.034999999999999476,0.370625
2026-08-16 07:36:41.426,32.336,lower,0.025000000000000577,0.47875
2026-08-16 07:36:41.436,32.346,lower,-0.10312499999999947,0.31312499999999965
2026-08-16 07:36:41.446,32.356,lower,0.0024999999999997247,0.4618750000000005
2026-08-16 07:36:41.456,32.366,lower,-0.04062499999999969,0.4168749999999999
2026-08-16 07:36:41.466,32.376,lower,-0.04874999999999963,0.33937500000000065
2026-08-16 07:36:41.476,32.386,lower,0.023125000000000506,0.4831249999999998
2026-08-16 07:36:41.486,32.396,lower,-0.10312499999999947,0.3125
2026-08-16 07:36:41.496,32.406,lower,0.009375000000000355,0.4412499999999997
2026-08-16 07:36:41.506,32.416,lower,-0.027500000000000302,0.4062500000000002
2026-08-16 07:36:41.516,32.426,lower,-0.03437499999999982,0.34812500000000024
2026-08-16 07:36:41.526,32.436,lower,0.020000000000000018,0.47875
2026-08-16 07:36:41.536,32.446,lower,-0.10187500000000016,0.3012500000000007
2026-08-16 07:36:41.546,32.456,lower,0.005625000000000213,0.4456250000000006
2026-08-16 07:36:41.556,32.466,lower,-0.050000000000000044,0.3931249999999997
2026-08-16 07:36:41.566,32.476,lower,-0.04375000000000018,0.35499999999999976
2026-08-16 07:36:41.576,32.486,lower,0.027500000000000302,0.4806250000000001
2026-08-16 07:36:41.586,32.496,lower,-0.10499999999999954,0.30312499999999964
2026-08-16 07:36:41.596,32.506,lower,0.013125000000000497,0.45375000000000054
2026-08-16 07:36:41.606,32.516,lower,-0.031249999999999334,0.4256250000000006
2026-08-16 07:36:41.616,32.526,lower,-0.06437499999999985,0.36499999999999977
2026-08-16 07:36:41.626,32.536,lower,0.02187500000000009,0.48124999999999973
2026-08-16 07:36:41.636,32.546,lower,-0.10750000000000037,0.3168749999999998
2026-08-16 07:36:41.646,32.556,lower,0.0006249999999996536,0.4575000000000007
2026-08-16 07:36:41.656,32.566,lower,-0.05249999999999977,0.4193749999999996
2026-08-16 07:36:41.666,32.576,lower,-0.04750000000000032,0.3749999999999998
2026-08-16 07:36:41.676,32.586,lower,0.021250000000000435,0.4831249999999998
2026-08-16 07:36:41.686,32.596,lower,-0.1056250000000003,0.3100000000000003
2026-08-16 07:36:41.696,32.606,lower,0.008749999999999591,0.4656250000000006
2026-08-16 07:36:41.706,32.616,lower,-0.03937500000000038,0.41000000000000036
2026-08-16 07:36:41.716,32.626,lower,-0.058749999999999636,0.3412499999999996
2026-08-16 07:36:41.726,32.636,lower,0.015000000000000568,0.4800000000000004
2026-08-16 07:36:41.736,32.646,lower,-0.10687499999999961,0.30625000000000013
2026-08-16 07:36:41.746,32.656,lower,0.010624999999999662,0.4700000000000004
2026-08-16 07:36:41.756,32.666,lower,-0.061875000000000124,0.4025000000000001
2026-08-16 07:36:41.766,32.676,lower,-0.03750000000000031,0.3518750000000004
2026-08-16 07:36:41.776,32.686,lower,0.02375000000000016,0.47250000000000014
2026-08-16 07:36:41.786,32.696,lower,-0.1112499999999994,0.30312499999999964
2026-08-16 07:36:41.796,32.706,lower,0.017500000000000293,0.44875
2026-08-16 07:36:41.806,32.716,lower,-0.04124999999999934,0.39750000000000063
